index,n_genes_by_counts,total_counts,total_counts_mt,pct_counts_mt,n_genes,leiden,cell_type
AAACATACAACCAC-1,781,2421.0,73.0,3.0152829,781,0,T cells
AAACATTGAGCTAC-1,1352,4903.0,186.0,3.7935958,1352,3,B cells
AAACATTGATCAGC-1,1131,3149.0,28.0,0.8891712,1131,0,T cells
AAACCGTGCTTCCG-1,960,2639.0,46.0,1.7430845,960,1,CD14-like monocytes
AAACCGTGTATGCG-1,522,981.0,12.0,1.2232417,522,2,NK / cytotoxic lymphocytes
AAACGCACTGGTAC-1,782,2164.0,36.0,1.6635859,782,0,T cells
AAACGCTGACCAGT-1,783,2176.0,83.0,3.8143382,783,2,NK / cytotoxic lymphocytes
AAACGCTGGTTCTT-1,790,2260.0,70.0,3.097345,790,2,NK / cytotoxic lymphocytes
AAACGCTGTAGCCA-1,533,1276.0,15.0,1.1755486,533,2,NK / cytotoxic lymphocytes
AAACGCTGTTTCTG-1,550,1103.0,32.0,2.9011786,550,1,CD14-like monocytes
AAACTTGAAAAACG-1,1116,3918.0,103.0,2.6288922,1116,3,B cells
AAACTTGATCCAGA-1,751,2392.0,26.0,1.0869565,751,0,T cells
AAAGAGACGAGATA-1,866,2412.0,26.0,1.0779436,866,0,T cells
AAAGAGACGCGAGA-1,1059,3034.0,43.0,1.4172709,1059,1,CD14-like monocytes
AAAGAGACGGACTT-1,458,1152.0,27.0,2.34375,458,2,NK / cytotoxic lymphocytes
AAAGAGACGGCATT-1,335,792.0,19.0,2.39899,335,0,T cells
AAAGCAGATATCGG-1,1424,4586.0,64.0,1.3955517,1424,1,CD14-like monocytes
AAAGCCTGTATGCG-1,1014,2929.0,50.0,1.7070674,1014,0,T cells
AAAGGCCTGTCTAG-1,1446,4974.0,76.0,1.5279453,1446,3,B cells
AAAGTTTGATCACG-1,446,1270.0,44.0,3.464567,446,3,B cells
AAAGTTTGGGGTGA-1,1020,3286.0,85.0,2.5867314,1020,3,B cells
AAAGTTTGTAGAGA-1,417,1102.0,17.0,1.5426497,417,0,T cells
AAAGTTTGTAGCGT-1,878,2684.0,67.0,2.4962742,878,1,CD14-like monocytes
AAATCAACAATGCC-1,789,2321.0,27.0,1.1632917,789,3,B cells
AAATCAACACCAGT-1,510,1414.0,28.0,1.980198,510,0,T cells
AAATCAACCAGGAG-1,824,2801.0,63.0,2.2491968,824,0,T cells
AAATCAACCCTATT-1,1545,5680.0,138.0,2.4295776,1545,1,CD14-like monocytes
AAATCAACGGAAGC-1,996,3473.0,61.0,1.7564065,996,0,T cells
AAATCAACTCGCAA-1,937,2812.0,52.0,1.8492177,937,0,T cells
AAATCATGACCACA-1,1368,4128.0,189.0,4.5784883,1368,1,CD14-like monocytes
AAATCCCTCCACAA-1,428,956.0,19.0,1.9874477,428,0,T cells
AAATCCCTGCTATG-1,406,822.0,14.0,1.703163,406,3,B cells
AAATGTTGAACGAA-1,1020,3211.0,62.0,1.9308627,1020,1,CD14-like monocytes
AAATGTTGCCACAA-1,786,1761.0,11.0,0.62464505,786,0,T cells
AAATGTTGTGGCAT-1,1019,2763.0,53.0,1.9182049,1019,1,CD14-like monocytes
AAATTCGAAGGTTC-1,750,2741.0,61.0,2.225465,750,0,T cells
AAATTCGAATCACG-1,822,2567.0,51.0,1.986755,822,1,CD14-like monocytes
AAATTCGAGCTGAT-1,982,2971.0,65.0,2.1878154,982,1,CD14-like monocytes
AAATTCGAGGAGTG-1,876,2981.0,74.0,2.4823885,876,0,T cells
AAATTCGATTCTCA-1,930,2643.0,38.0,1.4377601,930,2,NK / cytotoxic lymphocytes
AAATTGACACGACT-1,838,2359.0,50.0,2.1195421,838,2,NK / cytotoxic lymphocytes
AAATTGACTCGCTC-1,1014,3412.0,51.0,1.4947245,1014,0,T cells
AACAAACTCATTTC-1,732,2179.0,31.0,1.422671,732,0,T cells
AACAAACTTTCGTT-1,877,2688.0,46.0,1.7113096,877,0,T cells
AACAATACGACGAG-1,782,2104.0,63.0,2.9942966,782,0,T cells
AACACGTGCAGAGG-1,787,1801.0,16.0,0.8883953,787,0,T cells
AACACGTGGAAAGT-1,791,2632.0,27.0,1.0258359,791,0,T cells
AACACGTGGAACCT-1,880,2280.0,51.0,2.2368422,880,1,CD14-like monocytes
AACACGTGGCTACA-1,801,2653.0,64.0,2.4123633,801,0,T cells
AACACGTGTACGAC-1,1215,3571.0,98.0,2.7443295,1215,1,CD14-like monocytes
AACAGCACAAGAGT-1,343,689.0,17.0,2.467344,343,1,CD14-like monocytes
AACATTGATGGGAG-1,1460,4713.0,149.0,3.1614683,1460,1,CD14-like monocytes
AACCAGTGATACCG-1,1250,3841.0,107.0,2.785733,1250,1,CD14-like monocytes
AACCCAGATCGCTC-1,756,2343.0,26.0,1.1096884,756,0,T cells
AACCGATGCTCCCA-1,836,2295.0,84.0,3.660131,836,0,T cells
AACCGATGGTCATG-1,824,2633.0,55.0,2.088872,824,3,B cells
AACCGATGTTCTAC-1,827,2296.0,59.0,2.5696864,827,1,CD14-like monocytes
AACCGCCTAGCGTT-1,1238,3391.0,56.0,1.6514304,1238,0,T cells
AACCGCCTCTACGA-1,1243,3998.0,139.0,3.4767382,1243,1,CD14-like monocytes
AACCTACTGTGAGG-1,1652,5687.0,90.0,1.5825567,1652,1,CD14-like monocytes
AACCTACTGTGTTG-1,843,2675.0,71.0,2.6542056,843,0,T cells
AACCTTACGAGACG-1,825,2771.0,70.0,2.5261638,825,0,T cells
AACCTTACGCGAGA-1,656,1248.0,59.0,4.727564,656,2,NK / cytotoxic lymphocytes
AACCTTACTAACGC-1,776,1947.0,33.0,1.6949153,776,1,CD14-like monocytes
AACCTTTGGACGGA-1,766,2078.0,27.0,1.2993263,766,0,T cells
AACCTTTGTACGCA-1,1465,4621.0,91.0,1.9692708,1465,1,CD14-like monocytes
AACGCAACAAGTAG-1,790,2049.0,31.0,1.5129331,790,0,T cells
AACGCATGACCCAA-1,871,2778.0,61.0,2.1958244,871,0,T cells
AACGCATGCCTTCG-1,803,2866.0,77.0,2.6866713,803,0,T cells
AACGCATGTACTTC-1,965,2915.0,41.0,1.406518,965,0,T cells
AACGCCCTCGGGAA-1,800,2503.0,55.0,2.1973631,800,0,T cells
AACGCCCTCGTACA-1,876,1915.0,27.0,1.4099216,876,2,NK / cytotoxic lymphocytes
AACGCCCTGGCATT-1,690,1442.0,40.0,2.773925,690,0,T cells
AACGTCGAGTATCG-1,988,2149.0,43.0,2.0009308,988,2,NK / cytotoxic lymphocytes
AACGTGTGAAAGCA-1,906,2820.0,69.0,2.4468086,906,0,T cells
AACGTGTGGCGGAA-1,741,2071.0,43.0,2.0762916,741,3,B cells
AACGTGTGTCCAAG-1,620,1665.0,41.0,2.4624624,620,0,T cells
AACGTGTGTGCTTT-1,867,1933.0,24.0,1.2415934,867,0,T cells
AACTACCTTAGAGA-1,916,2876.0,43.0,1.4951321,916,0,T cells
AACTCACTCAAGCT-1,969,2607.0,82.0,3.1453776,969,1,CD14-like monocytes
AACTCACTTGGAGG-1,803,2124.0,32.0,1.5065913,803,1,CD14-like monocytes
AACTCGGAAAGTGA-1,732,1840.0,67.0,3.6413045,732,2,NK / cytotoxic lymphocytes
AACTCGGAAGGTCT-1,555,1290.0,31.0,2.4031007,555,1,CD14-like monocytes
AACTCTTGCAGGAG-1,790,2103.0,21.0,0.9985735,790,0,T cells
AACTGTCTCCCTTG-1,862,2331.0,51.0,2.1879022,862,1,CD14-like monocytes
AACTTGCTACGCTA-1,900,2336.0,62.0,2.6541095,900,3,B cells
AACTTGCTGGGACA-1,674,1864.0,41.0,2.199571,674,0,T cells
AAGAACGAGTGTTG-1,397,780.0,11.0,1.4102564,397,0,T cells
AAGAAGACGTAGGG-1,663,1440.0,30.0,2.0833335,663,3,B cells
AAGACAGAAGTCTG-1,563,1125.0,21.0,1.8666666,563,3,B cells
AAGACAGAGGATCT-1,786,2315.0,29.0,1.2526999,786,0,T cells
AAGACAGATTACCT-1,859,2309.0,57.0,2.468601,859,1,CD14-like monocytes
AAGAGATGGGTAGG-1,568,1346.0,28.0,2.0802376,568,3,B cells
AAGATGGAAAACAG-1,412,878.0,22.0,2.5056946,412,3,B cells
AAGATGGAGAACTC-1,1043,3117.0,53.0,1.7003529,1043,1,CD14-like monocytes
AAGATGGAGATAAG-1,1206,4023.0,158.0,3.9274175,1206,1,CD14-like monocytes
AAGATTACAACCTG-1,702,2119.0,36.0,1.6989145,702,0,T cells
AAGATTACAGATCC-1,1263,4065.0,60.0,1.4760147,1263,1,CD14-like monocytes
AAGATTACCCGTTC-1,929,2763.0,71.0,2.5696707,929,1,CD14-like monocytes
AAGATTACCGCCTT-1,1079,3063.0,54.0,1.7629775,1079,4,Dendritic cells
AAGATTACCTCAAG-1,938,2280.0,56.0,2.4561403,938,2,NK / cytotoxic lymphocytes
AAGATTACTCCTCG-1,316,642.0,17.0,2.647975,316,1,CD14-like monocytes
AAGCAAGAGCGAGA-1,900,2480.0,57.0,2.298387,900,0,T cells
AAGCAAGAGCTTAG-1,919,2171.0,48.0,2.2109628,919,2,NK / cytotoxic lymphocytes
AAGCAAGAGGTGTT-1,862,1698.0,29.0,1.7078916,862,2,NK / cytotoxic lymphocytes
AAGCACTGAGCAAA-1,903,3239.0,88.0,2.716888,903,3,B cells
AAGCACTGCATACG-1,390,803.0,1.0,0.124533,390,2,NK / cytotoxic lymphocytes
AAGCACTGGTTCTT-1,1717,6157.0,145.0,2.355043,1717,3,B cells
AAGCCAACGTGTTG-1,819,2764.0,40.0,1.447178,819,0,T cells
AAGCCATGAACTGC-1,1877,7070.0,99.0,1.4002829,1877,4,Dendritic cells
AAGCCATGACACGT-1,660,1538.0,23.0,1.4954486,660,1,CD14-like monocytes
AAGCCATGCGTGAT-1,791,2111.0,23.0,1.089531,791,0,T cells
AAGCCATGTCTCGC-1,478,909.0,32.0,3.5203521,478,0,T cells
AAGCCTGACATGCA-1,769,1790.0,32.0,1.7877095,769,0,T cells
AAGCCTGACCGAAT-1,481,1048.0,21.0,2.0038166,481,1,CD14-like monocytes
AAGCGACTCCTCAC-1,819,2103.0,36.0,1.7118402,819,1,CD14-like monocytes
AAGCGACTGTGTCA-1,866,3131.0,50.0,1.596934,866,0,T cells
AAGCGACTTACAGC-1,600,1494.0,27.0,1.8072288,600,3,B cells
AAGCGACTTTGACG-1,1185,3668.0,56.0,1.5267175,1185,1,CD14-like monocytes
AAGCGTACGTCTTT-1,650,2048.0,80.0,3.90625,650,0,T cells
AAGGCTTGCGAACT-1,775,2076.0,19.0,0.9152216,775,2,NK / cytotoxic lymphocytes
AAGGTCACGGTTAC-1,699,1870.0,46.0,2.459893,699,1,CD14-like monocytes
AAGGTCACTGTTTC-1,642,1775.0,33.0,1.8591549,642,3,B cells
AAGGTCACTTCCCG-1,857,2387.0,59.0,2.471722,857,2,NK / cytotoxic lymphocytes
AAGGTCTGACAGTC-1,832,2589.0,101.0,3.9011202,832,0,T cells
AAGGTCTGCAGATC-1,388,968.0,8.0,0.82644624,388,0,T cells
AAGTAACTCTGAAC-1,710,1874.0,41.0,2.1878335,710,1,CD14-like monocytes
AAGTAACTGAGATA-1,341,659.0,4.0,0.60698026,341,3,B cells
AAGTAGGATACAGC-1,894,1725.0,32.0,1.8550724,894,2,NK / cytotoxic lymphocytes
AAGTATACCGAACT-1,935,3253.0,60.0,1.8444512,935,0,T cells
AAGTCCGACTTGTT-1,604,1523.0,37.0,2.4294157,604,0,T cells
AAGTCCGATAGAAG-1,1008,3369.0,62.0,1.8403087,1008,0,T cells
AAGTCTCTAGTCGT-1,985,3287.0,78.0,2.3729844,985,0,T cells
AAGTCTCTCGGAGA-1,679,1838.0,56.0,3.04679,679,2,NK / cytotoxic lymphocytes
AAGTGGCTTGGAGG-1,603,1572.0,32.0,2.0356233,603,3,B cells
AAGTTCCTCATTCT-1,864,2336.0,46.0,1.969178,864,1,CD14-like monocytes
AAGTTCCTTCTTAC-1,1031,3265.0,96.0,2.9402757,1031,0,T cells
AATAAGCTCGAATC-1,887,2760.0,65.0,2.3550725,887,0,T cells
AATAAGCTCGTTGA-1,603,1606.0,21.0,1.3075966,603,0,T cells
AATACCCTGGACGA-1,610,1501.0,33.0,2.1985343,610,3,B cells
AATACCCTGGCATT-1,1119,3310.0,52.0,1.570997,1119,0,T cells
AATACTGAAAGGGC-1,669,1747.0,18.0,1.0303377,669,2,NK / cytotoxic lymphocytes
AATACTGAATTGGC-1,794,1816.0,35.0,1.9273129,794,2,NK / cytotoxic lymphocytes
AATAGGGAACCCTC-1,963,2877.0,45.0,1.5641292,963,3,B cells
AATAGGGAGAATGA-1,756,1864.0,67.0,3.5944204,756,0,T cells
AATCAAACTATCGG-1,637,1457.0,33.0,2.2649279,637,2,NK / cytotoxic lymphocytes
AATCCGGAATGCTG-1,1032,2805.0,42.0,1.4973263,1032,3,B cells
AATCCTACCGGTAT-1,776,2440.0,62.0,2.5409837,776,0,T cells
AATCCTTGACGGGA-1,860,2533.0,60.0,2.3687327,860,1,CD14-like monocytes
AATCCTTGGTGAGG-1,825,1754.0,22.0,1.2542759,825,2,NK / cytotoxic lymphocytes
AATCGGTGGAACTC-1,852,1955.0,42.0,2.1483376,852,2,NK / cytotoxic lymphocytes
AATCGGTGTGCTTT-1,745,1896.0,37.0,1.9514767,745,0,T cells
AATCTAGAAAAGTG-1,858,2582.0,51.0,1.975213,858,0,T cells
AATCTAGAATCGGT-1,925,3168.0,70.0,2.209596,925,0,T cells
AATCTCACAGCCTA-1,1228,3553.0,76.0,2.1390374,1228,1,CD14-like monocytes
AATCTCACTCTAGG-1,806,2149.0,18.0,0.8375989,806,0,T cells
AATCTCTGAACAGA-1,715,2183.0,35.0,1.6032983,715,0,T cells
AATCTCTGCTTTAC-1,668,1710.0,31.0,1.8128656,668,2,NK / cytotoxic lymphocytes
AATGATACACCAAC-1,779,1918.0,14.0,0.729927,779,2,NK / cytotoxic lymphocytes
AATGATACGGTCAT-1,1197,3095.0,62.0,2.003231,1197,1,CD14-like monocytes
AATGCGTGACACCA-1,888,2866.0,46.0,1.6050243,888,3,B cells
AATGCGTGGACGGA-1,1273,4439.0,94.0,2.1175942,1273,4,Dendritic cells
AATGCGTGGCTATG-1,873,2225.0,46.0,2.0674157,873,3,B cells
AATGGAGAATCGTG-1,847,2381.0,78.0,3.2759347,847,1,CD14-like monocytes
AATGGAGATCCTTA-1,781,1959.0,50.0,2.5523226,781,2,NK / cytotoxic lymphocytes
AATGGCTGACACCA-1,959,3038.0,72.0,2.3699803,959,3,B cells
AATGGCTGCGTGAT-1,805,2211.0,44.0,1.9900497,805,0,T cells
AATGGCTGTAAAGG-1,554,1286.0,62.0,4.821151,554,0,T cells
AATGGCTGTACTCT-1,604,1208.0,60.0,4.9668875,604,2,NK / cytotoxic lymphocytes
AATGGCTGTGAAGA-1,785,2145.0,57.0,2.6573427,785,0,T cells
AATGTAACGGTGGA-1,978,3047.0,17.0,0.5579258,978,0,T cells
AATGTCCTCTTCTA-1,910,3322.0,55.0,1.655629,910,0,T cells
AATGTTGACAGTCA-1,936,2739.0,54.0,1.9715226,936,0,T cells
AATGTTGAGTTGAC-1,997,2996.0,45.0,1.5020027,997,1,CD14-like monocytes
AATGTTGATCTACT-1,961,2673.0,46.0,1.7209127,961,0,T cells
AATTACGAATTCCT-1,1314,4511.0,85.0,1.884283,1314,4,Dendritic cells
AATTACGACTTCTA-1,799,2569.0,30.0,1.1677696,799,0,T cells
AATTACGAGTGAGG-1,1112,3467.0,32.0,0.9229882,1112,0,T cells
AATTACGATTGGCA-1,677,1731.0,62.0,3.581745,677,3,B cells
AATTCCTGCTCAGA-1,775,1800.0,43.0,2.388889,775,3,B cells
AATTGATGTCGCAA-1,1298,3973.0,123.0,3.0958972,1298,1,CD14-like monocytes
AATTGTGACTTGGA-1,657,1973.0,34.0,1.7232642,657,3,B cells
ACAAAGGAGGGTGA-1,626,2019.0,50.0,2.4764736,626,0,T cells
ACAAATTGATTCTC-1,1313,4094.0,108.0,2.6380067,1313,1,CD14-like monocytes
ACAAATTGCTCAGA-1,467,955.0,27.0,2.827225,467,1,CD14-like monocytes
ACAAATTGTTGCGA-1,936,2326.0,61.0,2.622528,936,2,NK / cytotoxic lymphocytes
ACAACCGAGGGATG-1,977,2384.0,42.0,1.761745,977,2,NK / cytotoxic lymphocytes
ACAACCGAGTTACG-1,780,2106.0,38.0,1.8043684,780,0,T cells
ACAAGAGAAGTCGT-1,1311,4145.0,132.0,3.1845596,1311,1,CD14-like monocytes
ACAAGAGACTTATC-1,432,948.0,42.0,4.43038,432,0,T cells
ACAAGAGAGTTGAC-1,579,1624.0,72.0,4.4334974,579,3,B cells
ACAATCCTAACCGT-1,850,2317.0,34.0,1.4674147,850,0,T cells
ACAATCCTTAGCGT-1,736,1847.0,64.0,3.4650784,736,3,B cells
ACAATTGACTGACA-1,800,2165.0,47.0,2.1709006,800,2,NK / cytotoxic lymphocytes
ACAATTGATGACTG-1,892,1871.0,35.0,1.8706573,892,2,NK / cytotoxic lymphocytes
ACACAGACCATACG-1,860,2024.0,45.0,2.22332,860,2,NK / cytotoxic lymphocytes
ACACCAGAGGGCAA-1,720,1769.0,23.0,1.3001696,720,2,NK / cytotoxic lymphocytes
ACACCCTGGTGTTG-1,822,1808.0,25.0,1.3827434,822,2,NK / cytotoxic lymphocytes
ACACGAACAGTTCG-1,681,1524.0,24.0,1.5748031,681,0,T cells
ACACGATGACGCAT-1,954,2060.0,57.0,2.7669902,954,2,NK / cytotoxic lymphocytes
ACACGATGATGTGC-1,889,2314.0,80.0,3.457217,889,1,CD14-like monocytes
ACACGATGTCGTAG-1,1265,3652.0,70.0,1.916758,1265,2,NK / cytotoxic lymphocytes
ACACGATGTGGTCA-1,919,2311.0,39.0,1.6875811,919,2,NK / cytotoxic lymphocytes
ACAGACACGGCATT-1,799,2139.0,67.0,3.132305,799,0,T cells
ACAGACACGTTGTG-1,833,1984.0,20.0,1.0080645,833,0,T cells
ACAGCAACACCTAG-1,496,1046.0,19.0,1.8164436,496,1,CD14-like monocytes
ACAGCAACCTCAAG-1,1476,4435.0,90.0,2.0293121,1476,1,CD14-like monocytes
ACAGGTACCCCACT-1,848,2729.0,28.0,1.0260168,848,0,T cells
ACAGGTACGCTGTA-1,869,2220.0,70.0,3.1531532,869,2,NK / cytotoxic lymphocytes
ACAGGTACTGGTGT-1,1059,1886.0,24.0,1.2725345,1059,2,NK / cytotoxic lymphocytes
ACAGTCGACCCAAA-1,490,1010.0,23.0,2.2772276,490,0,T cells
ACAGTCGACCGATA-1,897,2070.0,21.0,1.0144928,897,2,NK / cytotoxic lymphocytes
ACAGTGACTCACCC-1,832,2162.0,25.0,1.1563367,832,2,NK / cytotoxic lymphocytes
ACAGTGACTCTATC-1,864,2131.0,88.0,4.1295166,864,2,NK / cytotoxic lymphocytes
ACAGTGTGGTCACA-1,419,964.0,22.0,2.2821577,419,0,T cells
ACAGTGTGTTGCGA-1,856,2274.0,51.0,2.2427442,856,1,CD14-like monocytes
ACATCACTCTACTT-1,907,2503.0,48.0,1.9176987,907,1,CD14-like monocytes
ACATGGTGAAGCCT-1,791,2165.0,26.0,1.2009238,791,0,T cells
ACATGGTGCAACCA-1,756,2147.0,59.0,2.7480206,756,3,B cells
ACATGGTGCGAGTT-1,771,2048.0,24.0,1.171875,771,0,T cells
ACATTCTGGCATAC-1,957,2850.0,46.0,1.6140351,957,0,T cells
ACATTCTGGGAACG-1,1190,3716.0,62.0,1.6684606,1190,1,CD14-like monocytes
ACCAACGACATGCA-1,680,2115.0,30.0,1.4184396,680,0,T cells
ACCACAGAAAGTAG-1,524,1457.0,47.0,3.2258062,524,0,T cells
ACCACAGAGTTGGT-1,908,2860.0,35.0,1.2237762,908,0,T cells
ACCACCTGTGTGCA-1,506,1177.0,20.0,1.6992353,506,0,T cells
ACCACGCTACAGCT-1,851,2532.0,41.0,1.6192732,851,0,T cells
ACCACGCTACCCAA-1,775,1936.0,48.0,2.479339,775,2,NK / cytotoxic lymphocytes
ACCACGCTGCGAGA-1,793,1979.0,47.0,2.3749368,793,0,T cells
ACCACGCTGCTGTA-1,748,2009.0,72.0,3.5838728,748,0,T cells
ACCAGCCTGACAGG-1,951,2569.0,38.0,1.4791747,951,0,T cells
ACCAGTGAACGGTT-1,643,1730.0,58.0,3.352601,643,3,B cells
ACCAGTGAATACCG-1,1277,3871.0,124.0,3.2033067,1277,1,CD14-like monocytes
ACCAGTGAGGGATG-1,828,2445.0,22.0,0.89979553,828,0,T cells
ACCAGTGATGACTG-1,480,1223.0,34.0,2.780049,480,1,CD14-like monocytes
ACCATTACCTTCTA-1,969,3415.0,65.0,1.9033674,969,0,T cells
ACCATTACGAGATA-1,1112,2712.0,21.0,0.7743363,1112,0,T cells
ACCATTTGTCATTC-1,648,1647.0,33.0,2.003643,648,0,T cells
ACCCAAGAACTGTG-1,805,1704.0,36.0,2.112676,805,2,NK / cytotoxic lymphocytes
ACCCAAGAATTCCT-1,1223,3563.0,53.0,1.4875106,1223,1,CD14-like monocytes
ACCCAAGAGGACAG-1,1023,2976.0,33.0,1.108871,1023,0,T cells
ACCCAAGATTCACT-1,669,1976.0,57.0,2.8846154,669,3,B cells
ACCCACTGCGCCTT-1,489,986.0,27.0,2.7383366,489,1,CD14-like monocytes
ACCCACTGGACAGG-1,390,863.0,21.0,2.433372,390,0,T cells
ACCCACTGGTTCAG-1,350,568.0,7.0,1.2323943,350,5,Platelets
ACCCACTGTCGTAG-1,1113,2874.0,90.0,3.131524,1113,1,CD14-like monocytes
ACCCAGCTCAGAAA-1,837,2389.0,45.0,1.8836333,837,0,T cells
ACCCAGCTGTTAGC-1,1547,5535.0,114.0,2.0596206,1547,1,CD14-like monocytes
ACCCAGCTTGCTTT-1,840,2495.0,11.0,0.4408818,840,0,T cells
ACCCGTTGATGACC-1,581,1508.0,44.0,2.917772,581,3,B cells
ACCCGTTGCTGCAA-1,748,2158.0,16.0,0.74142724,748,0,T cells
ACCCGTTGCTTCTA-1,1861,6092.0,87.0,1.4281024,1861,4,Dendritic cells
ACCCTCGACCTATT-1,735,1727.0,38.0,2.2003474,735,0,T cells
ACCCTCGACGGTAT-1,488,1245.0,23.0,1.8473896,488,3,B cells
ACCCTCGATAAGGA-1,1016,2847.0,75.0,2.634352,1016,1,CD14-like monocytes
ACCCTCGATCAAGC-1,585,1444.0,41.0,2.8393352,585,1,CD14-like monocytes
ACCGTGCTACCAGT-1,797,1938.0,30.0,1.5479876,797,0,T cells
ACCGTGCTGGAACG-1,769,1909.0,42.0,2.200105,769,3,B cells
ACCTATTGCTGAGT-1,490,1190.0,31.0,2.605042,490,3,B cells
ACCTATTGTGCCCT-1,1307,4060.0,112.0,2.7586207,1307,1,CD14-like monocytes
ACCTCCGAGTCCTC-1,895,2426.0,26.0,1.071723,895,0,T cells
ACCTCCGATATGCG-1,686,1789.0,46.0,2.571269,686,0,T cells
ACCTCCGATGCTGA-1,602,1789.0,41.0,2.291783,602,0,T cells
ACCTCGTGAACCAC-1,772,1969.0,59.0,2.996445,772,2,NK / cytotoxic lymphocytes
ACCTGAGATATCGG-1,704,1524.0,57.0,3.7401576,704,1,CD14-like monocytes
ACCTGGCTAAGTAG-1,892,1870.0,54.0,2.8877006,892,2,NK / cytotoxic lymphocytes
ACCTTTGACTCCCA-1,1169,3056.0,68.0,2.225131,1169,1,CD14-like monocytes
ACCTTTGAGGAACG-1,1375,4145.0,137.0,3.305187,1375,1,CD14-like monocytes
ACCTTTGAGGAAGC-1,1189,3696.0,63.0,1.7045455,1189,1,CD14-like monocytes
ACGAACACCTTGTT-1,892,1736.0,23.0,1.3248848,892,2,NK / cytotoxic lymphocytes
ACGAACTGGCTATG-1,2455,8931.0,140.0,1.5675737,2455,5,Platelets
ACGAAGCTCTCCAC-1,355,796.0,8.0,1.0050251,355,0,T cells
ACGAAGCTCTGAGT-1,1856,7067.0,236.0,3.339465,1856,3,B cells
ACGACCCTATCTCT-1,1317,4077.0,84.0,2.0603385,1317,1,CD14-like monocytes
ACGACCCTGATGAA-1,703,2014.0,61.0,3.0287986,703,2,NK / cytotoxic lymphocytes
ACGACCCTTGACAC-1,825,2795.0,46.0,1.6457961,825,3,B cells
ACGACCCTTGACCA-1,736,2314.0,63.0,2.7225585,736,0,T cells
ACGAGGGACAGGAG-1,1997,7935.0,116.0,1.4618778,1997,4,Dendritic cells
ACGAGGGACGAACT-1,892,2762.0,69.0,2.4981897,892,0,T cells
ACGAGGGATGTAGC-1,1034,3053.0,73.0,2.3910909,1034,0,T cells
ACGAGTACCCTAAG-1,545,1261.0,23.0,1.8239492,545,3,B cells
ACGAGTACGAATCC-1,1188,3621.0,57.0,1.5741508,1188,3,B cells
ACGATCGAGGACTT-1,659,1607.0,15.0,0.9334163,659,2,NK / cytotoxic lymphocytes
ACGATCGAGTCACA-1,1056,3066.0,61.0,1.989563,1056,1,CD14-like monocytes
ACGATGACAATGCC-1,819,2246.0,46.0,2.0480855,819,0,T cells
ACGATGACTGGTCA-1,979,2634.0,48.0,1.8223236,979,0,T cells
ACGATTCTACGGGA-1,632,1606.0,55.0,3.4246576,632,2,NK / cytotoxic lymphocytes
ACGCAATGGTTCAG-1,598,1227.0,32.0,2.607987,598,2,NK / cytotoxic lymphocytes
ACGCACCTGTTAGC-1,690,1687.0,36.0,2.1339657,690,3,B cells
ACGCCACTGAACTC-1,310,602.0,0.0,0.0,310,1,CD14-like monocytes
ACGCCGGAAACCAC-1,803,2243.0,51.0,2.2737405,803,1,CD14-like monocytes
ACGCCGGAAAGCCT-1,743,2145.0,19.0,0.88578093,743,0,T cells
ACGCCGGAAATGCC-1,560,1102.0,25.0,2.2686026,560,0,T cells
ACGCCTTGCTCCCA-1,1073,2774.0,84.0,3.0281181,1073,1,CD14-like monocytes
ACGCGGTGGCGAGA-1,844,2432.0,50.0,2.055921,844,0,T cells
ACGCGGTGTGTGGT-1,882,2604.0,59.0,2.265745,882,3,B cells
ACGCGGTGTTTGCT-1,841,2145.0,35.0,1.6317016,841,2,NK / cytotoxic lymphocytes
ACGCTCACAGTACC-1,815,2367.0,64.0,2.7038445,815,0,T cells
ACGCTCACCCTTGC-1,771,2165.0,50.0,2.3094687,771,0,T cells
ACGCTGCTGTTCTT-1,976,1956.0,21.0,1.0736196,976,2,NK / cytotoxic lymphocytes
ACGGAACTCAGATC-1,986,2155.0,40.0,1.8561485,986,2,NK / cytotoxic lymphocytes
ACGGAACTGTCGTA-1,820,2153.0,84.0,3.9015326,820,1,CD14-like monocytes
ACGGAGGACTCTTA-1,957,2614.0,75.0,2.8691661,957,1,CD14-like monocytes
ACGGATTGGGAGGT-1,640,1655.0,46.0,2.7794561,640,3,B cells
ACGGATTGGTTAGC-1,1012,3068.0,56.0,1.8252933,1012,0,T cells
ACGGCTCTGAGCAG-1,927,2389.0,60.0,2.511511,927,0,T cells
ACGGCTCTTGCACA-1,794,2535.0,48.0,1.8934911,794,0,T cells
ACGGTAACCGCTAA-1,753,1867.0,50.0,2.6780932,753,0,T cells
ACGGTAACCTTCGC-1,791,1944.0,45.0,2.3148148,791,2,NK / cytotoxic lymphocytes
ACGGTAACGGTGGA-1,366,811.0,34.0,4.192355,366,0,T cells
ACGGTAACTCGCAA-1,539,1213.0,27.0,2.2258863,539,2,NK / cytotoxic lymphocytes
ACGGTATGAGTCGT-1,752,1764.0,43.0,2.4376416,752,1,CD14-like monocytes
ACGGTATGGGTATC-1,769,2149.0,82.0,3.8157284,769,3,B cells
ACGGTATGGTTGTG-1,650,1947.0,44.0,2.259887,650,3,B cells
ACGGTCCTAACGGG-1,947,2197.0,30.0,1.3654984,947,0,T cells
ACGGTCCTCGGGAA-1,771,2254.0,53.0,2.3513753,771,0,T cells
ACGTAGACAACCAC-1,824,2028.0,20.0,0.9861933,824,0,T cells
ACGTAGACTACAGC-1,744,1829.0,32.0,1.7495898,744,3,B cells
ACGTCAGAAACGAA-1,837,2167.0,47.0,2.1688972,837,0,T cells
ACGTCAGAGAGCTT-1,723,1911.0,46.0,2.4071167,723,1,CD14-like monocytes
ACGTCAGAGGGATG-1,640,1541.0,23.0,1.4925373,640,0,T cells
ACGTCCTGATAAGG-1,923,2627.0,92.0,3.5020936,923,1,CD14-like monocytes
ACGTCCTGTGAACC-1,1174,3303.0,80.0,2.4220405,1174,1,CD14-like monocytes
ACGTCGCTCCTGAA-1,1597,3932.0,73.0,1.8565615,1597,6,Cycling cells
ACGTCGCTCTATTC-1,699,1585.0,54.0,3.40694,699,1,CD14-like monocytes
ACGTCGCTTCTCAT-1,618,1602.0,40.0,2.496879,618,3,B cells
ACGTGATGCCATGA-1,1418,5441.0,143.0,2.6281934,1418,4,Dendritic cells
ACGTGATGGGTCTA-1,820,2638.0,50.0,1.8953754,820,0,T cells
ACGTGATGTAACCG-1,1047,2976.0,46.0,1.5456989,1047,1,CD14-like monocytes
ACGTGATGTGACAC-1,981,2135.0,68.0,3.1850119,981,2,NK / cytotoxic lymphocytes
ACGTGCCTCCGTAA-1,866,2177.0,30.0,1.3780432,866,0,T cells
ACGTGCCTTCTATC-1,527,1081.0,40.0,3.7002776,527,2,NK / cytotoxic lymphocytes
ACGTTACTTTCCAT-1,762,1968.0,32.0,1.6260161,762,0,T cells
ACGTTGGAAAAGCA-1,717,2187.0,42.0,1.9204389,717,0,T cells
ACGTTGGAAACCTG-1,860,2217.0,89.0,4.014434,860,2,NK / cytotoxic lymphocytes
ACGTTGGACCGTAA-1,603,1383.0,34.0,2.4584239,603,1,CD14-like monocytes
ACGTTGGAGCCAAT-1,828,1780.0,40.0,2.247191,828,2,NK / cytotoxic lymphocytes
ACGTTGGATATGGC-1,476,1052.0,13.0,1.2357415,476,3,B cells
ACGTTGGATCAGGT-1,1071,2801.0,42.0,1.4994645,1071,1,CD14-like monocytes
ACGTTTACATCAGC-1,775,2368.0,37.0,1.5625,775,0,T cells
ACTAAAACCCACAA-1,614,1268.0,18.0,1.4195584,614,2,NK / cytotoxic lymphocytes
ACTAAAACTCGACA-1,913,2584.0,54.0,2.0897834,913,1,CD14-like monocytes
ACTACGGAATTTCC-1,836,2188.0,42.0,1.9195613,836,0,T cells
ACTACGGACCTATT-1,669,1804.0,48.0,2.660754,669,0,T cells
ACTACGGATCGCTC-1,942,2471.0,34.0,1.3759611,942,0,T cells
ACTACTACTAAGGA-1,792,2339.0,56.0,2.3941855,792,0,T cells
ACTAGGTGGAACCT-1,871,1980.0,27.0,1.3636364,871,2,NK / cytotoxic lymphocytes
ACTAGGTGGAACTC-1,1046,3531.0,60.0,1.6992353,1046,0,T cells
ACTATCACCTTGGA-1,859,2050.0,63.0,3.0731707,859,2,NK / cytotoxic lymphocytes
ACTATCACTGCCAA-1,793,2222.0,37.0,1.6651666,793,0,T cells
ACTCAGGACTGAAC-1,822,2160.0,12.0,0.5555556,822,0,T cells
ACTCAGGATCTATC-1,751,1870.0,28.0,1.4973263,751,3,B cells
ACTCAGGATTCGTT-1,435,1009.0,20.0,1.9821604,435,1,CD14-like monocytes
ACTCCTCTCAACTG-1,1142,3267.0,68.0,2.0814202,1142,0,T cells
ACTCGCACGAAAGT-1,781,1824.0,30.0,1.6447369,781,1,CD14-like monocytes
ACTCGCACTACGAC-1,718,1872.0,21.0,1.1217949,718,1,CD14-like monocytes
ACTCTCCTGACACT-1,471,1237.0,36.0,2.9102669,471,0,T cells
ACTCTCCTGCATAC-1,1750,5861.0,102.0,1.7403175,1750,0,T cells
ACTCTCCTGTTTGG-1,892,2755.0,53.0,1.923775,892,0,T cells
ACTGAGACAACCAC-1,841,1944.0,69.0,3.549383,841,2,NK / cytotoxic lymphocytes
ACTGAGACCCATAG-1,1156,3635.0,65.0,1.7881706,1156,1,CD14-like monocytes
ACTGAGACGTTGGT-1,1031,3991.0,70.0,1.7539464,1031,3,B cells
ACTGCCACACACGT-1,912,2120.0,34.0,1.6037736,912,2,NK / cytotoxic lymphocytes
ACTGCCACTCCGTC-1,873,1739.0,71.0,4.082806,873,2,NK / cytotoxic lymphocytes
ACTGGCCTTCAGTG-1,824,1656.0,34.0,2.0531402,824,2,NK / cytotoxic lymphocytes
ACTGTGGACGTGTA-1,1233,3185.0,67.0,2.1036108,1233,2,NK / cytotoxic lymphocytes
ACTGTGGATCTAGG-1,1312,4412.0,101.0,2.2892113,1312,3,B cells
ACTGTTACCCACAA-1,575,1262.0,41.0,3.2488115,575,1,CD14-like monocytes
ACTGTTACTGCAGT-1,605,1658.0,38.0,2.291918,605,0,T cells
ACTTAAGAACCACA-1,717,2297.0,52.0,2.2638223,717,0,T cells
ACTTAAGATTACTC-1,1019,2822.0,81.0,2.8703046,1019,4,Dendritic cells
ACTTAGCTGCGTAT-1,1215,3267.0,51.0,1.5610652,1215,1,CD14-like monocytes
ACTTAGCTGGGAGT-1,928,2502.0,23.0,0.91926455,928,0,T cells
ACTTCAACAAGCAA-1,1780,5419.0,167.0,3.0817494,1780,0,T cells
ACTTCAACGTAGGG-1,657,1259.0,14.0,1.1119937,657,2,NK / cytotoxic lymphocytes
ACTTCCCTTTCCGC-1,718,2072.0,27.0,1.3030888,718,0,T cells
ACTTCTGACATGCA-1,646,1655.0,72.0,4.3504534,646,3,B cells
ACTTGACTCCACAA-1,808,1999.0,32.0,1.6008005,808,3,B cells
ACTTGGGAGAAAGT-1,1120,3624.0,105.0,2.897351,1120,1,CD14-like monocytes
ACTTGGGAGGTTTG-1,750,1645.0,29.0,1.762918,750,0,T cells
ACTTGGGATGTGAC-1,390,792.0,1.0,0.12626262,390,1,CD14-like monocytes
ACTTGGGATTGACG-1,1100,3111.0,73.0,2.3465123,1100,1,CD14-like monocytes
ACTTGTACCTGTCC-1,456,1149.0,14.0,1.2184508,456,0,T cells
ACTTTGTGGAAAGT-1,755,2368.0,27.0,1.1402026,755,0,T cells
ACTTTGTGGATAGA-1,1118,3145.0,44.0,1.3990461,1118,1,CD14-like monocytes
AGAAACGAAAGTAG-1,571,1430.0,41.0,2.867133,571,3,B cells
AGAAAGTGCGCAAT-1,867,3021.0,61.0,2.019199,867,0,T cells
AGAAAGTGGGGATG-1,728,1968.0,32.0,1.6260161,728,1,CD14-like monocytes
AGAACAGAAATGCC-1,916,1879.0,32.0,1.7030336,916,2,NK / cytotoxic lymphocytes
AGAACAGACGACTA-1,491,981.0,25.0,2.54842,491,3,B cells
AGAACAGAGACAAA-1,960,3002.0,52.0,1.7321786,960,0,T cells
AGAACGCTTTGCTT-1,625,1763.0,38.0,2.1554167,625,0,T cells
AGAAGATGTGACTG-1,1090,3604.0,36.0,0.9988901,1090,0,T cells
AGAATGGAAGAAGT-1,772,2052.0,21.0,1.0233918,772,2,NK / cytotoxic lymphocytes
AGAATTTGTAACCG-1,968,3259.0,35.0,1.0739491,968,0,T cells
AGAATTTGTAGAGA-1,480,1428.0,59.0,4.131653,480,0,T cells
AGACACACTGTAGC-1,810,2229.0,29.0,1.3010318,810,0,T cells
AGACACTGTCAAGC-1,725,1944.0,33.0,1.6975307,725,1,CD14-like monocytes
AGACCTGAAGTAGA-1,1016,2595.0,53.0,2.0423894,1016,1,CD14-like monocytes
AGACCTGACCAACA-1,1011,2999.0,89.0,2.967656,1011,0,T cells
AGACCTGAGGAAGC-1,1075,2875.0,54.0,1.8782609,1075,2,NK / cytotoxic lymphocytes
AGACGTACAGAGGC-1,808,2193.0,28.0,1.2767898,808,0,T cells
AGACGTACCCCTAC-1,672,1517.0,47.0,3.09822,672,3,B cells
AGACGTACCTCTTA-1,950,2886.0,121.0,4.192654,950,1,CD14-like monocytes
AGACGTACTCGTGA-1,862,2242.0,93.0,4.1480823,862,1,CD14-like monocytes
AGACTGACCATCAG-1,766,1895.0,65.0,3.4300792,766,2,NK / cytotoxic lymphocytes
AGACTGACCCTTTA-1,963,2911.0,79.0,2.713844,963,0,T cells
AGACTTCTCATGCA-1,507,1302.0,37.0,2.8417819,507,3,B cells
AGAGATGACAGTCA-1,570,1340.0,43.0,3.2089553,570,3,B cells
AGAGATGACTGAAC-1,678,1974.0,47.0,2.3809524,678,0,T cells
AGAGATGAGGTTTG-1,768,2060.0,59.0,2.8640776,768,1,CD14-like monocytes
AGAGATGATCTCGC-1,1037,3371.0,123.0,3.6487687,1037,3,B cells
AGAGATGATTGTGG-1,885,2339.0,37.0,1.5818726,885,0,T cells
AGAGCGGAGGCAAG-1,1426,5230.0,71.0,1.3575526,1426,1,CD14-like monocytes
AGAGGTCTACAGCT-1,2815,10783.0,282.0,2.6152277,2815,6,Cycling cells
AGAGTCTGGTCGTA-1,1496,4469.0,159.0,3.557843,1496,1,CD14-like monocytes
AGAGTGCTCAGCTA-1,587,1566.0,30.0,1.9157088,587,0,T cells
AGAGTGCTCGAATC-1,879,2532.0,50.0,1.9747235,879,0,T cells
AGAGTGCTGTCATG-1,924,3580.0,54.0,1.5083799,924,0,T cells
AGAGTGCTGTCCTC-1,783,1944.0,41.0,2.1090536,783,2,NK / cytotoxic lymphocytes
AGAGTGCTGTGTTG-1,696,1635.0,53.0,3.24159,696,3,B cells
AGATATACCCGTAA-1,1057,2260.0,34.0,1.5044248,1057,2,NK / cytotoxic lymphocytes
AGATATACGATGAA-1,783,2386.0,115.0,4.8197823,783,0,T cells
AGATATACTGTTCT-1,867,2358.0,28.0,1.187447,867,3,B cells
AGATATTGCCTACC-1,919,2395.0,24.0,1.0020877,919,2,NK / cytotoxic lymphocytes
AGATATTGGCCAAT-1,1251,4076.0,59.0,1.4474976,1251,1,CD14-like monocytes
AGATCGTGTCTGGA-1,1023,2988.0,35.0,1.171352,1023,1,CD14-like monocytes
AGATCGTGTTTGTC-1,727,1844.0,22.0,1.1930586,727,3,B cells
AGATCTCTATCACG-1,645,1501.0,41.0,2.7315123,645,3,B cells
AGATTAACGTTCTT-1,1217,3876.0,90.0,2.3219814,1217,1,CD14-like monocytes
AGATTCCTATCGTG-1,929,2499.0,21.0,0.8403362,929,0,T cells
AGATTCCTCACTTT-1,792,2200.0,60.0,2.7272727,792,1,CD14-like monocytes
AGATTCCTGACGAG-1,994,2736.0,71.0,2.595029,994,1,CD14-like monocytes
AGATTCCTGTTCAG-1,1025,2318.0,74.0,3.1924074,1025,2,NK / cytotoxic lymphocytes
AGCAAAGATATGCG-1,946,2434.0,55.0,2.259655,946,0,T cells
AGCACAACAGTCTG-1,600,1625.0,34.0,2.0923076,600,0,T cells
AGCACTGAGGGAGT-1,881,2621.0,24.0,0.915681,881,0,T cells
AGCACTGATATGCG-1,975,2297.0,21.0,0.91423595,975,0,T cells
AGCACTGATGCTTT-1,1609,5153.0,113.0,2.1928973,1609,4,Dendritic cells
AGCACTGATTGCGA-1,758,2158.0,40.0,1.8535681,758,0,T cells
AGCATCGAAGATCC-1,772,1726.0,41.0,2.3754346,772,0,T cells
AGCATCGAAGGGTG-1,682,2172.0,36.0,1.6574585,682,3,B cells
AGCATCGAGCTTCC-1,998,2587.0,102.0,3.942791,998,1,CD14-like monocytes
AGCATCGAGTGAGG-1,979,2979.0,52.0,1.7455522,979,0,T cells
AGCATCGATAACCG-1,1045,2780.0,38.0,1.3669065,1045,1,CD14-like monocytes
AGCATGACGATGAA-1,706,1870.0,39.0,2.0855615,706,2,NK / cytotoxic lymphocytes
AGCCAATGGGGAGT-1,808,1876.0,30.0,1.5991472,808,1,CD14-like monocytes
AGCCAATGTATCTC-1,855,2617.0,47.0,1.7959496,855,0,T cells
AGCCACCTGGATCT-1,819,1983.0,44.0,2.2188604,819,2,NK / cytotoxic lymphocytes
AGCCGGTGCCAATG-1,1147,3729.0,40.0,1.0726736,1147,0,T cells
AGCCGGTGTGTTTC-1,742,2196.0,32.0,1.4571949,742,0,T cells
AGCCGTCTCAATCG-1,914,2919.0,125.0,4.2822886,914,0,T cells
AGCCGTCTGAGAGC-1,969,3005.0,78.0,2.5956738,969,0,T cells
AGCCTCACGTTCGA-1,704,2157.0,36.0,1.6689847,704,0,T cells
AGCCTCACTGTCAG-1,1398,4816.0,68.0,1.4119601,1398,1,CD14-like monocytes
AGCCTCTGCAGTTG-1,581,1473.0,37.0,2.5118806,581,3,B cells
AGCCTCTGCCAATG-1,809,1679.0,28.0,1.6676594,809,2,NK / cytotoxic lymphocytes
AGCGAACTGGATCT-1,921,3139.0,84.0,2.6760113,921,0,T cells
AGCGAACTTACTGG-1,805,2117.0,30.0,1.4170997,805,0,T cells
AGCGATACGGAGCA-1,542,1590.0,31.0,1.9496856,542,0,T cells
AGCGATTGAGATCC-1,888,1919.0,42.0,2.1886399,888,2,NK / cytotoxic lymphocytes
AGCGCCGAATCTCT-1,519,1279.0,16.0,1.2509774,519,0,T cells
AGCGCCGACAGAGG-1,1092,2678.0,44.0,1.6430172,1092,0,T cells
AGCGCTCTACCTTT-1,762,1767.0,26.0,1.4714205,762,0,T cells
AGCGGCACCGGGAA-1,698,2103.0,34.0,1.616738,698,0,T cells
AGCGGCTGATGTGC-1,752,2269.0,37.0,1.6306744,752,0,T cells
AGCGGGCTTGCCAA-1,771,2244.0,34.0,1.5151515,771,0,T cells
AGCGTAACATGCTG-1,899,2424.0,47.0,1.938944,899,0,T cells
AGCGTAACTGAGAA-1,1101,3081.0,61.0,1.9798766,1101,1,CD14-like monocytes
AGCTCGCTACTGGT-1,760,2531.0,53.0,2.094034,760,0,T cells
AGCTCGCTCTGCTC-1,881,2673.0,39.0,1.4590348,881,0,T cells
AGCTGAACCATACG-1,1124,3218.0,121.0,3.7600994,1124,1,CD14-like monocytes
AGCTGAACCTCTCG-1,809,2320.0,44.0,1.8965518,809,0,T cells
AGCTGCCTTGGGAG-1,445,1037.0,46.0,4.4358726,445,1,CD14-like monocytes
AGCTGCCTTTCATC-1,1703,5212.0,154.0,2.95472,1703,0,T cells
AGCTGCCTTTCTGT-1,789,2282.0,47.0,2.0595968,789,0,T cells
AGCTGTGATCCAAG-1,641,1551.0,56.0,3.6105738,641,0,T cells
AGCTTTACAAGTAG-1,819,2261.0,37.0,1.6364441,819,0,T cells
AGCTTTACACCAAC-1,890,2114.0,66.0,3.1220436,890,2,NK / cytotoxic lymphocytes
AGCTTTACTCTCAT-1,767,2570.0,41.0,1.5953308,767,3,B cells
AGGAAATGAGGAGC-1,806,1880.0,13.0,0.69148934,806,0,T cells
AGGAACCTCTTAGG-1,1323,3844.0,113.0,2.9396462,1323,1,CD14-like monocytes
AGGAACCTTGCCTC-1,942,2188.0,41.0,1.8738574,942,2,NK / cytotoxic lymphocytes
AGGAATGATAACGC-1,807,1975.0,55.0,2.7848103,807,0,T cells
AGGAATGATTTGTC-1,981,2648.0,35.0,1.3217523,981,0,T cells
AGGAGTCTGGTTTG-1,888,2508.0,60.0,2.3923445,888,0,T cells
AGGAGTCTTGTCAG-1,726,1978.0,32.0,1.6177958,726,0,T cells
AGGATAGACATTTC-1,1190,4146.0,46.0,1.1095031,1190,0,T cells
AGGATAGAGGATTC-1,826,1963.0,21.0,1.0697912,826,2,NK / cytotoxic lymphocytes
AGGATGCTACTAGC-1,661,1805.0,21.0,1.1634349,661,3,B cells
AGGATGCTTTAGGC-1,713,1401.0,31.0,2.2127054,713,2,NK / cytotoxic lymphocytes
AGGCAACTGAAGGC-1,816,2698.0,75.0,2.779837,816,0,T cells
AGGCAGGAGTACCA-1,822,2152.0,81.0,3.7639406,822,2,NK / cytotoxic lymphocytes
AGGCCTCTAGTCGT-1,806,2264.0,18.0,0.79505306,806,0,T cells
AGGCCTCTCGGAGA-1,864,2388.0,49.0,2.0519261,864,0,T cells
AGGCCTCTCGTAAC-1,464,1205.0,8.0,0.66390043,464,0,T cells
AGGGACGACGTTGA-1,664,1857.0,40.0,2.1540117,664,0,T cells
AGGGACGAGTCAAC-1,931,1957.0,30.0,1.5329586,931,2,NK / cytotoxic lymphocytes
AGGGACGAGTTGTG-1,860,2746.0,36.0,1.3109978,860,0,T cells
AGGGACGATAGAGA-1,674,1722.0,67.0,3.8908248,674,2,NK / cytotoxic lymphocytes
AGGGACGATGCATG-1,803,1783.0,19.0,1.0656197,803,2,NK / cytotoxic lymphocytes
AGGGAGTGAGCCTA-1,464,997.0,8.0,0.8024072,464,0,T cells
AGGGCCACCATACG-1,788,2047.0,33.0,1.6121153,788,0,T cells
AGGGCGCTAACCAC-1,1068,3558.0,87.0,2.445194,1068,1,CD14-like monocytes
AGGGCGCTATGGTC-1,781,1609.0,72.0,4.474829,781,0,T cells
AGGGTGGACAGTCA-1,843,2229.0,55.0,2.4674742,843,3,B cells
AGGGTGGACTCAAG-1,779,2072.0,44.0,2.123552,779,1,CD14-like monocytes
AGGGTGGAGTTGCA-1,873,2253.0,41.0,1.8197957,873,2,NK / cytotoxic lymphocytes
AGGGTTTGTTCATC-1,707,1795.0,39.0,2.172702,707,1,CD14-like monocytes
AGGTCATGAGTGTC-1,492,925.0,30.0,3.2432432,492,3,B cells
AGGTCATGCTTATC-1,669,1588.0,32.0,2.0151134,669,2,NK / cytotoxic lymphocytes
AGGTCTGATTCTCA-1,982,2731.0,57.0,2.0871475,982,1,CD14-like monocytes
AGGTGGGAAGAATG-1,749,2033.0,30.0,1.4756517,749,0,T cells
AGGTGGGAAGTTCG-1,789,2474.0,34.0,1.3742926,789,0,T cells
AGGTGTTGGTTACG-1,780,2090.0,27.0,1.2918661,780,3,B cells
AGGTTCGAACCTCC-1,561,1346.0,25.0,1.857355,561,1,CD14-like monocytes
AGGTTCGAACGTAC-1,655,1592.0,23.0,1.4447236,655,1,CD14-like monocytes
AGGTTCGAGGGTGA-1,432,1155.0,27.0,2.3376622,432,0,T cells
AGTAAGGAGTTTGG-1,801,1928.0,32.0,1.6597512,801,0,T cells
AGTAAGGATTCTTG-1,945,2894.0,28.0,0.967519,945,0,T cells
AGTAATACATCACG-1,770,1832.0,43.0,2.3471615,770,2,NK / cytotoxic lymphocytes
AGTAATACCGAACT-1,503,1236.0,31.0,2.5080907,503,3,B cells
AGTAATTGTCCCAC-1,766,1892.0,28.0,1.4799154,766,0,T cells
AGTACGTGAGGGTG-1,776,2386.0,39.0,1.6345348,776,0,T cells
AGTACGTGCTGCAA-1,970,3001.0,38.0,1.2662446,970,0,T cells
AGTACGTGCTTGGA-1,989,3506.0,43.0,1.2264689,989,0,T cells
AGTACTCTACGTGT-1,654,1604.0,30.0,1.8703243,654,3,B cells
AGTACTCTCAACCA-1,762,1766.0,86.0,4.869762,762,2,NK / cytotoxic lymphocytes
AGTACTCTCGGTAT-1,882,2063.0,32.0,1.5511391,882,0,T cells
AGTAGGCTTGCCTC-1,1236,3561.0,99.0,2.780118,1236,1,CD14-like monocytes
AGTATAACTTGTCT-1,1499,4455.0,143.0,3.2098765,1499,1,CD14-like monocytes
AGTATCCTAGAACA-1,626,1826.0,16.0,0.87623227,626,0,T cells
AGTCACGATGAGCT-1,1380,3719.0,54.0,1.4520032,1380,2,NK / cytotoxic lymphocytes
AGTCAGACGAATAG-1,1170,3305.0,55.0,1.6641452,1170,0,T cells
AGTCAGACGCTTAG-1,491,1011.0,32.0,3.1651828,491,0,T cells
AGTCAGACTAGAGA-1,833,1994.0,38.0,1.9057171,833,2,NK / cytotoxic lymphocytes
AGTCAGACTGCACA-1,924,2820.0,42.0,1.4893618,924,0,T cells
AGTCCAGATATCTC-1,581,1746.0,34.0,1.9473082,581,0,T cells
AGTCCAGATTTCAC-1,842,2095.0,33.0,1.575179,842,0,T cells
AGTCGAACCAACCA-1,596,1547.0,36.0,2.3270848,596,0,T cells
AGTCGCCTCCGTAA-1,811,2231.0,17.0,0.76199013,811,0,T cells
AGTCTACTAGGGTG-1,542,1192.0,11.0,0.9228188,542,1,CD14-like monocytes
AGTCTACTTGCATG-1,1572,5204.0,173.0,3.324366,1572,1,CD14-like monocytes
AGTCTTACACCACA-1,758,2425.0,45.0,1.8556701,758,0,T cells
AGTCTTACTTCGCC-1,854,2129.0,76.0,3.5697513,854,2,NK / cytotoxic lymphocytes
AGTCTTACTTCGGA-1,274,664.0,5.0,0.75301206,274,5,Platelets
AGTGACTGCAACTG-1,1413,4697.0,145.0,3.087077,1413,1,CD14-like monocytes
AGTGTTCTAACCTG-1,872,2858.0,27.0,0.9447166,872,0,T cells
AGTGTTCTATAAGG-1,559,1309.0,30.0,2.2918258,559,0,T cells
AGTGTTCTCACTTT-1,907,2772.0,34.0,1.2265513,907,1,CD14-like monocytes
AGTTAAACCACTTT-1,951,3024.0,82.0,2.7116404,951,0,T cells
AGTTATGAACAGTC-1,1175,3624.0,59.0,1.6280353,1175,1,CD14-like monocytes
AGTTATGACTGAGT-1,946,2087.0,12.0,0.574988,946,0,T cells
AGTTATGAGTTCAG-1,905,2863.0,84.0,2.9339855,905,0,T cells
AGTTCTACCAGCTA-1,737,1632.0,40.0,2.4509804,737,1,CD14-like monocytes
AGTTCTTGAAGCCT-1,604,1279.0,36.0,2.814699,604,2,NK / cytotoxic lymphocytes
AGTTGTCTACTACG-1,843,2879.0,56.0,1.9451199,843,0,T cells
AGTTTAGATGGTCA-1,606,1395.0,34.0,2.4372761,606,0,T cells
AGTTTCACGGTCTA-1,1079,2520.0,29.0,1.1507937,1079,2,NK / cytotoxic lymphocytes
AGTTTGCTACAGTC-1,668,2092.0,37.0,1.7686424,668,0,T cells
AGTTTGCTACTGGT-1,785,1942.0,65.0,3.347065,785,2,NK / cytotoxic lymphocytes
AGTTTGCTCCAAGT-1,726,2050.0,11.0,0.5365854,726,0,T cells
ATAAACACAGTGCT-1,978,2500.0,46.0,1.84,978,3,B cells
ATAAACACCACCAA-1,941,2918.0,107.0,3.6668952,941,0,T cells
ATAACAACATGCTG-1,994,2231.0,68.0,3.0479605,994,1,CD14-like monocytes
ATAACAACGTCTAG-1,655,1672.0,48.0,2.8708134,655,0,T cells
ATAACAACTTTGTC-1,1013,3132.0,73.0,2.330779,1013,0,T cells
ATAACATGTACTCT-1,987,2776.0,40.0,1.4409221,987,0,T cells
ATAACCCTGTTGGT-1,591,1638.0,50.0,3.052503,591,0,T cells
ATAACCCTTGGTAC-1,1041,2949.0,18.0,0.61037636,1041,0,T cells
ATAAGTACGAATGA-1,625,1562.0,26.0,1.6645327,625,3,B cells
ATAAGTTGGTACGT-1,582,1355.0,33.0,2.4354243,582,1,CD14-like monocytes
ATAAGTTGTCTAGG-1,814,2338.0,81.0,3.4644995,814,0,T cells
ATAATCGAGCTGAT-1,570,1386.0,27.0,1.9480519,570,3,B cells
ATAATCGATGGTTG-1,775,2348.0,13.0,0.5536627,775,0,T cells
ATAATGACCTACTT-1,822,2215.0,27.0,1.2189616,822,0,T cells
ATAATGACTCGTGA-1,715,1843.0,47.0,2.55019,715,1,CD14-like monocytes
ATACAATGTTAGGC-1,738,2148.0,36.0,1.6759777,738,0,T cells
ATACCACTCGTACA-1,956,2896.0,60.0,2.0718231,956,1,CD14-like monocytes
ATACCACTCTAAGC-1,1178,4138.0,100.0,2.4166265,1178,4,Dendritic cells
ATACCACTGCCAAT-1,743,1580.0,53.0,3.3544302,743,2,NK / cytotoxic lymphocytes
ATACCGGAATGCTG-1,1861,6582.0,151.0,2.2941356,1861,4,Dendritic cells
ATACCGGACATTTC-1,841,2213.0,42.0,1.8978761,841,1,CD14-like monocytes
ATACCGGACTTCGC-1,944,2694.0,60.0,2.2271714,944,0,T cells
ATACCGGAGGTGTT-1,783,2129.0,46.0,2.1606388,783,1,CD14-like monocytes
ATACCGGATCTCGC-1,643,1786.0,47.0,2.631579,643,0,T cells
ATACCTACGCATCA-1,924,2761.0,56.0,2.0282507,924,0,T cells
ATACCTTGGGGCAA-1,936,3678.0,51.0,1.3866231,936,0,T cells
ATACGGACAGACTC-1,431,877.0,36.0,4.1049027,431,1,CD14-like monocytes
ATACGGACCTACTT-1,490,1042.0,23.0,2.2072937,490,1,CD14-like monocytes
ATACGGACGAGGTG-1,532,1218.0,38.0,3.1198685,532,3,B cells
ATACGGACTATGCG-1,524,1474.0,32.0,2.1709633,524,3,B cells
ATACGGACTCTGGA-1,620,1470.0,51.0,3.4693878,620,1,CD14-like monocytes
ATACGTCTTAACGC-1,749,2011.0,91.0,4.525112,749,1,CD14-like monocytes
ATACTCTGCTTCGC-1,1334,4474.0,97.0,2.1680822,1334,1,CD14-like monocytes
ATACTCTGGTATGC-1,834,1619.0,35.0,2.1618283,834,2,NK / cytotoxic lymphocytes
ATAGATACCATGGT-1,790,2183.0,40.0,1.8323408,790,0,T cells
ATAGATACGACGAG-1,702,2123.0,57.0,2.6848798,702,0,T cells
ATAGATTGGTGTAC-1,892,2749.0,55.0,2.0007274,892,3,B cells
ATAGCCGAACGGAG-1,693,2095.0,56.0,2.673031,693,0,T cells
ATAGCGTGCAGATC-1,784,2448.0,26.0,1.0620916,784,0,T cells
ATAGCGTGCCCTTG-1,944,3004.0,34.0,1.1318243,944,1,CD14-like monocytes
ATAGCGTGGTATCG-1,471,1069.0,19.0,1.7773621,471,1,CD14-like monocytes
ATAGCGTGTCTCTA-1,839,2273.0,42.0,1.8477783,839,0,T cells
ATAGCTCTCTGATG-1,529,1163.0,34.0,2.9234738,529,0,T cells
ATAGCTCTGAGGTG-1,729,1975.0,42.0,2.1265824,729,0,T cells
ATAGGAGAAACAGA-1,1084,3554.0,78.0,2.1947103,1084,1,CD14-like monocytes
ATAGGCTGTCAGAC-1,802,2173.0,36.0,1.6566958,802,0,T cells
ATAGTCCTAGTGTC-1,886,2205.0,47.0,2.1315193,886,1,CD14-like monocytes
ATAGTCCTTGCATG-1,815,2055.0,16.0,0.7785888,815,2,NK / cytotoxic lymphocytes
ATAGTCCTTGTCGA-1,856,2662.0,30.0,1.1269722,856,0,T cells
ATAGTTGACAACTG-1,746,2184.0,35.0,1.6025642,746,0,T cells
ATAGTTGACCCTCA-1,1318,4273.0,80.0,1.872221,1318,1,CD14-like monocytes
ATAGTTGAGACGTT-1,545,2030.0,61.0,3.004926,545,0,T cells
ATAGTTGATAAGCC-1,696,1870.0,31.0,1.657754,696,0,T cells
ATATACGAAGCCAT-1,872,2505.0,41.0,1.6367266,872,0,T cells
ATATACGAATTGGC-1,1154,3935.0,52.0,1.321474,1154,0,T cells
ATATAGTGGAATGA-1,467,1062.0,31.0,2.9190207,467,1,CD14-like monocytes
ATATGCCTAGATCC-1,725,1910.0,39.0,2.041885,725,1,CD14-like monocytes
ATATGCCTGGACAG-1,1027,3509.0,76.0,2.1658592,1027,0,T cells
ATATGCCTTCTCTA-1,479,1090.0,15.0,1.3761468,479,0,T cells
ATATGCCTTGGTAC-1,728,2021.0,35.0,1.7318159,728,0,T cells
ATCAAATGAGCCTA-1,926,2562.0,80.0,3.1225605,926,1,CD14-like monocytes
ATCAAATGGGTAAA-1,1282,4211.0,96.0,2.2797437,1282,1,CD14-like monocytes
ATCAACCTAAACGA-1,907,2638.0,22.0,0.83396506,907,0,T cells
ATCAACCTGAGGAC-1,833,2312.0,63.0,2.7249136,833,0,T cells
ATCAACCTTCTCTA-1,1024,2505.0,75.0,2.9940119,1024,2,NK / cytotoxic lymphocytes
ATCAACCTTTGTCT-1,838,2572.0,49.0,1.9051323,838,2,NK / cytotoxic lymphocytes
ATCACACTTTGTCT-1,900,2560.0,54.0,2.109375,900,0,T cells
ATCACGGATTTCGT-1,737,1792.0,39.0,2.1763394,737,3,B cells
ATCATCTGACACCA-1,367,737.0,5.0,0.6784261,367,5,Platelets
ATCATGCTAGAGTA-1,459,850.0,29.0,3.4117646,459,2,NK / cytotoxic lymphocytes
ATCATGCTGAACCT-1,1030,3165.0,74.0,2.3380728,1030,3,B cells
ATCCAGGACGCTAA-1,1279,3756.0,47.0,1.2513312,1279,1,CD14-like monocytes
ATCCAGGATGGAAA-1,756,2128.0,27.0,1.268797,756,0,T cells
ATCCATACTCCTTA-1,662,1624.0,41.0,2.5246305,662,1,CD14-like monocytes
ATCCATACTTCATC-1,1323,3916.0,93.0,2.3748724,1323,1,CD14-like monocytes
ATCCCGTGCAGTCA-1,1003,1996.0,39.0,1.9539078,1003,2,NK / cytotoxic lymphocytes
ATCCCGTGCATGCA-1,359,776.0,22.0,2.8350515,359,3,B cells
ATCCCGTGGCTGAT-1,770,2155.0,39.0,1.8097447,770,3,B cells
ATCCGCACGCATCA-1,813,2341.0,49.0,2.0931225,813,3,B cells
ATCCTAACGACGGA-1,634,1776.0,65.0,3.65991,634,3,B cells
ATCCTAACGCTACA-1,924,2064.0,35.0,1.6957365,924,0,T cells
ATCGACGAAACTGC-1,1184,3308.0,37.0,1.1185006,1184,1,CD14-like monocytes
ATCGACGAATGACC-1,901,2867.0,105.0,3.662365,901,0,T cells
ATCGAGTGGACGTT-1,816,1973.0,33.0,1.6725799,816,2,NK / cytotoxic lymphocytes
ATCGCAGAATCTCT-1,1421,4340.0,111.0,2.5576036,1421,1,CD14-like monocytes
ATCGCAGAGTGTCA-1,771,2109.0,31.0,1.469891,771,3,B cells
ATCGCCACTGAGGG-1,706,1687.0,48.0,2.8452876,706,2,NK / cytotoxic lymphocytes
ATCGCCTGGGTCAT-1,953,2875.0,58.0,2.0173912,953,0,T cells
ATCGCCTGTGGCAT-1,348,756.0,13.0,1.7195767,348,3,B cells
ATCGCGCTCAGAGG-1,716,1842.0,61.0,3.3116176,716,1,CD14-like monocytes
ATCGCGCTGGGATG-1,870,2732.0,40.0,1.4641289,870,0,T cells
ATCGCGCTTTTCGT-1,715,1779.0,46.0,2.5857222,715,3,B cells
ATCGGAACCAGTCA-1,550,1199.0,11.0,0.9174312,550,0,T cells
ATCGGTGAGTCAAC-1,689,1885.0,32.0,1.6976128,689,0,T cells
ATCGGTGATTGCAG-1,947,2901.0,84.0,2.895553,947,0,T cells
ATCGTTTGCCTACC-1,1157,3404.0,76.0,2.2326674,1157,1,CD14-like monocytes
ATCGTTTGGGTACT-1,690,1765.0,58.0,3.2861187,690,1,CD14-like monocytes
ATCGTTTGTGCCAA-1,383,737.0,14.0,1.899593,383,1,CD14-like monocytes
ATCTACACCCGCTT-1,374,754.0,13.0,1.7241379,374,1,CD14-like monocytes
ATCTACACCGGGAA-1,882,2454.0,18.0,0.73349637,882,0,T cells
ATCTCAACAGGAGC-1,697,1915.0,43.0,2.245431,697,3,B cells
ATCTCAACCTCGAA-1,246,609.0,0.0,0.0,246,0,T cells
ATCTCAACCTTGTT-1,833,2138.0,45.0,2.1047707,833,1,CD14-like monocytes
ATCTGGGAAACCAC-1,1006,2420.0,50.0,2.0661156,1006,1,CD14-like monocytes
ATCTGGGAAGTGTC-1,1181,3477.0,60.0,1.7256256,1181,1,CD14-like monocytes
ATCTGGGATTCCGC-1,974,2771.0,73.0,2.634428,974,2,NK / cytotoxic lymphocytes
ATCTGTTGAACGGG-1,856,2310.0,37.0,1.6017315,856,0,T cells
ATCTGTTGACCTCC-1,978,2713.0,38.0,1.4006635,978,0,T cells
ATCTGTTGCCTTCG-1,1551,5198.0,94.0,1.8083878,1551,1,CD14-like monocytes
ATCTGTTGGTTGCA-1,965,2911.0,38.0,1.3053933,965,0,T cells
ATCTTGACACCAAC-1,907,2702.0,28.0,1.0362694,907,0,T cells
ATCTTGACCTCCCA-1,565,1399.0,44.0,3.1451035,565,1,CD14-like monocytes
ATCTTTCTGCATCA-1,417,877.0,13.0,1.482326,417,0,T cells
ATCTTTCTGTTTCT-1,907,2366.0,24.0,1.0143703,907,2,NK / cytotoxic lymphocytes
ATCTTTCTTGTCCC-1,927,1915.0,67.0,3.4986947,927,2,NK / cytotoxic lymphocytes
ATGAAACTCTGTGA-1,966,3205.0,36.0,1.123245,966,0,T cells
ATGAAACTGAGGCA-1,658,1973.0,44.0,2.2301066,658,0,T cells
ATGAAGGAACAGCT-1,727,1477.0,27.0,1.8280298,727,2,NK / cytotoxic lymphocytes
ATGAAGGACCTGTC-1,743,2047.0,77.0,3.7616022,743,3,B cells
ATGAAGGACCTTAT-1,381,859.0,21.0,2.444703,381,3,B cells
ATGAAGGACTAGTG-1,385,713.0,14.0,1.9635344,385,3,B cells
ATGAAGGACTTGCC-1,905,1800.0,27.0,1.5,905,2,NK / cytotoxic lymphocytes
ATGACGTGACGACT-1,645,1881.0,22.0,1.1695907,645,3,B cells
ATGACGTGATCGGT-1,1167,3623.0,131.0,3.615788,1167,1,CD14-like monocytes
ATGAGAGAAAGTGA-1,936,2880.0,21.0,0.7291667,936,0,T cells
ATGAGAGAACGCAT-1,724,2350.0,26.0,1.106383,724,0,T cells
ATGAGAGAAGTAGA-1,618,1575.0,53.0,3.3650794,618,3,B cells
ATGAGCACACAGCT-1,1038,3387.0,65.0,1.9191024,1038,0,T cells
ATGAGCACATCTTC-1,853,2599.0,31.0,1.1927664,853,0,T cells
ATGATAACTTCACT-1,808,1523.0,16.0,1.0505581,808,2,NK / cytotoxic lymphocytes
ATGATATGAAACAG-1,1403,4925.0,78.0,1.5837563,1403,0,T cells
ATGATATGACTGGT-1,762,2343.0,49.0,2.0913358,762,0,T cells
ATGATATGAGCACT-1,741,2189.0,27.0,1.2334399,741,0,T cells
ATGATATGGTCATG-1,687,1768.0,30.0,1.6968327,687,0,T cells
ATGATATGGTGCTA-1,932,1978.0,54.0,2.7300303,932,2,NK / cytotoxic lymphocytes
ATGATATGTTGTCT-1,1096,2992.0,81.0,2.7072194,1096,1,CD14-like monocytes
ATGCACGAATGTCG-1,601,1381.0,44.0,3.186097,601,3,B cells
ATGCACGACTGTAG-1,652,1479.0,25.0,1.6903313,652,0,T cells
ATGCACGAGAACCT-1,895,2624.0,35.0,1.3338414,895,3,B cells
ATGCACGAGTTCGA-1,682,1920.0,38.0,1.9791666,682,0,T cells
ATGCACGATTGGTG-1,1553,4856.0,94.0,1.9357495,1553,1,CD14-like monocytes
ATGCAGTGTTACCT-1,604,1396.0,29.0,2.0773637,604,3,B cells
ATGCAGTGTTCTAC-1,823,2333.0,73.0,3.1290185,823,0,T cells
ATGCCAGAACGACT-1,803,2167.0,43.0,1.9843102,803,0,T cells
ATGCCAGACAGTCA-1,646,1323.0,38.0,2.87226,646,1,CD14-like monocytes
ATGCCGCTTGAACC-1,917,2463.0,67.0,2.72026,917,1,CD14-like monocytes
ATGCGATGCTATGG-1,942,2998.0,100.0,3.3355572,942,1,CD14-like monocytes
ATGCGATGCTGAGT-1,850,2543.0,39.0,1.5336218,850,0,T cells
ATGCGATGGTTACG-1,795,2230.0,30.0,1.3452915,795,3,B cells
ATGCGCCTTCATTC-1,771,2544.0,67.0,2.633648,771,0,T cells
ATGCTTTGCGAATC-1,949,2482.0,73.0,2.9411764,949,0,T cells
ATGCTTTGGGCGAA-1,516,1083.0,25.0,2.3084025,516,2,NK / cytotoxic lymphocytes
ATGCTTTGTAGTCG-1,664,1682.0,27.0,1.6052319,664,3,B cells
ATGGACACATCGGT-1,1001,3094.0,47.0,1.5190692,1001,0,T cells
ATGGACACGCATCA-1,637,1025.0,28.0,2.7317073,637,2,NK / cytotoxic lymphocytes
ATGGGTACAACCTG-1,619,1348.0,38.0,2.818991,619,3,B cells
ATGGGTACATCGGT-1,907,1873.0,31.0,1.6550988,907,2,NK / cytotoxic lymphocytes
ATGGGTACTATTCC-1,961,2244.0,20.0,0.8912656,961,0,T cells
ATGGGTACTGGGAG-1,812,2458.0,38.0,1.5459723,812,0,T cells
ATGTAAACACCTCC-1,793,2157.0,38.0,1.761706,793,0,T cells
ATGTAAACCCGCTT-1,1043,2959.0,40.0,1.3518081,1043,0,T cells
ATGTAAACGGGATG-1,1343,3961.0,140.0,3.5344608,1343,4,Dendritic cells
ATGTAAACTCTCCG-1,1326,4770.0,125.0,2.620545,1326,0,T cells
ATGTAAACTTCACT-1,981,2707.0,66.0,2.4381232,981,1,CD14-like monocytes
ATGTACCTCAGTCA-1,675,2078.0,51.0,2.454283,675,0,T cells
ATGTACCTTAGTCG-1,937,2214.0,9.0,0.40650403,937,0,T cells
ATGTACCTTTATCC-1,631,1536.0,40.0,2.6041665,631,1,CD14-like monocytes
ATGTACCTTTCACT-1,1026,2523.0,41.0,1.6250495,1026,2,NK / cytotoxic lymphocytes
ATGTCACTAATGCC-1,1135,3558.0,70.0,1.9673973,1135,1,CD14-like monocytes
ATGTCACTCTGCTC-1,499,1016.0,35.0,3.4448817,499,0,T cells
ATGTCGGAGGTGAG-1,948,2364.0,44.0,1.8612521,948,0,T cells
ATGTTCACAGTCTG-1,801,1918.0,38.0,1.9812305,801,1,CD14-like monocytes
ATGTTCACCGTAGT-1,848,2457.0,70.0,2.8490028,848,0,T cells
ATGTTGCTTTCAGG-1,741,2016.0,29.0,1.4384921,741,0,T cells
ATTAACGATGAGAA-1,604,1291.0,53.0,4.105345,604,2,NK / cytotoxic lymphocytes
ATTAACGATGCAAC-1,864,2026.0,25.0,1.2339586,864,2,NK / cytotoxic lymphocytes
ATTAAGACTGCAGT-1,1076,3366.0,59.0,1.7528223,1076,0,T cells
ATTACCTGCCTTAT-1,1106,3536.0,55.0,1.5554298,1106,1,CD14-like monocytes
ATTACCTGGAGGAC-1,1111,3449.0,34.0,0.985793,1111,1,CD14-like monocytes
ATTAGATGTTTCAC-1,624,2061.0,30.0,1.4556041,624,0,T cells
ATTATGGAATCTCT-1,1008,2734.0,25.0,0.9144111,1008,0,T cells
ATTCAAGAACGGGA-1,908,3045.0,66.0,2.1674876,908,0,T cells
ATTCAAGACCTTTA-1,815,1974.0,42.0,2.1276596,815,0,T cells
ATTCAGCTCATTGG-1,346,917.0,27.0,2.9443839,346,5,Platelets
ATTCCAACCATTGG-1,1062,2895.0,92.0,3.1778927,1062,1,CD14-like monocytes
ATTCCAACTTAGGC-1,803,1898.0,44.0,2.3182297,803,2,NK / cytotoxic lymphocytes
ATTCGACTCACTAG-1,749,1771.0,26.0,1.4680971,749,0,T cells
ATTCGACTGAATAG-1,779,2064.0,38.0,1.8410852,779,1,CD14-like monocytes
ATTCGACTTTTGTC-1,1027,2617.0,63.0,2.4073367,1027,1,CD14-like monocytes
ATTCGGGAAAGGCG-1,1032,2999.0,60.0,2.0006669,1032,1,CD14-like monocytes
ATTCGGGATTAGGC-1,1040,3252.0,23.0,0.7072571,1040,0,T cells
ATTCTTCTGATACC-1,654,1722.0,35.0,2.0325203,654,2,NK / cytotoxic lymphocytes
ATTGAATGGACGGA-1,631,1530.0,40.0,2.6143792,631,0,T cells
ATTGATGAAGGTTC-1,755,2344.0,58.0,2.474403,755,0,T cells
ATTGATGACTGAGT-1,854,2793.0,39.0,1.396348,854,0,T cells
ATTGATGAGCGAAG-1,850,2290.0,36.0,1.5720524,850,0,T cells
ATTGATGATCTATC-1,798,2248.0,51.0,2.2686834,798,0,T cells
ATTGCACTGACGGA-1,864,3065.0,66.0,2.1533442,864,0,T cells
ATTGCACTGAGAGC-1,1078,2965.0,51.0,1.7200675,1078,1,CD14-like monocytes
ATTGCACTGGAGCA-1,690,1621.0,42.0,2.5909932,690,1,CD14-like monocytes
ATTGCACTTAGCCA-1,864,2393.0,21.0,0.87755954,864,0,T cells
ATTGCACTTGCTTT-1,1523,4892.0,108.0,2.207686,1523,1,CD14-like monocytes
ATTGCTTGTTACTC-1,838,2439.0,46.0,1.8860189,838,3,B cells
ATTGGTCTGACTAC-1,966,2507.0,57.0,2.273634,966,3,B cells
ATTGGTCTTGTCTT-1,389,752.0,10.0,1.3297873,389,3,B cells
ATTGTAGATTCCCG-1,1654,5503.0,127.0,2.307832,1654,4,Dendritic cells
ATTGTAGATTGCAG-1,808,2589.0,72.0,2.7809966,808,0,T cells
ATTGTCTGCGTACA-1,885,2317.0,44.0,1.8990073,885,0,T cells
ATTTAGGAACCATG-1,1665,5680.0,162.0,2.8521125,1665,1,CD14-like monocytes
ATTTAGGACAGAGG-1,920,2435.0,26.0,1.0677618,920,0,T cells
ATTTCCGAGATGAA-1,855,2449.0,111.0,4.532462,855,0,T cells
ATTTCCGAGTGCTA-1,807,1908.0,57.0,2.9874213,807,0,T cells
ATTTCGTGTATGGC-1,859,2244.0,47.0,2.094474,859,2,NK / cytotoxic lymphocytes
ATTTCTCTACTTTC-1,1276,4151.0,119.0,2.866779,1276,1,CD14-like monocytes
ATTTCTCTAGCAAA-1,987,2441.0,33.0,1.351905,987,0,T cells
ATTTCTCTCACTTT-1,1079,3223.0,66.0,2.0477817,1079,1,CD14-like monocytes
ATTTCTCTTCCCAC-1,678,1974.0,27.0,1.3677812,678,0,T cells
ATTTGCACAAGATG-1,626,1525.0,64.0,4.196721,626,1,CD14-like monocytes
CAAAGCACAGCTCA-1,831,2393.0,32.0,1.3372335,831,0,T cells
CAAAGCACCGTAAC-1,829,2347.0,42.0,1.7895185,829,3,B cells
CAAAGCACGGTAAA-1,1009,2138.0,30.0,1.4031805,1009,2,NK / cytotoxic lymphocytes
CAAAGCTGAAAGTG-1,547,1234.0,39.0,3.160454,547,0,T cells
CAAAGCTGTTGCTT-1,893,2486.0,59.0,2.3732905,893,1,CD14-like monocytes
CAAATATGTGACAC-1,722,2407.0,57.0,2.368093,722,0,T cells
CAAATTGAGGGCAA-1,656,1988.0,39.0,1.9617707,656,0,T cells
CAAATTGATGGAGG-1,415,846.0,33.0,3.9007094,415,1,CD14-like monocytes
CAACCAGAAAAGTG-1,773,2237.0,56.0,2.5033526,773,0,T cells
CAACCAGAAGTGCT-1,1262,4328.0,111.0,2.564695,1262,0,T cells
CAACCAGAGTTCAG-1,1218,3776.0,109.0,2.8866525,1218,1,CD14-like monocytes
CAACCAGATAGAAG-1,365,739.0,14.0,1.8944521,365,1,CD14-like monocytes
CAACCGCTGTTCAG-1,661,1991.0,71.0,3.5660472,661,0,T cells
CAACCGCTTTGAGC-1,805,2299.0,55.0,2.3923445,805,0,T cells
CAACGATGCGCAAT-1,1409,4519.0,93.0,2.0579774,1409,1,CD14-like monocytes
CAACGTGACTCCAC-1,1094,2999.0,88.0,2.9343116,1094,1,CD14-like monocytes
CAACGTGAGCCATA-1,779,1667.0,21.0,1.2597481,779,2,NK / cytotoxic lymphocytes
CAACGTGATCAAGC-1,898,2365.0,52.0,2.1987314,898,1,CD14-like monocytes
CAAGAAGACCACAA-1,830,2021.0,73.0,3.6120732,830,2,NK / cytotoxic lymphocytes
CAAGAAGACGTCTC-1,1242,3488.0,83.0,2.3795872,1242,1,CD14-like monocytes
CAAGAAGATTCTAC-1,864,2810.0,36.0,1.2811388,864,0,T cells
CAAGACTGACCTGA-1,576,1669.0,32.0,1.9173158,576,3,B cells
CAAGACTGAGTAGA-1,901,2612.0,47.0,1.7993875,901,3,B cells
CAAGCTGACCATAG-1,1274,3773.0,108.0,2.8624437,1274,1,CD14-like monocytes
CAAGCTGATCTATC-1,852,1960.0,17.0,0.86734694,852,2,NK / cytotoxic lymphocytes
CAAGGACTGTTCAG-1,1006,3133.0,74.0,2.3619535,1006,0,T cells
CAAGGACTTCTTTG-1,719,1688.0,59.0,3.4952607,719,2,NK / cytotoxic lymphocytes
CAAGGTTGCTCCAC-1,763,1896.0,33.0,1.7405063,763,0,T cells
CAAGGTTGTCATTC-1,683,1868.0,61.0,3.2655246,683,3,B cells
CAAGGTTGTCTGGA-1,957,2040.0,39.0,1.9117647,957,2,NK / cytotoxic lymphocytes
CAAGTCGAAACAGA-1,831,2294.0,109.0,4.751526,831,3,B cells
CAAGTCGATAGCGT-1,724,1724.0,58.0,3.364269,724,1,CD14-like monocytes
CAATAAACGCCATA-1,354,829.0,29.0,3.4981906,354,1,CD14-like monocytes
CAATAATGAACTGC-1,763,2255.0,70.0,3.1042128,763,1,CD14-like monocytes
CAATATGACATGGT-1,910,2766.0,75.0,2.7114966,910,0,T cells
CAATATGACCTTCG-1,749,1878.0,34.0,1.8104367,749,2,NK / cytotoxic lymphocytes
CAATATGACGTTAG-1,626,1691.0,55.0,3.2525134,626,0,T cells
CAATATGAGGAGCA-1,870,3037.0,39.0,1.284162,870,0,T cells
CAATCGGAGAAACA-1,795,2630.0,30.0,1.1406845,795,0,T cells
CAATCTACTGACTG-1,1078,2744.0,53.0,1.9314868,1078,2,NK / cytotoxic lymphocytes
CAATTCACCCAACA-1,736,1845.0,56.0,3.0352304,736,2,NK / cytotoxic lymphocytes
CAATTCACGATAGA-1,835,2479.0,39.0,1.573215,835,0,T cells
CAATTCACTTGTGG-1,402,1032.0,18.0,1.7441862,402,0,T cells
CAATTCTGCTTGTT-1,1203,3343.0,77.0,2.3033204,1203,1,CD14-like monocytes
CAATTCTGGCGTAT-1,699,1684.0,63.0,3.7410927,699,1,CD14-like monocytes
CACAACGATACGAC-1,755,2405.0,69.0,2.8690228,755,0,T cells
CACAATCTTGTTCT-1,697,1547.0,30.0,1.9392374,697,0,T cells
CACAATCTTTCCAT-1,1229,3853.0,98.0,2.5434728,1229,2,NK / cytotoxic lymphocytes
CACACCTGCTTGAG-1,637,1594.0,16.0,1.0037642,637,0,T cells
CACACCTGTATGGC-1,666,1875.0,89.0,4.7466664,666,0,T cells
CACAGAACCCTTGC-1,846,2019.0,61.0,3.0212977,846,3,B cells
CACAGAACCTGATG-1,1036,2838.0,110.0,3.875969,1036,0,T cells
CACAGATGGGATTC-1,1027,3230.0,64.0,1.9814242,1027,0,T cells
CACAGATGGTTTCT-1,831,2090.0,32.0,1.5311005,831,1,CD14-like monocytes
CACAGCCTGATACC-1,999,2831.0,72.0,2.543271,999,2,NK / cytotoxic lymphocytes
CACAGCCTTGCCAA-1,942,2294.0,67.0,2.9206626,942,1,CD14-like monocytes
CACAGCCTTGTAGC-1,891,2555.0,37.0,1.448141,891,0,T cells
CACAGTGATGAAGA-1,1007,3016.0,83.0,2.7519894,1007,1,CD14-like monocytes
CACATACTACAGCT-1,712,1854.0,29.0,1.5641855,712,2,NK / cytotoxic lymphocytes
CACATGGAACACGT-1,990,2962.0,37.0,1.249156,990,0,T cells
CACATGGAAGTCGT-1,725,2453.0,60.0,2.4459844,725,0,T cells
CACCACTGCCAACA-1,745,2259.0,47.0,2.0805666,745,0,T cells
CACCACTGGCGAAG-1,921,2221.0,32.0,1.4407924,921,2,NK / cytotoxic lymphocytes
CACCCATGTTCTGT-1,333,561.0,25.0,4.456328,333,0,T cells
CACCGGGAATCGAC-1,1042,2879.0,32.0,1.111497,1042,0,T cells
CACCGGGACGAGAG-1,895,2588.0,53.0,2.0479136,895,2,NK / cytotoxic lymphocytes
CACCGGGACGTGTA-1,873,3096.0,56.0,1.8087854,873,0,T cells
CACCGGGACTTCTA-1,1612,4297.0,176.0,4.0958805,1612,0,T cells
CACCGGGACTTGCC-1,724,1792.0,89.0,4.966518,724,2,NK / cytotoxic lymphocytes
CACCGGGATTCGGA-1,929,2329.0,84.0,3.6066983,929,2,NK / cytotoxic lymphocytes
CACCGTACTAAGGA-1,601,1657.0,41.0,2.4743512,601,3,B cells
CACCGTACTAGCGT-1,862,2715.0,57.0,2.0994475,862,0,T cells
CACCTGACACCCAA-1,908,2229.0,41.0,1.8393898,908,2,NK / cytotoxic lymphocytes
CACCTGACCAGAAA-1,658,1695.0,37.0,2.182891,658,0,T cells
CACCTGACCTCAAG-1,775,1929.0,41.0,2.1254535,775,2,NK / cytotoxic lymphocytes
CACCTGACGAAAGT-1,724,1807.0,24.0,1.3281683,724,3,B cells
CACCTGACTCGTAG-1,753,2118.0,56.0,2.6440036,753,0,T cells
CACGAAACTTCCGC-1,741,2111.0,36.0,1.705353,741,3,B cells
CACGACCTCGATAC-1,690,1766.0,38.0,2.1517553,690,3,B cells
CACGCTACAGAAGT-1,379,684.0,22.0,3.2163744,379,0,T cells
CACGCTACTGTTCT-1,608,1448.0,34.0,2.3480663,608,3,B cells
CACGGGACAGAGTA-1,927,2969.0,67.0,2.256652,927,0,T cells
CACGGGACATAAGG-1,777,2340.0,37.0,1.5811967,777,0,T cells
CACGGGACGTAGGG-1,969,2653.0,18.0,0.6784772,969,0,T cells
CACGGGTGCTTCGC-1,827,1790.0,22.0,1.2290503,827,2,NK / cytotoxic lymphocytes
CACGGGTGGAGGAC-1,709,1595.0,39.0,2.445141,709,2,NK / cytotoxic lymphocytes
CACGGGTGTGTTTC-1,385,897.0,9.0,1.0033444,385,0,T cells
CACTAACTCCTAAG-1,690,1605.0,29.0,1.8068535,690,3,B cells
CACTAACTGAAAGT-1,769,2280.0,26.0,1.1403508,769,0,T cells
CACTAGGATGATGC-1,554,1219.0,25.0,2.0508614,554,3,B cells
CACTATACCCCGTT-1,892,2570.0,37.0,1.4396887,892,3,B cells
CACTATACGTTTGG-1,761,1840.0,51.0,2.771739,761,2,NK / cytotoxic lymphocytes
CACTGAGACAGTCA-1,367,727.0,28.0,3.8514442,367,1,CD14-like monocytes
CACTGCACTTCATC-1,731,1917.0,47.0,2.4517474,731,0,T cells
CACTGCTGAGACTC-1,1103,3139.0,73.0,2.3255813,1103,1,CD14-like monocytes
CACTGCTGGAAAGT-1,944,3108.0,58.0,1.8661519,944,0,T cells
CACTTAACCGAATC-1,832,2253.0,109.0,4.837994,832,0,T cells
CACTTAACCGTACA-1,675,1522.0,41.0,2.6938238,675,3,B cells
CACTTTGACTCTAT-1,652,1552.0,34.0,2.1907215,652,2,NK / cytotoxic lymphocytes
CACTTTGAGCTGTA-1,418,802.0,12.0,1.4962593,418,2,NK / cytotoxic lymphocytes
CAGAAGCTCTCAAG-1,727,2256.0,40.0,1.7730497,727,0,T cells
CAGACATGAACGGG-1,745,2327.0,30.0,1.2892135,745,0,T cells
CAGACATGTCGACA-1,872,2519.0,48.0,1.905518,872,0,T cells
CAGACCCTAAGGTA-1,1336,4166.0,124.0,2.9764762,1336,1,CD14-like monocytes
CAGACCCTAATGCC-1,863,2292.0,112.0,4.886562,863,0,T cells
CAGACCCTAGGAGC-1,934,2716.0,59.0,2.1723123,934,0,T cells
CAGACTGAGTATGC-1,844,2712.0,55.0,2.0280237,844,0,T cells
CAGATCGAATGTCG-1,721,2192.0,96.0,4.379562,721,3,B cells
CAGATCGACCTGAA-1,432,921.0,32.0,3.4744844,432,2,NK / cytotoxic lymphocytes
CAGATCGATATGGC-1,782,2546.0,25.0,0.9819324,782,0,T cells
CAGATGACATTCTC-1,1006,2047.0,54.0,2.6380067,1006,2,NK / cytotoxic lymphocytes
CAGCAATGCCTTCG-1,834,2564.0,38.0,1.4820592,834,0,T cells
CAGCAATGGAGGGT-1,840,1698.0,31.0,1.8256773,840,2,NK / cytotoxic lymphocytes
CAGCAATGGTGCTA-1,840,2290.0,36.0,1.5720524,840,0,T cells
CAGCAATGTCTACT-1,819,2374.0,63.0,2.653749,819,1,CD14-like monocytes
CAGCAATGTGACCA-1,699,1911.0,22.0,1.1512297,699,0,T cells
CAGCAATGTGAGGG-1,489,1078.0,26.0,2.4118738,489,1,CD14-like monocytes
CAGCACCTAAGCCT-1,665,1808.0,43.0,2.3783185,665,0,T cells
CAGCACCTAGGCGA-1,576,1447.0,34.0,2.349689,576,0,T cells
CAGCACCTGTAGGG-1,1291,3872.0,113.0,2.9183886,1291,1,CD14-like monocytes
CAGCATGACAACCA-1,1102,3218.0,102.0,3.1696706,1102,1,CD14-like monocytes
CAGCATGAGACGTT-1,826,2157.0,88.0,4.0797405,826,2,NK / cytotoxic lymphocytes
CAGCCTACCCAACA-1,880,2802.0,25.0,0.8922199,880,0,T cells
CAGCCTTGCTACCC-1,738,1842.0,48.0,2.605863,738,1,CD14-like monocytes
CAGCCTTGGGGACA-1,904,2662.0,26.0,0.97670925,904,0,T cells
CAGCGGACACCCTC-1,686,1885.0,44.0,2.3342175,686,0,T cells
CAGCGGACCTTTAC-1,874,2174.0,55.0,2.529899,874,2,NK / cytotoxic lymphocytes
CAGCGTCTAAAGCA-1,887,2929.0,76.0,2.5947423,887,0,T cells
CAGCGTCTTATCGG-1,873,2532.0,98.0,3.8704581,873,0,T cells
CAGCTAGATGTGAC-1,560,1263.0,53.0,4.1963577,560,1,CD14-like monocytes
CAGCTCTGAGGCGA-1,766,1959.0,22.0,1.123022,766,0,T cells
CAGCTCTGCAAGCT-1,710,1570.0,18.0,1.1464968,710,2,NK / cytotoxic lymphocytes
CAGCTCTGTCGTAG-1,1135,3302.0,75.0,2.2713506,1135,1,CD14-like monocytes
CAGCTCTGTGTGGT-1,1054,2170.0,40.0,1.843318,1054,2,NK / cytotoxic lymphocytes
CAGGAACTAACTGC-1,805,2077.0,50.0,2.407318,805,2,NK / cytotoxic lymphocytes
CAGGAACTCTCAGA-1,724,1752.0,28.0,1.5981736,724,1,CD14-like monocytes
CAGGCCGAACACCA-1,973,2694.0,57.0,2.1158128,973,0,T cells
CAGGCCGAACACGT-1,1201,3917.0,43.0,1.0977789,1201,0,T cells
CAGGCCGAACGACT-1,575,1194.0,33.0,2.7638192,575,0,T cells
CAGGCCGAATCTCT-1,838,2444.0,31.0,1.2684125,838,1,CD14-like monocytes
CAGGCCGACTAGCA-1,865,2346.0,57.0,2.4296675,865,3,B cells
CAGGGCACCATACG-1,546,1318.0,37.0,2.8072839,546,3,B cells
CAGGGCACCCAACA-1,811,2241.0,51.0,2.2757697,811,0,T cells
CAGGGCACTCCCGT-1,884,2293.0,28.0,1.2211077,884,0,T cells
CAGGTAACAGACTC-1,886,2472.0,52.0,2.10356,886,1,CD14-like monocytes
CAGGTATGAGTCGT-1,791,2135.0,29.0,1.3583138,791,0,T cells
CAGGTATGTGCTTT-1,1026,2710.0,50.0,1.8450184,1026,0,T cells
CAGGTTGAGGATCT-1,2000,8015.0,216.0,2.694947,2000,3,B cells
CAGTGATGGACGGA-1,644,1530.0,19.0,1.2418301,644,3,B cells
CAGTGATGGCTAAC-1,763,1549.0,47.0,3.0342157,763,2,NK / cytotoxic lymphocytes
CAGTGATGGGACAG-1,969,3339.0,88.0,2.6355195,969,0,T cells
CAGTGATGTAAGGA-1,800,2269.0,39.0,1.7188189,800,3,B cells
CAGTGATGTACGCA-1,359,1015.0,32.0,3.1527095,359,0,T cells
CAGTGTGATGTCAG-1,624,2050.0,30.0,1.4634147,624,0,T cells
CAGTTACTAAGGTA-1,993,2856.0,80.0,2.8011205,993,3,B cells
CAGTTACTGATAGA-1,800,2192.0,34.0,1.5510949,800,0,T cells
CAGTTGGAAAGAGT-1,1167,3688.0,59.0,1.5997831,1167,1,CD14-like monocytes
CAGTTGGACATACG-1,833,2445.0,44.0,1.7995911,833,0,T cells
CAGTTTACACACGT-1,1871,5346.0,70.0,1.3093902,1871,2,NK / cytotoxic lymphocytes
CAGTTTACCCCAAA-1,616,1940.0,39.0,2.0103092,616,0,T cells
CATAAAACGGAGCA-1,822,2351.0,79.0,3.3602722,822,1,CD14-like monocytes
CATAAATGAACTGC-1,647,2063.0,56.0,2.7144935,647,0,T cells
CATAACCTTCTCCG-1,1000,3062.0,33.0,1.077727,1000,0,T cells
CATACTACCTCGAA-1,618,1778.0,31.0,1.743532,618,0,T cells
CATACTACCTGAAC-1,734,2431.0,17.0,0.6993007,734,0,T cells
CATACTACGTACCA-1,618,1618.0,16.0,0.98887515,618,1,CD14-like monocytes
CATACTTGGGTTAC-1,1938,7171.0,169.0,2.3567145,1938,1,CD14-like monocytes
CATAGTCTAATCGC-1,861,2913.0,53.0,1.8194301,861,0,T cells
CATAGTCTCACTTT-1,945,2713.0,99.0,3.649097,945,0,T cells
CATATAGACTAAGC-1,1032,2929.0,48.0,1.6387846,1032,4,Dendritic cells
CATATAGATCAGGT-1,723,1871.0,46.0,2.4585783,723,3,B cells
CATCAACTAGAAGT-1,984,3378.0,64.0,1.8946122,984,0,T cells
CATCAACTCCCTCA-1,994,3673.0,27.0,0.73509395,994,0,T cells
CATCAGGACTTCCG-1,771,1528.0,39.0,2.552356,771,2,NK / cytotoxic lymphocytes
CATCAGGATAGCCA-1,738,1501.0,28.0,1.8654231,738,2,NK / cytotoxic lymphocytes
CATCAGGATCCTAT-1,1583,5282.0,128.0,2.4233243,1583,1,CD14-like monocytes
CATCAGGATGCACA-1,1113,3139.0,93.0,2.9627268,1113,1,CD14-like monocytes
CATCAGGATTTCGT-1,614,1400.0,58.0,4.142857,614,1,CD14-like monocytes
CATCATACCGCATA-1,1146,3302.0,54.0,1.6353724,1146,1,CD14-like monocytes
CATCATACGGAGCA-1,615,1486.0,48.0,3.230148,615,3,B cells
CATCATACTCAAGC-1,848,2456.0,39.0,1.5879478,848,0,T cells
CATCGCTGGGATCT-1,983,2801.0,55.0,1.9635845,983,0,T cells
CATCGCTGTGGCAT-1,677,1963.0,22.0,1.1207336,677,3,B cells
CATCGGCTATGCTG-1,972,3317.0,36.0,1.0853181,972,0,T cells
CATCGGCTTTGGCA-1,791,2501.0,57.0,2.2790883,791,0,T cells
CATCTCCTATGTGC-1,827,2009.0,53.0,2.6381283,827,3,B cells
CATCTCCTCGAACT-1,804,1858.0,45.0,2.4219592,804,1,CD14-like monocytes
CATGAGACACGGGA-1,395,748.0,28.0,3.7433155,395,3,B cells
CATGAGACGTTGAC-1,843,1760.0,61.0,3.4659092,843,2,NK / cytotoxic lymphocytes
CATGAGACTCGCCT-1,493,1155.0,5.0,0.43290043,493,0,T cells
CATGCCACGGGTGA-1,741,2421.0,91.0,3.7587774,741,0,T cells
CATGCCACTGCCAA-1,941,2396.0,61.0,2.54591,941,0,T cells
CATGCGCTAGTCAC-1,1659,5344.0,128.0,2.3952098,1659,1,CD14-like monocytes
CATGCGCTCAGATC-1,742,2056.0,58.0,2.8210115,742,1,CD14-like monocytes
CATGCGCTTTGCAG-1,1517,4792.0,86.0,1.7946577,1517,1,CD14-like monocytes
CATGGCCTAGGGTG-1,559,1347.0,34.0,2.5241277,559,1,CD14-like monocytes
CATGGCCTGTGCAT-1,937,2839.0,64.0,2.254315,937,0,T cells
CATGTACTATCGTG-1,740,1619.0,32.0,1.9765288,740,2,NK / cytotoxic lymphocytes
CATGTTACAGTCGT-1,781,2188.0,42.0,1.9195613,781,2,NK / cytotoxic lymphocytes
CATGTTACCTGAGT-1,819,2259.0,40.0,1.770695,819,0,T cells
CATGTTTGGGGATG-1,813,2193.0,46.0,2.0975833,813,1,CD14-like monocytes
CATTACACACGGAG-1,578,1480.0,59.0,3.9864864,578,3,B cells
CATTACACCAACTG-1,1022,2360.0,82.0,3.4745765,1022,2,NK / cytotoxic lymphocytes
CATTACACGGAGTG-1,1191,3904.0,59.0,1.5112704,1191,0,T cells
CATTACACTACTCT-1,824,2440.0,46.0,1.8852459,824,0,T cells
CATTAGCTCCACAA-1,1146,3497.0,129.0,3.6888764,1146,1,CD14-like monocytes
CATTGACTAGCGGA-1,757,1915.0,54.0,2.8198433,757,1,CD14-like monocytes
CATTGGGACTCGAA-1,638,1397.0,44.0,3.1496062,638,0,T cells
CATTGTACAGCGTT-1,830,2233.0,50.0,2.23914,830,0,T cells
CATTGTACTCGATG-1,713,1857.0,30.0,1.6155088,713,3,B cells
CATTGTACTTATCC-1,609,1617.0,47.0,2.9066172,609,0,T cells
CATTGTACTTTGCT-1,1271,4202.0,125.0,2.974774,1271,1,CD14-like monocytes
CATTGTTGCTAGTG-1,680,2170.0,32.0,1.4746544,680,0,T cells
CATTTCGACTCTAT-1,769,1792.0,52.0,2.9017856,769,2,NK / cytotoxic lymphocytes
CATTTCGAGATACC-1,1119,2657.0,29.0,1.0914565,1119,2,NK / cytotoxic lymphocytes
CATTTGACCACACA-1,731,1688.0,49.0,2.9028437,731,2,NK / cytotoxic lymphocytes
CATTTGACCCTGAA-1,804,1729.0,24.0,1.3880856,804,2,NK / cytotoxic lymphocytes
CATTTGTGACGACT-1,781,2456.0,42.0,1.7100977,781,3,B cells
CATTTGTGCATTGG-1,916,2636.0,61.0,2.3141124,916,0,T cells
CATTTGTGCGGAGA-1,735,2444.0,92.0,3.7643209,735,0,T cells
CATTTGTGGGATCT-1,835,2461.0,40.0,1.6253555,835,3,B cells
CCAAAGTGCTACGA-1,1257,3442.0,90.0,2.614759,1257,1,CD14-like monocytes
CCAAAGTGTGAGAA-1,472,1051.0,22.0,2.0932446,472,1,CD14-like monocytes
CCAACCTGAAGTAG-1,879,2140.0,16.0,0.74766356,879,2,NK / cytotoxic lymphocytes
CCAACCTGACGTAC-1,851,2608.0,48.0,1.8404908,851,1,CD14-like monocytes
CCAACCTGTTCGCC-1,1023,3214.0,61.0,1.8979466,1023,1,CD14-like monocytes
CCAAGAACCCAATG-1,661,1742.0,29.0,1.6647531,661,0,T cells
CCAAGAACGTAGCT-1,1008,3230.0,41.0,1.2693498,1008,0,T cells
CCAAGAACGTGTCA-1,748,2333.0,30.0,1.285898,748,0,T cells
CCAAGAACTACTGG-1,845,1767.0,41.0,2.320317,845,2,NK / cytotoxic lymphocytes
CCAAGAACTCCTAT-1,393,840.0,6.0,0.71428573,393,3,B cells
CCAAGATGTCATTC-1,675,1718.0,17.0,0.9895227,675,0,T cells
CCAAGATGTTTCAC-1,843,2099.0,41.0,1.9533111,843,0,T cells
CCAAGTGAGGAACG-1,876,3006.0,74.0,2.461743,876,0,T cells
CCAAGTGATCAAGC-1,939,2712.0,47.0,1.7330384,939,0,T cells
CCAATTTGAACGTC-1,932,2671.0,28.0,1.0482965,932,1,CD14-like monocytes
CCACCATGAACGTC-1,760,2186.0,42.0,1.9213176,760,0,T cells
CCACCATGATCGGT-1,735,2497.0,37.0,1.4817781,735,0,T cells
CCACCATGGACGAG-1,1561,4782.0,131.0,2.7394395,1561,1,CD14-like monocytes
CCACCATGGGGAGT-1,752,2050.0,24.0,1.1707317,752,0,T cells
CCACCATGTCCTGC-1,940,2158.0,37.0,1.7145505,940,2,NK / cytotoxic lymphocytes
CCACTGACCCGCTT-1,705,1953.0,36.0,1.843318,705,1,CD14-like monocytes
CCACTGTGGGAAGC-1,405,866.0,37.0,4.272517,405,1,CD14-like monocytes
CCACTGTGTGTAGC-1,690,2306.0,62.0,2.6886382,690,0,T cells
CCACTTCTCGGGAA-1,1071,3466.0,126.0,3.6353145,1071,1,CD14-like monocytes
CCAGAAACCCTGTC-1,544,1200.0,14.0,1.1666666,544,3,B cells
CCAGAAACGAACTC-1,927,2588.0,36.0,1.3910356,927,0,T cells
CCAGAAACGGTCTA-1,817,2791.0,33.0,1.182372,817,0,T cells
CCAGACCTCTGAGT-1,388,795.0,19.0,2.3899372,388,1,CD14-like monocytes
CCAGACCTTGTGGT-1,560,1460.0,30.0,2.0547945,560,0,T cells
CCAGCACTGCGATT-1,1322,4090.0,99.0,2.420538,1322,1,CD14-like monocytes
CCAGCGGAAAGGCG-1,640,1572.0,35.0,2.226463,640,1,CD14-like monocytes
CCAGCGGACGACTA-1,886,2454.0,51.0,2.0782397,886,1,CD14-like monocytes
CCAGCGGATGGGAG-1,1075,3218.0,36.0,1.1187073,1075,0,T cells
CCAGCTACACAGTC-1,689,1758.0,28.0,1.592719,689,0,T cells
CCAGCTACCAGCTA-1,524,1099.0,21.0,1.9108281,524,3,B cells
CCAGGTCTACACCA-1,606,1369.0,40.0,2.9218407,606,3,B cells
CCAGGTCTAGCATC-1,802,1805.0,31.0,1.7174516,802,1,CD14-like monocytes
CCAGGTCTATGGTC-1,868,2849.0,53.0,1.860302,868,0,T cells
CCAGTCACACTGGT-1,939,3251.0,120.0,3.691172,939,1,CD14-like monocytes
CCAGTCACACTGTG-1,753,1762.0,23.0,1.3053348,753,3,B cells
CCAGTCACGTTGTG-1,770,2152.0,25.0,1.16171,770,0,T cells
CCAGTCTGCGGAGA-1,3422,15844.0,284.0,1.7924767,3422,6,Cycling cells
CCAGTGCTAACCAC-1,1105,3400.0,51.0,1.5,1105,0,T cells
CCAGTGCTCGTAGT-1,841,2562.0,55.0,2.1467605,841,0,T cells
CCATCCGAAAGCAA-1,786,2457.0,90.0,3.663004,786,0,T cells
CCATCCGAACGACT-1,445,930.0,24.0,2.580645,445,0,T cells
CCATCCGAAGGTTC-1,703,1806.0,23.0,1.2735326,703,3,B cells
CCATCCGATTCGCC-1,593,1314.0,41.0,3.1202435,593,1,CD14-like monocytes
CCATCGTGAACGGG-1,875,2207.0,37.0,1.6764839,875,0,T cells
CCATCGTGCTAGAC-1,901,2559.0,56.0,2.188355,901,1,CD14-like monocytes
CCCAACACCTCGCT-1,927,2866.0,47.0,1.6399162,927,3,B cells
CCCAACACGCATCA-1,798,2201.0,31.0,1.4084507,798,0,T cells
CCCAACACTTTGTC-1,1221,3442.0,71.0,2.0627542,1221,1,CD14-like monocytes
CCCAACTGCAATCG-1,415,853.0,14.0,1.6412661,415,1,CD14-like monocytes
CCCAGACTGCCTTC-1,1381,4757.0,93.0,1.9550138,1381,1,CD14-like monocytes
CCCAGACTGGTTTG-1,949,2559.0,39.0,1.5240328,949,3,B cells
CCCAGACTTTCGCC-1,1322,4412.0,115.0,2.6065278,1322,1,CD14-like monocytes
CCCAGTTGCAGTTG-1,1169,3416.0,64.0,1.8735362,1169,1,CD14-like monocytes
CCCAGTTGGGTACT-1,745,1757.0,45.0,2.561184,745,0,T cells
CCCAGTTGTCTATC-1,727,1925.0,32.0,1.6623375,727,3,B cells
CCCGATTGTGTTTC-1,799,2273.0,73.0,3.2116146,799,0,T cells
CCCGGAGAAGGGTG-1,490,1019.0,17.0,1.6683023,490,1,CD14-like monocytes
CCCTACGAATTGGC-1,767,1865.0,25.0,1.3404826,767,1,CD14-like monocytes
CCCTAGTGCAAAGA-1,943,2448.0,52.0,2.1241832,943,0,T cells
CCCTCAGACACTTT-1,808,2070.0,36.0,1.7391304,808,3,B cells
CCCTCAGACGAGAG-1,926,2926.0,51.0,1.7429938,926,0,T cells
CCCTCAGAGGTCAT-1,664,2024.0,33.0,1.6304348,664,0,T cells
CCCTGAACTAAAGG-1,569,1533.0,30.0,1.9569471,569,3,B cells
CCCTGATGCAACCA-1,843,2914.0,51.0,1.7501715,843,0,T cells
CCCTGATGCAAGCT-1,727,1846.0,35.0,1.8959913,727,3,B cells
CCCTTACTAACCAC-1,1222,3561.0,90.0,2.52738,1222,1,CD14-like monocytes
CCCTTACTGCAGTT-1,457,973.0,18.0,1.8499486,457,2,NK / cytotoxic lymphocytes
CCGAAAACCTTGTT-1,1515,5147.0,132.0,2.5646007,1515,1,CD14-like monocytes
CCGACACTGGTTTG-1,1138,3326.0,56.0,1.6837041,1138,0,T cells
CCGACTACCCAGTA-1,1174,3186.0,68.0,2.1343377,1174,1,CD14-like monocytes
CCGACTACCGTGTA-1,525,1456.0,28.0,1.923077,525,0,T cells
CCGACTACTGAGGG-1,878,2372.0,41.0,1.7284992,878,0,T cells
CCGATAGACCTAAG-1,525,1638.0,41.0,2.5030525,525,0,T cells
CCGATAGAGTTGGT-1,999,2958.0,61.0,2.0622041,999,1,CD14-like monocytes
CCGCGAGACACACA-1,778,2109.0,72.0,3.4139402,778,1,CD14-like monocytes
CCGCGAGAGGTTCA-1,772,1965.0,39.0,1.9847327,772,2,NK / cytotoxic lymphocytes
CCGCTATGGGACGA-1,819,2000.0,50.0,2.5,819,3,B cells
CCGCTATGTGCAAC-1,1015,2523.0,61.0,2.4177566,1015,1,CD14-like monocytes
CCGCTATGTGCACA-1,939,2854.0,62.0,2.1723895,939,1,CD14-like monocytes
CCGGTACTGTCCTC-1,856,2496.0,60.0,2.4038463,856,0,T cells
CCGTACACAAGCAA-1,715,1745.0,27.0,1.5472779,715,0,T cells
CCGTACACAGCGTT-1,793,2007.0,26.0,1.2954658,793,3,B cells
CCGTACACGTCATG-1,837,2076.0,61.0,2.938343,837,2,NK / cytotoxic lymphocytes
CCGTACACGTTGGT-1,1193,3297.0,72.0,2.1838036,1193,1,CD14-like monocytes
CCGTACACTAACGC-1,764,2042.0,80.0,3.9177277,764,2,NK / cytotoxic lymphocytes
CCTAAACTTTCGTT-1,834,2353.0,22.0,0.93497664,834,0,T cells
CCTAAGGACCCAAA-1,677,2056.0,36.0,1.7509726,677,0,T cells
CCTAAGGACTAGCA-1,625,1516.0,56.0,3.6939316,625,1,CD14-like monocytes
CCTAAGGAGGGCAA-1,420,796.0,20.0,2.5125628,420,0,T cells
CCTAAGGATGATGC-1,837,2520.0,32.0,1.2698413,837,0,T cells
CCTAAGGATGTCAG-1,874,2882.0,50.0,1.7349062,874,0,T cells
CCTACCGACTCTTA-1,679,1893.0,30.0,1.5847859,679,0,T cells
CCTACCGAGGGATG-1,811,2344.0,39.0,1.6638225,811,3,B cells
CCTAGAGAGGTGAG-1,546,1388.0,20.0,1.4409221,546,3,B cells
CCTATAACCAAAGA-1,787,2562.0,60.0,2.3419204,787,0,T cells
CCTATAACGAGACG-1,587,1506.0,36.0,2.3904383,587,1,CD14-like monocytes
CCTATAACTCAGAC-1,821,2663.0,33.0,1.2392039,821,0,T cells
CCTATAACTGCATG-1,669,1721.0,36.0,2.0918071,669,1,CD14-like monocytes
CCTCGAACACTTTC-1,813,1644.0,32.0,1.946472,813,2,NK / cytotoxic lymphocytes
CCTCGAACCCGTAA-1,780,2060.0,45.0,2.1844661,780,1,CD14-like monocytes
CCTCGAACGTATCG-1,649,1619.0,42.0,2.594194,649,0,T cells
CCTCGAACTTACTC-1,924,3184.0,63.0,1.9786432,924,0,T cells
CCTCTACTCTTCGC-1,1322,4464.0,101.0,2.2625449,1322,1,CD14-like monocytes
CCTCTACTGGCATT-1,701,2176.0,33.0,1.5165441,701,0,T cells
CCTGACTGAAGTAG-1,792,2128.0,69.0,3.2424812,792,2,NK / cytotoxic lymphocytes
CCTGACTGGGGAGT-1,817,2543.0,35.0,1.3763272,817,0,T cells
CCTGACTGTGTCTT-1,667,1619.0,63.0,3.8912911,667,3,B cells
CCTGCAACACGTTG-1,804,2096.0,48.0,2.2900765,804,1,CD14-like monocytes
CCTGGACTCGTGAT-1,593,1354.0,19.0,1.4032496,593,0,T cells
CCTTAATGCCCAAA-1,740,1853.0,37.0,1.9967619,740,3,B cells
CCTTAATGTTCTAC-1,1243,3834.0,145.0,3.781951,1243,1,CD14-like monocytes
CCTTCACTACGACT-1,859,2168.0,30.0,1.3837638,859,0,T cells
CCTTCACTCAGTCA-1,685,1420.0,40.0,2.8169014,685,3,B cells
CCTTCACTGGAGTG-1,596,1657.0,34.0,2.051901,596,1,CD14-like monocytes
CCTTTAGATTCATC-1,1193,3507.0,77.0,2.1956089,1193,1,CD14-like monocytes
CGAACATGCCCTAC-1,859,2322.0,58.0,2.4978466,859,1,CD14-like monocytes
CGAACATGTCAGAC-1,775,2211.0,32.0,1.4473089,775,0,T cells
CGAAGACTGGAACG-1,947,2444.0,68.0,2.782324,947,2,NK / cytotoxic lymphocytes
CGAAGACTGTTACG-1,689,1737.0,49.0,2.8209555,689,0,T cells
CGAAGGGAAACCTG-1,907,2158.0,26.0,1.2048192,907,2,NK / cytotoxic lymphocytes
CGAAGGGATCCGAA-1,734,1837.0,36.0,1.9597169,734,3,B cells
CGAAGTACCAACTG-1,621,1565.0,39.0,2.4920127,621,3,B cells
CGAATCGAGGAGCA-1,336,581.0,19.0,3.2702236,336,1,CD14-like monocytes
CGAATCGAGGAGGT-1,922,2512.0,48.0,1.9108281,922,0,T cells
CGACAAACCCATAG-1,802,2871.0,46.0,1.6022291,802,0,T cells
CGACAAACCGACAT-1,812,2098.0,27.0,1.2869399,812,3,B cells
CGACCACTAAAGTG-1,941,1934.0,39.0,2.016546,941,2,NK / cytotoxic lymphocytes
CGACCACTGCCAAT-1,943,1850.0,55.0,2.9729729,943,2,NK / cytotoxic lymphocytes
CGACCGGAAGGTCT-1,868,2728.0,55.0,2.016129,868,0,T cells
CGACCGGATGGAAA-1,947,2698.0,64.0,2.3721275,947,0,T cells
CGACCTTGCTAGTG-1,767,1977.0,18.0,0.9104704,767,0,T cells
CGACGTCTATCGTG-1,701,2043.0,48.0,2.349486,701,2,NK / cytotoxic lymphocytes
CGACGTCTCGTGTA-1,692,1954.0,44.0,2.2517912,692,0,T cells
CGACGTCTGAGGCA-1,423,1057.0,14.0,1.3245033,423,0,T cells
CGACTCACGTCGTA-1,775,2160.0,50.0,2.3148148,775,0,T cells
CGACTCACGTTGCA-1,500,1093.0,34.0,3.1107047,500,0,T cells
CGACTCTGTGTGAC-1,1100,3131.0,47.0,1.5011178,1100,0,T cells
CGACTGCTTCCTCG-1,812,2015.0,32.0,1.5880893,812,1,CD14-like monocytes
CGAGAACTAAGGCG-1,728,1913.0,51.0,2.6659698,728,2,NK / cytotoxic lymphocytes
CGAGAACTACGTTG-1,616,1842.0,52.0,2.8230186,616,0,T cells
CGAGAACTTGTTCT-1,928,2551.0,38.0,1.4896119,928,1,CD14-like monocytes
CGAGATTGGACACT-1,835,1943.0,29.0,1.4925373,835,2,NK / cytotoxic lymphocytes
CGAGATTGGCCATA-1,454,1042.0,28.0,2.6871402,454,2,NK / cytotoxic lymphocytes
CGAGCCGAACACCA-1,812,2385.0,74.0,3.1027253,812,0,T cells
CGAGCCGAGGCGAA-1,769,2447.0,80.0,3.2693093,769,0,T cells
CGAGCGTGCTCCAC-1,1058,3303.0,69.0,2.08901,1058,0,T cells
CGAGCGTGGATACC-1,914,3360.0,48.0,1.4285715,914,0,T cells
CGAGCGTGTATGCG-1,628,1530.0,56.0,3.660131,628,1,CD14-like monocytes
CGAGGAGACCTCCA-1,649,1531.0,35.0,2.2860875,649,3,B cells
CGAGGAGATGTCGA-1,452,1069.0,36.0,3.3676333,452,0,T cells
CGAGGCACCTATGG-1,754,1975.0,37.0,1.8734177,754,2,NK / cytotoxic lymphocytes
CGAGGCACTATGCG-1,1327,4177.0,121.0,2.896816,1327,1,CD14-like monocytes
CGAGGCACTCTTCA-1,776,1827.0,35.0,1.9157088,776,2,NK / cytotoxic lymphocytes
CGAGGCTGACGCTA-1,670,1373.0,27.0,1.9664967,670,2,NK / cytotoxic lymphocytes
CGAGGCTGGCAGTT-1,1017,2940.0,65.0,2.2108843,1017,1,CD14-like monocytes
CGAGGGCTACGACT-1,599,1663.0,35.0,2.1046302,599,3,B cells
CGAGGGCTCGAATC-1,431,905.0,26.0,2.8729281,431,0,T cells
CGAGTATGTCACCC-1,967,2745.0,92.0,3.3515482,967,1,CD14-like monocytes
CGATACGAACAGTC-1,1077,3047.0,55.0,1.8050542,1077,1,CD14-like monocytes
CGATACGACAGGAG-1,2033,6733.0,149.0,2.2129807,2033,6,Cycling cells
CGATACGATTCACT-1,731,2023.0,29.0,1.4335146,731,3,B cells
CGATAGACCCGTAA-1,533,1222.0,45.0,3.6824877,533,1,CD14-like monocytes
CGATAGACCGTACA-1,926,2090.0,16.0,0.76555026,926,0,T cells
CGATAGACGTAGGG-1,725,1830.0,55.0,3.0054646,725,1,CD14-like monocytes
CGATAGACTGTTCT-1,559,1299.0,30.0,2.3094687,559,0,T cells
CGATCAGAAGAACA-1,870,2199.0,48.0,2.1828103,870,2,NK / cytotoxic lymphocytes
CGATCAGAGAGGGT-1,964,2723.0,55.0,2.019831,964,0,T cells
CGATCAGAGGTACT-1,1341,5142.0,59.0,1.1474135,1341,0,T cells
CGATCAGATGTGAC-1,1981,6916.0,68.0,0.9832273,1981,4,Dendritic cells
CGATCCACCGGGAA-1,1103,3231.0,72.0,2.2284122,1103,2,NK / cytotoxic lymphocytes
CGATCCACTTCCAT-1,326,591.0,12.0,2.0304568,326,3,B cells
CGCAAATGCTCGAA-1,428,1012.0,47.0,4.644269,428,0,T cells
CGCAACCTCCTTGC-1,808,2312.0,35.0,1.5138408,808,0,T cells
CGCAACCTGGACGA-1,821,2322.0,46.0,1.9810508,821,0,T cells
CGCACGGAGGACGA-1,554,1171.0,29.0,2.4765158,554,3,B cells
CGCACGGATCTTTG-1,596,1932.0,62.0,3.2091095,596,0,T cells
CGCACTACAGAATG-1,680,1864.0,23.0,1.2339056,680,0,T cells
CGCACTACAGCCAT-1,1034,3379.0,35.0,1.0358094,1034,0,T cells
CGCACTACATTGGC-1,849,2816.0,51.0,1.8110795,849,0,T cells
CGCACTACTCGCCT-1,566,1284.0,26.0,2.0249221,566,3,B cells
CGCACTACTCGTGA-1,879,2071.0,49.0,2.3660069,879,0,T cells
CGCACTTGTCACGA-1,1091,3086.0,54.0,1.749838,1091,1,CD14-like monocytes
CGCAGGACAGATCC-1,823,2213.0,75.0,3.3890646,823,2,NK / cytotoxic lymphocytes
CGCAGGACCTACTT-1,447,1067.0,20.0,1.8744143,447,0,T cells
CGCAGGACTTGTCT-1,1688,5163.0,114.0,2.2080188,1688,1,CD14-like monocytes
CGCAGGTGCACTGA-1,868,2754.0,82.0,2.9774873,868,0,T cells
CGCAGGTGCCATAG-1,1254,4316.0,127.0,2.9425395,1254,1,CD14-like monocytes
CGCAGGTGGGAACG-1,942,2280.0,64.0,2.8070176,942,0,T cells
CGCATAGATCACGA-1,462,955.0,11.0,1.1518325,462,1,CD14-like monocytes
CGCCATACTGCAAC-1,1055,3448.0,53.0,1.537123,1055,0,T cells
CGCCATTGAGAGGC-1,852,2763.0,61.0,2.2077453,852,0,T cells
CGCCATTGCTATGG-1,738,1794.0,32.0,1.7837236,738,0,T cells
CGCCATTGGAGACG-1,804,2288.0,38.0,1.6608391,804,0,T cells
CGCCATTGGAGCAG-1,775,2024.0,93.0,4.5948615,775,3,B cells
CGCCATTGTACTGG-1,726,1687.0,32.0,1.8968585,726,3,B cells
CGCCGAGAGCTTAG-1,993,2047.0,33.0,1.6121153,993,2,NK / cytotoxic lymphocytes
CGCCTAACGAATGA-1,1462,4604.0,84.0,1.8245004,1462,4,Dendritic cells
CGCCTAACTGCTCC-1,1007,3490.0,55.0,1.5759312,1007,0,T cells
CGCGAGACACAGCT-1,798,2246.0,73.0,3.2502227,798,0,T cells
CGCGAGACAGGTCT-1,1036,3174.0,100.0,3.1505988,1036,3,B cells
CGCGAGACGCTACA-1,786,1969.0,33.0,1.6759777,786,2,NK / cytotoxic lymphocytes
CGCGATCTCAGTCA-1,948,2556.0,34.0,1.3302034,948,1,CD14-like monocytes
CGCGATCTGTTGAC-1,743,2110.0,55.0,2.606635,743,1,CD14-like monocytes
CGCGATCTTTCTTG-1,761,2394.0,56.0,2.3391814,761,3,B cells
CGCGGATGGCCAAT-1,838,2266.0,29.0,1.2797881,838,0,T cells
CGCTAAGAATGTCG-1,1040,2703.0,15.0,0.5549389,1040,0,T cells
CGCTAAGACAACTG-1,859,2772.0,58.0,2.0923522,859,0,T cells
CGCTAAGACCCTTG-1,867,2620.0,53.0,2.0229008,867,0,T cells
CGCTACTGAACAGA-1,1188,3808.0,107.0,2.809874,1188,1,CD14-like monocytes
CGCTACTGAGAACA-1,846,2461.0,25.0,1.0158472,846,0,T cells
CGCTACTGTGAGCT-1,687,1926.0,16.0,0.8307373,687,0,T cells
CGCTACTGTTCCCG-1,672,1368.0,43.0,3.1432748,672,0,T cells
CGCTCATGCATTTC-1,629,1469.0,33.0,2.2464263,629,1,CD14-like monocytes
CGGAATTGGTTTGG-1,725,1897.0,43.0,2.266737,725,0,T cells
CGGAATTGTGGAGG-1,660,1544.0,11.0,0.71243525,660,0,T cells
CGGACCGATGCGTA-1,809,1835.0,24.0,1.307902,809,2,NK / cytotoxic lymphocytes
CGGACCGATGGGAG-1,469,985.0,26.0,2.6395938,469,0,T cells
CGGACTCTAAACAG-1,600,1659.0,33.0,1.98915,600,3,B cells
CGGACTCTCCAATG-1,812,2003.0,44.0,2.1967049,812,0,T cells
CGGACTCTCCTCGT-1,856,1875.0,34.0,1.8133333,856,2,NK / cytotoxic lymphocytes
CGGAGGCTATTCCT-1,397,848.0,41.0,4.8349056,397,0,T cells
CGGAGGCTTGGATC-1,786,2836.0,34.0,1.1988716,786,0,T cells
CGGATAACAACGAA-1,895,2578.0,26.0,1.0085338,895,1,CD14-like monocytes
CGGATAACAGCTCA-1,882,2432.0,32.0,1.3157895,882,0,T cells
CGGATAACTCAGTG-1,449,959.0,23.0,2.3983316,449,1,CD14-like monocytes
CGGCACGAACTCAG-1,890,2271.0,83.0,3.6547775,890,2,NK / cytotoxic lymphocytes
CGGCACGAAGGGTG-1,823,2437.0,74.0,3.0365202,823,0,T cells
CGGCACGACTACGA-1,1051,2839.0,99.0,3.4871433,1051,1,CD14-like monocytes
CGGCATCTTAGAAG-1,823,1982.0,46.0,2.320888,823,0,T cells
CGGCATCTTCGTAG-1,1055,3312.0,66.0,1.9927537,1055,1,CD14-like monocytes
CGGCCAGAAAGGTA-1,741,2077.0,50.0,2.407318,741,0,T cells
CGGCCAGAGAGGCA-1,999,2410.0,56.0,2.3236516,999,2,NK / cytotoxic lymphocytes
CGGCGAACCAGTCA-1,1241,3765.0,79.0,2.0982735,1241,1,CD14-like monocytes
CGGCGAACGACAAA-1,790,1589.0,14.0,0.88105726,790,2,NK / cytotoxic lymphocytes
CGGCGAACGGTCTA-1,878,2498.0,39.0,1.5612489,878,0,T cells
CGGCGAACTACTTC-1,778,1729.0,35.0,2.0242915,778,2,NK / cytotoxic lymphocytes
CGGGACTGCGTGTA-1,1066,4278.0,107.0,2.5011687,1066,0,T cells
CGGGACTGGAATAG-1,815,2013.0,68.0,3.3780427,815,2,NK / cytotoxic lymphocytes
CGGGCATGACCCAA-1,465,1032.0,48.0,4.6511626,465,2,NK / cytotoxic lymphocytes
CGGGCATGTCTCTA-1,1079,2865.0,59.0,2.0593367,1079,2,NK / cytotoxic lymphocytes
CGGGCATGTTGTGG-1,743,2197.0,36.0,1.6385982,743,0,T cells
CGGTAAACTCGCAA-1,1098,3145.0,43.0,1.3672496,1098,0,T cells
CGGTCACTGTTTGG-1,807,2140.0,39.0,1.8224299,807,0,T cells
CGGTCACTTACTTC-1,1120,3248.0,43.0,1.3238916,1120,0,T cells
CGTAACGATCGCCT-1,1025,3416.0,53.0,1.5515223,1025,0,T cells
CGTACCACACACAC-1,805,2085.0,36.0,1.7266188,805,0,T cells
CGTACCACACGTTG-1,676,2159.0,32.0,1.4821676,676,0,T cells
CGTACCACCTCATT-1,828,2382.0,53.0,2.225021,828,0,T cells
CGTACCACGGAGCA-1,763,2132.0,42.0,1.9699812,763,0,T cells
CGTACCTGGCATCA-1,997,2473.0,62.0,2.5070765,997,2,NK / cytotoxic lymphocytes
CGTAGCCTCTCTCG-1,852,2311.0,47.0,2.0337517,852,1,CD14-like monocytes
CGTAGCCTGCGAAG-1,866,2242.0,27.0,1.2042818,866,0,T cells
CGTAGCCTGTATGC-1,1118,3499.0,144.0,4.1154613,1118,1,CD14-like monocytes
CGTCAAGAAAGGTA-1,508,1114.0,27.0,2.4236984,508,1,CD14-like monocytes
CGTCAAGAACGTGT-1,928,2816.0,44.0,1.5625,928,0,T cells
CGTCAAGACAGAGG-1,958,2750.0,53.0,1.9272728,958,0,T cells
CGTCAAGACAGGAG-1,932,2163.0,43.0,1.9879798,932,2,NK / cytotoxic lymphocytes
CGTCCATGCTCTTA-1,892,2746.0,36.0,1.3109978,892,0,T cells
CGTCGACTTTCCGC-1,905,2190.0,36.0,1.6438355,905,2,NK / cytotoxic lymphocytes
CGTGATGACGCTAA-1,494,909.0,17.0,1.870187,494,0,T cells
CGTGATGAGGTTCA-1,710,1749.0,56.0,3.2018297,710,0,T cells
CGTGCACTTATGGC-1,1068,3071.0,47.0,1.530446,1068,1,CD14-like monocytes
CGTGTAGAAAAACG-1,795,2028.0,44.0,2.1696253,795,0,T cells
CGTGTAGACGATAC-1,787,1654.0,24.0,1.4510278,787,2,NK / cytotoxic lymphocytes
CGTGTAGAGTTACG-1,951,2075.0,37.0,1.7831326,951,2,NK / cytotoxic lymphocytes
CGTGTAGAGTTCAG-1,720,1890.0,33.0,1.7460319,720,1,CD14-like monocytes
CGTGTAGATTCGGA-1,842,1674.0,27.0,1.6129031,842,2,NK / cytotoxic lymphocytes
CGTTAGGAAACCAC-1,890,2243.0,45.0,2.0062418,890,0,T cells
CGTTAGGATCATTC-1,1355,4084.0,50.0,1.2242899,1355,1,CD14-like monocytes
CGTTATACCCTGAA-1,1005,2389.0,78.0,3.2649643,1005,2,NK / cytotoxic lymphocytes
CGTTTAACTGGTCA-1,872,2767.0,39.0,1.4094687,872,0,T cells
CTAAACCTCTGACA-1,1185,2533.0,92.0,3.6320567,1185,2,NK / cytotoxic lymphocytes
CTAAACCTGTGCAT-1,912,2520.0,36.0,1.4285715,912,3,B cells
CTAACACTAACGTC-1,869,2764.0,104.0,3.762663,869,0,T cells
CTAACACTAGTGCT-1,894,2355.0,54.0,2.2929935,894,1,CD14-like monocytes
CTAACGGAACCGAT-1,997,1999.0,31.0,1.5507754,997,2,NK / cytotoxic lymphocytes
CTAACGGATTTCTG-1,770,2257.0,31.0,1.3735046,770,0,T cells
CTAACTACGGCAAG-1,554,1287.0,16.0,1.2432013,554,0,T cells
CTAAGGACACCATG-1,806,2135.0,57.0,2.6697893,806,0,T cells
CTAAGGACCGTTAG-1,1426,5485.0,96.0,1.7502278,1426,0,T cells
CTAAGGACGCCATA-1,1012,2879.0,57.0,1.9798541,1012,1,CD14-like monocytes
CTAAGGTGCCTAAG-1,452,1111.0,20.0,1.8001801,452,3,B cells
CTAAGGTGTTGCAG-1,896,2959.0,113.0,3.8188577,896,0,T cells
CTAAGGTGTTTCTG-1,426,1009.0,9.0,0.89197224,426,0,T cells
CTAATAGAGCTATG-1,239,600.0,1.0,0.16666667,239,0,T cells
CTAATGCTTGTGGT-1,829,2067.0,59.0,2.8543782,829,1,CD14-like monocytes
CTACAACTCCCGTT-1,895,2194.0,45.0,2.0510483,895,2,NK / cytotoxic lymphocytes
CTACCTCTCAACCA-1,787,2334.0,19.0,0.8140531,787,0,T cells
CTACGCACACCTAG-1,1139,3713.0,93.0,2.504713,1139,1,CD14-like monocytes
CTACGCACTCTCCG-1,925,2639.0,35.0,1.32626,925,0,T cells
CTACGCACTGGTCA-1,1015,2471.0,51.0,2.0639417,1015,2,NK / cytotoxic lymphocytes
CTACGGCTTTCTTG-1,1360,3914.0,65.0,1.6607052,1360,1,CD14-like monocytes
CTACTATGAACCAC-1,1097,3188.0,77.0,2.4153075,1097,1,CD14-like monocytes
CTACTATGATGTGC-1,650,1663.0,39.0,2.3451593,650,1,CD14-like monocytes
CTACTATGCTAAGC-1,853,2706.0,65.0,2.4020693,853,0,T cells
CTACTATGTAAAGG-1,549,1265.0,32.0,2.5296443,549,3,B cells
CTACTCCTATGTCG-1,1052,2181.0,40.0,1.8340211,1052,2,NK / cytotoxic lymphocytes
CTACTCCTGCCATA-1,307,586.0,22.0,3.7542663,307,1,CD14-like monocytes
CTAGAGACACTTTC-1,1152,3201.0,61.0,1.9056545,1152,0,T cells
CTAGAGACAGCATC-1,907,2206.0,18.0,0.8159565,907,2,NK / cytotoxic lymphocytes
CTAGAGACTTTGGG-1,1628,5522.0,185.0,3.3502355,1628,1,CD14-like monocytes
CTAGATCTCTCTAT-1,731,1822.0,33.0,1.8111964,731,0,T cells
CTAGATCTTCGACA-1,897,2392.0,34.0,1.4214047,897,0,T cells
CTAGGATGAGCCTA-1,1749,5878.0,92.0,1.5651581,1749,3,B cells
CTAGGATGATCGTG-1,762,2159.0,37.0,1.7137563,762,3,B cells
CTAGGCCTCTCAGA-1,712,1998.0,4.0,0.2002002,712,0,T cells
CTAGGTGATGGTTG-1,1195,3254.0,63.0,1.9360787,1195,1,CD14-like monocytes
CTAGTTACCAGAGG-1,851,2741.0,53.0,1.9336009,851,0,T cells
CTAGTTACCGCATA-1,864,2360.0,52.0,2.20339,864,0,T cells
CTAGTTACGAAACA-1,968,2247.0,51.0,2.269693,968,2,NK / cytotoxic lymphocytes
CTATAAGATCGTTT-1,845,2736.0,29.0,1.0599415,845,3,B cells
CTATACTGAGGTTC-1,331,732.0,3.0,0.40983605,331,1,CD14-like monocytes
CTATACTGCCAGTA-1,840,2692.0,57.0,2.1173847,840,0,T cells
CTATACTGCGCTAA-1,734,1857.0,30.0,1.6155088,734,1,CD14-like monocytes
CTATACTGCTACGA-1,948,2130.0,40.0,1.8779343,948,2,NK / cytotoxic lymphocytes
CTATACTGTCTCAT-1,842,1774.0,71.0,4.002255,842,2,NK / cytotoxic lymphocytes
CTATACTGTTCGTT-1,1543,4789.0,59.0,1.23199,1543,0,T cells
CTATAGCTGTCACA-1,661,2124.0,42.0,1.977401,661,0,T cells
CTATAGCTTCGCTC-1,981,2543.0,70.0,2.7526543,981,1,CD14-like monocytes
CTATAGCTTGCCTC-1,912,2498.0,85.0,3.4027224,912,1,CD14-like monocytes
CTATCAACGAACTC-1,912,2522.0,54.0,2.1411576,912,0,T cells
CTATCAACGCAGAG-1,1063,3163.0,71.0,2.2447045,1063,0,T cells
CTATCAACTTTGGG-1,683,2057.0,69.0,3.3543997,683,0,T cells
CTATCCCTCCACCT-1,823,2173.0,48.0,2.2089279,823,1,CD14-like monocytes
CTATGTACGAGAGC-1,996,3145.0,37.0,1.1764706,996,0,T cells
CTATGTACGCTTAG-1,695,2074.0,40.0,1.9286404,695,0,T cells
CTATGTACTGTTTC-1,1483,4826.0,58.0,1.2018235,1483,0,T cells
CTATGTTGAAAGCA-1,927,3168.0,62.0,1.9570706,927,0,T cells
CTATGTTGTCCTCG-1,574,1635.0,23.0,1.4067278,574,0,T cells
CTATGTTGTCTCGC-1,1052,3494.0,85.0,2.4327419,1052,0,T cells
CTATTGACAAACGA-1,571,1289.0,55.0,4.2668734,571,1,CD14-like monocytes
CTATTGACACTGGT-1,1028,2940.0,65.0,2.2108843,1028,1,CD14-like monocytes
CTATTGACGGTGAG-1,1263,3968.0,64.0,1.6129031,1263,1,CD14-like monocytes
CTATTGTGGCAAGG-1,671,1939.0,70.0,3.6101084,671,2,NK / cytotoxic lymphocytes
CTCAATTGGTTCAG-1,958,3237.0,44.0,1.3592833,958,0,T cells
CTCAATTGGTTGCA-1,747,1908.0,60.0,3.1446543,747,1,CD14-like monocytes
CTCAGAGATAGAAG-1,866,2568.0,35.0,1.3629284,866,0,T cells
CTCAGCACTCTAGG-1,896,2344.0,47.0,2.0051193,896,0,T cells
CTCAGCACTGAACC-1,489,1153.0,17.0,1.4744146,489,1,CD14-like monocytes
CTCAGCACTTGCAG-1,643,1860.0,29.0,1.5591397,643,0,T cells
CTCAGCTGAACCTG-1,923,2928.0,75.0,2.5614753,923,1,CD14-like monocytes
CTCAGCTGCAGTTG-1,820,2342.0,58.0,2.4765158,820,0,T cells
CTCAGGCTCGTTGA-1,1466,4505.0,111.0,2.463929,1466,1,CD14-like monocytes
CTCAGGCTGCTAAC-1,550,1198.0,20.0,1.6694492,550,0,T cells
CTCATTGACCTTAT-1,1112,3103.0,21.0,0.6767644,1112,0,T cells
CTCATTGATGCTTT-1,1006,3007.0,64.0,2.1283672,1006,1,CD14-like monocytes
CTCCACGAGAGATA-1,1448,4639.0,94.0,2.0262988,1448,4,Dendritic cells
CTCCATCTCTTAGG-1,727,2109.0,25.0,1.185396,727,0,T cells
CTCCATCTGACGAG-1,899,2887.0,44.0,1.5240735,899,0,T cells
CTCCGAACAAGTGA-1,998,2446.0,55.0,2.248569,998,1,CD14-like monocytes
CTCCTACTGCCTTC-1,563,1292.0,48.0,3.7151701,563,1,CD14-like monocytes
CTCGAAGATGTGGT-1,870,2952.0,68.0,2.303523,870,0,T cells
CTCGAAGATTAGGC-1,903,2373.0,23.0,0.96923727,903,1,CD14-like monocytes
CTCGACTGCTCTAT-1,516,1144.0,12.0,1.048951,516,0,T cells
CTCGACTGGGTGAG-1,754,2023.0,35.0,1.7301037,754,0,T cells
CTCGACTGGTTGAC-1,879,1814.0,41.0,2.2601984,879,2,NK / cytotoxic lymphocytes
CTCGAGCTCTGGAT-1,588,1157.0,11.0,0.9507347,588,2,NK / cytotoxic lymphocytes
CTCGCATGACTTTC-1,740,1839.0,79.0,4.295813,740,0,T cells
CTCGCATGCTTAGG-1,798,2190.0,78.0,3.5616438,798,0,T cells
CTCTAAACCTCGAA-1,798,2272.0,24.0,1.056338,798,0,T cells
CTCTAAACGGCGAA-1,653,2003.0,35.0,1.747379,653,0,T cells
CTCTAATGTCCAAG-1,902,2339.0,70.0,2.9927318,902,1,CD14-like monocytes
CTGAACGACAGTCA-1,990,2732.0,24.0,0.8784773,990,0,T cells
CTGAACGATGAGGG-1,724,1538.0,36.0,2.340702,724,0,T cells
CTGAAGACCCAACA-1,953,2753.0,74.0,2.6879766,953,0,T cells
CTGAAGACGTGCAT-1,891,2300.0,59.0,2.5652175,891,3,B cells
CTGAAGTGAAGCCT-1,1437,4073.0,122.0,2.995335,1437,1,CD14-like monocytes
CTGAAGTGCAGCTA-1,653,1717.0,23.0,1.3395457,653,3,B cells
CTGAAGTGGCTATG-1,714,1891.0,16.0,0.84611315,714,0,T cells
CTGAAGTGTCCAGA-1,956,3300.0,20.0,0.60606056,956,0,T cells
CTGAATCTGAATAG-1,877,2023.0,38.0,1.8783984,877,0,T cells
CTGACAGAATCGTG-1,1012,2700.0,28.0,1.037037,1012,2,NK / cytotoxic lymphocytes
CTGACCACAGCAAA-1,824,2478.0,20.0,0.8071025,824,0,T cells
CTGAGAACCGGGAA-1,1077,3916.0,81.0,2.0684373,1077,0,T cells
CTGAGAACGTAAAG-1,740,1420.0,25.0,1.7605635,740,2,NK / cytotoxic lymphocytes
CTGATACTAGTAGA-1,692,2229.0,36.0,1.615074,692,0,T cells
CTGATTTGGTGTTG-1,1063,2994.0,35.0,1.1690047,1063,1,CD14-like monocytes
CTGCAGCTAACCGT-1,771,2674.0,91.0,3.4031413,771,0,T cells
CTGCAGCTGACACT-1,808,3102.0,22.0,0.7092198,808,0,T cells
CTGCAGCTGGATTC-1,1389,4046.0,63.0,1.5570934,1389,1,CD14-like monocytes
CTGCAGCTTGGCAT-1,1264,3900.0,90.0,2.3076923,1264,2,NK / cytotoxic lymphocytes
CTGCCAACAGGAGC-1,952,2857.0,85.0,2.9751487,952,0,T cells
CTGCCAACCAGCTA-1,816,2211.0,28.0,1.2663953,816,0,T cells
CTGCCAACTAACCG-1,795,2264.0,46.0,2.0318022,795,1,CD14-like monocytes
CTGCCAACTGCTCC-1,795,1870.0,51.0,2.7272727,795,2,NK / cytotoxic lymphocytes
CTGCCAACTTGCAG-1,760,2344.0,76.0,3.242321,760,0,T cells
CTGCCAACTTGCTT-1,886,2332.0,53.0,2.2727273,886,2,NK / cytotoxic lymphocytes
CTGCGACTCCACCT-1,349,688.0,24.0,3.4883723,349,2,NK / cytotoxic lymphocytes
CTGGAAACAAACGA-1,868,2367.0,68.0,2.8728347,868,2,NK / cytotoxic lymphocytes
CTGGAAACATCGAC-1,842,2151.0,30.0,1.3947002,842,0,T cells
CTGGATGACTGGAT-1,819,2037.0,57.0,2.7982326,819,2,NK / cytotoxic lymphocytes
CTGGATGACTTGTT-1,626,1457.0,60.0,4.1180506,626,0,T cells
CTGGATGATGTGAC-1,418,869.0,14.0,1.6110473,418,3,B cells
CTGGCACTCAAGCT-1,903,2565.0,50.0,1.9493177,903,1,CD14-like monocytes
CTGTAACTAACCAC-1,838,2167.0,64.0,2.9533918,838,0,T cells
CTGTAACTAGCGTT-1,723,1983.0,19.0,0.9581442,723,0,T cells
CTGTATACGTAAAG-1,436,979.0,20.0,2.042901,436,0,T cells
CTGTATACGTACGT-1,1112,3504.0,121.0,3.4531963,1112,1,CD14-like monocytes
CTGTATACGTTGGT-1,724,1828.0,16.0,0.8752735,724,0,T cells
CTGTGAGACAACCA-1,1299,4059.0,93.0,2.2912047,1299,1,CD14-like monocytes
CTGTGAGACCTTGC-1,719,1662.0,70.0,4.211793,719,2,NK / cytotoxic lymphocytes
CTGTGAGACGAACT-1,843,2277.0,31.0,1.3614405,843,1,CD14-like monocytes
CTGTGAGACTGTAG-1,1090,3256.0,77.0,2.3648648,1090,1,CD14-like monocytes
CTTAAAGAACCTGA-1,696,2297.0,36.0,1.5672617,696,0,T cells
CTTAACACCTGTAG-1,885,2068.0,35.0,1.6924566,885,0,T cells
CTTAACACTATCGG-1,627,1748.0,40.0,2.2883296,627,3,B cells
CTTAAGCTACCTAG-1,809,2362.0,49.0,2.0745132,809,0,T cells
CTTAAGCTAGTACC-1,423,920.0,16.0,1.7391304,423,0,T cells
CTTAAGCTCATCAG-1,729,1860.0,57.0,3.064516,729,0,T cells
CTTAAGCTCCGCTT-1,853,2374.0,71.0,2.990733,853,3,B cells
CTTACAACTAACGC-1,855,2369.0,41.0,1.7306881,855,0,T cells
CTTACAACTCCCGT-1,608,1505.0,18.0,1.1960133,608,1,CD14-like monocytes
CTTACTGACGTACA-1,627,1857.0,41.0,2.2078621,627,0,T cells
CTTAGACTAAACGA-1,823,2396.0,31.0,1.293823,823,0,T cells
CTTAGGGACTTGCC-1,1063,2991.0,20.0,0.6686727,1063,0,T cells
CTTAGGGAGAATCC-1,575,1638.0,38.0,2.3199024,575,0,T cells
CTTATCGACTCATT-1,743,1966.0,38.0,1.9328587,743,0,T cells
CTTCACCTACCTGA-1,1528,4888.0,117.0,2.3936172,1528,1,CD14-like monocytes
CTTCATGAAGCATC-1,681,1927.0,34.0,1.7644007,681,3,B cells
CTTCATGAAGTACC-1,544,1324.0,25.0,1.8882176,544,0,T cells
CTTCATGACCGAAT-1,422,937.0,33.0,3.5218782,422,2,NK / cytotoxic lymphocytes
CTTGAACTACGCAT-1,731,2077.0,34.0,1.6369764,731,0,T cells
CTTGATTGAGGTTC-1,920,2005.0,34.0,1.6957605,920,2,NK / cytotoxic lymphocytes
CTTGATTGATCTTC-1,761,2094.0,53.0,2.531041,761,1,CD14-like monocytes
CTTGATTGCATTCT-1,884,2276.0,67.0,2.9437609,884,0,T cells
CTTGATTGTTTCGT-1,982,3235.0,36.0,1.1128284,982,0,T cells
CTTGTATGACACCA-1,784,2020.0,26.0,1.2871287,784,3,B cells
CTTGTATGCGCAAT-1,496,1035.0,20.0,1.9323671,496,3,B cells
CTTTACGAGCGAAG-1,573,1483.0,60.0,4.045853,573,0,T cells
CTTTAGACCGTGAT-1,521,1507.0,38.0,2.5215662,521,0,T cells
CTTTAGACGAGACG-1,663,2251.0,47.0,2.087961,663,0,T cells
CTTTAGACGATACC-1,794,2500.0,29.0,1.16,794,0,T cells
CTTTAGACGTTGGT-1,975,2937.0,97.0,3.3026896,975,0,T cells
CTTTAGACTCATTC-1,856,2511.0,81.0,3.2258062,856,2,NK / cytotoxic lymphocytes
CTTTAGTGACGGGA-1,978,2214.0,45.0,2.0325203,978,2,NK / cytotoxic lymphocytes
CTTTAGTGGGTGGA-1,590,1648.0,26.0,1.57767,590,0,T cells
CTTTCAGAGAAACA-1,905,2496.0,34.0,1.3621795,905,0,T cells
CTTTGATGAGCACT-1,695,2020.0,28.0,1.3861386,695,0,T cells
CTTTGATGTCTAGG-1,816,1935.0,57.0,2.9457364,816,2,NK / cytotoxic lymphocytes
CTTTGATGTGTCCC-1,976,3462.0,83.0,2.397458,976,0,T cells
CTTTGATGTGTGGT-1,816,2490.0,41.0,1.6465863,816,0,T cells
GAAACAGAACTACG-1,753,1960.0,27.0,1.377551,753,0,T cells
GAAACAGAATCACG-1,791,2180.0,44.0,2.0183487,791,0,T cells
GAAACAGACATTCT-1,858,2572.0,40.0,1.55521,858,0,T cells
GAAACCTGATCGTG-1,813,2487.0,34.0,1.367109,813,0,T cells
GAAACCTGATGCCA-1,841,2390.0,53.0,2.2175734,841,0,T cells
GAAACCTGCTTATC-1,1085,3639.0,37.0,1.0167629,1085,0,T cells
GAAACCTGGACTAC-1,1692,5328.0,138.0,2.59009,1692,1,CD14-like monocytes
GAAACCTGTGCTAG-1,716,1723.0,29.0,1.683111,716,0,T cells
GAAAGATGATTTCC-1,955,2501.0,31.0,1.2395042,955,0,T cells
GAAAGATGCTGATG-1,1467,4691.0,109.0,2.3235984,1467,1,CD14-like monocytes
GAAAGATGCTTCGC-1,741,2316.0,23.0,0.9930915,741,1,CD14-like monocytes
GAAAGATGTAAGGA-1,296,651.0,27.0,4.1474657,296,0,T cells
GAAAGCCTACGTTG-1,738,2282.0,42.0,1.8404908,738,3,B cells
GAAAGTGAAAGTGA-1,1573,6177.0,160.0,2.590254,1573,4,Dendritic cells
GAAAGTGACCACAA-1,1119,3255.0,86.0,2.6420891,1119,1,CD14-like monocytes
GAAAGTGACTCAAG-1,918,3359.0,85.0,2.530515,918,0,T cells
GAAATACTACCAAC-1,283,561.0,9.0,1.604278,283,1,CD14-like monocytes
GAAATACTCTTAGG-1,703,2039.0,48.0,2.3540952,703,3,B cells
GAAATACTTCCTCG-1,842,2036.0,34.0,1.6699411,842,0,T cells
GAACACACGTGCAT-1,1253,3828.0,93.0,2.429467,1253,1,CD14-like monocytes
GAACACACTGCCTC-1,676,2168.0,88.0,4.0590405,676,0,T cells
GAACAGCTAACTGC-1,1636,5494.0,128.0,2.3298144,1636,1,CD14-like monocytes
GAACAGCTCTCAGA-1,1273,4199.0,124.0,2.953084,1273,1,CD14-like monocytes
GAACCAACCACAAC-1,380,863.0,13.0,1.506373,380,0,T cells
GAACCAACTTCCGC-1,799,1610.0,33.0,2.0496893,799,2,NK / cytotoxic lymphocytes
GAACCTGAACGTGT-1,1491,4756.0,152.0,3.1959631,1491,0,T cells
GAACCTGAGAGACG-1,878,2490.0,20.0,0.8032128,878,0,T cells
GAACCTGATGAACC-1,939,2871.0,37.0,1.2887496,939,0,T cells
GAACGGGATACTTC-1,725,2033.0,30.0,1.4756517,725,0,T cells
GAACTGTGACCTGA-1,1365,4027.0,81.0,2.0114229,1365,1,CD14-like monocytes
GAACTGTGCCAGTA-1,818,2040.0,37.0,1.8137256,818,1,CD14-like monocytes
GAAGAATGCAATCG-1,719,2090.0,47.0,2.2488039,719,0,T cells
GAAGCGGACCTATT-1,1343,4008.0,92.0,2.2954092,1343,1,CD14-like monocytes
GAAGCTACGAATGA-1,905,2610.0,57.0,2.183908,905,1,CD14-like monocytes
GAAGCTACGGTTTG-1,837,1763.0,32.0,1.8150879,837,0,T cells
GAAGGGTGAAAGTG-1,803,2473.0,20.0,0.80873436,803,0,T cells
GAAGGGTGCTTAGG-1,990,2939.0,71.0,2.4157877,990,1,CD14-like monocytes
GAAGGTCTGAAAGT-1,1084,2280.0,22.0,0.9649123,1084,0,T cells
GAAGGTCTGTTGCA-1,976,3213.0,41.0,1.276066,976,0,T cells
GAAGGTCTTAAAGG-1,1630,5640.0,95.0,1.6843971,1630,4,Dendritic cells
GAAGTAGACTCCCA-1,795,1871.0,44.0,2.3516836,795,2,NK / cytotoxic lymphocytes
GAAGTAGATCCAAG-1,1408,4035.0,107.0,2.6517968,1408,1,CD14-like monocytes
GAAGTCACCCTCGT-1,771,1853.0,29.0,1.5650296,771,1,CD14-like monocytes
GAAGTCACCCTGTC-1,650,1978.0,47.0,2.3761375,650,3,B cells
GAAGTCTGTCGCAA-1,779,1998.0,42.0,2.102102,779,3,B cells
GAAGTCTGTTCTGT-1,648,2244.0,56.0,2.4955437,648,0,T cells
GAAGTGCTAAACGA-1,817,1806.0,53.0,2.9346623,817,2,NK / cytotoxic lymphocytes
GAAGTGCTCCGCTT-1,1127,3251.0,91.0,2.7991388,1127,1,CD14-like monocytes
GAAGTGCTTAACCG-1,882,2587.0,59.0,2.280634,882,0,T cells
GAATGCACCCTAAG-1,954,3039.0,51.0,1.6781837,954,0,T cells
GAATGCACCTTCGC-1,830,1980.0,40.0,2.020202,830,2,NK / cytotoxic lymphocytes
GAATGCTGCGGTAT-1,732,2569.0,100.0,3.8925653,732,0,T cells
GAATTAACGATAAG-1,783,2136.0,27.0,1.2640449,783,0,T cells
GAATTAACGGTCAT-1,756,1914.0,33.0,1.7241379,756,0,T cells
GAATTAACGTCGTA-1,708,1323.0,20.0,1.5117158,708,2,NK / cytotoxic lymphocytes
GAATTAACTGAAGA-1,976,2481.0,52.0,2.095929,976,3,B cells
GACAACACAGGCGA-1,718,2578.0,41.0,1.5903801,718,0,T cells
GACAACACATCGTG-1,887,2592.0,57.0,2.199074,887,0,T cells
GACAACACTCGCCT-1,809,2229.0,35.0,1.5702108,809,0,T cells
GACAACTGAGGTTC-1,795,2501.0,50.0,1.9992003,795,0,T cells
GACAGGGAAGAGTA-1,662,1574.0,45.0,2.858958,662,3,B cells
GACAGGGAATGCCA-1,912,2543.0,30.0,1.179709,912,0,T cells
GACAGTACGAGCTT-1,1550,4933.0,120.0,2.432597,1550,1,CD14-like monocytes
GACAGTACTTCGGA-1,1509,5193.0,249.0,4.794916,1509,1,CD14-like monocytes
GACAGTTGAGTAGA-1,1021,3107.0,49.0,1.577084,1021,3,B cells
GACATTCTCCACCT-1,1751,6193.0,155.0,2.5028257,1751,4,Dendritic cells
GACCAAACGACTAC-1,776,2043.0,80.0,3.91581,776,1,CD14-like monocytes
GACCAAACGTATCG-1,910,2228.0,66.0,2.962298,910,1,CD14-like monocytes
GACCCTACTAAAGG-1,714,1493.0,22.0,1.4735433,714,3,B cells
GACCTAGACCTCAC-1,530,1178.0,58.0,4.9235992,530,0,T cells
GACCTAGACGAGAG-1,846,2591.0,112.0,4.3226557,846,0,T cells
GACCTCACAAGGTA-1,631,1825.0,29.0,1.589041,631,0,T cells
GACCTCACGTACGT-1,1152,3514.0,80.0,2.2766078,1152,1,CD14-like monocytes
GACCTCTGCATCAG-1,1118,4014.0,88.0,2.1923268,1118,0,T cells
GACGAACTCCCACT-1,755,2191.0,32.0,1.4605203,755,0,T cells
GACGATTGCCAATG-1,573,1186.0,18.0,1.5177065,573,3,B cells
GACGCCGACCTTCG-1,1176,2708.0,47.0,1.7355982,1176,0,T cells
GACGCTCTCTCTCG-1,267,683.0,22.0,3.2210834,267,5,Platelets
GACGGCACACGGGA-1,918,1803.0,18.0,0.9983361,918,2,NK / cytotoxic lymphocytes
GACGGCACGAGATA-1,1132,3154.0,70.0,2.219404,1132,1,CD14-like monocytes
GACGTAACCTATGG-1,849,2218.0,31.0,1.3976555,849,0,T cells
GACGTAACCTGTGA-1,938,2521.0,42.0,1.6660055,938,0,T cells
GACGTAACTATGGC-1,1140,3219.0,57.0,1.7707362,1140,0,T cells
GACGTATGTTGACG-1,909,2554.0,23.0,0.90054816,909,0,T cells
GACGTATGTTTGCT-1,840,2410.0,27.0,1.120332,840,0,T cells
GACGTCCTACGGAG-1,806,2226.0,37.0,1.6621742,806,0,T cells
GACGTCCTCTCAAG-1,904,2413.0,64.0,2.6523,904,1,CD14-like monocytes
GACGTCCTGATAAG-1,788,2256.0,36.0,1.5957447,788,3,B cells
GACTACGATGGTCA-1,778,1874.0,32.0,1.7075773,778,3,B cells
GACTCCTGCTCGCT-1,715,1862.0,64.0,3.4371643,715,0,T cells
GACTCCTGGGTTAC-1,869,2649.0,68.0,2.5670063,869,0,T cells
GACTCCTGTTATCC-1,714,1462.0,34.0,2.3255813,714,0,T cells
GACTCCTGTTGGTG-1,883,2720.0,56.0,2.0588236,883,1,CD14-like monocytes
GACTGAACCAATCG-1,767,2301.0,26.0,1.1299435,767,1,CD14-like monocytes
GACTGATGTGATGC-1,858,2650.0,36.0,1.3584906,858,0,T cells
GACTTTACATGCCA-1,788,2480.0,23.0,0.9274193,788,0,T cells
GACTTTACGACAGG-1,553,1350.0,21.0,1.5555556,553,3,B cells
GAGAAATGTTCTCA-1,634,2056.0,66.0,3.2101166,634,3,B cells
GAGATAGAAAAAGC-1,1230,3327.0,55.0,1.653141,1230,1,CD14-like monocytes
GAGATCACGACAAA-1,1131,3174.0,64.0,2.016383,1131,1,CD14-like monocytes
GAGATGCTCTGGAT-1,849,2075.0,58.0,2.7951808,849,0,T cells
GAGATGCTGAATGA-1,811,1804.0,32.0,1.7738359,811,0,T cells
GAGCAGGATTCCCG-1,827,1900.0,33.0,1.7368422,827,2,NK / cytotoxic lymphocytes
GAGCATACTTTGCT-1,1753,6694.0,112.0,1.6731402,1753,1,CD14-like monocytes
GAGCGCACGCGTAT-1,713,1777.0,49.0,2.7574563,713,1,CD14-like monocytes
GAGCGCACGGTGAG-1,484,1056.0,49.0,4.6401515,484,2,NK / cytotoxic lymphocytes
GAGCGCTGAAGATG-1,783,1631.0,47.0,2.8816679,783,2,NK / cytotoxic lymphocytes
GAGCGCTGTCTTAC-1,722,1979.0,29.0,1.4653865,722,1,CD14-like monocytes
GAGCGGCTGGGAGT-1,596,1520.0,37.0,2.4342105,596,3,B cells
GAGGACGACTCAGA-1,514,1171.0,15.0,1.2809564,514,2,NK / cytotoxic lymphocytes
GAGGATCTGAAAGT-1,372,717.0,3.0,0.41841003,372,3,B cells
GAGGCAGACTTGCC-1,925,2239.0,27.0,1.2058954,925,2,NK / cytotoxic lymphocytes
GAGGGAACACCAGT-1,747,1677.0,10.0,0.5963029,747,0,T cells
GAGGGAACGAGGGT-1,840,1827.0,43.0,2.3535852,840,0,T cells
GAGGGATGGGAAAT-1,673,1497.0,30.0,2.004008,673,0,T cells
GAGGGCCTTCACCC-1,955,2480.0,67.0,2.701613,955,0,T cells
GAGGGTGAAGAGTA-1,796,2599.0,40.0,1.5390534,796,0,T cells
GAGGTACTACGGTT-1,719,2041.0,62.0,3.0377266,719,0,T cells
GAGGTACTACTCAG-1,718,1980.0,40.0,2.020202,718,1,CD14-like monocytes
GAGGTACTGACACT-1,857,1922.0,26.0,1.3527576,857,2,NK / cytotoxic lymphocytes
GAGGTACTGGGAGT-1,578,1321.0,11.0,0.8327025,578,0,T cells
GAGGTACTTAGCGT-1,1063,3386.0,96.0,2.8352036,1063,1,CD14-like monocytes
GAGGTGGAGTACGT-1,594,1515.0,62.0,4.092409,594,0,T cells
GAGGTGGATCCTCG-1,997,1988.0,39.0,1.9617707,997,2,NK / cytotoxic lymphocytes
GAGGTTACTCGTTT-1,1268,3757.0,47.0,1.2509981,1268,1,CD14-like monocytes
GAGGTTTGTAAGCC-1,341,684.0,23.0,3.362573,341,1,CD14-like monocytes
GAGTCAACCATTCT-1,388,897.0,16.0,1.7837236,388,0,T cells
GAGTCAACGGGAGT-1,753,2627.0,50.0,1.9033117,753,0,T cells
GAGTCTGATCGTGA-1,834,2354.0,30.0,1.2744265,834,0,T cells
GAGTCTGATTTGGG-1,593,1493.0,31.0,2.0763564,593,3,B cells
GAGTGACTCAGCTA-1,1189,2887.0,47.0,1.6279876,1189,0,T cells
GAGTGACTCGGTAT-1,911,2183.0,33.0,1.5116812,911,2,NK / cytotoxic lymphocytes
GAGTGACTCTTGCC-1,738,1833.0,28.0,1.5275505,738,3,B cells
GAGTGACTGACTAC-1,476,1256.0,51.0,4.060509,476,3,B cells
GAGTGACTGTCTAG-1,816,2146.0,42.0,1.9571295,816,0,T cells
GAGTGGGAGTCTTT-1,641,1581.0,40.0,2.5300443,641,3,B cells
GAGTGGGATGCCCT-1,746,2475.0,51.0,2.0606062,746,0,T cells
GAGTGGGATGCTGA-1,635,1498.0,29.0,1.9359145,635,3,B cells
GAGTGTTGCTGTAG-1,953,2790.0,58.0,2.078853,953,0,T cells
GAGTGTTGTGGTCA-1,801,2044.0,33.0,1.6144814,801,0,T cells
GAGTTGTGCATGGT-1,326,693.0,19.0,2.7417028,326,1,CD14-like monocytes
GAGTTGTGCTGAGT-1,849,2000.0,46.0,2.3,849,2,NK / cytotoxic lymphocytes
GAGTTGTGGCGAGA-1,499,1225.0,15.0,1.2244898,499,1,CD14-like monocytes
GAGTTGTGGTAGCT-1,865,2422.0,22.0,0.9083402,865,5,Platelets
GAGTTGTGTATGCG-1,1420,4179.0,106.0,2.536492,1420,1,CD14-like monocytes
GATAAGGAGAAACA-1,487,1139.0,35.0,3.072871,487,1,CD14-like monocytes
GATAAGGATTCACT-1,876,2518.0,70.0,2.779984,876,1,CD14-like monocytes
GATACTCTATCGGT-1,797,2343.0,39.0,1.6645327,797,0,T cells
GATACTCTTACTTC-1,981,2881.0,83.0,2.880944,981,0,T cells
GATACTCTTGACTG-1,756,2146.0,56.0,2.6095061,756,1,CD14-like monocytes
GATAGAGAAGGGTG-1,850,2063.0,64.0,3.1022782,850,2,NK / cytotoxic lymphocytes
GATAGAGACTGTGA-1,1097,3964.0,38.0,0.95862764,1097,0,T cells
GATAGAGATCACGA-1,998,2811.0,40.0,1.4229811,998,4,Dendritic cells
GATAGCACCCATAG-1,829,2638.0,55.0,2.0849128,829,0,T cells
GATAGCACGAAGGC-1,1159,3630.0,71.0,1.9559228,1159,1,CD14-like monocytes
GATAGCACTTGTCT-1,955,2942.0,60.0,2.039429,955,0,T cells
GATATAACAAGGTA-1,1061,3234.0,51.0,1.5769944,1061,0,T cells
GATATAACACGCAT-1,696,2247.0,16.0,0.7120605,696,0,T cells
GATATATGCTGGAT-1,786,2668.0,60.0,2.2488756,786,0,T cells
GATATATGTCCGTC-1,743,1819.0,27.0,1.4843321,743,2,NK / cytotoxic lymphocytes
GATATATGTGGAGG-1,1211,3775.0,95.0,2.5165563,1211,1,CD14-like monocytes
GATATCCTAGAAGT-1,893,2302.0,30.0,1.3032146,893,0,T cells
GATATCCTCCCGTT-1,491,1071.0,14.0,1.3071896,491,1,CD14-like monocytes
GATATTGACAGGAG-1,744,1736.0,63.0,3.6290321,744,2,NK / cytotoxic lymphocytes
GATATTGACGAGTT-1,1447,4410.0,60.0,1.3605442,1447,1,CD14-like monocytes
GATATTGAGCCAAT-1,767,2424.0,36.0,1.4851485,767,0,T cells
GATCCCTGACCTTT-1,1050,2213.0,24.0,1.0845007,1050,2,NK / cytotoxic lymphocytes
GATCCCTGTGTAGC-1,853,2324.0,34.0,1.4629948,853,2,NK / cytotoxic lymphocytes
GATCCGCTGGTCAT-1,1118,3070.0,53.0,1.7263843,1118,1,CD14-like monocytes
GATCGAACCGAGAG-1,1428,4590.0,114.0,2.4836602,1428,0,T cells
GATCGATGACTAGC-1,555,1137.0,10.0,0.87950754,555,3,B cells
GATCGATGGTAAAG-1,612,1771.0,33.0,1.8633541,612,3,B cells
GATCGATGTAAGGA-1,854,2504.0,32.0,1.2779553,854,1,CD14-like monocytes
GATCGTGACACTAG-1,789,2252.0,39.0,1.731794,789,0,T cells
GATCGTGATTCACT-1,889,2068.0,22.0,1.0638298,889,0,T cells
GATCTACTGGTGAG-1,784,1969.0,53.0,2.6917217,784,2,NK / cytotoxic lymphocytes
GATCTACTTTGCAG-1,712,1624.0,19.0,1.1699507,712,3,B cells
GATCTTACACCCAA-1,1323,3608.0,93.0,2.5776052,1323,1,CD14-like monocytes
GATCTTACCCTACC-1,921,2803.0,68.0,2.4259722,921,0,T cells
GATCTTACGAATAG-1,682,1542.0,32.0,2.075227,682,1,CD14-like monocytes
GATCTTACGAGATA-1,794,2202.0,59.0,2.6793826,794,1,CD14-like monocytes
GATGCAACTCCAGA-1,846,2487.0,22.0,0.88459986,846,0,T cells
GATGCCCTACGTAC-1,1012,2810.0,71.0,2.5266905,1012,0,T cells
GATGCCCTCTCATT-1,839,2403.0,33.0,1.3732834,839,0,T cells
GATGCCCTGGCAAG-1,807,2300.0,23.0,1.0,807,1,CD14-like monocytes
GATGCCCTTTTGCT-1,587,1525.0,55.0,3.6065574,587,0,T cells
GATTACCTTGTTCT-1,881,2471.0,49.0,1.9830028,881,0,T cells
GATTCGGAACGACT-1,781,2625.0,65.0,2.4761903,781,0,T cells
GATTCGGACAGGAG-1,1010,2873.0,47.0,1.6359206,1010,1,CD14-like monocytes
GATTCGGAGAAGGC-1,1182,3634.0,86.0,2.366538,1182,1,CD14-like monocytes
GATTCTTGATTCGG-1,1149,3001.0,48.0,1.5994668,1149,1,CD14-like monocytes
GATTCTTGCCGATA-1,812,2262.0,46.0,2.0335984,812,0,T cells
GATTCTTGCGAGTT-1,607,1550.0,42.0,2.7096775,607,3,B cells
GATTGGACCCGTTC-1,1155,3465.0,45.0,1.2987013,1155,3,B cells
GATTGGACGGTGTT-1,714,1759.0,56.0,3.1836271,714,3,B cells
GATTGGACTTTCGT-1,642,1634.0,33.0,2.0195837,642,3,B cells
GATTGGTGTGTCAG-1,1088,3236.0,38.0,1.1742892,1088,0,T cells
GATTTAGACACTCC-1,1291,4120.0,130.0,3.15534,1291,1,CD14-like monocytes
GATTTAGACTAAGC-1,1196,2967.0,41.0,1.3818672,1196,3,B cells
GATTTAGATTCGTT-1,325,664.0,10.0,1.5060241,325,1,CD14-like monocytes
GATTTGCTAACGAA-1,804,2322.0,42.0,1.8087854,804,0,T cells
GATTTGCTAACGGG-1,370,691.0,8.0,1.1577424,370,1,CD14-like monocytes
GCAACCCTCCTCGT-1,359,744.0,12.0,1.6129031,359,1,CD14-like monocytes
GCAACTGATTGCGA-1,855,2805.0,74.0,2.6381462,855,0,T cells
GCAAGACTACTGGT-1,1165,2894.0,18.0,0.6219765,1165,0,T cells
GCAAGACTAGGTCT-1,836,2191.0,62.0,2.8297582,836,0,T cells
GCAAGACTCCCTTG-1,923,2701.0,56.0,2.0733063,923,0,T cells
GCAATCGACTGCAA-1,863,2346.0,83.0,3.537937,863,2,NK / cytotoxic lymphocytes
GCAATCGAGACGTT-1,1284,3899.0,119.0,3.0520647,1284,1,CD14-like monocytes
GCAATCGATCCTTA-1,1011,3054.0,66.0,2.1611001,1011,1,CD14-like monocytes
GCAATTCTCGTGTA-1,889,2592.0,49.0,1.8904321,889,0,T cells
GCAATTCTTCTCCG-1,984,3262.0,59.0,1.8087063,984,0,T cells
GCACAAACAATGCC-1,512,1240.0,43.0,3.467742,512,2,NK / cytotoxic lymphocytes
GCACAAACGGTACT-1,939,2829.0,32.0,1.1311418,939,0,T cells
GCACAATGGTGCAT-1,883,2612.0,31.0,1.18683,883,4,Dendritic cells
GCACACCTGTGCTA-1,697,1376.0,30.0,2.1802325,697,2,NK / cytotoxic lymphocytes
GCACCACTCATGAC-1,1211,3644.0,58.0,1.5916575,1211,1,CD14-like monocytes
GCACCACTGTTTGG-1,362,776.0,12.0,1.5463917,362,1,CD14-like monocytes
GCACCACTTCCTTA-1,969,1945.0,57.0,2.9305913,969,2,NK / cytotoxic lymphocytes
GCACCACTTTCGGA-1,1135,3246.0,57.0,1.7560074,1135,1,CD14-like monocytes
GCACCTACGCGATT-1,1239,4274.0,47.0,1.0996724,1239,0,T cells
GCACCTTGGCTGTA-1,580,1753.0,24.0,1.3690815,580,0,T cells
GCACCTTGGGGAGT-1,1103,3740.0,73.0,1.9518716,1103,1,CD14-like monocytes
GCACGGACCAGCTA-1,975,3172.0,52.0,1.6393442,975,0,T cells
GCACGGTGACCTCC-1,825,2262.0,27.0,1.1936339,825,0,T cells
GCACGGTGCTATGG-1,1170,3105.0,80.0,2.5764894,1170,1,CD14-like monocytes
GCACTAGAACGGGA-1,921,2493.0,63.0,2.5270758,921,0,T cells
GCACTAGAAGATGA-1,640,1548.0,38.0,2.4547803,640,3,B cells
GCACTAGACCTTTA-1,1180,3630.0,87.0,2.3966942,1180,1,CD14-like monocytes
GCACTAGACGTAAC-1,378,745.0,14.0,1.8791946,378,3,B cells
GCACTAGAGTCGTA-1,982,2424.0,57.0,2.3514853,982,2,NK / cytotoxic lymphocytes
GCACTAGATGCAAC-1,916,2667.0,37.0,1.3873266,916,0,T cells
GCACTGCTGAGGCA-1,1122,3473.0,64.0,1.8427873,1122,2,NK / cytotoxic lymphocytes
GCAGATACAGCGTT-1,792,2093.0,78.0,3.7267082,792,2,NK / cytotoxic lymphocytes
GCAGATACGACGGA-1,619,1670.0,27.0,1.6167665,619,0,T cells
GCAGATACGCAGAG-1,750,2140.0,47.0,2.1962616,750,0,T cells
GCAGCCGACAGTCA-1,913,3037.0,85.0,2.7988148,913,0,T cells
GCAGCGTGCACTCC-1,775,2298.0,29.0,1.261967,775,0,T cells
GCAGCTCTCAATCG-1,661,1860.0,22.0,1.1827956,661,0,T cells
GCAGCTCTGTTTCT-1,766,1688.0,20.0,1.1848341,766,0,T cells
GCAGGGCTAAGAAC-1,768,2969.0,58.0,1.9535197,768,0,T cells
GCAGGGCTAAGGGC-1,675,1466.0,23.0,1.568895,675,0,T cells
GCAGGGCTATCGAC-1,944,1981.0,46.0,2.3220594,944,2,NK / cytotoxic lymphocytes
GCAGGGCTTGGGAG-1,940,2195.0,108.0,4.9202733,940,2,NK / cytotoxic lymphocytes
GCAGTCCTAACTGC-1,761,2107.0,45.0,2.135738,761,0,T cells
GCAGTCCTCTCTTA-1,727,1832.0,37.0,2.0196507,727,0,T cells
GCATCAGATGCGTA-1,767,2047.0,79.0,3.859306,767,2,NK / cytotoxic lymphocytes
GCATGTGACAAGCT-1,873,2951.0,66.0,2.23653,873,0,T cells
GCATTGGAGAAGGC-1,1043,3069.0,37.0,1.2056044,1043,0,T cells
GCCAAAACGAGGCA-1,850,2087.0,93.0,4.456157,850,2,NK / cytotoxic lymphocytes
GCCAAATGATCGAC-1,995,2887.0,57.0,1.9743679,995,0,T cells
GCCAACCTACGGTT-1,680,2141.0,47.0,2.195236,680,0,T cells
GCCAACCTCGCCTT-1,595,1770.0,21.0,1.1864407,595,0,T cells
GCCACGGAGGCGAA-1,700,2000.0,35.0,1.75,700,1,CD14-like monocytes
GCCACGGATACTGG-1,753,2411.0,51.0,2.1153047,753,0,T cells
GCCACTACGTCTTT-1,736,2097.0,47.0,2.241297,736,0,T cells
GCCCAACTACCGAT-1,891,2579.0,40.0,1.5509888,891,0,T cells
GCCCAACTATGGTC-1,685,1833.0,34.0,1.8548827,685,2,NK / cytotoxic lymphocytes
GCCCATACAGCGTT-1,780,1959.0,8.0,0.40837163,780,0,T cells
GCCGACGAACTCTT-1,986,2982.0,62.0,2.0791416,986,1,CD14-like monocytes
GCCGAGTGCGTTGA-1,989,3191.0,97.0,3.0397995,989,2,NK / cytotoxic lymphocytes
GCCGGAACGAACTC-1,830,2325.0,50.0,2.1505377,830,2,NK / cytotoxic lymphocytes
GCCGGAACGTTCTT-1,810,1582.0,42.0,2.6548672,810,2,NK / cytotoxic lymphocytes
GCCGGAACTGCACA-1,685,1591.0,78.0,4.902577,685,2,NK / cytotoxic lymphocytes
GCCGGAACTTACTC-1,784,2021.0,22.0,1.0885701,784,0,T cells
GCCGTACTACCTGA-1,642,2258.0,79.0,3.4986715,642,0,T cells
GCCGTACTGGCAAG-1,742,1698.0,62.0,3.6513546,742,1,CD14-like monocytes
GCCTACACAGTTCG-1,961,2058.0,31.0,1.5063169,961,2,NK / cytotoxic lymphocytes
GCCTACACCACTGA-1,906,2617.0,55.0,2.101643,906,1,CD14-like monocytes
GCCTACACCTTGAG-1,829,2817.0,24.0,0.8519702,829,0,T cells
GCCTAGCTACGGAG-1,621,1730.0,17.0,0.9826589,621,3,B cells
GCCTAGCTCTATTC-1,822,2419.0,40.0,1.6535759,822,0,T cells
GCCTAGCTTCTCAT-1,717,2155.0,46.0,2.1345708,717,0,T cells
GCCTAGCTTCTCTA-1,1210,3411.0,113.0,3.3128116,1210,1,CD14-like monocytes
GCCTCAACCATGGT-1,800,2602.0,29.0,1.1145273,800,0,T cells
GCCTCAACTCTTTG-1,1963,5990.0,67.0,1.1185309,1963,6,Cycling cells
GCCTCATGTCTTAC-1,749,2173.0,66.0,3.0372758,749,2,NK / cytotoxic lymphocytes
GCCTGACTCTCAAG-1,757,2004.0,29.0,1.4471058,757,1,CD14-like monocytes
GCGAAGGAACTCTT-1,570,1247.0,29.0,2.3255813,570,0,T cells
GCGAAGGAGAGCTT-1,2710,10282.0,347.0,3.3748298,2710,6,Cycling cells
GCGAAGGATGCCAA-1,831,2468.0,49.0,1.9854132,831,0,T cells
GCGAGAGAGGGACA-1,721,1883.0,22.0,1.1683483,721,0,T cells
GCGAGCACTGTCGA-1,336,613.0,12.0,1.9575857,336,3,B cells
GCGAGCACTTGACG-1,802,2283.0,57.0,2.4967148,802,0,T cells
GCGAGCACTTGCTT-1,1001,3144.0,96.0,3.053435,1001,1,CD14-like monocytes
GCGATATGGTACGT-1,886,2071.0,21.0,1.0140029,886,0,T cells
GCGATATGGTGTTG-1,631,1762.0,43.0,2.4404087,631,0,T cells
GCGCACGAAGTCGT-1,759,2266.0,63.0,2.7802293,759,0,T cells
GCGCACGACTTTAC-1,631,1689.0,26.0,1.5393723,631,1,CD14-like monocytes
GCGCATCTAGGTCT-1,550,1395.0,19.0,1.3620073,550,0,T cells
GCGCATCTGGTTAC-1,984,2518.0,72.0,2.8594124,984,1,CD14-like monocytes
GCGCATCTTCGATG-1,767,2297.0,38.0,1.6543318,767,0,T cells
GCGCATCTTGCTCC-1,835,1995.0,42.0,2.1052632,835,2,NK / cytotoxic lymphocytes
GCGCATCTTTCTAC-1,777,2508.0,44.0,1.754386,777,0,T cells
GCGCGAACGTTCTT-1,639,1661.0,23.0,1.384708,639,3,B cells
GCGCGATGAACGGG-1,860,2635.0,26.0,0.9867173,860,0,T cells
GCGCGATGGTGCAT-1,1413,3228.0,106.0,3.283767,1413,2,NK / cytotoxic lymphocytes
GCGGAGCTCCTGAA-1,747,1952.0,30.0,1.5368853,747,0,T cells
GCGGCAACCCGATA-1,779,2372.0,25.0,1.0539628,779,0,T cells
GCGGCAACGGAGGT-1,540,1320.0,38.0,2.878788,540,3,B cells
GCGGCAACTGTCGA-1,367,701.0,33.0,4.7075605,367,1,CD14-like monocytes
GCGTAAACACGGTT-1,1629,5928.0,127.0,2.1423752,1629,4,Dendritic cells
GCGTAATGCACCAA-1,1380,3970.0,109.0,2.7455919,1380,1,CD14-like monocytes
GCGTATGAACACCA-1,689,2132.0,49.0,2.2983115,689,0,T cells
GCGTATGATGAGAA-1,1001,2732.0,27.0,0.98828703,1001,1,CD14-like monocytes
GCTACAGAAAGGTA-1,809,2454.0,29.0,1.1817441,809,0,T cells
GCTACAGAATCTTC-1,337,648.0,12.0,1.8518518,337,3,B cells
GCTACCTGAGAAGT-1,1103,3296.0,148.0,4.490291,1103,1,CD14-like monocytes
GCTACCTGATCACG-1,796,2168.0,23.0,1.0608855,796,0,T cells
GCTACGCTAGAATG-1,966,2980.0,125.0,4.194631,966,0,T cells
GCTACGCTAGCTAC-1,782,2110.0,81.0,3.8388624,782,2,NK / cytotoxic lymphocytes
GCTACGCTCCCTAC-1,1018,2759.0,36.0,1.3048205,1018,0,T cells
GCTAGAACAGAGGC-1,642,1513.0,25.0,1.6523464,642,3,B cells
GCTAGAACGGATCT-1,967,2700.0,59.0,2.1851852,967,0,T cells
GCTAGAACTCCCGT-1,436,1104.0,20.0,1.8115941,436,0,T cells
GCTAGATGAGCTCA-1,826,2305.0,78.0,3.3839478,826,1,CD14-like monocytes
GCTAGATGGCGATT-1,779,2016.0,57.0,2.827381,779,2,NK / cytotoxic lymphocytes
GCTATACTAAGGCG-1,1000,3088.0,46.0,1.4896374,1000,0,T cells
GCTATACTAGCGTT-1,601,1509.0,59.0,3.909874,601,2,NK / cytotoxic lymphocytes
GCTATACTCTCTTA-1,796,2780.0,55.0,1.9784173,796,0,T cells
GCTATACTGGACGA-1,945,2824.0,68.0,2.407932,945,0,T cells
GCTCAAGAACCATG-1,1679,5557.0,100.0,1.7995322,1679,1,CD14-like monocytes
GCTCAAGAAGTCAC-1,1123,3219.0,76.0,2.3609817,1123,1,CD14-like monocytes
GCTCAGCTGTCTAG-1,596,1683.0,19.0,1.1289364,596,0,T cells
GCTCCATGAGAAGT-1,995,2130.0,30.0,1.4084507,995,2,NK / cytotoxic lymphocytes
GCTCCATGCCGAAT-1,720,1954.0,20.0,1.0235415,720,0,T cells
GCTCGACTCTAGTG-1,588,1418.0,39.0,2.7503526,588,1,CD14-like monocytes
GCTGATGAGGTATC-1,759,1908.0,50.0,2.620545,759,1,CD14-like monocytes
GCTTAACTACAGTC-1,452,916.0,27.0,2.9475982,452,1,CD14-like monocytes
GCTTAACTACTGGT-1,780,1799.0,39.0,2.167871,780,2,NK / cytotoxic lymphocytes
GCTTAACTGCTGAT-1,836,2605.0,13.0,0.4990403,836,0,T cells
GCTTAACTTAGACC-1,515,1124.0,44.0,3.9145908,515,1,CD14-like monocytes
GCTTAACTTCAGTG-1,846,2711.0,44.0,1.6230173,846,0,T cells
GGAACACTCACTTT-1,392,778.0,15.0,1.9280206,392,1,CD14-like monocytes
GGAACACTTCAGAC-1,283,628.0,18.0,2.8662422,283,5,Platelets
GGAACTACTACTTC-1,710,1806.0,47.0,2.6024363,710,0,T cells
GGAACTTGAAGGTA-1,1158,3452.0,86.0,2.4913094,1158,1,CD14-like monocytes
GGAACTTGAGAATG-1,796,2303.0,74.0,3.2132003,796,0,T cells
GGAACTTGCTCCAC-1,895,2406.0,43.0,1.7871987,895,1,CD14-like monocytes
GGAACTTGGGTAGG-1,585,1740.0,76.0,4.367816,585,3,B cells
GGAAGGACATCGGT-1,559,1387.0,13.0,0.93727463,559,1,CD14-like monocytes
GGAAGGACCACTAG-1,859,2054.0,23.0,1.1197662,859,0,T cells
GGAAGGACGAGGGT-1,879,2881.0,97.0,3.3668864,879,0,T cells
GGAAGGACGCGAAG-1,858,2169.0,43.0,1.9824805,858,0,T cells
GGAAGGTGGCGAGA-1,842,1633.0,38.0,2.3270056,842,2,NK / cytotoxic lymphocytes
GGAATCTGAAGGGC-1,643,1734.0,37.0,2.1337948,643,0,T cells
GGAATCTGAGGAGC-1,1308,3501.0,42.0,1.1996573,1308,0,T cells
GGAATCTGCTTAGG-1,595,1513.0,35.0,2.3132849,595,3,B cells
GGAATCTGCTTGTT-1,1181,3350.0,163.0,4.8656716,1181,1,CD14-like monocytes
GGAATCTGGGAGGT-1,909,2668.0,21.0,0.78710645,909,0,T cells
GGAATGCTTTCTAC-1,710,2254.0,34.0,1.5084294,710,0,T cells
GGACAGGAAAGGGC-1,821,2177.0,83.0,3.812586,821,2,NK / cytotoxic lymphocytes
GGACAGGAGTGCTA-1,817,2028.0,49.0,2.4161735,817,3,B cells
GGACAGGATCTCGC-1,841,2191.0,27.0,1.232314,841,0,T cells
GGACCCGAAGCTAC-1,1197,3323.0,54.0,1.6250376,1197,1,CD14-like monocytes
GGACCGTGCTTACT-1,640,1555.0,17.0,1.0932477,640,1,CD14-like monocytes
GGACCGTGGGAACG-1,1425,4455.0,125.0,2.8058362,1425,4,Dendritic cells
GGACCGTGTAACGC-1,947,2914.0,66.0,2.2649279,947,0,T cells
GGACCTCTGTAAGA-1,900,2399.0,78.0,3.2513547,900,1,CD14-like monocytes
GGACCTCTTTTCTG-1,852,2024.0,62.0,3.063241,852,2,NK / cytotoxic lymphocytes
GGACGAGAGTGTCA-1,460,930.0,24.0,2.580645,460,1,CD14-like monocytes
GGACGCTGACGCAT-1,1100,3051.0,87.0,2.851524,1100,2,NK / cytotoxic lymphocytes
GGACGCTGCTAGCA-1,824,3129.0,62.0,1.9814637,824,0,T cells
GGACGCTGTCCTCG-1,780,1529.0,21.0,1.3734467,780,2,NK / cytotoxic lymphocytes
GGAGAGACGTGAGG-1,932,2677.0,43.0,1.6062757,932,0,T cells
GGAGCAGATTCAGG-1,542,1324.0,36.0,2.7190332,542,3,B cells
GGAGCCACCTTCTA-1,1137,3351.0,53.0,1.5816175,1137,3,B cells
GGAGCGCTACGCAT-1,1225,3766.0,56.0,1.4869888,1225,1,CD14-like monocytes
GGAGCGCTCCGAAT-1,997,3246.0,38.0,1.1706716,997,0,T cells
GGAGGATGCCACCT-1,572,1585.0,15.0,0.9463723,572,0,T cells
GGAGGATGGTTGAC-1,780,1792.0,36.0,2.0089285,780,1,CD14-like monocytes
GGAGGATGTCAGTG-1,765,2009.0,47.0,2.3394725,765,1,CD14-like monocytes
GGAGGCCTCGTTGA-1,906,1941.0,31.0,1.5971148,906,2,NK / cytotoxic lymphocytes
GGAGGCCTTTCTTG-1,793,2408.0,51.0,2.1179402,793,0,T cells
GGAGGTGATACGCA-1,753,2326.0,51.0,2.1926053,753,0,T cells
GGAGGTGATCGCTC-1,772,1813.0,35.0,1.9305018,772,0,T cells
GGATACTGCAGCTA-1,854,2652.0,46.0,1.7345401,854,0,T cells
GGATACTGTCTAGG-1,936,2715.0,37.0,1.3627993,936,0,T cells
GGATAGCTCGTCTC-1,1048,3054.0,56.0,1.8336607,1048,0,T cells
GGATAGCTCTGAAC-1,819,2053.0,64.0,3.1173892,819,2,NK / cytotoxic lymphocytes
GGATGTACCAAAGA-1,645,1887.0,31.0,1.6428193,645,3,B cells
GGATGTACGCGAAG-1,619,1595.0,25.0,1.5673982,619,0,T cells
GGATGTACGTCTTT-1,314,562.0,17.0,3.024911,314,1,CD14-like monocytes
GGATGTACGTGTCA-1,726,1638.0,52.0,3.1746035,726,2,NK / cytotoxic lymphocytes
GGATTTCTAGGTTC-1,737,1902.0,44.0,2.3133545,737,0,T cells
GGATTTCTTTGTCT-1,1162,3345.0,65.0,1.9431988,1162,1,CD14-like monocytes
GGCAAGGAAAAAGC-1,1081,2377.0,51.0,2.1455617,1081,2,NK / cytotoxic lymphocytes
GGCAAGGAAGAAGT-1,868,2711.0,48.0,1.7705643,868,0,T cells
GGCAAGGACTTGGA-1,1032,3094.0,69.0,2.2301228,1032,1,CD14-like monocytes
GGCAAGGAGGACTT-1,913,2909.0,46.0,1.5812995,913,0,T cells
GGCAATACGCTAAC-1,476,1078.0,35.0,3.2467532,476,3,B cells
GGCAATACGGCATT-1,490,1109.0,27.0,2.4346259,490,2,NK / cytotoxic lymphocytes
GGCAATACGTTTCT-1,799,2079.0,46.0,2.2126024,799,3,B cells
GGCACGTGGCTTAG-1,1201,3600.0,48.0,1.3333334,1201,1,CD14-like monocytes
GGCACGTGTGAGAA-1,2694,10359.0,182.0,1.7569263,2694,6,Cycling cells
GGCACTCTTTTGTC-1,997,2545.0,30.0,1.178782,997,0,T cells
GGCATATGCTTATC-1,898,1940.0,29.0,1.4948454,898,2,NK / cytotoxic lymphocytes
GGCATATGGGGAGT-1,212,575.0,7.0,1.2173914,212,5,Platelets
GGCATATGTGTGAC-1,1586,5305.0,144.0,2.7144203,1586,0,T cells
GGCCACGACAGAGG-1,427,891.0,27.0,3.030303,427,0,T cells
GGCCAGACTGGTTG-1,947,2564.0,43.0,1.677067,947,0,T cells
GGCCCAGAAAGTAG-1,937,2686.0,29.0,1.0796723,937,1,CD14-like monocytes
GGCCGAACAACGAA-1,724,2354.0,61.0,2.5913339,724,0,T cells
GGCCGAACGCAGAG-1,380,837.0,30.0,3.5842295,380,0,T cells
GGCCGAACGTAGGG-1,715,1809.0,38.0,2.100608,715,0,T cells
GGCCGAACTCTAGG-1,739,1494.0,9.0,0.6024096,739,2,NK / cytotoxic lymphocytes
GGCCGATGCAGGAG-1,931,2878.0,41.0,1.4246005,931,0,T cells
GGCCGATGCCGAAT-1,973,2616.0,35.0,1.3379205,973,0,T cells
GGCCGATGTACTCT-1,773,2608.0,63.0,2.4156442,773,2,NK / cytotoxic lymphocytes
GGCGACACTGCCCT-1,1497,4441.0,78.0,1.7563611,1497,2,NK / cytotoxic lymphocytes
GGCGACTGCGTAAC-1,906,2524.0,18.0,0.7131537,906,0,T cells
GGCGCATGCCTAAG-1,798,2096.0,43.0,2.0515268,798,1,CD14-like monocytes
GGCGCATGCTCCAC-1,953,2535.0,18.0,0.71005917,953,0,T cells
GGCGCATGTGGAAA-1,471,1201.0,8.0,0.6661116,471,0,T cells
GGCGGACTAGAGGC-1,821,1760.0,30.0,1.7045455,821,0,T cells
GGCGGACTAGGAGC-1,806,1975.0,33.0,1.670886,806,2,NK / cytotoxic lymphocytes
GGCGGACTCTGACA-1,714,2076.0,31.0,1.4932562,714,0,T cells
GGCGGACTCTTGGA-1,828,1934.0,65.0,3.36091,828,2,NK / cytotoxic lymphocytes
GGCGGACTTACTGG-1,727,2404.0,76.0,3.1613975,727,0,T cells
GGCGGACTTGAACC-1,773,2112.0,34.0,1.6098485,773,0,T cells
GGCTAAACACCTGA-1,976,2434.0,13.0,0.53410023,976,2,NK / cytotoxic lymphocytes
GGCTAAACTCTTAC-1,856,2667.0,45.0,1.687289,856,0,T cells
GGCTAATGAGCACT-1,727,1650.0,31.0,1.878788,727,2,NK / cytotoxic lymphocytes
GGCTAATGGTCTAG-1,761,2255.0,47.0,2.0842574,761,0,T cells
GGCTCACTACTCAG-1,1084,3516.0,67.0,1.9055744,1084,1,CD14-like monocytes
GGGAACGAAGCTCA-1,1557,4322.0,108.0,2.4988432,1557,1,CD14-like monocytes
GGGAACGACACAAC-1,693,1713.0,32.0,1.8680677,693,3,B cells
GGGAACGAGTGTCA-1,559,1149.0,26.0,2.2628372,559,1,CD14-like monocytes
GGGAAGTGTTGAGC-1,627,1555.0,67.0,4.3086815,627,1,CD14-like monocytes
GGGACCACACGTTG-1,795,1863.0,49.0,2.6301663,795,2,NK / cytotoxic lymphocytes
GGGACCACAGAACA-1,750,2091.0,49.0,2.3433764,750,0,T cells
GGGACCACGAATAG-1,838,2385.0,30.0,1.2578616,838,0,T cells
GGGACCACGTCATG-1,803,2564.0,53.0,2.0670826,803,0,T cells
GGGACCACTCAAGC-1,453,1064.0,18.0,1.6917294,453,0,T cells
GGGACCACTCGTGA-1,734,2291.0,52.0,2.2697513,734,0,T cells
GGGACCACTGCATG-1,607,1933.0,33.0,1.7071909,607,0,T cells
GGGACCTGACCCTC-1,1029,3080.0,54.0,1.7532468,1029,1,CD14-like monocytes
GGGACCTGCTTGCC-1,805,2340.0,46.0,1.9658121,805,0,T cells
GGGACCTGTGGAGG-1,669,1762.0,57.0,3.23496,669,3,B cells
GGGATGGACGACAT-1,505,1309.0,14.0,1.0695187,505,3,B cells
GGGATGGATACTTC-1,858,2272.0,63.0,2.7728872,858,0,T cells
GGGATGGATGGTTG-1,832,2068.0,49.0,2.3694391,832,1,CD14-like monocytes
GGGATTACGTCTAG-1,1019,3001.0,56.0,1.8660446,1019,0,T cells
GGGCAAGATGCATG-1,585,1424.0,34.0,2.3876405,585,1,CD14-like monocytes
GGGCACACGGTGAG-1,1225,4258.0,147.0,3.4523249,1225,1,CD14-like monocytes
GGGCACACGTTGCA-1,1287,4082.0,85.0,2.0823126,1287,0,T cells
GGGCAGCTTGGGAG-1,903,2246.0,55.0,2.4487977,903,2,NK / cytotoxic lymphocytes
GGGCAGCTTTTCTG-1,752,2333.0,37.0,1.5859408,752,0,T cells
GGGCCAACCTTGGA-1,2020,8424.0,89.0,1.0565052,2020,4,Dendritic cells
GGGCCAACGCGTTA-1,774,2178.0,56.0,2.571166,774,3,B cells
GGGCCAACTACGCA-1,666,1435.0,37.0,2.5783973,666,1,CD14-like monocytes
GGGCCAACTCCAAG-1,843,2440.0,45.0,1.8442624,843,3,B cells
GGGCCATGATGGTC-1,857,2486.0,83.0,3.3386967,857,2,NK / cytotoxic lymphocytes
GGGCCATGTTGACG-1,887,2262.0,37.0,1.6357206,887,0,T cells
GGGTAACTCAGCTA-1,1082,3430.0,71.0,2.0699708,1082,0,T cells
GGGTAACTCTAGTG-1,656,1773.0,27.0,1.5228426,656,3,B cells
GGGTAACTCTGGAT-1,674,1948.0,38.0,1.9507186,674,0,T cells
GGGTTAACGTGCAT-1,911,1815.0,30.0,1.6528925,911,2,NK / cytotoxic lymphocytes
GGTAAAGAGCTAAC-1,734,1614.0,51.0,3.1598513,734,2,NK / cytotoxic lymphocytes
GGTACAACTGCAAC-1,910,2655.0,18.0,0.6779661,910,0,T cells
GGTACATGAAAGCA-1,672,1699.0,37.0,2.1777515,672,3,B cells
GGTACATGAGCTCA-1,802,1753.0,16.0,0.9127211,802,0,T cells
GGTACATGCGGTAT-1,539,1373.0,24.0,1.747997,539,0,T cells
GGTACATGGTTACG-1,699,1930.0,28.0,1.4507773,699,0,T cells
GGTACATGTGGGAG-1,941,2747.0,64.0,2.3298144,941,0,T cells
GGTACTGAACTCTT-1,828,2050.0,58.0,2.8292682,828,1,CD14-like monocytes
GGTAGTACACCACA-1,800,2290.0,60.0,2.6200874,800,2,NK / cytotoxic lymphocytes
GGTAGTACACTAGC-1,642,1655.0,50.0,3.021148,642,1,CD14-like monocytes
GGTAGTACCCTGTC-1,733,2091.0,41.0,1.9607844,733,0,T cells
GGTAGTACGCCATA-1,607,1347.0,21.0,1.55902,607,1,CD14-like monocytes
GGTAGTACTGTCTT-1,992,2748.0,34.0,1.2372634,992,0,T cells
GGTATCGAGACAAA-1,379,809.0,15.0,1.8541409,379,1,CD14-like monocytes
GGTATCGATGAACC-1,562,1508.0,31.0,2.055703,562,3,B cells
GGTCAAACCAAAGA-1,847,2392.0,27.0,1.1287626,847,0,T cells
GGTCTAGAGAAACA-1,787,2333.0,66.0,2.8289757,787,1,CD14-like monocytes
GGTCTAGATAGCGT-1,1461,4661.0,56.0,1.2014589,1461,1,CD14-like monocytes
GGTGATACCGACTA-1,732,1698.0,42.0,2.4734983,732,3,B cells
GGTGATACGACTAC-1,941,2717.0,39.0,1.4354067,941,1,CD14-like monocytes
GGTGATACTGTTTC-1,785,2084.0,25.0,1.1996161,785,0,T cells
GGTGGAGAAACGGG-1,696,1397.0,24.0,1.717967,696,2,NK / cytotoxic lymphocytes
GGTGGAGAAGTAGA-1,795,1898.0,32.0,1.6859852,795,0,T cells
GGTGGAGACAGATC-1,809,1440.0,29.0,2.0138888,809,2,NK / cytotoxic lymphocytes
GGTGGAGATCGATG-1,828,2297.0,48.0,2.089682,828,0,T cells
GGTGGAGATCTCTA-1,651,1836.0,45.0,2.4509804,651,1,CD14-like monocytes
GGTGGAGATTACTC-1,882,2454.0,25.0,1.018745,882,2,NK / cytotoxic lymphocytes
GGTTTACTACGCAT-1,972,2346.0,53.0,2.2591646,972,2,NK / cytotoxic lymphocytes
GTAACGTGACCTCC-1,1323,4523.0,81.0,1.7908467,1323,1,CD14-like monocytes
GTAACGTGATCGGT-1,679,1887.0,46.0,2.4377317,679,3,B cells
GTAACGTGCAGCTA-1,774,2109.0,34.0,1.6121384,774,3,B cells
GTAACGTGGTTGAC-1,784,2307.0,48.0,2.080624,784,3,B cells
GTAAGCACAACGGG-1,766,2030.0,17.0,0.83743846,766,0,T cells
GTAAGCACTCATTC-1,520,1138.0,24.0,2.108963,520,3,B cells
GTAAGCTGGTACCA-1,671,1450.0,42.0,2.8965518,671,1,CD14-like monocytes
GTAATAACCTTCTA-1,796,2208.0,79.0,3.5778985,796,1,CD14-like monocytes
GTAATAACGTTGTG-1,644,2118.0,54.0,2.549575,644,0,T cells
GTACCCTGACAGTC-1,1549,5050.0,81.0,1.6039604,1549,1,CD14-like monocytes
GTACCCTGGAGCTT-1,756,2350.0,39.0,1.6595745,756,0,T cells
GTACCCTGTCCTTA-1,723,1631.0,30.0,1.8393623,723,2,NK / cytotoxic lymphocytes
GTACCCTGTGAACC-1,788,2511.0,62.0,2.4691358,788,0,T cells
GTACGTGAACGTTG-1,643,1742.0,49.0,2.8128588,643,2,NK / cytotoxic lymphocytes
GTACTTTGTCGACA-1,856,2420.0,63.0,2.6033058,856,2,NK / cytotoxic lymphocytes
GTAGACTGAGATGA-1,825,2139.0,60.0,2.8050492,825,1,CD14-like monocytes
GTAGACTGTATTCC-1,730,2008.0,22.0,1.0956175,730,0,T cells
GTAGCAACAGTCGT-1,831,2232.0,44.0,1.9713262,831,1,CD14-like monocytes
GTAGCAACCATTTC-1,653,1657.0,56.0,3.3796017,653,3,B cells
GTAGCAACGGTAGG-1,429,955.0,4.0,0.41884816,429,1,CD14-like monocytes
GTAGCATGCACTCC-1,641,1680.0,41.0,2.4404762,641,3,B cells
GTAGCATGTAAGCC-1,637,1544.0,64.0,4.1450777,637,1,CD14-like monocytes
GTAGCCCTGACGTT-1,812,2453.0,79.0,3.2205462,812,0,T cells
GTAGCTGAAGCTAC-1,1527,5103.0,139.0,2.723888,1527,1,CD14-like monocytes
GTAGCTGAATTCGG-1,859,2430.0,54.0,2.2222223,859,0,T cells
GTAGGTACACGGGA-1,972,2858.0,49.0,1.7144856,972,1,CD14-like monocytes
GTAGTGACCTCATT-1,744,2328.0,41.0,1.7611685,744,0,T cells
GTAGTGTGAGCGGA-1,869,2056.0,32.0,1.5564202,869,2,NK / cytotoxic lymphocytes
GTAGTGTGAGGCGA-1,508,1148.0,27.0,2.3519163,508,1,CD14-like monocytes
GTAGTGTGTGGTTG-1,624,1969.0,17.0,0.8633824,624,0,T cells
GTATCACTGGTAGG-1,923,2503.0,69.0,2.756692,923,1,CD14-like monocytes
GTATCTACAGAAGT-1,976,2285.0,45.0,1.9693654,976,2,NK / cytotoxic lymphocytes
GTATCTACGACGAG-1,801,1939.0,33.0,1.7019082,801,2,NK / cytotoxic lymphocytes
GTATCTACGTTACG-1,1014,2808.0,85.0,3.0270655,1014,0,T cells
GTATTAGAAACAGA-1,1429,3490.0,50.0,1.4326648,1429,0,T cells
GTATTAGAGGTCTA-1,586,1410.0,20.0,1.4184396,586,0,T cells
GTATTCACACAGCT-1,692,1806.0,54.0,2.9900334,692,0,T cells
GTATTCACGGGTGA-1,704,1741.0,37.0,2.1252153,704,2,NK / cytotoxic lymphocytes
GTCAACGACACTGA-1,1176,3629.0,65.0,1.791127,1176,0,T cells
GTCAACGAGTGTAC-1,806,2148.0,40.0,1.8621974,806,1,CD14-like monocytes
GTCAATCTACACCA-1,883,2273.0,55.0,2.4197097,883,2,NK / cytotoxic lymphocytes
GTCAATCTGTAGCT-1,1249,3336.0,107.0,3.207434,1249,2,NK / cytotoxic lymphocytes
GTCAATCTTGTGGT-1,765,2261.0,15.0,0.66342324,765,0,T cells
GTCACCTGCCTCCA-1,743,2127.0,22.0,1.0343206,743,0,T cells
GTCACCTGTCCCGT-1,907,2796.0,68.0,2.4320457,907,0,T cells
GTCATACTAATCGC-1,666,1610.0,48.0,2.9813664,666,3,B cells
GTCATACTGCGATT-1,669,1457.0,10.0,0.6863418,669,2,NK / cytotoxic lymphocytes
GTCATACTTCGCCT-1,364,984.0,29.0,2.9471545,364,5,Platelets
GTCATACTTTACCT-1,794,1861.0,35.0,1.8807093,794,2,NK / cytotoxic lymphocytes
GTCATACTTTGACG-1,959,2738.0,32.0,1.1687363,959,0,T cells
GTCCAAGAAAAACG-1,766,2261.0,30.0,1.3268465,766,0,T cells
GTCCACTGACCTCC-1,937,3332.0,39.0,1.1704681,937,0,T cells
GTCCACTGGGTACT-1,1398,4417.0,123.0,2.7846954,1398,1,CD14-like monocytes
GTCCAGCTACGGGA-1,942,2634.0,33.0,1.2528473,942,0,T cells
GTCCCATGTGGTGT-1,1469,4746.0,120.0,2.528445,1469,1,CD14-like monocytes
GTCGAATGAAGGCG-1,905,2120.0,47.0,2.2169812,905,1,CD14-like monocytes
GTCGACCTGAATGA-1,812,1550.0,32.0,2.0645163,812,2,NK / cytotoxic lymphocytes
GTCGACCTGTTCAG-1,572,1836.0,36.0,1.9607844,572,2,NK / cytotoxic lymphocytes
GTCGCACTTGAGAA-1,1378,4067.0,67.0,1.6474059,1378,3,B cells
GTCTAACTGGTCTA-1,1058,3369.0,97.0,2.8791926,1058,1,CD14-like monocytes
GTCTAGGAGCTTCC-1,1215,3654.0,77.0,2.1072798,1215,1,CD14-like monocytes
GTGAACACACTCTT-1,697,2218.0,30.0,1.3525699,697,0,T cells
GTGAACACTCAGGT-1,531,1244.0,12.0,0.9646302,531,0,T cells
GTGACCCTTAAGCC-1,676,1896.0,29.0,1.5295359,676,2,NK / cytotoxic lymphocytes
GTGATGACAAGTGA-1,1819,6333.0,134.0,2.1159008,1819,0,T cells
GTGATGACCTGAGT-1,503,1096.0,22.0,2.0072992,503,3,B cells
GTGATGACGGTTTG-1,801,2084.0,51.0,2.447217,801,2,NK / cytotoxic lymphocytes
GTGATTCTCATTTC-1,943,2569.0,24.0,0.93421566,943,0,T cells
GTGATTCTCTCTCG-1,874,2597.0,69.0,2.6569118,874,1,CD14-like monocytes
GTGATTCTGGTTCA-1,813,1657.0,28.0,1.6898009,813,2,NK / cytotoxic lymphocytes
GTGATTCTGTCGAT-1,694,1991.0,36.0,1.8081367,694,0,T cells
GTGATTCTTAGCGT-1,494,1344.0,33.0,2.455357,494,3,B cells
GTGCCACTCAGGAG-1,660,1897.0,17.0,0.89615184,660,0,T cells
GTGGATTGCACTAG-1,1467,4561.0,147.0,3.2229774,1467,1,CD14-like monocytes
GTGGATTGCGGAGA-1,976,2774.0,63.0,2.2710888,976,0,T cells
GTGGATTGTAACGC-1,833,2765.0,52.0,1.880651,833,0,T cells
GTGTACGATCAGTG-1,689,1979.0,33.0,1.6675088,689,0,T cells
GTGTAGTGGGTACT-1,921,2627.0,72.0,2.740769,921,0,T cells
GTGTATCTAGCCTA-1,625,1434.0,35.0,2.4407253,625,3,B cells
GTGTATCTAGTAGA-1,1428,4444.0,91.0,2.0477047,1428,2,NK / cytotoxic lymphocytes
GTGTATCTGTTACG-1,817,2122.0,34.0,1.602262,817,3,B cells
GTGTCAGAAGCGTT-1,909,2056.0,43.0,2.0914397,909,2,NK / cytotoxic lymphocytes
GTTAAAACCGAGAG-1,956,2019.0,17.0,0.842001,956,2,NK / cytotoxic lymphocytes
GTTAAATGCTCGAA-1,765,2651.0,60.0,2.2632968,765,0,T cells
GTTAAATGTCGACA-1,1207,3783.0,74.0,1.9561195,1207,3,B cells
GTTAACCTAGCTAC-1,829,2450.0,66.0,2.6938775,829,0,T cells
GTTAACCTTGCTTT-1,1648,6102.0,99.0,1.6224189,1648,4,Dendritic cells
GTTAGGTGCACTCC-1,554,1391.0,49.0,3.5226457,554,0,T cells
GTTAGGTGCCAGTA-1,1500,4975.0,133.0,2.6733668,1500,1,CD14-like monocytes
GTTAGGTGCCCAAA-1,953,2189.0,13.0,0.59387845,953,1,CD14-like monocytes
GTTAGGTGGAACTC-1,647,1653.0,29.0,1.754386,647,3,B cells
GTTAGTCTAAGAAC-1,537,1154.0,50.0,4.3327556,537,2,NK / cytotoxic lymphocytes
GTTATAGAGGACAG-1,786,2053.0,33.0,1.6074038,786,0,T cells
GTTATGCTTTCATC-1,814,2431.0,46.0,1.8922255,814,0,T cells
GTTCAACTGGGACA-1,761,1503.0,32.0,2.129075,761,2,NK / cytotoxic lymphocytes
GTTCAACTTATGCG-1,862,2657.0,59.0,2.2205493,862,0,T cells
GTTGACGAGCCCTT-1,838,1899.0,18.0,0.94786733,838,2,NK / cytotoxic lymphocytes
GTTGACGATATCGG-1,1102,2264.0,44.0,1.9434628,1102,2,NK / cytotoxic lymphocytes
GTTGAGTGGTCTTT-1,1392,4397.0,47.0,1.0689106,1392,1,CD14-like monocytes
GTTGAGTGTGCTTT-1,1042,3840.0,75.0,1.953125,1042,0,T cells
GTTGATCTGGGACA-1,372,944.0,4.0,0.42372882,372,0,T cells
GTTGATCTTTTCAC-1,971,2461.0,53.0,2.1535962,971,2,NK / cytotoxic lymphocytes
GTTGGATGTTTACC-1,1364,4438.0,112.0,2.5236595,1364,1,CD14-like monocytes
GTTGTACTATTCCT-1,1137,3103.0,61.0,1.9658396,1137,1,CD14-like monocytes
GTTGTACTTTTGGG-1,847,2404.0,54.0,2.246256,847,0,T cells
GTTTAAGACCATGA-1,935,2598.0,59.0,2.2709777,935,1,CD14-like monocytes
GTTTAAGACTGTCC-1,710,1584.0,35.0,2.209596,710,2,NK / cytotoxic lymphocytes
TAAACAACCAACCA-1,1070,3425.0,64.0,1.868613,1070,0,T cells
TAAACAACGAATCC-1,914,2818.0,30.0,1.0645847,914,3,B cells
TAAAGACTCAGGAG-1,855,2375.0,36.0,1.5157895,855,0,T cells
TAAATCGATGAGGG-1,759,2036.0,39.0,1.9155207,759,0,T cells
TAACAATGTGCCCT-1,654,1343.0,21.0,1.5636634,654,3,B cells
TAACACCTTCGCTC-1,981,2755.0,40.0,1.4519056,981,1,CD14-like monocytes
TAACACCTTCGTAG-1,1193,3283.0,58.0,1.7666768,1193,1,CD14-like monocytes
TAACACCTTGTTTC-1,397,1004.0,11.0,1.0956175,397,5,Platelets
TAACATGACACTAG-1,1123,3390.0,66.0,1.9469026,1123,3,B cells
TAACCGGACTTACT-1,616,2009.0,27.0,1.3439522,616,0,T cells
TAACGTCTCAACCA-1,747,1931.0,42.0,2.1750388,747,1,CD14-like monocytes
TAACGTCTCATTGG-1,876,2567.0,55.0,2.1425788,876,0,T cells
TAACTAGAATTTCC-1,949,2538.0,36.0,1.4184396,949,0,T cells
TAACTAGACTTAGG-1,965,2921.0,59.0,2.0198562,965,0,T cells
TAACTAGATCTGGA-1,789,2348.0,34.0,1.448041,789,0,T cells
TAACTCACGAGGAC-1,752,1922.0,78.0,4.058273,752,1,CD14-like monocytes
TAACTCACGTACAC-1,717,2011.0,53.0,2.6355047,717,3,B cells
TAACTCACGTATCG-1,1198,3807.0,74.0,1.9437877,1198,1,CD14-like monocytes
TAACTCACTCTACT-1,952,2227.0,67.0,3.0085316,952,2,NK / cytotoxic lymphocytes
TAAGAACTGTGTCA-1,625,1730.0,65.0,3.7572253,625,1,CD14-like monocytes
TAAGAGGACTAAGC-1,784,2019.0,43.0,2.1297672,784,3,B cells
TAAGAGGACTTGTT-1,914,2061.0,32.0,1.5526444,914,2,NK / cytotoxic lymphocytes
TAAGATACGGTTCA-1,659,1465.0,14.0,0.9556314,659,1,CD14-like monocytes
TAAGATTGCGTAGT-1,913,2789.0,44.0,1.5776263,913,0,T cells
TAAGATTGTTGCTT-1,863,2289.0,29.0,1.2669288,863,0,T cells
TAAGCGTGAGGTTC-1,959,2838.0,65.0,2.2903454,959,1,CD14-like monocytes
TAAGCGTGGACAAA-1,1637,5192.0,107.0,2.0608628,1637,1,CD14-like monocytes
TAAGCGTGGGAAAT-1,796,2330.0,27.0,1.1587983,796,0,T cells
TAAGCGTGTGCTCC-1,1508,4978.0,111.0,2.2298112,1508,1,CD14-like monocytes
TAAGGCTGCCATGA-1,906,2361.0,59.0,2.4989412,906,2,NK / cytotoxic lymphocytes
TAAGGCTGCTGCTC-1,714,2147.0,34.0,1.583605,714,0,T cells
TAAGGCTGTCTCGC-1,1195,3420.0,73.0,2.134503,1195,1,CD14-like monocytes
TAAGGGCTGCTGTA-1,867,1852.0,25.0,1.349892,867,0,T cells
TAAGGGCTTTACTC-1,819,2208.0,71.0,3.2155797,819,0,T cells
TAAGTAACCGAGAG-1,375,702.0,19.0,2.7065527,375,3,B cells
TAAGTAACCTCCAC-1,656,1740.0,58.0,3.3333335,656,3,B cells
TAAGTAACCTGTAG-1,1047,3397.0,94.0,2.7671475,1047,0,T cells
TAAGTAACTTGTCT-1,745,2113.0,62.0,2.9342167,745,0,T cells
TAATGATGAGCGGA-1,866,2768.0,43.0,1.5534682,866,0,T cells
TAATGCCTCATGAC-1,1186,4189.0,40.0,0.95488185,1186,0,T cells
TAATGCCTCGTCTC-1,1669,4213.0,83.0,1.9700925,1669,2,NK / cytotoxic lymphocytes
TAATGTGAAGATGA-1,539,1314.0,19.0,1.4459665,539,0,T cells
TAATGTGACTGCAA-1,942,2532.0,55.0,2.172196,942,1,CD14-like monocytes
TAATGTGATTACTC-1,839,2326.0,66.0,2.8374891,839,0,T cells
TACAAATGGGTACT-1,927,2547.0,56.0,2.1986651,927,0,T cells
TACAATGAAAACAG-1,796,1995.0,32.0,1.60401,796,1,CD14-like monocytes
TACAATGACTTAGG-1,734,1948.0,33.0,1.6940452,734,0,T cells
TACAATGATGCTAG-1,831,2466.0,81.0,3.2846715,831,2,NK / cytotoxic lymphocytes
TACACACTCACACA-1,967,3128.0,72.0,2.3017902,967,0,T cells
TACACACTCTTACT-1,620,1246.0,40.0,3.210273,620,0,T cells
TACATAGAACGCAT-1,814,2223.0,79.0,3.5537562,814,2,NK / cytotoxic lymphocytes
TACATCACACGGGA-1,605,1622.0,27.0,1.6646115,605,0,T cells
TACATCACCTGTTT-1,1391,4202.0,155.0,3.6887195,1391,1,CD14-like monocytes
TACATCACGCTAAC-1,655,1795.0,32.0,1.7827299,655,3,B cells
TACATCACTGAACC-1,1512,4605.0,59.0,1.2812161,1512,1,CD14-like monocytes
TACCATTGAGGTTC-1,625,1535.0,23.0,1.4983714,625,0,T cells
TACCATTGCGGGAA-1,719,2071.0,64.0,3.0902946,719,1,CD14-like monocytes
TACCATTGGGGATG-1,547,1425.0,33.0,2.3157895,547,1,CD14-like monocytes
TACCATTGTGAGGG-1,864,2349.0,87.0,3.7037036,864,1,CD14-like monocytes
TACCGGCTGTTGGT-1,902,2809.0,78.0,2.776789,902,0,T cells
TACGAGTGATCTCT-1,853,2692.0,50.0,1.857355,853,0,T cells
TACGAGTGATGCTG-1,1143,3689.0,74.0,2.0059636,1143,1,CD14-like monocytes
TACGAGTGCGGAGA-1,990,2265.0,39.0,1.7218543,990,0,T cells
TACGAGTGGTTGGT-1,858,2222.0,41.0,1.8451846,858,0,T cells
TACGATCTAGTGTC-1,604,1422.0,39.0,2.7426162,604,0,T cells
TACGATCTCACTGA-1,1291,4206.0,99.0,2.3537803,1291,1,CD14-like monocytes
TACGATCTTACGAC-1,701,1686.0,47.0,2.787663,701,2,NK / cytotoxic lymphocytes
TACGCAGAGAATCC-1,859,2121.0,17.0,0.80150867,859,2,NK / cytotoxic lymphocytes
TACGCCACATTCCT-1,768,1967.0,12.0,0.6100661,768,0,T cells
TACGCCACTCCCAC-1,1621,5289.0,167.0,3.157497,1621,1,CD14-like monocytes
TACGCCACTCCGAA-1,715,1857.0,39.0,2.1001616,715,3,B cells
TACGGAACGCGTTA-1,594,1380.0,31.0,2.246377,594,3,B cells
TACGGCCTGGGACA-1,783,1557.0,27.0,1.734104,783,2,NK / cytotoxic lymphocytes
TACGTACTACGGAG-1,1608,5282.0,79.0,1.4956455,1608,0,T cells
TACGTACTCAGTTG-1,927,2993.0,49.0,1.6371534,927,0,T cells
TACGTACTCCCGTT-1,740,1937.0,37.0,1.9101703,740,3,B cells
TACGTTACAGAAGT-1,805,2256.0,32.0,1.4184396,805,0,T cells
TACGTTACCAAGCT-1,705,1701.0,43.0,2.5279248,705,1,CD14-like monocytes
TACTAAGAAAGGTA-1,491,988.0,14.0,1.417004,491,3,B cells
TACTAAGAATCACG-1,514,1219.0,38.0,3.1173093,514,0,T cells
TACTAAGATGATGC-1,768,1864.0,43.0,2.3068671,768,1,CD14-like monocytes
TACTAAGATTGCGA-1,880,2551.0,38.0,1.4896119,880,0,T cells
TACTACACGAGAGC-1,993,3236.0,30.0,0.92707044,993,0,T cells
TACTACACTTACCT-1,356,750.0,28.0,3.733333,356,3,B cells
TACTACTGAACCTG-1,748,1831.0,31.0,1.693064,748,1,CD14-like monocytes
TACTACTGATGTCG-1,993,2304.0,36.0,1.5625,993,2,NK / cytotoxic lymphocytes
TACTACTGATTCTC-1,801,2383.0,31.0,1.3008813,801,0,T cells
TACTACTGTATGGC-1,843,2843.0,81.0,2.8491032,843,0,T cells
TACTCAACGGTCTA-1,1194,3741.0,52.0,1.3900027,1194,1,CD14-like monocytes
TACTCAACTGCTAG-1,794,2242.0,66.0,2.9438002,794,3,B cells
TACTCCCTCAGTTG-1,606,1556.0,18.0,1.1568123,606,0,T cells
TACTCTGAATCGAC-1,810,1986.0,36.0,1.8126888,810,2,NK / cytotoxic lymphocytes
TACTCTGACGAGTT-1,882,2524.0,47.0,1.8621236,882,0,T cells
TACTCTGATTGACG-1,682,1492.0,23.0,1.5415549,682,3,B cells
TACTGGGATCGATG-1,1126,3823.0,60.0,1.569448,1126,0,T cells
TACTGTTGAAAGCA-1,792,1991.0,36.0,1.8081367,792,0,T cells
TACTGTTGAGGCGA-1,829,1701.0,47.0,2.7630806,829,2,NK / cytotoxic lymphocytes
TACTGTTGCTGAAC-1,1657,5201.0,166.0,3.1916938,1657,3,B cells
TACTTGACTCCTCG-1,786,1705.0,28.0,1.6422286,786,2,NK / cytotoxic lymphocytes
TACTTGACTGGTGT-1,610,1599.0,31.0,1.9387116,610,3,B cells
TACTTTCTTTTGGG-1,664,1591.0,66.0,4.1483345,664,2,NK / cytotoxic lymphocytes
TAGAAACTAATCGC-1,790,2208.0,27.0,1.2228261,790,0,T cells
TAGAAACTGCTTCC-1,852,2211.0,52.0,2.351877,852,1,CD14-like monocytes
TAGAAACTGGGATG-1,678,1371.0,18.0,1.3129103,678,2,NK / cytotoxic lymphocytes
TAGAATTGCGACAT-1,589,1742.0,37.0,2.1239955,589,0,T cells
TAGAATTGTATCGG-1,930,3222.0,66.0,2.048417,930,0,T cells
TAGACGTGCTTGAG-1,690,1986.0,67.0,3.3736155,690,0,T cells
TAGACGTGTCGCTC-1,840,2593.0,26.0,1.0026996,840,0,T cells
TAGAGCACCTTACT-1,647,1444.0,29.0,2.0083103,647,3,B cells
TAGATTGACTTGTT-1,622,1594.0,55.0,3.4504392,622,3,B cells
TAGATTGAGGCATT-1,427,813.0,18.0,2.2140222,427,2,NK / cytotoxic lymphocytes
TAGCATCTCAGCTA-1,856,1700.0,21.0,1.2352941,856,2,NK / cytotoxic lymphocytes
TAGCATCTCCCTCA-1,522,1138.0,30.0,2.636204,522,0,T cells
TAGCATCTGCTGTA-1,1262,3628.0,81.0,2.232635,1262,1,CD14-like monocytes
TAGCATCTGGGACA-1,722,2069.0,42.0,2.029966,722,0,T cells
TAGCATCTTGTCGA-1,641,1753.0,26.0,1.4831717,641,0,T cells
TAGCCCACAAAAGC-1,997,3164.0,42.0,1.3274336,997,0,T cells
TAGCCCACAGCCAT-1,983,2261.0,50.0,2.211411,983,2,NK / cytotoxic lymphocytes
TAGCCCACAGCTAC-1,1099,2171.0,63.0,2.9018884,1099,2,NK / cytotoxic lymphocytes
TAGCCCACCCACAA-1,607,1986.0,44.0,2.2155085,607,0,T cells
TAGCCCTGCGGAGA-1,704,2044.0,100.0,4.892368,704,0,T cells
TAGCCGCTTACGAC-1,947,2796.0,35.0,1.2517883,947,0,T cells
TAGCCGCTTACTTC-1,886,2301.0,40.0,1.7383747,886,2,NK / cytotoxic lymphocytes
TAGCCGCTTTCCAT-1,1062,3331.0,75.0,2.2515762,1062,1,CD14-like monocytes
TAGCTACTGAATAG-1,659,1645.0,19.0,1.1550152,659,3,B cells
TAGCTACTGTAGCT-1,995,2915.0,37.0,1.2692968,995,0,T cells
TAGCTACTTTTGCT-1,492,1079.0,29.0,2.6876738,492,2,NK / cytotoxic lymphocytes
TAGGACTGTGCTGA-1,754,1709.0,51.0,2.9842014,754,0,T cells
TAGGAGCTAAGGCG-1,676,2038.0,63.0,3.091266,676,3,B cells
TAGGAGCTGAGGGT-1,837,2596.0,48.0,1.8489984,837,0,T cells
TAGGAGCTTGCATG-1,532,1163.0,9.0,0.7738607,532,3,B cells
TAGGCAACCGTCTC-1,598,1691.0,29.0,1.7149616,598,3,B cells
TAGGCATGCTCTCG-1,1274,3106.0,42.0,1.3522215,1274,4,Dendritic cells
TAGGCATGGCGAGA-1,921,2403.0,29.0,1.2068248,921,2,NK / cytotoxic lymphocytes
TAGGCTGATGCCTC-1,700,1640.0,24.0,1.4634147,700,1,CD14-like monocytes
TAGGGACTGAACTC-1,828,1919.0,53.0,2.7618551,828,2,NK / cytotoxic lymphocytes
TAGGTCGACACTGA-1,828,2469.0,54.0,2.1871204,828,0,T cells
TAGGTCGAGGATCT-1,543,1221.0,25.0,2.047502,543,3,B cells
TAGGTGACACACTG-1,815,1991.0,73.0,3.6664991,815,0,T cells
TAGGTGACACGTTG-1,709,1889.0,73.0,3.8644786,709,3,B cells
TAGGTGTGTTCTGT-1,842,1726.0,52.0,3.012746,842,0,T cells
TAGGTTCTGAAGGC-1,1200,3539.0,67.0,1.8931901,1200,0,T cells
TAGGTTCTTCTTAC-1,1126,3246.0,80.0,2.4645717,1126,1,CD14-like monocytes
TAGGTTCTTGCTGA-1,1327,3808.0,69.0,1.8119749,1327,1,CD14-like monocytes
TAGTAAACCTCGCT-1,849,2781.0,53.0,1.9057893,849,0,T cells
TAGTAAACGTCACA-1,1160,4046.0,86.0,2.125556,1160,0,T cells
TAGTAATGAGATCC-1,707,1814.0,15.0,0.82690185,707,0,T cells
TAGTACCTAAGAAC-1,675,1663.0,31.0,1.8641009,675,1,CD14-like monocytes
TAGTATGATCTTAC-1,709,1833.0,56.0,3.055101,709,3,B cells
TAGTATGATTCTCA-1,990,3358.0,68.0,2.0250149,990,0,T cells
TAGTCTTGGCTGTA-1,270,652.0,0.0,0.0,270,0,T cells
TAGTCTTGGGACTT-1,445,945.0,16.0,1.6931217,445,0,T cells
TAGTCTTGTGGAAA-1,892,2207.0,78.0,3.5342093,892,2,NK / cytotoxic lymphocytes
TAGTGGTGAAGTGA-1,1040,2006.0,72.0,3.5892322,1040,2,NK / cytotoxic lymphocytes
TAGTTAGAACCACA-1,832,1737.0,27.0,1.5544041,832,2,NK / cytotoxic lymphocytes
TAGTTAGATGAACC-1,815,2217.0,34.0,1.5336039,815,0,T cells
TATAAGACAACAGA-1,437,982.0,48.0,4.887984,437,0,T cells
TATAAGACAGCTCA-1,1401,4150.0,91.0,2.192771,1401,1,CD14-like monocytes
TATAAGTGACACCA-1,1341,3900.0,168.0,4.307692,1341,1,CD14-like monocytes
TATAAGTGTATCGG-1,480,973.0,16.0,1.6443988,480,1,CD14-like monocytes
TATAAGTGTGGTGT-1,1517,4913.0,120.0,2.4424994,1517,1,CD14-like monocytes
TATACAGAACCCTC-1,704,1976.0,47.0,2.3785424,704,2,NK / cytotoxic lymphocytes
TATACAGAAGAACA-1,622,1662.0,26.0,1.5643803,622,0,T cells
TATACAGATCCAGA-1,823,2249.0,41.0,1.8230325,823,0,T cells
TATACCACCTGATG-1,731,1972.0,67.0,3.397566,731,3,B cells
TATACGCTACCAAC-1,781,2144.0,32.0,1.4925373,781,0,T cells
TATAGATGGACGGA-1,849,2088.0,30.0,1.4367816,849,0,T cells
TATAGATGTTCCGC-1,1209,3650.0,115.0,3.1506848,1209,1,CD14-like monocytes
TATCCAACCAGCTA-1,472,1074.0,16.0,1.4897579,472,1,CD14-like monocytes
TATCCAACTCTCTA-1,838,1973.0,54.0,2.7369487,838,2,NK / cytotoxic lymphocytes
TATCGACTACTAGC-1,643,1478.0,37.0,2.503383,643,2,NK / cytotoxic lymphocytes
TATCGACTCGATAC-1,1101,3151.0,82.0,2.6023486,1101,1,CD14-like monocytes
TATCGTACAGATGA-1,879,2185.0,55.0,2.5171626,879,2,NK / cytotoxic lymphocytes
TATCGTACATTCCT-1,895,2324.0,56.0,2.4096384,895,1,CD14-like monocytes
TATCTCGAGAGATA-1,408,1174.0,16.0,1.362862,408,0,T cells
TATCTGACAGGTTC-1,832,1888.0,47.0,2.4894068,832,2,NK / cytotoxic lymphocytes
TATCTGACTGTTTC-1,845,2662.0,34.0,1.2772352,845,2,NK / cytotoxic lymphocytes
TATCTTCTAAACAG-1,928,3051.0,63.0,2.0648968,928,0,T cells
TATGAATGGAGGAC-1,920,2033.0,21.0,1.0329562,920,2,NK / cytotoxic lymphocytes
TATGAATGTTTGCT-1,1269,3725.0,96.0,2.577181,1269,1,CD14-like monocytes
TATGCGGATAACCG-1,652,1373.0,46.0,3.350328,652,0,T cells
TATGGGTGCATCAG-1,1463,3551.0,42.0,1.1827654,1463,2,NK / cytotoxic lymphocytes
TATGGGTGCTAGCA-1,840,2023.0,47.0,2.3232822,840,3,B cells
TATGGTCTCTACCC-1,706,1898.0,47.0,2.4762907,706,0,T cells
TATGTCACGGAACG-1,956,3336.0,85.0,2.5479617,956,3,B cells
TATGTCACTAACCG-1,1219,3467.0,63.0,1.817133,1219,1,CD14-like monocytes
TATGTCACTTCTCA-1,612,1388.0,41.0,2.9538906,612,3,B cells
TATGTGCTCCGATA-1,970,2912.0,48.0,1.6483518,970,1,CD14-like monocytes
TATGTGCTGGATTC-1,789,2276.0,19.0,0.83479786,789,0,T cells
TATTGCTGAAGAAC-1,382,805.0,31.0,3.8509316,382,1,CD14-like monocytes
TATTGCTGCCGTTC-1,533,1289.0,63.0,4.88751,533,3,B cells
TATTGCTGTCTGGA-1,627,2093.0,44.0,2.1022456,627,0,T cells
TATTGCTGTGCACA-1,388,780.0,24.0,3.0769231,388,2,NK / cytotoxic lymphocytes
TATTTCCTATTGGC-1,655,1638.0,31.0,1.892552,655,1,CD14-like monocytes
TATTTCCTGGAGGT-1,1103,2265.0,41.0,1.8101546,1103,2,NK / cytotoxic lymphocytes
TATTTCCTGGTGTT-1,782,2209.0,20.0,0.905387,782,0,T cells
TCAACACTGTTTGG-1,1231,2765.0,67.0,2.4231465,1231,2,NK / cytotoxic lymphocytes
TCAAGGACAGCGTT-1,617,1738.0,26.0,1.4959724,617,0,T cells
TCAAGGACATTCTC-1,589,1218.0,22.0,1.8062398,589,2,NK / cytotoxic lymphocytes
TCAAGGACGGTGTT-1,758,2074.0,21.0,1.0125362,758,1,CD14-like monocytes
TCAATCACACTCTT-1,882,2134.0,59.0,2.764761,882,2,NK / cytotoxic lymphocytes
TCAATCACAGTCGT-1,909,2583.0,83.0,3.2133176,909,1,CD14-like monocytes
TCACAACTATGTGC-1,661,1839.0,36.0,1.9575857,661,0,T cells
TCACAACTTTGCTT-1,558,1300.0,44.0,3.3846154,558,1,CD14-like monocytes
TCACATACACTTTC-1,947,2580.0,41.0,1.5891473,947,0,T cells
TCACATACAGGGTG-1,491,1203.0,20.0,1.6625104,491,0,T cells
TCACCCGAGACGGA-1,1386,4220.0,91.0,2.156398,1386,1,CD14-like monocytes
TCACCGTGCTCGCT-1,1481,4576.0,160.0,3.4965034,1481,1,CD14-like monocytes
TCACCTCTACGACT-1,823,2131.0,77.0,3.613327,823,2,NK / cytotoxic lymphocytes
TCACCTCTTCCAAG-1,1064,2765.0,71.0,2.567812,1064,1,CD14-like monocytes
TCACGAGAGGAGGT-1,681,1644.0,32.0,1.946472,681,3,B cells
TCACTATGGGGCAA-1,652,1431.0,27.0,1.8867924,652,2,NK / cytotoxic lymphocytes
TCACTATGGTTGTG-1,363,808.0,5.0,0.6188119,363,3,B cells
TCAGACGACGCTAA-1,824,2309.0,29.0,1.255955,824,0,T cells
TCAGACGACGTTAG-1,933,2038.0,39.0,1.9136409,933,2,NK / cytotoxic lymphocytes
TCAGAGACTCCAGA-1,611,2093.0,31.0,1.4811275,611,0,T cells
TCAGCAGACTCCAC-1,886,2640.0,29.0,1.0984849,886,0,T cells
TCAGCGCTCTAGTG-1,806,1781.0,48.0,2.695115,806,2,NK / cytotoxic lymphocytes
TCAGCGCTGGATCT-1,531,1276.0,26.0,2.0376177,531,3,B cells
TCAGCGCTGGTATC-1,864,2363.0,71.0,3.0046551,864,2,NK / cytotoxic lymphocytes
TCAGGATGAAGTAG-1,648,1623.0,20.0,1.2322859,648,0,T cells
TCAGGATGCCTTTA-1,1142,3122.0,81.0,2.5944908,1142,1,CD14-like monocytes
TCAGTGGAAGATCC-1,736,1688.0,32.0,1.8957347,736,2,NK / cytotoxic lymphocytes
TCAGTTACCTACGA-1,955,2574.0,69.0,2.6806526,955,1,CD14-like monocytes
TCAGTTACTAGAAG-1,826,2239.0,28.0,1.2505583,826,0,T cells
TCATCAACCCGATA-1,725,2340.0,52.0,2.2222223,725,0,T cells
TCATCAACTGTTCT-1,1174,4052.0,111.0,2.739388,1174,1,CD14-like monocytes
TCATCATGCAGTTG-1,841,2220.0,30.0,1.3513514,841,0,T cells
TCATCCCTTACTGG-1,1006,2834.0,39.0,1.3761468,1006,0,T cells
TCATTCGATACAGC-1,1418,4631.0,138.0,2.979918,1418,1,CD14-like monocytes
TCCACGTGGAAACA-1,955,3201.0,51.0,1.5932521,955,0,T cells
TCCACTCTACACTG-1,829,2049.0,14.0,0.6832601,829,0,T cells
TCCACTCTGAGCTT-1,1038,3186.0,80.0,2.5109856,1038,1,CD14-like monocytes
TCCACTCTTACTTC-1,632,1502.0,11.0,0.73235685,632,3,B cells
TCCATAACAAAGTG-1,750,2226.0,50.0,2.2461815,750,0,T cells
TCCATAACCGTAGT-1,846,2093.0,21.0,1.0033444,846,3,B cells
TCCATAACGATGAA-1,1033,2555.0,41.0,1.6046968,1033,0,T cells
TCCATAACTACGCA-1,859,2497.0,44.0,1.7621145,859,0,T cells
TCCATCCTCCCTAC-1,890,2010.0,43.0,2.1393034,890,2,NK / cytotoxic lymphocytes
TCCCACGATCATTC-1,893,2636.0,28.0,1.0622154,893,0,T cells
TCCCATCTCAAAGA-1,1030,3217.0,64.0,1.9894311,1030,1,CD14-like monocytes
TCCCGAACACAGTC-1,913,1722.0,61.0,3.5423927,913,2,NK / cytotoxic lymphocytes
TCCCGAACTTCGCC-1,1385,4180.0,101.0,2.4162679,1385,1,CD14-like monocytes
TCCCGATGAGATCC-1,750,1773.0,37.0,2.0868585,750,0,T cells
TCCCGATGCCTGAA-1,416,810.0,17.0,2.0987654,416,1,CD14-like monocytes
TCCCTACTCAACTG-1,703,1717.0,25.0,1.456028,703,3,B cells
TCCGAAGACAATCG-1,522,1103.0,18.0,1.631913,522,1,CD14-like monocytes
TCCGAAGACGTTAG-1,856,2866.0,50.0,1.7445918,856,0,T cells
TCCGGACTGAGGTG-1,914,2387.0,21.0,0.8797654,914,0,T cells
TCCGGACTGTACGT-1,742,1942.0,51.0,2.6261587,742,2,NK / cytotoxic lymphocytes
TCCTAAACATCGAC-1,381,893.0,7.0,0.7838746,381,0,T cells
TCCTAAACCGAGAG-1,1079,3321.0,88.0,2.649804,1079,0,T cells
TCCTAAACCGCATA-1,671,1386.0,30.0,2.1645021,671,2,NK / cytotoxic lymphocytes
TCCTAATGGTTTGG-1,1101,2660.0,45.0,1.6917294,1101,2,NK / cytotoxic lymphocytes
TCCTACCTGTCGTA-1,858,2508.0,26.0,1.0366826,858,0,T cells
TCCTATGAAAAGCA-1,663,1545.0,34.0,2.2006474,663,2,NK / cytotoxic lymphocytes
TCGAATCTCTGGTA-1,581,1305.0,31.0,2.3754787,581,2,NK / cytotoxic lymphocytes
TCGACCTGCCGATA-1,845,2173.0,32.0,1.4726186,845,1,CD14-like monocytes
TCGACGCTTCTATC-1,881,2541.0,26.0,1.0232192,881,1,CD14-like monocytes
TCGACGCTTTGACG-1,823,2196.0,70.0,3.187614,823,0,T cells
TCGAGAACGACAGG-1,835,2496.0,108.0,4.3269234,835,0,T cells
TCGAGAACGTTAGC-1,1290,3384.0,54.0,1.5957447,1290,0,T cells
TCGAGCCTATCAGC-1,598,1489.0,33.0,2.2162526,598,3,B cells
TCGAGCCTGCGAGA-1,1130,3237.0,79.0,2.4405313,1130,2,NK / cytotoxic lymphocytes
TCGAGCCTTGTGAC-1,793,2608.0,87.0,3.3358893,793,0,T cells
TCGATACTATTCCT-1,838,2486.0,34.0,1.367659,838,0,T cells
TCGATACTTGCACA-1,765,1825.0,39.0,2.1369863,765,0,T cells
TCGATTTGATGCCA-1,768,2116.0,25.0,1.1814746,768,1,CD14-like monocytes
TCGATTTGCACTCC-1,815,2506.0,27.0,1.0774142,815,0,T cells
TCGATTTGCAGCTA-1,810,1686.0,40.0,2.3724792,810,2,NK / cytotoxic lymphocytes
TCGATTTGCCTACC-1,912,2281.0,64.0,2.8057868,912,1,CD14-like monocytes
TCGATTTGTCGTGA-1,818,2737.0,51.0,1.8633541,818,3,B cells
TCGCAGCTAGATCC-1,790,2098.0,50.0,2.383222,790,2,NK / cytotoxic lymphocytes
TCGCCATGAGACTC-1,665,1864.0,33.0,1.7703863,665,0,T cells
TCGCCATGTGGTCA-1,703,1582.0,28.0,1.7699115,703,3,B cells
TCGGACCTAACAGA-1,875,2910.0,33.0,1.1340207,875,0,T cells
TCGGACCTATAAGG-1,657,1368.0,16.0,1.1695907,657,3,B cells
TCGGACCTGTACAC-1,1567,5600.0,80.0,1.4285715,1567,0,T cells
TCGGTAGAGTAGGG-1,688,2104.0,32.0,1.5209125,688,0,T cells
TCGGTAGATCCCAC-1,749,2177.0,38.0,1.7455213,749,3,B cells
TCGTAGGATCGACA-1,1076,2905.0,91.0,3.1325302,1076,0,T cells
TCGTTATGGACAAA-1,782,2162.0,27.0,1.2488437,782,0,T cells
TCTAACACCAGTTG-1,543,1090.0,40.0,3.6697247,543,2,NK / cytotoxic lymphocytes
TCTAACACGAGCAG-1,1100,3182.0,51.0,1.6027656,1100,4,Dendritic cells
TCTAACTGAACCAC-1,841,2303.0,61.0,2.648719,841,2,NK / cytotoxic lymphocytes
TCTAAGCTAATGCC-1,809,2515.0,32.0,1.2723658,809,0,T cells
TCTAAGCTTAGTCG-1,789,1791.0,32.0,1.7867112,789,2,NK / cytotoxic lymphocytes
TCTAAGCTTCTAGG-1,1263,3782.0,64.0,1.6922263,1263,1,CD14-like monocytes
TCTAAGCTTGTTCT-1,758,2052.0,51.0,2.4853802,758,1,CD14-like monocytes
TCTAAGCTTTCGCC-1,368,686.0,6.0,0.8746356,368,3,B cells
TCTACAACGACTAC-1,1022,2564.0,58.0,2.2620904,1022,1,CD14-like monocytes
TCTAGACTTAGAAG-1,730,1834.0,68.0,3.7077427,730,1,CD14-like monocytes
TCTAGTTGCACCAA-1,1101,3303.0,44.0,1.3321223,1101,1,CD14-like monocytes
TCTATGTGAAGAGT-1,478,1131.0,19.0,1.6799294,478,1,CD14-like monocytes
TCTATGTGAGTCTG-1,488,951.0,28.0,2.9442692,488,2,NK / cytotoxic lymphocytes
TCTCAAACCTAAGC-1,618,1479.0,25.0,1.6903313,618,3,B cells
TCTCTAGAATTTCC-1,940,2723.0,33.0,1.2118987,940,0,T cells
TCTGATACACGTGT-1,771,2225.0,46.0,2.0674157,771,0,T cells
TCTGATACTCGCCT-1,784,2451.0,82.0,3.3455734,784,0,T cells
TCTTACGAACCTGA-1,847,2156.0,54.0,2.5046382,847,1,CD14-like monocytes
TCTTCAGAGCTACA-1,1303,3625.0,71.0,1.9586208,1303,1,CD14-like monocytes
TCTTGATGCGGAGA-1,821,2273.0,50.0,2.199736,821,2,NK / cytotoxic lymphocytes
TGAAATTGGTGAGG-1,1111,3348.0,83.0,2.4790921,1111,1,CD14-like monocytes
TGAACCGAAAACGA-1,752,2185.0,57.0,2.6086955,752,0,T cells
TGAACCGACTACTT-1,1128,2913.0,42.0,1.4418126,1128,1,CD14-like monocytes
TGAACCGATTCGGA-1,958,2871.0,58.0,2.020202,958,1,CD14-like monocytes
TGAAGCACTCACGA-1,742,1917.0,49.0,2.5560772,742,2,NK / cytotoxic lymphocytes
TGAAGCTGAACGAA-1,782,2514.0,53.0,2.108194,782,0,T cells
TGAAGCTGCATGGT-1,824,2029.0,39.0,1.9221292,824,3,B cells
TGAAGCTGCGTAAC-1,751,2178.0,52.0,2.3875115,751,0,T cells
TGAATAACCACTTT-1,872,2591.0,45.0,1.7367812,872,0,T cells
TGAATAACTCCCAC-1,939,2142.0,97.0,4.528478,939,2,NK / cytotoxic lymphocytes
TGACACGACCTTAT-1,606,1510.0,29.0,1.9205298,606,3,B cells
TGACCAGACAACCA-1,698,1800.0,20.0,1.1111112,698,0,T cells
TGACCAGAGGATTC-1,705,1923.0,47.0,2.4440978,705,0,T cells
TGACCGCTAAAAGC-1,963,3021.0,43.0,1.4233698,963,0,T cells
TGACCGCTCTGCAA-1,607,1926.0,31.0,1.6095533,607,0,T cells
TGACGATGCAAAGA-1,621,1634.0,28.0,1.7135862,621,1,CD14-like monocytes
TGACGCCTGTACCA-1,1650,5159.0,153.0,2.9656909,1650,0,T cells
TGACGCCTTTACTC-1,1093,2613.0,23.0,0.8802143,1093,0,T cells
TGACTGGAAGAGAT-1,545,1442.0,32.0,2.21914,545,1,CD14-like monocytes
TGACTGGACCGTAA-1,670,1494.0,7.0,0.46854085,670,0,T cells
TGACTGGACGCAAT-1,617,1756.0,29.0,1.6514806,617,0,T cells
TGACTGGAGGACAG-1,723,1852.0,40.0,2.1598272,723,3,B cells
TGACTGGATTCTCA-1,1194,4076.0,80.0,1.9627085,1194,0,T cells
TGACTTACACACCA-1,1019,3324.0,30.0,0.9025271,1019,0,T cells
TGACTTACAGTCTG-1,1291,4136.0,79.0,1.910058,1291,1,CD14-like monocytes
TGACTTTGCGCATA-1,758,2348.0,32.0,1.362862,758,0,T cells
TGACTTTGTTTGTC-1,855,2289.0,36.0,1.5727391,855,0,T cells
TGAGACACAAGGTA-1,1549,5138.0,68.0,1.3234721,1549,0,T cells
TGAGACACTCAAGC-1,743,1816.0,72.0,3.9647574,743,2,NK / cytotoxic lymphocytes
TGAGCTGAATGCTG-1,1372,4165.0,85.0,2.0408163,1372,1,CD14-like monocytes
TGAGCTGACTGGAT-1,802,2132.0,70.0,3.283302,802,1,CD14-like monocytes
TGAGCTGATGCTAG-1,337,661.0,22.0,3.3282905,337,1,CD14-like monocytes
TGAGGACTCTCATT-1,1121,3669.0,148.0,4.0337963,1121,1,CD14-like monocytes
TGAGGACTTCATTC-1,1028,3089.0,57.0,1.8452574,1028,0,T cells
TGAGGTACGAACCT-1,1524,4755.0,136.0,2.8601472,1524,1,CD14-like monocytes
TGAGTCGAGTTACG-1,645,1377.0,34.0,2.4691358,645,3,B cells
TGAGTGACTGAGCT-1,847,2457.0,47.0,1.9129019,847,0,T cells
TGATAAACGAATCC-1,866,2519.0,54.0,2.1437078,866,0,T cells
TGATAAACTCCGTC-1,941,2068.0,37.0,1.7891682,941,2,NK / cytotoxic lymphocytes
TGATAAACTTTCAC-1,751,1922.0,35.0,1.8210196,751,0,T cells
TGATACCTCACTAG-1,583,1506.0,20.0,1.3280213,583,1,CD14-like monocytes
TGATACCTGTTGGT-1,796,2216.0,34.0,1.534296,796,0,T cells
TGATACCTTATGCG-1,793,2264.0,53.0,2.3409894,793,0,T cells
TGATACCTTGAAGA-1,975,3063.0,39.0,1.2732614,975,0,T cells
TGATATGAACCTTT-1,936,2958.0,51.0,1.7241379,936,0,T cells
TGATCACTAGCATC-1,524,1110.0,51.0,4.5945945,524,2,NK / cytotoxic lymphocytes
TGATCACTCTCGCT-1,659,1843.0,45.0,2.4416711,659,0,T cells
TGATCACTTCTACT-1,607,1756.0,47.0,2.6765375,607,3,B cells
TGATCGGACTGACA-1,1433,4211.0,153.0,3.6333413,1433,1,CD14-like monocytes
TGATCGGAGGAGCA-1,562,1352.0,17.0,1.2573965,562,3,B cells
TGATCGGATATGCG-1,696,1526.0,56.0,3.6697247,696,1,CD14-like monocytes
TGATTAGACATTGG-1,927,2278.0,30.0,1.3169447,927,0,T cells
TGATTAGATGACTG-1,517,1175.0,35.0,2.9787235,517,3,B cells
TGATTAGATGCTAG-1,719,2242.0,41.0,1.8287244,719,0,T cells
TGATTCACTATGCG-1,599,1901.0,44.0,2.3145714,599,0,T cells
TGATTCACTGTCAG-1,639,1733.0,26.0,1.5002885,639,3,B cells
TGATTCTGCCGAAT-1,977,3102.0,56.0,1.8052869,977,0,T cells
TGATTCTGCTCTTA-1,1019,2820.0,39.0,1.3829787,1019,0,T cells
TGCAAGTGAGAACA-1,816,2063.0,60.0,2.908386,816,0,T cells
TGCAAGTGGGTAGG-1,672,1705.0,31.0,1.8181818,672,1,CD14-like monocytes
TGCAATCTTCAGGT-1,1903,6317.0,107.0,1.693842,1903,4,Dendritic cells
TGCACAGACGACAT-1,1162,2463.0,69.0,2.8014617,1162,2,NK / cytotoxic lymphocytes
TGCCAAGAGCAGTT-1,964,2914.0,47.0,1.6129031,964,1,CD14-like monocytes
TGCCAAGATCTCTA-1,936,3094.0,54.0,1.7453136,936,0,T cells
TGCCACTGAACGTC-1,947,2656.0,20.0,0.75301206,947,0,T cells
TGCCACTGCGATAC-1,989,1949.0,25.0,1.2827091,989,2,NK / cytotoxic lymphocytes
TGCCAGCTTGGCAT-1,790,2184.0,30.0,1.3736264,790,0,T cells
TGCCCAACAGCAAA-1,902,2794.0,34.0,1.2168933,902,0,T cells
TGCCCAACCGCATA-1,982,2799.0,91.0,3.251161,982,1,CD14-like monocytes
TGCCGACTCTCCCA-1,673,1904.0,42.0,2.2058823,673,3,B cells
TGCGAAACAGTCAC-1,856,2339.0,58.0,2.4796922,856,3,B cells
TGCGAAACGTTGCA-1,629,1420.0,46.0,3.2394364,629,3,B cells
TGCGATGAACGGTT-1,692,1829.0,42.0,2.2963367,692,0,T cells
TGCGATGACCTCGT-1,843,2220.0,45.0,2.027027,843,0,T cells
TGCGATGACTAGTG-1,940,2846.0,54.0,1.8973999,940,3,B cells
TGCGATGACTGCTC-1,795,2314.0,45.0,1.9446846,795,3,B cells
TGCGATGACTTGCC-1,780,1951.0,25.0,1.2813941,780,3,B cells
TGCGATGAGTGCTA-1,821,1915.0,45.0,2.3498695,821,1,CD14-like monocytes
TGCGCACTCTTGAG-1,471,1059.0,19.0,1.7941455,471,1,CD14-like monocytes
TGCGTAGAATAAGG-1,702,1588.0,45.0,2.833753,702,1,CD14-like monocytes
TGCGTAGACGGGAA-1,631,1553.0,34.0,2.189311,631,3,B cells
TGCGTAGATGGTCA-1,1557,5486.0,152.0,2.770689,1557,1,CD14-like monocytes
TGCTAGGAAACCGT-1,868,2223.0,54.0,2.4291499,868,2,NK / cytotoxic lymphocytes
TGCTAGGATAGTCG-1,901,3056.0,53.0,1.7342932,901,0,T cells
TGCTATACGGTTCA-1,798,2123.0,54.0,2.5435705,798,1,CD14-like monocytes
TGCTATACTGCTGA-1,1020,2583.0,76.0,2.942315,1020,2,NK / cytotoxic lymphocytes
TGCTGAGAGAGCAG-1,885,1992.0,68.0,3.4136546,885,2,NK / cytotoxic lymphocytes
TGCTGAGATTATCC-1,881,2754.0,39.0,1.416122,881,0,T cells
TGGAAAGACTCTCG-1,719,1918.0,47.0,2.4504693,719,3,B cells
TGGAAAGAGCGATT-1,1043,2879.0,33.0,1.1462313,1043,0,T cells
TGGAAAGAGGTCAT-1,1238,3494.0,124.0,3.5489411,1238,1,CD14-like monocytes
TGGAAAGATATGGC-1,565,1647.0,40.0,2.428658,565,0,T cells
TGGAACACAAACAG-1,776,1467.0,44.0,2.9993184,776,2,NK / cytotoxic lymphocytes
TGGAACACGCTAAC-1,696,1655.0,41.0,2.4773414,696,2,NK / cytotoxic lymphocytes
TGGAAGCTCAGATC-1,725,1931.0,26.0,1.3464526,725,0,T cells
TGGACCCTACACTG-1,365,696.0,13.0,1.8678161,365,1,CD14-like monocytes
TGGACCCTCATGGT-1,811,1912.0,45.0,2.3535564,811,2,NK / cytotoxic lymphocytes
TGGACCCTGGTACT-1,1212,3734.0,117.0,3.133369,1212,1,CD14-like monocytes
TGGACTGAGTATGC-1,1178,3267.0,56.0,1.7141107,1178,0,T cells
TGGAGACTATCAGC-1,1132,3293.0,49.0,1.4880049,1132,1,CD14-like monocytes
TGGAGACTTCAAGC-1,661,2015.0,20.0,0.9925558,661,0,T cells
TGGAGACTTGACCA-1,831,2131.0,27.0,1.2670108,831,2,NK / cytotoxic lymphocytes
TGGAGGGACGGAGA-1,786,2106.0,50.0,2.374169,786,1,CD14-like monocytes
TGGAGGGAGCTATG-1,471,1147.0,16.0,1.3949434,471,0,T cells
TGGATCGATAAAGG-1,835,2568.0,25.0,0.9735202,835,0,T cells
TGGATGTGACCTAG-1,564,1634.0,36.0,2.2031822,564,3,B cells
TGGATGTGTGAAGA-1,929,2635.0,50.0,1.8975332,929,3,B cells
TGGATTCTCATACG-1,958,2451.0,63.0,2.5703795,958,2,NK / cytotoxic lymphocytes
TGGCAATGCTTGTT-1,706,1726.0,44.0,2.5492468,706,3,B cells
TGGCACCTTCACGA-1,388,768.0,20.0,2.6041665,388,0,T cells
TGGCACCTTCAGTG-1,842,1808.0,35.0,1.9358407,842,1,CD14-like monocytes
TGGGTATGAAGAGT-1,965,3115.0,44.0,1.41252,965,0,T cells
TGGGTATGCACAAC-1,1088,3100.0,44.0,1.4193549,1088,0,T cells
TGGGTATGGTACGT-1,511,1137.0,21.0,1.8469658,511,3,B cells
TGGGTATGTTTGGG-1,794,2341.0,46.0,1.9649721,794,1,CD14-like monocytes
TGGTAGACATGCCA-1,900,2963.0,46.0,1.5524806,900,0,T cells
TGGTAGACCCTCAC-1,865,1802.0,51.0,2.8301888,865,2,NK / cytotoxic lymphocytes
TGGTAGACCTGATG-1,789,1696.0,19.0,1.120283,789,0,T cells
TGGTAGTGCACTGA-1,504,1111.0,13.0,1.170117,504,1,CD14-like monocytes
TGGTATCTAAACAG-1,701,2095.0,38.0,1.8138425,701,0,T cells
TGGTATCTCTTCCG-1,817,2483.0,51.0,2.053967,817,0,T cells
TGGTCAGACCCAAA-1,796,1948.0,38.0,1.9507186,796,0,T cells
TGGTTACTGACGTT-1,972,2738.0,16.0,0.58436817,972,1,CD14-like monocytes
TGGTTACTGTTCTT-1,906,2611.0,56.0,2.1447723,906,0,T cells
TGTAACCTAGAGGC-1,871,2765.0,46.0,1.6636528,871,0,T cells
TGTAACCTTGCCTC-1,922,2337.0,70.0,2.9952931,922,1,CD14-like monocytes
TGTAATGACACAAC-1,724,1462.0,21.0,1.4363885,724,2,NK / cytotoxic lymphocytes
TGTAATGAGGTAAA-1,628,1205.0,17.0,1.4107884,628,2,NK / cytotoxic lymphocytes
TGTACTTGCTCTAT-1,1479,4907.0,82.0,1.6710821,1479,1,CD14-like monocytes
TGTAGGTGCGAGAG-1,533,1144.0,36.0,3.1468532,533,3,B cells
TGTAGGTGCTATGG-1,1101,4234.0,105.0,2.4799244,1101,0,T cells
TGTAGGTGCTCTAT-1,1913,6287.0,171.0,2.7198982,1913,4,Dendritic cells
TGTAGGTGTGCTGA-1,855,2544.0,53.0,2.0833335,855,0,T cells
TGTAGTCTTCCAGA-1,1266,4154.0,58.0,1.3962445,1266,0,T cells
TGTAGTCTTGCACA-1,884,2177.0,76.0,3.4910426,884,2,NK / cytotoxic lymphocytes
TGTATCTGTTAGGC-1,817,1996.0,27.0,1.3527055,817,0,T cells
TGTATGCTCATGGT-1,619,1479.0,48.0,3.245436,619,3,B cells
TGTATGCTGTAGGG-1,591,1455.0,31.0,2.1305842,591,0,T cells
TGTATGCTTTCATC-1,685,1968.0,43.0,2.1849594,685,2,NK / cytotoxic lymphocytes
TGTCAGGAATACCG-1,887,2767.0,88.0,3.1803396,887,0,T cells
TGTCAGGAGATGAA-1,1336,4083.0,81.0,1.9838353,1336,1,CD14-like monocytes
TGTCTAACCCCTTG-1,656,1978.0,55.0,2.7805865,656,0,T cells
TGTGACGATTCTCA-1,1227,3098.0,48.0,1.5493867,1227,2,NK / cytotoxic lymphocytes
TGTGAGACTGTCAG-1,980,2666.0,42.0,1.5753938,980,1,CD14-like monocytes
TGTGAGACTTGAGC-1,817,2447.0,58.0,2.3702493,817,0,T cells
TGTGAGTGACCACA-1,582,1583.0,50.0,3.1585596,582,0,T cells
TGTGAGTGAGTGCT-1,1370,4110.0,84.0,2.0437956,1370,1,CD14-like monocytes
TGTGAGTGGAGATA-1,460,969.0,7.0,0.7223942,460,2,NK / cytotoxic lymphocytes
TGTGATCTCTCTAT-1,638,1690.0,50.0,2.95858,638,3,B cells
TGTGATCTGACACT-1,471,1108.0,43.0,3.8808663,471,0,T cells
TGTGGATGGCCAAT-1,650,1945.0,52.0,2.6735218,650,3,B cells
TGTTAAGACAAAGA-1,414,848.0,15.0,1.7688679,414,1,CD14-like monocytes
TGTTAAGATAAGGA-1,907,2173.0,72.0,3.3133917,907,1,CD14-like monocytes
TGTTACACCGCATA-1,1147,3410.0,63.0,1.8475072,1147,1,CD14-like monocytes
TGTTACACGACTAC-1,732,1953.0,60.0,3.0721967,732,1,CD14-like monocytes
TGTTACTGGCTACA-1,992,2483.0,75.0,3.0205398,992,2,NK / cytotoxic lymphocytes
TGTTACTGTAGTCG-1,801,1772.0,61.0,3.442438,801,2,NK / cytotoxic lymphocytes
TTAACCACCGTAAC-1,822,2192.0,60.0,2.7372262,822,0,T cells
TTAACCACTAAGGA-1,529,1198.0,23.0,1.9198663,529,2,NK / cytotoxic lymphocytes
TTAACCACTCAGAC-1,737,1828.0,54.0,2.9540482,737,2,NK / cytotoxic lymphocytes
TTACACACGTGTTG-1,806,2613.0,41.0,1.5690777,806,0,T cells
TTACACACTCCTAT-1,816,2508.0,55.0,2.1929824,816,0,T cells
TTACCATGAATCGC-1,889,2421.0,80.0,3.3044198,889,1,CD14-like monocytes
TTACCATGGTTGAC-1,1305,4142.0,42.0,1.0140029,1305,0,T cells
TTACCATGTGTCTT-1,588,1123.0,37.0,3.2947462,588,2,NK / cytotoxic lymphocytes
TTACCATGTTGTGG-1,657,1548.0,22.0,1.4211887,657,3,B cells
TTACGACTGAGAGC-1,1154,3288.0,57.0,1.7335767,1154,0,T cells
TTACGACTTGACAC-1,713,1902.0,42.0,2.208202,713,1,CD14-like monocytes
TTACGTACGTTCAG-1,326,947.0,26.0,2.745512,326,5,Platelets
TTACTCGAACGTTG-1,3315,15301.0,270.0,1.7645905,3315,6,Cycling cells
TTACTCGAAGAATG-1,1129,3863.0,100.0,2.5886617,1129,1,CD14-like monocytes
TTACTCGACGCAAT-1,1603,5031.0,125.0,2.4845955,1603,4,Dendritic cells
TTACTCGAGGGTGA-1,879,2549.0,54.0,2.1184778,879,0,T cells
TTACTCGATCTACT-1,1156,2551.0,44.0,1.7248139,1156,2,NK / cytotoxic lymphocytes
TTAGAATGTGGTGT-1,642,1740.0,30.0,1.7241379,642,0,T cells
TTAGAATGTGTAGC-1,285,627.0,21.0,3.3492823,285,0,T cells
TTAGACCTCCTACC-1,825,2485.0,108.0,4.3460765,825,0,T cells
TTAGACCTCCTTTA-1,823,2311.0,35.0,1.5144958,823,1,CD14-like monocytes
TTAGCTACAACCGT-1,719,2101.0,44.0,2.094241,719,0,T cells
TTAGCTACTGTCCC-1,1253,3703.0,69.0,1.8633541,1253,1,CD14-like monocytes
TTAGCTACTTTCGT-1,971,2921.0,126.0,4.313591,971,0,T cells
TTAGGGACGCGAAG-1,853,2200.0,52.0,2.3636363,853,2,NK / cytotoxic lymphocytes
TTAGGGTGCTGGAT-1,916,2846.0,48.0,1.6865777,916,3,B cells
TTAGGGTGTCCTGC-1,1053,2734.0,85.0,3.1089978,1053,1,CD14-like monocytes
TTAGGTCTACTTTC-1,515,1106.0,38.0,3.4358046,515,1,CD14-like monocytes
TTAGTCACCAGTTG-1,1017,2674.0,42.0,1.5706805,1017,0,T cells
TTAGTCTGAAAGCA-1,953,2747.0,83.0,3.021478,953,3,B cells
TTAGTCTGCCAACA-1,832,1735.0,42.0,2.4207494,832,2,NK / cytotoxic lymphocytes
TTAGTCTGTGCACA-1,645,1692.0,68.0,4.0189123,645,0,T cells
TTATCCGACTAGTG-1,667,1903.0,47.0,2.4697845,667,3,B cells
TTATCCGAGAAAGT-1,1326,4231.0,135.0,3.1907349,1326,1,CD14-like monocytes
TTATGAGAGATAAG-1,547,1293.0,36.0,2.7842228,547,0,T cells
TTATGCACGTCACA-1,636,1590.0,29.0,1.8238994,636,3,B cells
TTATGGCTTATGGC-1,1783,6165.0,136.0,2.2060015,1783,4,Dendritic cells
TTATTCCTATGCTG-1,1211,3963.0,87.0,2.1953065,1211,1,CD14-like monocytes
TTATTCCTGGACAG-1,788,2514.0,33.0,1.3126491,788,3,B cells
TTATTCCTGGTACT-1,807,2496.0,61.0,2.4439101,807,3,B cells
TTATTCCTTCGTGA-1,1104,3207.0,79.0,2.4633615,1104,0,T cells
TTCAAAGATAAAGG-1,884,2385.0,57.0,2.3899372,884,2,NK / cytotoxic lymphocytes
TTCAACACAACAGA-1,848,2430.0,29.0,1.1934156,848,0,T cells
TTCAACACCCCAAA-1,788,2094.0,50.0,2.3877745,788,1,CD14-like monocytes
TTCAACACGGACGA-1,1013,2584.0,52.0,2.012384,1013,1,CD14-like monocytes
TTCAAGCTAAGAAC-1,1003,2641.0,69.0,2.6126466,1003,1,CD14-like monocytes
TTCAAGCTAGATGA-1,916,2974.0,70.0,2.3537323,916,0,T cells
TTCAAGCTGTTGAC-1,818,2375.0,47.0,1.9789474,818,0,T cells
TTCAAGCTTGATGC-1,828,2404.0,39.0,1.6222961,828,0,T cells
TTCAAGCTTTCGCC-1,882,2878.0,81.0,2.8144543,882,0,T cells
TTCACAACCCGTTC-1,959,2526.0,24.0,0.9501188,959,1,CD14-like monocytes
TTCACAACGTCTGA-1,395,678.0,4.0,0.58997047,395,1,CD14-like monocytes
TTCAGACTACCCAA-1,368,789.0,29.0,3.6755388,368,0,T cells
TTCAGACTCTCGAA-1,787,2264.0,22.0,0.9717314,787,0,T cells
TTCAGTACCGACTA-1,929,2769.0,48.0,1.7334778,929,0,T cells
TTCAGTACTCAAGC-1,1379,5220.0,118.0,2.2605364,1379,0,T cells
TTCAGTACTCCTAT-1,711,1850.0,53.0,2.8648648,711,1,CD14-like monocytes
TTCAGTTGCCAAGT-1,733,2003.0,48.0,2.3964052,733,0,T cells
TTCAGTTGTCCTTA-1,752,1975.0,17.0,0.8607595,752,4,Dendritic cells
TTCAGTTGTCTAGG-1,464,1031.0,12.0,1.1639185,464,0,T cells
TTCAGTTGTCTCGC-1,626,1865.0,33.0,1.7694371,626,3,B cells
TTCATCGAGGTGGA-1,735,1914.0,28.0,1.4629049,735,1,CD14-like monocytes
TTCATGTGTGGTGT-1,946,3025.0,56.0,1.8512396,946,0,T cells
TTCATTCTATGTCG-1,876,2625.0,38.0,1.4476191,876,1,CD14-like monocytes
TTCATTCTTCTCTA-1,647,1986.0,76.0,3.8267877,647,0,T cells
TTCCAAACCTATGG-1,536,1057.0,13.0,1.229896,536,1,CD14-like monocytes
TTCCAAACCTCCCA-1,954,2726.0,36.0,1.3206162,954,3,B cells
TTCCAAACTCCCAC-1,486,793.0,13.0,1.6393442,486,2,NK / cytotoxic lymphocytes
TTCCAAACTTGACG-1,712,1647.0,49.0,2.9751062,712,2,NK / cytotoxic lymphocytes
TTCCATGACGAGAG-1,786,1840.0,60.0,3.2608695,786,1,CD14-like monocytes
TTCCATGACTGTCC-1,438,1050.0,31.0,2.9523811,438,0,T cells
TTCCCACTTGAGGG-1,807,1520.0,35.0,2.3026316,807,2,NK / cytotoxic lymphocytes
TTCCCACTTGTCTT-1,1016,3163.0,57.0,1.8020866,1016,1,CD14-like monocytes
TTCCTAGAAAGTGA-1,551,1552.0,6.0,0.38659793,551,0,T cells
TTCCTAGACTAGTG-1,841,1943.0,24.0,1.2352033,841,1,CD14-like monocytes
TTCGAGGACTCTAT-1,929,2746.0,63.0,2.2942462,929,0,T cells
TTCGAGGAGGGCAA-1,757,1816.0,30.0,1.6519824,757,0,T cells
TTCGAGGATAGAAG-1,971,2749.0,74.0,2.6918879,971,1,CD14-like monocytes
TTCGATTGAGCATC-1,708,1910.0,29.0,1.5183246,708,0,T cells
TTCGGAGAATGCCA-1,567,1191.0,34.0,2.854744,567,1,CD14-like monocytes
TTCGGAGATGTGCA-1,881,2412.0,28.0,1.1608624,881,0,T cells
TTCGTATGAAAAGC-1,801,1991.0,32.0,1.6072326,801,2,NK / cytotoxic lymphocytes
TTCGTATGGATAGA-1,873,1983.0,26.0,1.3111447,873,2,NK / cytotoxic lymphocytes
TTCGTATGGTCTGA-1,805,2258.0,65.0,2.8786535,805,0,T cells
TTCGTATGTCCTTA-1,1359,4348.0,87.0,2.0009198,1359,1,CD14-like monocytes
TTCTACGAACGTAC-1,866,2494.0,33.0,1.3231757,866,0,T cells
TTCTACGAGTTGGT-1,945,2589.0,32.0,1.2359984,945,0,T cells
TTCTAGTGACACGT-1,1068,3018.0,31.0,1.0271703,1068,0,T cells
TTCTAGTGCATGAC-1,819,2073.0,74.0,3.5697057,819,1,CD14-like monocytes
TTCTAGTGGAGAGC-1,815,1586.0,45.0,2.8373265,815,2,NK / cytotoxic lymphocytes
TTCTAGTGGTCACA-1,1058,2832.0,42.0,1.4830508,1058,1,CD14-like monocytes
TTCTCAGAAGAGAT-1,845,2189.0,37.0,1.6902695,845,0,T cells
TTCTCAGAAGCATC-1,881,2497.0,53.0,2.1225471,881,3,B cells
TTCTCAGATGGAGG-1,1051,2643.0,19.0,0.71888006,1051,0,T cells
TTCTGATGGAGACG-1,1179,2434.0,46.0,1.8898932,1179,2,NK / cytotoxic lymphocytes
TTCTTACTCTGGAT-1,718,1741.0,39.0,2.240092,718,1,CD14-like monocytes
TTGAACCTCCTTGC-1,657,1746.0,26.0,1.489118,657,3,B cells
TTGAATGAACTACG-1,882,2289.0,55.0,2.402796,882,1,CD14-like monocytes
TTGAATGACTTACT-1,709,2102.0,35.0,1.6650809,709,0,T cells
TTGAATGATCTCAT-1,754,2015.0,35.0,1.7369727,754,3,B cells
TTGACACTCTGTAG-1,735,1943.0,26.0,1.3381369,735,0,T cells
TTGACACTGATAAG-1,603,1315.0,35.0,2.661597,603,3,B cells
TTGAGGACAGAACA-1,944,2956.0,86.0,2.909337,944,1,CD14-like monocytes
TTGAGGACTACGCA-1,1794,6344.0,155.0,2.4432535,1794,4,Dendritic cells
TTGAGGTGGACGGA-1,712,2011.0,21.0,1.0442566,712,0,T cells
TTGCATTGAGCTAC-1,721,1991.0,35.0,1.7579106,721,2,NK / cytotoxic lymphocytes
TTGCATTGCTAAGC-1,1097,3248.0,162.0,4.9876847,1097,1,CD14-like monocytes
TTGCATTGTGACTG-1,813,2441.0,42.0,1.7206063,813,0,T cells
TTGCTAACACCAAC-1,788,1921.0,41.0,2.134305,788,2,NK / cytotoxic lymphocytes
TTGCTAACACGCTA-1,917,2576.0,51.0,1.9798137,917,1,CD14-like monocytes
TTGCTAACCACTCC-1,656,1943.0,44.0,2.2645392,656,0,T cells
TTGCTATGGTACGT-1,1104,3109.0,64.0,2.0585396,1104,1,CD14-like monocytes
TTGCTATGGTAGGG-1,1268,3406.0,82.0,2.4075162,1268,1,CD14-like monocytes
TTGGAGACCAATCG-1,1239,4166.0,49.0,1.1761882,1239,0,T cells
TTGGAGACGCTATG-1,862,2662.0,64.0,2.4042075,862,1,CD14-like monocytes
TTGGAGACTATGGC-1,739,1779.0,51.0,2.866779,739,3,B cells
TTGGGAACTGAACC-1,858,2652.0,56.0,2.111614,858,0,T cells
TTGGTACTACTGGT-1,1066,3268.0,93.0,2.8457773,1066,1,CD14-like monocytes
TTGGTACTCTTAGG-1,752,2928.0,51.0,1.7418033,752,0,T cells
TTGGTACTGAATCC-1,615,1855.0,47.0,2.5336926,615,3,B cells
TTGGTACTGGATTC-1,721,1883.0,36.0,1.9118428,721,3,B cells
TTGTACACGTTGTG-1,571,1537.0,58.0,3.7735848,571,3,B cells
TTGTACACTTGCAG-1,861,2260.0,31.0,1.3716815,861,0,T cells
TTGTAGCTAGCTCA-1,933,2519.0,56.0,2.2231045,933,0,T cells
TTGTAGCTCTCTTA-1,807,2136.0,56.0,2.6217227,807,3,B cells
TTGTCATGGACGGA-1,1082,2178.0,40.0,1.8365473,1082,2,NK / cytotoxic lymphocytes
TTTAGAGATCCTCG-1,820,2362.0,32.0,1.354784,820,3,B cells
TTTAGCTGATACCG-1,887,2756.0,63.0,2.2859216,887,0,T cells
TTTAGCTGGATACC-1,850,2454.0,27.0,1.1002445,850,1,CD14-like monocytes
TTTAGCTGTACTCT-1,1567,5678.0,120.0,2.1134202,1567,4,Dendritic cells
TTTAGGCTCCTTTA-1,803,1984.0,46.0,2.3185484,803,1,CD14-like monocytes
TTTATCCTGTTGTG-1,1156,3680.0,48.0,1.3043478,1156,1,CD14-like monocytes
TTTCACGAGGTTCA-1,721,2037.0,27.0,1.3254787,721,0,T cells
TTTCAGTGGAAGGC-1,692,1781.0,27.0,1.5160022,692,2,NK / cytotoxic lymphocytes
TTTCAGTGTCACGA-1,700,1634.0,56.0,3.4271724,700,3,B cells
TTTCAGTGTCTATC-1,458,937.0,23.0,2.4546423,458,1,CD14-like monocytes
TTTCAGTGTGCAGT-1,637,1322.0,25.0,1.8910742,637,3,B cells
TTTCCAGAGGTGAG-1,873,2187.0,15.0,0.68587106,873,0,T cells
TTTCGAACACCTGA-1,1544,4460.0,58.0,1.3004484,1544,4,Dendritic cells
TTTCGAACTCTCAT-1,1155,3461.0,73.0,2.109217,1155,1,CD14-like monocytes
TTTCTACTGAGGCA-1,1227,3447.0,32.0,0.9283435,1227,3,B cells
TTTCTACTTCCTCG-1,622,1684.0,37.0,2.1971495,622,3,B cells
TTTGCATGAGAGGC-1,454,1024.0,21.0,2.0507812,454,3,B cells
TTTGCATGCCTCAC-1,724,1985.0,16.0,0.80604535,724,0,T cells
