names,scores,logfoldchanges,pvals,pvals_adj,keep_for_filtered_pathway
GZMB,14.022303,4.7058,1.1385923245935202e-44,1.5614655139475535e-40,True
NKG7,13.445571,1.8716788,3.2687404500384777e-41,2.241375326591384e-37,True
FGFBP2,11.872316,3.6933217,1.6483979547162518e-32,6.251472269869052e-29,True
PRF1,11.863874,2.8744657,1.8233840658798464e-32,6.251472269869052e-29,True
FCGR3A,11.07955,3.3698363,1.576641267406169e-28,2.7027572926510253e-25,True
GNLY,10.733434,3.8715694,7.09115162346531e-27,1.0805339262689253e-23,True
TYROBP,9.5907135,3.127191,8.747811152610385e-22,6.6648601192721575e-19,True
FCER1G,9.505911,3.4735906,1.9830446477898946e-21,1.4313407526205585e-18,True
SRGN,9.497853,1.530332,2.142623533332025e-21,1.4691969568057697e-18,True
CCL4,9.375446,2.91324,6.888388991105927e-21,4.1072768097402914e-18,True
SPON2,9.019353,3.3688853,1.8920288016510808e-19,8.370091285755782e-17,True
GZMA,8.634481,1.277447,5.899399914052024e-18,2.2473436228141517e-15,True
ITGB2,8.5930395,1.7050303,8.469826501286564e-18,3.139329746990377e-15,True
CTSW,8.5374,1.2449592,1.372754497909237e-17,4.954198732717704e-15,True
PLAC8,8.482528,2.0423706,2.203527715055337e-17,7.218817609441769e-15,True
PFN1,8.46104,0.8076597,2.6500394860369345e-17,8.451777095700121e-15,True
CST7,8.41154,1.3833011,4.046627047808001e-17,1.2332320740808652e-14,True
CD247,8.349761,1.9824654,6.840134341492024e-17,1.9958638799834393e-14,True
HLA-C,8.056982,0.46577722,7.820117605740659e-16,1.986020237872729e-13,True
B2M,7.997889,0.29348612,1.2657039324283301e-15,3.155975223513112e-13,False
GSTP1,7.620692,2.1287608,2.5232008452080545e-14,5.7671960651972094e-12,True
IFITM2,7.416552,1.285404,1.202084701435655e-13,2.5362137839213188e-11,True
ARPC2,7.2584596,1.1126101,3.9152400064570713e-13,8.135394158871556e-11,True
CD63,7.1828666,1.7407161,6.826480718493017e-13,1.3972889040807946e-10,True
IGFBP7,6.9783435,4.5544844,2.9868110764547826e-12,5.936395232246506e-10,True
HLA-B,6.9741225,0.5823782,3.0778609684775376e-12,6.029969331671563e-10,True
HLA-A,6.9522505,0.49673963,3.5950481601555014e-12,6.944012742024302e-10,True
CYBA,6.779576,0.81024396,1.2052907070555371e-11,2.233371508307873e-09,True
GZMM,6.7262387,1.3044212,1.7410469343117604e-11,3.100872423006686e-09,True
UBB,6.6168785,1.0168782,3.668628538801856e-11,6.0616351543528505e-09,True
CLIC3,6.5911694,2.773477,4.363762567434332e-11,7.1243618868802895e-09,True
ACTB,6.5547156,0.5522962,5.574797135639015e-11,8.994443284488641e-09,False
GZMH,6.3478904,1.9487872,2.1828762876559084e-10,3.363591618979003e-08,True
APMAP,6.3302393,1.8507619,2.447814915438404e-10,3.72992597225803e-08,True
LGALS1,6.3118205,1.7577541,2.757718537687558e-10,4.155972750093096e-08,True
KLRD1,6.2945533,2.3395567,3.0828665098435557e-10,4.5954816647820146e-08,True
TMSB10,6.2703786,0.5863123,3.601709412794681e-10,5.3111659018350816e-08,True
CFL1,6.22203,0.62315834,4.907633404921842e-10,7.159923884584912e-08,True
RAC2,6.1640882,1.108761,7.089045546323708e-10,1.0233596907608773e-07,True
MYL6,5.84867,0.8108487,4.955197153900933e-09,6.579555499747715e-07,True
XCL2,5.8475184,2.339527,4.989600203979601e-09,6.579555499747715e-07,True
CD7,5.822577,1.283933,5.794716619324756e-09,7.568451782611401e-07,True
RAP1B,5.706693,1.2565765,1.1519217933679809e-08,1.4627273587267116e-06,True
CTSC,5.657193,1.3495842,1.538685419638937e-08,1.918321076811671e-06,True
BST2,5.6360884,1.3545855,1.7395595729242235e-08,2.130028569918107e-06,True
CCL3,5.6084604,2.8638437,2.0413408196724583e-08,2.4774290266361144e-06,True
SERF2,5.584286,0.7985787,2.3466191028018614e-08,2.82294161191445e-06,True
EFHD2,5.5731583,2.147593,2.5016196691322805e-08,2.9832358384765296e-06,True
CLIC1,5.524042,0.859722,3.3128797687217646e-08,3.883148132329083e-06,True
PSMB10,5.468019,1.5298115,4.5509332896233426e-08,5.244663792764245e-06,True
SH3BGRL3,5.45267,0.6436322,4.961907355108855e-08,5.670633122330236e-06,True
TTC38,5.396647,2.6309772,6.789783196828485e-08,7.6954617158104e-06,True
AKR1C3,5.308391,2.998834,1.1059711078281685e-07,1.2231683687706052e-05,True
TPST2,5.27424,1.6144602,1.3330736167948544e-07,1.4625417264579708e-05,True
ARPC5,5.243926,1.2142271,1.571952077953318e-07,1.7109326029406196e-05,True
RHOC,5.157973,1.7434541,2.496380742146553e-07,2.674637929515455e-05,True
UCP2,5.146461,0.96230036,2.65446576614626e-07,2.821964613715489e-05,True
PDIA3,4.895508,1.1836225,9.805223175452528e-07,0.0001003498736031,True
EIF3G,4.876322,0.92122424,1.0808228600442003e-06,0.0001097955903899,True
PRSS23,4.853682,2.5108817,1.2118989735787806e-06,0.0001222057538504,True
NDUFB2,4.81838,1.4429177,1.4472860477255644e-06,0.0001438266728877,True
ABI3,4.7681127,1.8434066,1.8595994417681845e-06,0.0001808691258468,True
IFITM1,4.7074847,1.0292107,2.5079217820657448e-06,0.0002405149602744,True
C5orf56,4.6913686,2.0536807,2.7138384871871605e-06,0.000257154878487,True
PPP1CA,4.6706476,0.96579,3.002518618438401e-06,0.000282031098173,True
ARHGDIB,4.6445546,0.6518297,3.4081115436564896e-06,0.0003179513041476,True
UBE2F,4.6061826,2.4070754,4.101286984361863e-06,0.0003800341196185,True
S1PR5,4.5129385,1.9878649,6.393563311327994e-06,0.000580671041401,True
SERPINB1,4.503729,1.4382256,6.677134936433173e-06,0.0006024357139358,True
IL2RB,4.4511595,1.8861929,8.540797050981261e-06,0.0007655456912232,True
C1orf162,4.4423337,2.008724,8.898841356778959e-06,0.0007924591582264,True
HNRNPA2B1,4.439264,0.8364184,9.026707067535889e-06,0.0007986597466076,True
ARPC3,4.3187757,0.70034254,1.568971796101914e-05,0.0013792871289577,True
APOBEC3G,4.292299,1.0332685,1.7683266940903206e-05,0.0015252095775317,True
ARPC5L,4.281171,1.2810556,1.859124100287417e-05,0.0015935017444588,True
CTSD,4.2754154,1.5567344,1.9078140034808466e-05,0.0016250783381202,True
CD99,4.2324386,0.6990998,2.311711372683672e-05,0.001921382409999,True
LITAF,4.208264,1.0037241,2.5733999269315205e-05,0.002113269856164,True
RARRES3,4.1733456,0.6965753,3.001592004723471e-05,0.0024502281400462,True
HLA-E,4.1710434,0.46680662,3.0320836822887143e-05,0.0024604731135448,True
MYL12A,4.160299,0.46611345,3.1783119449278e-05,0.0025489690065929,True
PSME2,4.1445665,0.7934687,3.404571832521093e-05,0.0027145522157671,True
GPR56,4.1361246,2.2616942,3.532204114504145e-05,0.0028000374119254,True
PRDX5,4.0728106,1.2021053,4.644917161827295e-05,0.0036107735800872,True
DRAP1,4.0720434,0.9563769,4.66025174037799e-05,0.0036107735800872,True
CX3CR1,4.0643687,2.3366547,4.816260739739473e-05,0.0037106853811678,True
CAPZB,4.053241,0.876958,5.051292480781907e-05,0.0038700237475666,True
DHRS7,4.0094967,1.0047753,6.084827331426996e-05,0.0046359623346216,True
C12orf75,3.9906945,1.1740687,6.588009457107551e-05,0.0049916000936338,True
TRAPPC1,3.98609,1.0807391,6.717108166817351e-05,0.00506145172526,True
PPP1R18,3.9699736,1.0441688,7.18805981336519e-05,0.0053574484935049,True
CAP1,3.9619155,0.95471257,7.435086872040761e-05,0.0055116098034144,True
EVL,3.9358225,0.7681331,8.29122541718463e-05,0.006048184328259,True
PSMB8,3.930834,0.7960062,8.465167484149571e-05,0.0061423971892924,True
BIN2,3.9262295,0.88199806,8.628785096180776e-05,0.0062281662531064,True
DBI,3.9124155,1.1258713,9.13775169502704e-05,0.0065610014002932,True
RAC1,3.8548574,1.2183883,0.0001157971028497,0.0082710493150087,True
ACTG1,3.8187876,0.68202955,0.0001341091334659,0.0094802714244968,False
FGR,3.7903924,1.9507456,0.0001504095161398,0.0105780313043156,True
PTPRCAP,3.7669854,0.40947723,0.0001652306720261,0.0115024032292705,True
ISG15,3.7581599,1.0654455,0.0001711675538505,0.0118555143106406,True
LAMP1,3.707125,1.3007945,0.0002096255194559,0.014374021869092,True
HAVCR2,3.6622295,3.3842876,0.0002500295606585,0.0169747791825326,True
PLEK,3.65916,1.1526622,0.000253043435929,0.0170947668981825,True
CD53,3.6349854,0.68195224,0.0002779962858918,0.0185069954598111,True
CALM1,3.584718,0.60630846,0.0003374425007009,0.0223559732106924,True
AOAH,3.57666,1.6278596,0.0003480124066083,0.0229453949241678,True
GLIPR2,3.529846,1.4014083,0.0004158015641601,0.0272837447411144,True
TXNIP,3.4554043,0.39914373,0.0005494683485355,0.0357128385394177,True
TPI1,3.418567,0.79822934,0.0006295180477905,0.0405315047295774,True
SH2D1B,3.4166484,3.2589445,0.000633970885479,0.040627461324581,True
CALR,3.403602,0.95643884,0.0006650359035157,0.0424200110735555,True
HCST,3.4005322,0.58685344,0.0006725481828703,0.0427005823142751,True
C1orf21,3.3736718,1.8674494,0.0007417276138697,0.0464477282950189,True
LIMD2,3.361009,0.7586636,0.0007765830641492,0.0484093642806512,True
KLRF1,3.3230207,3.083269,0.0008904833256939,0.0547627279307919,True
SP100,3.2842648,1.2245651,0.0010224879054745,0.0623217739363444,True
CCND3,3.2531834,0.6493873,0.0011411979056102,0.0692242841317387,True
PSAP,3.2435904,0.8596546,0.0011803332865402,0.0706859855528968,True
MYO1F,3.2290092,0.90362114,0.0012421995754952,0.074067499905832,True
ID2,3.2082882,0.7097499,0.0013352764211644,0.0792726443283534,True
RHOG,3.1468928,0.98675805,0.0016501542103522,0.0967103198323525,True
CD300A,3.1449742,1.3122786,0.0016610145080648,0.0969325658025598,True
TMSB4X,3.119265,0.13636702,0.0018130284161882,0.1049108510531858,True
ATP6AP2,3.1000788,1.1387999,0.0019346907629155,0.1114804584984205,True
ASCL2,3.0801256,1.8183954,0.0020691341409797,0.1182337733724837,True
EMP3,3.0540326,0.6026677,0.0022578764993882,0.1284444038610983,True
ARPC4,3.0528812,0.88479877,0.002266555763044,0.1284444038610983,True
CD164,3.0333116,0.84507406,0.0024188573872213,0.1365111531207949,True
PSMB9,3.0018466,0.6145327,0.0026834749109515,0.1495982720682508,True
SELT,2.991486,0.83679694,0.0027762327039953,0.1541427340185901,True
XCL1,2.9876487,1.5995234,0.0028113241276039,0.1554616898627427,True
BSG,2.9803581,0.9316891,0.0028791159519868,0.1585710689379446,True
CSNK2B,2.9738348,1.0913087,0.0029410332119262,0.1613333178734286,True
SRSF9,2.969614,0.97396374,0.0029817423086482,0.1629147968956251,True
FBXO6,2.968079,2.311758,0.0029966726252118,0.1630808269133129,True
RBM8A,2.9412186,0.9461419,0.0032692373697184,0.1765130759382636,True
ITGB7,2.935079,1.2631234,0.0033346270749519,0.1793375517878092,True
ENSA,2.920114,0.84528613,0.0034990340678216,0.1869450316635164,True
PPIB,2.9197302,0.6294551,0.0035033449859649,0.1869450316635164,True
ANXA6,2.9181952,0.697478,0.003520637031266,0.1871395978557442,True
TMBIM6,2.9070675,0.62312543,0.0036483451040227,0.1931791689442805,True
KLF2,2.899393,0.5932339,0.0037388587795411,0.1972104203947183,True
CD47,2.8399165,0.90667045,0.0045125365205751,0.2362020070349884,True
SNX3,2.8314745,0.8429178,0.0046333928515121,0.2416058918845562,True
PLEKHF1,2.8218815,1.4911176,0.0047742817745855,0.2480094706691877,True
LAT2,2.789649,2.8243668,0.0052765219484554,0.2723609805216954,True
U2AF1,2.7892652,0.750695,0.0052827782425821,0.2723609805216954,True
TBX21,2.7792885,1.5077477,0.0054478118483295,0.2798175718651379,True
PSMA7,2.7735326,0.67891616,0.005545127028086,0.2837532539670616,True
PSMA5,2.7693117,0.92117953,0.0056174855384535,0.2853266543494522,True
DNAJA1,2.7654746,1.013421,0.0056840040413234,0.2876399683494817,True
JAK1,2.7558815,1.0849578,0.0058534193230225,0.2951242374850413,True
FLNA,2.7436025,1.1062872,0.0060769078271728,0.3052700144390047,True
MYL12B,2.738614,0.48721966,0.0061698746032681,0.3088089792307288,True
PRMT2,2.720963,1.0015094,0.0065092055367697,0.324183693030488,True
PSMC4,2.7201955,1.385871,0.0065243327458374,0.324183693030488,True
MIEN1,2.715591,1.1356665,0.006615761862531,0.3270811685651908,True
PSME1,2.7144396,0.38783175,0.0066387984113937,0.3270811685651908,True
JTB,2.7136722,0.7181428,0.0066541961520846,0.3270811685651908,True
XBP1,2.704463,0.67819124,0.0068414894737516,0.3350863808679624,True
TCF25,2.6941025,1.0479002,0.0070578453702578,0.3444529943335072,True
CHST2,2.6776025,3.7073572,0.0074151154861234,0.3606060063003419,True
CHST12,2.6553466,0.8958536,0.0079226927965273,0.3839286537511501,True
LY6E,2.6392305,0.5069263,0.0083094470861151,0.4012526666865625,True
TBC1D10C,2.625033,0.77847445,0.0086640620659206,0.4169085865685476,True
MRPS6,2.6162071,1.2255852,0.0088912578275418,0.4263451393248575,True
PPIA,2.6035445,0.42578784,0.0092265303994473,0.4408802714216767,False
SDF4,2.600091,1.3136609,0.0093199053548137,0.4437957709580399,True
CHCHD2,2.594719,0.39898485,0.0094668317123557,0.4492322840942802,True
HNRNPA3,2.572463,0.69988966,0.0100977727202666,0.4775201899508187,True
ZAP70,2.5540445,0.8190722,0.0106479651972494,0.500089707928351,True
CDC42SE1,2.545219,1.0165557,0.0109209250080193,0.5094202910203331,True
SCP2,2.535242,0.7836098,0.0112369612662093,0.5223853789993056,True
ARL6IP1,2.530254,0.9203395,0.0113980043903648,0.5280818655725106,True
EID1,2.5237305,0.60220367,0.0116116890878601,0.5354618002778937,True
CTSS,2.522963,0.8043424,0.011637060704346,0.5354618002778937,True
ALOX5AP,2.5206609,0.7926353,0.0117134709117229,0.5354618002778937,True
MSN,2.5206609,0.85915923,0.0117134709117229,0.5354618002778937,True
CHMP2A,2.5030096,0.9815147,0.0123142189701148,0.5567228399974887,True
MAF1,2.502242,0.9771582,0.012340946723001,0.5567228399974887,True
CYB5B,2.4911144,1.6353377,0.0127343145365864,0.5725848837860551,True
SUPT4H1,2.4700096,0.94154763,0.0135109401017164,0.6035473373125072,True
PYCARD,2.4673235,0.89447933,0.0136127266113344,0.6061199115189624,True
ALDOA,2.4604166,0.5272039,0.013877580208308,0.6139181045825487,True
SEPW1,2.4592655,0.8380371,0.0139221620625034,0.6139181045825487,True
ERH,2.4466028,0.71614563,0.0144209702508252,0.6338755962173626,True
TPM3,2.4439166,0.5414641,0.0145287821006168,0.6365741780442783,True
ICAM3,2.4304864,0.6219183,0.0150785701716294,0.6564682899483365,True
ZFAND6,2.4293354,1.172547,0.0151265366576762,0.6564725434283921,True
TMEM50A,2.4258819,0.70290816,0.0152712433381564,0.6606619278847861,True
HOPX,2.424347,0.62048966,0.0153359476875775,0.6613748005894278,True
DCTN3,2.4197423,0.91353506,0.015531511034433,0.6677089101135278,True
RHOA,2.41437,0.49110192,0.0157624390782036,0.6755190297452635,True
HMGN1,2.3978703,0.561746,0.0164907082161977,0.7001658590617205,True
C19orf10,2.3917305,1.0013843,0.0167691433224681,0.707606250844085,True
SAMD3,2.3848238,0.7446209,0.0170873084689784,0.7188200869434659,True
PRELID1,2.3813703,0.61274374,0.0172483681160639,0.7233765148125405,True
DYNLL1,2.379068,0.8441153,0.0173564795571397,0.7249932580008444,True
ATP5F1,2.3771493,0.7100127,0.0174470259024035,0.72505610068352,True
TMED9,2.370626,0.709413,0.0177579888210653,0.7335333093135264,True
PTPN7,2.3621843,1.5104747,0.0181676141728395,0.7482001824814453,True
RTN4,2.358347,1.0304582,0.0183565267813386,0.7537167912553229,True
SPCS2,2.3410795,0.6668434,0.0192280703653167,0.787145543253593,True
S100B,2.3399284,3.1380432,0.0192874384359333,0.7872259842571123,True
SYF2,2.3357074,0.73923635,0.0195064940607013,0.793178163657262,True
RAMP1,2.3345563,2.8913732,0.0195666124344285,0.793178163657262,True
FAM49B,2.3337889,0.6725214,0.0196067812075114,0.793178163657262,True
VAPA,2.328033,0.81948674,0.0199103495641202,0.7992107203700861,True
DOK2,2.3195913,0.9215913,0.0203630033476804,0.8141639297670272,True
CDC42,2.310382,0.6375225,0.0208670210069216,0.8279235205976244,True
MAD2L2,2.3099983,1.6798214,0.0208882556604038,0.8279235205976244,True
TBCB,2.3069284,0.73271036,0.0210588119307153,0.8298866287868677,True
HSH2D,2.3069284,1.8382232,0.0210588119307153,0.8298866287868677,True
IFI16,2.2958004,1.0453563,0.0216872906852992,0.8522048838343653,True
CISD3,2.2631843,1.0713794,0.0236243337277926,0.9204094112015574,True
SAMHD1,2.2574284,1.0006039,0.023981316271751,0.929038902120886,True
NDUFA1,2.2574284,0.7197881,0.023981316271751,0.929038902120886,True
BAX,2.2543588,0.7019262,0.0241736128142668,0.9338504961545224,True
RAB7A,2.25244,0.6874358,0.0242944758014559,0.9358832616324908,True
SH2D2A,2.249754,1.1496699,0.0244645637768008,0.9397955956163764,True
NDUFS2,2.2466843,1.2425905,0.0246602127046434,0.9446652431046916,True
LYN,2.2378588,1.8531443,0.0252302717822056,0.963810437941973,True
LAIR1,2.230568,1.7190567,0.0257097586888239,0.9776528903969498,True
BTN3A2,2.2301843,0.7189923,0.0257352117130887,0.9776528903969498,True
FASLG,2.2286494,2.78444,0.0258372418711863,0.9788175000592548,True
ATP6V1F,2.2056262,0.7454194,0.0274101861564243,1.0,True
FDPS,2.194882,1.1445397,0.0281720648918035,1.0,True
CD97,2.1883588,0.82743466,0.0286434821493608,1.0,True
VAMP8,2.1875913,0.50298905,0.0286993871232951,1.0,True
AES,2.1760798,0.5053118,0.029549303970487,1.0,True
S100A11,2.1630332,0.5655938,0.0305386287691071,1.0,True
SYNGR1,2.1599634,2.9100573,0.0307755029139018,1.0,True
CASP1,2.159196,0.8012493,0.0308349673528586,1.0,True
GHITM,2.1584284,0.55606407,0.0308945304094037,1.0,True
GNG2,2.1572773,1.1438386,0.0309840601831261,1.0,True
EMC4,2.149603,0.91654223,0.0315866353137406,1.0,True
ATP5J2,2.148068,0.7131319,0.0317083489575397,1.0,True
TADA3,2.1361728,1.2775393,0.0326653379338658,1.0,True
ICAM2,2.1200564,0.9067423,0.034001284492688,1.0,True
C19orf43,2.1112309,0.31536144,0.034752471646674,1.0,True
THEMIS2,2.1073937,2.117774,0.0350834693583285,1.0,True
FKBP8,2.100103,0.66301787,0.0357197829092901,1.0,True
GABARAP,2.0954983,0.57984656,0.0361267161918722,1.0,True
GOLGA7,2.0778472,1.0381365,0.0377234360717511,1.0,True
SUMO2,2.0736263,0.402047,0.0381140343665102,1.0,True
GCHFR,2.0724752,1.2635236,0.0382211561454314,1.0,True
CD38,2.0720913,3.0116048,0.0382569202422365,1.0,True
PTGDR,2.0571263,1.0752426,0.0396740810046487,1.0,True
MATK,2.0571263,0.640504,0.0396740810046487,1.0,True
IL2RG,2.0548239,0.39339823,0.0398960120549209,1.0,True
EAPP,2.0498357,0.97601205,0.0403804781023704,1.0,True
FKBP1A,2.047917,0.69554347,0.0405681349083682,1.0,True
MYO1G,2.0341032,0.7902816,0.0419412079201304,1.0,True
C1orf122,2.0298822,1.6071134,0.0423685240478733,1.0,True
VAMP7,2.0260448,2.1966891,0.0427601833791175,1.0,True
COX6A1,2.0241263,0.50820774,0.0429571582061388,1.0,True
OPTN,2.0214403,0.8326843,0.0432342110837027,1.0,True
TBCC,2.0195217,0.9029524,0.0434330291446786,1.0,True
COPZ1,2.0179868,0.90995204,0.0435926392146418,1.0,True
RAB7L1,2.0160682,1.0610893,0.0437928482257894,1.0,True
CIB1,2.0080101,0.49949116,0.0446422254573746,1.0,True
UNC50,2.0080101,1.7238886,0.0446422254573746,1.0,True
CCDC28B,2.0045567,2.0705905,0.0450104758629517,1.0,True
ACTR3,1.9907426,0.4537088,0.0465091921294253,1.0,True
WIPF1,1.9903588,0.6858594,0.0465514156439119,1.0,True
VASP,1.984603,0.8725602,0.0471886499068261,1.0,True
ANXA4,1.9788473,1.3423722,0.0478332050079578,1.0,True
SEC11A,1.9780798,0.62178415,0.0479197021738599,1.0,True
NOP10,1.9769287,0.7301723,0.0480496943583842,1.0,True
PSMD4,1.9757775,0.67366916,0.0481799827114049,1.0,True
ADA,1.9665682,1.2570016,0.0492330118832796,1.0,True
CD244,1.9665682,2.2575417,0.0492330118832796,1.0,True
PKN1,1.9611961,1.4352136,0.0498561496258172,1.0,True
ATP6V0B,1.957359,0.8279329,0.0503052857633196,1.0,True
HMGN3,1.9569752,0.66763246,0.0503503853004223,1.0,True
POLR3GL,1.9519868,0.80906665,0.0509397691548713,1.0,True
DDOST,1.9400915,0.7944849,0.0523685729154476,1.0,True
FIS1,1.9389403,0.60558015,0.0525086054621053,1.0,True
BZW1,1.9381729,0.69585633,0.052602134298493,1.0,True
ZNHIT1,1.9377892,0.7654645,0.0526489509152378,1.0,True
ASAH1,1.929731,1.231428,0.053640173583033,1.0,True
ATP6V0E1,1.927045,0.40324593,0.0539740243932673,1.0,True
GIMAP7,1.9239752,0.31057486,0.054357690028395,1.0,True
RNF213,1.9205217,0.8034894,0.0547920309314246,1.0,True
SELL,1.9070915,0.6083326,0.0565087385845817,1.0,True
MAPK1,1.9047892,1.2168455,0.0568074802320609,1.0,True
ARL4C,1.9040217,0.574627,0.0569073523508532,1.0,True
DNAJC8,1.8978822,0.8670619,0.0577115998135547,1.0,True
NEAT1,1.8978822,0.36378837,0.0577115998135547,1.0,True
FCRL6,1.8944287,0.9722541,0.0581681261904246,1.0,True
ACP1,1.8836845,0.6350723,0.0596076573673467,1.0,True
ARHGAP9,1.880231,0.94254166,0.0600765935284833,1.0,True
GAPDH,1.874859,0.24392608,0.0608121270465357,1.0,False
POLR2L,1.874859,0.506276,0.0608121270465357,1.0,True
NDUFA6,1.8725567,0.8790487,0.0611296318457713,1.0,True
MRPL20,1.8694869,0.7917024,0.0615551062061871,1.0,True
ATF6B,1.8671845,0.968397,0.0618758184307988,1.0,True
H3F3A,1.8587427,0.5626745,0.0630636164053841,1.0,True
DDRGK1,1.858359,1.2256817,0.0631180519743588,1.0,True
IFNG,1.8579752,1.5643431,0.0631725263746733,1.0,True
GNPTAB,1.8533707,1.4930227,0.0638292551866718,1.0,True
THRAP3,1.8529869,1.5640538,0.0638842361856261,1.0,True
EIF3I,1.8518357,0.61642206,0.0640494139033388,1.0,True
SLAMF7,1.8518357,1.8210381,0.0640494139033388,1.0,True
ENO1,1.851452,0.33936432,0.0641045514485649,1.0,True
WDR1,1.8503009,0.6179275,0.0642701992782404,1.0,True
C17orf62,1.8495334,1.1604301,0.0643808273569095,1.0,True
TXK,1.8495334,1.3988501,0.0643808273569095,1.0,True
CXXC5,1.848766,1.3928312,0.0644916125734721,1.0,True
MDH2,1.8476148,0.58804494,0.0646580853771953,1.0,True
PTPN6,1.8468474,0.72133917,0.0647692641292131,1.0,True
TMED1,1.8456962,1.9291147,0.0649363279764334,1.0,True
CCDC115,1.8410915,0.9791407,0.0656081420713852,1.0,True
SNAPIN,1.8395567,1.1116914,0.0658333494271911,1.0,True
ATP5G3,1.8395567,0.44694346,0.0658333494271911,1.0,True
BUD31,1.8387892,0.6624664,0.0659461918154789,1.0,True
ATOX1,1.8372544,1.7520902,0.0661723548045515,1.0,True
AGTRAP,1.8364869,1.6806544,0.0662856757221344,1.0,True
CCT5,1.8338009,1.0043408,0.0666835586084826,1.0,True
IFI35,1.8284287,0.97763425,0.0674852252038639,1.0,True
MAT2B,1.8268939,1.2423544,0.0677157238530952,1.0,True
CLTA,1.8176847,0.8586041,0.0691123523182791,1.0,True
COX8A,1.8161497,0.47669005,0.0693474083685757,1.0,True
PRKCH,1.8153822,0.71000534,0.0694651823705693,1.0,True
ARHGEF3,1.8126962,1.4883028,0.0698786854747606,1.0,True
SRSF2,1.8119287,0.48525408,0.0699971996183825,1.0,True
H3F3B,1.8092427,0.19566227,0.0704132988681647,1.0,True
UBC,1.8084753,0.2706814,0.0705325563824371,1.0,True
PARK7,1.7969637,0.4424749,0.0723413843911343,1.0,True
HDDC2,1.7969637,0.98963004,0.0723413843911343,1.0,True
PITPNC1,1.7961962,1.3235143,0.0724633111881747,1.0,True
EPSTI1,1.7950451,1.1726415,0.0726465167879965,1.0,True
SRP14,1.792359,0.28765598,0.0730754712077189,1.0,True
CASP8,1.7912079,1.0908769,0.0732599421252517,1.0,True
CORO1A,1.7850684,0.2356403,0.0742502309191096,1.0,True
IFIT3,1.7850684,1.9795808,0.0742502309191096,1.0,True
TMEM71,1.7846847,1.730516,0.074312485453166,1.0,True
PSMB2,1.7839172,0.677532,0.0744371224846252,1.0,True
OSTF1,1.782766,0.57193017,0.0746243982407521,1.0,True
VDAC3,1.7770102,0.73621094,0.0755665588219454,1.0,True
RNASEH2C,1.775859,0.9767421,0.075756151087802,1.0,True
GLRX,1.773173,0.46351177,0.0762000427892321,1.0,True
BPGM,1.7689521,1.9342062,0.0769018712267782,1.0,True
TGFB1,1.7666497,0.6842057,0.0772869020094933,1.0,True
SRSF3,1.7654986,0.44600692,0.077480005603227,1.0,True
ABI1,1.7651149,0.9854497,0.0775444607427795,1.0,True
SEPT7,1.7616614,0.4559356,0.0781265246024218,1.0,True
SHKBP1,1.760894,1.3405263,0.0782563539804689,1.0,True
CAST,1.7551382,0.9308089,0.0792356816408734,1.0,True
CD2BP2,1.7482312,1.1293665,0.0804240062472994,1.0,True
LPCAT1,1.7466962,1.2866594,0.0806900346867821,1.0,True
SF3B4,1.7397894,1.2101514,0.0818960191266535,1.0,True
MBP,1.7378707,1.001486,0.0822335971656325,1.0,True
PSMB7,1.7328824,0.5673282,0.0831165828532382,1.0,True
HSD17B10,1.7263591,0.76402014,0.0842828300582707,1.0,True
TIMP1,1.7248242,0.925575,0.0845591569833792,1.0,True
ABHD17A,1.7232894,0.98445433,0.0848362164261437,1.0,True
FAM96B,1.7179172,0.6846056,0.0858117116386155,1.0,True
IDH3B,1.7171499,1.1156067,0.0859518051208032,1.0,True
TECR,1.7117777,0.76247025,0.0869376411832493,1.0,True
URM1,1.7021847,1.333025,0.0887207508933418,1.0,True
TM2D3,1.6910568,1.6160107,0.0908259555006492,1.0,True
GYPC,1.6883707,0.48504403,0.0913400811985846,1.0,True
NDUFS6,1.6876034,0.8048279,0.091487403175926,1.0,True
DSTN,1.6860684,0.63144135,0.0917826200680198,1.0,True
BRD7,1.6814638,1.9766324,0.0926728657932029,1.0,True
IQGAP2,1.6734056,1.4362894,0.0942474667077138,1.0,True
C20orf24,1.6641964,0.554247,0.0960731966336868,1.0,True
KIR3DL2,1.6622777,1.8662046,0.0964570969155008,1.0,True
CEBPD,1.6607429,0.7480652,0.0967650999633344,1.0,True
PTGER2,1.6603591,0.6872877,0.0968422235058715,1.0,True
SYTL1,1.6453941,0.6780093,0.0998885773297138,1.0,True
CTDSP1,1.6446266,1.0385395,0.1000468376288786,1.0,True
MAGED2,1.642708,1.1617302,0.1004433631777631,1.0,True
OAS1,1.6415569,1.1782436,0.1006818791653984,1.0,True
SIPA1,1.6400219,0.9392504,0.1010006023625253,1.0,True
H2AFZ,1.6358011,0.49100208,0.1018812370599503,1.0,True
EBP,1.6350336,0.94666463,0.1020420072149873,1.0,True
TMBIM4-1,1.6300452,0.54950815,0.1030919406362242,1.0,True
MIR142,1.6288941,0.7799366,0.1033354487173836,1.0,True
PRPF40A,1.6288941,1.0251116,0.1033354487173836,1.0,True
PTPN18,1.6231382,1.372197,0.104559855328433,1.0,True
HIST1H2BK,1.6200684,1.6429951,0.105217567130469,1.0,False
TINF2,1.6196848,1.1263598,0.1053000114601749,1.0,True
HSP90B1,1.6150801,0.5140881,0.106293346989454,1.0,True
MRPS12,1.6150801,0.9287674,0.106293346989454,1.0,True
C4orf3,1.6139289,0.52082217,0.1065428381118185,1.0,True
CTBP2,1.6097081,3.3868134,0.1074616123555466,1.0,True
RPS6KA1,1.6054871,1.1232281,0.1083866504202474,1.0,False
PSMD13,1.6039522,0.8221909,0.1087245860138596,1.0,True
TNFRSF18,1.6035684,3.4998653,0.1088092000165827,1.0,True
COX5B,1.6024173,0.40500477,0.1090633545885038,1.0,True
MX1,1.6020336,1.0243299,0.1091481770323249,1.0,True
SRP72,1.5978127,1.1546911,0.1100846707260181,1.0,True
LMO4,1.5897546,1.5719873,0.1118901419294203,1.0,True
SPN,1.5889871,0.86867964,0.1120633027560159,1.0,True
ARL6IP5,1.5882196,0.30115744,0.1122366748731116,1.0,True
DNAJB11,1.5859174,0.9890338,0.1127580605229147,1.0,True
HSPA5,1.5836151,0.49846205,0.1132813533845608,1.0,True
CCZ1,1.5828476,1.0607727,0.1134562088880808,1.0,True
MAPRE2,1.5809289,1.4773184,0.1138942778200514,1.0,True
WSB1,1.5786266,0.7710848,0.1144217173501964,1.0,True
ZBTB7A,1.5778592,1.814685,0.1145979570919095,1.0,True
NDUFA4,1.5728709,0.3025516,0.1157487273711615,1.0,True
SPPL2A,1.5671151,1.7387322,0.1170878055174516,1.0,True
EMC3,1.5659639,1.0635976,0.1173570750442133,1.0,True
EIF6,1.5525336,0.73993635,0.1205345873139954,1.0,True
GRHPR,1.5521499,0.89051616,0.1206263532249728,1.0,True
NDUFA3,1.5498476,0.62477887,0.1211780974548285,1.0,True
PYHIN1,1.5490801,0.94143087,0.1213624502792231,1.0,True
ATP5E,1.5444756,0.17740802,0.1224731777201086,1.0,True
GPATCH8,1.5433244,1.0917708,0.1227520969537912,1.0,True
MAPRE1,1.5398709,0.7284893,0.1235918325353083,1.0,True
CFLAR,1.538336,0.53861505,0.1239664847657532,1.0,True
SRI,1.5360336,0.5000045,0.1245301241025028,1.0,True
VAMP2,1.5325801,0.36408105,0.1253793283939606,1.0,True
MRPL52,1.5325801,1.1134306,0.1253793283939606,1.0,True
CDKN2D,1.5321964,0.5702491,0.125473962356807,1.0,True
SASH3,1.5310453,0.8331407,0.1257581982505459,1.0,True
HEXA,1.5291266,1.1165761,0.1262330392169765,1.0,True
H2AFJ,1.5256732,1.1045611,0.1270912702508778,1.0,True
TMEM141,1.5241383,1.4423293,0.1274741607675825,1.0,True
FIBP,1.5195336,1.0289043,0.1286282177256766,1.0,True
UQCR10,1.5176151,0.49516216,0.1291114644999719,1.0,True
TIGIT,1.5164639,0.72673,0.1294020887936898,1.0,True
PPP1R12A,1.5080221,0.8737667,0.1315488815126096,1.0,True
RAB37,1.505336,1.4028004,0.1322377105227788,1.0,True
PSMB1,1.5049523,0.33647156,0.1323363423443425,1.0,True
C9orf142,1.5014988,0.44257876,0.1332265947930844,1.0,True
NDUFS3,1.4991965,0.9533458,0.1338226668816297,1.0,True
PRR13,1.4968941,0.30320162,0.1344207999477769,1.0,True
PTMA,1.4953593,0.14637595,0.1348207022610362,1.0,True
NDUFA9,1.4953593,0.8802936,0.1348207022610362,1.0,True
MEA1,1.4926733,1.1184224,0.1355227431374961,1.0,True
DDX5,1.4899871,0.22180553,0.1362276044157692,1.0,True
RP11-81H14.2,1.4880686,1.8745869,0.1367328069828401,1.0,True
ARID5A,1.4869174,0.9109837,0.1370366217001847,1.0,True
GNB2,1.4846151,0.6704325,0.1376458130614793,1.0,True
JAGN1,1.4773244,0.808387,0.1395886981625174,1.0,True
EIF4A1,1.4746383,0.33164427,0.1403097949541201,1.0,True
RGS3,1.4742546,1.4021071,0.1404130422620865,1.0,True
RNF5,1.4738709,0.76334006,0.1405163479937757,1.0,True
POLR2G,1.4734873,0.5050217,0.1406197121670276,1.0,True
MOAP1,1.4731035,1.2163609,0.1407231347996758,1.0,True
CCDC69,1.4700338,0.98652864,0.1415526225367363,1.0,True
DBNL,1.4684988,0.58582443,0.1419687727058358,1.0,True
RNF167,1.4665803,0.61992204,0.1424902810878552,1.0,True
EWSR1,1.462743,0.67705905,0.1435377084979698,1.0,True
TMX1,1.4589058,1.016433,0.1445910314803108,1.0,True
FERMT3,1.4585221,0.6356523,0.1446966887127893,1.0,True
APH1A,1.4585221,0.7574963,0.1446966887127893,1.0,True
CD160,1.4566035,0.8871008,0.1452258624639244,1.0,True
SYTL3,1.4527663,2.023329,0.1462886549122961,1.0,True
DECR1,1.4527663,0.68502206,0.1462886549122961,1.0,True
C7orf73,1.4523826,0.75419635,0.1463952606323977,1.0,True
VIMP,1.4477779,0.8274625,0.1476791697030377,1.0,True
FDFT1,1.446243,1.0656146,0.1481090463082316,1.0,True
RUNX3,1.440871,0.747495,0.1496211447080737,1.0,True
AATF,1.4385686,0.95329773,0.1502727809994589,1.0,True
NDUFV1,1.4385686,0.999301,0.1502727809994589,1.0,True
RASGRP2,1.4358826,0.6998842,0.1510357559113653,1.0,True
WDR83OS,1.4354988,0.41482604,0.1511449928728852,1.0,True
NDUFB8-1,1.4335803,0.38027728,0.1516920808359672,1.0,True
CSNK1D,1.4328128,1.3704394,0.1519113378118683,1.0,True
LSM1,1.4320453,0.588414,0.1521308360152565,1.0,True
C10orf54,1.4316616,0.4846463,0.1522406756197572,1.0,True
LMAN2,1.4251384,0.46350062,0.1541171974747073,1.0,True
BANF1,1.4205338,0.5296307,0.155452348507582,1.0,True
MRPS11,1.4189988,1.1453496,0.1558993445157628,1.0,True
SH3GLB1,1.4170803,0.8714524,0.156459460205629,1.0,True
SRSF11,1.4166965,0.4937199,0.1565716662676858,1.0,True
UBA2,1.4159291,1.2786751,0.1567962614491085,1.0,True
ADPGK,1.4082547,1.0978507,0.1590556654485393,1.0,True
YWHAB,1.4074873,0.24527405,0.1592829539769813,1.0,True
TAPBP,1.4055686,0.5257772,0.1598522502667286,1.0,True
ACAA2,1.4013478,0.9547304,0.16111011630966,1.0,True
HSP90AA1,1.3994291,0.25936016,0.1616843391759359,1.0,True
MANF,1.398278,0.71723545,0.1620296138044832,1.0,True
ZDHHC12,1.3948245,1.1359391,0.1630687767382148,1.0,True
SUB1,1.3932896,0.48805958,0.1635322368608859,1.0,True
UBE2L6,1.3879175,0.42335695,0.1651621674955178,1.0,True
TSPAN14,1.3867663,1.3562244,0.1655130238640869,1.0,True
PPP1R8,1.3848478,1.5268261,0.1660990303608578,1.0,True
SNF8,1.3810105,0.85713005,0.1672757225538325,1.0,True
PSMA6,1.3756385,1.1883693,0.1689335986687798,1.0,True
HNRNPU,1.3718013,0.50699216,0.1701253222622004,1.0,True
RMDN3,1.3714175,2.252095,0.17024484029507,1.0,True
NUB1,1.3691152,0.99541676,0.1709632701835044,1.0,True
TSPAN32,1.3664291,0.9462414,0.1718043053330917,1.0,True
PGAM1,1.3645105,0.48435792,0.1724069377933759,1.0,True
SIGIRR,1.3629757,0.5289968,0.1728901810758228,1.0,True
ARL6IP4,1.362592,0.34747547,0.173011149984284,1.0,True
MIF4GD,1.3602896,0.85353523,0.1737382925481948,1.0,True
LDHA,1.3568361,0.31664953,0.1748332840186903,1.0,True
OSBPL5,1.3564525,4.393669,0.174955267003074,1.0,True
NDUFB1,1.3533826,0.8903925,0.1759334184505996,1.0,True
RBCK1,1.3510803,0.5789425,0.1766697040277682,1.0,True
VPS25,1.3472431,1.9435729,0.1779019457415306,1.0,True
TMEM208,1.3468595,1.0376654,0.178025520939267,1.0,True
STIP1,1.3468595,1.1571702,0.178025520939267,1.0,True
SEC13,1.3422548,1.2774383,0.1795134103637026,1.0,True
ARHGDIA,1.341871,0.5369678,0.1796378171840684,1.0,True
EI24,1.339185,1.5242618,0.1805104598193446,1.0,True
IMP3,1.3376501,0.4786098,0.1810105243132973,1.0,True
HBA1,1.3345803,2.80491,0.1820137374948969,1.0,True
CHRNB1,1.333813,2.591011,0.1822651840075017,1.0,True
INPP4A,1.3292083,1.4637835,0.1837792749958897,1.0,True
SDHD,1.3288245,0.76715696,0.1839058684906582,1.0,True
KLRC1,1.3288245,1.3730525,0.1839058684906582,1.0,True
IRF1,1.3284408,0.38603187,0.1840325265515766,1.0,True
ATP5B,1.3276733,0.37787378,0.1842860364289381,1.0,True
IDH2,1.3230687,0.5504362,0.1858125268208859,1.0,True
SKAP1,1.3219175,0.5841793,0.1861956059917147,1.0,True
SKP1,1.3196152,0.22823569,0.1869635148856978,1.0,True
COMMD7,1.315778,0.782035,0.1882485569611031,1.0,True
BRK1,1.315778,0.22690168,0.1882485569611031,1.0,True
STARD3NL,1.3084873,1.1772441,0.1907080681150318,1.0,True
PSMB3,1.3081036,0.3957254,0.1908381683094313,1.0,True
ARL2BP,1.30772,0.74670374,0.1909683338235378,1.0,True
CAPNS1,1.3058013,1.3183696,0.1916201416659395,1.0,True
TMEM59,1.3050338,0.29722074,0.1918813225165884,1.0,True
MYH9,1.3046501,0.5717108,0.1920120110776231,1.0,True
SDF2L1,1.3038827,0.5860544,0.1922735845387146,1.0,True
RIN3,1.303499,1.4785624,0.1924044694657742,1.0,True
PDGFD,1.300813,2.852426,0.1933224982136985,1.0,True
CMTM6,1.3000455,0.7916158,0.1935853821276463,1.0,True
KIR2DL3,1.299278,2.8188865,0.1938485284539881,1.0,True
COMT,1.2969757,1.0622311,0.1946395429743914,1.0,True
CARD16,1.2958245,0.49096557,0.1950359371347898,1.0,True
TMEM126B,1.2954408,0.76619536,0.195168200002599,1.0,True
APOBR,1.2946734,2.183681,0.1954329230390514,1.0,True
KDELR2,1.2935222,0.559819,0.1958305010436808,1.0,True
STK10,1.2935222,0.7730736,0.1958305010436808,1.0,True
SLC15A4,1.2893013,2.211128,0.1972933585415256,1.0,True
SELK,1.2858478,0.4472674,0.1984961786622222,1.0,True
INSIG1,1.285464,1.5944917,0.1986301556139339,1.0,True
ATP6V0D1,1.2808595,0.6865501,0.2002430386336379,1.0,True
DIAPH1,1.2808595,0.88845146,0.2002430386336379,1.0,True
CCDC124,1.277406,0.9470733,0.2014589607994641,1.0,True
CASP4,1.2716502,0.4398027,0.2034974486770506,1.0,True
TMEM205,1.2708827,1.1859728,0.2037703776044315,1.0,True
PTPN4,1.2697315,0.66008776,0.204180270385802,1.0,True
IQGAP1,1.2639757,1.1190262,0.2062387343894298,1.0,True
PRPSAP1,1.263592,1.101134,0.2063764992817155,1.0,True
NKTR,1.2632083,0.92294955,0.2065143309877535,1.0,True
CAPN1,1.2632083,0.9575237,0.2065143309877535,1.0,True
GSTO1,1.2628245,0.5608025,0.2066522295196424,1.0,True
SDHAF2,1.2624408,0.6120767,0.2067901948894686,1.0,True
TMEM160,1.260906,0.53768027,0.2073427249893629,1.0,True
CDC123,1.2605222,0.8849379,0.2074810247296686,1.0,True
CST3,1.25822,0.5981667,0.2083122287039303,1.0,True
TMEM43,1.2563013,1.2278519,0.2090067405740086,1.0,True
CNBP,1.2524642,0.19140925,0.2104007938825565,1.0,True
APOA1BP,1.2520804,0.8182734,0.2105405683941301,1.0,True
PLSCR1,1.2509292,0.9076255,0.2109602949995666,1.0,True
PTGDS,1.2509292,3.0166473,0.2109602949995666,1.0,True
RAB4B,1.2505455,1.2688441,0.211100338263835,1.0,True
PAIP2,1.2501618,0.34110227,0.2112404487454046,1.0,True
BNIP2,1.2493943,0.98270625,0.2115208714069244,1.0,True
YPEL1,1.2478595,1.4016502,0.2120825238480238,1.0,True
DCXR,1.2436385,0.7222908,0.2136326223862782,1.0,True
MDH1,1.2424874,0.5010021,0.2140567918046068,1.0,True
SEC11C,1.24172,0.6089497,0.2143399086897782,1.0,True
PPIE,1.2398013,0.75394386,0.2150488820176123,1.0,True
UBE2N,1.2378827,0.6314325,0.2157595437777056,1.0,True
COPS6,1.2351967,0.50360036,0.2167573094696736,1.0,True
ANAPC5,1.2340455,0.8625882,0.2171859381808749,1.0,True
MRPS7,1.232127,0.61932766,0.2179016735941927,1.0,True
SMIM12,1.2313595,0.84968007,0.2181884419953829,1.0,True
SNRNP35,1.2309757,1.9370905,0.2183319278616833,1.0,True
NSL1,1.227906,1.3402157,0.2194822562044643,1.0,True
ATP5C1,1.2275223,0.44120792,0.219626352586309,1.0,True
LAMTOR2,1.2248362,0.7737508,0.2206369287541344,1.0,True
CATSPER1,1.223685,3.0752916,0.221071052072313,1.0,True
DYNLRB1,1.220999,0.45903614,0.2220863868305791,1.0,True
HARS,1.220999,1.2157156,0.2220863868305791,1.0,True
IFI44,1.2202315,1.039711,0.2223770949456285,1.0,True
EZR,1.2190804,0.5348709,0.2228136678247302,1.0,True
GLG1,1.2186967,1.2351444,0.2229593283479746,1.0,True
UBE2J2,1.218313,0.68080306,0.2231050570036983,1.0,True
NDUFS4,1.2148595,0.8533051,0.2244196825780022,1.0,True
IDS,1.2144758,0.48159355,0.2245660931280881,1.0,True
TBXAS1,1.2094874,2.2884002,0.2264756443800893,1.0,True
ITGAM,1.20872,1.9114542,0.2267704466091242,1.0,True
F2R,1.2064177,2.1886127,0.2276564951664093,1.0,True
ACTN4,1.2033479,1.2401834,0.2288417272420075,1.0,True
CRELD2,1.201813,0.84714097,0.2294359878424925,1.0,True
ADD1,1.2010455,1.0586292,0.2297335295573607,1.0,True
MTCH2,1.2010455,1.1211547,0.2297335295573607,1.0,True
TMEM107,1.2010455,2.0898547,0.2297335295573607,1.0,True
TMEM167B,1.2002782,2.1497982,0.2300313456523404,1.0,True
MAP1LC3B,1.1998944,0.40955406,0.2301803566165867,1.0,True
CPSF6,1.1979758,1.0747358,0.2309264409912494,1.0,True
SMARCE1,1.1964409,0.65871227,0.2315245445310481,1.0,True
MAP2K3,1.1941386,0.70829517,0.2324237613379102,1.0,True
ATRAID,1.1933712,0.4710648,0.2327240503090982,1.0,True
PTPRE,1.19222,1.3671505,0.2331749996829648,1.0,True
CLEC2B,1.1849293,0.76555306,0.2360454048044019,1.0,True
CMC1,1.1830107,0.5316534,0.2368049113215093,1.0,True
GFOD1,1.182627,3.1594174,0.2369570196888274,1.0,True
HECTD1,1.1818595,1.549032,0.2372614435589584,1.0,True
SNRPB,1.1807084,0.29362446,0.237718597336468,1.0,True
KIF22,1.1803247,1.5287163,0.2378711200904274,1.0,True
COA5,1.1787897,1.1957285,0.2384819021491643,1.0,True
LYZ,1.17572,0.24653953,0.2397067850967539,1.0,True
PSMA4,1.1741852,0.7692842,0.2403208870992601,1.0,True
RP11-25K19.1,1.1741852,2.331157,0.2403208870992601,1.0,True
TRPV2,1.1726502,1.3039567,0.2409360968563174,1.0,True
STAT4,1.1726502,0.87415296,0.2409360968563174,1.0,True
CAPZA2,1.1695805,0.5524768,0.2421698418149319,1.0,True
PRKCB,1.1676619,0.95352125,0.2429431855699712,1.0,True
LCP2,1.1672782,0.6767398,0.2430980624215979,1.0,True
AKR1A1,1.1657432,0.90295047,0.2437182637728958,1.0,True
ELOVL1,1.1638247,0.9146264,0.2444950774542237,1.0,True
RALY,1.1622897,0.4220652,0.2451177786295525,1.0,True
PCMT1,1.1603712,0.60195744,0.2458977187354255,1.0,True
MT-CO1,1.15922,0.1019988,0.2463665171231454,1.0,False
MOB2,1.1576852,0.73260933,0.2469925554632642,1.0,True
AP2S1,1.1573014,0.3451899,0.247149238997887,1.0,True
NME4,1.1569177,0.884289,0.2473059921280503,1.0,True
PTPLAD2,1.1546154,1.1961365,0.2482479728522315,1.0,True
GPR114,1.1526967,1.7064224,0.2490348720904639,1.0,True
ADD3,1.1484759,0.5768752,0.2507721843139205,1.0,True
ROMO1,1.1477084,0.9021403,0.251088965996288,1.0,True
PIGC,1.146941,0.9488159,0.2514060268224726,1.0,True
SUMO3,1.1461735,0.5516654,0.2517233668515497,1.0,True
FLI1,1.1450224,1.0304098,0.252199900529134,1.0,True
XAF1,1.1438712,0.5447986,0.2526770627427314,1.0,True
GBP4,1.1434875,1.6599176,0.2528362565224942,1.0,True
GCDH,1.14272,1.6899482,0.2531548536882084,1.0,True
PIGT,1.1411852,1.051156,0.2537928866454426,1.0,True
ADPRHL2,1.1408014,1.6123904,0.2539525696401428,1.0,True
LCP1,1.1408014,0.28325474,0.2539525696401428,1.0,True
MYD88,1.1392665,0.97822624,0.2545920008534316,1.0,True
DCAF11,1.1373479,1.4453983,0.2553928636753578,1.0,True
FUT11,1.1354294,1.9161732,0.2561954759830703,1.0,True
C14orf1,1.1335107,1.1295522,0.2569998386374285,1.0,True
PPP2R1A,1.1327432,0.54213977,0.2573220739869672,1.0,True
RAB8A,1.1319759,0.4696845,0.2576445895819617,1.0,True
MGMT,1.1300572,0.59932834,0.2584521049944429,1.0,True
TERF2IP,1.1296735,0.32625008,0.2586138183743741,1.0,True
TMIGD2,1.1292897,0.99369085,0.2587756018688593,1.0,True
SERTAD1,1.1254526,0.7831533,0.260397294550348,1.0,True
MT-ND6,1.1250689,1.2508512,0.2605598497345031,1.0,False
CDC42SE2,1.1239177,0.40465307,0.2610479364655336,1.0,True
TAP1,1.123534,0.34241825,0.2612107724565183,1.0,True
PTPN12,1.123534,2.8908598,0.2612107724565183,1.0,True
NASP,1.123534,0.7473775,0.2612107724565183,1.0,True
TFDP2,1.1219991,1.2177316,0.26186281865821,1.0,True
MRPS21,1.1216154,0.5487659,0.2620260057993462,1.0,True
SLU7,1.120848,0.6419191,0.2623525908340084,1.0,True
EMG1,1.1200805,1.0433466,0.2626794569130465,1.0,True
TRAPPC4,1.1200805,0.73869705,0.2626794569130465,1.0,True
GSN,1.1181619,1.8515909,0.2634978520017897,1.0,True
OAZ2,1.1177782,1.0109175,0.2636617419067268,1.0,True
SMIM11,1.1170107,0.84607404,0.2639897326521326,1.0,True
MED11,1.116627,1.042499,0.264153833504606,1.0,True
SF3B5,1.1104875,0.32998356,0.2667890157350131,1.0,True
DENND2D,1.1089526,0.50508684,0.2674506272098808,1.0,True
CBR1,1.1066502,1.1571952,0.2684451578377613,1.0,True
DPM2,1.1066502,0.86611295,0.2684451578377613,1.0,True
TYMP,1.1054991,0.6119059,0.2689433745133994,1.0,True
VKORC1,1.1054991,0.661294,0.2689433745133994,1.0,True
DDX19B,1.1031967,1.3098999,0.2699417113255414,1.0,True
CNPY2,1.1031967,0.5164043,0.2699417113255414,1.0,True
SAMD9L,1.1020457,1.007119,0.2704418317525474,1.0,True
NCR1,1.0997434,3.384229,0.2714439773634411,1.0,True
VPS4B,1.0993596,0.82416296,0.2716112486057782,1.0,True
ZCCHC17,1.097441,1.0155318,0.2724486635859896,1.0,True
ZDHHC24,1.0970572,1.2694858,0.2726163583713809,1.0,True
TCEAL8,1.0959061,0.81759554,0.2731198663970683,1.0,True
GSDMD,1.0959061,0.5468934,0.2731198663970683,1.0,True
TUBA1B,1.0943712,0.28687555,0.2737921991796089,1.0,True
DDIT4,1.0928364,0.44010386,0.2744656622493319,1.0,True
LSM10,1.0924526,0.5333096,0.2746342046606763,1.0,True
PPP2R5C,1.0920689,0.30613545,0.2748028177392372,1.0,True
ZC3H13,1.0897666,1.4569014,0.2758159804891988,1.0,True
MLC1,1.0897666,3.002263,0.2758159804891988,1.0,True
YIPF3,1.0889992,1.1046957,0.2761542669586418,1.0,True
DCTPP1,1.0882317,1.1421268,0.2764928362667462,1.0,True
BATF,1.087848,0.6384103,0.2766622269968413,1.0,True
CIRBP,1.0874642,0.14766502,0.2768316884504179,1.0,True
RPN2,1.0866969,0.44941187,0.2771708235462616,1.0,True
SRSF4,1.0832434,0.6574295,0.2787004334818994,1.0,True
INPP5D,1.0832434,0.8116961,0.2787004334818994,1.0,True
UBE2E3,1.0828596,0.75868267,0.2788707439679886,1.0,True
WDR45,1.080941,1.0252055,0.2797233582049552,1.0,True
CD79B,1.0801736,0.8046976,0.2800648994892762,1.0,True
ADAM8,1.0786387,0.7078267,0.2807488318256168,1.0,True
TLN1,1.0778712,0.8348139,0.281091222944148,1.0,True
MRFAP1,1.0771039,0.44313502,0.2814338974067499,1.0,True
POLR2E,1.0759526,0.54821765,0.2819484404417721,1.0,True
G6PD,1.0751852,0.79045695,0.2822918234060205,1.0,True
MRPL28,1.0728829,0.8081379,0.2833236731627481,1.0,True
ARRB2,1.0724992,0.48446992,0.2834958962057428,1.0,True
CYB561D2,1.0724992,0.6466252,0.2834958962057428,1.0,True
LSM14A,1.0721154,0.79355633,0.2836681901400015,1.0,True
HES6,1.0705806,4.1128902,0.2843580748654154,1.0,True
C19orf52,1.0701969,2.0889597,0.2845307233126287,1.0,True
SAP30BP,1.0694294,0.7821461,0.2848762329520872,1.0,True
PDCD6IP,1.0690457,0.902288,0.2850490941516833,1.0,True
RP4-728D4.2,1.0690457,1.4074627,0.2850490941516833,1.0,True
PSTPIP2,1.0690457,4.0648026,0.2850490941516833,1.0,True
FMNL1,1.0675107,0.4393425,0.2857412482340423,1.0,True
SH3BP5,1.0675107,0.635202,0.2857412482340423,1.0,True
NDUFB7,1.0667434,0.33967826,0.2860877508959105,1.0,True
C1orf131,1.0667434,1.3359447,0.2860877508959105,1.0,True
TBRG4,1.0655922,1.7188886,0.2866080369943268,1.0,True
PLEKHA1,1.064441,1.0584339,0.2871289617031494,1.0,True
RASAL3,1.0640574,0.55281186,0.2873027452022452,1.0,True
HSBP1,1.0625224,0.9733566,0.2879985889364364,1.0,True
CRLF3,1.0625224,0.88722414,0.2879985889364364,1.0,True
CYTH1,1.0621387,0.5613399,0.2881727273211606,1.0,True
CYTH4,1.0590689,0.8018232,0.2895683902070092,1.0,True
YWHAZ,1.0590689,0.2706368,0.2895683902070092,1.0,True
SSBP3,1.0586852,1.9937892,0.2897431675918648,1.0,True
UBE2L3,1.0556154,0.37579304,0.2911439435000874,1.0,True
AP2M1,1.0552317,0.3943289,0.2913193601377529,1.0,True
COX6A1P2,1.0552317,0.5200643,0.2913193601377529,1.0,True
IFI27L2,1.0544642,0.6922994,0.2916704065452006,1.0,True
BCAP31,1.0540806,0.4459035,0.2918460363208079,1.0,True
CSK,1.0517782,0.47618344,0.2929013071612178,1.0,True
NDUFA8,1.0498596,0.66581595,0.2937826538896755,1.0,True
PGK1,1.0490922,0.18711457,0.2941356901375334,1.0,True
CTC-479C5.12,1.0487084,1.1220394,0.2943123148913281,1.0,True
PRCP,1.0483247,1.1140431,0.2944890107351811,1.0,True
KIR3DL1,1.0467899,26.768934,0.2951965050625893,1.0,True
PABPN1,1.0456387,1.3160107,0.2957278723784707,1.0,True
DEF6,1.0410341,0.38548064,0.2978597421991775,1.0,True
SHARPIN,1.0406504,0.6874015,0.2980378603606778,1.0,True
NSMCE1,1.0406504,0.7063853,0.2980378603606778,1.0,True
CCNL2,1.0394992,1.4880666,0.2985726416948295,1.0,True
SMAGP,1.0352782,2.1005232,0.3005389852973614,1.0,True
TMED3,1.0352782,0.88994676,0.3005389852973614,1.0,True
GIPC1,1.0345109,2.2440553,0.3008974274324839,1.0,True
ADI1,1.0341271,0.8622163,0.3010767552577242,1.0,True
PAK2,1.0329759,0.75413746,0.3016151657862221,1.0,True
RSRC2,1.0325922,0.56596065,0.3017947783193235,1.0,True
PSMD8,1.0318247,0.25969952,0.3021542169315351,1.0,True
TERF1,1.0314411,0.9245713,0.3023340430141092,1.0,True
AAK1,1.0302899,0.6095189,0.3028739483880639,1.0,True
ANKRD44,1.0299062,0.771748,0.3030540592269963,1.0,True
MRPL51,1.0299062,0.4393819,0.3030540592269963,1.0,True
CIAPIN1,1.0299062,1.0506198,0.3030540592269963,1.0,True
DNASE2,1.0291387,1.0729204,0.3034144944860354,1.0,True
MPHOSPH8,1.028755,0.43331787,0.3035948189093219,1.0,True
ELF1,1.0264527,0.5907653,0.3046782606587371,1.0,True
SLC9A3R1,1.0256852,0.3896861,0.3050399775478281,1.0,True
C1orf86,1.0256852,0.7057303,0.3050399775478281,1.0,True
PQLC3,1.0256852,1.0404916,0.3050399775478281,1.0,True
B4GALT4,1.0256852,2.6682026,0.3050399775478281,1.0,True
MCRS1,1.0249178,0.90784454,0.305401979275588,1.0,True
MRE11A,1.0210806,2.6479867,0.3072162608653506,1.0,True
ATG4B,1.0191619,1.1218973,0.3081260725154306,1.0,True
SIGLEC7,1.0187782,2.4550676,0.3083082485320263,1.0,True
SCNM1,1.0176271,0.6010303,0.3088552039736489,1.0,True
LSM2,1.0176271,0.527344,0.3088552039736489,1.0,True
POLR2F,1.0157084,0.42267078,0.3097682210737432,1.0,True
RPS19BP1,1.0153248,0.45794588,0.309951038206597,1.0,False
CTD-2521M24.9,1.0153248,1.2488431,0.309951038206597,1.0,True
TSR2,1.0149411,0.61604226,0.3101339265790749,1.0,True
HNRNPL,1.0145574,0.844399,0.3103168861919981,1.0,True
RBM39,1.0099527,0.26331943,0.3125179585724912,1.0,True
VRK3,1.0091852,1.3607229,0.3128858014303134,1.0,True
CCS,1.0088016,0.85229397,0.3130698297343876,1.0,True
VDAC2,1.0088016,0.39855283,0.3130698297343876,1.0,True
GTF2A2,1.0076504,0.5198769,0.3136223421530746,1.0,True
SLC16A3,1.0076504,2.0406115,0.3136223421530746,1.0,True
CYCS,1.0072666,0.29467997,0.3138066554629516,1.0,True
KPNA2,1.0061154,1.8135324,0.3143600229092158,1.0,True
PARP4,1.0061154,1.8092712,0.3143600229092158,1.0,True
GGPS1,1.0057317,1.265191,0.314544621231397,1.0,True
TNFAIP8L2,1.0049644,1.0207006,0.3149140316378686,1.0,True
APBA2,1.0045806,1.8966973,0.315098843722742,1.0,True
TES,1.0034294,0.59994364,0.3156537075069752,1.0,True
NTAN1,1.0022783,1.1807951,0.3162092125899975,1.0,True
PRPF38A,1.0018946,0.5990974,0.3163945234626231,1.0,True
EMC6,1.0018946,0.59097695,0.3163945234626231,1.0,True
NCK1,1.0015109,0.7374763,0.3165799055912652,1.0,True
PSMC2,1.0003597,0.6627278,0.3171364795141159,1.0,True
VDAC1,1.0003597,0.47354367,0.3171364795141159,1.0,True
HIAT1,0.9992085,1.7882367,0.3176936947432065,1.0,True
TACC1,0.99844104,1.4391934,0.3180655278437572,1.0,True
CHTOP,0.9953713,0.7443452,0.3195557104795109,1.0,True
SCAND1,0.9911504,0.33352128,0.3216121576801798,1.0,True
TMEM179B,0.9903829,0.54496986,0.3219869834466076,1.0,True
UBE2V2,0.9896155,0.8482108,0.322362094211657,1.0,True
TMEM173,0.98846436,0.6925948,0.3229252947219366,1.0,True
DAB2,0.98846436,2.5478537,0.3229252947219366,1.0,True
TSEN34,0.9846271,1.1404976,0.3248072606899992,1.0,True
NAA10,0.9846271,0.6032586,0.3248072606899992,1.0,True
C19orf66,0.9842434,0.45931455,0.3249958491163126,1.0,True
CHMP1A,0.98385966,1.0389208,0.3251845087811154,1.0,True
ATG12,0.9823248,0.6550135,0.325939859807321,1.0,True
PTRHD1,0.98155737,0.6984741,0.326317962727494,1.0,True
NRBP1,0.9804062,0.79289085,0.3268856513442941,1.0,True
SH3BGRL,0.97963876,0.2934442,0.327264466567608,1.0,True
S100A8,0.9781039,1.4874674,0.3280229517234022,1.0,True
SDF2,0.9773364,0.5986177,0.3284026216372044,1.0,True
TRIM38,0.97695273,1.2546178,0.3285925634238275,1.0,True
ETS1,0.9758015,0.6011632,0.3291628160873534,1.0,True
LSP1,0.97541785,0.19818774,0.3293530427387255,1.0,True
SETD3,0.97541785,1.0141245,0.3293530427387255,1.0,True
PTP4A2,0.9746504,0.32123333,0.3297337096786991,1.0,True
UQCRC1,0.973883,0.58112854,0.3301146614590633,1.0,True
RAB11B,0.97273177,0.65682477,0.3306866231803135,1.0,True
COX5A,0.97273177,0.347892,0.3306866231803135,1.0,True
PATL2,0.9723481,0.76531315,0.3308774194950249,1.0,True
RNF216,0.9715806,1.263054,0.3312592257267914,1.0,True
TPP1,0.97081316,1.1806133,0.3316413167512875,1.0,True
HINT2,0.96851087,0.62359816,0.332789298451656,1.0,True
MRPS18C,0.966976,0.7565286,0.3335560433054304,1.0,True
IFT20,0.9662085,0.85927576,0.3339398428058998,1.0,True
ZBTB1,0.96582484,1.2295034,0.3341318493180896,1.0,True
MOB4,0.9642899,0.8197765,0.3349005870688886,1.0,True
MRPL13,0.9639062,2.3660102,0.3350929494223833,1.0,True
NAA20,0.9616039,0.6335144,0.3362486178814055,1.0,True
SF3A3,0.9616039,0.9686457,0.3362486178814055,1.0,True
FBXL15,0.96083647,0.67273545,0.3366344099228311,1.0,True
RAB5C,0.96045274,0.28577864,0.3368274126630238,1.0,True
CDKN2C,0.95968527,2.261626,0.3372136315714055,1.0,True
FKBP2,0.95891786,0.5562808,0.3376001350355756,1.0,True
DEF8,0.9585341,1.6222534,0.3377934934704227,1.0,True
CHMP5,0.95776665,0.40461972,0.3381804237341324,1.0,True
ZNF580,0.95776665,1.5167184,0.3381804237341324,1.0,True
MRPS25,0.95776665,2.2614264,0.3381804237341324,1.0,True
WDR45B,0.95699924,1.2287817,0.3385676385075971,1.0,True
C14orf166,0.9566155,0.38143086,0.3387613525795563,1.0,True
AGGF1,0.9562318,1.5200773,0.3389551377717927,1.0,True
PREX1,0.9558481,0.8897159,0.3391489940818744,1.0,True
LAMTOR1,0.95546436,0.28223148,0.3393429215073464,1.0,True
GNGT2,0.95546436,2.2875793,0.3393429215073464,1.0,True
UQCRFS1,0.9546969,0.3250951,0.3397309896945353,1.0,True
SEPT6,0.95354575,0.39297104,0.3403136252781308,1.0,True
CCL4L1,0.95162714,2.0836866,0.3412861065529474,1.0,True
FCRL3,0.9485574,2.1703036,0.3428457729687086,1.0,True
SEC61B,0.94778997,0.16966425,0.34323640027533,1.0,True
NEDD8,0.9470225,0.16070557,0.3436273118170925,1.0,True
CALM3,0.9454876,0.2672086,0.3444099875113666,1.0,True
LRRC8A,0.9454876,2.1672866,0.3444099875113666,1.0,True
ATP5L,0.9447202,0.20281103,0.34480175161566,1.0,True
POP4,0.943569,0.79751146,0.345389930524376,1.0,True
TXNL1,0.94241786,0.56286347,0.3459787486604551,1.0,True
STX5,0.94241786,0.6463974,0.3459787486604551,1.0,True
RCN2,0.94049925,0.46429867,0.3469615324902868,1.0,True
CEBPZ,0.9393481,1.222987,0.3475520548052743,1.0,True
NFATC2,0.9393481,1.2758743,0.3475520548052743,1.0,True
BBX,0.93858063,0.7730053,0.3479460912996992,1.0,True
H2AFV,0.936662,0.34780934,0.348932424663699,1.0,True
RP11-104L21.3,0.93474346,2.6650627,0.3499205321434513,1.0,True
PCYT1A,0.933976,2.6344373,0.3503162717868249,1.0,True
MPPE1,0.933976,1.071494,0.3503162717868249,1.0,True
AKR1B1,0.933976,0.56768775,0.3503162717868249,1.0,True
ZNF622,0.93359226,0.705353,0.3505142480191189,1.0,True
ARHGAP25,0.9324411,0.61705613,0.3511086023135723,1.0,True
DNM2,0.93090624,0.8234614,0.3519020676255413,1.0,True
CHST11,0.93013877,1.2043532,0.3522992257491073,1.0,True
GLUD1,0.9282202,0.63139665,0.3532933617531294,1.0,True
HNRNPM,0.9236156,0.24587226,0.3556865170229151,1.0,True
ATP5I,0.9228481,0.35047668,0.3560863680610412,1.0,True
ADRM1,0.92208064,0.39940447,0.35648650238664,1.0,True
RAB11A,0.92169696,0.7517155,0.3566866757712783,1.0,True
COQ7,0.9213132,0.96684784,0.3568869199645837,1.0,True
MIB2,0.9213132,0.5128511,0.3568869199645837,1.0,True
TMBIM1,0.9209295,0.6621898,0.3570872349621092,1.0,True
TGOLN2,0.9201621,0.61414874,0.35748807735192,1.0,True
FLOT1,0.91977835,0.3959676,0.3576886047351989,1.0,True
JMJD6,0.91977835,0.8921444,0.3576886047351989,1.0,True
ITGAL,0.9167086,0.58969,0.3592953717190928,1.0,True
ARF6,0.9155574,0.23817626,0.3598990768268051,1.0,True
IDI1,0.9155574,0.5680585,0.3598990768268051,1.0,True
IRF7,0.9151737,0.53262556,0.3601004533387197,1.0,True
C16orf54,0.91479,1.9129936,0.3603019005806473,1.0,True
FAM122A,0.91479,1.8992072,0.3603019005806473,1.0,True
LRCH4,0.91440624,0.7168956,0.3605034185477588,1.0,True
RNF126,0.9132551,0.43933883,0.361108396751567,1.0,True
SSBP1,0.91287136,0.3268276,0.3613101975706722,1.0,True
BBC3,0.9124876,1.3223733,0.3615120690904775,1.0,True
ARID1A,0.9124876,1.8033718,0.3615120690904775,1.0,True
MATR3,0.91210395,0.3999531,0.3617140113060187,1.0,True
COA3,0.9113365,0.6008937,0.3621181078043386,1.0,True
SHISA5,0.91095275,0.35164157,0.3623202620770755,1.0,True
NDUFB9,0.9105691,0.21351498,0.3625224870254654,1.0,True
ZBTB20,0.90903413,1.3210176,0.3633320934736688,1.0,True
RING1,0.90865046,1.7644603,0.3635346717237121,1.0,True
SCAMP4,0.907883,3.0791686,0.3639400401531372,1.0,True
SARS,0.907883,0.5357682,0.3639400401531372,1.0,True
HEXB,0.907883,0.7565729,0.3639400401531372,1.0,True
EXOSC3,0.9071156,1.7138169,0.3643456911201481,1.0,True
SRPR,0.9063481,0.71461105,0.3647516245825897,1.0,True
ACAT2,0.9044295,0.89664966,0.3657676938762886,1.0,True
DENND1C,0.9040458,1.3117653,0.3659711195155095,1.0,True
LAS1L,0.9040458,1.7199929,0.3659711195155095,1.0,True
CEBPB,0.90251094,0.46135098,0.3667855278254525,1.0,True
MED10,0.9021272,0.36306766,0.3669893063136092,1.0,True
HMOX2,0.9017435,0.40020213,0.3671931553549179,1.0,True
CCT7,0.900976,0.5024618,0.3676010650745741,1.0,True
MAGEF1,0.900976,1.536095,0.3676010650745741,1.0,True
TRAFD1,0.9002086,1.7526183,0.368009256939363,1.0,True
KCTD10,0.8994411,2.7613566,0.3684177309038627,1.0,True
NAALADL1,0.89790624,1.7335508,0.3692355249484893,1.0,True
SIRT7,0.89790624,0.95177567,0.3692355249484893,1.0,True
ILK,0.89752257,0.6894345,0.3694401496999845,1.0,True
VPS36,0.8959877,0.84765357,0.3702593534918694,1.0,True
SMAP1,0.89560395,1.0530726,0.37046433060679,1.0,True
FAM110A,0.8933016,1.3990694,0.3716956726387151,1.0,True
PCNA,0.891383,1.0849664,0.3727237275656061,1.0,True
CARHSP1,0.88946444,0.48272908,0.3737535421863122,1.0,True
TBPL1,0.88831323,0.7809803,0.3743722752856993,1.0,True
PLEKHJ1,0.88831323,0.4326625,0.3743722752856993,1.0,True
BECN1,0.8879295,0.96934974,0.3745786603352186,1.0,True
GMPS,0.8871621,0.90386385,0.3749916414203611,1.0,True
GTF3C6,0.8856272,0.5346917,0.3758184473538807,1.0,True
NMUR1,0.88409233,1.9928855,0.3766463779565743,1.0,True
EFCAB4B,0.88179,3.907535,0.3778903816877352,1.0,True
PSMC3,0.88179,0.41062555,0.3778903816877352,1.0,True
YIPF4,0.88140625,0.61231154,0.3780979614699599,1.0,True
ZNF302,0.8810226,1.3538171,0.3783056114703979,1.0,True
ATP6AP1,0.87987137,1.0509261,0.3789289827125527,1.0,True
RAB2A,0.8794877,0.4485176,0.3791369135172906,1.0,True
FADS2,0.8794877,3.7759702,0.3791369135172906,1.0,True
AIFM1,0.8794877,3.7967806,0.3791369135172906,1.0,True
IFT52,0.8787202,1.3551657,0.3795529856712851,1.0,True
NEU1,0.8779528,1.3276323,0.3799693385048741,1.0,True
ARHGAP30,0.8779528,0.392777,0.3799693385048741,1.0,True
CSRP1,0.8779528,1.5273702,0.3799693385048741,1.0,True
CRBN,0.87565047,0.35765558,0.3812200805209823,1.0,True
SLA2,0.87565047,0.96309966,0.3812200805209823,1.0,True
IDNK,0.87488306,1.4935341,0.3816375555088805,1.0,True
SLC25A39,0.8741156,0.83160913,0.3820553108924958,1.0,True
GFI1,0.87373185,1.9248209,0.3822642937146233,1.0,True
RRBP1,0.87296444,1.803946,0.3826824695831695,1.0,True
TMEM140,0.872197,1.9996219,0.383100925702035,1.0,True
PRR5L,0.872197,1.8623503,0.383100925702035,1.0,True
FAM65B,0.8710458,0.30588797,0.3837291352209445,1.0,True
PYCR2,0.8710458,0.667391,0.3837291352209445,1.0,True
ATP5EP2,0.8698947,0.3353306,0.3843579749706478,1.0,True
SEPT2,0.86682487,0.69543284,0.3860379605568178,1.0,True
PMVK,0.8664412,0.81851023,0.3862482735761657,1.0,True
MAP3K8,0.86260396,1.0763258,0.3883552488934302,1.0,True
CLK1,0.8622202,0.64702797,0.3885663307651308,1.0,True
SLC25A5,0.8614528,0.21186854,0.3889887040455877,1.0,True
STX10,0.8610691,0.91712135,0.3891999954383461,1.0,True
PNN,0.8610691,0.64678407,0.3891999954383461,1.0,True
SUN2,0.8603016,0.17402644,0.3896227876887542,1.0,True
REL,0.85991794,0.72198766,0.3898342885302664,1.0,True
PRPF19,0.8595342,0.9048925,0.3900458591718545,1.0,True
TWF2,0.85876673,0.4944414,0.3904692098227268,1.0,True
CYFIP2,0.85838306,0.5742529,0.3906809898156883,1.0,True
SRPK2,0.8576156,0.5826898,0.3911047590956797,1.0,True
OAS2,0.85723186,0.87554765,0.3913167483662474,1.0,True
SSR2,0.85723186,0.121874824,0.3913167483662474,1.0,True
PSMB6,0.85723186,0.3491248,0.3913167483662474,1.0,True
RHOBTB3,0.85646445,26.547132,0.3917409361271956,1.0,True
AKAP13,0.8560807,0.47798827,0.391953134600974,1.0,True
GNG5,0.85454583,0.31197554,0.3928026255900079,1.0,True
LYSMD2,0.8541621,0.45135915,0.3930151725687756,1.0,True
LYPLA2,0.85301095,0.79569656,0.3936532315255571,1.0,True
STRAP,0.8526272,0.52608615,0.3938660571563139,1.0,True
ADCY7,0.8526272,1.2718067,0.3938660571563139,1.0,True
ANAPC11,0.8522435,0.41539395,0.3940789524287623,1.0,True
SLC25A20,0.8507086,1.1193101,0.3949312297637473,1.0,True
TBC1D22A,0.8503249,1.666603,0.3951444731156556,1.0,True
IL12RB1,0.8491737,0.4991078,0.3957846206760956,1.0,True
TRIM22,0.8491737,0.42941707,0.3957846206760956,1.0,True
UFL1,0.8480226,1.6799663,0.3964253943099899,1.0,True
HNRNPF,0.84763885,0.23640184,0.3966391246077,1.0,True
GALNT1,0.8472552,1.9608817,0.3968529244338876,1.0,True
SLC35A1,0.8472552,1.7281969,0.3968529244338876,1.0,True
SOCS2,0.8472552,1.6216577,0.3968529244338876,1.0,True
GEMIN7,0.8472552,0.9389362,0.3968529244338876,1.0,True
TMEM219,0.8472552,0.43189138,0.3968529244338876,1.0,True
PDCD6,0.84572023,0.26922798,0.3977088188456188,1.0,True
RBM42,0.84572023,0.8632503,0.3977088188456188,1.0,True
COX17,0.84341794,0.5991308,0.3989947447985789,1.0,True
NDUFAB1,0.84341794,0.45586213,0.3989947447985789,1.0,True
EIF4H,0.8422668,0.32459882,0.3996386451970365,1.0,True
LGALS9B,0.8414993,2.667187,0.4000682591552952,1.0,True
LRRFIP1,0.8403482,0.24690919,0.4007132004473884,1.0,True
RALGDS,0.8395807,1.3669106,0.4011435081037731,1.0,True
MLF2,0.83651096,0.496029,0.4028675114672299,1.0,True
RENBP,0.8349761,2.4067903,0.4037311757324947,1.0,True
UBQLN2,0.83420867,1.2765784,0.4041634232435808,1.0,True
SPG20,0.83382493,2.3875935,0.4043796508100004,1.0,True
TCIRG1,0.8334412,0.9143495,0.4045959475707564,1.0,True
WDTC1,0.8315226,2.3478253,0.4056784689487219,1.0,True
HOXB2,0.83113885,1.2980446,0.4058951806706512,1.0,True
TIMM13,0.83113885,0.43695349,0.4058951806706512,1.0,True
C16orf13,0.8307552,0.5632335,0.4061119615184158,1.0,True
PAM,0.8307552,2.4264548,0.4061119615184158,1.0,True
OARD1,0.83037144,1.0678539,0.406328811482136,1.0,True
TMEM109,0.8292203,0.36945656,0.4069797759698798,1.0,True
AP5M1,0.8292203,2.3122284,0.4069797759698798,1.0,True
IDH3G,0.82883656,0.46332508,0.4071969022981536,1.0,True
RNF2,0.8284528,2.1727114,0.4074140976926315,1.0,True
POLDIP3,0.8280691,1.4683342,0.4076313621432922,1.0,True
SETD5,0.8280691,1.1819893,0.4076313621432922,1.0,True
TAPBPL,0.8273017,0.8204983,0.4080660981729607,1.0,True
HDAC1,0.82346445,0.39277,0.4102439182537422,1.0,True
RAB33A,0.82269704,1.4271208,0.4106803096840106,1.0,True
MAU2,0.8219296,1.8087504,0.4111169767264324,1.0,True
TDG,0.82116216,1.3672352,0.411553919297732,1.0,True
VTI1B,0.8207784,0.5519454,0.4117724938805839,1.0,True
OSER1,0.8203947,1.2366817,0.4119911373142559,1.0,True
RBBP7,0.8203947,0.42541483,0.4119911373142559,1.0,True
PSMB4,0.81924355,0.55211556,0.4126474806149188,1.0,True
NBPF10,0.8188598,1.7119452,0.4128663993464793,1.0,True
OCEL1,0.81809235,1.4030023,0.4133044431929858,1.0,True
RBM3,0.8177087,0.16880466,0.4135235682866411,1.0,True
NPC2,0.81655747,0.4349716,0.4141813561209754,1.0,True
SDHB,0.8150226,0.5231922,0.4150593687901091,1.0,True
DNAJB6,0.8146389,0.34946504,0.4152790437109994,1.0,True
HIST1H4C,0.8146389,0.8325888,0.4152790437109994,1.0,False
STX4,0.8134877,0.5954399,0.4159384805085079,1.0,True
MMP23B,0.8134877,1.7086015,0.4159384805085079,1.0,True
ABCB1,0.8134877,3.0491488,0.4159384805085079,1.0,True
RASSF7,0.81233656,0.62339365,0.4165985351287685,1.0,True
PDLIM1,0.80965054,1.6311476,0.4181410635500087,1.0,True
C17orf85,0.80965054,1.7264979,0.4181410635500087,1.0,True
PTK2B,0.8092668,0.65633655,0.4183616989873524,1.0,True
ALKBH3,0.80811566,1.1746652,0.4190240164049538,1.0,True
GLO1,0.80811566,0.5175963,0.4190240164049538,1.0,True
PRKCQ,0.80811566,1.6094464,0.4190240164049538,1.0,True
H2AFY,0.80811566,0.37831524,0.4190240164049538,1.0,True
HLA-DPA1,0.8073482,0.23652078,0.4194659038254574,1.0,True
TOP1,0.8073482,1.1594777,0.4194659038254574,1.0,True
DLD,0.80696446,1.1453378,0.4196869502444542,1.0,True
ATP5D,0.8054296,0.16251919,0.4205718203804689,1.0,True
DDIT3,0.80504584,0.73004264,0.4207932089724702,1.0,True
OSTM1,0.80427843,1.1877309,0.4212361913459256,1.0,True
CMTR2,0.80427843,1.5293328,0.4212361913459256,1.0,True
C20orf196,0.80351096,2.734822,0.4216794472286344,1.0,True
ASNA1,0.8019761,0.57379955,0.4225667791520261,1.0,True
RBMX,0.8019761,0.2650657,0.4225667791520261,1.0,True
ECHDC1,0.8012087,0.6779099,0.4230108550068678,1.0,True
ITFG1,0.7989063,0.9008646,0.4243447210209663,1.0,True
SRRM2,0.7981389,0.4452595,0.4247898888613629,1.0,True
EIF3A,0.79737145,0.6744525,0.4252353294615789,1.0,True
RNF125,0.79660404,0.5841823,0.425681042726228,1.0,True
POP7,0.79583657,0.8473001,0.4261270285595434,1.0,True
PIK3AP1,0.79583657,1.8576837,0.4261270285595434,1.0,True
EGLN2,0.7946854,0.50491524,0.4267965181653426,1.0,True
TIMM17A,0.7935343,0.93946576,0.4274666205081275,1.0,True
STX8,0.7935343,0.4928621,0.4274666205081275,1.0,True
GADD45B,0.79161566,0.3018524,0.4285848184920635,1.0,True
IFITM3,0.78969705,0.7873511,0.4297047160807477,1.0,True
GADD45GIP1,0.7893133,0.31999326,0.4299288994153267,1.0,True
NUDT5,0.7889296,0.5066964,0.4301531506598961,1.0,True
DCAF7,0.7889296,0.8345813,0.4301531506598961,1.0,True
TSC22D4,0.7889296,0.35617328,0.4301531506598961,1.0,True
PEX2,0.7881622,0.7551042,0.4306018568291518,1.0,True
SRP9,0.78777844,0.20163696,0.4308263117288512,1.0,True
KATNA1,0.7873947,1.824417,0.4310508344885678,1.0,True
ST3GAL5,0.787011,1.2327611,0.4312754250957485,1.0,True
CNPPD1,0.7866273,0.8462171,0.431500083537817,1.0,True
PDAP1,0.7866273,0.30711582,0.431500083537817,1.0,True
PLA2G16,0.78624356,0.58597463,0.431724809802173,1.0,True
STX7,0.78624356,0.8087772,0.431724809802173,1.0,True
C19orf48,0.7850924,1.7435795,0.4323993954026047,1.0,True
TSEN54,0.7847087,0.40735447,0.4326243928296313,1.0,True
ARL6IP6,0.7847087,0.8007047,0.4326243928296313,1.0,True
HOXB4,0.7847087,3.672828,0.4326243928296313,1.0,True
TOR1AIP2,0.78432494,1.7571008,0.4328494580155867,1.0,True
BCCIP,0.7839412,1.2276827,0.4330745909477282,1.0,True
TXNRD2,0.7839412,3.690406,0.4330745909477282,1.0,True
STOM,0.78355753,0.38237825,0.4332997916132888,1.0,True
MARCH5,0.78355753,0.8729468,0.4332997916132888,1.0,True
AP4B1,0.7831738,3.496552,0.4335250599994781,1.0,True
RCC2,0.78279006,1.6899086,0.4337503960934815,1.0,True
TOMM22,0.78279006,0.345156,0.4337503960934815,1.0,True
NDUFS5,0.7816389,0.25804284,0.4344268104938756,1.0,True
ATP6V1D,0.7812552,0.84563327,0.4346524172905159,1.0,True
ASCC2,0.78087145,0.57584727,0.4348780917305413,1.0,True
EPG5,0.78087145,3.1819625,0.4348780917305413,1.0,True
ESYT2,0.78010404,1.5244265,0.4353296434888953,1.0,True
GPR108,0.7797203,0.7264572,0.4355555207812381,1.0,True
RPA1,0.7797203,0.95849484,0.4355555207812381,1.0,True
PHF5A,0.77856916,0.46366024,0.4362335581545156,1.0,True
RAB24,0.7781854,1.4133532,0.4364597057341036,1.0,True
COX6B1,0.7781854,0.1157414,0.4364597057341036,1.0,True
HAX1,0.7781854,0.47414672,0.4364597057341036,1.0,True
XPA,0.7778017,0.81377476,0.4366859208527527,1.0,True
YARS,0.77741796,0.63884026,0.4369122034973156,1.0,True
MARCKSL1,0.7770343,0.5918567,0.4371385536546207,1.0,True
GRSF1,0.7758831,0.6532944,0.4378180090709173,1.0,True
DPP3,0.7758831,1.629856,0.4378180090709173,1.0,True
VAV1,0.7754994,1.0156095,0.4380446291470001,1.0,True
CAND1,0.7735808,0.95063984,0.4391787409586861,1.0,True
CEBPZ-AS1,0.77319705,1.0987272,0.4394057655137435,1.0,True
LYRM2,0.7728133,0.8426873,0.4396328574350852,1.0,True
ITGB1BP1,0.7716622,0.33439362,0.4403145372621234,1.0,True
RRAS2,0.77127844,1.014838,0.4405418985137906,1.0,True
MTSS1,0.77051103,1.0026191,0.4409968228998272,1.0,True
C6orf1,0.7693598,0.63773525,0.4416797139816323,1.0,True
ITPA,0.76897615,0.73515654,0.4419074788217327,1.0,True
IMPDH1,0.76782495,0.7736649,0.4425911765887919,1.0,True
TXNDC17,0.7674413,0.66982913,0.4428192102142529,1.0,True
PRMT1,0.76629007,0.40801597,0.4435037140068867,1.0,True
CLTB,0.76629007,0.39743987,0.4435037140068867,1.0,True
MIF,0.76629007,0.16804703,0.4435037140068867,1.0,True
SAFB,0.7659064,0.7129718,0.4437320161970526,1.0,True
RGS19,0.76552266,0.23477072,0.4439603854937383,1.0,True
VPS26B,0.7651389,0.8099835,0.4441888218830336,1.0,True
NFATC3,0.7647552,0.59088814,0.4444173253510045,1.0,True
ICT1,0.7643715,1.3047943,0.4446458958836932,1.0,True
PSMA3,0.76360404,0.40764534,0.4451032380872725,1.0,True
BABAM1,0.7624529,0.69258237,0.445789754027705,1.0,True
WASF2,0.7624529,0.49294007,0.445789754027705,1.0,True
EMC10,0.76168543,0.65861416,0.4462477662471351,1.0,True
VBP1,0.76168543,0.57278997,0.4462477662471351,1.0,True
LGALS9C,0.7613017,26.202448,0.4464768727922182,1.0,True
STK40,0.7605343,1.9743481,0.4469352866822575,1.0,True
ZEB2,0.7605343,0.78088176,0.4469352866822575,1.0,True
SLC25A1,0.7597668,1.3286546,0.447393968210699,1.0,True
APRT,0.7597668,0.12376085,0.447393968210699,1.0,True
MAST3,0.7589994,1.9489923,0.4478529172634934,1.0,True
PET100,0.7589994,0.34644407,0.4478529172634934,1.0,True
METTL23,0.75784826,0.48886985,0.4485418422004268,1.0,True
IPO9,0.7574645,1.8784308,0.4487716174840391,1.0,True
RHEBL1,0.75669706,1.8305591,0.4492313684217843,1.0,True
PTPRC,0.75439477,0.13923398,0.4506122231568552,1.0,True
SLIRP,0.7528599,0.7824785,0.4515341267507506,1.0,True
TUBB,0.75247616,0.21682462,0.451764769236413,1.0,True
MRPL47,0.75055754,0.6968287,0.4529189804514866,1.0,True
NLRP1,0.7494064,1.5290209,0.4536123056769618,1.0,True
NDUFA2,0.7474878,0.24558997,0.4547691772564686,1.0,True
HLA-DRA,0.74710405,0.16249028,0.4550007508681788,1.0,True
NDUFA13,0.74710405,0.15784183,0.4550007508681788,1.0,True
SUCLG1,0.74518543,0.46734908,0.4561596145777156,1.0,True
AUTS2,0.74518543,2.3283317,0.4561596145777156,1.0,True
ZNF207,0.74480176,0.34387735,0.4563915863439296,1.0,True
RP11-485G4.2,0.74288315,2.369549,0.4575524394605971,1.0,True
FAM133B,0.74288315,0.77984166,0.4575524394605971,1.0,True
RP3-477O4.14,0.7421157,2.389055,0.4580172444220495,1.0,True
DLST,0.74173194,1.4416558,0.4582497462089091,1.0,True
SLC3A2,0.74173194,0.41845638,0.4582497462089091,1.0,True
DUSP23,0.74134827,0.5647524,0.458482314179346,1.0,True
KLHDC3,0.74019706,0.7128961,0.4591804150378633,1.0,True
MAP3K11,0.74019706,1.4461879,0.4591804150378633,1.0,True
SCO2,0.7398134,0.970182,0.4594132475882332,1.0,True
PPID,0.7398134,0.7123859,0.4594132475882332,1.0,True
NHP2L1,0.7398134,0.20610777,0.4594132475882332,1.0,True
XPNPEP1,0.73942965,1.2815958,0.459646146244873,1.0,True
SAE1,0.73942965,0.8537279,0.459646146244873,1.0,True
CIR1,0.7390459,0.76682353,0.4598791109922496,1.0,True
GNPTG,0.7386622,0.7393385,0.4601121418148063,1.0,True
SREK1IP1,0.7378948,0.7232297,0.4605784016231123,1.0,True
RNF187,0.7378948,0.40364143,0.4605784016231123,1.0,True
CLTC,0.73751104,2.0981739,0.4608116305776284,1.0,True
TGFBR1,0.73751104,2.4574497,0.4608116305776284,1.0,True
UROS,0.7371273,0.5276604,0.461044925544858,1.0,True
TSSC4,0.7363599,0.595189,0.4615117134547286,1.0,True
ZFAND3,0.7363599,1.3539891,0.4615117134547286,1.0,True
SLC27A3,0.7363599,1.3406134,0.4615117134547286,1.0,True
PPIL1,0.7355924,1.3868577,0.4619787652270268,1.0,True
DHRS3,0.7344413,2.2293549,0.4626798373516249,1.0,True
DNTTIP2,0.7344413,0.6184281,0.4626798373516249,1.0,True
CTDNEP1,0.7344413,2.1872232,0.4626798373516249,1.0,True
FKBP3,0.7336738,0.5487607,0.4631475482275626,1.0,True
SSSCA1,0.7329064,0.64481115,0.4636155225229813,1.0,True
NFKBIB,0.7329064,1.1737735,0.4636155225229813,1.0,True
KPNB1,0.73213893,0.5128743,0.4640837601104653,1.0,True
OGFOD3,0.73175526,1.251413,0.46431797759881,1.0,True
BTG2,0.7309878,0.19829692,0.4647866098846523,1.0,True
IFNAR2,0.73060405,0.5874052,0.4650210246500573,1.0,True
ADH5,0.73060405,0.360081,0.4650210246500573,1.0,True
UPF3B,0.72983664,0.7199724,0.4654900513454246,1.0,True
DDX24,0.72983664,0.32192773,0.4654900513454246,1.0,True
C11orf73,0.7294529,0.49465963,0.4657246632431512,1.0,True
CTCF,0.7294529,1.3062228,0.4657246632431512,1.0,True
RNF139,0.7275343,0.3647031,0.4668987075853477,1.0,True
PTPN2,0.7275343,0.43805295,0.4668987075853477,1.0,True
APOBEC3C,0.72715056,0.5673353,0.4671337133109227,1.0,True
ARHGEF1,0.72715056,0.29581007,0.4671337133109227,1.0,True
DIP2A,0.72715056,0.79137564,0.4671337133109227,1.0,True
KLF13,0.7267669,0.7876916,0.4673687846175726,1.0,True
RSAD2,0.72638315,1.2849654,0.4676039214889766,1.0,True
DRG1,0.72638315,0.5952027,0.4676039214889766,1.0,True
ANXA1,0.7259994,0.16956551,0.4678391239087901,1.0,True
HTATSF1,0.725232,0.7161824,0.4683097253281478,1.0,True
RFC2,0.725232,1.0097506,0.4683097253281478,1.0,True
CCNH,0.7248483,0.38974893,0.4685451242948837,1.0,True
TMED5,0.7236971,0.608503,0.4692517140259659,1.0,True
CHCHD3,0.7236971,0.70483875,0.4692517140259659,1.0,True
ZBP1,0.7236971,0.8587653,0.4692517140259659,1.0,True
CASP10,0.72292966,1.5913359,0.4697231010408124,1.0,True
STAG2,0.7213948,1.6683964,0.4706666597404839,1.0,True
TIMM8B,0.72024363,0.5710387,0.4713750148277825,1.0,True
WHAMM,0.7198599,0.7282616,0.471611263779811,1.0,True
PPP2R4,0.7198599,1.2399212,0.471611263779811,1.0,True
ASB1,0.7198599,0.84291005,0.471611263779811,1.0,True
ORAI3,0.7190924,1.1229377,0.4720839574677958,1.0,True
PPCS,0.718325,0.39901197,0.4725569120890721,1.0,True
CCDC94,0.71755755,1.5828061,0.4730301275089705,1.0,True
AP003774.1,0.71755755,1.5563105,0.4730301275089705,1.0,True
COA1,0.71679014,0.82233405,0.4735036035924402,1.0,True
VPS37B,0.7160227,1.1167369,0.473977340204049,1.0,True
MRPS23,0.7160227,0.51533604,0.473977340204049,1.0,True
LLPH,0.71525526,0.80888,0.474451337207983,1.0,True
MBD4,0.7148715,0.80175054,0.4746884333145259,1.0,True
PTP4A1,0.7148715,0.7346506,0.4746884333145259,1.0,True
UBN1,0.7144878,1.050772,0.474925594468047,1.0,True
FLII,0.7144878,1.2755139,0.474925594468047,1.0,True
UXS1,0.7137204,1.0804036,0.4754001118476647,1.0,True
VMA21,0.7129529,1.0678324,0.4758748892098777,1.0,True
COPB1,0.7125692,0.8654476,0.4761123753415539,1.0,True
UCHL3,0.7121855,1.4611363,0.4763499264173468,1.0,True
SNX17,0.7121855,0.31229648,0.4763499264173468,1.0,True
VPS29,0.7121855,0.3242145,0.4763499264173468,1.0,True
SH3BP2,0.71180177,0.9354351,0.4765875424200294,1.0,True
EIF4E2,0.71141803,0.6211721,0.4768252233323512,1.0,True
NUDT16,0.71141803,1.0265458,0.4768252233323512,1.0,True
CCDC107,0.71141803,0.26181492,0.4768252233323512,1.0,True
RAB5A,0.7102669,0.88998675,0.4775386553542837,1.0,True
FAHD2A,0.70988315,2.6000688,0.4777765957321762,1.0,True
UQCRC2,0.70642966,0.29895994,0.4799209740771786,1.0,True
IRF9,0.7060459,0.43921506,0.4801595618997647,1.0,True
MPHOSPH6,0.7052785,0.59477884,0.4806369314713572,1.0,True
FAM71D,0.7052785,1.231545,0.4806369314713572,1.0,True
OASL,0.7041274,0.89658225,0.48135347037996,1.0,True
PPP3CC,0.70374364,0.46649402,0.4815924458256948,1.0,True
ZMAT2,0.70297617,0.29843503,0.4820705903249952,1.0,True
SRRT,0.70297617,1.2254363,0.4820705903249952,1.0,True
IMP4,0.70297617,0.6463619,0.4820705903249952,1.0,True
AHSA1,0.70297617,0.3742198,0.4820705903249952,1.0,True
RRP7A,0.7025925,0.7235387,0.4823097593429872,1.0,True
NDUFS7,0.70220876,0.30785742,0.4825489928494519,1.0,True
DCP2,0.70220876,1.0218118,0.4825489928494519,1.0,True
INPP5K,0.70220876,0.7385644,0.4825489928494519,1.0,True
ISY1,0.70105755,0.6011744,0.4832670801211006,1.0,True
DCAF8,0.7006739,0.8486439,0.4835065714027557,1.0,True
DNAJC17,0.699139,1.1983635,0.4844651803396411,1.0,True
MXD4,0.69875526,1.7754774,0.4847049934364243,1.0,True
ACADVL,0.6983715,0.5525384,0.4849448708421475,1.0,True
LEPROT,0.6983715,0.91739154,0.4849448708421475,1.0,True
CLPP,0.6979878,0.44249004,0.4851848125387262,1.0,True
HELZ2,0.6976041,0.7682333,0.4854248185080527,1.0,True
BEX4,0.69683665,0.6743127,0.4859050231923985,1.0,True
GLIPR1,0.69683665,0.48985007,0.4859050231923985,1.0,True
CYP2R1,0.6964529,1.7300766,0.4861452218710831,1.0,True
RNF10,0.6964529,0.7365538,0.4861452218710831,1.0,True
CD74,0.6956855,0.051483855,0.4866258118104606,1.0,True
OLA1,0.6953018,0.46434098,0.4868662030346762,1.0,True
VCPKMT,0.69491804,1.7648193,0.4871066584042183,1.0,True
POLR2H,0.69453436,0.58190733,0.4873471779007892,1.0,True
EXOSC9,0.69453436,1.1363624,0.4873471779007892,1.0,True
CARD8,0.6941506,0.49647278,0.4875877615060667,1.0,True
MKKS,0.6929994,0.683786,0.4883098967905649,1.0,True
RELA,0.6918483,0.7787125,0.4890326083915551,1.0,True
CASP3,0.6918483,1.6756172,0.4890326083915551,1.0,True
C1orf174,0.6918483,0.8726836,0.4890326083915551,1.0,True
SNRPE,0.6918483,0.29182258,0.4890326083915551,1.0,True
RNPEP,0.69146454,1.1186069,0.4892736402427715,1.0,True
ACP5,0.69069713,3.5712934,0.4897558958104981,1.0,True
PCYT2,0.68916225,1.1098013,0.4907211738872954,1.0,True
AP3D1,0.6883948,1.0955853,0.4912041960984654,1.0,True
VPS8,0.6883948,3.38259,0.4912041960984654,1.0,True
LSM6,0.6880111,0.56760365,0.4914458029318904,1.0,True
ASL,0.6864762,1.5307391,0.4924128680139836,1.0,True
ALG13,0.6860925,1.3148916,0.4926547936276804,1.0,True
RNF114,0.685325,0.5431146,0.4931388359350551,1.0,True
COPB2,0.6845576,0.95622927,0.4936231328898334,1.0,True
RASA3,0.6845576,0.5605769,0.4936231328898334,1.0,True
POLD4,0.6841739,0.2828815,0.4938653768126952,1.0,True
RP4-758J18.2,0.6841739,1.5899789,0.4938653768126952,1.0,True
SMYD3,0.6834064,0.8700184,0.4943500554545506,1.0,True
DCPS,0.68302274,1.0804179,0.494592490135547,1.0,True
AGK,0.68302274,1.082165,0.494592490135547,1.0,True
AC010642.1,0.682639,0.6253164,0.4948349883645522,1.0,True
TIMMDC1,0.68225527,0.6690362,0.4950775501225081,1.0,True
SEPHS2,0.68148786,0.69976294,0.495562864148923,1.0,True
SRP54,0.6807204,0.6295943,0.4960484320618563,1.0,True
GEMIN6,0.67956924,1.5181515,0.496777259632999,1.0,True
SAP18,0.67956924,0.107768215,0.496777259632999,1.0,True
AP1M1,0.6791855,1.0669115,0.4970203289336405,1.0,True
PIH1D1,0.67841804,0.46176955,0.497506657584725,1.0,True
TMCO1,0.67803437,0.27109712,0.4977499168965548,1.0,True
CHMP4A,0.67688316,0.15787067,0.4984800745450199,1.0,True
IGFLR1,0.67688316,0.9260651,0.4984800745450199,1.0,True
SKIV2L2,0.67688316,1.9765497,0.4984800745450199,1.0,True
SERPINB6,0.6764995,0.40777695,0.4987235869342025,1.0,True
RPL22L1,0.6753483,0.38619617,0.499454503348719,1.0,False
PPA2,0.6753483,0.66186464,0.499454503348719,1.0,True
TIPRL,0.6738134,0.90455574,0.500429942749604,1.0,True
ARHGAP1,0.6738134,1.0389168,0.500429942749604,1.0,True
LRRC58,0.673046,1.8939961,0.5009180410328915,1.0,True
CNDP2,0.6722785,0.4366006,0.5014063914953997,1.0,True
LMF2,0.6722785,1.2244599,0.5014063914953997,1.0,True
TP53I13,0.6718948,1.2813298,0.5016506612446634,1.0,True
FXN,0.6715111,1.0010291,0.5018949939796477,1.0,True
CHMP3,0.6711274,0.5445275,0.5021393896806081,1.0,True
RPP38,0.66997623,0.74795187,0.5028729543815516,1.0,True
BDH2,0.66997623,2.0141494,0.5028729543815516,1.0,True
ELMO2,0.66920877,1.7959617,0.5033623119823564,1.0,True
MVP,0.66920877,0.57687384,0.5033623119823564,1.0,True
PARP12,0.66882503,1.1204809,0.5036070850632246,1.0,True
UBXN6,0.66844136,1.8163688,0.5038519209711986,1.0,True
MAT2A,0.66844136,1.9464391,0.5038519209711986,1.0,True
CRYZL1,0.66729015,1.0298644,0.5045868054583064,1.0,True
C19orf70,0.6669065,0.26468295,0.5048318924751363,1.0,True
ULK1,0.666139,26.130352,0.5053222546703573,1.0,True
C15orf40,0.666139,0.8983083,0.5053222546703573,1.0,True
UCK2,0.666139,26.068357,0.5053222546703573,1.0,True
NTPCR,0.666139,1.1783844,0.5053222546703573,1.0,True
LSM4,0.6657553,0.3607689,0.5055675298086225,1.0,True
TRNAU1AP,0.66498786,0.69734657,0.5060582680659707,1.0,True
LENG1,0.6646041,0.44335297,0.5063037311447862,1.0,True
USF1,0.6646041,1.8824459,0.5063037311447862,1.0,True
SLTM,0.6642204,0.39443672,0.5065492568301451,1.0,True
TSN,0.6623018,0.6797188,0.5077778236475192,1.0,True
ACOT4,0.6623018,1.6891172,0.5077778236475192,1.0,True
TRIAP1,0.66115063,0.69161075,0.5085157137205005,1.0,True
ZNF600,0.66115063,1.1006436,0.5085157137205005,1.0,True
HENMT1,0.6607669,0.5299991,0.508761801953249,1.0,True
GPAA1,0.65961576,0.45353594,0.5095004409910914,1.0,True
CTBP1,0.659232,0.87450916,0.5097467787153981,1.0,True
TPGS1,0.6588483,0.40975073,0.5099931787614058,1.0,True
TTC1,0.6580809,0.5138767,0.51048616573641,1.0,True
MRFAP1L1,0.656546,0.6821729,0.5114728866422608,1.0,True
AARS,0.65616226,1.6112065,0.5117197223642257,1.0,True
EXOG,0.65616226,0.8202859,0.5117197223642257,1.0,True
CNOT1,0.6557785,0.63798255,0.5119666202430523,1.0,True
CHMP1B,0.6557785,0.36787885,0.5119666202430523,1.0,True
ZMAT5,0.6557785,1.1365763,0.5119666202430523,1.0,True
FNBP4,0.6546274,0.78280693,0.512707686613477,1.0,True
MRPL54,0.65270877,0.34213144,0.5139440384304577,1.0,True
SMC4,0.65232503,0.836035,0.5141914947862343,1.0,True
NHLRC3,0.6511739,0.5121797,0.5149342354619366,1.0,True
PEX19,0.6511739,0.97583133,0.5149342354619366,1.0,True
TUBGCP2,0.6504065,2.354503,0.5154297053762975,1.0,True
CMPK2,0.6492553,1.3099577,0.5161733740231196,1.0,True
C12orf45,0.6488716,2.1964357,0.5164213871611456,1.0,True
NSD1,0.64848787,0.56190765,0.5166694620585116,1.0,True
SNX1,0.64848787,0.5658468,0.5166694620585116,1.0,True
ZBTB16,0.64810413,0.705447,0.5169175986940604,1.0,True
CSNK1A1,0.6477204,0.31081635,0.5171657970466119,1.0,True
C10orf128,0.6477204,1.3214701,0.5171657970466119,1.0,True
TM2D1,0.6473367,0.59093136,0.5174140570949619,1.0,True
FNDC3B,0.6473367,2.29645,0.5174140570949619,1.0,True
NDUFC2,0.646953,0.23720482,0.5176623788178834,1.0,True
DGCR6L,0.64656925,0.27074322,0.5179107621941256,1.0,True
CCDC102A,0.64580184,2.2246084,0.5184077138214522,1.0,True
TMEM165,0.64580184,0.276317,0.5184077138214522,1.0,True
PPP1R3E,0.6454181,1.3666383,0.5186562820299181,1.0,True
CALCOCO1,0.6454181,1.356561,0.5186562820299181,1.0,True
ELOF1,0.6454181,0.4583188,0.5186562820299181,1.0,True
RNPEPL1,0.6454181,0.37385708,0.5186562820299181,1.0,True
LUC7L3,0.6450344,0.34184238,0.5189049118064675,1.0,True
CDC5L,0.64465064,0.6239719,0.5191536031297328,1.0,True
HEG1,0.6442669,2.203447,0.5194023559783225,1.0,True
GNPDA1,0.6438832,1.2808052,0.5196511703308222,1.0,True
PTPRN2,0.6434995,2.3278883,0.5199000461657937,1.0,True
RCBTB2,0.6434995,0.92388904,0.5199000461657937,1.0,True
PDE6G,0.642732,2.1404943,0.5203979821972825,1.0,True
AAAS,0.64234835,1.0072529,0.5206470423508067,1.0,True
UBA1,0.6419646,0.9228594,0.5208961639008165,1.0,True
ACSL5,0.6415809,1.1930704,0.5211453468257568,1.0,True
ARMC7,0.6415809,1.2981689,0.5211453468257568,1.0,True
MAD1L1,0.6415809,0.5768833,0.5211453468257568,1.0,True
PGRMC2,0.64119714,1.3148632,0.521394591104049,1.0,True
SCLT1,0.64119714,2.2153904,0.521394591104049,1.0,True
GSKIP,0.64119714,0.889465,0.521394591104049,1.0,True
P4HB,0.64042974,0.21005714,0.5218932636342584,1.0,True
CCDC47,0.64042974,0.92942786,0.5218932636342584,1.0,True
CCT6A,0.6392786,0.35337856,0.5226417320389068,1.0,True
GPSM3,0.6392786,-0.012832848,0.5226417320389068,1.0,True
ORC4,0.6385111,1.1151284,0.5231410171284498,1.0,True
SMARCB1,0.6381274,0.5212111,0.5233907514539284,1.0,True
ZNF254,0.6381274,2.0184698,0.5233907514539284,1.0,True
ZNF224,0.63774365,1.2494015,0.5236405469375012,1.0,True
ADAR,0.63736,0.30384105,0.5238904035573559,1.0,True
MAP2K7,0.63697624,1.1459916,0.5241403212916573,1.0,True
TP53RK,0.63697624,0.9711596,0.5241403212916573,1.0,True
SSR4,0.63697624,0.19181208,0.5241403212916573,1.0,True
C20orf112,0.6365925,1.9893578,0.5243903001185467,1.0,True
ZFAND2A,0.63544136,1.2213068,0.5251406029358034,1.0,True
ARV1,0.6350576,0.8843671,0.5253908259139892,1.0,True
UQCRH,0.6350576,0.13858896,0.5253908259139892,1.0,True
LINC00339,0.6350576,1.925167,0.5253908259139892,1.0,True
FADD,0.6339065,1.1719394,0.5261418606581922,1.0,True
PHKG2,0.6339065,0.79575783,0.5261418606581922,1.0,True
SH2D3C,0.633139,1.1468335,0.526642855108753,1.0,True
DBF4,0.63160414,1.2275894,0.5276455743053943,1.0,True
HMHA1,0.6308367,0.25201303,0.5281472986970717,1.0,True
MYO9B,0.63006926,1.5263729,0.5286492660474309,1.0,True
ROCK1,0.62930185,0.3635141,0.5291514761783385,1.0,True
C5orf15,0.62930185,1.5643986,0.5291514761783385,1.0,True
LSM7,0.62930185,0.29397848,0.5291514761783385,1.0,True
ATP6V1E1,0.6289181,0.36491063,0.5294026722307299,1.0,True
DERL1,0.6285344,0.35531628,0.52965392891129,1.0,True
FAM3A,0.6285344,1.1052209,0.52965392891129,1.0,True
C11orf21,0.62776697,0.74304223,0.5301566240674085,1.0,True
CYTH2,0.62738323,0.912769,0.5304080624981544,1.0,True
MR1,0.6269995,0.97689927,0.5306595614674448,1.0,True
PSMG1,0.6269995,0.9787645,0.5306595614674448,1.0,True
HELZ,0.6262321,0.6932675,0.5311627409317783,1.0,True
LPGAT1,0.6254646,1.5800875,0.5316661622804167,1.0,True
GIMAP6,0.6254646,0.31093776,0.5316661622804167,1.0,True
PDIA4,0.62392974,0.5101063,0.5326737299087813,1.0,True
PILRB,0.62392974,0.41345784,0.5326737299087813,1.0,True
NCAM1,0.62316227,3.218905,0.5331778758266656,1.0,True
CCDC12,0.62316227,0.27380383,0.5331778758266656,1.0,True
ELP6,0.6227786,1.0635189,0.5334300392321977,1.0,True
LAMTOR3,0.62239486,0.94392514,0.5336822629051715,1.0,True
SNX14,0.62239486,1.4961295,0.5336822629051715,1.0,True
MTHFR,0.62239486,2.5798354,0.5336822629051715,1.0,True
KAT6A,0.62239486,1.018913,0.5336822629051715,1.0,True
VPS16,0.62239486,0.99227303,0.5336822629051715,1.0,True
TXNL4A,0.6216274,0.38553166,0.5341868909624505,1.0,True
FRG1,0.62086,0.40782535,0.5346917598162835,1.0,True
SENCR,0.62086,2.50006,0.5346917598162835,1.0,True
KAT6B,0.62086,2.6178586,0.5346917598162835,1.0,True
WDR55,0.62047625,0.832464,0.5349442844848626,1.0,True
FGL2,0.6200925,1.3598806,0.53519686928408,1.0,True
RBM17,0.61970884,0.4027893,0.5354495141910539,1.0,True
IRAK1,0.61855763,2.513669,0.5362078093293519,1.0,True
UTRN,0.61855763,0.57657045,0.5362078093293519,1.0,True
DYNLL2,0.61855763,1.4044061,0.5362078093293519,1.0,True
VAV3,0.6177902,2.4421587,0.5367136395397951,1.0,True
PEA15,0.61702275,2.5662034,0.5372197096301387,1.0,True
SMARCD1,0.61702275,1.4953601,0.5372197096301387,1.0,True
SIN3A,0.61702275,2.5167384,0.5372197096301387,1.0,True
FAM49A,0.61702275,2.460195,0.5372197096301387,1.0,True
SRD5A1,0.61625534,2.4023857,0.5377260194159412,1.0,True
VIT,0.61625534,2.403192,0.5377260194159412,1.0,True
M6PR,0.6158716,0.3052422,0.5379792641369004,1.0,True
AUP1,0.6154879,0.38880664,0.5382325687123917,1.0,True
AAGAB,0.6154879,0.6727807,0.5382325687123917,1.0,True
PPP3R1,0.6154879,0.9343581,0.5382325687123917,1.0,True
SUCLG2,0.6154879,0.63604254,0.5382325687123917,1.0,True
RTFDC1,0.61510414,0.3012556,0.5384859331192555,1.0,True
MAPK14,0.61472046,1.2870736,0.5387393573343098,1.0,True
DENND3,0.61472046,2.2092981,0.5387393573343098,1.0,True
STK17A,0.61356926,0.12311064,0.5394999885964473,1.0,True
CCM2,0.6131856,0.40051958,0.5397536518119797,1.0,True
COX7B,0.6131856,0.5773776,0.5397536518119797,1.0,True
SNAPC3,0.6124181,2.387192,0.540261157295524,1.0,True
ERI1,0.6124181,2.3490756,0.540261157295524,1.0,True
NELFE,0.6124181,0.50266373,0.540261157295524,1.0,True
ETHE1,0.6124181,0.3883817,0.540261157295524,1.0,True
PLCL2,0.6116507,2.2178516,0.5407689013601207,1.0,True
CYTL1,0.6116507,2.1061041,0.5407689013601207,1.0,True
MBNL1,0.61088324,0.23779722,0.5412768838187437,1.0,True
FIP1L1,0.61011577,0.60857797,0.5417851044839981,1.0,True
NR2C2AP,0.6097321,1.1997709,0.5420393040854502,1.0,True
UBR5,0.60934836,1.2749972,0.5422935631681203,1.0,True
ASB8,0.6089646,0.533356,0.5425478817084799,1.0,True
MTPN,0.6089646,0.70126045,0.5425478817084799,1.0,True
DEDD2,0.6089646,0.44663352,0.5425478817084799,1.0,True
ACTR1A,0.6085809,0.51802266,0.5428022596829783,1.0,True
UBE2M,0.6085809,1.745815,0.5428022596829783,1.0,True
TRIM8,0.6085809,1.1623248,0.5428022596829783,1.0,True
SMARCA5,0.6085809,0.5760662,0.5428022596829783,1.0,True
SMG1,0.60666233,1.0915701,0.5440750402416559,1.0,True
VOPP1,0.6062786,0.52389866,0.5443297743251274,1.0,True
AC006129.2,0.6062786,1.1847925,0.5443297743251274,1.0,True
MRPS34,0.60512745,0.35010552,0.5450943320924058,1.0,True
MTCH1,0.60512745,0.3910603,0.5450943320924058,1.0,True
SLC35A4,0.6047437,0.8723981,0.5453493031079268,1.0,True
EIF4EBP2,0.6047437,0.9398273,0.5453493031079268,1.0,True
PPP2R5A,0.60436,0.505393,0.5456043332970082,1.0,True
STAMBP,0.60397625,0.9560382,0.5458594226358228,1.0,True
WAS,0.60397625,0.29579133,0.5458594226358228,1.0,True
PDCD10,0.60320884,0.37332085,0.5463697786672308,1.0,True
CARD11,0.6028251,1.5469757,0.546625045312056,1.0,True
ZCCHC7,0.6028251,1.066415,0.546625045312056,1.0,True
KDELR1,0.6024414,0.6149293,0.5468803710110779,1.0,True
EHMT1,0.6024414,1.0648421,0.5468803710110779,1.0,True
POMP,0.6024414,0.34566954,0.5468803710110779,1.0,True
KRCC1,0.60167396,0.67186415,0.5473911994759241,1.0,True
SNUPN,0.6012902,1.0591084,0.5476467021937965,1.0,True
CDK2AP2,0.6009065,0.28781474,0.5479022638699628,1.0,True
GNAI2,0.6001391,0.46775818,0.5484135640010208,1.0,True
FUNDC2,0.6001391,0.3483598,0.5484135640010208,1.0,True
REXO2,0.6001391,0.7608016,0.5484135640010208,1.0,True
GIT2,0.59975535,0.4744902,0.5486693024077776,1.0,True
CYB5R3,0.5993716,0.6408205,0.5489250996765584,1.0,True
TYK2,0.5993716,1.6119752,0.5489250996765584,1.0,True
OXLD1,0.5989879,0.6526188,0.5491809557832383,1.0,True
NPAT,0.5986042,1.483174,0.5494368707036699,1.0,True
SYAP1,0.59783673,0.81528056,0.5499488768890834,1.0,True
VPS72,0.59783673,0.5883498,0.5499488768890834,1.0,True
RFXANK,0.597453,0.60389763,0.550204968105656,1.0,True
PARP14,0.597453,1.0109637,0.550204968105656,1.0,True
LSS,0.5966856,3.3410974,0.5507173266653378,1.0,True
CCDC51,0.5966856,3.656832,0.5507173266653378,1.0,True
COQ10B,0.59630185,0.6988856,0.5509735939599003,1.0,True
RNF168,0.59630185,1.727634,0.5509735939599003,1.0,True
KANSL1,0.5959181,0.6108173,0.5512299198985415,1.0,True
ETFDH,0.5959181,3.409301,0.5512299198985415,1.0,True
PEX5,0.5959181,3.4526715,0.5512299198985415,1.0,True
ACOT2,0.5955344,1.459987,0.5514863044569311,1.0,True
NDUFA12,0.5955344,0.26624903,0.5514863044569311,1.0,True
TMEM9B,0.5955344,0.39912313,0.5514863044569311,1.0,True
TSPAN4,0.5951507,3.3805861,0.551742747610716,1.0,True
TNPO3,0.5951507,3.4260454,0.551742747610716,1.0,True
KIF21A,0.5939995,1.5602252,0.5525124284005667,1.0,True
SGTA,0.5939995,1.5412164,0.5525124284005667,1.0,True
DSCR3,0.59361583,0.9639335,0.5527691056919436,1.0,True
AP2A1,0.5932321,1.4818763,0.5530258414566074,1.0,True
PITRM1,0.59284836,3.1132298,0.553282635670068,1.0,True
TTC39B,0.59284836,3.160306,0.553282635670068,1.0,True
SRFBP1,0.59284836,3.2308493,0.553282635670068,1.0,True
ITPK1,0.59284836,3.1789985,0.553282635670068,1.0,True
CRYZ,0.5924646,1.4773525,0.5535394883078126,1.0,True
SDCBP,0.59208095,0.34312627,0.5537963993453057,1.0,True
SLC12A7,0.59208095,3.1809459,0.5537963993453057,1.0,True
MAP1LC3B2,0.5916972,0.9076993,0.5540533687579885,1.0,True
CKAP5,0.5913135,2.90906,0.5543103965212802,1.0,True
AAMP,0.59092975,0.5828076,0.5545674826105766,1.0,True
FAM127A,0.59092975,1.461798,0.5545674826105766,1.0,True
NONO,0.5905461,0.37139067,0.5548246270012513,1.0,True
EIF1,0.5905461,0.09935269,0.5548246270012513,1.0,True
FBXL5,0.59016234,0.59201556,0.5550818296686547,1.0,True
ZBTB8OS,0.59016234,0.69243175,0.5550818296686547,1.0,True
TNFRSF1A,0.5897786,0.41122085,0.5553390905881144,1.0,True
CFDP1,0.58786,0.58249944,0.5566262681011402,1.0,True
SNRNP70,0.58747625,0.27872854,0.5568838780135488,1.0,True
TUBA1A,0.58747625,0.16540533,0.5568838780135488,1.0,True
UBALD2,0.5870926,0.6407384,0.5571415460046719,1.0,True
PCCB,0.5870926,1.3240879,0.5571415460046719,1.0,True
UTP11L,0.58670884,0.92289764,0.5573992720496554,1.0,True
CUEDC2,0.5863251,0.54755837,0.5576570561236225,1.0,True
IFNAR1,0.5863251,0.9009672,0.5576570561236225,1.0,True
EIF5AL1,0.5855577,0.5014409,0.5581727982588878,1.0,True
TAP2-1,0.5855577,0.62109035,0.5581727982588878,1.0,True
PJA2,0.58517396,0.91089004,0.558430756270319,1.0,True
B3GAT3,0.58325535,0.42251408,0.5597214147660843,1.0,True
PEPD,0.58325535,0.51190776,0.5597214147660843,1.0,True
CEP63,0.58325535,1.3533283,0.5597214147660843,1.0,True
AL592183.1,0.58325535,0.40890962,0.5597214147660843,1.0,True
ZNF428,0.5828716,0.28797823,0.559979719977711,1.0,True
UBE2Z,0.5824879,1.3562076,0.5602380829683076,1.0,True
REPIN1,0.5817205,1.0695864,0.560754982185883,1.0,True
SERINC1,0.5817205,0.46210647,0.560754982185883,1.0,True
KCNAB2,0.5817205,0.57917845,0.560754982185883,1.0,True
ABT1,0.5817205,0.28990942,0.560754982185883,1.0,True
ASPSCR1,0.58133674,0.9671611,0.5610135183625422,1.0,True
TAGAP,0.58133674,0.31337124,0.5610135183625422,1.0,True
BIN1,0.5794181,0.20165463,0.5623070639161194,1.0,True
LAMTOR5,0.57903445,0.25304198,0.5625659457840595,1.0,True
NUP88,0.57903445,0.8510663,0.5625659457840595,1.0,True
TSPAN17,0.57788324,1.1314007,0.563342936446604,1.0,True
YDJC,0.57788324,0.5446193,0.563342936446604,1.0,True
MTFR1L,0.57749957,1.1834652,0.5636020482691116,1.0,True
PSMD14,0.57711583,0.42491245,0.5638612175167684,1.0,True
RP1-241P17.4,0.57558095,0.5469508,0.5648984682497049,1.0,True
ECD,0.57558095,1.1200972,0.5648984682497049,1.0,True
DICER1,0.5748135,1.7307796,0.5654174375045002,1.0,True
RNF11,0.5748135,1.1392325,0.5654174375045002,1.0,True
YWHAQ,0.57442975,0.13634524,0.5656770080145579,1.0,True
C10orf118,0.5740461,0.7859221,0.5659366357455962,1.0,True
LFNG,0.5740461,1.773265,0.5659366357455962,1.0,True
DDX41,0.5740461,1.0516565,0.5659366357455962,1.0,True
TCTA,0.5732786,1.6789901,0.5664560627681035,1.0,True
PDRG1,0.5732786,1.0652851,0.5664560627681035,1.0,True
DHX29,0.5732786,1.0058604,0.5664560627681035,1.0,True
GATAD1,0.5732786,1.7070028,0.5664560627681035,1.0,True
SIRT2,0.5732786,0.53029734,0.5664560627681035,1.0,True
YIPF6,0.5732786,1.6668079,0.5664560627681035,1.0,True
MRPS5,0.5725112,0.5712494,0.5669757183667735,1.0,True
MAP7D1,0.5725112,0.6043466,0.5669757183667735,1.0,True
LGALS9,0.57136,0.77242005,0.5677556298952182,1.0,True
MED9,0.5709763,25.78574,0.5680157144698107,1.0,True
RP11-119B16.2,0.5709763,25.87949,0.5680157144698107,1.0,True
GNAL,0.5709763,25.879711,0.5680157144698107,1.0,True
ZNF273,0.5709763,25.730883,0.5680157144698107,1.0,True
TLR1,0.5709763,25.774261,0.5680157144698107,1.0,True
YES1,0.5709763,26.149664,0.5680157144698107,1.0,True
MRPL46,0.5709763,0.81789535,0.5680157144698107,1.0,True
COLGALT2,0.5709763,25.960886,0.5680157144698107,1.0,True
NACA2,0.5709763,25.861683,0.5680157144698107,1.0,True
EMC9,0.5709763,1.1159344,0.5680157144698107,1.0,True
PALLD,0.5709763,25.88944,0.5680157144698107,1.0,True
ZNHIT6,0.5709763,25.765585,0.5680157144698107,1.0,True
ZFY,0.5709763,25.865152,0.5680157144698107,1.0,True
AGTPBP1,0.57020885,1.6996737,0.5685360545618834,1.0,True
PHF20L1,0.57020885,0.6882399,0.5685360545618834,1.0,True
TTC9C,0.57020885,1.596861,0.5685360545618834,1.0,True
ECHS1,0.5698251,0.38104498,0.5687963100276923,1.0,True
TMEM138,0.5698251,0.6012041,0.5687963100276923,1.0,True
GSS,0.56944144,1.4946154,0.5690566224055309,1.0,True
FAM120A,0.56867397,1.0189062,0.5695774177937083,1.0,True
NCOA4,0.56829023,0.4236215,0.5698379007521963,1.0,True
ARRDC3,0.5675228,1.4714522,0.5703590370681759,1.0,True
MKRN1,0.5671391,0.25524232,0.5706196903736824,1.0,True
TPM4,0.5671391,0.3138677,0.5706196903736824,1.0,True
TP53,0.5656042,1.5843236,0.5716628706382811,1.0,True
AKNA,0.56483674,0.31459314,0.5721848006308968,1.0,True
GABPA,0.56483674,1.534139,0.5721848006308968,1.0,True
UPP1,0.56483674,0.2669054,0.5721848006308968,1.0,True
RIOK2,0.56406933,0.71135366,0.5727069569182521,1.0,True
LRP10,0.56406933,0.46028206,0.5727069569182521,1.0,True
HOTAIRM1,0.56330186,0.9845216,0.5732293392907968,1.0,True
BAK1,0.5629182,0.67624587,0.5734906151934328,1.0,True
RPN1,0.56253445,0.61293256,0.5737519475386231,1.0,True
FAM228B,0.561767,1.37446,0.5742747814514672,1.0,True
UBE2E1,0.5609996,0.6258547,0.5747978408187078,1.0,True
TTC17,0.56061584,0.729862,0.5750594549818102,1.0,True
TNPO1,0.56061584,1.3080696,0.5750594549818102,1.0,True
IRAK2,0.5594647,1.4057437,0.5758446350721129,1.0,True
IKBIP,0.5594647,1.1642348,0.5758446350721129,1.0,True
MPG,0.55908096,0.4700172,0.5761064742143788,1.0,True
WDR83,0.5579298,0.9627216,0.5768923286067463,1.0,True
C9orf85,0.5579298,0.8658435,0.5768923286067463,1.0,True
SSRP1,0.55716234,0.5330107,0.5774165120741879,1.0,True
PANK2,0.55716234,0.6818113,0.5774165120741879,1.0,True
CHD3,0.55716234,0.69355303,0.5774165120741879,1.0,True
UFC1,0.55639493,0.14531212,0.5779409197248226,1.0,True
CDK11A,0.55639493,0.7041708,0.5779409197248226,1.0,True
EHD1,0.55639493,0.35835016,0.5779409197248226,1.0,True
IFIT2,0.5560112,1.2011234,0.5782032075522539,1.0,True
PRADC1,0.55562747,1.2526726,0.5784655513455391,1.0,True
CCNDBP1,0.55524373,0.22140752,0.5787279510779836,1.0,True
PARP10,0.55524373,0.84984964,0.5787279510779836,1.0,True
SMIM7,0.55486,0.37020376,0.5789904067228709,1.0,True
CCDC88B,0.55486,0.98317355,0.5789904067228709,1.0,True
PPIH,0.5540926,0.48648956,0.5795154856429972,1.0,True
UAP1,0.5540926,0.8657639,0.5795154856429972,1.0,True
TBC1D17,0.5540926,0.7382033,0.5795154856429972,1.0,True
WDR61,0.5540926,0.3607834,0.5795154856429972,1.0,True
MBD1,0.55294144,1.1927829,0.5803035226973203,1.0,True
ENDOV,0.5525577,2.0565913,0.5805663132545766,1.0,True
TMEM199,0.552174,0.6535023,0.58082915953664,1.0,True
CLSTN3,0.55179024,2.0939546,0.5810920615166166,1.0,True
BID,0.55140656,0.47527236,0.5813550191675907,1.0,True
PRPF38B,0.55140656,0.3096808,0.5813550191675907,1.0,True
BOD1L1,0.55140656,1.2090856,0.5813550191675907,1.0,True
ABCF3,0.5510228,1.9868953,0.5816180324626247,1.0,True
SHMT2,0.5510228,1.9342688,0.5816180324626247,1.0,True
ERBB2,0.5510228,2.0131443,0.5816180324626247,1.0,True
RRAGA,0.5506391,0.44849995,0.5818811013747583,1.0,True
INTS10,0.5506391,0.5983477,0.5818811013747583,1.0,True
MST4,0.5506391,1.1975124,0.5818811013747583,1.0,True
SQSTM1,0.5506391,0.29226512,0.5818811013747583,1.0,True
IMMT,0.5498717,0.72974527,0.5824074059423752,1.0,True
IRF2BPL,0.54948795,2.0171359,0.5826706415438281,1.0,True
SLC22A18,0.54948795,1.962968,0.5826706415438281,1.0,True
YIF1A,0.54948795,0.67874473,0.5826706415438281,1.0,True
MRPS9,0.5491042,0.58140206,0.5829339326543204,1.0,True
FHL3,0.5491042,0.6101603,0.5829339326543204,1.0,True
PEF1,0.54833674,0.38256532,0.5834606812941201,1.0,True
RBBP4,0.54795307,0.40464896,0.5837241387692209,1.0,True
CLASP2,0.54795307,2.0679424,0.5837241387692209,1.0,True
PSME4,0.54795307,1.9147911,0.5837241387692209,1.0,True
MPDU1,0.5471856,0.81956446,0.5842512198941427,1.0,True
KIFAP3,0.5471856,1.9793591,0.5842512198941427,1.0,True
PITHD1,0.5471856,0.40107906,0.5842512198941427,1.0,True
MVK,0.5471856,1.857418,0.5842512198941427,1.0,True
FAM46A,0.54680187,1.1244588,0.584514843489625,1.0,True
RHOT1,0.5464182,0.84391975,0.5847785224041921,1.0,True
NRF1,0.5464182,1.8407947,0.5847785224041921,1.0,True
COG1,0.5464182,1.8982652,0.5847785224041921,1.0,True
SEL1L,0.5464182,1.8656764,0.5847785224041921,1.0,True
TRIM11,0.5456507,0.8206628,0.5853060460816619,1.0,True
AK1,0.5456507,1.8736728,0.5853060460816619,1.0,True
MTHFD2,0.545267,1.1468109,0.58556989079005,1.0,True
MNAT1,0.5448833,0.5689508,0.5858337907084932,1.0,True
RPTOR,0.5448833,1.7200493,0.5858337907084932,1.0,True
SMU1,0.5444996,1.0601381,0.5860977458096794,1.0,True
ENPP4,0.54411584,1.7889353,0.5863617560662748,1.0,True
ANKS3,0.5437321,1.0963813,0.5866258214509226,1.0,True
CNOT10,0.5437321,0.8624155,0.5866258214509226,1.0,True
CCDC127,0.5437321,1.0924466,0.5866258214509226,1.0,True
PHF11,0.54334843,0.34468195,0.5868899419362446,1.0,True
EIF4E3,0.54258096,1.8817246,0.5874183480992894,1.0,True
SNAP29,0.5414298,0.7877353,0.5882113699131983,1.0,True
IFI27L1,0.5410461,1.8200144,0.5884758204263962,1.0,True
SEC23B,0.5402786,1.0433023,0.5890048861504777,1.0,True
MOB1A,0.5395112,0.414455,0.589534171287674,1.0,True
SNRPD3,0.5395112,0.24152933,0.589534171287674,1.0,True
HSPBP1,0.53912747,1.055238,0.5897988960671833,1.0,True
TMEM106C,0.53874373,0.6200801,0.5900636756171194,1.0,True
DDX6,0.53874373,0.31669077,0.5900636756171194,1.0,True
MT2A,0.5379763,0.15257585,0.5905933989175984,1.0,True
GRINA,0.5379763,1.3524333,0.5905933989175984,1.0,True
GAR1,0.5379763,0.9078277,0.5905933989175984,1.0,True
MRPL36,0.53720886,0.6226651,0.5911233409675467,1.0,True
MRPL16,0.53720886,0.5539197,0.5911233409675467,1.0,True
TCEB2,0.5368252,0.15440583,0.5913883939542371,1.0,True
LZIC,0.53644145,0.7441254,0.5916535015450498,1.0,True
ABRACL,0.53644145,0.23603903,0.5916535015450498,1.0,True
NUP160,0.5360577,1.0800226,0.5919186637121912,1.0,True
NCL,0.53490657,0.24491537,0.592714477393321,1.0,True
C15orf61,0.53490657,0.5075611,0.592714477393321,1.0,True
LRRC41,0.53490657,1.3501142,0.592714477393321,1.0,True
COX7A2L,0.5341391,0.1040958,0.593245292218517,1.0,True
WBSCR22,0.5333717,0.2803515,0.5937763246801249,1.0,True
RXRB,0.53298795,0.9902856,0.5940419224547043,1.0,True
ANKRD39,0.53298795,0.8019724,0.5940419224547043,1.0,True
C11orf58,0.5314531,0.108102046,0.5951048565248463,1.0,True
ANKRD13D,0.53106934,0.84922737,0.5953707256451183,1.0,True
RABGGTA,0.5303019,0.94072723,0.5959026264123344,1.0,True
AP3S1,0.5303019,0.29605186,0.5959026264123344,1.0,True
DNAJC15,0.5303019,0.41043276,0.5959026264123344,1.0,True
ANXA2,0.5299182,0.1613909,0.5961686580030172,1.0,True
POLR2J,0.52953446,0.15371871,0.5964347436942061,1.0,True
TMA7,0.5291507,0.057413198,0.5967008834577162,1.0,True
TNFRSF1B,0.52876705,0.39197287,0.596967077265341,1.0,True
LTV1,0.52876705,0.83611435,0.596967077265341,1.0,True
MYBL1,0.52876705,0.8939445,0.596967077265341,1.0,True
NRROS,0.5283833,0.95244104,0.5972333250888523,1.0,True
RCN1,0.5279996,1.2222806,0.5974996269000004,1.0,True
C14orf119,0.52761585,0.39125082,0.5977659826705135,1.0,True
ARMC8,0.5272321,0.89791447,0.5980323923720988,1.0,True
KLF10,0.5272321,1.2780011,0.5980323923720988,1.0,True
LIM2,0.5272321,2.4410803,0.5980323923720988,1.0,True
CALM2,0.5272321,0.12592974,0.5980323923720988,1.0,True
CHI3L2,0.5272321,0.92675805,0.5980323923720988,1.0,True
FES,0.5272321,2.6024258,0.5980323923720988,1.0,True
HIRA,0.5264647,2.4248881,0.5985653734552057,1.0,True
SUPT7L,0.5264647,1.2407943,0.5985653734552057,1.0,True
DDX23,0.5264647,0.7021221,0.5985653734552057,1.0,True
ATL3,0.5264647,2.3477194,0.5985653734552057,1.0,True
CDK16,0.5264647,2.5785444,0.5985653734552057,1.0,True
CALU,0.52569723,1.318363,0.5990985699225444,1.0,True
MAPK9,0.52569723,2.5580592,0.5990985699225444,1.0,True
IQCG,0.52569723,2.4386063,0.5990985699225444,1.0,True
PRSS57,0.52569723,2.5750794,0.5990985699225444,1.0,True
ADIPOR1,0.5249298,0.28252977,0.5996319815469928,1.0,True
ANKFY1,0.5249298,1.1877799,0.5996319815469928,1.0,True
CMTR1,0.5249298,2.380867,0.5996319815469928,1.0,True
LINC00667,0.5249298,0.5475137,0.5996319815469928,1.0,True
RNF13,0.52416235,0.50930965,0.600165608101084,1.0,True
SLC18B1,0.52416235,2.2876701,0.600165608101084,1.0,True
DAZAP1,0.52416235,0.5599967,0.600165608101084,1.0,True
NUDT8,0.52416235,2.3799124,0.600165608101084,1.0,True
LMAN1,0.52339494,1.2096652,0.6006994493570055,1.0,True
NARFL,0.52339494,1.2825023,0.6006994493570055,1.0,True
ARRB1,0.52339494,1.2387891,0.6006994493570055,1.0,True
R3HCC1L,0.52339494,2.3629155,0.6006994493570055,1.0,True
IFIH1,0.52339494,2.4102097,0.6006994493570055,1.0,True
MAP7D3,0.5226275,2.3461895,0.6012335050866013,1.0,True
C9orf37,0.5226275,2.1876924,0.6012335050866013,1.0,True
RAB22A,0.5226275,0.68701327,0.6012335050866013,1.0,True
CBX4,0.5226275,2.4592235,0.6012335050866013,1.0,True
KDM4A,0.5226275,2.2762077,0.6012335050866013,1.0,True
C6orf62,0.5226275,0.7188681,0.6012335050866013,1.0,True
CAMTA1,0.52186006,0.6614348,0.6017677750613699,1.0,True
ARAP1,0.52186006,2.21482,0.6017677750613699,1.0,True
MYL6B,0.52186006,2.227418,0.6017677750613699,1.0,True
KBTBD4,0.52186006,1.056395,0.6017677750613699,1.0,True
ZNF581,0.52186006,0.841503,0.6017677750613699,1.0,True
UBA3,0.52186006,0.63002735,0.6017677750613699,1.0,True
CDYL,0.5210926,2.1917243,0.6023022590524665,1.0,True
PDIA6,0.5210926,0.12579697,0.6023022590524665,1.0,True
SEC62,0.5210926,0.21983606,0.6023022590524665,1.0,True
PSME3,0.5210926,0.7969619,0.6023022590524665,1.0,True
CETN2,0.5207089,0.6425185,0.6025695812325296,1.0,True
COG6,0.5203252,2.1032183,0.602836956830702,1.0,True
ATP1B3,0.5203252,0.30974048,0.602836956830702,1.0,True
CYTIP,0.51994145,0.14397198,0.6031043858182816,1.0,True
DGKQ,0.5195577,2.1541393,0.6033718681665443,1.0,True
VPS33A,0.5195577,1.2390453,0.6033718681665443,1.0,True
CLP1,0.5195577,1.9572467,0.6033718681665443,1.0,True
CIITA,0.5195577,2.1924713,0.6033718681665443,1.0,True
DYNC1LI1,0.5195577,0.82791054,0.6033718681665443,1.0,True
CDK12,0.5187903,2.0154335,0.6039069928301174,1.0,True
UFD1L,0.51840657,0.2600029,0.6041746350878731,1.0,True
GOPC,0.51802284,1.066868,0.6044423305912028,1.0,True
C19orf24,0.5176391,0.20941074,0.6047100793112754,1.0,True
C9orf89,0.5168717,0.74256885,0.6052457362862191,1.0,True
E2F3,0.51648796,2.0197165,0.6055136444833216,1.0,True
NUDT21,0.51648796,0.42424303,0.6055136444833216,1.0,True
PGLS,0.5161042,0.23420349,0.6057816057816293,1.0,True
NSA2,0.51572055,0.20358701,0.6060496201522048,1.0,True
ABHD12,0.51572055,1.1508,0.6060496201522048,1.0,True
ATXN1L,0.51572055,1.1050488,0.6060496201522048,1.0,True
UBE2G2,0.5149531,0.7941886,0.6065858079943007,1.0,True
PIGX,0.51456934,0.9224088,0.6068539814078386,1.0,True
BAZ2A,0.51418567,0.75029653,0.6071222077776794,1.0,True
MTX1,0.51418567,0.8006017,0.6071222077776794,1.0,True
MRPL50,0.51418567,0.816046,0.6071222077776794,1.0,True
MTMR14,0.5134182,0.55874383,0.60765881927007,1.0,True
RPUSD3,0.5134182,0.5767301,0.60765881927007,1.0,True
SAR1B,0.5134182,0.791907,0.60765881927007,1.0,True
LINC01003,0.5126507,0.7541106,0.6081956422388601,1.0,True
ERBB2IP,0.5126507,1.071521,0.6081956422388601,1.0,True
KIN,0.51226705,0.66722435,0.6084641329541203,1.0,True
CRYL1,0.5118833,0.76123303,0.6087326764510965,1.0,True
LEPRE1,0.51034844,1.0420732,0.6098073776723946,1.0,True
ESD,0.51034844,0.91646814,0.6098073776723946,1.0,True
MIR24-2,0.5099647,0.4895837,0.61007618463994,1.0,True
FLYWCH2,0.50958097,0.7958312,0.6103450442138484,1.0,True
EIF2S2,0.5080461,0.23209602,0.6114210079867984,1.0,True
SEC61G,0.5076624,0.37174296,0.6116901301526008,1.0,True
UBXN7,0.50689495,1.4980994,0.6122285317455172,1.0,True
WWOX,0.50689495,1.4854208,0.6122285317455172,1.0,True
SFPQ,0.5061275,0.3141382,0.6127671428238968,1.0,True
FUNDC1,0.5061275,1.4243555,0.6127671428238968,1.0,True
CREBL2,0.5057438,0.94595444,0.6130365268464488,1.0,True
BAG1,0.5057438,0.29705155,0.6130365268464488,1.0,True
BOLA3,0.5057438,0.5827766,0.6130365268464488,1.0,True
RNF149,0.5045926,0.2860118,0.6138449924933522,1.0,True
MRPL22,0.5045926,0.3370855,0.6138449924933522,1.0,True
TM7SF3,0.5042089,0.82670844,0.6141145854702231,1.0,True
JARID2,0.5042089,0.9506722,0.6141145854702231,1.0,True
NAGPA,0.50344145,0.7061379,0.6146539278882754,1.0,True
FUCA1,0.5030577,1.363685,0.6149236772702015,1.0,True
TRMT112,0.5030577,0.10262029,0.6149236772702015,1.0,True
PIN4,0.5030577,0.41175488,0.6149236772702015,1.0,True
ATP5G1,0.5030577,0.24807467,0.6149236772702015,1.0,True
CTSA,0.50267404,0.35938132,0.6151934787278555,1.0,True
COPS3,0.50267404,0.4495858,0.6151934787278555,1.0,True
METTL21A,0.50267404,0.90971464,0.6151934787278555,1.0,True
ANP32E,0.5019066,0.5550087,0.6157332377516049,1.0,True
WBP1L,0.50152284,1.3791353,0.6160031952582767,1.0,True
ZNF683,0.50152284,1.4321275,0.6160031952582767,1.0,True
COMMD4,0.50113916,0.558556,0.6162732047218291,1.0,True
KCTD17,0.50113916,3.8074913,0.6162732047218291,1.0,True
HBP1,0.50113916,0.5665045,0.6162732047218291,1.0,True
SUSD1,0.50113916,3.1534598,0.6162732047218291,1.0,True
ARHGAP17,0.50113916,3.2950907,0.6162732047218291,1.0,True
EIF4G3,0.50113916,3.2250843,0.6162732047218291,1.0,True
RP11-326C3.15,0.50113916,3.6102273,0.6162732047218291,1.0,True
PFKL,0.50113916,0.68432623,0.6162732047218291,1.0,True
SMARCA2,0.50113916,0.98457706,0.6162732047218291,1.0,True
UBASH3B,0.5003717,3.2111456,0.6168133794004962,1.0,True
RBL1,0.5003717,3.1147883,0.6168133794004962,1.0,True
TIMM9,0.499988,0.5689171,0.617083544556019,1.0,True
WDR33,0.499988,0.37085378,0.617083544556019,1.0,True
ZNF675,0.499988,1.3637354,0.617083544556019,1.0,True
SLC10A3,0.499988,1.4068756,0.617083544556019,1.0,True
PPP4R1,0.49960425,3.0591347,0.6173537615492384,1.0,True
STXBP2,0.49960425,0.32629296,0.6173537615492384,1.0,True
INO80C,0.49960425,0.8628107,0.6173537615492384,1.0,True
PLOD3,0.49960425,3.1017992,0.6173537615492384,1.0,True
B3GALT4,0.49922052,1.329074,0.6176240303503059,1.0,True
CD300C,0.49883682,3.0670452,0.6178943509293519,1.0,True
NAGA,0.49883682,3.0117671,0.6178943509293519,1.0,True
YME1L1,0.49883682,0.34683743,0.6178943509293519,1.0,True
PLCG2,0.49845308,1.278189,0.618164723256486,1.0,True
TRIB2,0.49845308,1.3593677,0.618164723256486,1.0,True
C9orf16,0.49845308,0.091351725,0.618164723256486,1.0,True
MTMR9,0.49845308,1.3797863,0.618164723256486,1.0,True
ATG16L2,0.49806938,0.76081735,0.6184351473017969,1.0,True
OXR1,0.49806938,2.9519658,0.6184351473017969,1.0,True
SEMA4D,0.49730194,0.5214677,0.6189761504271989,1.0,True
SMC2,0.49730194,2.8346386,0.6189761504271989,1.0,True
TMPO,0.49730194,0.8679394,0.6189761504271989,1.0,True
MCM7,0.4969182,1.3068255,0.6192467294473623,1.0,True
ELP4,0.4965345,2.9103057,0.6195173600658472,1.0,True
CEP68,0.4965345,2.9253752,0.6195173600658472,1.0,True
ZNF281,0.49615076,1.2542241,0.6197880422526382,1.0,True
TAPSAR1,0.49576706,0.20113537,0.6200587759776977,1.0,True
C1GALT1,0.49538332,0.6862663,0.620329561210968,1.0,True
SDAD1,0.49538332,0.61617684,0.620329561210968,1.0,True
USP39,0.49499962,0.93192637,0.6206003979223704,1.0,True
RBM33,0.49461588,1.2836813,0.6208712860818054,1.0,True
PA2G4,0.49423218,0.19433752,0.6211422256591522,1.0,True
DHRS4L2,0.49346474,0.6296239,0.6216842589469953,1.0,True
RABGAP1L,0.49346474,0.619078,0.6216842589469953,1.0,True
FRG1B,0.49269727,0.4877395,0.6222264975445186,1.0,True
COQ5,0.49269727,0.8324578,0.6222264975445186,1.0,True
GTF2IRD2B,0.49231356,1.1665556,0.6224976937588875,1.0,True
IFIT1,0.49231356,1.259294,0.6224976937588875,1.0,True
TOX,0.49192983,0.7453115,0.6227689412100077,1.0,True
SAMM50,0.49192983,0.59635335,0.6227689412100077,1.0,True
IREB2,0.49192983,0.8163983,0.6227689412100077,1.0,True
AZIN1,0.4911624,0.8745539,0.6233115897014152,1.0,True
POLK,0.4911624,1.2374234,0.6233115897014152,1.0,True
SNX4,0.4911624,0.874958,0.6233115897014152,1.0,True
SEC23A,0.49039495,1.1092527,0.6238544427763608,1.0,True
TBRG1,0.4896275,0.5058495,0.624397500192132,1.0,True
SNRNP200,0.4892438,0.5712102,0.6246691054518889,1.0,True
CPSF3,0.48617405,1.0975361,0.626843780756404,1.0,True
GLYCTK,0.48617405,1.1696576,0.626843780756404,1.0,True
EIF2B2,0.4857903,0.7751425,0.6271158438652027,1.0,True
MARCH2,0.4857903,1.0447237,0.6271158438652027,1.0,True
SNAP23,0.48540658,0.33244076,0.6273879576934034,1.0,True
SNAPC2,0.48502287,1.0336801,0.6276601222103873,1.0,True
GMFB,0.48502287,0.76183194,0.6276601222103873,1.0,True
PFDN1,0.48502287,0.3228916,0.6276601222103873,1.0,True
APEX1,0.48425543,0.25245008,0.6282046031881274,1.0,True
ATP5J,0.48425543,0.14735384,0.6282046031881274,1.0,True
SLC39A8,0.483488,0.9996232,0.6287492865530626,1.0,True
SETX,0.483488,1.0001874,0.6287492865530626,1.0,True
NLRC5,0.48310426,0.49659154,0.629021704053963,1.0,True
ABHD14A,0.48310426,0.4203075,0.629021704053963,1.0,True
BLOC1S1,0.48272055,0.20103173,0.6292941720595022,1.0,True
DTYMK,0.48272055,0.7062426,0.6292941720595022,1.0,True
ACOT8,0.4819531,0.7570893,0.6298392594614264,1.0,True
TBC1D5,0.48118567,1.5755353,0.6303845485124864,1.0,True
APIP,0.48118567,0.6980064,0.6303845485124864,1.0,True
ARPC1B,0.48041824,0.08350732,0.6309300389660044,1.0,True
NOTCH1,0.4796508,1.7033048,0.6314757305749747,1.0,True
MGST2,0.47888333,1.5303311,0.6320216230920634,1.0,True
ELK4,0.47888333,1.536148,0.6320216230920634,1.0,True
APLP2,0.47888333,0.5567991,0.6320216230920634,1.0,True
TMEM230,0.47849962,0.16033942,0.6322946446137705,1.0,True
EXOC5,0.4781159,1.6345979,0.6325677162696084,1.0,True
TCEB3,0.4781159,1.496693,0.6325677162696084,1.0,True
MAGT1,0.4781159,0.99193263,0.6325677162696084,1.0,True
TRIM26,0.47734845,1.571882,0.6331140098596206,1.0,True
MRS2,0.47734845,1.5532992,0.6331140098596206,1.0,True
THOC5,0.47734845,1.5904843,0.6331140098596206,1.0,True
XRN1,0.47734845,1.4918495,0.6331140098596206,1.0,True
STT3B,0.47696474,0.40415135,0.633387231731716,1.0,True
CSTB,0.47696474,0.17105582,0.633387231731716,1.0,True
HMGCL,0.476581,0.6427582,0.6336605036137839,1.0,True
CCDC97,0.476581,0.8773295,0.6336605036137839,1.0,True
CEP89,0.47581357,25.457552,0.6342071972834546,1.0,True
MOSPD2,0.47581357,25.644138,0.6342071972834546,1.0,True
ZNF319,0.47581357,25.497484,0.6342071972834546,1.0,True
SMARCAD1,0.47581357,25.55811,0.6342071972834546,1.0,True
CEP44,0.47581357,25.539713,0.6342071972834546,1.0,True
RP11-383J24.6,0.47581357,25.535646,0.6342071972834546,1.0,True
SEPSECS,0.47581357,25.519447,0.6342071972834546,1.0,True
EPT1,0.47581357,25.539307,0.6342071972834546,1.0,True
F11R,0.47581357,25.604046,0.6342071972834546,1.0,True
ACPL2,0.47581357,25.541853,0.6342071972834546,1.0,True
RP11-10L12.4,0.47581357,25.552809,0.6342071972834546,1.0,True
KCTD11,0.47581357,25.679918,0.6342071972834546,1.0,True
MCTP2,0.47581357,1.5638689,0.6342071972834546,1.0,True
ZNF142,0.47581357,25.568914,0.6342071972834546,1.0,True
ASF1B,0.47581357,25.553001,0.6342071972834546,1.0,True
NFKBIL1,0.47581357,1.4688065,0.6342071972834546,1.0,True
HBQ1,0.47581357,25.69596,0.6342071972834546,1.0,True
TM6SF1,0.47581357,25.58506,0.6342071972834546,1.0,True
TYW1,0.47581357,1.4752171,0.6342071972834546,1.0,True
DOLK,0.47581357,25.642962,0.6342071972834546,1.0,True
TXLNA,0.47581357,25.563126,0.6342071972834546,1.0,True
TBC1D13,0.47581357,25.55674,0.6342071972834546,1.0,True
TOR4A,0.47581357,25.59389,0.6342071972834546,1.0,True
RP5-882C2.2,0.47581357,25.535196,0.6342071972834546,1.0,True
ZNF468,0.47504613,1.2365292,0.6347540906196636,1.0,True
DPEP2,0.47504613,1.0134935,0.6347540906196636,1.0,True
ZNF692,0.4742787,1.3662394,0.6353011833731146,1.0,True
ZBTB48,0.47351125,1.5176723,0.6358484752941864,1.0,True
IARS2,0.47312754,0.97964656,0.6361221958644843,1.0,True
PCTP,0.4727438,1.4512515,0.6363959661329315,1.0,True
HDAC7,0.4723601,0.75931823,0.6366697860682342,1.0,True
LRPAP1,0.4723601,0.22119291,0.6366697860682342,1.0,True
SLC39A4,0.47197637,1.4221675,0.6369436556390777,1.0,True
ZNF677,0.47197637,1.4176513,0.6369436556390777,1.0,True
OGG1,0.47197637,0.82135147,0.6369436556390777,1.0,True
TAF1B,0.47197637,1.435541,0.6369436556390777,1.0,True
SPRTN,0.47120893,0.90295213,0.6374915435620276,1.0,True
SYMPK,0.4704415,1.3616146,0.6380396296508595,1.0,True
NIPSNAP3A,0.4704415,0.83723724,0.6380396296508595,1.0,True
BAZ1A,0.4704415,0.23987038,0.6380396296508595,1.0,True
CHFR,0.46967405,0.86083317,0.6385879136543273,1.0,True
UBAP2,0.46967405,1.304762,0.6385879136543273,1.0,True
HOXB-AS1,0.4689066,1.3678957,0.6391363953208613,1.0,True
SFT2D2,0.4689066,1.322397,0.6391363953208613,1.0,True
AP1B1,0.46813917,1.3270495,0.6396850743985676,1.0,True
COPS7A,0.46813917,1.3400152,0.6396850743985676,1.0,True
CERS5,0.46813917,0.878679,0.6396850743985676,1.0,True
SUCLA2,0.46737173,0.9232398,0.6402339506352297,1.0,True
C12orf73,0.4666043,1.2957243,0.6407830237783079,1.0,True
LNPEP,0.46622056,0.6808608,0.6410576341107461,1.0,True
LBR,0.46545312,0.311609,0.6416070021392313,1.0,True
NARS,0.46545312,0.37187096,0.6416070021392313,1.0,True
CCDC43,0.46506938,1.3734654,0.6418817597719415,1.0,True
IFT57,0.46506938,0.8203309,0.6418817597719415,1.0,True
SUGP1,0.46506938,1.1452767,0.6418817597719415,1.0,True
NMI,0.46468568,0.26443315,0.6421565664413726,1.0,True
PSMG3,0.46468568,0.5947849,0.6421565664413726,1.0,True
PRDX3,0.46391824,0.42290664,0.6427063267635034,1.0,True
TLE4,0.46391824,0.260008,0.6427063267635034,1.0,True
VTA1,0.4635345,0.9815232,0.6429812803527057,1.0,True
QARS,0.46238336,0.53824824,0.6438064344514565,1.0,True
RINL,0.46046475,1.1227652,0.6451826671428578,1.0,True
WRAP73,0.46008104,1.1883705,0.6454580597731607,1.0,True
RNF8,0.4596973,0.6806925,0.6457335010262807,1.0,True
ABHD17B,0.45892987,1.0958694,0.6462845292730361,1.0,True
PPM1G,0.45854616,0.26994038,0.6465601162026544,1.0,True
OS9,0.4577787,0.31916893,0.6471114355141784,1.0,True
SMKR1,0.4577787,1.9700963,0.6471114355141784,1.0,True
NOTCH2NL,0.457395,0.7859342,0.6473871678319474,1.0,True
CDIPT,0.457395,0.4128342,0.6473871678319474,1.0,True
NDUFAF3,0.45701125,0.22812171,0.647662948548263,1.0,True
RAD23B,0.45662755,0.3468467,0.6479387776310073,1.0,True
JUND,0.4562438,0.33760253,0.6482146550480421,1.0,True
FLOT2,0.4558601,0.6281488,0.6484905807672092,1.0,True
FAM45A,0.4558601,1.0922751,0.6484905807672092,1.0,True
MEF2D,0.45547637,1.8776501,0.6487665547563312,1.0,True
LRRC8D,0.45470893,1.8073381,0.6493186474156283,1.0,True
TMEM192,0.45470893,1.0538262,0.6493186474156283,1.0,True
MTF2,0.45470893,0.5946557,0.6493186474156283,1.0,True
SMCHD1,0.45432523,0.3746415,0.6495947660213486,1.0,True
PTPRA,0.45432523,0.5467709,0.6495947660213486,1.0,True
PYROXD2,0.4539415,1.8281391,0.6498709327681139,1.0,True
VCPIP1,0.4539415,1.7162318,0.6498709327681139,1.0,True
CEP78,0.4539415,0.68126744,0.6498709327681139,1.0,True
FBXL12,0.4535578,1.0324693,0.6501471476236473,1.0,True
CCDC23,0.45279035,0.42384169,0.6506997215318115,1.0,True
LPP,0.45279035,1.0823674,0.6506997215318115,1.0,True
SYK,0.45279035,1.0882411,0.6506997215318115,1.0,True
STAT6,0.45279035,0.4643245,0.6506997215318115,1.0,True
SMNDC1,0.45279035,0.9897306,0.6506997215318115,1.0,True
TRUB2,0.45240662,2.082419,0.6509760805197895,1.0,True
RRP15,0.4520229,0.9426828,0.6512524874872299,1.0,True
STK38,0.4520229,0.6315741,0.6512524874872299,1.0,True
GID4,0.45163918,1.7526,0.651528942401757,1.0,True
C2orf76,0.45163918,1.9634829,0.651528942401757,1.0,True
PIGV,0.45163918,1.761986,0.651528942401757,1.0,True
AFF1,0.45087174,1.646313,0.6520819959424693,1.0,True
ZNF211,0.45087174,1.6388903,0.6520819959424693,1.0,True
VILL,0.45087174,1.6700908,0.6520819959424693,1.0,True
NKIRAS2,0.450488,0.9395083,0.6523585945038042,1.0,True
PREP,0.450488,0.94832474,0.6523585945038042,1.0,True
NDUFB6,0.450488,0.31155786,0.6523585945038042,1.0,True
SKIV2L,0.4501043,1.7277291,0.6526352408825253,1.0,True
NFATC1,0.4501043,1.6751858,0.6526352408825253,1.0,True
FN3KRP,0.44972056,0.547602,0.6529119350461583,1.0,True
RAB27B,0.44933686,1.5802082,0.6531886769622091,1.0,True
SDE2,0.44933686,1.6169422,0.6531886769622091,1.0,True
KDM4B,0.44933686,1.6345657,0.6531886769622091,1.0,True
TMEM106A,0.44933686,1.6628656,0.6531886769622091,1.0,True
TMEM184B,0.44933686,1.6601796,0.6531886769622091,1.0,True
ITPKB,0.44895312,0.98833627,0.653465466598164,1.0,True
C2orf68,0.44895312,0.92785054,0.653465466598164,1.0,True
PMF1,0.44895312,0.27115336,0.653465466598164,1.0,True
EXOSC7,0.44895312,0.54927796,0.653465466598164,1.0,True
RFC5,0.44856942,1.5241675,0.6537423039214895,1.0,True
PIGO,0.44856942,1.7211971,0.6537423039214895,1.0,True
ZBTB4,0.44856942,1.6396279,0.6537423039214895,1.0,True
FAM89B,0.44818568,0.47099614,0.6540191888996327,1.0,True
NRAS,0.44780198,1.5041751,0.6542961215000208,1.0,True
SMIM8,0.44780198,1.6009153,0.6542961215000208,1.0,True
ATG4D,0.44741824,0.8870295,0.6545731016900617,1.0,True
PLEKHG3,0.44741824,0.96727645,0.6545731016900617,1.0,True
ARIH2,0.44703454,0.71973723,0.6548501294371434,1.0,True
PFDN6,0.44703454,0.45000747,0.6548501294371434,1.0,True
UBR2,0.4466508,1.0363723,0.6551272047086341,1.0,True
STXBP3,0.4466508,0.92616445,0.6551272047086341,1.0,True
DCP1A,0.44588336,0.9271837,0.6556814976942196,1.0,True
DDX55,0.44549966,1.5260054,0.655958715342953,1.0,True
IL17RA,0.44549966,1.4932014,0.655958715342953,1.0,True
CMC2,0.44511592,0.5216508,0.6562359803853739,1.0,True
SHMT1,0.44511592,1.4837844,0.6562359803853739,1.0,True
GUCD1,0.44511592,0.9389776,0.6562359803853739,1.0,True
PLEKHA3,0.44473222,0.4855758,0.6565132927887528,1.0,True
GLTP,0.44434848,0.9056483,0.6567906525203406,1.0,True
GOLT1B,0.44434848,0.4639158,0.6567906525203406,1.0,True
HNRNPUL2,0.44358104,0.8463663,0.6573455138370501,1.0,True
UBL5,0.44204617,0.11514114,0.6584558029658587,1.0,True
MRPS15,0.44204617,0.2482121,0.6584558029658587,1.0,True
WIBG,0.44127873,0.78417534,0.6590112302522588,1.0,True
FAM103A1,0.440895,1.1712748,0.6592890144608082,1.0,True
MRPL49,0.440895,0.461379,0.6592890144608082,1.0,True
TEN1,0.4405113,0.9640797,0.6595668456690051,1.0,True
GRB2,0.4405113,0.38706037,0.6595668456690051,1.0,True
CMTM3,0.4405113,0.22506031,0.6595668456690051,1.0,True
C11orf31,0.43974385,0.122360475,0.66012264895247,1.0,True
CC2D1A,0.43974385,0.8671301,0.66012264895247,1.0,True
EPC1,0.43974385,0.27343032,0.66012264895247,1.0,True
TMEM214,0.4389764,1.2649937,0.6606786398387159,1.0,True
MIR4435-1HG,0.43859267,0.39901432,0.6609567055503164,1.0,True
OSBPL8,0.43667406,0.78901124,0.6623477354701137,1.0,True
MESDC1,0.43667406,0.74433017,0.6623477354701137,1.0,True
AKR7A2,0.43629035,0.3068649,0.6626260814946059,1.0,True
SMYD2,0.43437174,0.7597912,0.6640185099950557,1.0,True
RHBDD2,0.43398803,0.527172,0.6642971351381073,1.0,True
DCTN2,0.43283686,0.2737255,0.6651332888541124,1.0,True
RNF7,0.43245316,0.18508738,0.6654120994106314,1.0,True
MFSD1,0.43206942,1.0893832,0.6656909562371447,1.0,True
PSMA2-1,0.43206942,0.1550942,0.6656909562371447,1.0,True
FEZ1,0.43206942,1.0854958,0.6656909562371447,1.0,True
IGSF8,0.43168572,0.6263182,0.6659698593002649,1.0,True
PSMD6,0.43168572,0.26917404,0.6659698593002649,1.0,True
PSENEN,0.43130198,0.17678954,0.6662488085665854,1.0,True
ABHD2,0.43130198,1.1414106,0.6662488085665854,1.0,True
RBM10,0.43130198,0.7893261,0.6662488085665854,1.0,True
TRMT1L,0.43130198,2.4564774,0.6662488085665854,1.0,True
U2SURP,0.43130198,0.46794122,0.6662488085665854,1.0,True
NF1,0.43130198,2.3627033,0.6662488085665854,1.0,True
WAC-AS1,0.43130198,0.7268942,0.6662488085665854,1.0,True
DPY30,0.43130198,0.22630595,0.6662488085665854,1.0,True
BTN2A2,0.43053454,2.2721457,0.6668068455751059,1.0,True
PRKACB,0.43053454,0.6848971,0.6668068455751059,1.0,True
REPS1,0.43053454,2.3778284,0.6668068455751059,1.0,True
KLRC2,0.43053454,2.2184145,0.6668068455751059,1.0,True
UBE2D3,0.4301508,-0.061664592,0.6670859332503971,1.0,True
HEATR1,0.4297671,2.1249988,0.667365066995071,1.0,True
BRWD1,0.4297671,0.3547309,0.667365066995071,1.0,True
MOB3A,0.42938337,0.5432059,0.6676442467756261,1.0,True
SERPINB9,0.42938337,0.7140619,0.6676442467756261,1.0,True
UBR7,0.42899966,2.1137626,0.6679234725585406,1.0,True
TMEM9,0.42899966,1.1091384,0.6679234725585406,1.0,True
CELF1,0.42823222,0.6709289,0.6684820619972685,1.0,True
MTERFD3,0.42823222,2.2437508,0.6684820619972685,1.0,True
MRRF,0.42823222,2.0814137,0.6684820619972685,1.0,True
RPIA,0.42823222,0.29848537,0.6684820619972685,1.0,True
ZNF669,0.42823222,2.1323283,0.6684820619972685,1.0,True
LMBRD1,0.4278485,0.6221554,0.668761425585944,1.0,True
ST3GAL4,0.42746478,0.7466605,0.6690408350427037,1.0,True
GOLPH3L,0.42746478,1.0214477,0.6690408350427037,1.0,True
THAP3,0.42746478,0.7343169,0.6690408350427037,1.0,True
EXOSC5,0.42669734,0.6985433,0.6695997914259912,1.0,True
ANAPC7,0.42669734,1.9242926,0.6695997914259912,1.0,True
DLEU1,0.42669734,1.9975793,0.6695997914259912,1.0,True
ASCC1,0.4259299,0.94200355,0.6701589308779708,1.0,True
AK5,0.4259299,2.0048842,0.6701589308779708,1.0,True
EMC8,0.42554617,0.6866346,0.6704385691705248,1.0,True
HVCN1,0.42516246,0.94753325,0.6707182531291795,1.0,True
MDP1,0.42516246,1.0005169,0.6707182531291795,1.0,True
PEX11B,0.42516246,1.0485872,0.6707182531291795,1.0,True
CD27-AS1,0.42516246,1.9833083,0.6707182531291795,1.0,True
CCDC77,0.42516246,1.9804922,0.6707182531291795,1.0,True
GRAP2,0.42477873,0.23040295,0.6709979827202044,1.0,True
PI4K2A,0.42439502,1.8924602,0.6712777579098501,1.0,True
SYVN1,0.42439502,1.9213628,0.6712777579098501,1.0,True
MAX,0.4240113,0.2619813,0.6715575786643486,1.0,True
DYNC1I2,0.4236276,0.9879636,0.6718374449499127,1.0,True
INO80E,0.4236276,0.6943701,0.6718374449499127,1.0,True
DPH3,0.4236276,0.5575708,0.6718374449499127,1.0,True
THRA,0.4236276,0.92335236,0.6718374449499127,1.0,True
TMX3,0.4236276,0.97142285,0.6718374449499127,1.0,True
INADL,0.4236276,1.8364874,0.6718374449499127,1.0,True
SNX6,0.42324385,0.23236634,0.6721173567327363,1.0,True
POLE3,0.42324385,0.42643446,0.6721173567327363,1.0,True
TMEM150A,0.42286012,1.8712966,0.6723973139789945,1.0,True
ARAP2,0.4224764,0.53326523,0.6726773166548435,1.0,True
C4orf33,0.42209268,1.8069057,0.6729573647264206,1.0,True
APOBEC3H,0.42209268,1.0282644,0.6729573647264206,1.0,True
EIF2B3,0.42209268,1.0336056,0.6729573647264206,1.0,True
STK16,0.42094153,0.51273733,0.6737977809766104,1.0,True
NUP210,0.42094153,0.45192355,0.6737977809766104,1.0,True
CWC25,0.4205578,0.7212559,0.6740780102920957,1.0,True
MGME1,0.4205578,0.97183526,0.6740780102920957,1.0,True
DTNBP1,0.41979036,0.32801625,0.6746386045674866,1.0,True
RASSF5,0.41979036,0.13627787,0.6746386045674866,1.0,True
CTDP1,0.41979036,0.9082333,0.6746386045674866,1.0,True
MRPL40,0.41940665,0.48040965,0.674918969459422,1.0,True
EIF2B1,0.41940665,0.40581793,0.674918969459422,1.0,True
FAM53C,0.41902292,0.8987466,0.675199379475506,1.0,True
TMA16,0.41902292,0.99854416,0.675199379475506,1.0,True
CSTF2T,0.41902292,0.7102354,0.675199379475506,1.0,True
NIT2,0.41902292,0.56639063,0.675199379475506,1.0,True
TEX264,0.41825548,0.23369995,0.6757603347439728,1.0,True
SP140L,0.41748804,0.537019,0.6763214701004063,1.0,True
SACM1L,0.41748804,0.5373872,0.6763214701004063,1.0,True
AK3,0.4167206,0.52245206,0.6768827852720258,1.0,True
PPP5C,0.4167206,0.6650946,0.6768827852720258,1.0,True
PARP1,0.41633686,0.341735,0.6771635102032045,1.0,True
NDUFA11,0.41595316,0.054827634,0.6774442799857514,1.0,True
RP11-473M20.7,0.41480199,0.83308995,0.6782868580996912,1.0,True
VPS51,0.41441828,0.28750095,0.6785678069457077,1.0,True
TMED2,0.41441828,0.16711739,0.6785678069457077,1.0,True
PML,0.41365084,0.6109453,0.6791298386442861,1.0,True
C12orf57,0.4132671,0.07119355,0.6794109214282795,1.0,True
FAM217B,0.4128834,0.84302473,0.6796920487896663,1.0,True
MAPKAPK3,0.41211596,0.49364996,0.6802544371072781,1.0,True
ERLEC1,0.41211596,0.40034217,0.6802544371072781,1.0,True
ATXN10,0.41134852,0.43796405,0.6808170033222544,1.0,True
ALG2,0.41058108,1.2191586,0.6813797471594313,1.0,True
DPF2,0.41058108,0.46700037,0.6813797471594313,1.0,True
YY1,0.41058108,0.24214454,0.6813797471594313,1.0,True
ZFR,0.40981364,1.3757353,0.6819426683433489,1.0,True
TSFM,0.40981364,0.59938055,0.6819426683433489,1.0,True
CHCHD5,0.40981364,0.25955087,0.6819426683433489,1.0,True
TMEM2,0.40981364,1.2248448,0.6819426683433489,1.0,True
ZBTB2,0.4094299,0.54157233,0.6822241953541734,1.0,True
HSPBAP1,0.40904617,1.2196488,0.6825057665982517,1.0,True
KLC1,0.40827873,0.48544937,0.6830690416480885,1.0,True
ALDH9A1,0.40827873,0.3145224,0.6830690416480885,1.0,True
PDK2,0.40827873,1.1905422,0.6830690416480885,1.0,True
USP4,0.40789503,0.53395617,0.6833507453847607,1.0,True
IRF8,0.40674385,1.2474766,0.6841961210268861,1.0,True
SEC24B,0.40674385,1.1621804,0.6841961210268861,1.0,True
SDCCAG8,0.40636015,0.8128684,0.6844780009362721,1.0,True
APEX2,0.4059764,1.3288293,0.6847599248022717,1.0,True
HPS1,0.4059764,0.5611272,0.6847599248022717,1.0,True
WDR13,0.4055927,0.68926674,0.6850418925902219,1.0,True
MTERF,0.4055927,3.0313811,0.6850418925902219,1.0,True
LRRC45,0.4055927,3.4034297,0.6850418925902219,1.0,True
MTHFD2L,0.4055927,2.9584243,0.6850418925902219,1.0,True
MRPL45,0.4055927,0.7436244,0.6850418925902219,1.0,True
ELP5,0.40520898,0.47668034,0.6853239042654418,1.0,True
POLR2B,0.40520898,0.69031686,0.6853239042654418,1.0,True
MICB,0.40482527,2.8533432,0.6856059597932318,1.0,True
KEAP1,0.40482527,0.7713501,0.6856059597932318,1.0,True
MCM8,0.40482527,2.8341196,0.6856059597932318,1.0,True
ATAD3A,0.40482527,2.8032846,0.6856059597932318,1.0,True
CLN8,0.40482527,2.8314917,0.6856059597932318,1.0,True
TIMM8A,0.40482527,2.8251252,0.6856059597932318,1.0,True
MRPL34,0.40482527,0.18548825,0.6856059597932318,1.0,True
ZNF234,0.40482527,2.8658228,0.6856059597932318,1.0,True
TESK1,0.40482527,2.8137631,0.6856059597932318,1.0,True
GAS7,0.40444154,1.2392342,0.6858880591388745,1.0,True
ZNF557,0.40405783,2.7425687,0.6861702022676336,1.0,True
CNTROB,0.40405783,2.7141807,0.6861702022676336,1.0,True
PDZD4,0.40405783,2.844769,0.6861702022676336,1.0,True
DCAKD,0.40405783,2.7587266,0.6861702022676336,1.0,True
SPAG1,0.40405783,2.7649045,0.6861702022676336,1.0,True
ACTL10,0.40405783,2.813991,0.6861702022676336,1.0,True
ALDH3A2,0.4036741,1.1080554,0.686452389144755,1.0,True
BRE,0.4036741,0.4029531,0.686452389144755,1.0,True
DTX3L,0.4032904,1.180122,0.6867346197354662,1.0,True
RP11-15A1.3,0.4032904,2.698152,0.6867346197354662,1.0,True
CCDC6,0.4032904,2.7069283,0.6867346197354662,1.0,True
ARFGEF2,0.4032904,2.7076077,0.6867346197354662,1.0,True
ERMARD,0.4032904,2.6667588,0.6867346197354662,1.0,True
ZNF426,0.4032904,2.7816343,0.6867346197354662,1.0,True
MRPL23,0.40290666,0.28393638,0.6870168940049763,1.0,True
SETD1B,0.40252292,3.007445,0.6872992119184761,1.0,True
SOAT1,0.40252292,0.7048337,0.6872992119184761,1.0,True
NGDN,0.40213922,0.33568412,0.6875815734411383,1.0,True
SLC4A1AP,0.40213922,1.0968447,0.6875815734411383,1.0,True
DAAM1,0.40175548,2.4450557,0.6878639785381178,1.0,True
RP2,0.40175548,2.607511,0.6878639785381178,1.0,True
MTRF1L,0.40175548,2.4977005,0.6878639785381178,1.0,True
SRD5A3,0.40175548,0.80261415,0.6878639785381178,1.0,True
LLGL2,0.40137178,1.1326444,0.6881464271745503,1.0,True
SPG7,0.40137178,0.40742287,0.6881464271745503,1.0,True
DOCK11,0.40137178,0.74820983,0.6881464271745503,1.0,True
FAM126B,0.40137178,1.1875733,0.6881464271745503,1.0,True
SNRPD1,0.40098804,0.15553342,0.6884289193155543,1.0,True
HSPE1,0.40098804,0.15829168,0.6884289193155543,1.0,True
TBL1XR1,0.40098804,0.7724173,0.6884289193155543,1.0,True
RALA,0.40060434,0.9822908,0.6887114549262294,1.0,True
RAB18,0.40060434,0.2501222,0.6887114549262294,1.0,True
HSD17B7,0.39945316,0.7452152,0.6895593222270082,1.0,True
AKAP10,0.39715084,0.7565242,0.6912562257900043,1.0,True
MKRN2,0.39715084,0.6175427,0.6912562257900043,1.0,True
RNF19A,0.39715084,0.81495345,0.6912562257900043,1.0,True
C8orf33,0.39715084,0.75166446,0.6912562257900043,1.0,True
NBEAL2,0.39676714,1.026256,0.6915391941738933,1.0,True
GCC2,0.39676714,0.3600415,0.6915391941738933,1.0,True
NCR3,0.3963834,0.06566914,0.6918222056423555,1.0,True
PPP4C,0.3963834,0.14637859,0.6918222056423555,1.0,True
AASDHPPT,0.3959997,0.49547786,0.6921052601602737,1.0,True
NIP7,0.39561597,0.5403365,0.6923883576925123,1.0,True
MEI1,0.39561597,0.33296922,0.6923883576925123,1.0,True
SLC41A3,0.39523223,1.024135,0.6926714982039183,1.0,True
TMEM60,0.39484853,0.6867653,0.69295468165932,1.0,True
GUK1,0.39484853,0.02425785,0.69295468165932,1.0,True
ITCH,0.3944648,0.99599993,0.6932379080235282,1.0,True
CDK5RAP1,0.3940811,0.65668684,0.6935211772613356,1.0,True
RAB9A,0.39369735,0.44338414,0.6938044893375167,1.0,True
DEK,0.39369735,0.14462106,0.6938044893375167,1.0,True
BCAP29,0.39369735,0.5163871,0.6938044893375167,1.0,True
UBL7,0.39331365,0.40135828,0.6940878442168285,1.0,True
ISOC2,0.3929299,0.43339303,0.6943712418640098,1.0,True
SLC30A7,0.3929299,0.988603,0.6943712418640098,1.0,True
CHTF8,0.39216247,0.6711763,0.6949381653208467,1.0,True
ANKRD54,0.39216247,0.4903399,0.6949381653208467,1.0,True
ATP6V1B2,0.39216247,0.4923307,0.6949381653208467,1.0,True
ELF4,0.39216247,1.0169089,0.6949381653208467,1.0,True
TTC5,0.39139503,0.67220646,0.69550525942558,1.0,True
YIPF5,0.39139503,0.520873,0.69550525942558,1.0,True
EDEM2,0.3906276,0.6008054,0.6960725238954764,1.0,True
ECI2,0.3890927,0.451111,0.6972075627983962,1.0,True
SDR39U1,0.38832527,0.4006797,0.6977753366645266,1.0,True
CDC73,0.38832527,0.8518638,0.6977753366645266,1.0,True
RP11-66N24.4,0.38832527,0.8313892,0.6977753366645266,1.0,True
CDC27,0.38832527,1.4332955,0.6977753366645266,1.0,True
UBE3B,0.38755783,0.8801619,0.698343279762034,1.0,True
POLR3C,0.38755783,0.8759831,0.698343279762034,1.0,True
PHF6,0.38755783,1.347766,0.698343279762034,1.0,True
HIGD1A,0.3867904,0.66206,0.698911391806761,1.0,True
GMDS,0.3867904,1.587405,0.698911391806761,1.0,True
MPLKIP,0.38602296,0.42171937,0.6994796725142665,1.0,True
AMFR,0.38525552,1.4624503,0.700048121599826,1.0,True
EXOSC4,0.38448808,0.87377876,0.7006167387784332,1.0,True
MRPS22,0.38448808,0.48045433,0.7006167387784332,1.0,True
PDHA1,0.38410434,0.5017821,0.7009011103134877,1.0,True
C7orf49,0.38372064,0.77482486,0.7011855237647984,1.0,True
CCDC65,0.38372064,0.48326242,0.7011855237647984,1.0,True
FRAT2,0.3829532,1.4190991,0.7017544762733505,1.0,True
TTLL3,0.3829532,1.4800473,0.7017544762733505,1.0,True
DUSP6,0.38218576,1.4118648,0.702323596018237,1.0,True
LARP1,0.38218576,0.93915087,0.702323596018237,1.0,True
PECR,0.38218576,1.3945615,0.702323596018237,1.0,True
MVD,0.38218576,0.35221085,0.702323596018237,1.0,True
MRPL55,0.38180202,0.21172465,0.7026082185148999,1.0,True
RNF40,0.3814183,1.3909742,0.7028928827133241,1.0,True
RPE,0.3814183,1.3381175,0.7028928827133241,1.0,True
BIRC2,0.3814183,0.8459893,0.7028928827133241,1.0,True
LRRC28,0.3814183,1.257687,0.7028928827133241,1.0,True
TIGD2,0.38065085,25.13426,0.7034623360721979,1.0,True
SLC12A6,0.38065085,25.167017,0.7034623360721979,1.0,True
WASH4P,0.38065085,25.208698,0.7034623360721979,1.0,True
SLC50A1,0.38065085,0.5383254,0.7034623360721979,1.0,True
DEGS2,0.38065085,25.27758,0.7034623360721979,1.0,True
AP5S1,0.38065085,25.182152,0.7034623360721979,1.0,True
NCR3LG1,0.38065085,25.29509,0.7034623360721979,1.0,True
CTB-55O6.12,0.38065085,25.220863,0.7034623360721979,1.0,True
ZNF585A,0.38065085,25.231298,0.7034623360721979,1.0,True
CACNA2D2,0.38065085,25.235508,0.7034623360721979,1.0,True
RP11-63P12.6,0.38065085,25.225195,0.7034623360721979,1.0,True
GALNT2,0.38065085,25.24039,0.7034623360721979,1.0,True
PDXDC1,0.38065085,1.2106682,0.7034623360721979,1.0,True
DPY19L1,0.38065085,25.488863,0.7034623360721979,1.0,True
C20orf197,0.38065085,25.28082,0.7034623360721979,1.0,True
PYCRL,0.38065085,25.177198,0.7034623360721979,1.0,True
CEP97,0.38065085,25.233244,0.7034623360721979,1.0,True
FAM160A2,0.38065085,0.7525714,0.7034623360721979,1.0,True
GPR141,0.38065085,25.333607,0.7034623360721979,1.0,True
DUSP18,0.38065085,25.281797,0.7034623360721979,1.0,True
SNX22,0.38065085,25.205393,0.7034623360721979,1.0,True
LYRM9,0.38065085,1.2819079,0.7034623360721979,1.0,True
GET4,0.38065085,25.196693,0.7034623360721979,1.0,True
IDH1,0.38065085,25.142328,0.7034623360721979,1.0,True
CXCR2,0.38065085,25.292198,0.7034623360721979,1.0,True
CXCR1,0.38065085,25.340368,0.7034623360721979,1.0,True
IMPACT,0.38065085,25.152454,0.7034623360721979,1.0,True
ATG9B,0.38065085,25.328596,0.7034623360721979,1.0,True
TPK1,0.38065085,25.297283,0.7034623360721979,1.0,True
RAB11B-AS1,0.38065085,25.320335,0.7034623360721979,1.0,True
TSPAN2,0.38065085,0.79576916,0.7034623360721979,1.0,True
PCCA,0.38065085,25.277798,0.7034623360721979,1.0,True
ZBTB22,0.38065085,25.26254,0.7034623360721979,1.0,True
MBTPS2,0.38065085,25.233503,0.7034623360721979,1.0,True
SPECC1,0.38065085,25.196991,0.7034623360721979,1.0,True
GRIK4,0.38065085,25.017067,0.7034623360721979,1.0,True
CERCAM,0.38065085,25.118372,0.7034623360721979,1.0,True
IFFO2,0.38065085,25.209354,0.7034623360721979,1.0,True
USP22,0.3798834,1.303355,0.7040319558081636,1.0,True
RP11-752G15.6,0.3798834,1.195457,0.7040319558081636,1.0,True
RP11-103G8.2,0.3798834,1.3018397,0.7040319558081636,1.0,True
PSMD5-AS1,0.3798834,0.31943372,0.7040319558081636,1.0,True
RECQL,0.37834853,0.4353902,0.7051716932631945,1.0,True
MRPL18,0.37834853,0.19998178,0.7051716932631945,1.0,True
MED19,0.37834853,0.7289045,0.7051716932631945,1.0,True
AKIP1,0.3775811,1.2292475,0.7057418104074737,1.0,True
SUZ12,0.3775811,1.2615008,0.7057418104074737,1.0,True
RBM45,0.3775811,1.2045795,0.7057418104074737,1.0,True
CARS,0.3775811,0.9073082,0.7057418104074737,1.0,True
TMEM223,0.3775811,0.45613348,0.7057418104074737,1.0,True
B3GALT6,0.3775811,1.2957416,0.7057418104074737,1.0,True
ARL8A,0.37681365,1.1136781,0.7063120927792739,1.0,True
C9orf64,0.37681365,1.2767472,0.7063120927792739,1.0,True
GADD45A,0.3760462,0.55778915,0.7068825400905053,1.0,True
TFAM,0.3760462,0.7627104,0.7068825400905053,1.0,True
ACAP3,0.3760462,1.1265761,0.7068825400905053,1.0,True
ANKIB1,0.3760462,1.1850158,0.7068825400905053,1.0,True
TRMT11,0.3760462,1.1677442,0.7068825400905053,1.0,True
MMP24-AS1,0.3760462,0.27980593,0.7068825400905053,1.0,True
DCAF15,0.37527877,1.1172706,0.7074531520528018,1.0,True
CBFA2T2,0.37527877,1.2001511,0.7074531520528018,1.0,True
BPTF,0.37527877,0.32717705,0.7074531520528018,1.0,True
RBM4B,0.37527877,1.1891992,0.7074531520528018,1.0,True
PLEKHB2,0.37451133,0.71722996,0.7080239283775192,1.0,True
XRCC6,0.3737439,0.0648427,0.708594868775737,1.0,True
NBR1,0.3737439,0.4141345,0.708594868775737,1.0,True
MRPS36,0.37336016,0.398061,0.708880400412045,1.0,True
FCRLB,0.37297645,1.0932252,0.709165972958258,1.0,True
EIF2S1,0.37297645,0.36125502,0.709165972958258,1.0,True
RAP2B,0.37297645,0.72583926,0.709165972958258,1.0,True
MSH2,0.37297645,1.0898244,0.709165972958258,1.0,True
CEP164,0.372209,0.7422382,0.7097372406356093,1.0,True
SCPEP1,0.372209,0.46692517,0.7097372406356093,1.0,True
HAT1,0.372209,0.49175355,0.7097372406356093,1.0,True
ACAT1,0.372209,0.45726094,0.7097372406356093,1.0,True
MKL1,0.372209,0.9279076,0.7097372406356093,1.0,True
NCALD,0.37182528,1.073515,0.7100229356943106,1.0,True
MRPL21,0.37105784,0.2695659,0.7105944480705432,1.0,True
CCDC22,0.37067413,0.674669,0.7108802653155339,1.0,True
PDZD11,0.37067413,0.3173859,0.7108802653155339,1.0,True
DYNLT1,0.37067413,0.17062454,0.7108802653155339,1.0,True
STRA13,0.37067413,0.26525003,0.7108802653155339,1.0,True
HMGN2,0.37067413,0.40360725,0.7108802653155339,1.0,True
MIDN,0.3702904,0.3417377,0.7111661232167192,1.0,True
COPE,0.3699067,0.07869726,0.711452021737786,1.0,True
COASY,0.3699067,0.510717,0.711452021737786,1.0,True
PRPF6,0.36952296,0.40633574,0.7117379608424037,1.0,True
NUP62,0.36913925,0.6683579,0.7120239404942257,1.0,True
HERC3,0.36875552,1.0775,0.7123099606568875,1.0,True
TOLLIP,0.36798808,0.50522065,0.7128821223691877,1.0,True
RP11-792A8.4,0.36760435,0.569665,0.713168263846012,1.0,True
BNIP3L,0.36722064,0.3881315,0.7134544456880483,1.0,True
HDAC3,0.3668369,0.3946504,0.7137406678588469,1.0,True
SON,0.3664532,0.08388934,0.7140269303219412,1.0,True
IFIT5,0.36568576,1.1026819,0.7145995759790655,1.0,True
YTHDF2,0.36568576,0.11270776,0.7145995759790655,1.0,True
DYNC1LI2,0.36568576,0.6517075,0.7145995759790655,1.0,True
TAF11,0.36530203,0.3125706,0.7148859591000774,1.0,True
ADSS,0.36415088,0.36719212,0.7157453491944471,1.0,True
HMBOX1,0.36376715,0.5577998,0.7160318926811204,1.0,True
CRLS1,0.36376715,0.38416117,0.7160318926811204,1.0,True
PTBP3,0.36338344,0.90046537,0.7163184761677459,1.0,True
BTF3L4,0.36338344,0.32326055,0.7163184761677459,1.0,True
CAB39,0.36338344,0.93773097,0.7163184761677459,1.0,True
ECH1,0.3629997,0.14015546,0.7166050996177045,1.0,True
LRRC59,0.3629997,0.87651837,0.7166050996177045,1.0,True
ME2,0.362616,0.59825295,0.7168917629943601,1.0,True
C21orf33,0.36223227,0.41922823,0.7171784662610599,1.0,True
HIVEP3,0.36184856,0.9259431,0.7174652093811342,1.0,True
MAP4,0.36146483,0.605605,0.7177519923178968,1.0,True
JAZF1,0.36146483,1.7047164,0.7177519923178968,1.0,True
LRRC47,0.36146483,0.5267402,0.7177519923178968,1.0,True
ATP6V1H,0.36108112,0.30810344,0.7180388150346438,1.0,True
NDUFB3,0.3606974,0.23632237,0.7183256774946556,1.0,True
LIPA,0.3606974,0.27871987,0.7183256774946556,1.0,True
ATXN7L1,0.36031365,0.8795008,0.718612579661195,1.0,True
RPL7L1,0.36031365,0.28238314,0.718612579661195,1.0,False
ZC3H6,0.36031365,0.96204704,0.718612579661195,1.0,True
TIMM10B,0.35992995,0.4053325,0.7188995214975082,1.0,True
CDK5,0.35992995,1.5876827,0.7188995214975082,1.0,True
ARID4A,0.35992995,0.31461197,0.7188995214975082,1.0,True
LIX1L,0.35992995,0.5812539,0.7188995214975082,1.0,True
AGAP2,0.3591625,1.5472908,0.7194735240323579,1.0,True
FAM134A,0.3591625,0.39365143,0.7194735240323579,1.0,True
ST8SIA4,0.35877877,0.88645977,0.7197605846573032,1.0,True
PRKD3,0.35877877,0.88137215,0.7197605846573032,1.0,True
PSMD1,0.35877877,0.9132184,0.7197605846573032,1.0,True
TMLHE,0.35839507,1.5749781,0.7200476848048399,1.0,True
CD58,0.35839507,0.32382938,0.7200476848048399,1.0,True
NSUN3,0.35839507,1.7018207,0.7200476848048399,1.0,True
RNF135,0.35839507,1.5448248,0.7200476848048399,1.0,True
CPPED1,0.35801134,0.827739,0.7203348244381309,1.0,True
MTA3,0.35762763,1.5510385,0.720622003520322,1.0,True
ATF6,0.35762763,0.6452688,0.720622003520322,1.0,True
PTAR1,0.35762763,1.5166532,0.720622003520322,1.0,True
RBM48,0.35762763,1.4758749,0.720622003520322,1.0,True
HBS1L,0.35762763,1.4974629,0.720622003520322,1.0,True
UBE2B,0.35762763,0.27624735,0.720622003520322,1.0,True
PXMP4,0.35762763,1.9154292,0.720622003520322,1.0,True
RP11-973H7.4,0.35762763,1.5358652,0.720622003520322,1.0,True
SEPT11,0.3572439,0.7964725,0.7209092220145423,1.0,True
COG4,0.3572439,0.84369034,0.7209092220145423,1.0,True
MEF2BNB,0.3572439,0.81749314,0.7209092220145423,1.0,True
RNGTT,0.3572439,0.814528,0.7209092220145423,1.0,True
HADH,0.3572439,0.858056,0.7209092220145423,1.0,True
CCDC53,0.3572439,0.25868896,0.7209092220145423,1.0,True
TRAPPC6B,0.3572439,0.76762456,0.7209092220145423,1.0,True
AP2B1,0.3568602,0.5883769,0.7211964798839046,1.0,True
ARFGEF1,0.3568602,1.6152391,0.7211964798839046,1.0,True
HS2ST1,0.3568602,1.4432483,0.7211964798839046,1.0,True
CROT,0.3568602,1.4882804,0.7211964798839046,1.0,True
KIAA1429,0.3568602,1.8760108,0.7211964798839046,1.0,True
PDE4A,0.3568602,1.5831211,0.7211964798839046,1.0,True
ARNTL,0.35647646,0.78820854,0.7214837770915046,1.0,True
ZC3H12A,0.35647646,0.86202806,0.7214837770915046,1.0,True
TBC1D25,0.35609275,1.4800597,0.7217711136004218,1.0,True
FEM1A,0.35609275,1.463514,0.7217711136004218,1.0,True
TNFSF10,0.35609275,0.34314176,0.7217711136004218,1.0,True
C11orf54,0.35609275,1.5916921,0.7217711136004218,1.0,True
AMZ2,0.35609275,0.3480067,0.7217711136004218,1.0,True
TGFBR3,0.35609275,0.6344558,0.7217711136004218,1.0,True
DDX56,0.35609275,0.44977465,0.7217711136004218,1.0,True
GART,0.35570902,0.882326,0.7220584893737185,1.0,True
C11orf30,0.3553253,1.4911228,0.722345904374441,1.0,True
LPXN,0.3553253,0.2963382,0.722345904374441,1.0,True
STK32C,0.3553253,1.4930604,0.722345904374441,1.0,True
LAIR2,0.3553253,1.4802666,0.722345904374441,1.0,True
SUMF2,0.3553253,0.4148912,0.722345904374441,1.0,True
CENPH,0.3553253,1.431977,0.722345904374441,1.0,True
MLST8,0.35494158,0.7574999,0.7226333585656186,1.0,True
EPN1,0.35494158,1.0470573,0.7226333585656186,1.0,True
PDE12,0.35455787,1.4100579,0.7229208519102643,1.0,True
GLA,0.35455787,1.434735,0.7229208519102643,1.0,True
MCM6,0.35455787,1.3871142,0.7229208519102643,1.0,True
DOPEY2,0.35455787,1.5798507,0.7229208519102643,1.0,True
PCBP1-AS1,0.35417414,0.7811999,0.7232083843713744,1.0,True
DOHH,0.3537904,1.3646439,0.7234959559119283,1.0,True
PDHB,0.3534067,0.20374514,0.7237835664948895,1.0,True
PRKX,0.3534067,0.73434097,0.7237835664948895,1.0,True
DOCK8,0.3534067,0.30978808,0.7237835664948895,1.0,True
PPWD1,0.3534067,0.8468844,0.7237835664948895,1.0,True
PITPNB,0.35302296,1.353199,0.7240712160832046,1.0,True
ZFYVE19,0.35302296,1.3554031,0.7240712160832046,1.0,True
ATP5SL,0.35302296,0.72625446,0.7240712160832046,1.0,True
STUB1,0.35263926,0.14332005,0.7243589046398038,1.0,True
PICALM,0.35263926,0.81790334,0.7243589046398038,1.0,True
ATP5L2,0.35263926,0.8170228,0.7243589046398038,1.0,True
KDM1A,0.35225552,1.2182958,0.7246466321276006,1.0,True
RNASE6,0.35225552,1.2994744,0.7246466321276006,1.0,True
INO80D,0.35225552,1.3199828,0.7246466321276006,1.0,True
RTP4,0.35225552,0.46077508,0.7246466321276006,1.0,True
TUT1,0.35225552,1.2054093,0.7246466321276006,1.0,True
BCKDHA,0.35225552,1.3611132,0.7246466321276006,1.0,True
ST6GALNAC6,0.35187182,0.3825599,0.7249343985094923,1.0,True
GPR89A,0.35148808,1.2818911,0.7252222037483594,1.0,True
TROVE2,0.35148808,0.32153782,0.7252222037483594,1.0,True
DTX3,0.35148808,1.3236669,0.7252222037483594,1.0,True
LIMK1,0.35148808,1.2413619,0.7252222037483594,1.0,True
CEP57,0.35148808,0.42144826,0.7252222037483594,1.0,True
ADCK4,0.35110438,0.8209753,0.7255100478070665,1.0,True
DAD1,0.35110438,0.042532194,0.7255100478070665,1.0,True
STRIP1,0.35110438,0.7665659,0.7255100478070665,1.0,True
CDK4,0.35110438,0.46445808,0.7255100478070665,1.0,True
PDCL3,0.35072064,0.34851444,0.7257979306484611,1.0,True
PARP15,0.35072064,0.7344811,0.7257979306484611,1.0,True
DEDD,0.35072064,1.3234925,0.7257979306484611,1.0,True
ORMDL1,0.35072064,0.13691106,0.7257979306484611,1.0,True
FARSB,0.35033694,0.821556,0.7260858522353746,1.0,True
TMUB1,0.35033694,0.32100853,0.7260858522353746,1.0,True
KIF5B,0.34918576,0.16651826,0.7269498490972968,1.0,True
SLFN5,0.34880206,0.24277954,0.727237925294272,1.0,True
NUP107,0.34841833,0.5518964,0.7275260400506769,1.0,True
CD151,0.34841833,0.6912685,0.7275260400506769,1.0,True
DDAH2,0.34803462,0.44335496,0.727814193329245,1.0,True
EML3,0.346116,0.43243083,0.7292555362490475,1.0,True
COMMD1,0.346116,0.4052725,0.7292555362490475,1.0,True
ZNF593,0.346116,0.6829332,0.7292555362490475,1.0,True
SYNE1,0.346116,0.20851697,0.7292555362490475,1.0,True
GPATCH4,0.34534857,0.77686524,0.7298323417659422,1.0,True
ARFIP2,0.34534857,0.586665,0.7298323417659422,1.0,True
TMEM14A,0.34458113,0.94060665,0.7304093001765861,1.0,True
ACADM,0.3438137,0.44170386,0.7309864111816076,1.0,True
CNP,0.3438137,0.64052784,0.7309864111816076,1.0,True
MIAT,0.34304625,0.32601947,0.7315636744813763,1.0,True
NECAP2,0.34304625,0.2964592,0.7315636744813763,1.0,True
SNRPG,0.34304625,0.20250024,0.7315636744813763,1.0,True
FAM134C,0.34304625,0.7350041,0.7315636744813763,1.0,True
GANAB,0.34304625,0.5040378,0.7315636744813763,1.0,True
COPS4,0.3426625,0.2539113,0.7318523631480858,1.0,True
DHRS13,0.3422788,0.67150635,0.7321410897760037,1.0,True
MTIF3,0.3422788,0.5032647,0.7321410897760037,1.0,True
TCEA2,0.3422788,0.8641405,0.7321410897760037,1.0,True
ZNHIT2,0.34189507,0.66082054,0.7324298543276035,1.0,True
C2orf49,0.34151137,1.0665071,0.7327186567653428,1.0,True
FECH,0.34151137,0.992204,0.7327186567653428,1.0,True
SYT11,0.34074393,0.98167014,0.7332963751489892,1.0,True
NEDD9,0.34074393,0.51467574,0.7332963751489892,1.0,True
PRKAG1,0.34074393,0.37815344,0.7332963751489892,1.0,True
NOL7,0.3403602,0.14317955,0.7335852910197308,1.0,True
COX19,0.3403602,0.48331258,0.7335852910197308,1.0,True
SLC39A1,0.3403602,0.4489942,0.7335852910197308,1.0,True
PXK,0.3403602,0.6513353,0.7335852910197308,1.0,True
RIPK2,0.33997646,0.58538353,0.7338742446262813,1.0,True
FBXO34,0.33997646,0.9446418,0.7338742446262813,1.0,True
RNF166,0.33959275,0.16325451,0.7341632359310177,1.0,True
TUBE1,0.33920902,1.0395385,0.7344522648963012,1.0,True
KMT2C,0.33844158,0.6704594,0.7350304356578746,1.0,True
SLC35A3,0.33844158,0.9586259,0.7350304356578746,1.0,True
GID8,0.33844158,0.28336835,0.7350304356578746,1.0,True
TPD52L2,0.33844158,0.45178467,0.7350304356578746,1.0,True
ARHGAP26,0.33844158,1.0524449,0.7350304356578746,1.0,True
UQCRQ,0.33805788,0.16757692,0.735319577378807,1.0,True
TOX4,0.33767414,0.3656614,0.7356087566095715,1.0,True
BCL2A1,0.33767414,1.0406165,0.7356087566095715,1.0,True
CIAO1,0.33767414,0.69130504,0.7356087566095715,1.0,True
GPX7,0.33729044,0.3411146,0.7358979733124495,1.0,True
TMEM203,0.3369067,0.3958012,0.7361872274497065,1.0,True
RASSF1,0.3369067,0.16906668,0.7361872274497065,1.0,True
ZNF143,0.33613926,0.87883115,0.7367658478763398,1.0,True
USF2,0.33575556,0.34754083,0.7370552140901674,1.0,True
GBE1,0.33537182,2.1425369,0.737344617587277,1.0,True
KRI1,0.33537182,0.9250465,0.737344617587277,1.0,True
DVL2,0.33537182,0.9649826,0.737344617587277,1.0,True
MCU,0.33537182,1.9085506,0.737344617587277,1.0,True
B3GAT1,0.33537182,1.9304096,0.737344617587277,1.0,True
EIF2B4,0.33537182,0.94300777,0.737344617587277,1.0,True
DCTN4,0.33537182,1.9838392,0.737344617587277,1.0,True
TMEM41B,0.33460438,0.6596921,0.7379235362800699,1.0,True
RUVBL2,0.33460438,0.48236716,0.7379235362800699,1.0,True
VMP1,0.33422068,0.3075061,0.738213051400078,1.0,True
RP1-313I6.12,0.33383694,0.89920723,0.738502603652017,1.0,True
RP11-468E2.5,0.33383694,1.8548896,0.738502603652017,1.0,True
KAT2B,0.33383694,1.8779825,0.738502603652017,1.0,True
RP11-708J19.1,0.33383694,1.7631277,0.738502603652017,1.0,True
FOXN2,0.33383694,2.0129166,0.738502603652017,1.0,True
AHNAK,0.33383694,0.1761833,0.738502603652017,1.0,True
TSHZ1,0.33383694,1.9497067,0.738502603652017,1.0,True
FAM98A,0.33383694,2.3395636,0.738502603652017,1.0,True
CTC-228N24.3,0.33345324,0.88176477,0.7387921929980101,1.0,True
TRPM7,0.3330695,1.8910294,0.739081819400164,1.0,True
MEGF9,0.3330695,2.0006485,0.739081819400164,1.0,True
TCAIM,0.33230206,1.7839868,0.7396611832213041,1.0,True
VARS,0.33230206,1.753109,0.7396611832213041,1.0,True
LRRC14,0.33230206,1.7758784,0.7396611832213041,1.0,True
AL590452.1,0.33230206,1.8579158,0.7396611832213041,1.0,True
FLAD1,0.33230206,0.48475227,0.7396611832213041,1.0,True
PARP11,0.33153462,0.91449356,0.7402406948119784,1.0,True
OPA3,0.33153462,1.7661731,0.7402406948119784,1.0,True
KIAA0196,0.33153462,0.88204575,0.7402406948119784,1.0,True
LRRCC1,0.33153462,1.8915713,0.7402406948119784,1.0,True
ISYNA1,0.33153462,0.8652931,0.7402406948119784,1.0,True
ZDHHC21,0.33153462,1.7016982,0.7402406948119784,1.0,True
FAM73A,0.33153462,1.8064678,0.7402406948119784,1.0,True
C1orf43,0.3311509,0.21875387,0.7405305059259912,1.0,True
VAMP3,0.3311509,0.6126174,0.7405305059259912,1.0,True
VPS53,0.33076718,0.9579319,0.7408203538684766,1.0,True
SAAL1,0.33076718,2.0947456,0.7408203538684766,1.0,True
FAM118A,0.33076718,1.604868,0.7408203538684766,1.0,True
NSUN2,0.33076718,0.5550176,0.7408203538684766,1.0,True
TXLNG,0.33076718,0.8647066,0.7408203538684766,1.0,True
HIST1H1E,0.33076718,1.6612701,0.7408203538684766,1.0,False
NFS1,0.33076718,1.701037,0.7408203538684766,1.0,True
PAFAH1B2,0.32999974,1.5357141,0.7414001600868376,1.0,True
SGPP1,0.32999974,0.84651035,0.7414001600868376,1.0,True
PMPCA,0.32999974,0.90637344,0.7414001600868376,1.0,True
HSDL2,0.3292323,1.544542,0.7419801131628494,1.0,True
RC3H2,0.3292323,1.5664947,0.7419801131628494,1.0,True
ANP32A,0.3292323,0.13028772,0.7419801131628494,1.0,True
ZW10,0.3292323,1.4781506,0.7419801131628494,1.0,True
GBP3,0.3292323,0.57627213,0.7419801131628494,1.0,True
UCHL5,0.3292323,0.3711694,0.7419801131628494,1.0,True
METTL14,0.3292323,1.6719207,0.7419801131628494,1.0,True
TRAPPC6A,0.32884857,0.25699526,0.7422701446773396,1.0,True
TRIM41,0.32846487,1.6223887,0.7425602127920501,1.0,True
AGO3,0.32846487,0.8566777,0.7425602127920501,1.0,True
C12orf5,0.32846487,1.5241768,0.7425602127920501,1.0,True
PLAUR,0.32846487,1.5259217,0.7425602127920501,1.0,True
TSPAN3,0.32846487,0.59337026,0.7425602127920501,1.0,True
SUMO1,0.32808113,0.07861798,0.7428503174688837,1.0,True
EP300,0.32769743,1.5126619,0.7431404586697283,1.0,True
TRIM56,0.32769743,0.76282734,0.7431404586697283,1.0,True
INO80,0.32769743,0.8207951,0.7431404586697283,1.0,True
ERCC1,0.32769743,0.35207528,0.7431404586697283,1.0,True
RNASEK,0.32769743,0.8185724,0.7431404586697283,1.0,True
GDAP1,0.32769743,1.4925548,0.7431404586697283,1.0,True
UBE2S,0.32769743,0.37817657,0.7431404586697283,1.0,True
HINFP,0.32769743,1.6527339,0.7431404586697283,1.0,True
NUBP2,0.3273137,0.4176371,0.743430636356456,1.0,True
MZT1,0.32693,0.5439076,0.7437208504909234,1.0,True
CNPY3,0.32693,0.124681436,0.7437208504909234,1.0,True
ATM,0.32654625,0.13348119,0.7440111010349717,1.0,True
PSMG2,0.32654625,0.14265297,0.7440111010349717,1.0,True
GLB1,0.32616252,1.072412,0.7443013879504263,1.0,True
ZSCAN16-AS1,0.32539508,0.81732696,0.7448820707427796,1.0,True
EXOC2,0.32501137,0.5276924,0.7451724665432519,1.0,True
MAPKAPK5-AS1,0.32462764,0.362252,0.745462898562278,1.0,True
ZDHHC4,0.3238602,0.41802529,0.7460438711029694,1.0,True
IL10RB,0.3238602,0.28394696,0.7460438711029694,1.0,True
SREBF2,0.32309276,0.723961,0.7466249880586548,1.0,True
NXPE3,0.32309276,0.73825926,0.7466249880586548,1.0,True
PRPF18,0.32270905,0.27760425,0.7469156005963659,1.0,True
TSSC1,0.3219416,0.5157369,0.7474969335998807,1.0,True
FAM175A,0.32155788,0.74277544,0.7477876539889811,1.0,True
STOML2,0.32155788,0.22166055,0.7477876539889811,1.0,True
TAX1BP3,0.32117417,0.48187712,0.7480784102518157,1.0,True
RIOK3,0.32117417,0.45808154,0.7480784102518157,1.0,True
TMEM128,0.32079044,0.37391987,0.7483692023499945,1.0,True
AXIN1,0.32079044,0.74148285,0.7483692023499945,1.0,True
RBM18,0.32079044,0.7420599,0.7483692023499945,1.0,True
NDUFS8,0.32079044,0.15566199,0.7483692023499945,1.0,True
RLIM,0.32079044,0.68064606,0.7483692023499945,1.0,True
APOPT1,0.32040673,0.29328996,0.7486600302451122,1.0,True
RPA3-AS1,0.320023,0.6868482,0.7489508938987484,1.0,True
CCND2,0.31925556,0.38099316,0.7495327283278171,1.0,True
DUSP11,0.31925556,0.2782067,0.7495327283278171,1.0,True
SNAPC5,0.31925556,0.31056368,0.7495327283278171,1.0,True
C1D,0.3181044,0.49337405,0.7504057471989178,1.0,True
XPC,0.3181044,0.5346065,0.7504057471989178,1.0,True
FBXO3,0.3181044,0.53968096,0.7504057471989178,1.0,True
CNOT8,0.31772068,0.4865122,0.7506968245959793,1.0,True
HDDC3,0.31733695,0.51817185,0.750987937482189,1.0,True
MLLT6,0.31733695,0.27755365,0.750987937482189,1.0,True
PDXK,0.31733695,1.2359092,0.750987937482189,1.0,True
RNASEH2A,0.31695324,0.46114495,0.7512790858190046,1.0,True
PRAF2,0.31695324,0.23631795,0.7512790858190046,1.0,True
HNRNPH2,0.3165695,0.24554208,0.7515702695678691,1.0,True
TCP1,0.3161858,0.16038851,0.7518614886902097,1.0,True
PRPS1,0.3161858,0.25593436,0.7518614886902097,1.0,True
REV1,0.31580207,1.1002434,0.7521527431474393,1.0,True
SF3B3,0.31541836,0.49940938,0.752444032900955,1.0,True
DYM,0.31541836,0.6243305,0.752444032900955,1.0,True
RFC4,0.31503463,1.0965391,0.7527353579121392,1.0,True
MRPL11,0.31503463,0.19722809,0.7527353579121392,1.0,True
RP11-1143G9.4,0.31465092,0.14458945,0.7530267181423591,1.0,True
B4GALT7,0.3142672,1.119586,0.7533181135529671,1.0,True
ZNF148,0.3142672,0.54058236,0.7533181135529671,1.0,True
ABHD11,0.31349975,1.0085125,0.7539010097606806,1.0,True
CTNNBIP1,0.31349975,0.4784355,0.7539010097606806,1.0,True
ODC1,0.31311604,0.37870196,0.7541925104804155,1.0,True
TRMT2A,0.31311604,0.6855578,0.7541925104804155,1.0,True
CYB561A3,0.31311604,0.68247604,0.7541925104804155,1.0,True
KIAA0020,0.31311604,0.64006585,0.7541925104804155,1.0,True
DYRK4,0.3127323,0.55259854,0.7544840462257971,1.0,True
PSMD9,0.31158113,0.16649817,0.7553588632285199,1.0,True
UPF2,0.31158113,0.31903064,0.7553588632285199,1.0,True
LEMD2,0.31158113,0.6895696,0.7553588632285199,1.0,True
USB1,0.31119743,0.26961926,0.7556505386891113,1.0,True
C18orf8,0.3108137,0.41818053,0.755942248981586,1.0,True
LINC00493,0.3108137,0.23654269,0.755942248981586,1.0,True
AC093673.5,0.31043,0.9620783,0.756233994067147,1.0,True
CCDC61,0.31043,1.0776,0.756233994067147,1.0,True
NCAPD3,0.31004626,2.6416478,0.756525773906982,1.0,True
SRR,0.31004626,3.2194066,0.756525773906982,1.0,True
AP1G1,0.31004626,2.5590796,0.756525773906982,1.0,True
REXO1,0.31004626,2.5657392,0.756525773906982,1.0,True
FADS1,0.31004626,2.4779856,0.756525773906982,1.0,True
CBLL1,0.31004626,0.67903143,0.756525773906982,1.0,True
MAPRE3,0.31004626,2.9456775,0.756525773906982,1.0,True
INPP5F,0.31004626,2.7490628,0.756525773906982,1.0,True
SLC9A3R2,0.31004626,2.5835536,0.756525773906982,1.0,True
MCM3AP-AS1,0.31004626,2.6948388,0.756525773906982,1.0,True
STRN4,0.31004626,2.5784001,0.756525773906982,1.0,True
RN7SL1,0.31004626,2.577479,0.756525773906982,1.0,True
RBM27,0.31004626,0.64755815,0.756525773906982,1.0,True
TCF7L2,0.31004626,2.5626783,0.756525773906982,1.0,True
TMEM185A,0.31004626,2.7609363,0.756525773906982,1.0,True
CATSPER2,0.31004626,2.4784732,0.756525773906982,1.0,True
FBXO46,0.31004626,2.7531312,0.756525773906982,1.0,True
PDE4DIP,0.31004626,2.9532585,0.756525773906982,1.0,True
ATE1,0.31004626,2.6786895,0.756525773906982,1.0,True
MPP5,0.31004626,2.5682912,0.756525773906982,1.0,True
WHSC1,0.31004626,2.804615,0.756525773906982,1.0,True
SLC41A1,0.31004626,2.5577602,0.756525773906982,1.0,True
RP11-108M9.4,0.30966255,1.0012493,0.7568175884622637,1.0,True
CLASP1,0.30927882,2.4940798,0.7571094376941503,1.0,True
MNT,0.30927882,2.6454587,0.7571094376941503,1.0,True
ITGAX,0.30927882,2.445732,0.7571094376941503,1.0,True
CERS4,0.30927882,2.5444264,0.7571094376941503,1.0,True
TTBK2,0.30927882,2.542421,0.7571094376941503,1.0,True
PAK1,0.30927882,2.5642269,0.7571094376941503,1.0,True
SMARCAL1,0.30927882,2.5772254,0.7571094376941503,1.0,True
SQLE,0.30927882,2.5490544,0.7571094376941503,1.0,True
ZFP57,0.30927882,2.41932,0.7571094376941503,1.0,True
RBM22,0.3088951,0.24690425,0.7574013215637849,1.0,True
CEP104,0.3088951,1.0276637,0.7574013215637849,1.0,True
ANGEL2,0.3088951,0.89514476,0.7574013215637849,1.0,True
MBD3,0.3088951,0.9297396,0.7574013215637849,1.0,True
GK5,0.30851138,2.485381,0.7576932400322961,1.0,True
AMN1,0.30851138,2.398462,0.7576932400322961,1.0,True
HS6ST1,0.30851138,2.3843064,0.7576932400322961,1.0,True
FAM109B,0.30851138,2.613897,0.7576932400322961,1.0,True
USP53,0.30851138,2.3875673,0.7576932400322961,1.0,True
CD14,0.30851138,2.450139,0.7576932400322961,1.0,True
WEE1,0.30851138,2.3603055,0.7576932400322961,1.0,True
ZNF17,0.30851138,2.366196,0.7576932400322961,1.0,True
CACNA1C-AS2,0.30851138,2.452786,0.7576932400322961,1.0,True
PTGES2,0.30851138,0.5367979,0.7576932400322961,1.0,True
RAB38,0.30851138,2.3970397,0.7576932400322961,1.0,True
NME8,0.30851138,2.4183595,0.7576932400322961,1.0,True
FCER2,0.30851138,2.3196845,0.7576932400322961,1.0,True
KIAA1715,0.30851138,0.48362967,0.7576932400322961,1.0,True
MB21D1,0.30851138,2.4741335,0.7576932400322961,1.0,True
SPICE1,0.30851138,2.2536786,0.7576932400322961,1.0,True
METTL7A,0.30851138,2.4322722,0.7576932400322961,1.0,True
YBEY,0.30812767,0.44982788,0.7579851930607974,1.0,True
NADSYN1,0.30812767,0.46952295,0.7579851930607974,1.0,True
DDT,0.30812767,0.18912183,0.7579851930607974,1.0,True
NSMCE2,0.30774394,0.52961606,0.7582771806103876,1.0,True
INTS9,0.30774394,2.3626318,0.7582771806103876,1.0,True
RFWD3,0.30774394,2.2044747,0.7582771806103876,1.0,True
ZNF691,0.30774394,2.4924107,0.7582771806103876,1.0,True
RNPS1,0.30774394,0.081801586,0.7582771806103876,1.0,True
MECR,0.30774394,2.326421,0.7582771806103876,1.0,True
NADK2,0.30774394,2.3451557,0.7582771806103876,1.0,True
C22orf34,0.30774394,2.3990142,0.7582771806103876,1.0,True
TERF2,0.30774394,2.4286015,0.7582771806103876,1.0,True
JADE2,0.30774394,0.6110494,0.7582771806103876,1.0,True
KLHL20,0.30774394,0.64137554,0.7582771806103876,1.0,True
ELAC1,0.30736023,0.93427306,0.7585692026421509,1.0,True
KATNBL1,0.30736023,0.4132724,0.7585692026421509,1.0,True
CHCHD6,0.3069765,2.2648523,0.7588612591171564,1.0,True
MUT,0.3069765,2.3620229,0.7588612591171564,1.0,True
SYT5,0.3069765,1.9448094,0.7588612591171564,1.0,True
ZSCAN9,0.3069765,2.1232507,0.7588612591171564,1.0,True
DENND6A,0.3069765,2.0658734,0.7588612591171564,1.0,True
SDSL,0.3069765,2.261788,0.7588612591171564,1.0,True
PSMC3IP,0.3069765,2.2439456,0.7588612591171564,1.0,True
GSTM2,0.3069765,2.1241038,0.7588612591171564,1.0,True
PIF1,0.3069765,2.1021342,0.7588612591171564,1.0,True
RRAS,0.3069765,2.1818104,0.7588612591171564,1.0,True
ZFP69,0.3069765,2.0305505,0.7588612591171564,1.0,True
TCF20,0.3069765,2.1378562,0.7588612591171564,1.0,True
IGBP1,0.3069765,0.144618,0.7588612591171564,1.0,True
PIGQ,0.3069765,2.2187867,0.7588612591171564,1.0,True
EXOC6,0.3065928,0.8397942,0.7591533499964589,1.0,True
PRCC,0.3065928,0.563947,0.7591533499964589,1.0,True
PSMD5,0.3065928,0.9080393,0.7591533499964589,1.0,True
C1orf56,0.3065928,0.924996,0.7591533499964589,1.0,True
SMIM15,0.30620906,0.4439839,0.7594454752410983,1.0,True
GCLM,0.30620906,0.33050996,0.7594454752410983,1.0,True
C22orf39,0.30620906,0.4281981,0.7594454752410983,1.0,True
ITGA5,0.30582535,0.8951371,0.7597376348120995,1.0,True
SLC39A9,0.30582535,0.9058194,0.7597376348120995,1.0,True
EXOSC8,0.30544162,0.29209498,0.7600298286704732,1.0,True
RNMTL1,0.30544162,0.60573334,0.7600298286704732,1.0,True
IGF2R,0.30505788,0.91257876,0.7603220567772151,1.0,True
SBNO1,0.30467418,0.70971876,0.7606143190933063,1.0,True
TACO1,0.30467418,0.34153098,0.7606143190933063,1.0,True
RRP1,0.30467418,0.86846596,0.7606143190933063,1.0,True
ZMYM5,0.30429044,0.9173044,0.7609066155797135,1.0,True
DAPK3,0.30390674,0.5837878,0.7611989461973884,1.0,True
TRIP12,0.303523,0.78170645,0.7614913109072682,1.0,True
PTTG1,0.3031393,0.58457404,0.7617837096702756,1.0,True
PPIL3,0.30275556,0.7969632,0.7620761424473189,1.0,True
POC1B,0.30275556,0.81085795,0.7620761424473189,1.0,True
TMED10,0.30275556,0.1012271,0.7620761424473189,1.0,True
UMPS,0.30275556,0.7233115,0.7620761424473189,1.0,True
NUDT2,0.30237186,0.4061582,0.7623686091992914,1.0,True
ACTA2,0.30198812,0.81624335,0.762661109887072,1.0,True
GPBP1,0.30198812,0.17467716,0.762661109887072,1.0,True
DHX15,0.30160442,0.39367616,0.7629536444715254,1.0,True
SNX12,0.3012207,0.8294205,0.7632462129135014,1.0,True
PGP,0.3012207,0.8337174,0.7632462129135014,1.0,True
PRIMPOL,0.3012207,0.8274435,0.7632462129135014,1.0,True
GMPPA,0.3012207,0.80615854,0.7632462129135014,1.0,True
TAF12,0.3012207,0.18983878,0.7632462129135014,1.0,True
GTF2F1,0.30083698,0.3236391,0.7635388151738353,1.0,True
ERAL1,0.30045325,0.79481465,0.7638314512133482,1.0,True
P4HA1,0.30045325,0.81695473,0.7638314512133482,1.0,True
USP24,0.30006954,0.79300094,0.7641241209928463,1.0,True
CDK10,0.30006954,0.6151165,0.7641241209928463,1.0,True
OTUB1,0.2993021,0.14883056,0.7647095616149524,1.0,True
ARSG,0.29891837,0.7602165,0.7650023323791011,1.0,True
NIPBL,0.29853466,0.50684845,0.7652951367263165,1.0,True
TRIM21,0.29815093,0.64149004,0.7655879746173331,1.0,True
TMEM256,0.2977672,0.22769175,0.7658808460128709,1.0,True
ADK,0.2977672,0.46465176,0.7658808460128709,1.0,True
ZNF7,0.2973835,0.7649983,0.7661737508736353,1.0,True
PANK4,0.29699975,0.7278965,0.7664666891603178,1.0,True
SPHK2,0.29699975,0.5465026,0.7664666891603178,1.0,True
CPNE3,0.29699975,0.49740267,0.7664666891603178,1.0,True
ALKBH6,0.29661605,0.76121944,0.7667596608335949,1.0,True
SELPLG,0.29661605,0.23233187,0.7667596608335949,1.0,True
SARNP,0.29661605,0.5192685,0.7667596608335949,1.0,True
CROCCP2,0.2962323,0.510525,0.7670526658541298,1.0,True
C6orf89,0.2962323,0.7229854,0.7670526658541298,1.0,True
ETFA,0.29508117,0.26941353,0.7679318806056912,1.0,True
FTSJ3,0.29469743,0.7678759,0.7682250186215963,1.0,True
FNBP1,0.29469743,0.1434627,0.7682250186215963,1.0,True
MPHOSPH9,0.29393,0.4418124,0.768811394065053,1.0,True
MCTS1,0.29393,0.2606381,0.768811394065053,1.0,True
ZNF775,0.29393,0.68934876,0.768811394065053,1.0,True
KLHL24,0.29316255,0.7269585,0.769397901794481,1.0,True
TESC,0.29316255,0.5416255,0.769397901794481,1.0,True
VPS28,0.29277885,0.12573445,0.7696912051677968,1.0,True
HSD17B11,0.29277885,0.12122333,0.7696912051677968,1.0,True
REEP4,0.2923951,0.6907604,0.7699845414942125,1.0,True
POM121C,0.2923951,0.68235683,0.7699845414942125,1.0,True
TRA2A,0.2920114,0.26933062,0.7702779107342342,1.0,True
FRMD8,0.29162768,0.7077112,0.770571312848354,1.0,True
FBXO42,0.29162768,1.4179441,0.770571312848354,1.0,True
EMC1,0.29086024,1.4505912,0.7711582155407857,1.0,True
HDAC10,0.29086024,0.49606678,0.7711582155407857,1.0,True
NAPA,0.29086024,0.23338181,0.7711582155407857,1.0,True
ACIN1,0.29086024,0.5249787,0.7711582155407857,1.0,True
PYGB,0.29086024,1.1612835,0.7711582155407857,1.0,True
MCEE,0.2900928,0.718007,0.7717452492551621,1.0,True
HDGF,0.2900928,0.7281761,0.7717452492551621,1.0,True
HSPA4,0.2900928,0.40674582,0.7717452492551621,1.0,True
RRP8,0.28970906,0.6854968,0.7720388151466603,1.0,True
HEXDC,0.28932536,1.2790526,0.7723324136749131,1.0,True
XRCC1,0.28932536,1.1477102,0.7723324136749131,1.0,True
BAZ1B,0.28932536,0.7285866,0.7723324136749131,1.0,True
ENOSF1,0.28855792,1.2215388,0.7729197084832441,1.0,True
TMEM251,0.28855792,0.4078131,0.7729197084832441,1.0,True
ABHD13,0.28855792,0.7663981,0.7729197084832441,1.0,True
NSDHL,0.28855792,1.258459,0.7729197084832441,1.0,True
REC8,0.28779048,0.6712358,0.773507133363136,1.0,True
FASTKD5,0.28779048,1.2997019,0.773507133363136,1.0,True
C11orf48,0.28740674,0.16870162,0.7738008944807879,1.0,True
SRCAP,0.28702304,1.0803405,0.7740946879973469,1.0,True
MED22,0.28702304,1.0540032,0.7740946879973469,1.0,True
C1GALT1C1,0.28702304,0.6374665,0.7740946879973469,1.0,True
FAM208A,0.28702304,1.0821731,0.7740946879973469,1.0,True
RNF185,0.28702304,1.1594607,0.7740946879973469,1.0,True
COPS7B,0.2866393,0.6679585,0.7743885138731229,1.0,True
ANKMY2,0.2862556,1.0840899,0.7746823720684118,1.0,True
WDFY1,0.2862556,1.0149146,0.7746823720684118,1.0,True
RFX5,0.2862556,0.6664386,0.7746823720684118,1.0,True
PIGS,0.2862556,0.7092801,0.7746823720684118,1.0,True
SDHC,0.2862556,0.08460079,0.7746823720684118,1.0,True
EIF1AD,0.2862556,1.0748062,0.7746823720684118,1.0,True
STK3,0.28548816,25.019604,0.7752701852586432,1.0,True
MIER3,0.28548816,24.548706,0.7752701852586432,1.0,True
RP4-798A10.2,0.28548816,24.64921,0.7752701852586432,1.0,True
SLC17A9,0.28548816,24.590942,0.7752701852586432,1.0,True
ZNF416,0.28548816,24.701504,0.7752701852586432,1.0,True
SEMA4C,0.28548816,24.86662,0.7752701852586432,1.0,True
CTB-91J4.1,0.28548816,24.806671,0.7752701852586432,1.0,True
ZNF146,0.28548816,0.68167543,0.7752701852586432,1.0,True
UBN2,0.28548816,24.813967,0.7752701852586432,1.0,True
KRT86,0.28548816,24.845177,0.7752701852586432,1.0,True
CAD,0.28548816,24.804182,0.7752701852586432,1.0,True
ZNF613,0.28548816,24.815823,0.7752701852586432,1.0,True
GAREML,0.28548816,24.827349,0.7752701852586432,1.0,True
RP11-1407O15.2,0.28548816,24.820362,0.7752701852586432,1.0,True
SGOL2,0.28548816,24.859144,0.7752701852586432,1.0,True
SETMAR,0.28548816,24.703829,0.7752701852586432,1.0,True
BTRC,0.28548816,24.884407,0.7752701852586432,1.0,True
FAM160B2,0.28548816,24.93656,0.7752701852586432,1.0,True
ETV5,0.28548816,24.867643,0.7752701852586432,1.0,True
PODXL2,0.28548816,24.870758,0.7752701852586432,1.0,True
PAOX,0.28548816,24.787632,0.7752701852586432,1.0,True
CHEK1,0.28548816,24.752192,0.7752701852586432,1.0,True
NUDT14,0.28548816,24.70855,0.7752701852586432,1.0,True
WBP1,0.28548816,24.794699,0.7752701852586432,1.0,True
ATP10A,0.28548816,24.948393,0.7752701852586432,1.0,True
ZNF879,0.28548816,24.770557,0.7752701852586432,1.0,True
USP18,0.28548816,24.877169,0.7752701852586432,1.0,True
CAB39L,0.28548816,24.633339,0.7752701852586432,1.0,True
PIDD,0.28548816,24.790825,0.7752701852586432,1.0,True
GTF2H4,0.28548816,24.925728,0.7752701852586432,1.0,True
LIN37,0.28548816,24.916445,0.7752701852586432,1.0,True
PACS2,0.28548816,24.865456,0.7752701852586432,1.0,True
RHBDD1,0.28548816,24.944262,0.7752701852586432,1.0,True
AC007228.9,0.28548816,24.878092,0.7752701852586432,1.0,True
KDM1B,0.28548816,24.88656,0.7752701852586432,1.0,True
ORC6,0.28548816,24.501532,0.7752701852586432,1.0,True
KALRN,0.28548816,24.861923,0.7752701852586432,1.0,True
TCF4,0.28548816,24.82643,0.7752701852586432,1.0,True
HIST1H4E,0.28548816,24.897406,0.7752701852586432,1.0,False
ASGR1,0.28548816,24.83055,0.7752701852586432,1.0,True
PDGFRB,0.28548816,24.84818,0.7752701852586432,1.0,True
NUDT11,0.28548816,24.873367,0.7752701852586432,1.0,True
ZNF670,0.28548816,24.624918,0.7752701852586432,1.0,True
CCDC30,0.28548816,24.76319,0.7752701852586432,1.0,True
CERS6,0.28548816,24.799562,0.7752701852586432,1.0,True
TPCN2,0.28548816,24.617645,0.7752701852586432,1.0,True
TYMS,0.28548816,24.919275,0.7752701852586432,1.0,True
NIFK,0.28548816,0.29407752,0.7752701852586432,1.0,True
STARD5,0.28548816,24.627268,0.7752701852586432,1.0,True
TIMELESS,0.28548816,24.772686,0.7752701852586432,1.0,True
ALDH3B1,0.28548816,24.801651,0.7752701852586432,1.0,True
CNFN,0.28548816,24.795809,0.7752701852586432,1.0,True
HIF1A,0.28548816,0.59441036,0.7752701852586432,1.0,True
JAK2,0.28548816,24.741722,0.7752701852586432,1.0,True
FAM219A,0.28548816,24.859331,0.7752701852586432,1.0,True
GUF1,0.28548816,24.833317,0.7752701852586432,1.0,True
ZNF45,0.28548816,24.677378,0.7752701852586432,1.0,True
KIAA0586,0.28548816,24.815195,0.7752701852586432,1.0,True
NRXN2,0.28548816,24.727451,0.7752701852586432,1.0,True
L3MBTL3,0.28548816,24.754408,0.7752701852586432,1.0,True
WDR44,0.28548816,24.743692,0.7752701852586432,1.0,True
SLAIN1,0.28548816,24.756653,0.7752701852586432,1.0,True
SPECC1L,0.28548816,24.795406,0.7752701852586432,1.0,True
SLC38A7,0.28548816,24.916584,0.7752701852586432,1.0,True
LINC00665,0.28548816,1.1392225,0.7752701852586432,1.0,True
MDGA1,0.28548816,24.74564,0.7752701852586432,1.0,True
UBE2E2,0.28548816,24.882109,0.7752701852586432,1.0,True
COL13A1,0.28548816,24.828604,0.7752701852586432,1.0,True
CKB,0.28548816,24.977167,0.7752701852586432,1.0,True
EDEM3,0.28548816,24.56381,0.7752701852586432,1.0,True
SWT1,0.28548816,24.743689,0.7752701852586432,1.0,True
TTN,0.28548816,24.831459,0.7752701852586432,1.0,True
KPTN,0.28548816,24.825188,0.7752701852586432,1.0,True
RP11-973H7.1,0.28548816,24.842392,0.7752701852586432,1.0,True
SAMD1,0.28548816,24.666267,0.7752701852586432,1.0,True
TCP11L2,0.28548816,24.769556,0.7752701852586432,1.0,True
PANK3,0.28548816,24.899584,0.7752701852586432,1.0,True
CTD-3074O7.5,0.28548816,24.824875,0.7752701852586432,1.0,True
ENPP5,0.28548816,1.0930331,0.7752701852586432,1.0,True
CARNS1,0.28548816,24.87926,0.7752701852586432,1.0,True
TBC1D30,0.28548816,24.701214,0.7752701852586432,1.0,True
ZNF257,0.28548816,24.83395,0.7752701852586432,1.0,True
ZNF606,0.28548816,24.936249,0.7752701852586432,1.0,True
GOLGA5,0.28472072,1.0549138,0.7758581272501316,1.0,True
SIRT5,0.28472072,1.0357563,0.7758581272501316,1.0,True
AAR2,0.28472072,1.0452822,0.7758581272501316,1.0,True
UBE2H,0.28472072,0.9756757,0.7758581272501316,1.0,True
DGCR2,0.28472072,1.1524243,0.7758581272501316,1.0,True
ORAI2,0.28472072,0.49236444,0.7758581272501316,1.0,True
PIAS4,0.28472072,1.0233368,0.7758581272501316,1.0,True
RAB6A,0.28433698,0.30927584,0.77615214644694,1.0,True
C5orf28,0.28395325,1.0296147,0.7764461977247463,1.0,True
FHOD1,0.28395325,1.0055269,0.7764461977247463,1.0,True
RASGEF1B,0.28395325,1.217323,0.7764461977247463,1.0,True
GNA13,0.2831858,0.60476065,0.7770343963641355,1.0,True
SMARCD2,0.2831858,1.0544208,0.7770343963641355,1.0,True
C3orf17,0.2831858,0.75035137,0.7770343963641355,1.0,True
PLEC,0.2831858,1.0073079,0.7770343963641355,1.0,True
FAM208B,0.2831858,0.9954203,0.7770343963641355,1.0,True
SRSF6,0.2831858,0.44974953,0.7770343963641355,1.0,True
CXorf56,0.2831858,0.9653886,0.7770343963641355,1.0,True
UVRAG,0.2831858,1.0347195,0.7770343963641355,1.0,True
ZNF16,0.2831858,1.0665674,0.7770343963641355,1.0,True
HERC2,0.28241837,0.6649645,0.7776227228497272,1.0,True
GTF3C1,0.28241837,0.31773055,0.7776227228497272,1.0,True
CYB561D1,0.28241837,1.008104,0.7776227228497272,1.0,True
UTP14A,0.28241837,1.0053016,0.7776227228497272,1.0,True
MRGBP,0.28241837,1.1357526,0.7776227228497272,1.0,True
ITPRIP,0.28241837,0.83573085,0.7776227228497272,1.0,True
DNAJC24,0.28241837,1.0297173,0.7776227228497272,1.0,True
C6orf136,0.28241837,1.0022372,0.7776227228497272,1.0,True
PHF23,0.28241837,0.592593,0.7776227228497272,1.0,True
MRPS28,0.28241837,0.40266678,0.7776227228497272,1.0,True
ACTR10,0.28203467,0.20916277,0.7779169339352352,1.0,True
NOMO1,0.28203467,0.6196558,0.7779169339352352,1.0,True
GLOD4,0.28165093,0.15641794,0.7782111768627297,1.0,True
PPCDC,0.28165093,0.93571347,0.7782111768627297,1.0,True
CUL3,0.28165093,0.5911477,0.7782111768627297,1.0,True
IST1,0.28126723,0.37460133,0.7785054515923273,1.0,True
YIPF1,0.2808835,0.66722524,0.7787997580841315,1.0,True
WDR60,0.2808835,0.9356663,0.7787997580841315,1.0,True
NOP58,0.2808835,0.49369684,0.7787997580841315,1.0,True
SKA2,0.2808835,1.015492,0.7787997580841315,1.0,True
SMARCC2,0.28011605,0.39965585,0.7793884661947026,1.0,True
CERS2,0.28011605,0.26608092,0.7793884661947026,1.0,True
MLXIP,0.28011605,0.90824413,0.7793884661947026,1.0,True
GTF2E2,0.27973235,0.23828422,0.7796828677336076,1.0,True
HNRNPAB,0.27973235,0.34116355,0.7796828677336076,1.0,True
FTSJ1,0.2793486,0.4119617,0.7799773008749947,1.0,True
STK39,0.2793486,0.9589036,0.7799773008749947,1.0,True
CSNK2A1,0.2793486,0.41204676,0.7799773008749947,1.0,True
PISD,0.27858117,0.7805911,0.7805662618053417,1.0,True
TRMT61B,0.27858117,0.50190145,0.7805662618053417,1.0,True
ALKBH5,0.27819747,0.22040848,0.7808607895143307,1.0,True
NCOR1,0.27819747,0.044021133,0.7808607895143307,1.0,True
HNRNPA0,0.27819747,0.0685983,0.7808607895143307,1.0,True
MED15,0.27781373,0.19169794,0.7811553486658602,1.0,True
KLF12,0.27781373,0.54780203,0.7811553486658602,1.0,True
TARS,0.27781373,0.37304866,0.7811553486658602,1.0,True
NELFCD,0.27781373,0.24424784,0.7811553486658602,1.0,True
ZNF195,0.27781373,0.52019346,0.7811553486658602,1.0,True
NOTCH2,0.27781373,0.8349596,0.7811553486658602,1.0,True
HEXIM1,0.27627885,0.53408045,0.7823338988967945,1.0,True
PLD3,0.27627885,0.341669,0.7823338988967945,1.0,True
CHMP6,0.2755114,0.25958988,0.7829233616263618,1.0,True
DAP,0.27512768,0.28586957,0.7832181397543789,1.0,True
CLSTN1,0.27474397,0.43867385,0.7835129490044047,1.0,True
HDGFRP2,0.27474397,0.83959675,0.7835129490044047,1.0,True
COIL,0.27474397,0.9278716,0.7835129490044047,1.0,True
GMEB1,0.27474397,0.53876334,0.7835129490044047,1.0,True
BCL2L1,0.27397653,0.4126915,0.784102660709961,1.0,True
FBXO25,0.27397653,0.4163295,0.784102660709961,1.0,True
RP5-1028K7.2,0.27397653,0.51384175,0.784102660709961,1.0,True
N4BP2L2,0.27397653,0.12173176,0.784102660709961,1.0,True
C19orf12,0.2732091,0.85071605,0.7846924964218548,1.0,True
NKAP,0.27244166,0.19198747,0.7852824558186963,1.0,True
LAGE3,0.27244166,0.21088035,0.7852824558186963,1.0,True
PRKCSH,0.27205792,0.2832222,0.7855774817984799,1.0,True
ATP6V1C1,0.27167422,0.3143506,0.7858725385788826,1.0,True
FAM162A,0.27167422,0.20467296,0.7858725385788826,1.0,True
CHIC2,0.27167422,0.34246606,0.7858725385788826,1.0,True
BRIX1,0.27129048,0.23437357,0.7861676261196711,1.0,True
ZNFX1,0.27052304,0.53970975,0.7867578933214046,1.0,True
PIM2,0.2701393,0.17898436,0.7870530729018161,1.0,True
ARL2,0.2701393,0.09543149,0.7870530729018161,1.0,True
EIF3E,0.26937187,0.08529789,0.7876435238202969,1.0,True
SCAP,0.26860443,0.7363967,0.7882340968135906,1.0,True
TNFRSF14,0.26822072,0.12274829,0.7885294289874691,1.0,True
ZNF276,0.267837,0.25570452,0.7888247915590367,1.0,True
MGAT1,0.26745328,0.24986576,0.7891201844879282,1.0,True
CD226,0.26706955,0.71580946,0.7894156077337651,1.0,True
AP3M1,0.26706955,0.72188336,0.7894156077337651,1.0,True
SIGMAR1,0.26706955,0.44588345,0.7894156077337651,1.0,True
GMPR2,0.26706955,0.10285151,0.7894156077337651,1.0,True
RDH14,0.2663021,0.25337058,0.7900065450146956,1.0,True
RHOF,0.2659184,0.08744914,0.7903020589689671,1.0,True
FYTTD1,0.26553467,0.30870295,0.7905976030785397,1.0,True
TRIM5,0.26476723,0.73019445,0.7911887816018002,1.0,True
ATG4A,0.26476723,0.7247707,0.7911887816018002,1.0,True
DROSHA,0.26438352,1.4765556,0.7914844159345619,1.0,True
ZNF680,0.26438352,1.4772036,0.7914844159345619,1.0,True
WDR70,0.2639998,0.7056337,0.7917800802607722,1.0,True
UQCRB,0.2639998,0.4493303,0.7917800802607722,1.0,True
FBXW4,0.2639998,0.6980669,0.7917800802607722,1.0,True
TEX10,0.26361606,1.3373253,0.7920757745399354,1.0,True
ARF4,0.26361606,0.20495681,0.7920757745399354,1.0,True
CHMP7,0.26361606,0.44954067,0.7920757745399354,1.0,True
RNF6,0.26323235,0.4644849,0.7923714987315432,1.0,True
HYLS1,0.26323235,0.8316076,0.7923714987315432,1.0,True
SCIMP,0.26284862,1.3650359,0.7926672527950743,1.0,True
MAD2L1,0.26284862,1.2304604,0.7926672527950743,1.0,True
KIF19,0.26284862,1.1896837,0.7926672527950743,1.0,True
DNTTIP1,0.26284862,0.47096235,0.7926672527950743,1.0,True
ZNF611,0.26284862,1.3533082,0.7926672527950743,1.0,True
PEX14,0.26284862,1.3398703,0.7926672527950743,1.0,True
SETDB1,0.26284862,1.2008647,0.7926672527950743,1.0,True
TMEM91,0.26284862,1.3334264,0.7926672527950743,1.0,True
SETDB2,0.26284862,1.3527694,0.7926672527950743,1.0,True
SEC23IP,0.26208118,1.2779036,0.7932588503757567,1.0,True
NDUFV3,0.26208118,0.46436542,0.7932588503757567,1.0,True
TTC13,0.26208118,1.2981931,0.7932588503757567,1.0,True
C1orf27,0.26208118,1.2700483,0.7932588503757567,1.0,True
PDCD2L,0.26208118,1.2035532,0.7932588503757567,1.0,True
SLC16A7,0.26169747,0.6107233,0.7935546938118008,1.0,True
NUP85,0.26169747,0.63230926,0.7935546938118008,1.0,True
MINPP1,0.26131374,0.6676782,0.7938505669575541,1.0,True
SLC11A2,0.26131374,1.1627095,0.7938505669575541,1.0,True
UBL7-AS1,0.26131374,1.3050348,0.7938505669575541,1.0,True
MAPK7,0.26131374,1.1938013,0.7938505669575541,1.0,True
RP11-400F19.6,0.26131374,1.2354872,0.7938505669575541,1.0,True
HAGH,0.26131374,0.21329975,0.7938505669575541,1.0,True
FURIN,0.26131374,1.2096716,0.7938505669575541,1.0,True
FANCL,0.26131374,1.1543081,0.7938505669575541,1.0,True
PSMC6,0.26093003,0.35357994,0.794146469772431,1.0,True
NMB,0.26093003,0.6335267,0.794146469772431,1.0,True
TBC1D7,0.2605463,1.3244421,0.794442402215833,1.0,True
GPATCH2,0.2605463,1.1965,0.794442402215833,1.0,True
CCDC9,0.2605463,1.2491955,0.794442402215833,1.0,True
ASB16-AS1,0.2605463,1.2184252,0.794442402215833,1.0,True
RP4-612B15.3,0.2605463,1.1995147,0.794442402215833,1.0,True
SLC25A11,0.2605463,0.18200812,0.794442402215833,1.0,True
GFM2,0.2605463,1.125686,0.794442402215833,1.0,True
CCNB1IP1,0.2601626,0.5459575,0.7947383642471488,1.0,True
BLOC1S2,0.2601626,0.2503405,0.7947383642471488,1.0,True
EXOC7,0.2601626,0.274679,0.7947383642471488,1.0,True
POLR2J3,0.2601626,0.6202085,0.7947383642471488,1.0,True
CBFB,0.2601626,0.44008726,0.7947383642471488,1.0,True
LDLR,0.25977886,1.2499028,0.7950343558257547,1.0,True
HPS5,0.25977886,1.2046902,0.7950343558257547,1.0,True
BCR,0.25977886,1.1462882,0.7950343558257547,1.0,True
SFXN1,0.25977886,1.2108219,0.7950343558257547,1.0,True
MADD,0.25977886,1.3081013,0.7950343558257547,1.0,True
THAP11,0.25977886,0.34918517,0.7950343558257547,1.0,True
PKNOX1,0.25977886,1.1684607,0.7950343558257547,1.0,True
ECE2,0.25977886,1.2634325,0.7950343558257547,1.0,True
MFSD12,0.25977886,1.1383862,0.7950343558257547,1.0,True
CANT1,0.25977886,1.1570531,0.7950343558257547,1.0,True
CXorf38,0.25977886,1.2078106,0.7950343558257547,1.0,True
TMEM234,0.25977886,1.1345801,0.7950343558257547,1.0,True
RCHY1,0.25939515,0.46155053,0.7953303769110137,1.0,True
TYW5,0.25901142,1.1501474,0.7956264274622764,1.0,True
TRIM37,0.25901142,1.1795766,0.7956264274622764,1.0,True
FAM117A,0.25901142,1.1886151,0.7956264274622764,1.0,True
FAM50B,0.25901142,1.0708778,0.7956264274622764,1.0,True
YTHDF1,0.25901142,0.9326627,0.7956264274622764,1.0,True
GTPBP10,0.25901142,1.2887136,0.7956264274622764,1.0,True
TALDO1,0.25901142,0.06986187,0.7956264274622764,1.0,True
ABHD3,0.2586277,0.2987229,0.7959225074388805,1.0,True
RP11-47L3.1,0.2586277,0.28727415,0.7959225074388805,1.0,True
RELT,0.25824398,1.1083575,0.7962186168001513,1.0,True
HTT,0.25824398,1.1379392,0.7962186168001513,1.0,True
hsa-mir-8072,0.25824398,1.0392743,0.7962186168001513,1.0,True
TNK2,0.25824398,0.921722,0.7962186168001513,1.0,True
MPP1,0.25824398,1.1166048,0.7962186168001513,1.0,True
SMG5,0.25824398,0.9512714,0.7962186168001513,1.0,True
DNMT3A,0.25824398,1.1885278,0.7962186168001513,1.0,True
IL6ST,0.25824398,1.0672911,0.7962186168001513,1.0,True
SUPT20H,0.25786027,0.33688444,0.7965147555054007,1.0,True
OSTC,0.25786027,0.096711144,0.7965147555054007,1.0,True
FUZ,0.25747654,1.1459717,0.796810923513929,1.0,True
CNTD1,0.25747654,1.0902518,0.796810923513929,1.0,True
CHD1L,0.25747654,1.0249351,0.796810923513929,1.0,True
DDHD2,0.25747654,1.0139832,0.796810923513929,1.0,True
PUM2,0.25747654,1.116916,0.796810923513929,1.0,True
MLF1,0.25747654,1.2018088,0.796810923513929,1.0,True
RAVER1,0.25747654,0.95620954,0.796810923513929,1.0,True
MRPL24,0.25709283,0.22089736,0.7971071207850231,1.0,True
C5orf24,0.25709283,0.56460065,0.7971071207850231,1.0,True
FAM214B,0.2567091,1.1451039,0.7974033472779571,1.0,True
TRAF6,0.25632536,0.562205,0.797699602951993,1.0,True
PTGER4,0.25632536,0.20279476,0.797699602951993,1.0,True
PRKCD,0.25632536,0.57758343,0.797699602951993,1.0,True
SKP2,0.25632536,0.6493047,0.797699602951993,1.0,True
KCTD13,0.25594166,0.9188324,0.7979958877663801,1.0,True
PPRC1,0.25594166,0.9977214,0.7979958877663801,1.0,True
SCAF1,0.25594166,1.0563121,0.7979958877663801,1.0,True
RASSF4,0.25517422,1.0101633,0.7985885446531413,1.0,True
HNRNPD,0.25479048,0.2742398,0.7988849166439509,1.0,True
MCUR1,0.25479048,0.53315765,0.7988849166439509,1.0,True
RAE1,0.25479048,0.3787785,0.7988849166439509,1.0,True
RAD21,0.25402305,0.23709203,0.7994777475164229,1.0,True
SLK,0.25363934,0.88207847,0.7997742063164455,1.0,True
C17orf49,0.25363934,0.18214713,0.7997742063164455,1.0,True
LINC00969,0.25363934,0.33588916,0.7997742063164455,1.0,True
SMIM19,0.2532556,0.20728733,0.8000706939712119,1.0,True
LSG1,0.2532556,0.5653191,0.8000706939712119,1.0,True
NPRL3,0.2532556,0.5830369,0.8000706939712119,1.0,True
GABPB1,0.2532556,0.6059534,0.8000706939712119,1.0,True
MAPK13,0.2528719,0.36637962,0.8003672104398709,1.0,True
DNAJC3,0.2528719,0.40958863,0.8003672104398709,1.0,True
ZYX,0.25248817,0.29896167,0.8006637556815592,1.0,True
RPAIN,0.25248817,0.16505593,0.8006637556815592,1.0,True
MCM3,0.25248817,0.16109607,0.8006637556815592,1.0,True
ACAA1,0.25172073,0.2205208,0.8012569323205074,1.0,True
PAF1,0.2509533,0.46205726,0.8018502235608994,1.0,True
RNF146,0.2509533,0.59924,0.8018502235608994,1.0,True
IDH3A,0.25056958,0.3284727,0.8021469120543463,1.0,True
VAPB,0.25056958,0.4106151,0.8021469120543463,1.0,True
FAM192A,0.25056958,0.2525144,0.8021469120543463,1.0,True
TAF1D,0.25018585,0.32786456,0.8024436290753805,1.0,True
TMEM167A,0.24980213,0.32136425,0.8027403745830519,1.0,True
KLF6,0.24941841,0.053748872,0.8030371485363981,1.0,True
OBFC1,0.24826725,0.26001954,0.8039276406606745,1.0,True
FBRS,0.24788353,0.53324157,0.8042245279868478,1.0,True
PRKDC,0.24749981,0.3281568,0.8045214435536988,1.0,True
NUDT1,0.24749981,0.40564913,0.8045214435536988,1.0,True
FKBP5,0.24711609,0.51653546,0.8048183873201914,1.0,True
SLC39A3,0.24711609,0.36846128,0.8048183873201914,1.0,True
ZFAND1,0.24673237,0.21433511,0.8051153592452771,1.0,True
SIKE1,0.24634863,0.51133734,0.8054123592878955,1.0,True
LSM5,0.2455812,0.19030406,0.8060064435614274,1.0,True
GMFG,0.2455812,0.07922998,0.8060064435614274,1.0,True
SHC1,0.24481376,0.9083296,0.8066006398120598,1.0,True
TMEM134,0.24481376,0.3331252,0.8066006398120598,1.0,True
COQ9,0.24481376,0.8585526,0.8066006398120598,1.0,True
RPP25L,0.24481376,0.26712754,0.8066006398120598,1.0,True
NOL11,0.24404632,0.3655075,0.8071949477108717,1.0,True
UBE3A,0.24327888,0.42502674,0.8077893669287488,1.0,True
ARHGEF2,0.24251144,0.38518053,0.8083838971363839,1.0,True
ITGAE,0.24251144,0.35252306,0.8083838971363839,1.0,True
BCKDK,0.24251144,0.5445917,0.8083838971363839,1.0,True
BRI3,0.24212772,0.37325144,0.8086812037583996,1.0,True
METAP1,0.241744,0.47545755,0.8089785380042775,1.0,True
VHL,0.24097656,0.7826903,0.8095732892027386,1.0,True
ANAPC2,0.24097656,0.83687663,0.8095732892027386,1.0,True
CCAR1,0.24020912,0.3604589,0.8101681504018848,1.0,True
GDI1,0.24020912,0.46808895,0.8101681504018848,1.0,True
TRIM27,0.24020912,0.34388775,0.8101681504018848,1.0,True
EZH2,0.23944166,1.4589084,0.8107631212716435,1.0,True
SLFN13,0.23944166,1.7150632,0.8107631212716435,1.0,True
C16orf72,0.23944166,1.6862848,0.8107631212716435,1.0,True
PPP3CB,0.23944166,0.4822306,0.8107631212716435,1.0,True
FLJ00104,0.23944166,1.915,0.8107631212716435,1.0,True
ZFP90,0.23944166,1.6375802,0.8107631212716435,1.0,True
DDX50,0.23905794,0.2521589,0.8110606477298027,1.0,True
TPMT,0.23905794,0.32431468,0.8110606477298027,1.0,True
MAN2B1,0.23867422,1.6137239,0.8113582014817515,1.0,True
CAAP1,0.23867422,1.5910796,0.8113582014817515,1.0,True
CENPL,0.23867422,1.5943838,0.8113582014817515,1.0,True
SLC44A1,0.23867422,1.5353591,0.8113582014817515,1.0,True
CAMK2D,0.23867422,0.7491041,0.8113582014817515,1.0,True
NLE1,0.23867422,1.5549424,0.8113582014817515,1.0,True
OSGIN2,0.23867422,1.6417861,0.8113582014817515,1.0,True
RETSAT,0.23867422,1.5342323,0.8113582014817515,1.0,True
PLAGL2,0.23867422,2.1877158,0.8113582014817515,1.0,True
TMEM254,0.23867422,1.6762216,0.8113582014817515,1.0,True
BPHL,0.23867422,1.625726,0.8113582014817515,1.0,True
TAF13,0.23867422,1.6552109,0.8113582014817515,1.0,True
CASP9,0.23867422,1.7344165,0.8113582014817515,1.0,True
AHCTF1,0.23867422,1.7268541,0.8113582014817515,1.0,True
CORO7,0.23867422,0.36721638,0.8113582014817515,1.0,True
BFSP1,0.23867422,1.5401566,0.8113582014817515,1.0,True
TMEM243,0.23790678,0.21323548,0.8119533907017566,1.0,True
CD86,0.23790678,1.4688971,0.8119533907017566,1.0,True
PEX10,0.23790678,1.695647,0.8119533907017566,1.0,True
TMEM104,0.23790678,1.5645331,0.8119533907017566,1.0,True
RWDD2B,0.23790678,1.4425795,0.8119533907017566,1.0,True
TRERF1,0.23790678,1.5895029,0.8119533907017566,1.0,True
GNG10,0.23790678,1.5133903,0.8119533907017566,1.0,True
CLUAP1,0.23790678,1.5639869,0.8119533907017566,1.0,True
TOR1B,0.23790678,1.4300289,0.8119533907017566,1.0,True
KIAA0430,0.23790678,0.74842995,0.8119533907017566,1.0,True
UCP3,0.23790678,1.586125,0.8119533907017566,1.0,True
KDM5C,0.23790678,1.6170706,0.8119533907017566,1.0,True
IFI6,0.23752306,0.039722282,0.8122510260871526,1.0,True
RRNAD1,0.23713934,1.6408876,0.8125486886010176,1.0,True
SIN3B,0.23713934,1.4366003,0.8125486886010176,1.0,True
GOLGA4,0.23713934,0.31603667,0.8125486886010176,1.0,True
THOC2,0.23713934,0.27246323,0.8125486886010176,1.0,True
OTUD4,0.23713934,1.4257872,0.8125486886010176,1.0,True
CDC34,0.23713934,1.6206346,0.8125486886010176,1.0,True
RNF25,0.23713934,1.426022,0.8125486886010176,1.0,True
RBM15,0.23713934,1.4090562,0.8125486886010176,1.0,True
SPI1,0.23713934,0.47749436,0.8125486886010176,1.0,True
SIGLEC10,0.23713934,1.4366776,0.8125486886010176,1.0,True
DBP,0.23713934,0.81737137,0.8125486886010176,1.0,True
MFSD8,0.23713934,0.645186,0.8125486886010176,1.0,True
DHRS4,0.23713934,1.5329797,0.8125486886010176,1.0,True
GRK5,0.23713934,1.4871684,0.8125486886010176,1.0,True
EFNA4,0.23713934,1.6502631,0.8125486886010176,1.0,True
BHLHE40,0.23713934,0.2877211,0.8125486886010176,1.0,True
OSBPL2,0.23713934,0.7401748,0.8125486886010176,1.0,True
ZNF395,0.23713934,1.646713,0.8125486886010176,1.0,True
MDC1,0.23675562,1.3887038,0.8128463782019919,1.0,True
SPATA41,0.2363719,1.4506884,0.8131440948487043,1.0,True
FUT8,0.2363719,1.4348015,0.8131440948487043,1.0,True
RAB40C,0.2363719,1.4583936,0.8131440948487043,1.0,True
TOPBP1,0.2363719,1.4208585,0.8131440948487043,1.0,True
THAP4,0.2363719,0.74627167,0.8131440948487043,1.0,True
CCAR2,0.2363719,0.5272616,0.8131440948487043,1.0,True
TTC27,0.2363719,1.2341303,0.8131440948487043,1.0,True
POLR1C,0.2363719,0.72676134,0.8131440948487043,1.0,True
MFSD5,0.2363719,0.6298893,0.8131440948487043,1.0,True
APOBEC3D,0.2363719,1.3828555,0.8131440948487043,1.0,True
FAH,0.2363719,1.4722737,0.8131440948487043,1.0,True
AP4S1,0.2363719,1.4409846,0.8131440948487043,1.0,True
CLEC11A,0.2363719,1.4211303,0.8131440948487043,1.0,True
MAP2K4,0.2363719,1.3677492,0.8131440948487043,1.0,True
ABHD5,0.2363719,1.3363833,0.8131440948487043,1.0,True
ZNF461,0.2363719,1.351152,0.8131440948487043,1.0,True
CKS2,0.2363719,0.45900917,0.8131440948487043,1.0,True
RGS9,0.2363719,1.4987314,0.8131440948487043,1.0,True
FBXL3,0.2363719,0.4783092,0.8131440948487043,1.0,True
FKBP11,0.2363719,0.09121711,0.8131440948487043,1.0,True
ZCCHC3,0.23560447,1.2715569,0.8137396091137995,1.0,True
CDK5RAP2,0.23560447,1.3894421,0.8137396091137995,1.0,True
MSL1,0.23560447,0.710585,0.8137396091137995,1.0,True
SLC25A14,0.23560447,1.3671523,0.8137396091137995,1.0,True
ZNF446,0.23560447,1.2276065,0.8137396091137995,1.0,True
CPEB4,0.23560447,1.303021,0.8137396091137995,1.0,True
PARN,0.23560447,0.6832205,0.8137396091137995,1.0,True
GALC,0.23560447,1.3173517,0.8137396091137995,1.0,True
REV3L,0.23560447,1.3958979,0.8137396091137995,1.0,True
NME3,0.23560447,0.08397357,0.8137396091137995,1.0,True
CPNE1,0.23560447,0.3548284,0.8137396091137995,1.0,True
MFN1,0.23560447,1.3299018,0.8137396091137995,1.0,True
TARBP2,0.23560447,1.4063861,0.8137396091137995,1.0,True
ADCY9,0.23560447,1.3019054,0.8137396091137995,1.0,True
CPOX,0.23560447,1.3638401,0.8137396091137995,1.0,True
GGA3,0.23560447,1.3242909,0.8137396091137995,1.0,True
PRKAR2A,0.23560447,0.6704924,0.8137396091137995,1.0,True
SPTLC1,0.23560447,1.2698854,0.8137396091137995,1.0,True
FAM69A,0.23483703,1.3627659,0.814335231065098,1.0,True
C17orf80,0.23483703,1.3304541,0.814335231065098,1.0,True
ZADH2,0.23483703,0.45062956,0.814335231065098,1.0,True
POMGNT1,0.23483703,0.627916,0.814335231065098,1.0,True
NCLN,0.23483703,0.67415243,0.814335231065098,1.0,True
LPAR6,0.23483703,0.6722114,0.814335231065098,1.0,True
EXOC1,0.23483703,0.6515583,0.814335231065098,1.0,True
SLC25A40,0.23483703,1.3064847,0.814335231065098,1.0,True
RPP14,0.23483703,0.6708536,0.814335231065098,1.0,True
ESYT1,0.2344533,0.10618107,0.814633082319521,1.0,True
PXMP2,0.23406959,1.1555446,0.8149309603712084,1.0,True
MBD2,0.23406959,1.0874492,0.8149309603712084,1.0,True
ACAD8,0.23406959,0.43131292,0.8149309603712084,1.0,True
FMNL3,0.23406959,1.2553785,0.8149309603712084,1.0,True
NCSTN,0.23406959,0.44666648,0.8149309603712084,1.0,True
SOCS1,0.23406959,0.6401511,0.8149309603712084,1.0,True
CSTF1,0.23406959,0.436867,0.8149309603712084,1.0,True
ACYP1,0.23330215,0.33135736,0.8155267967005526,1.0,True
SH3D19,0.23330215,1.0877519,0.8155267967005526,1.0,True
INTS1,0.23330215,1.1871867,0.8155267967005526,1.0,True
IMMP2L,0.23330215,0.5675948,0.8155267967005526,1.0,True
HSBP1L1,0.23330215,0.6658487,0.8155267967005526,1.0,True
C5orf63,0.23330215,1.2380984,0.8155267967005526,1.0,True
ENDOD1,0.23330215,1.2732886,0.8155267967005526,1.0,True
ACTR8,0.23330215,0.62482643,0.8155267967005526,1.0,True
PROCR,0.23330215,0.6425082,0.8155267967005526,1.0,True
CTU2,0.23330215,1.1796217,0.8155267967005526,1.0,True
DR1,0.23253469,0.27706942,0.8161227397213673,1.0,True
PPM1M,0.23176725,0.43841517,0.8167187891017038,1.0,True
RRN3,0.23176725,0.5581613,0.8167187891017038,1.0,True
C3AR1,0.23176725,0.46816424,0.8167187891017038,1.0,True
NABP2,0.23138353,0.33547056,0.8170168535729084,1.0,True
WHSC1L1,0.23099981,0.18744232,0.8173149445094291,1.0,True
MRPL39,0.23099981,0.40915668,0.8173149445094291,1.0,True
NAA50,0.23099981,0.39196488,0.8173149445094291,1.0,True
XKR8,0.23023237,0.5761094,0.817911205612226,1.0,True
ZNF595,0.23023237,0.39987034,0.817911205612226,1.0,True
RP11-347P5.1,0.22984865,0.15324712,0.8182093756953769,1.0,True
COQ4,0.22946493,0.31883284,0.8185075720775937,1.0,True
ZNF131,0.22946493,0.2752975,0.8185075720775937,1.0,True
C6orf106,0.22946493,0.5569006,0.8185075720775937,1.0,True
RPRD1A,0.22908121,0.6466125,0.8188057947172853,1.0,True
ACSS1,0.22908121,0.2955392,0.8188057947172853,1.0,True
HIST1H2AC,0.2286975,0.4519963,0.8191040435728492,1.0,False
POM121,0.2286975,0.43113568,0.8191040435728492,1.0,True
GLI4,0.2286975,0.5937537,0.8191040435728492,1.0,True
TMEM106B,0.2286975,0.24556553,0.8191040435728492,1.0,True
C21orf2,0.22793005,0.34158507,0.8197006197651266,1.0,True
ATP5A1,0.22793005,0.019725107,0.8197006197651266,1.0,True
CD83,0.22793005,0.5565622,0.8197006197651266,1.0,True
MPC1,0.22793005,0.12713432,0.8197006197651266,1.0,True
LSM3,0.22754633,0.14798485,0.8199989470185782,1.0,True
ECHDC2,0.22754633,0.33386418,0.8199989470185782,1.0,True
CCDC159,0.22716261,0.30800846,0.8202973003213783,1.0,True
TOPORS,0.22716261,0.4786331,0.8202973003213783,1.0,True
SLC7A6OS,0.22716261,0.54997844,0.8202973003213783,1.0,True
ING4,0.22716261,0.24083303,0.8202973003213783,1.0,True
PTTG1IP,0.2267789,0.23816451,0.8205956796318676,1.0,True
SLC38A10,0.22639517,0.39788374,0.8208940849083756,1.0,True
E2F4,0.22639517,0.2844772,0.8208940849083756,1.0,True
NMD3,0.22601146,0.33237073,0.8211925161092205,1.0,True
ABCD3,0.22562774,0.3297612,0.8214909731927093,1.0,True
IFNGR1,0.22562774,0.1043937,0.8214909731927093,1.0,True
RAB27A,0.225244,0.101826034,0.8217894561171375,1.0,True
DERL2,0.22486028,0.10549456,0.8220879648407897,1.0,True
NUPL2,0.22486028,0.25222346,0.8220879648407897,1.0,True
CDK7,0.22486028,0.4440606,0.8220879648407897,1.0,True
CBLB,0.22409284,0.336142,0.822685059518848,1.0,True
BTG3,0.2233254,0.40746188,0.8232822568929361,1.0,True
CISD1,0.2233254,0.31517348,0.8232822568929361,1.0,True
PTPLAD1,0.22294168,0.49577487,0.823580893986584,1.0,True
TTC33,0.22255796,0.43521243,0.8238795566289279,1.0,True
CYHR1,0.22179052,0.89599085,0.8244769583925188,1.0,True
ZNF830,0.22179052,0.34295183,0.8244769583925188,1.0,True
RCC1,0.22179052,0.94339865,0.8244769583925188,1.0,True
GALT,0.22179052,0.24727474,0.8244769583925188,1.0,True
TUSC2,0.2214068,0.26465362,0.8247756974301454,1.0,True
SLFN12L,0.22102308,0.5345498,0.8250744618492274,1.0,True
PHPT1,0.22063936,0.12376759,0.8253732516079271,1.0,True
TMED7,0.21987192,0.53487855,0.8259709069767729,1.0,True
AGPAT6,0.2194882,0.47534835,0.8262697725031886,1.0,True
MAD2L1BP,0.21872076,0.85839266,0.8268675790305966,1.0,True
BAP1,0.21795331,0.91591865,0.8274654859114347,1.0,True
CDC40,0.21795331,0.21620585,0.8274654859114347,1.0,True
NUP153,0.21795331,0.9239914,0.8274654859114347,1.0,True
SNX10,0.21795331,0.3289208,0.8274654859114347,1.0,True
HERC6,0.21756959,0.5107685,0.8277644768795966,1.0,True
TAF6,0.21718587,0.35409173,0.8280634928103427,1.0,True
STYX,0.21718587,0.91126716,0.8280634928103427,1.0,True
BRMS1,0.21718587,0.23219647,0.8280634928103427,1.0,True
GPALPP1,0.21718587,0.8199542,0.8280634928103427,1.0,True
HEBP2,0.21718587,0.84841573,0.8280634928103427,1.0,True
UBE4B,0.21718587,0.8619572,0.8280634928103427,1.0,True
FAR1,0.21718587,0.78029585,0.8280634928103427,1.0,True
POLR2K,0.21718587,0.23490387,0.8280634928103427,1.0,True
FKBP15,0.21680215,0.55234593,0.8283625336617257,1.0,True
TRIP4,0.21680215,0.49929062,0.8283625336617257,1.0,True
ANKRD17,0.21641843,0.73758614,0.8286615993917876,1.0,True
MS4A1,0.21641843,0.20820273,0.8286615993917876,1.0,True
KCTD6,0.21641843,0.79618764,0.8286615993917876,1.0,True
KDM4C,0.21565099,0.7853707,0.8292598053200624,1.0,True
SPRYD7,0.21565099,0.8070374,0.8292598053200624,1.0,True
ZSCAN16,0.21565099,0.7826236,0.8292598053200624,1.0,True
TARDBP,0.21526727,0.2636555,0.8295589454343054,1.0,True
SURF2,0.21488355,0.19993734,0.8298581102592875,1.0,True
EPS15,0.21488355,0.24049047,0.8298581102592875,1.0,True
APOO,0.21488355,0.6338993,0.8298581102592875,1.0,True
NFU1,0.21488355,0.21178369,0.8298581102592875,1.0,True
MKL2,0.21449983,2.5884879,0.8301572997529968,1.0,True
GRAMD4,0.21449983,2.47999,0.8301572997529968,1.0,True
UBFD1,0.21449983,2.1361246,0.8301572997529968,1.0,True
GCLC,0.21449983,2.0785623,0.8301572997529968,1.0,True
PCYOX1L,0.21449983,2.3481066,0.8301572997529968,1.0,True
NEK3,0.21449983,2.1068552,0.8301572997529968,1.0,True
KBTBD7,0.21449983,2.3698978,0.8301572997529968,1.0,True
SPATA2,0.21449983,2.2472367,0.8301572997529968,1.0,True
FOXK1,0.21449983,2.149171,0.8301572997529968,1.0,True
SCAI,0.21449983,2.0978305,0.8301572997529968,1.0,True
C19orf55,0.21449983,2.1462338,0.8301572997529968,1.0,True
DSN1,0.21449983,2.0983162,0.8301572997529968,1.0,True
RNF139-AS1,0.21449983,2.2073245,0.8301572997529968,1.0,True
ARSD,0.21449983,2.2428243,0.8301572997529968,1.0,True
STAM,0.21449983,2.122386,0.8301572997529968,1.0,True
ATP6V0C,0.21449983,2.1116593,0.8301572997529968,1.0,True
STARD9,0.21449983,2.600124,0.8301572997529968,1.0,True
HECTD3,0.21449983,2.054341,0.8301572997529968,1.0,True
PIGW,0.21449983,2.3385255,0.8301572997529968,1.0,True
CCL4L2,0.21449983,2.1089141,0.8301572997529968,1.0,True
SNX8,0.21449983,2.3235562,0.8301572997529968,1.0,True
RP11-452F19.3,0.21449983,2.2073052,0.8301572997529968,1.0,True
TRIM62,0.21449983,2.447983,0.8301572997529968,1.0,True
AP001462.6,0.21449983,2.0780735,0.8301572997529968,1.0,True
KIAA1191,0.21449983,0.47097427,0.8301572997529968,1.0,True
FAM32A,0.21449983,0.18408337,0.8301572997529968,1.0,True
RNF165,0.21449983,3.0664704,0.8301572997529968,1.0,True
TFEB,0.21449983,2.313783,0.8301572997529968,1.0,True
CTD-2231E14.8,0.21449983,2.1362486,0.8301572997529968,1.0,True
MORN2,0.21449983,2.803156,0.8301572997529968,1.0,True
ZCCHC4,0.21449983,2.1610708,0.8301572997529968,1.0,True
ZNF789,0.21449983,2.375427,0.8301572997529968,1.0,True
CDKAL1,0.21449983,2.3258889,0.8301572997529968,1.0,True
RELL2,0.21449983,2.1636887,0.8301572997529968,1.0,True
DYRK1B,0.21449983,2.369579,0.8301572997529968,1.0,True
MTG1,0.21411611,0.6904245,0.8304565138734108,1.0,True
PPP2R2D,0.21411611,0.6670956,0.8304565138734108,1.0,True
GDE1,0.21411611,0.30200997,0.8304565138734108,1.0,True
NAA35,0.21411611,0.7332897,0.8304565138734108,1.0,True
ZNF814,0.21411611,0.7877383,0.8304565138734108,1.0,True
MAGOH,0.21411611,0.07955945,0.8304565138734108,1.0,True
CCDC92,0.21411611,0.76293933,0.8304565138734108,1.0,True
LPAR2,0.21373239,2.022652,0.8307557525784961,1.0,True
SLC11A1,0.21373239,2.0393856,0.8307557525784961,1.0,True
GGCX,0.21373239,0.41901544,0.8307557525784961,1.0,True
MAGEH1,0.21373239,0.4983435,0.8307557525784961,1.0,True
AREL1,0.21373239,2.0207856,0.8307557525784961,1.0,True
CCNJL,0.21373239,1.9934242,0.8307557525784961,1.0,True
PPP6R1,0.21373239,2.0695958,0.8307557525784961,1.0,True
TTL,0.21373239,1.9776353,0.8307557525784961,1.0,True
MEMO1,0.21373239,2.1470273,0.8307557525784961,1.0,True
CMTM8,0.21373239,2.2435148,0.8307557525784961,1.0,True
NIPAL2,0.21373239,2.109172,0.8307557525784961,1.0,True
ZNF668,0.21373239,2.108662,0.8307557525784961,1.0,True
KIF20B,0.21373239,2.0214539,0.8307557525784961,1.0,True
LRIG2,0.21373239,2.0810993,0.8307557525784961,1.0,True
AC018816.3,0.21373239,2.2502177,0.8307557525784961,1.0,True
TUBB6,0.21373239,2.0074315,0.8307557525784961,1.0,True
EIF2AK4,0.21373239,2.182087,0.8307557525784961,1.0,True
LINC00672,0.21373239,2.2720027,0.8307557525784961,1.0,True
KLHL28,0.21373239,0.55266553,0.8307557525784961,1.0,True
COPG2,0.21373239,2.017411,0.8307557525784961,1.0,True
FBXL8,0.21373239,2.0165389,0.8307557525784961,1.0,True
EME2,0.21373239,1.9740123,0.8307557525784961,1.0,True
FAM115A,0.21373239,2.097048,0.8307557525784961,1.0,True
ARHGAP18,0.21373239,2.071874,0.8307557525784961,1.0,True
TMEM186,0.21373239,2.113553,0.8307557525784961,1.0,True
KCTD2,0.21373239,1.9977616,0.8307557525784961,1.0,True
ARL5B,0.21373239,2.103198,0.8307557525784961,1.0,True
TK2,0.21373239,2.2339432,0.8307557525784961,1.0,True
FLVCR1,0.21373239,2.057508,0.8307557525784961,1.0,True
BTK,0.21373239,2.012773,0.8307557525784961,1.0,True
KLF11,0.21373239,2.047539,0.8307557525784961,1.0,True
PTCD1,0.21373239,2.1271102,0.8307557525784961,1.0,True
ZNF496,0.21373239,2.0740902,0.8307557525784961,1.0,True
C7orf31,0.21373239,2.0945039,0.8307557525784961,1.0,True
S100A12,0.21373239,2.1942985,0.8307557525784961,1.0,True
HLA-DOB,0.21373239,2.2585592,0.8307557525784961,1.0,True
NHEJ1,0.21373239,2.1295354,0.8307557525784961,1.0,True
ATP1A3,0.21373239,2.0432832,0.8307557525784961,1.0,True
SPEN,0.21334867,0.7432779,0.8310550158262088,1.0,True
RAD54L2,0.21334867,0.7274617,0.8310550158262088,1.0,True
DDX17,0.21334867,0.08492113,0.8310550158262088,1.0,True
PRR4,0.21334867,0.24287209,0.8310550158262088,1.0,True
DDX39A,0.21334867,0.113539845,0.8310550158262088,1.0,True
SNRNP40,0.21334867,0.09850892,0.8310550158262088,1.0,True
NFATC2IP,0.21334867,0.2376552,0.8310550158262088,1.0,True
RHOT2,0.21334867,0.2102364,0.8310550158262088,1.0,True
PCNXL4,0.21296495,1.9621022,0.8313543035744941,1.0,True
ZNF280C,0.21296495,1.9003644,0.8313543035744941,1.0,True
PET112,0.21296495,1.9614949,0.8313543035744941,1.0,True
CEP135,0.21296495,1.9781026,0.8313543035744941,1.0,True
RELL1,0.21296495,2.039344,0.8313543035744941,1.0,True
TAF4,0.21296495,1.9781281,0.8313543035744941,1.0,True
ZKSCAN5,0.21296495,2.0455067,0.8313543035744941,1.0,True
ETV7,0.21296495,2.0001776,0.8313543035744941,1.0,True
ZNF439,0.21296495,1.9278063,0.8313543035744941,1.0,True
SNCA,0.21296495,1.7284209,0.8313543035744941,1.0,True
C14orf159,0.21296495,0.37198713,0.8313543035744941,1.0,True
ZIK1,0.21296495,1.9085903,0.8313543035744941,1.0,True
ZMYND10,0.21296495,1.9978855,0.8313543035744941,1.0,True
CCDC50,0.21296495,1.9037493,0.8313543035744941,1.0,True
PLA2G15,0.21296495,2.065745,0.8313543035744941,1.0,True
ZNF703,0.21296495,1.9428596,0.8313543035744941,1.0,True
ZNF236,0.21296495,1.997661,0.8313543035744941,1.0,True
C12orf76,0.21258123,0.63546264,0.8316536157812868,1.0,True
SCRN2,0.21258123,0.3539417,0.8316536157812868,1.0,True
HIST1H4J,0.21219751,1.6052854,0.8319529524045111,1.0,False
DOCK5,0.21219751,1.3967333,0.8319529524045111,1.0,True
MYEF2,0.21219751,1.8665445,0.8319529524045111,1.0,True
SPDL1,0.21219751,1.8535763,0.8319529524045111,1.0,True
NEK8,0.21219751,1.8284153,0.8319529524045111,1.0,True
SLC9A1,0.21219751,1.9087993,0.8319529524045111,1.0,True
BRPF1,0.21219751,1.7053299,0.8319529524045111,1.0,True
ZNF707,0.21219751,1.6788803,0.8319529524045111,1.0,True
ABCB10,0.21219751,1.8808894,0.8319529524045111,1.0,True
POLH,0.21219751,1.8382409,0.8319529524045111,1.0,True
WSB2,0.21219751,1.9043754,0.8319529524045111,1.0,True
RABAC1,0.21219751,0.04464685,0.8319529524045111,1.0,True
CLPB,0.21219751,1.7583566,0.8319529524045111,1.0,True
PLCB1,0.21219751,1.5431548,0.8319529524045111,1.0,True
TMEM194B,0.21219751,1.8596054,0.8319529524045111,1.0,True
CHAF1B,0.21219751,1.9243082,0.8319529524045111,1.0,True
ADAM28,0.21219751,1.7033715,0.8319529524045111,1.0,True
TBC1D23,0.21219751,1.6674373,0.8319529524045111,1.0,True
MFSD9,0.21219751,1.45129,0.8319529524045111,1.0,True
ZNF782,0.21219751,1.8966545,0.8319529524045111,1.0,True
UPF1,0.21219751,1.6052196,0.8319529524045111,1.0,True
POLR1A,0.21219751,1.7608553,0.8319529524045111,1.0,True
CDHR3,0.21219751,1.6470085,0.8319529524045111,1.0,True
SSH1,0.21219751,1.540652,0.8319529524045111,1.0,True
USP28,0.21219751,0.46067968,0.8319529524045111,1.0,True
SDPR,0.21219751,1.2993579,0.8319529524045111,1.0,True
CUL4B,0.21219751,1.9706154,0.8319529524045111,1.0,True
PRDM8,0.21219751,1.952348,0.8319529524045111,1.0,True
NEK6,0.21219751,1.6932813,0.8319529524045111,1.0,True
ZNF831,0.21219751,1.7027555,0.8319529524045111,1.0,True
ZNF324,0.21219751,1.9380257,0.8319529524045111,1.0,True
RP11-218M22.1,0.21219751,1.6137315,0.8319529524045111,1.0,True
MAP3K5,0.21219751,1.7803268,0.8319529524045111,1.0,True
LARP7,0.2118138,0.17491122,0.8322523134020798,1.0,True
AP4M1,0.2118138,0.6665519,0.8322523134020798,1.0,True
MRPL1,0.2118138,0.2548722,0.8322523134020798,1.0,True
PGBD2,0.2118138,0.7645149,0.8322523134020798,1.0,True
MRPL42,0.2118138,0.36344403,0.8322523134020798,1.0,True
PVRIG,0.2118138,0.7730202,0.8322523134020798,1.0,True
ITPR3,0.21104634,0.7350237,0.8328511083518526,1.0,True
SIL1,0.21104634,0.6631088,0.8328511083518526,1.0,True
PPP1R21,0.21104634,0.61765504,0.8328511083518526,1.0,True
KPNA6,0.21104634,0.6468748,0.8328511083518526,1.0,True
SYNGR2,0.21104634,0.17994526,0.8328511083518526,1.0,True
RDX,0.21066262,0.43663976,0.8331505422198303,1.0,True
LRRFIP2,0.21066262,0.45584512,0.8331505422198303,1.0,True
SPG11,0.21066262,0.46250293,0.8331505422198303,1.0,True
SERTAD3,0.2102789,0.53919494,0.8334500002937004,1.0,True
NEDD1,0.2102789,0.6376084,0.8334500002937004,1.0,True
MGRN1,0.2102789,0.6723844,0.8334500002937004,1.0,True
BRD4,0.2102789,0.33059284,0.8334500002937004,1.0,True
RHBDF2,0.2102789,0.41250747,0.8334500002937004,1.0,True
CTC-524C5.2,0.2102789,0.7479978,0.8334500002937004,1.0,True
SLC1A7,0.2102789,0.7585092,0.8334500002937004,1.0,True
CASP7,0.20951146,0.67233366,0.8340489888905501,1.0,True
ARFGAP1,0.20951146,0.5655422,0.8340489888905501,1.0,True
EDC3,0.20951146,0.6588495,0.8340489888905501,1.0,True
NADK,0.20912774,0.4124338,0.8343485193292192,1.0,True
C12orf4,0.20874402,0.6075313,0.8346480738051598,1.0,True
MDFIC,0.20874402,0.6293961,0.8346480738051598,1.0,True
SASS6,0.20874402,0.5679564,0.8346480738051598,1.0,True
PLEKHO1,0.20874402,0.67217654,0.8346480738051598,1.0,True
USE1,0.20874402,0.22963196,0.8346480738051598,1.0,True
TCERG1,0.2083603,0.32737783,0.8349476522761909,1.0,True
WDR26,0.20797658,0.6400485,0.8352472547001205,1.0,True
NR4A2,0.20797658,0.06910894,0.8352472547001205,1.0,True
HSF1,0.20797658,0.2755819,0.8352472547001205,1.0,True
TGFBR2,0.20797658,0.29646736,0.8352472547001205,1.0,True
TBP,0.20797658,0.42636552,0.8352472547001205,1.0,True
GLMN,0.20759286,0.37289676,0.8355468810347462,1.0,True
ZNF44,0.20605798,0.4340807,0.836745624635801,1.0,True
MIS12,0.20605798,0.37705043,0.836745624635801,1.0,True
ADCK3,0.20605798,0.43334332,0.836745624635801,1.0,True
KCTD5,0.20567426,0.20503539,0.8370453698905097,1.0,True
TIMM44,0.20529054,0.37892684,0.837345138802483,1.0,True
S1PR1,0.20452309,0.40392932,0.8379447474291136,1.0,True
CRELD1,0.20375565,0.34972158,0.8385444501773717,1.0,True
TRAPPC10,0.20337193,0.6149792,0.8388443367413405,1.0,True
NT5C2,0.2029882,0.40592563,0.8391442467087715,1.0,True
STK25,0.20260449,0.21808991,0.8394441800373281,1.0,True
DCTN6,0.20222077,0.29070732,0.8397441366846643,1.0,True
C17orf75,0.20106961,0.48791668,0.8406441461157328,1.0,True
BCAS4,0.20068589,0.39298674,0.8409441956145197,1.0,True
WDR6,0.20030217,0.5569439,0.8412442682202022,1.0,True
RNF181,0.20030217,0.03869206,0.8412442682202022,1.0,True
SH3BP1,0.19991845,0.10149181,0.8415443638903728,1.0,True
AKAP7,0.19953473,0.6143741,0.8418444825826147,1.0,True
ACADS,0.19876729,0.5400038,0.8424447888635935,1.0,True
MED6,0.19876729,0.16016118,0.8424447888635935,1.0,True
MARK3,0.19876729,0.1952259,0.8424447888635935,1.0,True
ERGIC1,0.19799985,0.32099974,0.8430451867236012,1.0,True
LONP2,0.19799985,0.5871355,0.8430451867236012,1.0,True
GTPBP6,0.19761612,0.23914644,0.8433454198895917,1.0,True
TSPAN5,0.1972324,0.5195967,0.8436456758229406,1.0,True
INIP,0.19684868,0.32563818,0.8439459544811608,1.0,True
CBX5,0.19646496,0.529042,0.8442462558217556,1.0,True
AK2,0.19646496,0.18140054,0.8442462558217556,1.0,True
LGALS8,0.19646496,0.3919997,0.8442462558217556,1.0,True
C17orf59,0.19646496,0.28714266,0.8442462558217556,1.0,True
TLE1,0.19569752,0.5997336,0.8448469263800316,1.0,True
DUSP22,0.19569752,0.58715147,0.8448469263800316,1.0,True
RP11-244H3.4,0.19493008,0.49181223,0.8454476871575958,1.0,True
CYB5R4,0.19493008,0.28834277,0.8454476871575958,1.0,True
MRPS17-1,0.19493008,0.5712812,0.8454476871575958,1.0,True
HAUS6,0.19493008,1.1117927,0.8454476871575958,1.0,True
DDX1,0.19454636,0.3034337,0.845748101272264,1.0,True
SYNCRIP,0.19454636,0.2672083,0.845748101272264,1.0,True
ATF1,0.19416264,0.2791941,0.8460485378141183,1.0,True
PHB2,0.19416264,0.1162772,0.8460485378141183,1.0,True
NR1D2,0.1933952,0.8688887,0.8466494780091122,1.0,True
PHKB,0.1933952,0.5002749,0.8466494780091122,1.0,True
ALG6,0.1933952,0.8177031,0.8466494780091122,1.0,True
CAPG,0.1933952,0.20132388,0.8466494780091122,1.0,True
TMEM245,0.1933952,0.9327401,0.8466494780091122,1.0,True
MED24,0.19301148,0.13382684,0.8469499815770911,1.0,True
TMEM87B,0.19262776,0.88134146,0.8472505074019345,1.0,True
CHCHD4,0.19262776,0.8857911,0.8472505074019345,1.0,True
MANBA,0.19262776,0.89701575,0.8472505074019345,1.0,True
HK1,0.19262776,0.24650618,0.8472505074019345,1.0,True
BDH1,0.19262776,0.9027495,0.8472505074019345,1.0,True
NAA40,0.19262776,0.83631533,0.8472505074019345,1.0,True
PGM2,0.19262776,0.8079569,0.8472505074019345,1.0,True
AMMECR1,0.19262776,0.86792755,0.8472505074019345,1.0,True
RRM2B,0.19186032,1.0572721,0.8478516256517866,1.0,True
BBS7,0.19186032,0.7804535,0.8478516256517866,1.0,True
LRRC8C,0.19186032,0.8562649,0.8478516256517866,1.0,True
ALAD,0.19186032,0.9001287,0.8478516256517866,1.0,True
API5,0.19186032,0.3705007,0.8478516256517866,1.0,True
SLAMF6,0.19186032,0.23121552,0.8478516256517866,1.0,True
RAPGEF6,0.19186032,0.8236695,0.8478516256517866,1.0,True
SBK1,0.19186032,0.52690035,0.8478516256517866,1.0,True
KPNA4,0.19186032,0.5259308,0.8478516256517866,1.0,True
TMEM18,0.1914766,0.2208902,0.8481522179915568,1.0,True
NUDC,0.1914766,0.08604416,0.8481522179915568,1.0,True
PPP1R3D,0.19109288,0.8290491,0.8484528324177147,1.0,True
ZNF559,0.19109288,0.9170065,0.8484528324177147,1.0,True
VAMP4,0.19109288,0.43805742,0.8484528324177147,1.0,True
PINK1,0.19109288,1.060191,0.8484528324177147,1.0,True
GALNT11,0.19109288,0.15594962,0.8484528324177147,1.0,True
CCNK,0.19070914,0.43893254,0.848753468887617,1.0,True
RP11-355B11.2,0.19032542,24.24,0.8490541273586106,1.0,True
MYLPF,0.19032542,24.16715,0.8490541273586106,1.0,True
HIP1R,0.19032542,24.180294,0.8490541273586106,1.0,True
FANCD2,0.19032542,23.996656,0.8490541273586106,1.0,True
AP4B1-AS1,0.19032542,24.199158,0.8490541273586106,1.0,True
RAD51,0.19032542,24.064573,0.8490541273586106,1.0,True
RP11-554J4.1,0.19032542,24.137777,0.8490541273586106,1.0,True
RP11-589C21.5,0.19032542,24.085247,0.8490541273586106,1.0,True
HIST1H1B,0.19032542,24.17777,0.8490541273586106,1.0,False
AURKB,0.19032542,24.007544,0.8490541273586106,1.0,True
PFAS,0.19032542,24.065903,0.8490541273586106,1.0,True
PLEKHN1,0.19032542,24.146587,0.8490541273586106,1.0,True
AC012360.4,0.19032542,24.002312,0.8490541273586106,1.0,True
C16orf86,0.19032542,24.246172,0.8490541273586106,1.0,True
RP11-67L2.2,0.19032542,24.217436,0.8490541273586106,1.0,True
PLOD1,0.19032542,23.68704,0.8490541273586106,1.0,True
RP11-229P13.20,0.19032542,24.343323,0.8490541273586106,1.0,True
KANK3,0.19032542,24.301352,0.8490541273586106,1.0,True
VIPR2,0.19032542,24.197,0.8490541273586106,1.0,True
RP13-582O9.7,0.19032542,24.431654,0.8490541273586106,1.0,True
RP11-65I12.1,0.19032542,1.0076872,0.8490541273586106,1.0,True
C3orf18,0.19032542,24.219736,0.8490541273586106,1.0,True
MAMDC4,0.19032542,24.1489,0.8490541273586106,1.0,True
RP11-440L14.1,0.19032542,24.271132,0.8490541273586106,1.0,True
C9orf139,0.19032542,24.246258,0.8490541273586106,1.0,True
C1orf177,0.19032542,24.19301,0.8490541273586106,1.0,True
NAA60,0.19032542,24.281761,0.8490541273586106,1.0,True
SFXN5,0.19032542,24.30114,0.8490541273586106,1.0,True
USP6NL,0.19032542,24.101131,0.8490541273586106,1.0,True
LCAT,0.19032542,24.242638,0.8490541273586106,1.0,True
RP11-799D4.4,0.19032542,24.284113,0.8490541273586106,1.0,True
TTC21B,0.19032542,24.236998,0.8490541273586106,1.0,True
CDKN3,0.19032542,24.147533,0.8490541273586106,1.0,True
ANKAR,0.19032542,24.157986,0.8490541273586106,1.0,True
CD33,0.19032542,24.49467,0.8490541273586106,1.0,True
PARS2,0.19032542,24.02711,0.8490541273586106,1.0,True
ZNF862,0.19032542,24.197496,0.8490541273586106,1.0,True
PLXDC2,0.19032542,24.132061,0.8490541273586106,1.0,True
SIGLEC9,0.19032542,24.212677,0.8490541273586106,1.0,True
ARL5B-AS1,0.19032542,24.396578,0.8490541273586106,1.0,True
LMO2,0.19032542,24.234362,0.8490541273586106,1.0,True
CSF2RA,0.19032542,23.9878,0.8490541273586106,1.0,True
NPTXR,0.19032542,24.181625,0.8490541273586106,1.0,True
SNORA40-1,0.19032542,24.279802,0.8490541273586106,1.0,True
ZBTB47,0.19032542,24.16805,0.8490541273586106,1.0,True
MAN1C1,0.19032542,24.241882,0.8490541273586106,1.0,True
IQCH-AS1,0.19032542,24.340797,0.8490541273586106,1.0,True
C8orf88,0.19032542,24.369642,0.8490541273586106,1.0,True
RP11-66N11.8,0.19032542,24.21693,0.8490541273586106,1.0,True
RP11-301O19.1,0.19032542,24.3179,0.8490541273586106,1.0,True
BOLA3-AS1,0.19032542,24.211782,0.8490541273586106,1.0,True
E2F1,0.19032542,24.0574,0.8490541273586106,1.0,True
UHRF1BP1,0.19032542,24.218472,0.8490541273586106,1.0,True
PSEN2,0.19032542,24.166374,0.8490541273586106,1.0,True
CTD-2302E22.4,0.19032542,24.618553,0.8490541273586106,1.0,True
DHX40,0.19032542,23.945784,0.8490541273586106,1.0,True
LIN9,0.19032542,24.297462,0.8490541273586106,1.0,True
PEX11A,0.19032542,24.219982,0.8490541273586106,1.0,True
PVRL2,0.19032542,24.21803,0.8490541273586106,1.0,True
CENPJ,0.19032542,24.225765,0.8490541273586106,1.0,True
AC026202.1,0.19032542,24.459227,0.8490541273586106,1.0,True
AC027307.3,0.19032542,24.041376,0.8490541273586106,1.0,True
THBS1,0.19032542,24.369043,0.8490541273586106,1.0,True
CORO6,0.19032542,24.1656,0.8490541273586106,1.0,True
CTD-2651B20.3,0.19032542,24.14414,0.8490541273586106,1.0,True
PHYHD1,0.19032542,24.255157,0.8490541273586106,1.0,True
CLEC4A,0.19032542,24.128382,0.8490541273586106,1.0,True
RECQL5,0.19032542,24.24132,0.8490541273586106,1.0,True
PEBP4,0.19032542,24.071913,0.8490541273586106,1.0,True
INTS6-AS1,0.19032542,24.209452,0.8490541273586106,1.0,True
CDK1,0.19032542,24.228533,0.8490541273586106,1.0,True
GINS2,0.19032542,23.810785,0.8490541273586106,1.0,True
TFAP2E,0.19032542,24.36241,0.8490541273586106,1.0,True
C16orf45,0.19032542,0.800392,0.8490541273586106,1.0,True
TNK2-AS1,0.19032542,24.087513,0.8490541273586106,1.0,True
GPD2,0.19032542,24.131922,0.8490541273586106,1.0,True
HEATR6,0.19032542,24.188507,0.8490541273586106,1.0,True
PTGR2,0.19032542,24.198092,0.8490541273586106,1.0,True
MEGF8,0.19032542,24.25056,0.8490541273586106,1.0,True
AURKA,0.19032542,24.203289,0.8490541273586106,1.0,True
GNA12,0.19032542,24.256914,0.8490541273586106,1.0,True
C2orf44,0.19032542,24.19831,0.8490541273586106,1.0,True
NPIPA5,0.19032542,24.235964,0.8490541273586106,1.0,True
RP11-490O6.2,0.19032542,24.177122,0.8490541273586106,1.0,True
MYH11,0.19032542,24.044426,0.8490541273586106,1.0,True
MUC12,0.19032542,24.389687,0.8490541273586106,1.0,True
SLC48A1,0.19032542,23.956675,0.8490541273586106,1.0,True
FDXACB1,0.19032542,24.412357,0.8490541273586106,1.0,True
TMEM117,0.19032542,24.33714,0.8490541273586106,1.0,True
LRRC16B,0.19032542,24.272636,0.8490541273586106,1.0,True
C19orf73,0.19032542,24.136549,0.8490541273586106,1.0,True
ZFP69B,0.19032542,24.166279,0.8490541273586106,1.0,True
AC021860.1,0.19032542,24.213686,0.8490541273586106,1.0,True
GLIPR1L2,0.19032542,24.049042,0.8490541273586106,1.0,True
PLCB3,0.19032542,24.54881,0.8490541273586106,1.0,True
TMEM241,0.19032542,24.157007,0.8490541273586106,1.0,True
ARVCF,0.19032542,24.234749,0.8490541273586106,1.0,True
NUDT13,0.19032542,24.361082,0.8490541273586106,1.0,True
FDXR,0.19032542,24.178894,0.8490541273586106,1.0,True
INPP5B,0.19032542,24.536428,0.8490541273586106,1.0,True
AKAP5,0.19032542,24.194572,0.8490541273586106,1.0,True
HMGB3,0.19032542,23.70704,0.8490541273586106,1.0,True
RTKN,0.19032542,24.26029,0.8490541273586106,1.0,True
SCFD2,0.19032542,23.974937,0.8490541273586106,1.0,True
NCF4,0.19032542,24.081472,0.8490541273586106,1.0,True
7SK-2,0.19032542,24.512861,0.8490541273586106,1.0,True
HLA-DQB2,0.19032542,24.216244,0.8490541273586106,1.0,True
RP5-1021I20.1,0.19032542,24.492428,0.8490541273586106,1.0,True
FAM167B,0.19032542,24.304893,0.8490541273586106,1.0,True
SLC6A4,0.19032542,24.305277,0.8490541273586106,1.0,True
RP11-354P11.3,0.19032542,24.152613,0.8490541273586106,1.0,True
EPOR,0.19032542,0.92038554,0.8490541273586106,1.0,True
KIAA1524,0.19032542,23.813745,0.8490541273586106,1.0,True
CENPO,0.19032542,24.114275,0.8490541273586106,1.0,True
CHN2,0.19032542,24.253307,0.8490541273586106,1.0,True
CES1,0.19032542,24.136192,0.8490541273586106,1.0,True
DYNLL1-AS1,0.19032542,24.194115,0.8490541273586106,1.0,True
RP5-1050D4.3,0.19032542,24.25908,0.8490541273586106,1.0,True
ROBO3,0.19032542,24.140047,0.8490541273586106,1.0,True
LRRC48,0.19032542,24.236032,0.8490541273586106,1.0,True
ZNF77,0.19032542,24.074009,0.8490541273586106,1.0,True
C10orf11,0.19032542,24.065714,0.8490541273586106,1.0,True
EPS8L1,0.19032542,24.042128,0.8490541273586106,1.0,True
WDR47,0.19032542,24.248678,0.8490541273586106,1.0,True
KYNU,0.19032542,24.21239,0.8490541273586106,1.0,True
PAN2,0.19032542,24.305183,0.8490541273586106,1.0,True
NFE2,0.19032542,24.214153,0.8490541273586106,1.0,True
CYP2D6,0.19032542,24.120573,0.8490541273586106,1.0,True
RABGAP1,0.19032542,0.7995028,0.8490541273586106,1.0,True
RP11-456D7.1,0.19032542,24.15673,0.8490541273586106,1.0,True
COPZ2,0.19032542,24.218506,0.8490541273586106,1.0,True
FBXO5,0.19032542,24.172743,0.8490541273586106,1.0,True
TNRC18,0.19032542,24.186836,0.8490541273586106,1.0,True
KCTD15,0.19032542,24.348536,0.8490541273586106,1.0,True
CTC-523E23.1,0.19032542,24.134733,0.8490541273586106,1.0,True
AC093609.1,0.19032542,24.3081,0.8490541273586106,1.0,True
C19orf35,0.19032542,24.184307,0.8490541273586106,1.0,True
ABCB4,0.19032542,23.991076,0.8490541273586106,1.0,True
CEP85,0.19032542,24.243708,0.8490541273586106,1.0,True
TPM2,0.19032542,24.192461,0.8490541273586106,1.0,True
ZNF844,0.19032542,24.563845,0.8490541273586106,1.0,True
AC108488.4,0.19032542,24.11195,0.8490541273586106,1.0,True
RP11-78A19.3,0.19032542,24.22092,0.8490541273586106,1.0,True
ATL2,0.19032542,24.226446,0.8490541273586106,1.0,True
CCDC106,0.19032542,24.190891,0.8490541273586106,1.0,True
RP11-96K19.2,0.19032542,24.00318,0.8490541273586106,1.0,True
SLFN12,0.19032542,24.220316,0.8490541273586106,1.0,True
FAM102B,0.19032542,24.179468,0.8490541273586106,1.0,True
RP11-884K10.7,0.19032542,24.21743,0.8490541273586106,1.0,True
CYSLTR1,0.19032542,24.242533,0.8490541273586106,1.0,True
ZNF442,0.19032542,24.258263,0.8490541273586106,1.0,True
BRPF3,0.19032542,24.290451,0.8490541273586106,1.0,True
HIVEP1,0.19032542,24.284266,0.8490541273586106,1.0,True
PLXNB2,0.19032542,24.215986,0.8490541273586106,1.0,True
TRIM58,0.19032542,24.076368,0.8490541273586106,1.0,True
SULT1A1,0.19032542,24.142096,0.8490541273586106,1.0,True
RP11-97C16.1,0.19032542,24.235394,0.8490541273586106,1.0,True
TDRKH,0.19032542,23.985514,0.8490541273586106,1.0,True
OAZ3,0.19032542,24.205616,0.8490541273586106,1.0,True
ZNF736,0.19032542,24.23041,0.8490541273586106,1.0,True
LINC00944,0.19032542,24.13568,0.8490541273586106,1.0,True
RAPGEFL1,0.19032542,24.186226,0.8490541273586106,1.0,True
PHGDH,0.19032542,24.202688,0.8490541273586106,1.0,True
RP11-791G15.2,0.19032542,24.09869,0.8490541273586106,1.0,True
TOP3A,0.19032542,24.094389,0.8490541273586106,1.0,True
XXbac-BPG181M17.6,0.19032542,24.175577,0.8490541273586106,1.0,True
SULT1B1,0.19032542,24.188253,0.8490541273586106,1.0,True
AC074117.10,0.19032542,24.226889,0.8490541273586106,1.0,True
SLC16A6,0.19032542,24.17904,0.8490541273586106,1.0,True
FAM193B,0.19032542,24.230158,0.8490541273586106,1.0,True
BCL2L2,0.19032542,24.100576,0.8490541273586106,1.0,True
KCTD1,0.19032542,23.905684,0.8490541273586106,1.0,True
LRRC37A,0.19032542,24.186665,0.8490541273586106,1.0,True
MAMSTR,0.19032542,24.150753,0.8490541273586106,1.0,True
FEN1,0.19032542,0.7957775,0.8490541273586106,1.0,True
UST,0.19032542,24.316217,0.8490541273586106,1.0,True
STXBP5,0.19032542,24.230717,0.8490541273586106,1.0,True
LY86,0.19032542,24.008953,0.8490541273586106,1.0,True
AGER,0.19032542,24.15808,0.8490541273586106,1.0,True
DNAJC28,0.19032542,24.41831,0.8490541273586106,1.0,True
TNFRSF12A,0.19032542,24.121054,0.8490541273586106,1.0,True
MDS2,0.19032542,24.109903,0.8490541273586106,1.0,True
CKAP2L,0.19032542,23.70704,0.8490541273586106,1.0,True
CENPA,0.19032542,24.05979,0.8490541273586106,1.0,True
NAP1L3,0.19032542,24.197916,0.8490541273586106,1.0,True
ZNF154,0.19032542,24.333494,0.8490541273586106,1.0,True
SKA3,0.19032542,23.858889,0.8490541273586106,1.0,True
BHLHE40-AS1,0.19032542,24.12065,0.8490541273586106,1.0,True
MIPEP,0.19032542,24.169538,0.8490541273586106,1.0,True
CCNB1,0.19032542,24.052765,0.8490541273586106,1.0,True
RRM2,0.19032542,24.0418,0.8490541273586106,1.0,True
CSTF2,0.19032542,24.268871,0.8490541273586106,1.0,True
TSNARE1,0.19032542,24.199873,0.8490541273586106,1.0,True
TMEM131,0.19032542,24.275784,0.8490541273586106,1.0,True
RANBP17,0.19032542,24.235067,0.8490541273586106,1.0,True
RP11-712B9.2,0.19032542,24.150387,0.8490541273586106,1.0,True
PHC1,0.19032542,24.242912,0.8490541273586106,1.0,True
NAPB,0.18955798,0.77042866,0.8496555101332123,1.0,True
C11orf24,0.18955798,0.87830204,0.8496555101332123,1.0,True
EPC2,0.18955798,0.874812,0.8496555101332123,1.0,True
DIEXF,0.18955798,0.8528594,0.8496555101332123,1.0,True
VPS41,0.18955798,0.47266483,0.8496555101332123,1.0,True
COLGALT1,0.18955798,0.8094329,0.8496555101332123,1.0,True
ANKRD10,0.18955798,0.32590184,0.8496555101332123,1.0,True
PON2,0.18955798,0.78086084,0.8496555101332123,1.0,True
CACUL1,0.18955798,0.7168989,0.8496555101332123,1.0,True
MMS19,0.18955798,1.0143744,0.8496555101332123,1.0,True
C7orf60,0.18879054,0.83636117,0.8502569804001042,1.0,True
ERO1L,0.18879054,0.8440441,0.8502569804001042,1.0,True
BCS1L,0.18879054,0.80400985,0.8502569804001042,1.0,True
ZBTB10,0.18879054,0.8765385,0.8502569804001042,1.0,True
MAP2K2,0.18879054,0.160353,0.8502569804001042,1.0,True
SLC2A11,0.18879054,0.7663833,0.8502569804001042,1.0,True
HDAC5,0.18879054,0.5429503,0.8502569804001042,1.0,True
RBM4,0.18879054,0.11381017,0.8502569804001042,1.0,True
BRCC3,0.18879054,0.8604943,0.8502569804001042,1.0,True
CMKLR1,0.1880231,0.83617705,0.8508585378177183,1.0,True
FAM8A1,0.1880231,0.7792972,0.8508585378177183,1.0,True
FAM179B,0.1880231,0.7214759,0.8508585378177183,1.0,True
DHRS7B,0.1880231,0.62313026,0.8508585378177183,1.0,True
GTF3C5,0.1880231,0.4825426,0.8508585378177183,1.0,True
RBAK-RBAKDN,0.1880231,0.75734913,0.8508585378177183,1.0,True
PPP1R7,0.18763939,0.06836789,0.8511593491012643,1.0,True
PAM16,0.18725567,0.6807236,0.8514601820443339,1.0,True
KIAA0247,0.18725567,0.6564176,0.8514601820443339,1.0,True
ZNF414,0.18725567,0.4461949,0.8514601820443339,1.0,True
RP11-611E13.2,0.18725567,0.45063734,0.8514601820443339,1.0,True
TRIT1,0.18725567,0.71585333,0.8514601820443339,1.0,True
TTC32,0.18725567,0.77379024,0.8514601820443339,1.0,True
PIP4K2C,0.18725567,0.7482084,0.8514601820443339,1.0,True
LMNB1,0.18725567,0.7258322,0.8514601820443339,1.0,True
CSNK1G3,0.18725567,0.7478843,0.8514601820443339,1.0,True
TMEM168,0.18725567,0.72371626,0.8514601820443339,1.0,True
SPPL3,0.18725567,0.66541344,0.8514601820443339,1.0,True
SC5D,0.18725567,0.7267404,0.8514601820443339,1.0,True
MAN1A2,0.18725567,0.36656043,0.8514601820443339,1.0,True
TTC14,0.18725567,0.09204258,0.8514601820443339,1.0,True
ARMC6,0.18648823,0.43600845,0.8520619127380797,1.0,True
HIPK1,0.18648823,0.5639011,0.8520619127380797,1.0,True
SPIN1,0.18648823,0.6812808,0.8520619127380797,1.0,True
ZNF91,0.18648823,0.2336463,0.8520619127380797,1.0,True
RTCA,0.18648823,0.2553785,0.8520619127380797,1.0,True
IPO5,0.1861045,0.2216029,0.85236281040325,1.0,True
BBS9,0.1861045,0.7326221,0.85236281040325,1.0,True
USP34,0.1861045,0.5215454,0.85236281040325,1.0,True
HIST2H2BE,0.18572079,0.43276307,0.8526637295569325,1.0,False
GATAD2B,0.18572079,0.44713768,0.8526637295569325,1.0,True
STAG1,0.18572079,0.76955205,0.8526637295569325,1.0,True
PTBP1,0.18572079,0.19829997,0.8526637295569325,1.0,True
TMEM175,0.18572079,0.42855203,0.8526637295569325,1.0,True
DHRSX,0.18572079,0.681431,0.8526637295569325,1.0,True
MAP4K5,0.18572079,0.8126437,0.8526637295569325,1.0,True
C16orf91,0.18495335,0.4830058,0.8532656321587189,1.0,True
DOK1,0.18495335,0.2793502,0.8532656321587189,1.0,True
TDRD3,0.18495335,0.55249864,0.8532656321587189,1.0,True
LRCH3,0.18495335,0.38387692,0.8532656321587189,1.0,True
CCNT2,0.18495335,0.6370878,0.8532656321587189,1.0,True
POMC,0.18456963,0.19665644,0.853566615521242,1.0,True
SUGP2,0.1841859,0.3927158,0.8538676202011158,1.0,True
SKIL,0.1841859,0.65175647,0.8538676202011158,1.0,True
PEX3,0.1841859,0.39626887,0.8538676202011158,1.0,True
SLC1A5,0.1841859,0.66632277,0.8538676202011158,1.0,True
RAB8B,0.1841859,0.23241486,0.8538676202011158,1.0,True
MED17,0.1841859,0.4225183,0.8538676202011158,1.0,True
ATPAF1,0.1841859,0.2815805,0.8538676202011158,1.0,True
FAM178A,0.1841859,0.6229773,0.8538676202011158,1.0,True
COX14,0.1841859,0.079612836,0.8538676202011158,1.0,True
VCL,0.18341845,0.4148205,0.8544696933416511,1.0,True
C14orf80,0.18341845,0.35823643,0.8544696933416511,1.0,True
GFER,0.18341845,0.2231212,0.8544696933416511,1.0,True
UBAC1,0.18341845,0.55631083,0.8544696933416511,1.0,True
CAPN10,0.18341845,0.73711175,0.8544696933416511,1.0,True
KAT5,0.18265101,0.2963709,0.8550718512377035,1.0,True
TMEM216,0.18188357,0.47653466,0.855674093546504,1.0,True
RIT1,0.18188357,0.27650678,0.855674093546504,1.0,True
UBR4,0.18111613,0.3929222,0.8562764199251359,1.0,True
ZNF335,0.18111613,0.59184426,0.8562764199251359,1.0,True
PDCD7,0.1803487,0.14301515,0.8568788300305359,1.0,True
NAE1,0.1803487,0.16278683,0.8568788300305359,1.0,True
MRPS35,0.17996497,0.23720007,0.8571800663735265,1.0,True
MRPL27,0.17958125,0.22449236,0.857481323519494,1.0,True
OSM,0.17958125,0.38408786,0.857481323519494,1.0,True
STMN1,0.17881382,0.17753498,0.8580839000486548,1.0,True
TBCA,0.1784301,0.047511037,0.8583852193459728,1.0,True
TUBA1C,0.17766266,0.26368567,0.8589879197913284,1.0,True
ZNHIT3,0.17766266,0.03730688,0.8589879197913284,1.0,True
BANK1,0.17727894,0.2942688,0.8592893008534367,1.0,True
PNRC2,0.17651148,0.32853833,0.8598921244416234,1.0,True
CABIN1,0.17612776,0.2305387,0.8601935668817187,1.0,True
CPSF3L,0.17574404,0.15960151,0.860495029695145,1.0,True
YPEL5,0.17574404,0.065797545,0.860495029695145,1.0,True
MPC2,0.17574404,0.013680634,0.860495029695145,1.0,True
ADRB2,0.17574404,0.18285927,0.860495029695145,1.0,True
GGCT,0.1749766,0.2838709,0.861098016269926,1.0,True
BCL2L12,0.1749766,0.25707498,0.861098016269926,1.0,True
GBP2,0.1749766,0.07152791,0.861098016269926,1.0,True
SLC44A2,0.17382544,0.18607368,0.862002647856444,1.0,True
TSTD1,0.17344172,0.09387345,0.8623042320062541,1.0,True
SP2,0.173058,0.5712938,0.8626058362281118,1.0,True
RNF38,0.173058,0.626502,0.8626058362281118,1.0,True
PAIP1,0.173058,0.20200023,0.8626058362281118,1.0,True
SCAF4,0.17190684,0.2011577,0.8635107688951709,1.0,True
G3BP1,0.17152312,0.092241906,0.8638124529743751,1.0,True
IMPA1,0.17152312,0.51509225,0.8638124529743751,1.0,True
TRIM52,0.17075568,0.43600363,0.8644158806594097,1.0,True
DDX39B,0.17075568,0.5034374,0.8644158806594097,1.0,True
RCL1,0.16998823,0.48318037,0.8650193874257734,1.0,True
CEP95,0.16998823,0.5579485,0.8650193874257734,1.0,True
PCF11,0.16960451,0.33137035,0.8653211703566069,1.0,True
DTNB,0.16922079,0.576705,0.8656229729283391,1.0,True
RNASEH1-AS1,0.16883707,1.0417036,0.8659247950978075,1.0,True
UBE3D,0.16883707,0.9871166,0.8659247950978075,1.0,True
MBD5,0.16883707,1.1547946,0.8659247950978075,1.0,True
GALE,0.16883707,1.0094488,0.8659247950978075,1.0,True
GSTM3,0.16883707,1.2149786,0.8659247950978075,1.0,True
POLR3A,0.16883707,1.0223182,0.8659247950978075,1.0,True
C8orf58,0.16806963,1.0248462,0.8665284980572602,1.0,True
FOSL2,0.16806963,0.3195369,0.8665284980572602,1.0,True
ITFG3,0.16806963,0.91887534,0.8665284980572602,1.0,True
UQCC1,0.16806963,1.2263342,0.8665284980572602,1.0,True
RP13-582O9.5,0.16806963,1.1603687,0.8665284980572602,1.0,True
MIR22HG,0.16806963,1.1145413,0.8665284980572602,1.0,True
DENND6B,0.16730219,0.9512366,0.8671322788894942,1.0,True
HS3ST3B1,0.16730219,0.99403757,0.8671322788894942,1.0,True
KDM2B,0.16730219,0.26209757,0.8671322788894942,1.0,True
RAB11FIP1,0.16730219,0.36567074,0.8671322788894942,1.0,True
NAP1L5,0.16730219,1.0188365,0.8671322788894942,1.0,True
ZNF684,0.16730219,1.1757749,0.8671322788894942,1.0,True
CCDC82,0.16691847,0.2534069,0.8674341983999072,1.0,True
RPS6KA3,0.16691847,0.5398353,0.8674341983999072,1.0,False
TMEM30A,0.16691847,0.19187675,0.8674341983999072,1.0,True
DMTF1,0.16691847,0.4580272,0.8674341983999072,1.0,True
RB1CC1,0.16691847,0.52091634,0.8674341983999072,1.0,True
RAB21,0.16691847,0.50083053,0.8674341983999072,1.0,True
PILRA,0.16653475,1.0343521,0.8677361372489023,1.0,True
THOP1,0.16653475,0.9963502,0.8677361372489023,1.0,True
DYRK1A,0.16653475,1.0943997,0.8677361372489023,1.0,True
SNX30,0.16653475,1.0466205,0.8677361372489023,1.0,True
FBXO38,0.16653475,0.9875835,0.8677361372489023,1.0,True
RPS6KC1,0.16653475,0.9483912,0.8677361372489023,1.0,False
ATP2C1,0.16653475,0.95836455,0.8677361372489023,1.0,True
RP11-468E2.4,0.16653475,1.1663966,0.8677361372489023,1.0,True
VPS52,0.16615103,0.57070285,0.8680380953932572,1.0,True
RPL39L,0.16615103,0.44977283,0.8680380953932572,1.0,False
ASB6,0.16615103,0.5272521,0.8680380953932572,1.0,True
SARM1,0.16576731,1.0180393,0.8683400727897415,1.0,True
FAM58A,0.16576731,0.24540335,0.8683400727897415,1.0,True
CREB3L4,0.16576731,0.9367354,0.8683400727897415,1.0,True
CAMKMT,0.16576731,0.9036478,0.8683400727897415,1.0,True
DCBLD1,0.16576731,0.9048445,0.8683400727897415,1.0,True
LGR6,0.16576731,0.85661066,0.8683400727897415,1.0,True
MICAL2,0.16576731,0.90997887,0.8683400727897415,1.0,True
RP11-182L21.6,0.16576731,0.92834616,0.8683400727897415,1.0,True
G0S2,0.16576731,0.91581225,0.8683400727897415,1.0,True
RP11-169D4.2,0.16576731,0.7977066,0.8683400727897415,1.0,True
RAD17,0.16576731,0.85345864,0.8683400727897415,1.0,True
LARP4B,0.16538359,0.45320326,0.868642069395116,1.0,True
TOM1,0.16538359,0.42873952,0.868642069395116,1.0,True
BLMH,0.16538359,0.4236602,0.868642069395116,1.0,True
MUM1,0.16538359,0.47963586,0.868642069395116,1.0,True
PNPLA6,0.16499987,0.8482969,0.8689440851661338,1.0,True
RIPK3,0.16499987,0.8257329,0.8689440851661338,1.0,True
C14orf28,0.16499987,0.85591567,0.8689440851661338,1.0,True
NANS,0.16499987,0.25052738,0.8689440851661338,1.0,True
FOXK2,0.16499987,0.8708957,0.8689440851661338,1.0,True
CENPN,0.16499987,0.80140764,0.8689440851661338,1.0,True
ANKRD37,0.16499987,0.9380675,0.8689440851661338,1.0,True
METTL2B,0.16499987,0.7971596,0.8689440851661338,1.0,True
B3GALTL,0.16499987,0.79600435,0.8689440851661338,1.0,True
KIAA1143,0.16499987,0.30371174,0.8689440851661338,1.0,True
ETNK1,0.16499987,0.17246741,0.8689440851661338,1.0,True
SESN2,0.16499987,0.8328139,0.8689440851661338,1.0,True
ZMYM1,0.16499987,0.813328,0.8689440851661338,1.0,True
FCHSD2,0.16499987,0.84406435,0.8689440851661338,1.0,True
SIRT3,0.16499987,0.86008054,0.8689440851661338,1.0,True
ZNF780A,0.16461615,0.44216597,0.8692461200595385,1.0,True
IKZF1,0.16461615,0.050408807,0.8692461200595385,1.0,True
FAM118B,0.16423243,0.85258764,0.8695481740320665,1.0,True
DTD2,0.16423243,0.80352825,0.8695481740320665,1.0,True
MTFR1,0.16423243,0.86068225,0.8695481740320665,1.0,True
KIAA0368,0.16423243,0.8322168,0.8695481740320665,1.0,True
C16orf58,0.16423243,0.81627107,0.8695481740320665,1.0,True
WARS2,0.16423243,0.8243787,0.8695481740320665,1.0,True
ZNF846,0.16423243,0.7911474,0.8695481740320665,1.0,True
CFP,0.16423243,0.8487871,0.8695481740320665,1.0,True
FAM168B,0.16423243,0.7807214,0.8695481740320665,1.0,True
SNX18,0.16423243,0.749268,0.8695481740320665,1.0,True
ZC3HC1,0.16423243,0.8561116,0.8695481740320665,1.0,True
KLF9,0.16423243,0.8529885,0.8695481740320665,1.0,True
NRDE2,0.16423243,0.8687001,0.8695481740320665,1.0,True
TM7SF2,0.16423243,0.84327483,0.8695481740320665,1.0,True
DESI2,0.16384871,0.42833075,0.8698502470404451,1.0,True
SLC38A6,0.163465,0.6746612,0.8701523390413934,1.0,True
SUV39H1,0.163465,0.799737,0.8701523390413934,1.0,True
CLPTM1L,0.163465,0.87890565,0.8701523390413934,1.0,True
C1RL,0.163465,0.8102455,0.8701523390413934,1.0,True
CD40,0.163465,0.82643944,0.8701523390413934,1.0,True
SLMO2,0.163465,0.13029842,0.8701523390413934,1.0,True
NACC1,0.163465,0.7712499,0.8701523390413934,1.0,True
ADNP,0.163465,0.7735462,0.8701523390413934,1.0,True
NME6,0.16308126,0.47846878,0.8704544499916225,1.0,True
STARD4,0.16269754,0.75785846,0.8707565798478346,1.0,True
EFR3A,0.16269754,0.74078745,0.8707565798478346,1.0,True
PUS10,0.16269754,0.73630404,0.8707565798478346,1.0,True
CACTIN,0.16269754,0.68180275,0.8707565798478346,1.0,True
PPAT,0.16269754,0.73988867,0.8707565798478346,1.0,True
RNF157,0.16269754,0.79155713,0.8707565798478346,1.0,True
DGCR14,0.16231382,0.4174384,0.8710587285667244,1.0,True
LPCAT3,0.16231382,0.5031808,0.8710587285667244,1.0,True
SERPINB8,0.1619301,0.74834,0.8713608961049776,1.0,True
TMEM53,0.1619301,0.6036144,0.8713608961049776,1.0,True
CMIP,0.16154638,0.37474388,0.8716630824192722,1.0,True
SUPV3L1,0.16154638,0.5043622,0.8716630824192722,1.0,True
CENPK,0.16154638,0.4032879,0.8716630824192722,1.0,True
MKS1,0.16116266,0.59425914,0.8719652874662775,1.0,True
ZNF688,0.16116266,0.2248953,0.8719652874662775,1.0,True
CCZ1B,0.16116266,0.6911894,0.8719652874662775,1.0,True
ATAD1,0.16116266,0.27780965,0.8719652874662775,1.0,True
SPTY2D1,0.16077894,0.24415167,0.8722675112026553,1.0,True
PAPSS1,0.16077894,0.4207289,0.8722675112026553,1.0,True
PYROXD1,0.16077894,0.31465375,0.8722675112026553,1.0,True
CPSF7,0.16077894,0.35628027,0.8722675112026553,1.0,True
CANX,0.16039522,0.12825045,0.8725697535850585,1.0,True
RBL2,0.1600115,0.22998181,0.8728720145701321,1.0,True
TIMM17B,0.1600115,0.067429855,0.8728720145701321,1.0,True
GPKOW,0.1600115,0.28403768,0.8728720145701321,1.0,True
PGM1,0.15962778,0.13112022,0.8731742941145131,1.0,True
DCP1B,0.15962778,0.534695,0.8731742941145131,1.0,True
IL15RA,0.15924406,0.42018417,0.8734765921748301,1.0,True
PPIG,0.15886034,0.054634616,0.8737789087077039,1.0,True
ARFIP1,0.15886034,0.38002652,0.8737789087077039,1.0,True
ZNF24,0.15847662,0.10723781,0.8740812436697468,1.0,True
FGD3,0.1580929,0.12944925,0.8743835970175635,1.0,True
AC093323.3,0.1580929,0.21955714,0.8743835970175635,1.0,True
SBDS,0.1580929,0.055953138,0.8743835970175635,1.0,True
CMSS1,0.15732546,0.25140262,0.8749883586968958,1.0,True
PPP2R3C,0.15732546,0.03265267,0.8749883586968958,1.0,True
GPN1,0.15694174,0.21976304,0.8752907669415801,1.0,True
ZNF791,0.15655802,0.48011312,0.8755931933983756,1.0,True
THOC1,0.15655802,0.35736015,0.8755931933983756,1.0,True
TIA1,0.15655802,0.22203313,0.8755931933983756,1.0,True
IKBKB,0.15655802,0.44398212,0.8755931933983756,1.0,True
HN1,0.15655802,0.093915604,0.8755931933983756,1.0,True
GLRX2,0.15617429,0.3633147,0.8758956380238467,1.0,True
ASH2L,0.15579057,0.404578,0.8761981007745501,1.0,True
NAA15,0.15502313,0.2922905,0.8768030804778388,1.0,True
SFSWAP,0.15463941,0.25111136,0.8771055973434976,1.0,True
MACF1,0.15463941,0.17158967,0.8771055973434976,1.0,True
ORMDL2,0.15425569,0.21726006,0.8774081321605349,1.0,True
CDC42EP3,0.15310453,-0.03640154,0.8783158438850482,1.0,True
HS1BP3,0.15310453,0.35106912,0.8783158438850482,1.0,True
EHD4,0.15272081,0.45874062,0.8786184500726906,1.0,True
ARHGAP27,0.15195337,0.39879358,0.8792237156061076,1.0,True
CD320,0.15195337,0.07481548,0.8792237156061076,1.0,True
IARS,0.15195337,0.4242404,0.8792237156061076,1.0,True
YBX1,0.15195337,-0.013622205,0.8792237156061076,1.0,True
TAX1BP1,0.15195337,0.085173756,0.8792237156061076,1.0,True
ATP5S,0.15195337,0.46398267,0.8792237156061076,1.0,True
TMX2,0.15195337,0.009036723,0.8792237156061076,1.0,True
RAD50,0.15156965,0.14636844,0.8795263748648303,1.0,True
CCDC126,0.15156965,0.33990866,0.8795263748648303,1.0,True
LTA4H,0.15118593,0.21453324,0.8798290517268481,1.0,True
MRPS18A,0.15080221,0.18982063,0.8801317461486159,1.0,True
CD96,0.15041849,-0.010033678,0.8804344580865804,1.0,True
STARD3,0.15003477,0.15740588,0.880737187497181,1.0,True
AFF4,0.14965105,0.15064554,0.8810399343368491,1.0,True
B4GALT3,0.14965105,0.18770015,0.8810399343368491,1.0,True
THAP7,0.1488836,0.077327885,0.8816454801290771,1.0,True
STAT5A,0.1488836,0.20367481,0.8816454801290771,1.0,True
LTB4R,0.1488836,0.6172792,0.8816454801290771,1.0,True
DCTD,0.14811616,0.18952821,0.8822510951145645,1.0,True
FPGS,0.14811616,0.22564702,0.8822510951145645,1.0,True
RARS2,0.14773244,0.35757923,0.8825539284457786,1.0,True
LINC00938,0.14734872,0.25432995,0.8828567789444906,1.0,True
MRPL35,0.14734872,0.68496346,0.8828567789444906,1.0,True
ICMT,0.14734872,0.3906272,0.8828567789444906,1.0,True
COMMD10,0.14734872,0.14541121,0.8828567789444906,1.0,True
USP33,0.14734872,0.42657146,0.8828567789444906,1.0,True
ITM2B,0.14734872,-0.028239444,0.8828567789444906,1.0,True
PRMT7,0.146965,0.58107024,0.8831596465670785,1.0,True
EIF4A3,0.14658128,0.15754238,0.8834625312699136,1.0,True
UBE2A,0.14619756,0.06980974,0.8837654330093593,1.0,True
SAT2,0.14581384,0.08079394,0.8840683517417719,1.0,True
PQBP1,0.14581384,0.118314125,0.8840683517417719,1.0,True
SLC25A12,0.14581384,0.54476196,0.8840683517417719,1.0,True
CUL5,0.1450464,0.4724904,0.884674240010884,1.0,True
ARHGEF6,0.1450464,0.17224541,0.884674240010884,1.0,True
APOLD1,0.1450464,0.6026551,0.884674240010884,1.0,True
PHYKPL,0.14466268,0.13048303,0.8849772094602586,1.0,True
PFDN4,0.14427896,0.5866813,0.8852801957279498,1.0,True
MAFF,0.14427896,0.646862,0.8852801957279498,1.0,True
GHDC,0.14427896,0.5703588,0.8852801957279498,1.0,True
PSMD7,0.14389524,0.119403794,0.8855831987702767,1.0,True
SMPD4,0.14351152,1.500764,0.8858862185435507,1.0,True
ZNF264,0.14351152,1.1710497,0.8858862185435507,1.0,True
ARL13B,0.14351152,1.2063222,0.8858862185435507,1.0,True
LIN52,0.14351152,1.2637411,0.8858862185435507,1.0,True
RP11-430B1.2,0.14351152,1.5442119,0.8858862185435507,1.0,True
INPPL1,0.14351152,1.2534876,0.8858862185435507,1.0,True
SMIM4,0.14351152,1.1111974,0.8858862185435507,1.0,True
TMEM64,0.14351152,1.2159468,0.8858862185435507,1.0,True
PTDSS2,0.14351152,1.1593784,0.8858862185435507,1.0,True
MED28,0.14351152,0.04947446,0.8858862185435507,1.0,True
SLC35E3,0.14351152,1.2010218,0.8858862185435507,1.0,True
DPY19L3,0.14351152,1.4504553,0.8858862185435507,1.0,True
ZNF562,0.14351152,1.2918828,0.8858862185435507,1.0,True
DGCR8,0.14351152,1.1275243,0.8858862185435507,1.0,True
FGGY,0.14351152,1.2228631,0.8858862185435507,1.0,True
KIAA1109,0.14351152,1.0722247,0.8858862185435507,1.0,True
NUP155,0.14351152,1.2330447,0.8858862185435507,1.0,True
MORC2-AS1,0.14351152,1.0799631,0.8858862185435507,1.0,True
MORC2,0.14351152,1.3257447,0.8858862185435507,1.0,True
LTA,0.14351152,1.2151492,0.8858862185435507,1.0,True
SLC35F5,0.14351152,1.1773292,0.8858862185435507,1.0,True
CCDC112,0.14351152,0.4670542,0.8858862185435507,1.0,True
TRMU,0.14351152,0.3460232,0.8858862185435507,1.0,True
SESTD1,0.14351152,1.265221,0.8858862185435507,1.0,True
TMEM229B,0.14351152,1.0625075,0.8858862185435507,1.0,True
SIMC1,0.14351152,1.0941974,0.8858862185435507,1.0,True
RWDD1,0.1431278,0.06352094,0.8861892550040762,1.0,True
HSPA9,0.1431278,0.017365735,0.8861892550040762,1.0,True
SERINC3,0.1431278,0.19227226,0.8861892550040762,1.0,True
SLC35D1,0.14274408,1.0373882,0.8864923081081502,1.0,True
PARP3,0.14274408,1.3030282,0.8864923081081502,1.0,True
ACOX1,0.14274408,1.0760918,0.8864923081081502,1.0,True
EXD3,0.14274408,1.1026944,0.8864923081081502,1.0,True
TLR2,0.14274408,1.2300122,0.8864923081081502,1.0,True
RP11-977G19.11,0.14274408,1.1614954,0.8864923081081502,1.0,True
GPBAR1,0.14274408,1.2336657,0.8864923081081502,1.0,True
ADAM19,0.14274408,1.0621668,0.8864923081081502,1.0,True
CSE1L,0.14274408,1.1123203,0.8864923081081502,1.0,True
CC2D1B,0.14274408,1.1112771,0.8864923081081502,1.0,True
NAB2,0.14274408,1.1461558,0.8864923081081502,1.0,True
EFNB1,0.14274408,1.072977,0.8864923081081502,1.0,True
CPT2,0.14274408,1.1446049,0.8864923081081502,1.0,True
TLE3,0.14274408,1.2415171,0.8864923081081502,1.0,True
TMEM260,0.14274408,1.039118,0.8864923081081502,1.0,True
MTR,0.14274408,1.2283096,0.8864923081081502,1.0,True
SMPD2,0.14197662,1.1641908,0.8870984640720949,1.0,True
LDOC1,0.14197662,1.0017507,0.8870984640720949,1.0,True
ZMAT4,0.14197662,1.0159888,0.8870984640720949,1.0,True
B4GALNT3,0.14197662,1.015027,0.8870984640720949,1.0,True
GALNT7,0.14197662,1.0621376,0.8870984640720949,1.0,True
SAP130,0.14197662,0.9982493,0.8870984640720949,1.0,True
MCCC1,0.14197662,0.99989796,0.8870984640720949,1.0,True
RP11-46C24.7,0.14197662,1.0352228,0.8870984640720949,1.0,True
ZFYVE16,0.14197662,1.0620358,0.8870984640720949,1.0,True
TMC4,0.14197662,1.0600381,0.8870984640720949,1.0,True
FAM179A,0.14197662,1.0621186,0.8870984640720949,1.0,True
ZNF527,0.14197662,0.99347395,0.8870984640720949,1.0,True
RBKS,0.14197662,1.194563,0.8870984640720949,1.0,True
CSF3R,0.14197662,1.1036053,0.8870984640720949,1.0,True
ZC3H18,0.14197662,0.5742438,0.8870984640720949,1.0,True
ACSF2,0.14197662,1.0251061,0.8870984640720949,1.0,True
FBXO2,0.14197662,1.0717716,0.8870984640720949,1.0,True
ZDHHC18,0.14197662,1.2921816,0.8870984640720949,1.0,True
PNPO,0.14197662,0.96741617,0.8870984640720949,1.0,True
LIAS,0.14197662,0.5774701,0.8870984640720949,1.0,True
SMCR5,0.14197662,0.9733102,0.8870984640720949,1.0,True
IL12RB2,0.14197662,1.204954,0.8870984640720949,1.0,True
LRSAM1,0.14197662,1.0300834,0.8870984640720949,1.0,True
ATG13,0.14197662,0.20285603,0.8870984640720949,1.0,True
LRRC61,0.14197662,1.2023667,0.8870984640720949,1.0,True
SCRN3,0.14197662,1.1298517,0.8870984640720949,1.0,True
TFR2,0.14197662,1.1165005,0.8870984640720949,1.0,True
RDH13,0.14197662,1.3628743,0.8870984640720949,1.0,True
PRAM1,0.14197662,1.0706381,0.8870984640720949,1.0,True
GPR155,0.14197662,1.1495827,0.8870984640720949,1.0,True
ARF5,0.1415929,0.07434449,0.8874015668445231,1.0,True
ZNF641,0.14120919,1.115693,0.8877046860856148,1.0,True
TRMT2B,0.14120919,1.0297146,0.8877046860856148,1.0,True
BAALC,0.14120919,0.97812456,0.8877046860856148,1.0,True
UBE2D4,0.14120919,1.0228873,0.8877046860856148,1.0,True
LRRC27,0.14120919,1.0095376,0.8877046860856148,1.0,True
POLR1B,0.14120919,0.94773716,0.8877046860856148,1.0,True
ZNF548,0.14120919,0.95197076,0.8877046860856148,1.0,True
MYL9,0.14120919,0.86212003,0.8877046860856148,1.0,True
MS4A7,0.14120919,1.2233225,0.8877046860856148,1.0,True
RP11-644F5.11,0.14120919,1.0235125,0.8877046860856148,1.0,True
ERF,0.14120919,0.88024485,0.8877046860856148,1.0,True
GK,0.14120919,0.96780723,0.8877046860856148,1.0,True
ZNF598,0.14120919,0.9784629,0.8877046860856148,1.0,True
CHKB-AS1,0.14120919,1.0297259,0.8877046860856148,1.0,True
TYSND1,0.14120919,0.5049008,0.8877046860856148,1.0,True
RASGEF1A,0.14120919,1.0210562,0.8877046860856148,1.0,True
TMTC4,0.14120919,0.83695894,0.8877046860856148,1.0,True
LILRA1,0.14120919,1.0645051,0.8877046860856148,1.0,True
FAM149B1,0.14120919,1.0108675,0.8877046860856148,1.0,True
MTPAP,0.14120919,0.9335077,0.8877046860856148,1.0,True
GTF3C3,0.14120919,1.0509275,0.8877046860856148,1.0,True
TMEM86B,0.14120919,0.963636,0.8877046860856148,1.0,True
TET2,0.14120919,1.1307917,0.8877046860856148,1.0,True
APBB3,0.14120919,0.83601195,0.8877046860856148,1.0,True
FPGT,0.14044175,0.8783904,0.8883109737988241,1.0,True
WDR7,0.14044175,0.8793105,0.8883109737988241,1.0,True
RP11-305L7.3,0.14044175,0.9112038,0.8883109737988241,1.0,True
SRBD1,0.14044175,0.43310827,0.8883109737988241,1.0,True
CDC16,0.14044175,0.4328677,0.8883109737988241,1.0,True
RP11-305L7.1,0.14044175,0.98480964,0.8883109737988241,1.0,True
PIK3CA,0.14044175,0.9927216,0.8883109737988241,1.0,True
FANCG,0.14044175,0.8984904,0.8883109737988241,1.0,True
USP21,0.14044175,0.97111106,0.8883109737988241,1.0,True
QPRT,0.14044175,0.9746704,0.8883109737988241,1.0,True
RP11-325F22.2,0.14044175,0.97950095,0.8883109737988241,1.0,True
ZFYVE28,0.14044175,0.3777509,0.8883109737988241,1.0,True
UNG,0.14044175,0.22650959,0.8883109737988241,1.0,True
ZNF266,0.14044175,0.52921826,0.8883109737988241,1.0,True
ATP6V1E2,0.14044175,0.96797645,0.8883109737988241,1.0,True
FAHD2B,0.14044175,0.79417604,0.8883109737988241,1.0,True
MMAA,0.14044175,0.9966992,0.8883109737988241,1.0,True
ANKRD35,0.14044175,0.97771657,0.8883109737988241,1.0,True
FAM105B,0.14044175,0.95965314,0.8883109737988241,1.0,True
SYNE3,0.14044175,0.96631163,0.8883109737988241,1.0,True
OSBPL3,0.14044175,0.9983627,0.8883109737988241,1.0,True
ZNF287,0.14044175,0.9983523,0.8883109737988241,1.0,True
MTF1,0.14044175,0.9824853,0.8883109737988241,1.0,True
DHX58,0.14044175,0.32433778,0.8883109737988241,1.0,True
ZNF571,0.14044175,0.7806017,0.8883109737988241,1.0,True
RNF220,0.1396743,0.5950161,0.8889173268617214,1.0,True
PEMT,0.1396743,0.40198225,0.8889173268617214,1.0,True
ACTL6A,0.1396743,0.29302716,0.8889173268617214,1.0,True
RP11-124N14.3,0.1396743,0.7905366,0.8889173268617214,1.0,True
WDR34,0.1396743,0.7820401,0.8889173268617214,1.0,True
UTP6,0.1396743,0.29835698,0.8889173268617214,1.0,True
RP11-73E17.2,0.1396743,0.8338101,0.8889173268617214,1.0,True
TMEM11,0.1396743,0.19983746,0.8889173268617214,1.0,True
RP11-535A5.1,0.1396743,0.7993356,0.8889173268617214,1.0,True
RAB30-AS1,0.1396743,0.78533596,0.8889173268617214,1.0,True
RMI2,0.1396743,0.83538723,0.8889173268617214,1.0,True
TRDMT1,0.1396743,0.4323756,0.8889173268617214,1.0,True
PDSS1,0.1396743,0.79273313,0.8889173268617214,1.0,True
ZNF362,0.1396743,0.7748045,0.8889173268617214,1.0,True
ERCC3,0.1396743,0.43906966,0.8889173268617214,1.0,True
CKAP2,0.1396743,0.7531137,0.8889173268617214,1.0,True
MSL2,0.1396743,0.4418861,0.8889173268617214,1.0,True
CRAT,0.1396743,0.7713272,0.8889173268617214,1.0,True
GXYLT1,0.1396743,0.8839065,0.8889173268617214,1.0,True
ARHGAP5,0.1396743,0.7445924,0.8889173268617214,1.0,True
ZNF573,0.1396743,0.79347044,0.8889173268617214,1.0,True
ARRDC2,0.1396743,0.24301717,0.8889173268617214,1.0,True
SLC25A29,0.1396743,0.8555213,0.8889173268617214,1.0,True
KXD1,0.13929059,0.10807545,0.8892205277898964,1.0,True
GNB5,0.13890687,0.40775475,0.889523744924191,1.0,True
AC120194.1,0.13890687,0.6682102,0.889523744924191,1.0,True
IL21R,0.13890687,0.4338948,0.889523744924191,1.0,True
ZNF764,0.13890687,0.88837874,0.889523744924191,1.0,True
ZHX3,0.13890687,0.8829489,0.889523744924191,1.0,True
KIAA1671,0.13890687,0.7921865,0.889523744924191,1.0,True
CRADD,0.13890687,0.42207983,0.889523744924191,1.0,True
DHX38,0.13890687,0.40861988,0.889523744924191,1.0,True
RP11-727F15.12,0.13890687,0.45513326,0.889523744924191,1.0,True
WIPI1,0.13890687,0.3657944,0.889523744924191,1.0,True
CDK2,0.13890687,0.812432,0.889523744924191,1.0,True
NIF3L1,0.13890687,0.39024776,0.889523744924191,1.0,True
ELMOD3,0.13890687,0.40628487,0.889523744924191,1.0,True
AGFG1,0.13890687,0.8418268,0.889523744924191,1.0,True
FAM210A,0.13813943,0.40429163,0.8901302276360025,1.0,True
IFFO1,0.13813943,0.37715742,0.8901302276360025,1.0,True
C14orf142,0.13813943,0.41272205,0.8901302276360025,1.0,True
MLH1,0.13813943,0.44304368,0.8901302276360025,1.0,True
UHMK1,0.13737199,0.2416172,0.8907367746468127,1.0,True
NNT-AS1,0.13737199,0.39062238,0.8907367746468127,1.0,True
DDX46,0.13698827,0.10561314,0.891040072154829,1.0,True
HPS4,0.13660455,0.32839444,0.891343385606165,1.0,True
UNC13D,0.13660455,0.20060585,0.891343385606165,1.0,True
DCAF10,0.13660455,0.24797995,0.891343385606165,1.0,True
SUV420H1,0.13660455,0.4114077,0.891343385606165,1.0,True
CCNY,0.13660455,0.3568118,0.891343385606165,1.0,True
FAM120AOS,0.13622083,0.40915087,0.8916467149569962,1.0,True
SPATC1L,0.13583711,0.37046447,0.8919500601634909,1.0,True
SPATA13,0.13583711,0.42768723,0.8919500601634909,1.0,True
ABCD4,0.13506965,0.21261686,0.8925567979681098,1.0,True
SP4,0.13506965,0.36332235,0.8925567979681098,1.0,True
HIBCH,0.13506965,0.23261581,0.8925567979681098,1.0,True
COPA,0.13506965,0.2672494,0.8925567979681098,1.0,True
ZNF487,0.13506965,0.38643444,0.8925567979681098,1.0,True
RBM7,0.13468593,0.24607907,0.8928601904785363,1.0,True
MED8,0.13468593,0.16570412,0.8928601904785363,1.0,True
TOB2,0.13430221,0.40313825,0.8931635986692305,1.0,True
PRMT5,0.13430221,0.33604237,0.8931635986692305,1.0,True
PRDM1,0.13353477,0.32815668,0.8937704619159509,1.0,True
LARS,0.13353477,0.2092288,0.8937704619159509,1.0,True
MRPL17,0.13353477,0.6711827,0.8937704619159509,1.0,True
EIF1AY,0.13315105,0.06728981,0.8940739168842241,1.0,True
HSPA14,0.13315105,0.26311067,0.8940739168842241,1.0,True
ARPC1A,0.13276733,0.09711636,0.8943773873572594,1.0,True
TIMM23,0.13276733,0.30050126,0.8943773873572594,1.0,True
RP11-353N4.4,0.13276733,0.21580274,0.8943773873572594,1.0,True
IFT27,0.13276733,0.17119108,0.8943773873572594,1.0,True
ORC3,0.1319999,0.32695302,0.8949843746420348,1.0,True
NCKAP1L,0.1319999,0.24612011,0.8949843746420348,1.0,True
GPS2,0.1319999,0.06527859,0.8949843746420348,1.0,True
TTC16,0.13161618,0.22772457,0.8952878913659678,1.0,True
CELF2,0.13161618,0.006791357,0.8952878913659678,1.0,True
RABEP2,0.13123246,0.5831791,0.895591423419048,1.0,True
ACAP2,0.13123246,0.0730491,0.895591423419048,1.0,True
PIGH,0.13123246,0.17681275,0.895591423419048,1.0,True
EIF5,0.13046502,0.018862087,0.8961985333369609,1.0,True
SETD2,0.12893014,0.32596034,0.8974129351895993,1.0,True
PNPLA2,0.12893014,0.21887298,0.8974129351895993,1.0,True
CTB-31O20.2,0.12893014,0.16848885,0.8974129351895993,1.0,True
THYN1,0.12854642,0.16820252,0.8977165733165593,1.0,True
PCBD1,0.12854642,0.24810989,0.8977165733165593,1.0,True
TXNDC11,0.12816268,0.14044164,0.898020226421115,1.0,True
COPG1,0.12816268,0.48573312,0.898020226421115,1.0,True
CD55,0.12816268,0.12802386,0.898020226421115,1.0,True
SLC35B2,0.12777896,0.28561133,0.8983238944592928,1.0,True
CGRRF1,0.12739524,0.38956603,0.8986275773871122,1.0,True
LIMS1,0.1266278,0.2767781,0.8992349877357222,1.0,True
ZNF655,0.1266278,0.09831199,0.8992349877357222,1.0,True
NSUN5,0.12624408,0.25227198,0.8995387150685195,1.0,True
IMPDH2,0.12509292,0.056755904,0.9004499851727852,1.0,True
GLYR1,0.12509292,0.33234254,0.9004499851727852,1.0,True
THUMPD3,0.124325484,0.27407214,0.9010575715569816,1.0,True
MRPS26,0.123941764,0.07880789,0.9013613865113896,1.0,True
PXN,0.123558044,0.063568704,0.9016652159152794,1.0,True
OAZ1,0.123558044,0.010235329,0.9016652159152794,1.0,True
KTI12,0.1227906,0.3343904,0.902272917895294,1.0,True
SNRNP48,0.1227906,0.36796,0.902272917895294,1.0,True
SREK1,0.1227906,0.1944223,0.902272917895294,1.0,True
TRPT1,0.12240688,0.3298551,0.9025767903832974,1.0,True
SMYD4,0.12240688,0.8518895,0.9025767903832974,1.0,True
BCAS2,0.12240688,0.10179461,0.9025767903832974,1.0,True
TMEM102,0.12163944,0.54638684,0.9031845781349456,1.0,True
PELI1,0.12163944,0.67881,0.9031845781349456,1.0,True
TXN2,0.12163944,0.085190766,0.9031845781349456,1.0,True
TRANK1,0.12163944,0.60986555,0.9031845781349456,1.0,True
C21orf91,0.12125572,0.11175762,0.9034884933104314,1.0,True
NCBP2,0.12125572,0.12602416,0.9034884933104314,1.0,True
CCDC174,0.12125572,0.38353696,0.9034884933104314,1.0,True
SLC33A1,0.120872,0.60147154,0.9037924226269084,1.0,True
MCPH1,0.120872,0.6632701,0.9037924226269084,1.0,True
ENOPH1,0.12048828,0.14127095,0.9040963660402817,1.0,True
USO1,0.12048828,0.31180638,0.9040963660402817,1.0,True
FAM98C,0.12010456,0.19339903,0.9044003235064496,1.0,True
TELO2,0.12010456,0.5550549,0.9044003235064496,1.0,True
FEM1B,0.12010456,0.55400455,0.9044003235064496,1.0,True
ZNF212,0.12010456,0.5785418,0.9044003235064496,1.0,True
MZF1,0.12010456,0.5039145,0.9044003235064496,1.0,True
TAF1,0.12010456,0.6597874,0.9044003235064496,1.0,True
KLF4,0.12010456,0.50719005,0.9044003235064496,1.0,True
COPS2,0.11972083,0.2466233,0.904704294981305,1.0,True
RAD51C,0.11972083,0.3482348,0.904704294981305,1.0,True
IVNS1ABP,0.11972083,0.20073812,0.904704294981305,1.0,True
NTMT1,0.11972083,0.30555922,0.904704294981305,1.0,True
TKT,0.11972083,0.11810044,0.904704294981305,1.0,True
MCAT,0.11933711,0.56390184,0.905008280420734,1.0,True
TM9SF4,0.11933711,0.5894107,0.905008280420734,1.0,True
TICAM1,0.11933711,0.4704415,0.905008280420734,1.0,True
SH3KBP1,0.11933711,0.04400435,0.905008280420734,1.0,True
TMEM184C,0.11933711,0.46777079,0.905008280420734,1.0,True
ZDHHC20,0.11895339,1.4886676,0.9053122797806172,1.0,True
CCDC146,0.11895339,1.4636954,0.9053122797806172,1.0,True
ERLIN2,0.11895339,1.8659914,0.9053122797806172,1.0,True
PHF13,0.11895339,1.4181508,0.9053122797806172,1.0,True
BCL11A,0.11895339,1.7604811,0.9053122797806172,1.0,True
ZFP37,0.11895339,1.7888322,0.9053122797806172,1.0,True
RFESD,0.11895339,1.6325314,0.9053122797806172,1.0,True
LINC01011,0.11895339,2.1725981,0.9053122797806172,1.0,True
ZDHHC8,0.11895339,1.603652,0.9053122797806172,1.0,True
RP11-488C13.5,0.11895339,1.4552265,0.9053122797806172,1.0,True
VIPAS39,0.11895339,1.6916302,0.9053122797806172,1.0,True
ITPKC,0.11895339,1.9790392,0.9053122797806172,1.0,True
RP11-553L6.2,0.11895339,1.8609387,0.9053122797806172,1.0,True
TTC12,0.11895339,1.6165359,0.9053122797806172,1.0,True
RP4-673M15.1,0.11895339,1.6465278,0.9053122797806172,1.0,True
ZKSCAN2,0.11895339,1.5614681,0.9053122797806172,1.0,True
AC002310.12,0.11895339,1.6030394,0.9053122797806172,1.0,True
TPST1,0.11895339,1.5177033,0.9053122797806172,1.0,True
DCLRE1B,0.11895339,1.7724831,0.9053122797806172,1.0,True
ZNF682,0.11895339,1.557035,0.9053122797806172,1.0,True
FAM213A,0.11895339,1.5146016,0.9053122797806172,1.0,True
TIAM1,0.11895339,1.4725239,0.9053122797806172,1.0,True
RP11-134P9.3,0.11895339,1.5619649,0.9053122797806172,1.0,True
LGALS4,0.11895339,1.4618336,0.9053122797806172,1.0,True
ACSL1,0.11895339,1.6224214,0.9053122797806172,1.0,True
KLF7,0.11895339,1.7171118,0.9053122797806172,1.0,True
LINC00843,0.11895339,1.5649123,0.9053122797806172,1.0,True
RTKN2,0.11895339,1.5926402,0.9053122797806172,1.0,True
SERAC1,0.11895339,1.5017903,0.9053122797806172,1.0,True
KIF9,0.11895339,1.9515276,0.9053122797806172,1.0,True
EMILIN2,0.11895339,1.463493,0.9053122797806172,1.0,True
ZSCAN21,0.11895339,1.6579051,0.9053122797806172,1.0,True
CSTA,0.11895339,1.5497273,0.9053122797806172,1.0,True
KRT72,0.11895339,1.6279206,0.9053122797806172,1.0,True
TAF10,0.11895339,0.3087217,0.9053122797806172,1.0,True
PHLDA3,0.11895339,1.6011769,0.9053122797806172,1.0,True
FAM185A,0.11895339,1.7184954,0.9053122797806172,1.0,True
RCBTB1,0.11895339,1.5061668,0.9053122797806172,1.0,True
ALG11,0.11895339,1.5516351,0.9053122797806172,1.0,True
SMURF2,0.11895339,1.8153825,0.9053122797806172,1.0,True
CYP27A1,0.11895339,1.5333109,0.9053122797806172,1.0,True
PANX1,0.11895339,1.7399225,0.9053122797806172,1.0,True
FBXL18,0.11895339,1.926171,0.9053122797806172,1.0,True
PBX3,0.11895339,1.5274,0.9053122797806172,1.0,True
C21orf119,0.11895339,1.8264561,0.9053122797806172,1.0,True
MED18,0.11895339,1.477862,0.9053122797806172,1.0,True
MBNL3,0.11895339,1.4772462,0.9053122797806172,1.0,True
CAPS,0.11895339,1.5651038,0.9053122797806172,1.0,True
THAP8,0.11895339,1.6466767,0.9053122797806172,1.0,True
RP11-73O6.3,0.11895339,1.5450537,0.9053122797806172,1.0,True
ZNF575,0.11895339,1.570785,0.9053122797806172,1.0,True
FAM122C,0.11895339,1.4803354,0.9053122797806172,1.0,True
MASTL,0.11895339,1.7200445,0.9053122797806172,1.0,True
ATRIP,0.11895339,1.7570165,0.9053122797806172,1.0,True
C17orf58,0.11895339,1.564061,0.9053122797806172,1.0,True
CRYBG3-1,0.11895339,1.6441969,0.9053122797806172,1.0,True
HACE1,0.11895339,1.5013756,0.9053122797806172,1.0,True
ZHX1-C8ORF76,0.11895339,1.5755203,0.9053122797806172,1.0,True
TRMT12,0.11895339,1.4550778,0.9053122797806172,1.0,True
TRAF3IP2,0.11895339,1.548337,0.9053122797806172,1.0,True
CENPP,0.11895339,2.1057842,0.9053122797806172,1.0,True
RILP,0.11895339,1.6801312,0.9053122797806172,1.0,True
ZNF175,0.11895339,1.5361757,0.9053122797806172,1.0,True
FCGR2B,0.11895339,1.8295095,0.9053122797806172,1.0,True
FAM101B,0.11895339,1.6298656,0.9053122797806172,1.0,True
HIATL2,0.11895339,1.415419,0.9053122797806172,1.0,True
IL2RA,0.11895339,1.9619167,0.9053122797806172,1.0,True
FKBP1C,0.11895339,1.6319335,0.9053122797806172,1.0,True
SPRYD4,0.11895339,1.5890996,0.9053122797806172,1.0,True
ST6GALNAC2,0.11895339,1.5335413,0.9053122797806172,1.0,True
PKD1,0.11895339,1.5135695,0.9053122797806172,1.0,True
MXD3,0.11895339,2.057126,0.9053122797806172,1.0,True
STX1A,0.11895339,1.6608828,0.9053122797806172,1.0,True
KLHDC10,0.11895339,1.6808795,0.9053122797806172,1.0,True
DHCR7,0.11895339,1.4425241,0.9053122797806172,1.0,True
ZG16B,0.11895339,1.6304694,0.9053122797806172,1.0,True
AVPI1,0.11895339,1.5325317,0.9053122797806172,1.0,True
SCLY,0.11895339,1.5004492,0.9053122797806172,1.0,True
FMO5,0.11895339,2.2562885,0.9053122797806172,1.0,True
IGFBP4,0.11895339,1.8291771,0.9053122797806172,1.0,True
AGAP1,0.11895339,1.6416191,0.9053122797806172,1.0,True
KIAA0556,0.11895339,2.1877153,0.9053122797806172,1.0,True
SLC12A2,0.11895339,1.6924512,0.9053122797806172,1.0,True
SAMD10,0.11895339,1.4433957,0.9053122797806172,1.0,True
RP11-350N15.5,0.11895339,1.7442257,0.9053122797806172,1.0,True
GPR153,0.11895339,1.6398536,0.9053122797806172,1.0,True
SPATA24,0.11895339,1.890008,0.9053122797806172,1.0,True
RP11-635N19.1,0.11895339,1.5266325,0.9053122797806172,1.0,True
TMEM80,0.11856967,0.30392408,0.9056162930168282,1.0,True
SLC30A9,0.11856967,0.41733366,0.9056162930168282,1.0,True
VWA9,0.11856967,0.60788316,0.9056162930168282,1.0,True
XPR1,0.11818595,1.5380243,0.9059203200852352,1.0,True
KMO,0.11818595,1.3837855,0.9059203200852352,1.0,True
CREB3L2,0.11818595,0.30955374,0.9059203200852352,1.0,True
BZRAP1,0.11818595,1.3929204,0.9059203200852352,1.0,True
SETD8,0.11818595,1.5084202,0.9059203200852352,1.0,True
NIPA1,0.11818595,1.3370415,0.9059203200852352,1.0,True
RNF31,0.11818595,1.4594501,0.9059203200852352,1.0,True
SOS2,0.11818595,1.4189662,0.9059203200852352,1.0,True
INTS7,0.11818595,1.3912808,0.9059203200852352,1.0,True
PUS3,0.11818595,1.4210346,0.9059203200852352,1.0,True
PARP9,0.11818595,0.16618721,0.9059203200852352,1.0,True
HELLS,0.11818595,1.4324634,0.9059203200852352,1.0,True
PRICKLE3,0.11818595,1.5083412,0.9059203200852352,1.0,True
ZBTB20-AS1,0.11818595,1.4064364,0.9059203200852352,1.0,True
WDSUB1,0.11818595,0.3174104,0.9059203200852352,1.0,True
PPP4R1L,0.11818595,1.4118485,0.9059203200852352,1.0,True
IQCE,0.11818595,1.4417107,0.9059203200852352,1.0,True
UBQLN4,0.11818595,1.3908966,0.9059203200852352,1.0,True
NAGLU,0.11818595,1.4007156,0.9059203200852352,1.0,True
CSNK1E,0.11818595,1.3633293,0.9059203200852352,1.0,True
HK3,0.11818595,1.3090564,0.9059203200852352,1.0,True
PQLC2,0.11818595,1.4966377,0.9059203200852352,1.0,True
PAQR4,0.11818595,1.3069801,0.9059203200852352,1.0,True
TMEM176B,0.11818595,1.4659739,0.9059203200852352,1.0,True
DMWD,0.11818595,1.3821695,0.9059203200852352,1.0,True
AC023490.1,0.11818595,1.5770644,0.9059203200852352,1.0,True
CHST10,0.11818595,1.3824826,0.9059203200852352,1.0,True
STAP2,0.11818595,1.5382159,0.9059203200852352,1.0,True
ULK2,0.11818595,1.3872358,0.9059203200852352,1.0,True
CD300LF,0.11818595,1.5010531,0.9059203200852352,1.0,True
KHDC1,0.11818595,1.4250106,0.9059203200852352,1.0,True
LIMA1,0.11818595,1.5189375,0.9059203200852352,1.0,True
SEPN1,0.11818595,1.3981867,0.9059203200852352,1.0,True
FUT4,0.11818595,1.5183799,0.9059203200852352,1.0,True
PRR12,0.11818595,1.4095471,0.9059203200852352,1.0,True
SNIP1,0.11818595,1.4794018,0.9059203200852352,1.0,True
POLA2,0.11818595,1.4583925,0.9059203200852352,1.0,True
MFSD7,0.11818595,1.3685246,0.9059203200852352,1.0,True
PCSK5,0.11818595,1.4776006,0.9059203200852352,1.0,True
FAM216A,0.11818595,1.1502703,0.9059203200852352,1.0,True
RP11-796G6.2,0.11818595,1.3934762,0.9059203200852352,1.0,True
NDC1,0.11818595,1.38036,0.9059203200852352,1.0,True
CRY2,0.11818595,1.4647676,0.9059203200852352,1.0,True
RINT1,0.11818595,1.4235996,0.9059203200852352,1.0,True
CTD-2562J15.6,0.11818595,1.3934567,0.9059203200852352,1.0,True
SBF2,0.11818595,1.4497144,0.9059203200852352,1.0,True
STAP1,0.11818595,1.3779136,0.9059203200852352,1.0,True
NME2,0.11818595,1.2357732,0.9059203200852352,1.0,True
RP11-545I5.3,0.11818595,2.0913286,0.9059203200852352,1.0,True
IPO4,0.11818595,1.5668592,0.9059203200852352,1.0,True
CHST7,0.11818595,1.3892921,0.9059203200852352,1.0,True
IPPK,0.11818595,1.4129084,0.9059203200852352,1.0,True
EOGT,0.11818595,1.4110533,0.9059203200852352,1.0,True
RAB30,0.11818595,1.3988006,0.9059203200852352,1.0,True
TM9SF1,0.11818595,1.4786502,0.9059203200852352,1.0,True
ARHGEF37,0.11818595,1.4395269,0.9059203200852352,1.0,True
NDUFB2-AS1,0.11818595,1.5319734,0.9059203200852352,1.0,True
BARD1,0.11818595,1.4420526,0.9059203200852352,1.0,True
CLIC4,0.11818595,1.4921834,0.9059203200852352,1.0,True
ZNF714,0.11818595,1.5252908,0.9059203200852352,1.0,True
NEK1,0.11818595,1.51707,0.9059203200852352,1.0,True
AGBL3,0.11818595,1.1906222,0.9059203200852352,1.0,True
ZNF235,0.11818595,1.4094458,0.9059203200852352,1.0,True
AC002467.7,0.11818595,1.3600972,0.9059203200852352,1.0,True
TGIF2,0.11818595,1.3726807,0.9059203200852352,1.0,True
DAPK2,0.11818595,1.5190749,0.9059203200852352,1.0,True
AC015849.19,0.11818595,1.1989781,0.9059203200852352,1.0,True
MPZL1,0.11818595,1.5239428,0.9059203200852352,1.0,True
MICU3,0.11818595,1.4838506,0.9059203200852352,1.0,True
ZNF418,0.11818595,1.3390087,0.9059203200852352,1.0,True
PLEKHM2,0.11818595,1.4321837,0.9059203200852352,1.0,True
CASZ1,0.11818595,1.3863401,0.9059203200852352,1.0,True
RP11-434C1.1,0.11818595,1.4347242,0.9059203200852352,1.0,True
CTD-2267D19.2,0.11818595,1.4739293,0.9059203200852352,1.0,True
RHOBTB2,0.11818595,1.4336797,0.9059203200852352,1.0,True
POLI,0.11818595,1.4240478,0.9059203200852352,1.0,True
RP1-202O8.3,0.11818595,1.4043609,0.9059203200852352,1.0,True
CLEC12A,0.11818595,1.4467558,0.9059203200852352,1.0,True
PIGN,0.11818595,1.3929416,0.9059203200852352,1.0,True
SUMF1,0.11780223,0.37304613,0.9062243609417002,1.0,True
MUL1,0.11780223,0.43123966,0.9062243609417002,1.0,True
SLC39A6,0.11780223,0.553806,0.9062243609417002,1.0,True
HP1BP3,0.11780223,0.15075211,0.9062243609417002,1.0,True
FAAH,0.11780223,0.451605,0.9062243609417002,1.0,True
TDP1,0.11780223,0.42606333,0.9062243609417002,1.0,True
AFG3L2,0.11780223,0.4493149,0.9062243609417002,1.0,True
RP11-14N7.2,0.11741851,1.0503081,0.9065284155420787,1.0,True
RP11-119F19.2,0.11741851,1.3158984,0.9065284155420787,1.0,True
BYSL,0.11741851,0.9568925,0.9065284155420787,1.0,True
NPTN,0.11741851,1.323506,0.9065284155420787,1.0,True
L3HYPDH,0.11741851,1.3325648,0.9065284155420787,1.0,True
CTD-2186M15.3,0.11741851,1.1421399,0.9065284155420787,1.0,True
AIM2,0.11741851,-0.122725196,0.9065284155420787,1.0,True
VEGFB,0.11741851,1.0797777,0.9065284155420787,1.0,True
CCDC41,0.11741851,1.0919536,0.9065284155420787,1.0,True
BOK,0.11741851,0.9004107,0.9065284155420787,1.0,True
CTD-2210P24.4,0.11741851,1.0477315,0.9065284155420787,1.0,True
FAM229A,0.11741851,0.97961885,0.9065284155420787,1.0,True
IFT80,0.11741851,1.3359826,0.9065284155420787,1.0,True
BACH1,0.11741851,1.1083099,0.9065284155420787,1.0,True
B4GALT6,0.11741851,1.3044856,0.9065284155420787,1.0,True
AP1S3,0.11741851,1.2117348,0.9065284155420787,1.0,True
FANCI,0.11741851,1.1747211,0.9065284155420787,1.0,True
PINK1-AS,0.11741851,1.1854323,0.9065284155420787,1.0,True
IGF1R,0.11741851,0.95225203,0.9065284155420787,1.0,True
BMP2K,0.11741851,1.298104,0.9065284155420787,1.0,True
TRAM2,0.11741851,1.2826511,0.9065284155420787,1.0,True
ZNF510,0.11741851,1.1563354,0.9065284155420787,1.0,True
CUL7,0.11741851,1.1309795,0.9065284155420787,1.0,True
PAIP2B,0.11741851,1.3584614,0.9065284155420787,1.0,True
ADAMTS10,0.11741851,0.9779911,0.9065284155420787,1.0,True
FCGR2A,0.11741851,1.0345237,0.9065284155420787,1.0,True
RPPH1,0.11741851,0.738651,0.9065284155420787,1.0,True
KIFC2,0.11741851,0.85469955,0.9065284155420787,1.0,True
ZNF501,0.11741851,1.0687333,0.9065284155420787,1.0,True
RP11-318E3.9,0.11741851,1.3044626,0.9065284155420787,1.0,True
HEATR2,0.11741851,1.2069888,0.9065284155420787,1.0,True
ZNF616,0.11741851,1.2143742,0.9065284155420787,1.0,True
FXYD1,0.11741851,1.3348588,0.9065284155420787,1.0,True
DDX31,0.11741851,0.8646542,0.9065284155420787,1.0,True
RP11-539L10.3,0.11741851,1.2303765,0.9065284155420787,1.0,True
SIRT1,0.11741851,1.1640432,0.9065284155420787,1.0,True
FAM109A,0.11741851,0.83021253,0.9065284155420787,1.0,True
RP11-395A13.2,0.11741851,1.1174201,0.9065284155420787,1.0,True
LRP1,0.11741851,1.2720578,0.9065284155420787,1.0,True
SGK3,0.11741851,1.3478526,0.9065284155420787,1.0,True
GINS4,0.11741851,1.372643,0.9065284155420787,1.0,True
MYOM2,0.11741851,0.6680241,0.9065284155420787,1.0,True
PLEKHG1,0.11741851,0.8788126,0.9065284155420787,1.0,True
BTBD8,0.11741851,1.3585162,0.9065284155420787,1.0,True
E2F6,0.11741851,1.3325144,0.9065284155420787,1.0,True
B9D1,0.11741851,1.0238615,0.9065284155420787,1.0,True
BNC2,0.11741851,0.9151567,0.9065284155420787,1.0,True
QPCT,0.11741851,1.1780117,0.9065284155420787,1.0,True
ZNF213,0.11741851,0.71321094,0.9065284155420787,1.0,True
DNLZ,0.11741851,1.2518983,0.9065284155420787,1.0,True
PLCXD1,0.11741851,1.0290346,0.9065284155420787,1.0,True
LINC01136,0.11741851,1.3680528,0.9065284155420787,1.0,True
ERCC2,0.11741851,1.344091,0.9065284155420787,1.0,True
EID2,0.11741851,0.8277182,0.9065284155420787,1.0,True
NDST2,0.11741851,1.1662143,0.9065284155420787,1.0,True
MSS51,0.11741851,1.1592494,0.9065284155420787,1.0,True
KLF8,0.11741851,0.75696355,0.9065284155420787,1.0,True
ZNF627,0.11741851,0.9691108,0.9065284155420787,1.0,True
GPR160,0.11741851,1.1054792,0.9065284155420787,1.0,True
C16orf52,0.11741851,1.3945246,0.9065284155420787,1.0,True
MEF2A,0.11703479,0.28105396,0.906832483842221,1.0,True
ATHL1,0.11703479,0.1810601,0.906832483842221,1.0,True
ODF2,0.11703479,0.37545824,0.906832483842221,1.0,True
FBXO22,0.11703479,0.40368846,0.906832483842221,1.0,True
RANBP3,0.116267346,0.20995997,0.9074406613651652,1.0,True
HEMK1,0.116267346,0.414497,0.9074406613651652,1.0,True
KIF21B,0.116267346,0.34083247,0.9074406613651652,1.0,True
DNAJC14,0.116267346,0.43527314,0.9074406613651652,1.0,True
EML2,0.116267346,0.5180624,0.9074406613651652,1.0,True
MAN2C1,0.116267346,0.43802726,0.9074406613651652,1.0,True
DNASE1L1,0.116267346,0.49196866,0.9074406613651652,1.0,True
IFRD2,0.115883626,0.3134282,0.9077447704996368,1.0,True
OGFR,0.115883626,0.16197416,0.9077447704996368,1.0,True
NUDT16L1,0.115883626,0.057946093,0.9077447704996368,1.0,True
KRIT1,0.115499906,0.4882525,0.9080488931572108,1.0,True
COQ2,0.115499906,0.37035176,0.9080488931572108,1.0,True
IRF5,0.115499906,0.37784368,0.9080488931572108,1.0,True
MAVS,0.115499906,0.4186238,0.9080488931572108,1.0,True
GCFC2,0.11511619,0.27710694,0.9083530292937076,1.0,True
FAM3C,0.11511619,0.3457743,0.9083530292937076,1.0,True
TMEM38B,0.11511619,0.26594955,0.9083530292937076,1.0,True
RNF170,0.11473247,0.41643688,0.908657178864941,1.0,True
TAF1C,0.11473247,0.44358417,0.908657178864941,1.0,True
PIGG,0.11473247,0.42705706,0.908657178864941,1.0,True
LINC00998,0.11473247,0.37813827,0.908657178864941,1.0,True
CDV3,0.11434875,0.12707412,0.9089613418267188,1.0,True
SLC38A2,0.11434875,0.1929855,0.9089613418267188,1.0,True
NUP54,0.11434875,0.17453213,0.9089613418267188,1.0,True
SIDT1,0.11396503,0.28775415,0.9092655181348436,1.0,True
SCAMP1,0.11396503,0.39597538,0.9092655181348436,1.0,True
MAP2K5,0.11396503,0.3381495,0.9092655181348436,1.0,True
C9orf114,0.11396503,0.20089659,0.9092655181348436,1.0,True
TTI1,0.11396503,0.30696943,0.9092655181348436,1.0,True
ELMOD2,0.11319759,0.24653342,0.909873910613312,1.0,True
ZNF354A,0.11319759,0.3768641,0.909873910613312,1.0,True
CCDC84,0.11319759,0.30618957,0.909873910613312,1.0,True
HIST1H2BN,0.11319759,0.29769236,0.909873910613312,1.0,False
PRPF3,0.11319759,0.3788127,0.909873910613312,1.0,True
DCTN5,0.11319759,0.39552793,0.909873910613312,1.0,True
ACTR6,0.11281387,0.23525836,0.9101781266952312,1.0,True
HACL1,0.11243014,0.1043984,0.9104823559466472,1.0,True
METTL13,0.11243014,0.34157926,0.9104823559466472,1.0,True
TPRA1,0.11243014,0.23848163,0.9104823559466472,1.0,True
C17orf70,0.11243014,0.3916003,0.9104823559466472,1.0,True
UBE2Q2,0.11204642,0.19421929,0.9107865983233326,1.0,True
VPRBP,0.1116627,0.41260484,0.9110908537810554,1.0,True
LIG1,0.1116627,0.3342875,0.9110908537810554,1.0,True
CDKN2AIPNL,0.1116627,0.2343725,0.9110908537810554,1.0,True
APAF1,0.1116627,0.37868735,0.9110908537810554,1.0,True
FAM111A,0.11127898,0.32992724,0.9113951222755764,1.0,True
GGA1,0.11127898,0.07313892,0.9113951222755764,1.0,True
C8orf76,0.11089526,0.10269004,0.911699403762652,1.0,True
PIK3C3,0.11089526,0.26757094,0.911699403762652,1.0,True
MRPS14,0.11051154,0.0430503,0.9120036981980316,1.0,True
NRD1,0.11051154,0.102272205,0.9120036981980316,1.0,True
HERC4,0.11051154,0.18251869,0.9120036981980316,1.0,True
EPS15L1,0.11012782,0.17440659,0.9123080055374598,1.0,True
KDM5A,0.1097441,0.094043486,0.9126123257366752,1.0,True
ANAPC10,0.1097441,0.24767284,0.9126123257366752,1.0,True
SMIM20,0.1097441,0.107498504,0.9126123257366752,1.0,True
CHRAC1,0.1097441,0.34273022,0.9126123257366752,1.0,True
APBA3,0.10936038,0.25772157,0.9129166587514108,1.0,True
FAIM,0.108592935,0.20668542,0.9135253630503464,1.0,True
SLC25A51,0.108592935,0.23716761,0.9135253630503464,1.0,True
RQCD1,0.107825495,0.051536143,0.914134118080018,1.0,True
MTG2,0.107441776,0.25212243,0.9144385145081528,1.0,True
TOPORS-AS1,0.107441776,0.13667186,0.9144385145081528,1.0,True
F8A1,0.107058056,0.06831471,0.914742923486088,1.0,True
DDX3X,0.106674336,0.115997806,0.9150473449695176,1.0,True
RP11-220I1.1,0.106674336,0.30991888,0.9150473449695176,1.0,True
RPA3,0.106290616,0.13258119,0.9153517789141296,1.0,True
TRIM4,0.106290616,0.15948282,0.9153517789141296,1.0,True
MCM5,0.10513945,0.07678658,0.9162651550718646,1.0,True
RBX1,0.10513945,0.016638082,0.9162651550718646,1.0,True
NIPA2,0.10437201,0.18629535,0.9168741340036436,1.0,True
OGT,0.10360457,0.3051178,0.9174831617162122,1.0,True
KIAA0907,0.10283713,0.30234143,0.9180922378547528,1.0,True
CHD6,0.10283713,0.20075725,0.9180922378547528,1.0,True
BCL10,0.10283713,0.31975508,0.9180922378547528,1.0,True
SH3YL1,0.10245341,0.10315496,0.9183967939728588,1.0,True
SLC2A3,0.10206968,0.108182065,0.9187013620643624,1.0,True
KRBOX4,0.10206968,0.40918192,0.9187013620643624,1.0,True
MT1F,0.10206968,0.19821061,0.9187013620643624,1.0,True
PRPS2,0.10206968,-0.028592093,0.9187013620643624,1.0,True
COA6,0.10206968,0.20767976,0.9187013620643624,1.0,True
TIMM22,0.10168596,0.19706061,0.9190059420848878,1.0,True
VTI1A,0.101302244,0.09874768,0.9193105339900534,1.0,True
XRRA1,0.101302244,0.2271042,0.9193105339900534,1.0,True
FAM136A,0.101302244,0.19281729,0.9193105339900534,1.0,True
BEST1,0.100918524,0.12315716,0.9196151377354728,1.0,True
GIMAP5,0.100534804,-0.046817563,0.9199197532767536,1.0,True
KRAS,0.100534804,0.04724423,0.9199197532767536,1.0,True
RP11-139H15.1,0.100534804,0.111911416,0.9199197532767536,1.0,True
FAM96A,0.100534804,0.12619567,0.9199197532767536,1.0,True
SNW1,0.099767365,0.059678808,0.9205290195693084,1.0,True
DPP9,0.099767365,0.39225784,0.9205290195693084,1.0,True
GAB3,0.099767365,0.34701115,0.9205290195693084,1.0,True
MBIP,0.099767365,0.35566428,0.9205290195693084,1.0,True
MRPL48,0.099383645,0.08263799,0.9208336702317726,1.0,True
NUMB,0.098999925,0.18069243,0.9211383325124798,1.0,True
MOB3C,0.098999925,0.353331,0.9211383325124798,1.0,True
AGPAT1,0.098999925,0.3551545,0.9211383325124798,1.0,True
NIN,0.098999925,0.0072833956,0.9211383325124798,1.0,True
ALDH5A1,0.09823248,0.60425556,0.9217476917509476,1.0,True
NPC1,0.09823248,0.78506434,0.9217476917509476,1.0,True
FUCA2,0.09823248,0.63668686,0.9217476917509476,1.0,True
SCAMP2,0.09823248,0.16921514,0.9217476917509476,1.0,True
PI4KA,0.09823248,0.33056456,0.9217476917509476,1.0,True
ZMAT3,0.09823248,0.5659049,0.9217476917509476,1.0,True
OGFOD2,0.09823248,0.68860793,0.9217476917509476,1.0,True
NPEPPS,0.09746504,0.50108844,0.9223570969293104,1.0,True
BFAR,0.09746504,0.06980078,0.9223570969293104,1.0,True
EIF3B,0.09746504,0.33438152,0.9223570969293104,1.0,True
GDI2,0.09746504,0.04841967,0.9223570969293104,1.0,True
POMT1,0.09746504,0.61738974,0.9223570969293104,1.0,True
PPP1R11,0.0966976,0.038386907,0.9229665476920856,1.0,True
CBX7,0.0966976,0.18619947,0.9229665476920856,1.0,True
DDX28,0.0966976,0.3570167,0.9229665476920856,1.0,True
PRKAB1,0.0966976,0.56627625,0.9229665476920856,1.0,True
SMAP2,0.0966976,0.07265075,0.9229665476920856,1.0,True
MPST,0.0966976,0.088316016,0.9229665476920856,1.0,True
LINC00863,0.0966976,0.59844774,0.9229665476920856,1.0,True
TUFM,0.0966976,0.048071746,0.9229665476920856,1.0,True
PRR3,0.0966976,0.65148604,0.9229665476920856,1.0,True
CIC,0.09593016,0.49624234,0.9235760436837104,1.0,True
NCOA3,0.09593016,0.2470298,0.9235760436837104,1.0,True
P2RX4,0.09593016,0.6041355,0.9235760436837104,1.0,True
LINC00092,0.09593016,0.57410437,0.9235760436837104,1.0,True
R3HDM1,0.09593016,0.2602692,0.9235760436837104,1.0,True
DDX54,0.09593016,0.31278363,0.9235760436837104,1.0,True
ZFPL1,0.09593016,0.14229892,0.9235760436837104,1.0,True
MLX,0.09554644,0.21253271,0.9238808085292064,1.0,True
AC069513.4,0.09516271,22.991516,0.9241855845485424,1.0,True
MAP6D1,0.09516271,23.725054,0.9241855845485424,1.0,True
AD000090.2,0.09516271,23.192709,0.9241855845485424,1.0,True
AL133245.2,0.09516271,23.221504,0.9241855845485424,1.0,True
AC005253.2,0.09516271,23.290092,0.9241855845485424,1.0,True
KBTBD11,0.09516271,23.177631,0.9241855845485424,1.0,True
HOMER3,0.09516271,23.146877,0.9241855845485424,1.0,True
AC004447.2,0.09516271,23.319412,0.9241855845485424,1.0,True
ARHGEF40,0.09516271,23.26496,0.9241855845485424,1.0,True
RAB2B,0.09516271,23.244762,0.9241855845485424,1.0,True
TMEM30B,0.09516271,23.39068,0.9241855845485424,1.0,True
LRTOMT,0.09516271,23.270445,0.9241855845485424,1.0,True
CTA-217C2.1,0.09516271,23.249771,0.9241855845485424,1.0,True
SERINC2,0.09516271,23.271545,0.9241855845485424,1.0,True
CDT1,0.09516271,23.431465,0.9241855845485424,1.0,True
LINC00304,0.09516271,23.137583,0.9241855845485424,1.0,True
C6orf57,0.09516271,23.069479,0.9241855845485424,1.0,True
C9orf116,0.09516271,23.189337,0.9241855845485424,1.0,True
HMGN3-AS1,0.09516271,23.234825,0.9241855845485424,1.0,True
CLSPN,0.09516271,22.629951,0.9241855845485424,1.0,True
AARS2,0.09516271,23.268248,0.9241855845485424,1.0,True
C5orf42,0.09516271,23.047089,0.9241855845485424,1.0,True
E2F5,0.09516271,23.171005,0.9241855845485424,1.0,True
LCNL1,0.09516271,23.54452,0.9241855845485424,1.0,True
ATP1B1,0.09516271,23.175308,0.9241855845485424,1.0,True
F5,0.09516271,23.072462,0.9241855845485424,1.0,True
ALS2,0.09516271,23.209743,0.9241855845485424,1.0,True
RP11-505P4.6,0.09516271,23.260958,0.9241855845485424,1.0,True
RP11-309G3.3,0.09516271,23.17365,0.9241855845485424,1.0,True
DNASE1L3,0.09516271,23.142378,0.9241855845485424,1.0,True
KCTD21-AS1,0.09516271,23.206312,0.9241855845485424,1.0,True
RP11-474G23.3,0.09516271,23.209743,0.9241855845485424,1.0,True
ZNF155,0.09516271,23.131857,0.9241855845485424,1.0,True
GPHN,0.09516271,23.187656,0.9241855845485424,1.0,True
PM20D1,0.09516271,22.991516,0.9241855845485424,1.0,True
PVR,0.09516271,23.195076,0.9241855845485424,1.0,True
PTAFR,0.09516271,23.255527,0.9241855845485424,1.0,True
DHX34,0.09516271,23.172327,0.9241855845485424,1.0,True
ZNF541,0.09516271,23.047089,0.9241855845485424,1.0,True
RP11-245J9.4,0.09516271,23.418808,0.9241855845485424,1.0,True
TREML1,0.09516271,22.732622,0.9241855845485424,1.0,True
TREML2,0.09516271,23.173319,0.9241855845485424,1.0,True
TREM1,0.09516271,23.285606,0.9241855845485424,1.0,True
VPS9D1-AS1,0.09516271,23.418808,0.9241855845485424,1.0,True
RP11-793H13.3,0.09516271,23.271545,0.9241855845485424,1.0,True
RP11-707G14.1,0.09516271,23.177631,0.9241855845485424,1.0,True
C5AR2,0.09516271,23.127743,0.9241855845485424,1.0,True
CACNA2D3,0.09516271,23.19001,0.9241855845485424,1.0,True
DZANK1,0.09516271,23.376535,0.9241855845485424,1.0,True
RIN2,0.09516271,23.187656,0.9241855845485424,1.0,True
RP11-802O23.3,0.09516271,22.995665,0.9241855845485424,1.0,True
GSTA4,0.09516271,23.123959,0.9241855845485424,1.0,True
DNAH1,0.09516271,23.114254,0.9241855845485424,1.0,True
ACY1,0.09516271,23.22709,0.9241855845485424,1.0,True
P2RY13,0.09516271,23.341745,0.9241855845485424,1.0,True
RP11-46A10.5,0.09516271,23.072462,0.9241855845485424,1.0,True
NCEH1,0.09516271,23.047089,0.9241855845485424,1.0,True
KCNMB3,0.09516271,23.23271,0.9241855845485424,1.0,True
PTGS2,0.09516271,22.84508,0.9241855845485424,1.0,True
ADCY4,0.09516271,23.062355,0.9241855845485424,1.0,True
DARS2,0.09516271,23.168697,0.9241855845485424,1.0,True
TRPM4,0.09516271,23.146877,0.9241855845485424,1.0,True
RCN3,0.09516271,23.175308,0.9241855845485424,1.0,True
RP11-160H22.5,0.09516271,22.770885,0.9241855845485424,1.0,True
RP11-533E19.5,0.09516271,23.166065,0.9241855845485424,1.0,True
DSC2,0.09516271,23.120504,0.9241855845485424,1.0,True
ADTRP,0.09516271,23.146877,0.9241855845485424,1.0,True
RP11-274B18.2,0.09516271,23.344128,0.9241855845485424,1.0,True
CPAMD8,0.09516271,23.289343,0.9241855845485424,1.0,True
RP11-643M14.1,0.09516271,22.967505,0.9241855845485424,1.0,True
ATP11C,0.09516271,23.26496,0.9241855845485424,1.0,True
TP53INP2,0.09516271,23.329529,0.9241855845485424,1.0,True
AC009120.6,0.09516271,23.206312,0.9241855845485424,1.0,True
MARCKS,0.09516271,23.184637,0.9241855845485424,1.0,True
TRMT10A,0.09516271,23.199827,0.9241855845485424,1.0,True
CDC20,0.09516271,22.770885,0.9241855845485424,1.0,True
AP003774.6,0.09516271,23.248695,0.9241855845485424,1.0,True
RP5-1125A11.1,0.09516271,23.220114,0.9241855845485424,1.0,True
CENPW,0.09516271,22.629951,0.9241855845485424,1.0,True
PPIL6,0.09516271,23.307877,0.9241855845485424,1.0,True
FPR2,0.09516271,23.192709,0.9241855845485424,1.0,True
AKR1CL1,0.09516271,23.171005,0.9241855845485424,1.0,True
KIAA1683,0.09516271,23.17365,0.9241855845485424,1.0,True
RP4-813F11.4,0.09516271,22.84508,0.9241855845485424,1.0,True
SLC2A1-AS1,0.09516271,23.198467,0.9241855845485424,1.0,True
ZNF358,0.09516271,22.967505,0.9241855845485424,1.0,True
ALS2CR12,0.09516271,23.31478,0.9241855845485424,1.0,True
RP11-359K18.3,0.09516271,23.14978,0.9241855845485424,1.0,True
DAG1,0.09516271,23.200167,0.9241855845485424,1.0,True
TRAIP,0.09516271,22.770885,0.9241855845485424,1.0,True
RP11-600F24.7,0.09516271,23.197788,0.9241855845485424,1.0,True
RP11-1007O24.3,0.09516271,23.324846,0.9241855845485424,1.0,True
LONRF3,0.09516271,23.198467,0.9241855845485424,1.0,True
DCUN1D2,0.09516271,23.268248,0.9241855845485424,1.0,True
TVP23C,0.09516271,23.379429,0.9241855845485424,1.0,True
FSCN3,0.09516271,23.168697,0.9241855845485424,1.0,True
KB-1732A1.1,0.09516271,23.133444,0.9241855845485424,1.0,True
TIGD6,0.09516271,22.629951,0.9241855845485424,1.0,True
RP11-713M15.2,0.09516271,23.379429,0.9241855845485424,1.0,True
SPDYA,0.09516271,23.106186,0.9241855845485424,1.0,True
CDC42BPB,0.09516271,23.178963,0.9241855845485424,1.0,True
TNFAIP2,0.09516271,22.629951,0.9241855845485424,1.0,True
RP11-804H8.6,0.09516271,23.106806,0.9241855845485424,1.0,True
TXNDC5,0.09516271,23.137583,0.9241855845485424,1.0,True
C1orf112,0.09516271,23.72282,0.9241855845485424,1.0,True
NUDT6,0.09516271,22.770885,0.9241855845485424,1.0,True
PLK4,0.09516271,23.17365,0.9241855845485424,1.0,True
PELI3,0.09516271,23.340158,0.9241855845485424,1.0,True
RP3-508I15.22,0.09516271,23.271545,0.9241855845485424,1.0,True
AP003068.23,0.09516271,22.732622,0.9241855845485424,1.0,True
PAICS,0.09516271,22.84508,0.9241855845485424,1.0,True
CTC-366B18.2,0.09516271,22.990688,0.9241855845485424,1.0,True
REM2,0.09516271,23.146877,0.9241855845485424,1.0,True
DUSP19,0.09516271,23.123959,0.9241855845485424,1.0,True
ZNF205-AS1,0.09516271,23.25661,0.9241855845485424,1.0,True
DEPTOR,0.09516271,23.19001,0.9241855845485424,1.0,True
MTBP,0.09516271,23.21942,0.9241855845485424,1.0,True
IKZF4,0.09516271,23.189337,0.9241855845485424,1.0,True
FMN1,0.09516271,23.353727,0.9241855845485424,1.0,True
SSBP2,0.09516271,0.50063497,0.9241855845485424,1.0,True
CTD-3074O7.12,0.09516271,23.365057,0.9241855845485424,1.0,True
DLGAP3,0.09516271,23.23306,0.9241855845485424,1.0,True
XXbac-BPGBPG55C20.2,0.09516271,23.203918,0.9241855845485424,1.0,True
IER5L,0.09516271,23.255527,0.9241855845485424,1.0,True
ITGAV,0.09516271,23.189337,0.9241855845485424,1.0,True
CALCRL,0.09516271,23.254086,0.9241855845485424,1.0,True
EMR1,0.09516271,23.142378,0.9241855845485424,1.0,True
EPHA1-AS1,0.09516271,23.106806,0.9241855845485424,1.0,True
ZNF398,0.09516271,23.304064,0.9241855845485424,1.0,True
RP11-469M7.1,0.09516271,23.259506,0.9241855845485424,1.0,True
CTB-113I20.2,0.09516271,23.118626,0.9241855845485424,1.0,True
RP11-1191J2.5,0.09516271,23.238361,0.9241855845485424,1.0,True
RBM12B-AS1,0.09516271,23.17597,0.9241855845485424,1.0,True
RP11-787I22.3,0.09516271,23.14978,0.9241855845485424,1.0,True
ZBTB32,0.09516271,23.421846,0.9241855845485424,1.0,True
TRIB1,0.09516271,23.284863,0.9241855845485424,1.0,True
DMD,0.09516271,23.120504,0.9241855845485424,1.0,True
F12,0.09516271,23.086906,0.9241855845485424,1.0,True
ZRANB3,0.09516271,23.303682,0.9241855845485424,1.0,True
PTOV1-AS1,0.09516271,23.290092,0.9241855845485424,1.0,True
MANEA-AS1,0.09516271,23.114254,0.9241855845485424,1.0,True
GCSH,0.09516271,23.127743,0.9241855845485424,1.0,True
SOBP,0.09516271,23.310555,0.9241855845485424,1.0,True
RAD54B,0.09516271,23.21181,0.9241855845485424,1.0,True
ZSWIM6,0.09516271,23.310555,0.9241855845485424,1.0,True
DDX11-AS1,0.09516271,23.418808,0.9241855845485424,1.0,True
RP11-730K11.1,0.09516271,23.187656,0.9241855845485424,1.0,True
AP000783.1,0.09516271,23.268248,0.9241855845485424,1.0,True
RP11-434H6.6,0.09516271,23.284117,0.9241855845485424,1.0,True
DSEL,0.09516271,23.195076,0.9241855845485424,1.0,True
ZNF532,0.09516271,22.732622,0.9241855845485424,1.0,True
CDON,0.09516271,23.22604,0.9241855845485424,1.0,True
EPB41L3,0.09516271,23.090246,0.9241855845485424,1.0,True
RP11-589P10.5,0.09516271,23.054693,0.9241855845485424,1.0,True
STS,0.09516271,23.303303,0.9241855845485424,1.0,True
DKFZP761J1410,0.09516271,23.46785,0.9241855845485424,1.0,True
ANGPTL6,0.09516271,23.166395,0.9241855845485424,1.0,True
ZFP3,0.09516271,23.39068,0.9241855845485424,1.0,True
CHTF18,0.09516271,22.629951,0.9241855845485424,1.0,True
AC009961.3,0.09516271,23.178963,0.9241855845485424,1.0,True
SLC38A11,0.09516271,23.421846,0.9241855845485424,1.0,True
CXorf23,0.09516271,23.238361,0.9241855845485424,1.0,True
BCO2,0.09516271,23.329529,0.9241855845485424,1.0,True
PHLDB2,0.09516271,23.342539,0.9241855845485424,1.0,True
SRRM5,0.09516271,23.118626,0.9241855845485424,1.0,True
ZNF283,0.09516271,22.995665,0.9241855845485424,1.0,True
BSPRY,0.09516271,23.148489,0.9241855845485424,1.0,True
POLE2,0.09516271,22.629951,0.9241855845485424,1.0,True
WDHD1,0.09516271,23.246906,0.9241855845485424,1.0,True
ATG14,0.09516271,23.353727,0.9241855845485424,1.0,True
PAXIP1-AS2,0.09516271,23.137583,0.9241855845485424,1.0,True
PAXIP1,0.09516271,22.991516,0.9241855845485424,1.0,True
DEPDC1B,0.09516271,23.254086,0.9241855845485424,1.0,True
JARID2-AS1,0.09516271,23.069479,0.9241855845485424,1.0,True
CTC-297N7.8,0.09516271,23.220114,0.9241855845485424,1.0,True
AC012358.8,0.09516271,23.307877,0.9241855845485424,1.0,True
UBE2W,0.09516271,23.258781,0.9241855845485424,1.0,True
IL7,0.09516271,23.100332,0.9241855845485424,1.0,True
CTD-2547L16.1,0.09516271,23.175308,0.9241855845485424,1.0,True
SHF,0.09516271,23.19001,0.9241855845485424,1.0,True
RP11-158I9.5,0.09516271,23.166065,0.9241855845485424,1.0,True
MAP3K1,0.09516271,0.3886804,0.9241855845485424,1.0,True
SIRPA,0.09516271,23.044762,0.9241855845485424,1.0,True
TMEM44-AS1,0.09516271,23.236238,0.9241855845485424,1.0,True
NUGGC,0.09516271,23.146233,0.9241855845485424,1.0,True
CTIF,0.09516271,22.962122,0.9241855845485424,1.0,True
KLHL17,0.09516271,23.208714,0.9241855845485424,1.0,True
HES4,0.09516271,23.199827,0.9241855845485424,1.0,True
RHOQ,0.09516271,23.200506,0.9241855845485424,1.0,True
CTB-32O4.2,0.09516271,23.135033,0.9241855845485424,1.0,True
ZNF165,0.09516271,23.23271,0.9241855845485424,1.0,True
BCL2L14,0.09516271,23.135033,0.9241855845485424,1.0,True
C9orf91,0.09516271,23.209743,0.9241855845485424,1.0,True
LRRC3,0.09516271,23.090246,0.9241855845485424,1.0,True
NEURL4,0.09516271,23.184637,0.9241855845485424,1.0,True
PHLPP1,0.09516271,23.17365,0.9241855845485424,1.0,True
SERINC4,0.09516271,23.123959,0.9241855845485424,1.0,True
RP1-265C24.8,0.09516271,23.260595,0.9241855845485424,1.0,True
ZKSCAN4,0.09516271,23.21181,0.9241855845485424,1.0,True
CDK18,0.09516271,23.121445,0.9241855845485424,1.0,True
RP1-28O10.1,0.09516271,23.135033,0.9241855845485424,1.0,True
NEK2,0.09516271,23.353727,0.9241855845485424,1.0,True
TMEM52,0.09516271,23.074556,0.9241855845485424,1.0,True
FAM206A,0.09516271,23.142378,0.9241855845485424,1.0,True
CD3EAP,0.09516271,23.090246,0.9241855845485424,1.0,True
GRAMD1B,0.09516271,22.995665,0.9241855845485424,1.0,True
FGD4,0.09516271,23.257334,0.9241855845485424,1.0,True
NRGN,0.09516271,23.192709,0.9241855845485424,1.0,True
RP4-816N1.6,0.09516271,23.258781,0.9241855845485424,1.0,True
KIF1B,0.09516271,23.106186,0.9241855845485424,1.0,True
RP5-940J5.6,0.09516271,23.268248,0.9241855845485424,1.0,True
KCNAB3,0.09516271,22.770885,0.9241855845485424,1.0,True
RAB12,0.09516271,23.289343,0.9241855845485424,1.0,True
ESPN,0.09516271,23.203918,0.9241855845485424,1.0,True
RP11-271K21.11,0.09516271,23.192709,0.9241855845485424,1.0,True
AL627309.1,0.09516271,23.262411,0.9241855845485424,1.0,True
AC145212.1,0.09516271,23.100332,0.9241855845485424,1.0,True
KDM6B,0.09516271,0.50884265,0.9241855845485424,1.0,True
ZSCAN31,0.09516271,23.120504,0.9241855845485424,1.0,True
ZSCAN12,0.09516271,23.054693,0.9241855845485424,1.0,True
HCG14,0.09516271,23.304064,0.9241855845485424,1.0,True
DUSP4,0.09516271,23.195076,0.9241855845485424,1.0,True
TTC34,0.09516271,23.133444,0.9241855845485424,1.0,True
GLTSCR1,0.09516271,23.047089,0.9241855845485424,1.0,True
TRBV11-2,0.09516271,22.770885,0.9241855845485424,1.0,True
ABCA3,0.09516271,23.26496,0.9241855845485424,1.0,True
SMARCD3,0.09516271,23.106186,0.9241855845485424,1.0,True
FKBP7,0.09516271,23.21181,0.9241855845485424,1.0,True
RP11-216B9.6,0.09516271,23.192709,0.9241855845485424,1.0,True
PKN3,0.09516271,23.221504,0.9241855845485424,1.0,True
RP11-318C24.2,0.09516271,23.14978,0.9241855845485424,1.0,True
C17orf103,0.09516271,23.208714,0.9241855845485424,1.0,True
ATRN,0.09516271,23.200167,0.9241855845485424,1.0,True
SPTLC3,0.09516271,23.289343,0.9241855845485424,1.0,True
ZNF717,0.09516271,23.37695,0.9241855845485424,1.0,True
RP11-159G9.5,0.09516271,23.198467,0.9241855845485424,1.0,True
ZNF519,0.09516271,23.074556,0.9241855845485424,1.0,True
CYP4F35P,0.09516271,23.217684,0.9241855845485424,1.0,True
SYNM,0.09516271,23.146877,0.9241855845485424,1.0,True
RP11-309M23.1,0.09516271,23.197788,0.9241855845485424,1.0,True
RAB11FIP3,0.09516271,23.220114,0.9241855845485424,1.0,True
SSFA2,0.09516271,23.356546,0.9241855845485424,1.0,True
RBBP8,0.09516271,23.069479,0.9241855845485424,1.0,True
RP1-257A7.5,0.09516271,23.22709,0.9241855845485424,1.0,True
GATM,0.09516271,23.236238,0.9241855845485424,1.0,True
SLC36A1,0.09516271,23.054693,0.9241855845485424,1.0,True
PTPDC1,0.09516271,23.146877,0.9241855845485424,1.0,True
ZNF486,0.09516271,23.090246,0.9241855845485424,1.0,True
ZNF738,0.09516271,22.770885,0.9241855845485424,1.0,True
RP11-793H13.11,0.09516271,23.135033,0.9241855845485424,1.0,True
RP11-793H13.10,0.09516271,23.200506,0.9241855845485424,1.0,True
CCDC125,0.09516271,23.249771,0.9241855845485424,1.0,True
NUP188,0.09516271,23.193722,0.9241855845485424,1.0,True
MAPK11,0.09516271,23.168697,0.9241855845485424,1.0,True
SETBP1,0.09516271,23.22604,0.9241855845485424,1.0,True
LINC00886,0.09516271,23.072462,0.9241855845485424,1.0,True
CTA-384D8.36,0.09516271,23.17597,0.9241855845485424,1.0,True
PDE2A,0.09516271,23.127743,0.9241855845485424,1.0,True
PSMD6-AS2,0.09516271,23.054987,0.9241855845485424,1.0,True
RGL1,0.09516271,23.118626,0.9241855845485424,1.0,True
LARP4,0.09516271,23.17365,0.9241855845485424,1.0,True
MSH5,0.09516271,22.967505,0.9241855845485424,1.0,True
MOV10L1,0.09516271,23.30673,0.9241855845485424,1.0,True
CPNE5,0.09516271,23.193722,0.9241855845485424,1.0,True
SLC4A4,0.09516271,22.84508,0.9241855845485424,1.0,True
TROAP,0.09516271,22.770885,0.9241855845485424,1.0,True
ATP6V0E2-AS1,0.09516271,23.072462,0.9241855845485424,1.0,True
TMEM27,0.09516271,23.25661,0.9241855845485424,1.0,True
ZBTB26,0.09516271,23.062355,0.9241855845485424,1.0,True
IRF2BP1,0.09516271,23.2871,0.9241855845485424,1.0,True
CTB-12A17.3,0.09516271,23.107733,0.9241855845485424,1.0,True
KIAA0391-1,0.09516271,23.248695,0.9241855845485424,1.0,True
CTD-2325M2.1,0.09516271,23.271545,0.9241855845485424,1.0,True
TMEM176A,0.09516271,23.047089,0.9241855845485424,1.0,True
NOS3,0.09516271,23.704887,0.9241855845485424,1.0,True
WFIKKN1,0.09516271,23.143661,0.9241855845485424,1.0,True
SPATA21,0.09516271,23.14978,0.9241855845485424,1.0,True
RP4-798A10.4,0.09516271,23.234825,0.9241855845485424,1.0,True
TCP10L,0.09516271,23.175308,0.9241855845485424,1.0,True
AF131217.1,0.09516271,23.284117,0.9241855845485424,1.0,True
TMEM220,0.09516271,23.365057,0.9241855845485424,1.0,True
KIF13A,0.09516271,23.123959,0.9241855845485424,1.0,True
LINC00996,0.09516271,23.426205,0.9241855845485424,1.0,True
RP13-638C3.4,0.09516271,23.212152,0.9241855845485424,1.0,True
RP11-203J24.8,0.09516271,23.26132,0.9241855845485424,1.0,True
SRXN1,0.09516271,23.262411,0.9241855845485424,1.0,True
ANKEF1,0.09516271,23.273752,0.9241855845485424,1.0,True
TRPV3,0.09516271,23.172327,0.9241855845485424,1.0,True
RP11-513I15.6,0.09516271,23.26132,0.9241855845485424,1.0,True
STK35,0.09516271,23.46785,0.9241855845485424,1.0,True
KRT2,0.09516271,23.19001,0.9241855845485424,1.0,True
DYNC2H1,0.09516271,23.23306,0.9241855845485424,1.0,True
ARL6,0.09516271,23.14978,0.9241855845485424,1.0,True
ZNF232,0.09516271,23.146877,0.9241855845485424,1.0,True
RP11-190C22.8,0.09516271,23.258781,0.9241855845485424,1.0,True
CELA1,0.09516271,23.303303,0.9241855845485424,1.0,True
POU2AF1,0.09516271,23.234825,0.9241855845485424,1.0,True
IL18,0.09516271,23.168697,0.9241855845485424,1.0,True
RAPGEF3,0.09516271,23.142378,0.9241855845485424,1.0,True
E2F2,0.09516271,22.967505,0.9241855845485424,1.0,True
AP000476.1,0.09516271,23.107733,0.9241855845485424,1.0,True
UPK2,0.09516271,23.367914,0.9241855845485424,1.0,True
CD200,0.09516271,22.732622,0.9241855845485424,1.0,True
CCDC138,0.09516271,22.991516,0.9241855845485424,1.0,True
ZXDA,0.09516271,23.199827,0.9241855845485424,1.0,True
STARD8,0.09516271,23.192034,0.9241855845485424,1.0,True
STON2,0.09516271,23.324846,0.9241855845485424,1.0,True
LINC01146,0.09516271,23.197788,0.9241855845485424,1.0,True
FOCAD,0.09516271,22.732622,0.9241855845485424,1.0,True
WDR66,0.09516271,23.213879,0.9241855845485424,1.0,True
RP11-326C3.11,0.09516271,23.106806,0.9241855845485424,1.0,True
PINLYP,0.09516271,23.271545,0.9241855845485424,1.0,True
SORBS1,0.09516271,23.059107,0.9241855845485424,1.0,True
FRY,0.09516271,23.142378,0.9241855845485424,1.0,True
ARHGAP19,0.09516271,23.054987,0.9241855845485424,1.0,True
EFNA3,0.09516271,23.106497,0.9241855845485424,1.0,True
MYCBPAP,0.09516271,23.259506,0.9241855845485424,1.0,True
CTD-2256P15.2,0.09516271,23.338575,0.9241855845485424,1.0,True
RP11-422P24.11,0.09516271,23.213879,0.9241855845485424,1.0,True
SLC9B1,0.09516271,23.497759,0.9241855845485424,1.0,True
ADAT3,0.09516271,23.12176,0.9241855845485424,1.0,True
SIRT4,0.09516271,23.184637,0.9241855845485424,1.0,True
RP11-195F19.5,0.09516271,23.121445,0.9241855845485424,1.0,True
DNAJB5,0.09516271,23.197788,0.9241855845485424,1.0,True
ZNF441,0.09516271,23.431906,0.9241855845485424,1.0,True
SPOPL,0.09516271,23.090246,0.9241855845485424,1.0,True
IQSEC2,0.09516271,23.21181,0.9241855845485424,1.0,True
USP51,0.09516271,23.054987,0.9241855845485424,1.0,True
LINC00511,0.09516271,23.259506,0.9241855845485424,1.0,True
CEP55,0.09516271,23.27118,0.9241855845485424,1.0,True
AC008443.1,0.09516271,22.991516,0.9241855845485424,1.0,True
LRRC34,0.09516271,23.195076,0.9241855845485424,1.0,True
RP11-157J24.2,0.09516271,23.329529,0.9241855845485424,1.0,True
FBXL19,0.09516271,23.31478,0.9241855845485424,1.0,True
RP11-452L6.5,0.09516271,23.248695,0.9241855845485424,1.0,True
DTHD1,0.09516271,0.58299005,0.9241855845485424,1.0,True
NREP,0.09516271,23.17597,0.9241855845485424,1.0,True
ZNF135,0.09516271,23.284863,0.9241855845485424,1.0,True
MTURN,0.09516271,22.629951,0.9241855845485424,1.0,True
PPP1R17,0.09516271,23.197788,0.9241855845485424,1.0,True
PRSS36,0.09516271,22.84508,0.9241855845485424,1.0,True
RP11-532F6.3,0.09516271,23.333845,0.9241855845485424,1.0,True
TMEM63C,0.09516271,23.200506,0.9241855845485424,1.0,True
POMT2,0.09516271,23.200167,0.9241855845485424,1.0,True
DND1,0.09516271,23.341745,0.9241855845485424,1.0,True
C19orf54,0.09516271,22.990688,0.9241855845485424,1.0,True
SPAG5,0.09516271,23.319412,0.9241855845485424,1.0,True
RP11-815J21.2,0.09516271,23.199827,0.9241855845485424,1.0,True
USP27X,0.09516271,23.044762,0.9241855845485424,1.0,True
GP6,0.09516271,23.254086,0.9241855845485424,1.0,True
PLA2G1B,0.09516271,23.170015,0.9241855845485424,1.0,True
RP5-1159O4.1,0.09516271,23.069479,0.9241855845485424,1.0,True
ZSWIM4,0.09516271,23.342539,0.9241855845485424,1.0,True
IL1RN,0.09516271,23.208714,0.9241855845485424,1.0,True
GS1-393G12.13,0.09516271,22.629951,0.9241855845485424,1.0,True
ATG2B,0.09516271,23.21942,0.9241855845485424,1.0,True
TTC8,0.09516271,24.771322,0.9241855845485424,1.0,True
AC004381.6,0.09516271,23.19001,0.9241855845485424,1.0,True
DCUN1D3,0.09516271,23.177631,0.9241855845485424,1.0,True
NPIPB3,0.09516271,23.200167,0.9241855845485424,1.0,True
HOXA10,0.09516271,23.131857,0.9241855845485424,1.0,True
RP13-317D12.3,0.09516271,23.133444,0.9241855845485424,1.0,True
AC005082.12,0.09516271,23.199827,0.9241855845485424,1.0,True
RP11-415F23.4,0.09516271,23.107733,0.9241855845485424,1.0,True
EPDR1,0.09516271,22.770885,0.9241855845485424,1.0,True
TUSC1,0.09516271,23.120504,0.9241855845485424,1.0,True
IFT74,0.09516271,23.273752,0.9241855845485424,1.0,True
ZNF569,0.09516271,23.062355,0.9241855845485424,1.0,True
CTD-3064H18.1,0.09516271,23.431906,0.9241855845485424,1.0,True
ZNF490,0.09516271,23.184637,0.9241855845485424,1.0,True
HOXA9,0.09516271,23.054987,0.9241855845485424,1.0,True
GPT2,0.09516271,23.260595,0.9241855845485424,1.0,True
RP11-293A21.1,0.09516271,23.184637,0.9241855845485424,1.0,True
AC004463.6,0.09516271,23.431906,0.9241855845485424,1.0,True
DUSP8,0.09516271,23.0863,0.9241855845485424,1.0,True
CDKN1C,0.09516271,23.208714,0.9241855845485424,1.0,True
RP11-407G23.3,0.09516271,23.18163,0.9241855845485424,1.0,True
TTTY14,0.09516271,23.624832,0.9241855845485424,1.0,True
CECR5-AS1,0.09516271,22.84508,0.9241855845485424,1.0,True
SORT1,0.09516271,23.243336,0.9241855845485424,1.0,True
CTD-2192J16.22,0.09516271,23.260958,0.9241855845485424,1.0,True
RP11-875O11.1,0.09516271,23.344128,0.9241855845485424,1.0,True
RP11-312B8.1,0.09516271,23.298374,0.9241855845485424,1.0,True
PRDM15,0.09516271,23.395306,0.9241855845485424,1.0,True
ENO1-AS1,0.09516271,23.289343,0.9241855845485424,1.0,True
RTTN,0.09516271,23.260958,0.9241855845485424,1.0,True
DLG4,0.09516271,22.962122,0.9241855845485424,1.0,True
A2M,0.09516271,23.086906,0.9241855845485424,1.0,True
RP11-58B17.2,0.09516271,23.1833,0.9241855845485424,1.0,True
C19orf47,0.09516271,23.37695,0.9241855845485424,1.0,True
LNX2,0.09516271,23.107733,0.9241855845485424,1.0,True
SACS,0.09516271,23.290092,0.9241855845485424,1.0,True
PABPC3,0.09516271,23.077555,0.9241855845485424,1.0,True
GSTO2,0.09516271,23.209743,0.9241855845485424,1.0,True
ZNF512B,0.09516271,23.187656,0.9241855845485424,1.0,True
MIER2,0.09516271,23.21112,0.9241855845485424,1.0,True
KDM8,0.09516271,23.379429,0.9241855845485424,1.0,True
SEMA5A,0.09516271,23.133444,0.9241855845485424,1.0,True
GRAMD3,0.09516271,23.303682,0.9241855845485424,1.0,True
ZNF771,0.09516271,23.307877,0.9241855845485424,1.0,True
DRAXIN,0.09516271,23.630718,0.9241855845485424,1.0,True
BACE2,0.09516271,23.725054,0.9241855845485424,1.0,True
ATN1,0.09516271,23.111765,0.9241855845485424,1.0,True
ERP27,0.09516271,23.353727,0.9241855845485424,1.0,True
KIAA1467,0.09516271,23.365873,0.9241855845485424,1.0,True
RP11-359B12.2,0.09516271,23.208714,0.9241855845485424,1.0,True
AGRN,0.09516271,23.137583,0.9241855845485424,1.0,True
RP11-457M11.5,0.09516271,23.114254,0.9241855845485424,1.0,True
CTA-14H9.5,0.09516271,23.121445,0.9241855845485424,1.0,True
RP11-90P5.2,0.09516271,23.431906,0.9241855845485424,1.0,True
RP11-1348G14.5,0.09516271,23.206656,0.9241855845485424,1.0,True
KIAA1958,0.09516271,23.178629,0.9241855845485424,1.0,True
KLHDC1,0.09516271,22.990688,0.9241855845485424,1.0,True
PBK,0.09516271,22.770885,0.9241855845485424,1.0,True
PKD2L1,0.09516271,23.27818,0.9241855845485424,1.0,True
CCNE1,0.09516271,23.047089,0.9241855845485424,1.0,True
AGPAT5,0.09516271,23.260958,0.9241855845485424,1.0,True
XKR6,0.09516271,23.230598,0.9241855845485424,1.0,True
PPP2CB,0.09516271,23.30673,0.9241855845485424,1.0,True
RP11-80H8.4,0.09516271,23.178629,0.9241855845485424,1.0,True
SYCE1,0.09516271,22.629951,0.9241855845485424,1.0,True
ZNF768,0.09516271,23.213879,0.9241855845485424,1.0,True
LINC00174,0.09516271,23.285234,0.9241855845485424,1.0,True
ZNF304,0.09516271,23.074556,0.9241855845485424,1.0,True
ZNF772,0.09516271,23.217684,0.9241855845485424,1.0,True
TRIM33,0.09516271,0.6538735,0.9241855845485424,1.0,True
AFAP1L2,0.09516271,23.230598,0.9241855845485424,1.0,True
KIAA1598,0.09516271,23.508295,0.9241855845485424,1.0,True
AC005076.5,0.09516271,23.146877,0.9241855845485424,1.0,True
CHML,0.09516271,23.184637,0.9241855845485424,1.0,True
GVQW1,0.09516271,22.770885,0.9241855845485424,1.0,True
ACSBG1,0.09516271,23.197788,0.9241855845485424,1.0,True
ZMYM3,0.09516271,23.086906,0.9241855845485424,1.0,True
CACNA1A,0.09516271,23.026323,0.9241855845485424,1.0,True
PER2,0.09516271,23.049423,0.9241855845485424,1.0,True
RP11-85A1.3,0.09516271,23.047089,0.9241855845485424,1.0,True
MKI67,0.09516271,22.770885,0.9241855845485424,1.0,True
PAX5,0.09516271,23.324846,0.9241855845485424,1.0,True
CTTNBP2NL,0.09516271,22.991516,0.9241855845485424,1.0,True
CTD-2012J19.3,0.09516271,22.991516,0.9241855845485424,1.0,True
DCLRE1A,0.09516271,23.111765,0.9241855845485424,1.0,True
RPEL1,0.09516271,23.100332,0.9241855845485424,1.0,True
SUN3,0.09516271,23.166065,0.9241855845485424,1.0,True
AC131097.3,0.09516271,23.21181,0.9241855845485424,1.0,True
THAP9,0.09516271,23.22709,0.9241855845485424,1.0,True
SFTPD,0.09516271,23.133444,0.9241855845485424,1.0,True
MTMR11,0.09516271,23.118626,0.9241855845485424,1.0,True
ZFP28,0.09516271,22.962122,0.9241855845485424,1.0,True
TMEM40,0.09516271,23.283373,0.9241855845485424,1.0,True
ADAM22,0.09516271,23.178629,0.9241855845485424,1.0,True
CLDN12,0.09516271,23.044762,0.9241855845485424,1.0,True
TRAF3IP1,0.09516271,23.315935,0.9241855845485424,1.0,True
PDCD11,0.09516271,0.5678479,0.9241855845485424,1.0,True
LATS2,0.09516271,23.27818,0.9241855845485424,1.0,True
LATS2-AS1,0.09516271,23.173319,0.9241855845485424,1.0,True
CTD-2368P22.1,0.09516271,23.146877,0.9241855845485424,1.0,True
RP11-298J20.3,0.09516271,23.367914,0.9241855845485424,1.0,True
GPAM,0.09516271,23.431906,0.9241855845485424,1.0,True
RP11-426C22.5,0.09516271,23.21181,0.9241855845485424,1.0,True
TGM2,0.09516271,23.192709,0.9241855845485424,1.0,True
CTD-2033A16.3,0.09516271,23.187656,0.9241855845485424,1.0,True
MYCBP2-AS1,0.09516271,23.054987,0.9241855845485424,1.0,True
FITM2,0.09516271,23.23306,0.9241855845485424,1.0,True
TBXA2R,0.09516271,23.175308,0.9241855845485424,1.0,True
TJP3,0.09516271,23.238361,0.9241855845485424,1.0,True
ZCCHC6,0.09516271,0.4418807,0.9241855845485424,1.0,True
ARRDC4,0.09516271,23.234825,0.9241855845485424,1.0,True
ZNF354C,0.09516271,23.284863,0.9241855845485424,1.0,True
CENPU,0.09516271,23.1561,0.9241855845485424,1.0,True
C4orf47,0.09516271,23.324455,0.9241855845485424,1.0,True
MBTD1,0.09516271,23.31478,0.9241855845485424,1.0,True
WDFY4,0.09516271,22.732622,0.9241855845485424,1.0,True
KLHDC8B,0.09516271,23.284117,0.9241855845485424,1.0,True
ANKLE1,0.09516271,23.213879,0.9241855845485424,1.0,True
OCRL,0.09516271,23.329529,0.9241855845485424,1.0,True
ANKDD1A,0.09516271,22.629951,0.9241855845485424,1.0,True
PARP16,0.09516271,0.56796336,0.9241855845485424,1.0,True
ZNF81,0.09516271,23.118626,0.9241855845485424,1.0,True
MTFR2,0.09516271,22.770885,0.9241855845485424,1.0,True
PKIG,0.09516271,22.732622,0.9241855845485424,1.0,True
PABPC1L,0.09516271,23.14978,0.9241855845485424,1.0,True
ZDHHC14,0.09516271,23.118626,0.9241855845485424,1.0,True
DERL3,0.09516271,23.106186,0.9241855845485424,1.0,True
RP11-750H9.5,0.09516271,23.049423,0.9241855845485424,1.0,True
AGBL2,0.09516271,23.206656,0.9241855845485424,1.0,True
RP11-106M3.3,0.09516271,23.22604,0.9241855845485424,1.0,True
MFSD2B,0.09516271,22.629951,0.9241855845485424,1.0,True
CTH,0.09516271,23.069479,0.9241855845485424,1.0,True
RP11-20B24.5,0.09516271,23.19677,0.9241855845485424,1.0,True
UBTD2,0.09516271,23.142378,0.9241855845485424,1.0,True
CYB5RL,0.09516271,23.431906,0.9241855845485424,1.0,True
ACOT11,0.09516271,23.612368,0.9241855845485424,1.0,True
TCN2,0.09516271,23.2871,0.9241855845485424,1.0,True
RP11-511I2.2,0.09516271,23.100332,0.9241855845485424,1.0,True
RP11-142C4.6,0.09516271,23.146877,0.9241855845485424,1.0,True
ORC1,0.09516271,23.193722,0.9241855845485424,1.0,True
FGD6,0.09516271,23.137583,0.9241855845485424,1.0,True
CTD-2630F21.1,0.09516271,23.118626,0.9241855845485424,1.0,True
TMEM19,0.09516271,0.24377781,0.9241855845485424,1.0,True
FLJ45079,0.09516271,23.290092,0.9241855845485424,1.0,True
BIRC5,0.09516271,23.679234,0.9241855845485424,1.0,True
USP46-AS1,0.09516271,23.197788,0.9241855845485424,1.0,True
GCAT,0.09516271,23.213879,0.9241855845485424,1.0,True
COL9A2,0.09516271,23.090246,0.9241855845485424,1.0,True
TESK2,0.09516271,23.297995,0.9241855845485424,1.0,True
TMTC2,0.09516271,23.268248,0.9241855845485424,1.0,True
KIF23,0.09516271,23.219072,0.9241855845485424,1.0,True
PRR22,0.09516271,23.257334,0.9241855845485424,1.0,True
BAMBI,0.09516271,23.19001,0.9241855845485424,1.0,True
LYPD3,0.09516271,23.209743,0.9241855845485424,1.0,True
CLEC4E,0.09516271,23.199827,0.9241855845485424,1.0,True
DISP1,0.09516271,23.101255,0.9241855845485424,1.0,True
CNIH3,0.09516271,23.1833,0.9241855845485424,1.0,True
ITPKB-AS1,0.09516271,23.1833,0.9241855845485424,1.0,True
RP11-197P3.4,0.09516271,23.2871,0.9241855845485424,1.0,True
MAP3K9,0.09516271,23.168697,0.9241855845485424,1.0,True
RP11-212P7.2,0.09516271,23.29951,0.9241855845485424,1.0,True
ZNF578,0.09516271,23.172327,0.9241855845485424,1.0,True
FCRLA,0.09516271,23.219072,0.9241855845485424,1.0,True
LRRN3,0.09516271,23.298374,0.9241855845485424,1.0,True
RFX2,0.09516271,22.770885,0.9241855845485424,1.0,True
AC007383.3,0.09516271,23.137583,0.9241855845485424,1.0,True
NHSL1,0.09516271,23.284863,0.9241855845485424,1.0,True
RP11-390P2.4,0.09516271,23.255527,0.9241855845485424,1.0,True
GPR126,0.09516271,22.991516,0.9241855845485424,1.0,True
RP11-439L18.2,0.09516271,23.379429,0.9241855845485424,1.0,True
C1QTNF6,0.09516271,23.123959,0.9241855845485424,1.0,True
NT5M,0.09516271,23.18163,0.9241855845485424,1.0,True
BSCL2,0.09516271,22.995665,0.9241855845485424,1.0,True
RP11-617D20.1,0.09516271,23.172327,0.9241855845485424,1.0,True
TMPO-AS1,0.09516271,23.238361,0.9241855845485424,1.0,True
RAI1,0.09516271,23.192034,0.9241855845485424,1.0,True
RP11-428J1.5,0.09516271,23.069479,0.9241855845485424,1.0,True
SMIM10,0.09516271,23.208714,0.9241855845485424,1.0,True
SOWAHD,0.09516271,23.23306,0.9241855845485424,1.0,True
ARMCX4,0.09516271,23.324455,0.9241855845485424,1.0,True
ZNF624,0.09516271,23.100332,0.9241855845485424,1.0,True
RP11-1391J7.1,0.09516271,23.069479,0.9241855845485424,1.0,True
MCOLN3,0.09516271,23.187656,0.9241855845485424,1.0,True
SERPINE2,0.09516271,23.344128,0.9241855845485424,1.0,True
GOLIM4,0.09516271,23.137583,0.9241855845485424,1.0,True
WNT10A,0.09516271,23.187656,0.9241855845485424,1.0,True
AC008440.5,0.09516271,23.19001,0.9241855845485424,1.0,True
AF213884.2,0.09516271,23.600103,0.9241855845485424,1.0,True
C10orf105,0.09516271,23.178629,0.9241855845485424,1.0,True
RP11-135A24.4,0.09516271,23.187656,0.9241855845485424,1.0,True
LILRB3,0.09516271,23.367914,0.9241855845485424,1.0,True
LILRA6,0.09516271,23.074556,0.9241855845485424,1.0,True
CTD-2587H19.1,0.09516271,23.106497,0.9241855845485424,1.0,True
CTC-241N9.1,0.09516271,23.192034,0.9241855845485424,1.0,True
CTD-3088G3.8,0.09516271,23.127743,0.9241855845485424,1.0,True
CCNG2,0.09516271,0.32279196,0.9241855845485424,1.0,True
MDK,0.09516271,22.770885,0.9241855845485424,1.0,True
NPAS2,0.09516271,23.236238,0.9241855845485424,1.0,True
MORC4,0.09516271,23.199827,0.9241855845485424,1.0,True
CTD-3093M3.1,0.09516271,23.298374,0.9241855845485424,1.0,True
BGLAP,0.09516271,23.131857,0.9241855845485424,1.0,True
PTBP2,0.09516271,23.289343,0.9241855845485424,1.0,True
RP11-259K5.2,0.09516271,23.142378,0.9241855845485424,1.0,True
LINC00494,0.09516271,23.234825,0.9241855845485424,1.0,True
STX16-NPEPL1,0.09516271,23.133444,0.9241855845485424,1.0,True
SLC25A22,0.09516271,0.5682554,0.9241855845485424,1.0,True
DNHD1,0.09516271,23.283373,0.9241855845485424,1.0,True
KCNG1,0.09516271,23.137583,0.9241855845485424,1.0,True
RP11-327F22.2,0.09516271,23.431906,0.9241855845485424,1.0,True
AC009473.1,0.09516271,23.303682,0.9241855845485424,1.0,True
AC011747.4,0.09516271,23.230598,0.9241855845485424,1.0,True
SIPA1L3,0.09516271,22.732622,0.9241855845485424,1.0,True
C15orf26,0.09516271,23.044762,0.9241855845485424,1.0,True
USP13,0.09516271,23.062355,0.9241855845485424,1.0,True
BRWD3,0.09516271,23.127743,0.9241855845485424,1.0,True
APOOL,0.09516271,23.18163,0.9241855845485424,1.0,True
RP5-943J3.2,0.09516271,23.273752,0.9241855845485424,1.0,True
ZNF502,0.09516271,23.195076,0.9241855845485424,1.0,True
PLTP,0.09516271,23.192709,0.9241855845485424,1.0,True
GNAO1,0.09516271,23.100332,0.9241855845485424,1.0,True
CTD-2555C10.3,0.09516271,23.21112,0.9241855845485424,1.0,True
ZNF517,0.09516271,23.17597,0.9241855845485424,1.0,True
DICER1-AS1,0.09516271,23.353727,0.9241855845485424,1.0,True
RP11-6J24.6,0.09516271,23.047089,0.9241855845485424,1.0,True
MOK,0.09516271,23.137583,0.9241855845485424,1.0,True
PAX8,0.09516271,23.118626,0.9241855845485424,1.0,True
AC009404.2,0.09516271,23.39068,0.9241855845485424,1.0,True
SGSM1,0.09516271,22.962122,0.9241855845485424,1.0,True
VSIG1,0.09516271,23.198467,0.9241855845485424,1.0,True
SPAG8,0.09516271,23.195076,0.9241855845485424,1.0,True
VPS26A,0.09516271,0.11711397,0.9241855845485424,1.0,True
RP11-1055B8.4,0.09516271,23.30673,0.9241855845485424,1.0,True
SH3TC1,0.09516271,23.26496,0.9241855845485424,1.0,True
UBAC2-AS1,0.09516271,23.421846,0.9241855845485424,1.0,True
ARHGAP21,0.09516271,22.990688,0.9241855845485424,1.0,True
RP11-774O3.3,0.09516271,23.22709,0.9241855845485424,1.0,True
FAM53A,0.09516271,23.127743,0.9241855845485424,1.0,True
STX18-AS1,0.09516271,23.238361,0.9241855845485424,1.0,True
CLCN5,0.09516271,23.26132,0.9241855845485424,1.0,True
HMMR,0.09516271,22.770885,0.9241855845485424,1.0,True
NRBP2,0.09516271,22.991516,0.9241855845485424,1.0,True
RPS6KL1,0.09516271,23.184637,0.9241855845485424,1.0,False
C1orf145,0.09516271,23.166395,0.9241855845485424,1.0,True
EPHX1,0.09516271,23.1833,0.9241855845485424,1.0,True
AC124944.3,0.09516271,23.054987,0.9241855845485424,1.0,True
UBXN7-AS1,0.09516271,23.062355,0.9241855845485424,1.0,True
DPF3,0.09516271,23.488766,0.9241855845485424,1.0,True
RP11-758P17.3,0.09516271,23.206656,0.9241855845485424,1.0,True
SLC45A4,0.09516271,23.285606,0.9241855845485424,1.0,True
UBE2C,0.09516271,23.27118,0.9241855845485424,1.0,True
CMTM4,0.09516271,23.19001,0.9241855845485424,1.0,True
POMGNT2,0.09516271,23.17365,0.9241855845485424,1.0,True
CSNK2A3,0.09516271,23.203918,0.9241855845485424,1.0,True
ADORA2A-AS1,0.09516271,23.212152,0.9241855845485424,1.0,True
ANKS1B,0.09516271,23.37695,0.9241855845485424,1.0,True
TSPAN18,0.09516271,23.315935,0.9241855845485424,1.0,True
PRDM11,0.09516271,23.21181,0.9241855845485424,1.0,True
CTA-204B4.2,0.09516271,23.25661,0.9241855845485424,1.0,True
EPM2A,0.09516271,23.106806,0.9241855845485424,1.0,True
TGFBRAP1,0.09439527,0.97944623,0.9247951699308604,1.0,True
CHERP,0.09439527,0.2747505,0.9247951699308604,1.0,True
ADCK5,0.09439527,0.48054418,0.9247951699308604,1.0,True
NUP214,0.09439527,0.45418137,0.9247951699308604,1.0,True
ALDH18A1,0.09439527,0.5561956,0.9247951699308604,1.0,True
COL4A3BP,0.09439527,0.4909823,0.9247951699308604,1.0,True
EIF2AK1,0.09439527,0.07036263,0.9247951699308604,1.0,True
SAR1A,0.09439527,0.13677704,0.9247951699308604,1.0,True
PLEKHM1,0.09439527,0.52894145,0.9247951699308604,1.0,True
CLOCK,0.09439527,0.6115174,0.9247951699308604,1.0,True
BIN3,0.09439527,0.19179326,0.9247951699308604,1.0,True
PDLIM2,0.09439527,0.06765627,0.9247951699308604,1.0,True
WDR48,0.09439527,0.6676577,0.9247951699308604,1.0,True
HDHD1,0.09439527,0.6497075,0.9247951699308604,1.0,True
TXN,0.09401155,0.0047269044,0.925099979204892,1.0,True
PRRC1,0.09362783,0.5834705,0.925404799474864,1.0,True
AFTPH,0.09362783,0.2764058,0.925404799474864,1.0,True
C1orf228,0.09362783,0.588789,0.925404799474864,1.0,True
MARCH1,0.09362783,0.46334398,0.925404799474864,1.0,True
TCP11L1,0.09362783,0.5801561,0.925404799474864,1.0,True
VAC14,0.09362783,0.41817737,0.925404799474864,1.0,True
VPS33B,0.09362783,0.34007668,0.925404799474864,1.0,True
RP11-115C21.2,0.09362783,0.48532453,0.925404799474864,1.0,True
CTD-2336O2.1,0.09362783,0.20138687,0.925404799474864,1.0,True
CAPN7,0.09362783,0.52235085,0.925404799474864,1.0,True
BCDIN3D,0.09362783,0.4565114,0.925404799474864,1.0,True
PLBD2,0.09362783,0.4996152,0.925404799474864,1.0,True
THADA,0.09362783,0.499075,0.925404799474864,1.0,True
OSGEP,0.09324411,0.10552146,0.9257096306962892,1.0,True
MT-ND4L,0.09324411,0.09772566,0.9257096306962892,1.0,False
CEBPG,0.09324411,0.17747857,0.9257096306962892,1.0,True
GLRX3,0.09286039,0.09414171,0.926014472824676,1.0,True
SNORD3B-1,0.09286039,0.44751126,0.926014472824676,1.0,True
CSAD,0.09286039,0.5156822,0.926014472824676,1.0,True
WDYHV1,0.09286039,0.43866494,0.926014472824676,1.0,True
MED25,0.09286039,0.30697215,0.926014472824676,1.0,True
NCOA6,0.09286039,0.3498066,0.926014472824676,1.0,True
HAUS5,0.09286039,0.43867388,0.926014472824676,1.0,True
ID1,0.09286039,0.321912,0.926014472824676,1.0,True
CHMP4B,0.09286039,0.038010363,0.926014472824676,1.0,True
NBAS,0.09286039,0.45070368,0.926014472824676,1.0,True
MON1B,0.09286039,0.43736663,0.926014472824676,1.0,True
GALNT10,0.09286039,0.24899466,0.926014472824676,1.0,True
SLC25A33,0.09286039,0.24820359,0.926014472824676,1.0,True
RABL5,0.09286039,0.51693416,0.926014472824676,1.0,True
DGKE,0.09247667,0.40845898,0.9263193258155268,1.0,True
ZFYVE27,0.09209295,0.42281374,0.926624189624341,1.0,True
SH3GLB2,0.09209295,0.3541528,0.926624189624341,1.0,True
NPEPL1,0.09209295,0.39137802,0.926624189624341,1.0,True
HIPK2,0.09209295,0.43093416,0.926624189624341,1.0,True
NAT6,0.09209295,0.49513796,0.926624189624341,1.0,True
PREPL,0.09209295,0.51785606,0.926624189624341,1.0,True
PUS1,0.09209295,0.505657,0.926624189624341,1.0,True
TRAF4,0.09209295,0.38637963,0.926624189624341,1.0,True
TUBG1,0.09209295,0.41019246,0.926624189624341,1.0,True
TAB2,0.09209295,0.36132294,0.926624189624341,1.0,True
AKT2,0.09209295,0.17896076,0.926624189624341,1.0,True
RPP30,0.09209295,0.10782136,0.926624189624341,1.0,True
CKMT2-AS1,0.09209295,0.42291698,0.926624189624341,1.0,True
PSMD10,0.09209295,0.2783124,0.926624189624341,1.0,True
ELOVL6,0.09132551,0.31109944,0.927233949517828,1.0,True
IRAK4,0.09132551,-0.038761627,0.927233949517828,1.0,True
GOLGA3,0.09132551,0.34108236,0.927233949517828,1.0,True
KLHL22,0.09132551,0.4136978,0.927233949517828,1.0,True
MAEA,0.09094179,0.10103021,0.9275388455134742,1.0,True
MCFD2,0.09055807,0.2808527,0.9278437521490296,1.0,True
TEX261,0.09055807,0.31165558,0.9278437521490296,1.0,True
GPD1L,0.09055807,0.2785707,0.9278437521490296,1.0,True
ZUFSP,0.09055807,0.23626858,0.9278437521490296,1.0,True
WRB,0.09055807,0.32110375,0.9278437521490296,1.0,True
SEC61A1,0.09055807,0.19010432,0.9278437521490296,1.0,True
BLVRB,0.09055807,0.15238304,0.9278437521490296,1.0,True
EPS8L2,0.09055807,0.1884908,0.9278437521490296,1.0,True
CDKN2AIP,0.09055807,0.16146705,0.9278437521490296,1.0,True
LAP3,0.09017435,0.1056153,0.9281486693799692,1.0,True
DNAJC4,0.09017435,0.119560495,0.9281486693799692,1.0,True
TFG,0.08979063,0.1551296,0.9284535971617632,1.0,True
ALG3,0.08979063,0.21896215,0.9284535971617632,1.0,True
LRRC57,0.08979063,0.26734844,0.9284535971617632,1.0,True
ATP6V0A2,0.08979063,0.34572503,0.9284535971617632,1.0,True
METTL6,0.08979063,0.25378558,0.9284535971617632,1.0,True
IMPAD1,0.08979063,0.4143759,0.9284535971617632,1.0,True
MAP3K6,0.08979063,0.26983348,0.9284535971617632,1.0,True
SPIN2B,0.08979063,0.24263895,0.9284535971617632,1.0,True
RHBDD3,0.08979063,0.3539546,0.9284535971617632,1.0,True
LINC01004,0.08979063,0.30891326,0.9284535971617632,1.0,True
SPATA2L,0.08979063,0.3252049,0.9284535971617632,1.0,True
MARCH6,0.08979063,0.165989,0.9284535971617632,1.0,True
NECAP1,0.08940691,0.10525718,0.9287585354498769,1.0,True
ELK3,0.08902319,0.23222226,0.9290634841997713,1.0,True
UBE2T,0.08902319,0.2840652,0.9290634841997713,1.0,True
RNF121,0.08902319,0.24674001,0.9290634841997713,1.0,True
OSBPL7,0.08902319,0.1547019,0.9290634841997713,1.0,True
MED30,0.08902319,0.06755033,0.9290634841997713,1.0,True
TWF1,0.08902319,0.3516273,0.9290634841997713,1.0,True
CENPC,0.08825574,0.17890656,0.9296734129067225,1.0,True
DDX47,0.08825574,0.19655003,0.9296734129067225,1.0,True
TMEM129,0.08825574,0.23340103,0.9296734129067225,1.0,True
KNOP1,0.08825574,0.18311825,0.9296734129067225,1.0,True
MEF2C,0.08825574,0.21937332,0.9296734129067225,1.0,True
RUFY1,0.08825574,0.24584459,0.9296734129067225,1.0,True
BTBD7,0.08825574,0.35069856,0.9296734129067225,1.0,True
ZNF330,0.08825574,0.13789077,0.9296734129067225,1.0,True
OCIAD1,0.08787202,0.072223,0.929978392774678,1.0,True
MSRB1,0.0874883,0.13680539,0.930283382926212,1.0,True
KIF2A,0.0874883,0.1585357,0.930283382926212,1.0,True
ITFG2,0.0874883,0.09988082,0.930283382926212,1.0,True
CCDC130,0.0874883,0.13128571,0.930283382926212,1.0,True
C7orf43,0.0874883,0.22569181,0.930283382926212,1.0,True
HIRIP3,0.0874883,0.17255408,0.930283382926212,1.0,True
PYURF,0.08710458,0.002941817,0.9305883833167622,1.0,True
FASTK,0.08672086,0.1617046,0.9308933939017624,1.0,True
ZNF480,0.08672086,0.17705412,0.9308933939017624,1.0,True
TCL1A,0.08672086,0.014366645,0.9308933939017624,1.0,True
TRAPPC3,0.08672086,-0.063218035,0.9308933939017624,1.0,True
ECI1,0.08672086,0.15069227,0.9308933939017624,1.0,True
RALGAPB,0.08595342,0.18968832,0.9315034454768236,1.0,True
MAP3K7,0.08595342,-0.13502914,0.9315034454768236,1.0,True
GABPB2,0.08595342,0.13064179,0.9315034454768236,1.0,True
TBC1D20,0.08518598,0.16039401,0.9321135372947744,1.0,True
FRYL,0.08518598,0.14691249,0.9321135372947744,1.0,True
CRTAM,0.08518598,0.1170151,0.9321135372947744,1.0,True
CDK5RAP3,0.084418535,0.06088909,0.9327236689989226,1.0,True
FAM172A,0.083651096,0.09277195,0.9333338402325054,1.0,True
MRPS18B,0.083267376,0.089785,0.9336389405613276,1.0,True
DIS3L2,0.083267376,0.2105165,0.9336389405613276,1.0,True
SPTSSA,0.08211622,0.06538223,0.9345542998605773,1.0,True
MED27,0.08211622,0.066673,0.9345542998605773,1.0,True
GNPDA2,0.08211622,0.0054714098,0.9345542998605773,1.0,True
CNIH4,0.08211622,0.10007078,0.9345542998605773,1.0,True
BUB3,0.0817325,0.010392764,0.934859438915858,1.0,True
NBN,0.08134877,0.17912872,0.935164587541195,1.0,True
RNF44,0.08134877,0.18450278,0.935164587541195,1.0,True
MRPL43,0.08096505,0.050813496,0.9354697456919566,1.0,True
SAFB2,0.08058133,0.16409867,0.9357749133235068,1.0,True
BSDC1,0.08058133,0.20739615,0.9357749133235068,1.0,True
SLBP,0.08058133,0.088264756,0.9357749133235068,1.0,True
MALSU1,0.07904645,0.09547201,0.936995677764726,1.0,True
ZMYM2,0.07904645,0.081616014,0.936995677764726,1.0,True
ZNF32,0.07904645,0.23787229,0.936995677764726,1.0,True
TFIP11,0.07904645,0.50785124,0.936995677764726,1.0,True
B4GALT1,0.07904645,0.20845976,0.936995677764726,1.0,True
PRKAG2,0.07904645,0.3553911,0.936995677764726,1.0,True
PLEKHA2,0.07827901,0.09776639,0.9376061157092253,1.0,True
NUCB1,0.07827901,0.057846062,0.9376061157092253,1.0,True
GGA2,0.07789528,0.27149034,0.937911348456138,1.0,True
CDC37,0.077511564,-0.010442272,0.9382165903266028,1.0,True
GPR18,0.077511564,0.39087296,0.9382165903266028,1.0,True
AURKAIP1,0.077127844,0.030114962,0.938521841275946,1.0,True
DDX49,0.077127844,0.21129227,0.938521841275946,1.0,True
CHD9,0.076744124,0.22953242,0.9388271012594912,1.0,True
RP11-473M20.9,0.075209245,0.24624567,0.9400482306420131,1.0,True
ZNF394,0.0744418,0.06862784,0.9406588483765946,1.0,True
HNRNPA1L2,0.0744418,0.38019466,0.9406588483765946,1.0,True
TMEM42,0.07405808,0.2022529,0.9409641703482672,1.0,True
ABI2,0.07367436,0.44591925,0.9412695009965844,1.0,True
AHCYL1,0.07367436,0.39456338,0.9412695009965844,1.0,True
BCLAF1,0.07367436,0.07314519,0.9412695009965844,1.0,True
DUSP10,0.07290692,0.4282197,0.9418801881443016,1.0,True
DPM1,0.07290692,0.20681567,0.9418801881443016,1.0,True
C19orf68,0.0725232,0.69041044,0.942185544554266,1.0,True
NDFIP2,0.0725232,0.76615405,0.942185544554266,1.0,True
MAFB,0.0725232,0.57479876,0.942185544554266,1.0,True
C18orf25,0.0725232,0.92924374,0.942185544554266,1.0,True
SHQ1,0.0725232,0.5703369,0.942185544554266,1.0,True
C2orf43,0.0725232,0.6738074,0.942185544554266,1.0,True
NCAPG2,0.0725232,0.54276544,0.942185544554266,1.0,True
LCORL,0.0725232,0.5083404,0.942185544554266,1.0,True
USP12,0.0725232,0.46087688,0.942185544554266,1.0,True
TRUB1,0.0725232,0.65184355,0.942185544554266,1.0,True
SKI,0.0725232,0.47377244,0.942185544554266,1.0,True
KLHL18,0.0725232,0.5823481,0.942185544554266,1.0,True
BTBD11,0.0725232,0.78949034,0.942185544554266,1.0,True
LILRA5,0.0725232,0.5909865,0.942185544554266,1.0,True
CDC37L1,0.0725232,0.16003071,0.942185544554266,1.0,True
AC016586.1,0.0725232,0.49089992,0.942185544554266,1.0,True
MBLAC2,0.0725232,0.5814652,0.942185544554266,1.0,True
AKIRIN1,0.07213948,0.035144996,0.9424909094620042,1.0,True
SEC31A,0.07213948,0.08660166,0.9424909094620042,1.0,True
EID2B,0.07213948,0.2693312,0.9424909094620042,1.0,True
ZFP14,0.07213948,0.23795298,0.9424909094620042,1.0,True
PIGU,0.07213948,0.34290242,0.9424909094620042,1.0,True
ZNF514,0.07175576,0.5104411,0.9427962828227892,1.0,True
DLL1,0.07175576,0.74819994,0.9427962828227892,1.0,True
CTDSPL2,0.07175576,0.48977607,0.9427962828227892,1.0,True
NEO1,0.07175576,0.47154135,0.9427962828227892,1.0,True
LZTFL1,0.07175576,0.5711262,0.9427962828227892,1.0,True
FRAT1,0.07175576,0.5342676,0.9427962828227892,1.0,True
SGCB,0.07175576,0.7875103,0.9427962828227892,1.0,True
ATG9A,0.07175576,0.7305532,0.9427962828227892,1.0,True
TNFRSF9,0.07175576,0.92412055,0.9427962828227892,1.0,True
LINC00909,0.07137204,0.27666613,0.94310166459189,1.0,True
LMF1,0.07137204,0.2944247,0.94310166459189,1.0,True
BEX5,0.07137204,0.22505446,0.94310166459189,1.0,True
HRAS,0.07137204,0.1911142,0.94310166459189,1.0,True
NCF2,0.07137204,0.21008037,0.94310166459189,1.0,True
SF3B1,0.07098831,0.042633217,0.943407054724572,1.0,True
KIAA1731,0.07098831,0.5229183,0.943407054724572,1.0,True
ZNF296,0.07098831,0.61921835,0.943407054724572,1.0,True
RBM19,0.07098831,0.68743074,0.943407054724572,1.0,True
TKTL1,0.07098831,1.0107125,0.943407054724572,1.0,True
PPP2R5B,0.07098831,0.54587406,0.943407054724572,1.0,True
ZMIZ1,0.07098831,0.5245816,0.943407054724572,1.0,True
MORN3,0.07098831,0.6486205,0.943407054724572,1.0,True
MTA1,0.07098831,0.18329366,0.943407054724572,1.0,True
ADHFE1,0.07098831,0.45832276,0.943407054724572,1.0,True
ZNF784,0.07098831,0.6567917,0.943407054724572,1.0,True
NOP14-AS1,0.07098831,0.5091845,0.943407054724572,1.0,True
CEACAM21,0.07098831,0.52161044,0.943407054724572,1.0,True
RP11-143J12.2,0.07098831,0.51558006,0.943407054724572,1.0,True
UHRF1BP1L,0.07098831,0.4772104,0.943407054724572,1.0,True
CDR2,0.07098831,0.5319983,0.943407054724572,1.0,True
LACTB2,0.07098831,0.47379625,0.943407054724572,1.0,True
MS4A6A,0.07098831,0.6727232,0.943407054724572,1.0,True
NSUN6,0.07098831,0.5204685,0.943407054724572,1.0,True
GIMAP2,0.07060459,0.012012562,0.9437124531760968,1.0,True
PRDX4,0.07060459,0.06862698,0.9437124531760968,1.0,True
INTS3,0.07022087,0.5134098,0.9440178599017228,1.0,True
WWP2,0.07022087,0.46718162,0.9440178599017228,1.0,True
CLCC1,0.07022087,0.48166245,0.9440178599017228,1.0,True
ICAM1,0.07022087,0.50962436,0.9440178599017228,1.0,True
TMCC1,0.07022087,0.48621646,0.9440178599017228,1.0,True
SLC35D2,0.07022087,0.5041371,0.9440178599017228,1.0,True
RP11-488L18.10,0.07022087,0.5146692,0.9440178599017228,1.0,True
H6PD,0.07022087,0.60039276,0.9440178599017228,1.0,True
GIN1,0.07022087,0.45826674,0.9440178599017228,1.0,True
UBA5,0.07022087,0.14287505,0.9440178599017228,1.0,True
TSGA10,0.07022087,0.5330923,0.9440178599017228,1.0,True
UGP2,0.07022087,0.059346117,0.9440178599017228,1.0,True
PGAP3,0.07022087,0.43967283,0.9440178599017228,1.0,True
WASL,0.07022087,0.499213,0.9440178599017228,1.0,True
FAF2,0.07022087,0.6268699,0.9440178599017228,1.0,True
USP25,0.07022087,0.5214962,0.9440178599017228,1.0,True
ZMAT1,0.07022087,0.4341468,0.9440178599017228,1.0,True
GTF2E1,0.07022087,0.55589616,0.9440178599017228,1.0,True
MDM2,0.07022087,0.44390357,0.9440178599017228,1.0,True
TMF1,0.06983715,0.15867199,0.9443232748567044,1.0,True
CTSB,0.06983715,0.13124448,0.9443232748567044,1.0,True
ACTR3B,0.06983715,0.40913853,0.9443232748567044,1.0,True
ZNF75A,0.06983715,0.25461054,0.9443232748567044,1.0,True
UCK1,0.06983715,0.31249455,0.9443232748567044,1.0,True
RP1-40E16.12,0.06945343,0.47045812,0.944628697996292,1.0,True
ZNF773,0.06945343,0.474484,0.944628697996292,1.0,True
MYO15B,0.06945343,0.45371374,0.944628697996292,1.0,True
DNAL1,0.06945343,0.5144587,0.944628697996292,1.0,True
PIK3C2A,0.06945343,0.48830944,0.944628697996292,1.0,True
ZNF561,0.06945343,0.29351214,0.944628697996292,1.0,True
KANSL3,0.06945343,0.39374262,0.944628697996292,1.0,True
ATAD2,0.06945343,0.60621697,0.944628697996292,1.0,True
LAX1,0.06945343,0.56325763,0.944628697996292,1.0,True
CCDC117,0.06945343,0.47264734,0.944628697996292,1.0,True
ENO3,0.06945343,0.4830609,0.944628697996292,1.0,True
ALYREF,0.06945343,0.4368408,0.944628697996292,1.0,True
MTOR,0.06945343,0.47837305,0.944628697996292,1.0,True
RAB28,0.06945343,0.123985395,0.944628697996292,1.0,True
ZBTB37,0.06945343,0.5233056,0.944628697996292,1.0,True
KIFC3,0.06945343,0.30284393,0.944628697996292,1.0,True
CTBP1-AS2,0.06945343,0.30357164,0.944628697996292,1.0,True
NDUFAF5,0.06945343,0.40993038,0.944628697996292,1.0,True
MGA,0.06945343,0.33040896,0.944628697996292,1.0,True
TOMM70A,0.06945343,0.34124732,0.944628697996292,1.0,True
NF2,0.06945343,0.3888936,0.944628697996292,1.0,True
ETV3,0.06945343,0.49890426,0.944628697996292,1.0,True
FCRL1,0.06945343,0.4920293,0.944628697996292,1.0,True
ASCC3,0.06906971,0.21475548,0.9449341292757332,1.0,True
FAM174A,0.06906971,0.27432385,0.9449341292757332,1.0,True
COMMD9,0.06906971,0.12093771,0.9449341292757332,1.0,True
TUBGCP6,0.06868599,0.5114511,0.945239568650271,1.0,True
RP11-254F7.2,0.06868599,0.4077129,0.945239568650271,1.0,True
RABL2A,0.06868599,0.32114413,0.945239568650271,1.0,True
MAST4,0.06868599,0.4628545,0.945239568650271,1.0,True
DNASE1,0.06868599,0.37363255,0.945239568650271,1.0,True
ATF3,0.06868599,0.3989496,0.945239568650271,1.0,True
OXSM,0.06868599,0.35213155,0.945239568650271,1.0,True
NUP43,0.06868599,0.33573288,0.945239568650271,1.0,True
SLC20A2,0.06868599,0.29677212,0.945239568650271,1.0,True
ZNF230,0.06868599,0.3808036,0.945239568650271,1.0,True
C17orf72,0.06868599,0.30540583,0.945239568650271,1.0,True
GDPD1,0.06868599,0.41745964,0.945239568650271,1.0,True
PER3,0.06868599,0.3772593,0.945239568650271,1.0,True
ALDH6A1,0.06868599,0.38441667,0.945239568650271,1.0,True
PLBD1,0.06868599,0.40403998,0.945239568650271,1.0,True
NRM,0.06868599,0.3294221,0.945239568650271,1.0,True
LANCL2,0.06868599,0.38139072,0.945239568650271,1.0,True
BRMS1L,0.06868599,0.41666043,0.945239568650271,1.0,True
DENND5A,0.06868599,0.51115465,0.945239568650271,1.0,True
COX11,0.06868599,-0.0072215036,0.945239568650271,1.0,True
MRPL4,0.068302274,0.06209724,0.9455450160751458,1.0,True
ABLIM1,0.068302274,0.118646786,0.9455450160751458,1.0,True
DPYD,0.068302274,0.24171121,0.9455450160751458,1.0,True
PDZD8,0.067918554,0.236389,0.9458504715055942,1.0,True
DHDDS,0.067918554,0.3521753,0.9458504715055942,1.0,True
HIST1H1D,0.067918554,0.30913734,0.9458504715055942,1.0,False
FHIT,0.067918554,0.30233857,0.9458504715055942,1.0,True
FOXO4,0.067918554,0.28434217,0.9458504715055942,1.0,True
PIK3R3,0.067918554,0.24632297,0.9458504715055942,1.0,True
HCCS,0.067918554,0.3551156,0.9458504715055942,1.0,True
SLC2A6,0.067918554,0.4012662,0.9458504715055942,1.0,True
ZFP1,0.067918554,0.27176324,0.9458504715055942,1.0,True
CTA-292E10.6,0.067918554,0.31914,0.9458504715055942,1.0,True
NCAPD2,0.067918554,0.2745263,0.9458504715055942,1.0,True
SCD5,0.067918554,0.5371762,0.9458504715055942,1.0,True
FAM220A,0.067918554,0.32514673,0.9458504715055942,1.0,True
NPIPA1,0.067918554,0.45711327,0.9458504715055942,1.0,True
HEATR3,0.067918554,0.2285039,0.9458504715055942,1.0,True
CTD-3138B18.5,0.067918554,0.37059787,0.9458504715055942,1.0,True
ZNF671,0.067918554,0.3825301,0.9458504715055942,1.0,True
ZCCHC2,0.067918554,0.21049911,0.9458504715055942,1.0,True
FCER1A,0.067918554,0.35387293,0.9458504715055942,1.0,True
MCOLN2,0.067918554,0.34829885,0.9458504715055942,1.0,True
LAMP2,0.06753483,0.088169664,0.9461559348968488,1.0,True
ST20,0.06753483,0.24306871,0.9461559348968488,1.0,True
PGM2L1,0.06715111,0.19150294,0.9464614062041392,1.0,True
PPM1F,0.06715111,0.26587164,0.9464614062041392,1.0,True
ARHGAP12,0.06715111,0.31810445,0.9464614062041392,1.0,True
ZKSCAN3,0.06715111,0.29988143,0.9464614062041392,1.0,True
TNFAIP8L1,0.06715111,0.33367962,0.9464614062041392,1.0,True
PTCH1,0.06715111,0.28557435,0.9464614062041392,1.0,True
ST7,0.06715111,0.29293782,0.9464614062041392,1.0,True
IL18BP,0.06715111,0.33013153,0.9464614062041392,1.0,True
SLC35B4,0.06715111,0.32797644,0.9464614062041392,1.0,True
DMAP1,0.06676739,0.09048843,0.9467668853826912,1.0,True
HSCB,0.06676739,0.19653374,0.9467668853826912,1.0,True
DEAF1,0.06676739,0.22366785,0.9467668853826912,1.0,True
BRAT1,0.06676739,0.20140238,0.9467668853826912,1.0,True
ZNF644,0.06676739,0.20463338,0.9467668853826912,1.0,True
GSAP,0.06676739,0.10462079,0.9467668853826912,1.0,True
LSM12,0.06638367,0.286286,0.9470723723877272,1.0,True
POP1,0.06638367,0.25282526,0.9470723723877272,1.0,True
PKN2,0.06638367,0.18780768,0.9470723723877272,1.0,True
ZNF292,0.06638367,0.08314968,0.9470723723877272,1.0,True
SERPINH1,0.06638367,0.25600195,0.9470723723877272,1.0,True
AC016629.8,0.06638367,0.22483851,0.9470723723877272,1.0,True
PIP5K1A,0.06638367,0.3243335,0.9470723723877272,1.0,True
LRR1,0.06638367,0.09232957,0.9470723723877272,1.0,True
DDX3Y,0.06638367,0.1107734,0.9470723723877272,1.0,True
SPTBN1,0.06599995,0.15827917,0.9473778671744668,1.0,True
ZNF136,0.06599995,0.20738578,0.9473778671744668,1.0,True
RAD1,0.06599995,0.09691434,0.9473778671744668,1.0,True
MRPL41,0.06561623,0.011859878,0.9476833696981246,1.0,True
PXN-AS1,0.06561623,0.23989192,0.9476833696981246,1.0,True
CDA,0.06561623,0.26620963,0.9476833696981246,1.0,True
NQO1,0.06561623,0.2728575,0.9476833696981246,1.0,True
UTS2,0.06561623,0.27661774,0.9476833696981246,1.0,True
SLC16A11,0.06561623,0.29946828,0.9476833696981246,1.0,True
TTC37,0.06523251,0.12611872,0.9479888799139132,1.0,True
TCOF1,0.06484879,0.07173527,0.9482943977770416,1.0,True
DDX58,0.06446507,0.07646833,0.948599923242715,1.0,True
LYRM7,0.06446507,0.06404935,0.948599923242715,1.0,True
GCA,0.06446507,0.150461,0.948599923242715,1.0,True
DGKD,0.06446507,0.18846601,0.948599923242715,1.0,True
SF3B2,0.06446507,0.031511873,0.948599923242715,1.0,True
KAT8,0.06408134,0.12576331,0.9489054562661354,1.0,True
CA5B,0.06408134,0.228392,0.9489054562661354,1.0,True
ANKRD12,0.06408134,0.0010202504,0.9489054562661354,1.0,True
WBP4,0.06369762,0.16703857,0.9492109968025016,1.0,True
MIS18A,0.06369762,0.040101867,0.9492109968025016,1.0,True
TJAP1,0.06369762,0.1190629,0.9492109968025016,1.0,True
CTB-58E17.1,0.06369762,0.09916991,0.9492109968025016,1.0,True
PDCL,0.0633139,0.13748255,0.9495165448070086,1.0,True
U2AF1L4,0.0633139,0.05419226,0.9495165448070086,1.0,True
CPQ,0.062162742,-0.056565907,0.9504332331812811,1.0,True
GSR,0.062162742,0.04835901,0.9504332331812811,1.0,True
ERN1,0.062162742,0.15214513,0.9504332331812811,1.0,True
PCGF1,0.062162742,0.19953917,0.9504332331812811,1.0,True
ZFYVE21,0.062162742,0.13287474,0.9504332331812811,1.0,True
HNRNPC,0.0613953,0.010999224,0.95104439528327,1.0,True
ATG5,0.0613953,0.04477305,0.95104439528327,1.0,True
SMAD3,0.0613953,0.0646554,0.95104439528327,1.0,True
RP3-395M20.12,0.06101158,0.17139849,0.9513499871555436,1.0,True
ALDOC,0.06062786,-0.028251238,0.9516555861822352,1.0,True
PGPEP1,0.059860416,0.11188051,0.952266805519546,1.0,True
NINJ1,0.059860416,0.051705245,0.952266805519546,1.0,True
PUF60,0.059860416,0.042148072,0.952266805519546,1.0,True
DNM1L,0.059860416,0.028604485,0.952266805519546,1.0,True
PDS5A,0.059476696,0.06584696,0.9525724257404954,1.0,True
SCO1,0.059092976,0.025765589,0.952878052936522,1.0,True
SNAP47,0.059092976,0.12701456,0.952878052936522,1.0,True
ATP11B,0.059092976,0.22035588,0.952878052936522,1.0,True
C7orf55-LUC7L2,0.058709256,0.03361616,0.953183687062783,1.0,True
FBXW2,0.058325537,0.14881676,0.9534893280744324,1.0,True
PRDX6,0.057941813,-0.0022979772,0.9537949759266215,1.0,True
MED29,0.057558093,0.10138715,0.954100630574498,1.0,True
TOR2A,0.056790654,0.021752268,0.9547119600778916,1.0,True
COMMD2,0.056790654,0.045698073,0.9547119600778916,1.0,True
LTBP3,0.056790654,0.27654606,0.9547119600778916,1.0,True
AP1G2,0.056790654,-0.01957965,0.9547119600778916,1.0,True
ALKBH4,0.056790654,0.09930081,0.9547119600778916,1.0,True
PRPF8,0.056406934,0.1495853,0.9550176348436892,1.0,True
CCDC28A,0.05602321,0.05393377,0.9553233162257372,1.0,True
BTBD1,0.05525577,0.257275,0.9559346986591126,1.0,True
ZNF226,0.054488327,0.057411548,0.9565461070190494,1.0,True
CDK13,0.054488327,0.37521213,0.9565461070190494,1.0,True
SLA,0.054104608,-0.015823498,0.956851820809288,1.0,True
TCHP,0.053720888,0.36974397,0.957157540946533,1.0,True
SDHA,0.052569725,-0.031838767,0.9580747389914536,1.0,True
GSPT1,0.052186005,0.1982091,0.9583804840678576,1.0,True
RAP1GAP2,0.052186005,0.174718,0.9583804840678576,1.0,True
EMC7,0.052186005,0.023664685,0.9583804840678576,1.0,True
HNRNPDL,0.051802285,-0.088339165,0.9586862352668212,1.0,True
SCFD1,0.051802285,-0.029024813,0.9586862352668212,1.0,True
SLC25A26,0.051418565,0.111078836,0.9589919925434468,1.0,True
PUSL1,0.051418565,0.36083844,0.9589919925434468,1.0,True
DXO,0.051418565,0.11767389,0.9589919925434468,1.0,True
KIDINS220,0.051418565,0.3224632,0.9589919925434468,1.0,True
APPL1,0.051418565,0.2188413,0.9589919925434468,1.0,True
CDADC1,0.050651122,0.37878868,0.9596035251500796,1.0,True
COX6C,0.050267402,-0.01588625,0.9599093003902786,1.0,True
HCFC1,0.049883682,0.26641852,0.9602150815285226,1.0,True
DYRK2,0.049883682,0.20771728,0.9602150815285226,1.0,True
AIMP1,0.049499962,0.08724577,0.9605208685199008,1.0,True
VAMP5,0.049499962,-0.042401455,0.9605208685199008,1.0,True
MTO1,0.04911624,0.34887582,0.9608266613195,1.0,True
ZNF699,0.04911624,0.30993247,0.9608266613195,1.0,True
ABHD10,0.04911624,0.34011188,0.9608266613195,1.0,True
PLEKHO2,0.04911624,0.21149135,0.9608266613195,1.0,True
PAK1IP1,0.04911624,0.2370472,0.9608266613195,1.0,True
ARID5B,0.04873252,0.049594436,0.961132459882404,1.0,True
CLK4,0.0483488,0.19709785,0.9614382641636946,1.0,True
CNEP1R1,0.0483488,0.19307925,0.9614382641636946,1.0,True
DCUN1D1,0.0483488,0.269813,0.9614382641636946,1.0,True
ADAL,0.0483488,0.20827919,0.9614382641636946,1.0,True
POU2F2,0.047581356,0.15277693,0.9620498897017488,1.0,True
PRMT6,0.047581356,0.7892701,0.9620498897017488,1.0,True
CLEC7A,0.047581356,0.83640087,0.9620498897017488,1.0,True
SLC35E2B,0.047581356,0.21997231,0.9620498897017488,1.0,True
CD36,0.047581356,0.5759041,0.9620498897017488,1.0,True
NEIL1,0.047581356,0.84923506,0.9620498897017488,1.0,True
CXorf65,0.047581356,0.5564885,0.9620498897017488,1.0,True
VWA8,0.047581356,0.7116053,0.9620498897017488,1.0,True
TEPP,0.047581356,0.5189865,0.9620498897017488,1.0,True
PFKFB3,0.047581356,0.698829,0.9620498897017488,1.0,True
SLC30A6,0.047581356,0.7280114,0.9620498897017488,1.0,True
DCLRE1C,0.047581356,0.16553229,0.9620498897017488,1.0,True
HYPK,0.047581356,0.48295918,0.9620498897017488,1.0,True
LCLAT1,0.047581356,0.62744355,0.9620498897017488,1.0,True
RALGPS2,0.047581356,0.70479,0.9620498897017488,1.0,True
FAM76A,0.047581356,0.7685933,0.9620498897017488,1.0,True
MDN1,0.047581356,0.5451279,0.9620498897017488,1.0,True
DBR1,0.047581356,0.50362283,0.9620498897017488,1.0,True
GALK2,0.047581356,0.12490884,0.9620498897017488,1.0,True
KHK,0.047581356,0.9120028,0.9620498897017488,1.0,True
CCDC58,0.047581356,0.8533785,0.9620498897017488,1.0,True
CADM1,0.047581356,0.58134997,0.9620498897017488,1.0,True
ARMC5,0.047581356,0.8101215,0.9620498897017488,1.0,True
KIAA1279,0.047581356,0.9608503,0.9620498897017488,1.0,True
GPAT2,0.047581356,0.56139857,0.9620498897017488,1.0,True
INSIG2,0.047581356,0.12486287,0.9620498897017488,1.0,True
RNASEL,0.047581356,0.6110323,0.9620498897017488,1.0,True
FSIP1,0.047581356,0.56268466,0.9620498897017488,1.0,True
LDOC1L,0.047581356,0.59695375,0.9620498897017488,1.0,True
SETD1A,0.047581356,0.58741724,0.9620498897017488,1.0,True
RP11-572O17.1,0.047581356,0.54727316,0.9620498897017488,1.0,True
WDR81,0.047581356,1.0109756,0.9620498897017488,1.0,True
TRIOBP,0.047581356,0.6210564,0.9620498897017488,1.0,True
FSD1,0.047581356,0.934301,0.9620498897017488,1.0,True
SLC7A7,0.047581356,0.49728245,0.9620498897017488,1.0,True
CPSF2,0.047581356,0.19154526,0.9620498897017488,1.0,True
SCRIB,0.047581356,0.554614,0.9620498897017488,1.0,True
RP11-620J15.3,0.047581356,0.3247752,0.9620498897017488,1.0,True
DHRS11,0.047581356,0.5019296,0.9620498897017488,1.0,True
RP11-386I14.4,0.047581356,0.5856807,0.9620498897017488,1.0,True
AEBP2,0.047581356,0.564686,0.9620498897017488,1.0,True
CEP41,0.047581356,0.598415,0.9620498897017488,1.0,True
TBL3,0.047581356,0.16645336,0.9620498897017488,1.0,True
ACBD4,0.047581356,0.77802396,0.9620498897017488,1.0,True
BTBD6,0.047581356,0.6998697,0.9620498897017488,1.0,True
VPS13B,0.047581356,0.67709607,0.9620498897017488,1.0,True
WDR36,0.047581356,0.71838003,0.9620498897017488,1.0,True
HIST4H4,0.047581356,0.60337865,0.9620498897017488,1.0,False
SLC27A1,0.047581356,0.6692372,0.9620498897017488,1.0,True
TBKBP1,0.047581356,0.65717196,0.9620498897017488,1.0,True
AP1S1,0.047581356,0.2696445,0.9620498897017488,1.0,True
TBCK,0.047581356,0.45640385,0.9620498897017488,1.0,True
CFL2,0.047581356,0.7313854,0.9620498897017488,1.0,True
ZER1,0.047581356,0.48731697,0.9620498897017488,1.0,True
CCDC86,0.047581356,0.43076098,0.9620498897017488,1.0,True
NUAK2,0.047581356,0.70375043,0.9620498897017488,1.0,True
SP1,0.047581356,0.8188975,0.9620498897017488,1.0,True
PI4KB,0.047581356,0.07143048,0.9620498897017488,1.0,True
LENG8-AS1,0.047581356,0.6217891,0.9620498897017488,1.0,True
PTPRK,0.047581356,0.6398355,0.9620498897017488,1.0,True
RDH5,0.047581356,0.6986707,0.9620498897017488,1.0,True
ANKS6,0.047581356,0.51119775,0.9620498897017488,1.0,True
ZNF808,0.047581356,0.9427425,0.9620498897017488,1.0,True
ZNF785,0.047581356,0.64505064,0.9620498897017488,1.0,True
FICD,0.046813916,0.4510185,0.9626615375742644,1.0,True
RIC8B,0.046813916,0.61065924,0.9626615375742644,1.0,True
ZNF551,0.046813916,0.533014,0.9626615375742644,1.0,True
GNPNAT1,0.046813916,0.49020457,0.9626615375742644,1.0,True
DFNB31,0.046813916,0.43783867,0.9626615375742644,1.0,True
TNPO2,0.046813916,0.569567,0.9626615375742644,1.0,True
ZNF700,0.046813916,0.42510048,0.9626615375742644,1.0,True
ABHD8,0.046813916,0.48513138,0.9626615375742644,1.0,True
C12orf61,0.046813916,0.4458166,0.9626615375742644,1.0,True
ZNF18,0.046813916,0.506525,0.9626615375742644,1.0,True
RP11-262H14.3,0.046813916,0.48983952,0.9626615375742644,1.0,True
INO80B,0.046813916,0.48289177,0.9626615375742644,1.0,True
ZNF250,0.046813916,0.48683354,0.9626615375742644,1.0,True
ZNF34,0.046813916,0.5127485,0.9626615375742644,1.0,True
VPS18,0.046813916,0.42180762,0.9626615375742644,1.0,True
ETV2,0.046813916,0.5247514,0.9626615375742644,1.0,True
GTF3C2,0.046813916,0.42678198,0.9626615375742644,1.0,True
SFMBT2,0.046813916,0.631374,0.9626615375742644,1.0,True
CNR2,0.046813916,0.5849023,0.9626615375742644,1.0,True
ZNF781,0.046813916,0.49186578,0.9626615375742644,1.0,True
RP3-428L16.2,0.046813916,0.46770552,0.9626615375742644,1.0,True
HELB,0.046813916,0.798029,0.9626615375742644,1.0,True
RP11-295P9.3,0.046813916,0.599475,0.9626615375742644,1.0,True
MROH6,0.046813916,0.50088274,0.9626615375742644,1.0,True
ZSCAN30,0.046813916,0.49110138,0.9626615375742644,1.0,True
HMGCR,0.046813916,0.54301786,0.9626615375742644,1.0,True
IFNL1,0.046813916,0.5306333,0.9626615375742644,1.0,True
CPD,0.046813916,0.43494403,0.9626615375742644,1.0,True
DIAPH2,0.046813916,0.4245896,0.9626615375742644,1.0,True
RPAP2,0.046813916,0.15452103,0.9626615375742644,1.0,True
FAM13A,0.046813916,0.5264805,0.9626615375742644,1.0,True
PPP1R13L,0.046813916,0.48651853,0.9626615375742644,1.0,True
SMG8,0.046813916,0.699857,0.9626615375742644,1.0,True
CLDN15,0.046813916,0.5408049,0.9626615375742644,1.0,True
CAMTA2,0.046813916,0.5000705,0.9626615375742644,1.0,True
RFC3,0.046813916,0.46346876,0.9626615375742644,1.0,True
BTAF1,0.046813916,0.4792678,0.9626615375742644,1.0,True
GSTM4,0.046813916,0.4317621,0.9626615375742644,1.0,True
MIB1,0.046813916,0.5036319,0.9626615375742644,1.0,True
ZNF701,0.046813916,0.5514145,0.9626615375742644,1.0,True
P2RX7,0.046813916,0.5925234,0.9626615375742644,1.0,True
PCNT,0.046813916,0.5210045,0.9626615375742644,1.0,True
ZNF549,0.046813916,0.5927179,0.9626615375742644,1.0,True
POLD1,0.046813916,0.4196254,0.9626615375742644,1.0,True
AC009133.14,0.046813916,0.50418115,0.9626615375742644,1.0,True
ATF5,0.046813916,0.4276028,0.9626615375742644,1.0,True
RP11-326K13.4,0.046813916,0.4696766,0.9626615375742644,1.0,True
DENND4B,0.046430197,0.022876648,0.9629673697736224,1.0,True
APOL6,0.046430197,0.17086959,0.9629673697736224,1.0,True
HIST1H2AE,0.046046477,0.37180623,0.9632732074218042,1.0,False
LINC01023,0.046046477,0.284935,0.9632732074218042,1.0,True
GGH,0.046046477,0.26937845,0.9632732074218042,1.0,True
SULF2,0.046046477,0.38993627,0.9632732074218042,1.0,True
AGBL5,0.046046477,0.34834093,0.9632732074218042,1.0,True
TSC1,0.046046477,0.2929857,0.9632732074218042,1.0,True
C19orf40,0.046046477,0.31336066,0.9632732074218042,1.0,True
RBM12B,0.046046477,0.3162218,0.9632732074218042,1.0,True
FOXP4,0.046046477,0.36656368,0.9632732074218042,1.0,True
CPT1A,0.046046477,0.39054012,0.9632732074218042,1.0,True
HMOX1,0.046046477,0.29772696,0.9632732074218042,1.0,True
ZNF410,0.046046477,0.28615394,0.9632732074218042,1.0,True
AL139099.1,0.046046477,0.3830203,0.9632732074218042,1.0,True
ENOX2,0.046046477,0.42266205,0.9632732074218042,1.0,True
DNAJC16,0.046046477,0.45859063,0.9632732074218042,1.0,True
CCSAP,0.046046477,0.42519435,0.9632732074218042,1.0,True
RYK,0.046046477,0.29942167,0.9632732074218042,1.0,True
SLC9A9,0.046046477,0.28463364,0.9632732074218042,1.0,True
STAMBPL1,0.046046477,0.37270576,0.9632732074218042,1.0,True
TMEM97,0.046046477,0.3773417,0.9632732074218042,1.0,True
LINC00299,0.046046477,0.57698095,0.9632732074218042,1.0,True
IRAK1BP1,0.046046477,0.39931688,0.9632732074218042,1.0,True
AC009065.1,0.046046477,0.38242382,0.9632732074218042,1.0,True
NFXL1,0.046046477,0.5573525,0.9632732074218042,1.0,True
RP11-138A9.2,0.046046477,0.32542604,0.9632732074218042,1.0,True
AC132872.2,0.046046477,0.4351648,0.9632732074218042,1.0,True
ARMCX5,0.046046477,0.41385034,0.9632732074218042,1.0,True
DNAJB12,0.046046477,0.27025285,0.9632732074218042,1.0,True
PCNXL2,0.046046477,0.41887248,0.9632732074218042,1.0,True
AKAP1,0.046046477,0.5392791,0.9632732074218042,1.0,True
YWHAG,0.046046477,0.52579945,0.9632732074218042,1.0,True
AC008964.1,0.046046477,0.4420782,0.9632732074218042,1.0,True
LTC4S,0.046046477,0.3882465,0.9632732074218042,1.0,True
MT-ATP8,0.046046477,0.41020346,0.9632732074218042,1.0,False
AC006116.20,0.046046477,0.4798826,0.9632732074218042,1.0,True
MPZ,0.046046477,0.29976913,0.9632732074218042,1.0,True
KIF1C,0.046046477,0.38410008,0.9632732074218042,1.0,True
PPT2,0.046046477,0.23059902,0.9632732074218042,1.0,True
USP32,0.046046477,0.43336987,0.9632732074218042,1.0,True
NAPA-AS1,0.046046477,0.61400276,0.9632732074218042,1.0,True
XPO5,0.046046477,0.41103837,0.9632732074218042,1.0,True
SH3PXD2A,0.046046477,0.6607331,0.9632732074218042,1.0,True
PBX2,0.046046477,0.22139391,0.9632732074218042,1.0,True
AP001816.1,0.046046477,0.35615486,0.9632732074218042,1.0,True
SLC9B2,0.046046477,0.4514516,0.9632732074218042,1.0,True
MFSD3,0.046046477,0.34524384,0.9632732074218042,1.0,True
INTS4,0.046046477,0.44622672,0.9632732074218042,1.0,True
AC062017.1,0.046046477,0.4157999,0.9632732074218042,1.0,True
ZNF197,0.046046477,0.24391137,0.9632732074218042,1.0,True
TMEM177,0.046046477,0.4661751,0.9632732074218042,1.0,True
SBNO2,0.046046477,0.40128857,0.9632732074218042,1.0,True
RALGPS1,0.046046477,0.36428985,0.9632732074218042,1.0,True
ZNF12,0.046046477,0.6033729,0.9632732074218042,1.0,True
AC147651.4,0.046046477,0.3965771,0.9632732074218042,1.0,True
ZNF407,0.046046477,0.39278027,0.9632732074218042,1.0,True
NKRF,0.046046477,0.35735506,0.9632732074218042,1.0,True
GPR180,0.046046477,0.43861648,0.9632732074218042,1.0,True
MAPK6,0.046046477,0.45066208,0.9632732074218042,1.0,True
RP11-74E22.3,0.046046477,0.45450333,0.9632732074218042,1.0,True
AC022182.3,0.046046477,0.2996091,0.9632732074218042,1.0,True
DHX35,0.046046477,0.5300063,0.9632732074218042,1.0,True
C5orf66,0.046046477,0.41540724,0.9632732074218042,1.0,True
AC021188.4,0.046046477,0.5094893,0.9632732074218042,1.0,True
RP1-197B17.3,0.046046477,0.32342654,0.9632732074218042,1.0,True
NRL,0.046046477,0.3874742,0.9632732074218042,1.0,True
FAIM3,0.045662753,-0.011445729,0.9635790504738736,1.0,True
KMT2D,0.045279033,0.19185022,0.9638848988848924,1.0,True
CFD,0.045279033,0.09270447,0.9638848988848924,1.0,True
PIP5K1C,0.045279033,0.20092425,0.9638848988848924,1.0,True
PIAS3,0.045279033,0.1989889,0.9638848988848924,1.0,True
SYCE1L,0.045279033,0.16263643,0.9638848988848924,1.0,True
AC093627.10,0.045279033,0.22685188,0.9638848988848924,1.0,True
ROPN1L,0.045279033,0.34296545,0.9638848988848924,1.0,True
ZNF408,0.045279033,0.006172473,0.9638848988848924,1.0,True
TRIO,0.045279033,0.35118952,0.9638848988848924,1.0,True
UGCG,0.045279033,0.22585072,0.9638848988848924,1.0,True
CNNM3,0.045279033,-0.0012988015,0.9638848988848924,1.0,True
ZNF614,0.045279033,0.20589949,0.9638848988848924,1.0,True
ALDH2,0.045279033,0.33366525,0.9638848988848924,1.0,True
ZNF117,0.045279033,0.29598033,0.9638848988848924,1.0,True
AC009133.12,0.045279033,0.36483926,0.9638848988848924,1.0,True
MPP6,0.045279033,0.27990827,0.9638848988848924,1.0,True
FLCN,0.045279033,0.14824802,0.9638848988848924,1.0,True
TRRAP,0.045279033,0.28540045,0.9638848988848924,1.0,True
SLC38A9,0.045279033,0.35620862,0.9638848988848924,1.0,True
ATP13A2,0.045279033,0.06437571,0.9638848988848924,1.0,True
NVL,0.045279033,0.30914426,0.9638848988848924,1.0,True
BCOR,0.045279033,0.2573726,0.9638848988848924,1.0,True
LRRC29,0.045279033,0.32468012,0.9638848988848924,1.0,True
BCKDHB,0.045279033,0.1291155,0.9638848988848924,1.0,True
NUP205,0.045279033,0.2958526,0.9638848988848924,1.0,True
ACOT7,0.045279033,0.17474802,0.9638848988848924,1.0,True
RP11-85F14.5,0.045279033,0.27459615,0.9638848988848924,1.0,True
HIST1H2AG,0.045279033,0.32932708,0.9638848988848924,1.0,False
PTS,0.045279033,0.15336442,0.9638848988848924,1.0,True
LINC00528,0.045279033,0.37944353,0.9638848988848924,1.0,True
RP11-421L21.3,0.045279033,0.18203829,0.9638848988848924,1.0,True
ZDHHC13,0.045279033,0.16582006,0.9638848988848924,1.0,True
SREBF1,0.045279033,0.32271868,0.9638848988848924,1.0,True
SGK1,0.045279033,0.3596136,0.9638848988848924,1.0,True
AHSA2,0.045279033,0.09362465,0.9638848988848924,1.0,True
SPIN4,0.045279033,0.35631013,0.9638848988848924,1.0,True
SMG6,0.045279033,0.35769877,0.9638848988848924,1.0,True
GEMIN5,0.045279033,0.20392515,0.9638848988848924,1.0,True
SGSH,0.044511594,0.22992077,0.9644966116040145,1.0,True
XXYLT1,0.044511594,0.03499441,0.9644966116040145,1.0,True
TIRAP,0.044511594,-0.09653792,0.9644966116040145,1.0,True
PPBP,0.044511594,-0.58390033,0.9644966116040145,1.0,True
STYXL1,0.044511594,0.1344961,0.9644966116040145,1.0,True
APPL2,0.044511594,0.11741965,0.9644966116040145,1.0,True
HIP1,0.044511594,0.15623847,0.9644966116040145,1.0,True
TBC1D10B,0.044511594,0.22080396,0.9644966116040145,1.0,True
SF3B14,0.044511594,0.012824401,0.9644966116040145,1.0,True
RP11-727F15.9,0.044511594,0.2806779,0.9644966116040145,1.0,True
MFSD6,0.044511594,0.34987113,0.9644966116040145,1.0,True
CD22,0.044511594,0.13592917,0.9644966116040145,1.0,True
EFCAB11,0.044511594,-0.030626994,0.9644966116040145,1.0,True
INVS,0.044511594,0.33455655,0.9644966116040145,1.0,True
C9orf41,0.044511594,0.17504773,0.9644966116040145,1.0,True
EXO5,0.044511594,0.16798209,0.9644966116040145,1.0,True
ZNF799,0.044511594,0.21585813,0.9644966116040145,1.0,True
DCAF4,0.044511594,0.22304411,0.9644966116040145,1.0,True
TDRD7,0.044511594,0.1138303,0.9644966116040145,1.0,True
GATSL3,0.044511594,0.3462646,0.9644966116040145,1.0,True
CDC23,0.044511594,0.30581346,0.9644966116040145,1.0,True
TCEA3,0.044511594,0.14675158,0.9644966116040145,1.0,True
CCDC7,0.044511594,0.32902077,0.9644966116040145,1.0,True
ARSK,0.044511594,0.015484853,0.9644966116040145,1.0,True
FBXO31,0.044511594,0.05573298,0.9644966116040145,1.0,True
C10orf2,0.044511594,0.24296696,0.9644966116040145,1.0,True
EXOC8,0.044511594,0.06668819,0.9644966116040145,1.0,True
SLC25A53,0.044511594,0.112336,0.9644966116040145,1.0,True
NUDT15,0.044511594,0.20638967,0.9644966116040145,1.0,True
PHRF1,0.044511594,0.30516738,0.9644966116040145,1.0,True
NT5C,0.044511594,0.12813617,0.9644966116040145,1.0,True
CWF19L1,0.044511594,0.3461176,0.9644966116040145,1.0,True
IGJ,0.044511594,0.26905996,0.9644966116040145,1.0,True
CRAMP1L,0.044511594,0.28786358,0.9644966116040145,1.0,True
NMNAT1,0.044511594,0.34774494,0.9644966116040145,1.0,True
CCT8,0.04412787,-0.013108027,0.9648024758222296,1.0,True
SART3,0.04374415,0.13985656,0.9651083452196184,1.0,True
HM13,0.04374415,0.016705574,0.9651083452196184,1.0,True
KIF13B,0.04374415,0.17526697,0.9651083452196184,1.0,True
RITA1,0.04374415,0.14875646,0.9651083452196184,1.0,True
TRIM44,0.04374415,0.14039074,0.9651083452196184,1.0,True
CCDC152,0.04374415,0.020749617,0.9651083452196184,1.0,True
ABCB8,0.04374415,0.19683069,0.9651083452196184,1.0,True
VAMP1,0.04297671,0.1369152,0.965720099372116,1.0,True
AGA,0.04297671,-0.021612255,0.965720099372116,1.0,True
HLTF,0.04297671,0.14889044,0.965720099372116,1.0,True
TANGO2,0.04297671,0.204012,0.965720099372116,1.0,True
CRKL,0.04297671,0.22079447,0.965720099372116,1.0,True
CDPF1,0.04297671,0.1670045,0.965720099372116,1.0,True
TFRC,0.042209268,0.14123055,0.966331873701882,1.0,True
MLLT11,0.042209268,0.44348884,0.966331873701882,1.0,True
CENPV,0.042209268,0.07812125,0.966331873701882,1.0,True
ISCA2,0.041825548,-0.0053741895,0.9666377683208482,1.0,True
MMADHC,0.041825548,0.016675744,0.9666377683208482,1.0,True
TRAF3,0.041441828,0.082449,0.966943667849256,1.0,True
ZBTB7B,0.041441828,0.058040515,0.966943667849256,1.0,True
DDX10,0.041441828,0.15527605,0.966943667849256,1.0,True
TFPT,0.041441828,0.014733214,0.966943667849256,1.0,True
ATP2A2,0.041441828,0.1387129,0.966943667849256,1.0,True
MAN2B2,0.041441828,0.016623953,0.966943667849256,1.0,True
RFK,0.041441828,0.1307689,0.966943667849256,1.0,True
ARHGEF9,0.041441828,0.0584326,0.966943667849256,1.0,True
ANAPC15,0.04105811,0.030113222,0.9672495722421424,1.0,True
SLC25A17,0.040674385,0.06413454,0.9675554814545424,1.0,True
CYC1,0.040674385,0.0016794348,0.9675554814545424,1.0,True
DGKA,0.040674385,0.046540804,0.9675554814545424,1.0,True
SMEK1,0.040674385,0.07824465,0.9675554814545424,1.0,True
PGRMC1,0.040674385,0.18999477,0.9675554814545424,1.0,True
AKT1,0.040674385,-0.00594353,0.9675554814545424,1.0,True
ELP2,0.040290665,0.09467587,0.9678613954414882,1.0,True
TMEM70,0.040290665,0.06951162,0.9678613954414882,1.0,True
RPF1,0.040290665,0.089897364,0.9678613954414882,1.0,True
RABL2B,0.039906945,-0.19788511,0.9681673141580108,1.0,True
RFFL,0.039906945,0.039851073,0.9681673141580108,1.0,True
RAP2C,0.039139505,0.13929465,0.9687791655998982,1.0,True
LRWD1,0.039139505,-0.042071536,0.9687791655998982,1.0,True
IK,0.038755782,-0.01584207,0.9690850982353136,1.0,True
MXD1,0.038372062,0.03430535,0.9693910354204074,1.0,True
SLC25A46,0.038372062,-0.02228704,0.9693910354204074,1.0,True
KHNYN,0.038372062,0.13231024,0.9693910354204074,1.0,True
SCYL3,0.038372062,0.0021370354,0.9693910354204074,1.0,True
CHUK,0.037988342,0.03213614,0.9696969771102,1.0,True
BCL7B,0.037604623,-0.015349441,0.9700029232597094,1.0,True
CREM,0.037604623,-0.007028588,0.9700029232597094,1.0,True
FAM127B,0.03683718,-0.043573517,0.970614828757943,1.0,True
METTL3,0.03683718,-0.18105747,0.970614828757943,1.0,True
COQ6,0.03683718,0.0847288,0.970614828757943,1.0,True
MORF4L1,0.03683718,-0.03560708,0.970614828757943,1.0,True
TMEM218,0.03683718,0.041004784,0.970614828757943,1.0,True
LACTB,0.03645346,0.29533938,0.970920788016694,1.0,True
CALHM2,0.03606974,0.056110773,0.9712267515552162,1.0,True
ADSL,0.03606974,0.017625248,0.9712267515552162,1.0,True
ZNF638,0.03606974,0.09307627,0.9712267515552162,1.0,True
CREBBP,0.035302296,0.18199533,0.971838691291606,1.0,True
NARF,0.035302296,0.0740666,0.971838691291606,1.0,True
CBX3,0.034534857,-0.023454392,0.9724506476071598,1.0,True
CHPT1,0.034151137,0.034279782,0.97275663186963,1.0,True
RAB1B,0.033767413,0.056902952,0.9730626201418956,1.0,True
C7orf26,0.033767413,0.11146825,0.9730626201418956,1.0,True
ERV3-1,0.033767413,0.021522237,0.9730626201418956,1.0,True
MT-ND3,0.033383694,-0.07570936,0.9733686123789546,1.0,False
PTPN1,0.032999974,-0.05550107,0.9736746085358028,1.0,True
NRBF2,0.032999974,0.047039706,0.9736746085358028,1.0,True
MECP2,0.032616254,0.029893,0.9739806085674348,1.0,True
TRIM14,0.032616254,0.16998519,0.9739806085674348,1.0,True
AAED1,0.03184881,0.24696349,0.974592620075018,1.0,True
CBWD1,0.03146509,0.022767663,0.9748986314609496,1.0,True
GAK,0.031081371,0.09921776,0.9752046465416252,1.0,True
C1orf123,0.03069765,0.0520514,0.9755106652720305,1.0,True
NDUFA7-1,0.03069765,0.0113419015,0.9755106652720305,1.0,True
ATXN3,0.029930208,-0.2833915,0.9761227135019664,1.0,True
FH,0.029546488,0.21745689,0.976428742911461,1.0,True
PTOV1,0.029546488,0.07489845,0.976428742911461,1.0,True
BAZ2B,0.028779047,0.19411875,0.9770408120944012,1.0,True
MFAP1,0.028779047,0.09230824,0.9770408120944012,1.0,True
HCFC1R1,0.028395327,0.027347442,0.9773468517778016,1.0,True
TRPC4AP,0.028011605,0.012033935,0.9776528947957897,1.0,True
EHBP1,0.027627885,0.21982834,0.9779589411033386,1.0,True
SNX27,0.027627885,0.25133383,0.9779589411033386,1.0,True
ANAPC4,0.027244164,0.045892328,0.9782649906554208,1.0,True
FBXO8,0.026860444,0.12326703,0.9785710434070068,1.0,True
DHRS1,0.026860444,0.0044922656,0.9785710434070068,1.0,True
SYNE2,0.026860444,-0.009560428,0.9785710434070068,1.0,True
CLN6,0.026860444,0.39270112,0.9785710434070068,1.0,True
KLHL7,0.026093002,0.2863428,0.9791831583285668,1.0,True
NAT10,0.026093002,0.32107413,0.9791831583285668,1.0,True
C1orf85,0.026093002,0.27949873,0.9791831583285668,1.0,True
PARP6,0.026093002,0.35980976,0.9791831583285668,1.0,True
GMIP,0.025709283,0.121414386,0.9794892204084752,1.0,True
TOR1A,0.025709283,0.028088905,0.9794892204084752,1.0,True
EFTUD2,0.025709283,-0.08052901,0.9794892204084752,1.0,True
ARMC1,0.025709283,0.070647135,0.9794892204084752,1.0,True
PTCD3,0.025325561,0.07449175,0.9797952855077562,1.0,True
LAMTOR4,0.025325561,-0.05736826,0.9797952855077562,1.0,True
TTI2,0.025325561,0.19982964,0.9797952855077562,1.0,True
CYBB,0.025325561,0.19143292,0.9797952855077562,1.0,True
CCT3,0.025325561,-0.036074866,0.9797952855077562,1.0,True
TSR3,0.025325561,0.040468633,0.9797952855077562,1.0,True
SSH2,0.02455812,0.046507504,0.9804074245842912,1.0,True
DFFA,0.02455812,0.11333366,0.9804074245842912,1.0,True
TMEM127,0.02455812,0.28384888,0.9804074245842912,1.0,True
RP11-4F5.2,0.02455812,0.21068907,0.9804074245842912,1.0,True
CRK,0.02455812,0.22346707,0.9804074245842912,1.0,True
ABTB1,0.02455812,0.06857586,0.9804074245842912,1.0,True
RP11-83A24.2,0.02455812,0.2478361,0.9804074245842912,1.0,True
CTD-2037K23.2,0.0241744,0.09225608,0.980713498471469,1.0,True
MID1IP1,0.0241744,0.022920389,0.980713498471469,1.0,True
ADAP1,0.0241744,0.09037289,0.980713498471469,1.0,True
THOC7,0.0241744,0.0193883,0.980713498471469,1.0,True
BRI3BP,0.023790678,0.29113564,0.9810195751978672,1.0,True
PDCD4-AS1,0.023790678,0.16464669,0.9810195751978672,1.0,True
C11orf49,0.023790678,0.2703831,0.9810195751978672,1.0,True
P2RY8,0.023790678,0.017900297,0.9810195751978672,1.0,True
TRIM13,0.023790678,0.16627406,0.9810195751978672,1.0,True
ITGA3,0.023406958,0.5534359,0.9813256547184448,1.0,True
GM2A,0.023406958,0.56395316,0.9813256547184448,1.0,True
IRAK3,0.023406958,0.49051094,0.9813256547184448,1.0,True
LINC00264,0.023406958,0.5666758,0.9813256547184448,1.0,True
C1R,0.023406958,0.6058358,0.9813256547184448,1.0,True
ADORA2A,0.023406958,0.6119158,0.9813256547184448,1.0,True
CTD-2288F12.1,0.023406958,0.48672774,0.9813256547184448,1.0,True
CCNA2,0.023406958,0.7796121,0.9813256547184448,1.0,True
ATAD3C,0.023406958,1.360116,0.9813256547184448,1.0,True
VARS2,0.023406958,0.6085682,0.9813256547184448,1.0,True
C7orf25,0.023406958,0.46808293,0.9813256547184448,1.0,True
ZNF689,0.023406958,0.76057214,0.9813256547184448,1.0,True
APOM,0.023406958,0.67926,0.9813256547184448,1.0,True
C6orf25,0.023406958,0.50345486,0.9813256547184448,1.0,True
CPM,0.023406958,0.4358513,0.9813256547184448,1.0,True
RAD51AP1,0.023406958,0.6308811,0.9813256547184448,1.0,True
TRIM66,0.023406958,1.2750698,0.9813256547184448,1.0,True
CTD-2035E11.4,0.023406958,0.53017557,0.9813256547184448,1.0,True
SLC37A1,0.023406958,0.48465016,0.9813256547184448,1.0,True
C4orf36,0.023406958,0.5331502,0.9813256547184448,1.0,True
ZNF71,0.023406958,0.61925304,0.9813256547184448,1.0,True
TANC2,0.023406958,0.5187022,0.9813256547184448,1.0,True
KBTBD6,0.023406958,0.742465,0.9813256547184448,1.0,True
TAF5L,0.023406958,0.46016046,0.9813256547184448,1.0,True
MEIG1,0.023406958,0.66908956,0.9813256547184448,1.0,True
RP11-146F11.1,0.023406958,0.46090457,0.9813256547184448,1.0,True
FNIP2,0.023406958,0.5361813,0.9813256547184448,1.0,True
LMBRD2,0.023406958,0.7776587,0.9813256547184448,1.0,True
RP11-700H6.1,0.023406958,0.4781433,0.9813256547184448,1.0,True
ZNF565,0.023406958,1.24771,0.9813256547184448,1.0,True
NBPF12,0.023406958,0.5375089,0.9813256547184448,1.0,True
NUDT17,0.023406958,0.53083223,0.9813256547184448,1.0,True
FAM173B,0.023406958,0.45834145,0.9813256547184448,1.0,True
METTL15,0.023406958,0.7806784,0.9813256547184448,1.0,True
IFT140,0.023406958,0.5553937,0.9813256547184448,1.0,True
AC061992.2,0.023406958,0.49000415,0.9813256547184448,1.0,True
UNKL,0.023406958,0.46266595,0.9813256547184448,1.0,True
AL592284.1,0.023406958,0.7180043,0.9813256547184448,1.0,True
SDCCAG3,0.023406958,0.8219805,0.9813256547184448,1.0,True
CDK3,0.023406958,0.6517814,0.9813256547184448,1.0,True
DOPEY1,0.023406958,1.3208338,0.9813256547184448,1.0,True
USP46,0.023406958,0.4453962,0.9813256547184448,1.0,True
GTF3C4,0.023406958,0.42909798,0.9813256547184448,1.0,True
ANKHD1-EIF4EBP3,0.023406958,0.5985435,0.9813256547184448,1.0,True
DECR2,0.023406958,0.6007796,0.9813256547184448,1.0,True
WFS1,0.023406958,0.56665426,0.9813256547184448,1.0,True
DOK7,0.023406958,0.62795776,0.9813256547184448,1.0,True
QSOX2,0.023406958,0.483434,0.9813256547184448,1.0,True
AE000662.92,0.023406958,0.40479147,0.9813256547184448,1.0,True
NLK,0.023406958,1.0620565,0.9813256547184448,1.0,True
GBA,0.023406958,0.6974692,0.9813256547184448,1.0,True
LILRA3,0.023406958,0.46340233,0.9813256547184448,1.0,True
RP11-307C12.12,0.023406958,0.41122448,0.9813256547184448,1.0,True
AZI1,0.023406958,0.9163658,0.9813256547184448,1.0,True
IL3RA,0.023406958,0.45775974,0.9813256547184448,1.0,True
PPP2R3B,0.023406958,0.5476612,0.9813256547184448,1.0,True
CTC-534A2.2,0.023406958,0.5984324,0.9813256547184448,1.0,True
ICA1,0.023406958,0.78890276,0.9813256547184448,1.0,True
ZNF674-AS1,0.023406958,0.6444603,0.9813256547184448,1.0,True
BST1,0.023406958,0.4959204,0.9813256547184448,1.0,True
HUS1B,0.023406958,0.45443103,0.9813256547184448,1.0,True
SLC26A1,0.023406958,0.6131025,0.9813256547184448,1.0,True
ZNF253,0.023406958,0.6152041,0.9813256547184448,1.0,True
ADRBK2,0.023406958,0.44775906,0.9813256547184448,1.0,True
ABL1,0.023406958,0.54897094,0.9813256547184448,1.0,True
METTL1,0.023406958,0.44665766,0.9813256547184448,1.0,True
PRMT5-AS1,0.023406958,0.45298597,0.9813256547184448,1.0,True
ALMS1,0.023406958,0.5350244,0.9813256547184448,1.0,True
INSL3,0.023406958,0.44162267,0.9813256547184448,1.0,True
EGLN3,0.023406958,0.5814512,0.9813256547184448,1.0,True
TNKS2-AS1,0.023406958,0.42445263,0.9813256547184448,1.0,True
PDP2,0.023406958,0.50910324,0.9813256547184448,1.0,True
SPIRE1,0.023406958,0.5105611,0.9813256547184448,1.0,True
KIF11,0.023406958,0.41654366,0.9813256547184448,1.0,True
IFITM10,0.023406958,0.55123466,0.9813256547184448,1.0,True
CD1C,0.023406958,1.1006665,0.9813256547184448,1.0,True
ZNF665,0.023406958,0.75989175,0.9813256547184448,1.0,True
ZNF347,0.023406958,0.55592155,0.9813256547184448,1.0,True
TFE3,0.023406958,0.6516955,0.9813256547184448,1.0,True
GINS3,0.023406958,0.47203502,0.9813256547184448,1.0,True
NAGS,0.023406958,0.44060853,0.9813256547184448,1.0,True
CCDC120,0.023406958,0.56326383,0.9813256547184448,1.0,True
GTF2H2C,0.023406958,0.9057469,0.9813256547184448,1.0,True
SLC51A,0.023406958,0.5580481,0.9813256547184448,1.0,True
TWSG1,0.023406958,0.67387474,0.9813256547184448,1.0,True
HEATR5A,0.023406958,0.548623,0.9813256547184448,1.0,True
MED26,0.023406958,0.45043114,0.9813256547184448,1.0,True
CHEK2,0.023406958,0.9818087,0.9813256547184448,1.0,True
EMR2,0.023406958,0.6096498,0.9813256547184448,1.0,True
FIZ1,0.023406958,0.52485615,0.9813256547184448,1.0,True
KIAA0355,0.023406958,0.42568213,0.9813256547184448,1.0,True
RP11-252A24.3,0.023406958,0.525602,0.9813256547184448,1.0,True
LILRA2,0.023406958,0.73033357,0.9813256547184448,1.0,True
LACE1,0.023406958,0.45514134,0.9813256547184448,1.0,True
CLN5,0.023406958,0.46095178,0.9813256547184448,1.0,True
ZNF438,0.023406958,0.48483065,0.9813256547184448,1.0,True
OTUD7B,0.023406958,0.6844533,0.9813256547184448,1.0,True
RP4-561L24.3,0.023406958,0.9339555,0.9813256547184448,1.0,True
ZNF324B,0.023406958,0.45991609,0.9813256547184448,1.0,True
SLC16A1-AS1,0.023406958,0.42910108,0.9813256547184448,1.0,True
ARHGEF19,0.023406958,0.41903335,0.9813256547184448,1.0,True
LRRK2,0.023406958,0.86066604,0.9813256547184448,1.0,True
RP11-538P18.2,0.023406958,0.7478998,0.9813256547184448,1.0,True
ADPGK-AS1,0.023406958,1.0135452,0.9813256547184448,1.0,True
RP11-108P20.1,0.023406958,0.61293346,0.9813256547184448,1.0,True
PELI2,0.023406958,0.5975162,0.9813256547184448,1.0,True
C14orf182,0.023406958,0.47761458,0.9813256547184448,1.0,True
UGGT1,0.023406958,0.67518216,0.9813256547184448,1.0,True
TMEM163,0.023406958,0.54186165,0.9813256547184448,1.0,True
RP1-315G1.3,0.023406958,0.70233697,0.9813256547184448,1.0,True
CTD-2666L21.1,0.023406958,0.54503477,0.9813256547184448,1.0,True
FRS3,0.023406958,0.5696664,0.9813256547184448,1.0,True
EPB41L5,0.023406958,0.7030791,0.9813256547184448,1.0,True
WNK3,0.023406958,0.41357198,0.9813256547184448,1.0,True
TMEM164,0.023406958,0.94086695,0.9813256547184448,1.0,True
RP11-279F6.3,0.023406958,0.4855959,0.9813256547184448,1.0,True
SOCS6,0.023406958,0.67754453,0.9813256547184448,1.0,True
MID2,0.023406958,0.42446518,0.9813256547184448,1.0,True
MORN4,0.023406958,0.44364548,0.9813256547184448,1.0,True
RP11-319G6.1,0.023406958,0.77128285,0.9813256547184448,1.0,True
PLEKHG4,0.023406958,0.40983808,0.9813256547184448,1.0,True
CHKA,0.023406958,0.52390695,0.9813256547184448,1.0,True
ZNF823,0.023406958,0.7413,0.9813256547184448,1.0,True
PHF2,0.023406958,0.57727563,0.9813256547184448,1.0,True
C9orf3,0.023406958,0.81944776,0.9813256547184448,1.0,True
NFIL3,0.023406958,1.1247296,0.9813256547184448,1.0,True
DPH1,0.023406958,1.0665349,0.9813256547184448,1.0,True
RP11-181C3.1,0.023406958,0.73587143,0.9813256547184448,1.0,True
SEC14L2,0.023406958,0.53854245,0.9813256547184448,1.0,True
ANKRD52,0.023406958,0.42750454,0.9813256547184448,1.0,True
GPA33,0.023406958,0.72309303,0.9813256547184448,1.0,True
UBXN10,0.023406958,0.75602716,0.9813256547184448,1.0,True
TTC30A,0.023406958,1.1391858,0.9813256547184448,1.0,True
TTC30B,0.023406958,0.48160064,0.9813256547184448,1.0,True
DNMBP,0.023406958,0.5014895,0.9813256547184448,1.0,True
ZFHX3,0.023406958,0.9786124,0.9813256547184448,1.0,True
CSF1,0.023406958,1.1600052,0.9813256547184448,1.0,True
ERLIN1,0.023406958,0.47393864,0.9813256547184448,1.0,True
PSPN,0.023406958,0.48649997,0.9813256547184448,1.0,True
TCAP,0.023406958,0.7062163,0.9813256547184448,1.0,True
FAM19A1,0.023406958,0.831992,0.9813256547184448,1.0,True
MARS2,0.023406958,0.94269747,0.9813256547184448,1.0,True
GLT1D1,0.023406958,0.43424085,0.9813256547184448,1.0,True
DHX37,0.023406958,0.41530234,0.9813256547184448,1.0,True
SLC27A2,0.023406958,0.45898825,0.9813256547184448,1.0,True
RP4-594I10.3,0.023406958,1.0835109,0.9813256547184448,1.0,True
ZNF654,0.023406958,0.60661286,0.9813256547184448,1.0,True
ANGEL1,0.023406958,0.5429751,0.9813256547184448,1.0,True
ARRDC5,0.023406958,0.40943763,0.9813256547184448,1.0,True
SLC25A35,0.023406958,0.73797643,0.9813256547184448,1.0,True
RP11-686O6.2,0.023406958,0.57151777,0.9813256547184448,1.0,True
RP11-105N14.1,0.023406958,0.42544776,0.9813256547184448,1.0,True
IKZF2,0.023406958,0.48557374,0.9813256547184448,1.0,True
KIAA1432,0.023406958,0.6789227,0.9813256547184448,1.0,True
RP3-325F22.5,0.023406958,0.48305482,0.9813256547184448,1.0,True
NFYC-AS1,0.023406958,0.7241236,0.9813256547184448,1.0,True
C2CD3,0.023406958,0.89259404,0.9813256547184448,1.0,True
PDPR,0.023406958,0.41985565,0.9813256547184448,1.0,True
RP11-861A13.4,0.023406958,0.5504217,0.9813256547184448,1.0,True
C20orf194,0.023406958,0.44438186,0.9813256547184448,1.0,True
TPTEP1,0.023406958,0.738699,0.9813256547184448,1.0,True
ZNF563,0.023406958,0.56707996,0.9813256547184448,1.0,True
RP5-1085F17.3,0.023406958,0.55914414,0.9813256547184448,1.0,True
RP11-265N6.1,0.023406958,0.60464805,0.9813256547184448,1.0,True
EPB42,0.023406958,0.56902695,0.9813256547184448,1.0,True
SNX24,0.023406958,0.57725096,0.9813256547184448,1.0,True
ZNF329,0.023406958,0.6189103,0.9813256547184448,1.0,True
NANP,0.023406958,0.8993137,0.9813256547184448,1.0,True
RP11-52J3.3,0.023406958,0.43301982,0.9813256547184448,1.0,True
HIST1H4H,0.023406958,0.4526578,0.9813256547184448,1.0,False
SMARCA5-AS1,0.023406958,0.80810654,0.9813256547184448,1.0,True
EIF3C,0.023406958,0.47892126,0.9813256547184448,1.0,True
KNSTRN,0.023406958,0.73184776,0.9813256547184448,1.0,True
MAPKBP1,0.023406958,0.5928019,0.9813256547184448,1.0,True
TRIM16L,0.023406958,0.812913,0.9813256547184448,1.0,True
MAK16,0.023406958,0.4513493,0.9813256547184448,1.0,True
NR3C2,0.023406958,0.46808293,0.9813256547184448,1.0,True
GANC,0.023406958,0.7707175,0.9813256547184448,1.0,True
IRS1,0.023406958,1.1935114,0.9813256547184448,1.0,True
JUP,0.023406958,0.8535714,0.9813256547184448,1.0,True
ZNF251,0.023406958,0.45355526,0.9813256547184448,1.0,True
GNG7,0.023406958,0.46922347,0.9813256547184448,1.0,True
RP11-1017G21.5,0.023406958,0.85980076,0.9813256547184448,1.0,True
RP5-864K19.4,0.023406958,0.6841214,0.9813256547184448,1.0,True
IZUMO4,0.023406958,0.5256154,0.9813256547184448,1.0,True
TECPR2,0.023406958,0.5813195,0.9813256547184448,1.0,True
FSTL3,0.023406958,0.7910063,0.9813256547184448,1.0,True
RP11-809O17.1,0.023406958,0.40925112,0.9813256547184448,1.0,True
FAM160B1,0.023406958,0.59512717,0.9813256547184448,1.0,True
RP11-629O1.2,0.023406958,0.6225252,0.9813256547184448,1.0,True
PRKAR2A-AS1,0.023406958,0.48708844,0.9813256547184448,1.0,True
CTD-2007H13.3,0.023406958,0.42685738,0.9813256547184448,1.0,True
GMPPB,0.023406958,0.6225513,0.9813256547184448,1.0,True
EEF2K,0.023406958,0.6058358,0.9813256547184448,1.0,True
NOD1,0.023406958,0.47861704,0.9813256547184448,1.0,True
CARD6,0.023406958,0.49075255,0.9813256547184448,1.0,True
ANKRD34A,0.023406958,0.6876354,0.9813256547184448,1.0,True
SGCE,0.023406958,0.43199253,0.9813256547184448,1.0,True
BLOC1S3,0.023406958,0.5594783,0.9813256547184448,1.0,True
ZHX2,0.023406958,0.5517734,0.9813256547184448,1.0,True
SS18L1,0.023406958,0.77904963,0.9813256547184448,1.0,True
GHRL,0.023406958,0.54613304,0.9813256547184448,1.0,True
AP000442.1,0.023406958,0.6305247,0.9813256547184448,1.0,True
B4GALT5,0.023406958,0.49071243,0.9813256547184448,1.0,True
ZC3H12D,0.023406958,0.8117266,0.9813256547184448,1.0,True
PLAGL1,0.023406958,0.54250646,0.9813256547184448,1.0,True
C5orf30,0.023406958,0.44391972,0.9813256547184448,1.0,True
ZNF852,0.023406958,0.41488644,0.9813256547184448,1.0,True
SNX16,0.023406958,0.4089733,0.9813256547184448,1.0,True
TMEM143,0.023406958,0.9061078,0.9813256547184448,1.0,True
PSPH,0.023406958,0.5267103,0.9813256547184448,1.0,True
AC022400.2,0.023406958,0.5283641,0.9813256547184448,1.0,True
PYGM,0.023406958,0.45078984,0.9813256547184448,1.0,True
RP11-464F9.20,0.023406958,0.5206907,0.9813256547184448,1.0,True
AC074183.4,0.023406958,0.67278016,0.9813256547184448,1.0,True
RSBN1L-AS1,0.023406958,0.93554425,0.9813256547184448,1.0,True
KLRK1,0.023406958,0.9163658,0.9813256547184448,1.0,True
DNAJC3-AS1,0.023406958,0.47436523,0.9813256547184448,1.0,True
RP11-277P12.20,0.023406958,0.42710727,0.9813256547184448,1.0,True
AP001062.7,0.023406958,0.63595587,0.9813256547184448,1.0,True
RP11-442H21.2,0.023406958,0.79754734,0.9813256547184448,1.0,True
WDFY2,0.023406958,0.45069474,0.9813256547184448,1.0,True
CDC7,0.023406958,1.1744931,0.9813256547184448,1.0,True
SLC29A1,0.023406958,0.44713125,0.9813256547184448,1.0,True
ZNF134,0.023406958,0.6020863,0.9813256547184448,1.0,True
STXBP4,0.023406958,1.1305842,0.9813256547184448,1.0,True
TASP1,0.023023238,0.13526241,0.981631736988159,1.0,True
XPO7,0.023023238,0.16285641,0.981631736988159,1.0,True
GPS1,0.023023238,0.14892378,0.981631736988159,1.0,True
ING2,0.023023238,0.0747746,0.981631736988159,1.0,True
CLIP4,0.023023238,0.14608711,0.981631736988159,1.0,True
AC009403.2,0.023023238,0.38694537,0.981631736988159,1.0,True
MTHFD1,0.023023238,0.13557099,0.981631736988159,1.0,True
SLC22A17,0.023023238,0.40128082,0.981631736988159,1.0,True
RP11-166O4.6,0.022639517,0.32345656,0.9819378219619662,1.0,True
CYB5D1,0.022639517,0.39034635,0.9819378219619662,1.0,True
RP1-102H19.8,0.022639517,0.06681988,0.9819378219619662,1.0,True
TRPM2,0.022639517,0.1402861,0.9819378219619662,1.0,True
RBM26-AS1,0.022639517,-0.12376171,0.9819378219619662,1.0,True
AGAP5,0.022639517,0.33121446,0.9819378219619662,1.0,True
PLEKHG2,0.022639517,0.24343814,0.9819378219619662,1.0,True
FKBP1B,0.022639517,0.36445966,0.9819378219619662,1.0,True
TOP3B,0.022639517,0.07718278,0.9819378219619662,1.0,True
NFAM1,0.022639517,0.33675325,0.9819378219619662,1.0,True
POU6F1,0.022639517,0.15173282,0.9819378219619662,1.0,True
ZMYM4,0.022639517,0.372028,0.9819378219619662,1.0,True
KIAA0125,0.022639517,-0.07754613,0.9819378219619662,1.0,True
INF2,0.022639517,0.3052304,0.9819378219619662,1.0,True
LSM14B,0.022639517,0.38134846,0.9819378219619662,1.0,True
RP11-37B2.1,0.022639517,0.258529,0.9819378219619662,1.0,True
SLCO4C1,0.022639517,0.24117382,0.9819378219619662,1.0,True
RP11-1100L3.8,0.022639517,0.24996619,0.9819378219619662,1.0,True
POLR3B,0.022639517,0.13071516,0.9819378219619662,1.0,True
SLC43A2,0.022639517,0.3724711,0.9819378219619662,1.0,True
LIME1,0.022639517,0.38850382,0.9819378219619662,1.0,True
IL17RE,0.022639517,0.33109516,0.9819378219619662,1.0,True
KDM5B,0.022639517,0.3444066,0.9819378219619662,1.0,True
ZNF10,0.022639517,0.36344433,0.9819378219619662,1.0,True
CTRL,0.022639517,0.3396093,0.9819378219619662,1.0,True
FYCO1,0.022639517,-0.047377393,0.9819378219619662,1.0,True
ZNF589,0.022639517,0.023936272,0.9819378219619662,1.0,True
LOH12CR2,0.022639517,0.11976779,0.9819378219619662,1.0,True
CCR10,0.022639517,0.39436093,0.9819378219619662,1.0,True
RAD18,0.022639517,-0.219911,0.9819378219619662,1.0,True
ZFAT,0.022639517,0.1893946,0.9819378219619662,1.0,True
DKFZP434E1119,0.022639517,0.3042406,0.9819378219619662,1.0,True
ADSSL1,0.022639517,0.31483668,0.9819378219619662,1.0,True
AC129492.6,0.022639517,0.38599563,0.9819378219619662,1.0,True
SOX4,0.022639517,0.2843948,0.9819378219619662,1.0,True
AIM1L,0.022639517,0.07303876,0.9819378219619662,1.0,True
TBX19,0.022639517,0.3435405,0.9819378219619662,1.0,True
HYAL3,0.022639517,0.37128234,0.9819378219619662,1.0,True
ADAM9,0.022639517,0.31675607,0.9819378219619662,1.0,True
KLF16,0.022639517,-0.039119594,0.9819378219619662,1.0,True
FAM135A,0.022639517,0.39029956,0.9819378219619662,1.0,True
C11orf74,0.022639517,-0.2064793,0.9819378219619662,1.0,True
LAYN,0.022639517,0.30151254,0.9819378219619662,1.0,True
IL21R-AS1,0.022639517,0.00752986,0.9819378219619662,1.0,True
RP3-380B8.4,0.022639517,0.3931377,0.9819378219619662,1.0,True
WNT10B,0.022639517,0.3977879,0.9819378219619662,1.0,True
PNOC,0.022639517,-0.05075068,0.9819378219619662,1.0,True
PLK1,0.022639517,-0.07503964,0.9819378219619662,1.0,True
MST1,0.022639517,0.22119644,0.9819378219619662,1.0,True
RLN1,0.022639517,0.2728315,0.9819378219619662,1.0,True
PROK2,0.022639517,0.36948863,0.9819378219619662,1.0,True
CDAN1,0.022639517,-0.0018436487,0.9819378219619662,1.0,True
POC1A,0.022639517,0.31672978,0.9819378219619662,1.0,True
RP11-390F4.3,0.022639517,0.28653315,0.9819378219619662,1.0,True
PWWP2B,0.022639517,0.35138735,0.9819378219619662,1.0,True
MGLL,0.022639517,0.3996131,0.9819378219619662,1.0,True
LIPC,0.022639517,0.3490312,0.9819378219619662,1.0,True
ARHGEF39,0.022639517,0.22051713,0.9819378219619662,1.0,True
TMEM200A,0.022639517,0.3670992,0.9819378219619662,1.0,True
GS1-124K5.11,0.022639517,0.31476027,0.9819378219619662,1.0,True
RASD1,0.022639517,0.10776123,0.9819378219619662,1.0,True
CHRNE,0.022639517,0.34105825,0.9819378219619662,1.0,True
PAK4,0.022639517,0.15223797,0.9819378219619662,1.0,True
PLD6,0.022639517,0.33407697,0.9819378219619662,1.0,True
BOLA2B,0.022639517,0.2709018,0.9819378219619662,1.0,True
TUFT1,0.022639517,0.28505415,0.9819378219619662,1.0,True
HSF2BP,0.022639517,0.024883758,0.9819378219619662,1.0,True
SBF2-AS1,0.022639517,0.26195505,0.9819378219619662,1.0,True
RP11-342K6.1,0.022639517,0.33279124,0.9819378219619662,1.0,True
SLC16A13,0.022639517,0.36553353,0.9819378219619662,1.0,True
DDX11,0.022639517,0.30829257,0.9819378219619662,1.0,True
KLHL26,0.022639517,0.22062352,0.9819378219619662,1.0,True
RIN1,0.022639517,0.19248503,0.9819378219619662,1.0,True
FANCB,0.022639517,0.22764492,0.9819378219619662,1.0,True
ZFPM1,0.022639517,0.36131522,0.9819378219619662,1.0,True
MED14,0.022639517,0.14987582,0.9819378219619662,1.0,True
RP11-493L12.4,0.022639517,0.38895676,0.9819378219619662,1.0,True
DAPK1,0.022639517,0.21057779,0.9819378219619662,1.0,True
RP6-91H8.3,0.022639517,0.24029963,0.9819378219619662,1.0,True
H1FX-AS1,0.022639517,0.29285187,0.9819378219619662,1.0,True
FNIP1,0.022639517,0.319008,0.9819378219619662,1.0,True
HHAT,0.022639517,0.25471762,0.9819378219619662,1.0,True
RP11-805J14.5,0.022639517,-0.050735455,0.9819378219619662,1.0,True
CARM1,0.022639517,0.04410675,0.9819378219619662,1.0,True
RBFOX2,0.022639517,0.23449038,0.9819378219619662,1.0,True
ZNF169,0.022639517,0.37411425,0.9819378219619662,1.0,True
ZNF69,0.022639517,0.12532154,0.9819378219619662,1.0,True
RP11-175O19.4,0.022639517,0.060672455,0.9819378219619662,1.0,True
GOLGA7B,0.022639517,0.13192673,0.9819378219619662,1.0,True
CTD-2616J11.2,0.022639517,0.3071978,0.9819378219619662,1.0,True
HABP4,0.022639517,0.08715612,0.9819378219619662,1.0,True
PVRL1,0.022639517,0.37330806,0.9819378219619662,1.0,True
RP11-79P5.9,0.022639517,-0.18938485,0.9819378219619662,1.0,True
TMOD2,0.022639517,0.010873673,0.9819378219619662,1.0,True
SIGLEC1,0.022639517,0.1967363,0.9819378219619662,1.0,True
ZBTB11-AS1,0.022639517,0.27189264,0.9819378219619662,1.0,True
EPB41L2,0.022639517,0.00387049,0.9819378219619662,1.0,True
ZNF79,0.022639517,0.19137727,0.9819378219619662,1.0,True
FANCM,0.022639517,0.3768944,0.9819378219619662,1.0,True
GDF11,0.022639517,0.30714452,0.9819378219619662,1.0,True
DOK6,0.022639517,0.11884889,0.9819378219619662,1.0,True
INCENP,0.022639517,0.30263877,0.9819378219619662,1.0,True
MSANTD3,0.022639517,0.34041178,0.9819378219619662,1.0,True
VPS9D1,0.022639517,0.32135567,0.9819378219619662,1.0,True
NCBP1,0.022639517,0.2810479,0.9819378219619662,1.0,True
RP11-87C12.2,0.022639517,0.10284027,0.9819378219619662,1.0,True
CCDC15,0.022639517,0.12839721,0.9819378219619662,1.0,True
GNB4,0.022639517,0.2413558,0.9819378219619662,1.0,True
RP13-188A5.1,0.022639517,0.28481895,0.9819378219619662,1.0,True
RP11-418J17.1,0.022639517,0.3714321,0.9819378219619662,1.0,True
HCFC2,0.022639517,0.24633145,0.9819378219619662,1.0,True
ZNF202,0.022639517,0.37315592,0.9819378219619662,1.0,True
SIAE,0.022639517,-0.0015717973,0.9819378219619662,1.0,True
EIF2B5,0.022639517,0.075065196,0.9819378219619662,1.0,True
PIK3R2,0.022639517,0.29409802,0.9819378219619662,1.0,True
ZNF618,0.022639517,0.16957287,0.9819378219619662,1.0,True
ZNF404,0.022639517,0.18591432,0.9819378219619662,1.0,True
SPATA6,0.022639517,0.2391912,0.9819378219619662,1.0,True
RP11-690G19.3,0.022639517,-0.026063941,0.9819378219619662,1.0,True
HAUS8,0.022639517,0.30477402,0.9819378219619662,1.0,True
TCEANC2,0.022639517,-0.109289266,0.9819378219619662,1.0,True
SUSD4,0.022639517,0.2884541,0.9819378219619662,1.0,True
RNF103,0.022639517,0.19296536,0.9819378219619662,1.0,True
L3MBTL4,0.022639517,0.12981057,0.9819378219619662,1.0,True
ZNF615,0.022639517,0.36201155,0.9819378219619662,1.0,True
FRMPD3,0.022639517,0.38437578,0.9819378219619662,1.0,True
ZNF415,0.022639517,0.2662483,0.9819378219619662,1.0,True
TNFRSF11A,0.022639517,0.13593915,0.9819378219619662,1.0,True
IFT122,0.022639517,0.3758534,0.9819378219619662,1.0,True
ZNF383,0.022639517,0.13650723,0.9819378219619662,1.0,True
ZNF570,0.022639517,0.39382982,0.9819378219619662,1.0,True
STK19,0.022639517,0.026883837,0.9819378219619662,1.0,True
TBC1D24,0.022639517,0.31366357,0.9819378219619662,1.0,True
MRPS24,0.022639517,0.3146117,0.9819378219619662,1.0,True
RASGRP3,0.022639517,0.3069369,0.9819378219619662,1.0,True
CEBPA,0.022639517,0.40026414,0.9819378219619662,1.0,True
EHD3,0.022639517,0.35141373,0.9819378219619662,1.0,True
PDE9A,0.022639517,0.34039488,0.9819378219619662,1.0,True
RP11-499P20.2,0.022639517,-0.07685844,0.9819378219619662,1.0,True
RP4-803J11.2,0.022639517,0.23350959,0.9819378219619662,1.0,True
MED14-AS1,0.022639517,0.27704063,0.9819378219619662,1.0,True
SCML1,0.022639517,-0.43651527,0.9819378219619662,1.0,True
BLM,0.022639517,0.36215964,0.9819378219619662,1.0,True
FASN,0.022639517,0.29659373,0.9819378219619662,1.0,True
CAPRIN2,0.022639517,0.283719,0.9819378219619662,1.0,True
CCDC78,0.022639517,0.06956274,0.9819378219619662,1.0,True
RP11-344P13.6,0.022639517,0.14595355,0.9819378219619662,1.0,True
AP5B1,0.022639517,0.055412855,0.9819378219619662,1.0,True
ZNRF1,0.022639517,0.094754875,0.9819378219619662,1.0,True
LCN8,0.022639517,0.3199203,0.9819378219619662,1.0,True
KIAA1841,0.022639517,0.33317843,0.9819378219619662,1.0,True
AC069363.1,0.022639517,0.16710477,0.9819378219619662,1.0,True
LRP5L,0.022639517,0.34110087,0.9819378219619662,1.0,True
LINC00623,0.022639517,0.1054681,0.9819378219619662,1.0,True
CNTNAP2,0.022639517,0.37677875,0.9819378219619662,1.0,True
SPSB1,0.022639517,0.15590167,0.9819378219619662,1.0,True
RP11-490M8.1,0.022639517,-0.19833323,0.9819378219619662,1.0,True
NUDT19,0.022639517,0.36998972,0.9819378219619662,1.0,True
PPFIBP2,0.022639517,0.37326747,0.9819378219619662,1.0,True
KIAA0753,0.022639517,0.27069914,0.9819378219619662,1.0,True
C17orf100,0.022639517,0.23199517,0.9819378219619662,1.0,True
C5orf22,0.022639517,0.38809332,0.9819378219619662,1.0,True
CTD-2135D7.5,0.022639517,0.29599026,0.9819378219619662,1.0,True
FBF1,0.022639517,0.3924701,0.9819378219619662,1.0,True
AMACR,0.022639517,0.15839256,0.9819378219619662,1.0,True
CYSLTR2,0.022639517,0.21139856,0.9819378219619662,1.0,True
RP11-401F2.3,0.022639517,-0.20704527,0.9819378219619662,1.0,True
SLC26A2,0.022639517,0.16121916,0.9819378219619662,1.0,True
GAN,0.022639517,0.31324697,0.9819378219619662,1.0,True
TRIM24,0.022639517,0.19371274,0.9819378219619662,1.0,True
CTB-152G17.6,0.022639517,0.18413188,0.9819378219619662,1.0,True
TANGO6,0.022255797,0.13460355,0.9822439095948216,1.0,True
NARS2,0.022255797,0.2634505,0.9822439095948216,1.0,True
FAM210B,0.022255797,0.12456126,0.9822439095948216,1.0,True
WDR76,0.022255797,0.14888653,0.9822439095948216,1.0,True
ZNF268,0.022255797,0.1268552,0.9822439095948216,1.0,True
AACS,0.022255797,0.11275775,0.9822439095948216,1.0,True
SMIM13,0.022255797,0.2669295,0.9822439095948216,1.0,True
TLK2,0.022255797,0.15164734,0.9822439095948216,1.0,True
MEX3C,0.022255797,0.192475,0.9822439095948216,1.0,True
LEAP2,0.022255797,0.16045994,0.9822439095948216,1.0,True
PURA,0.021872075,0.08564863,0.9825499998416788,1.0,True
YEATS4,0.021872075,0.062372617,0.9825499998416788,1.0,True
PAXIP1-AS1,0.021872075,0.11851176,0.9825499998416788,1.0,True
SUPT6H,0.021488355,0.1237216,0.9828560926574909,1.0,True
DSTYK,0.021488355,0.12045342,0.9828560926574909,1.0,True
NAPRT1,0.021488355,-0.013951911,0.9828560926574909,1.0,True
TVP23B,0.021488355,0.17156035,0.9828560926574909,1.0,True
ZDHHC5,0.021488355,0.17719713,0.9828560926574909,1.0,True
WDR75,0.021488355,0.1786469,0.9828560926574909,1.0,True
ETAA1,0.021488355,0.11915891,0.9828560926574909,1.0,True
EXOSC2,0.021488355,0.017397685,0.9828560926574909,1.0,True
NUP98,0.021488355,0.10807221,0.9828560926574909,1.0,True
SNAI3,0.021104634,0.11064919,0.9831621879972092,1.0,True
CUL1,0.021104634,0.12025863,0.9831621879972092,1.0,True
HERPUD2,0.020720914,0.017435793,0.9834682858157844,1.0,True
GLTSCR1L,0.020720914,-0.008901033,0.9834682858157844,1.0,True
VPS13D,0.020720914,0.22324088,0.9834682858157844,1.0,True
MED1,0.020720914,0.21268794,0.9834682858157844,1.0,True
PRKACA,0.020720914,0.1031581,0.9834682858157844,1.0,True
UBA6-AS1,0.020720914,0.13027987,0.9834682858157844,1.0,True
RP5-940J5.9,0.020720914,0.14602812,0.9834682858157844,1.0,True
GBF1,0.020720914,0.11291931,0.9834682858157844,1.0,True
SNX13,0.019953473,0.051370904,0.984080488709302,1.0,True
MED23,0.019953473,-0.008192339,0.984080488709302,1.0,True
FAM24B,0.019953473,0.042264733,0.984080488709302,1.0,True
PTPN11,0.019953473,0.19105782,0.984080488709302,1.0,True
PIK3CG,0.019953473,0.21947947,0.984080488709302,1.0,True
URGCP,0.019953473,0.08608147,0.984080488709302,1.0,True
ZNF584,0.019953473,0.113334596,0.984080488709302,1.0,True
RELB,0.019953473,0.10238094,0.984080488709302,1.0,True
PHF10,0.019953473,0.114377365,0.984080488709302,1.0,True
AMPD2,0.019953473,0.054324046,0.984080488709302,1.0,True
TNRC6C,0.019569753,0.056748208,0.98438659369414,1.0,True
PPP6R3,0.019569753,0.013517793,0.98438659369414,1.0,True
UBR1,0.019186031,0.044151016,0.984692700977626,1.0,True
FLYWCH1,0.019186031,0.05106099,0.984692700977626,1.0,True
GALNS,0.019186031,-0.07222514,0.984692700977626,1.0,True
NELFB,0.019186031,-0.35025477,0.984692700977626,1.0,True
SLC25A25,0.019186031,-0.011901516,0.984692700977626,1.0,True
SNX19,0.019186031,-0.0024011228,0.984692700977626,1.0,True
EIF1AX,0.019186031,0.06640471,0.984692700977626,1.0,True
MOV10,0.019186031,0.059533913,0.984692700977626,1.0,True
N4BP1,0.019186031,0.123623185,0.984692700977626,1.0,True
SMCO4,0.019186031,0.029462488,0.984692700977626,1.0,True
FARSA,0.019186031,0.03355673,0.984692700977626,1.0,True
ANKRD27,0.019186031,0.05904743,0.984692700977626,1.0,True
POLG2,0.018802311,0.03336015,0.9849988105147056,1.0,True
SPTAN1,0.018802311,0.015449951,0.9849988105147056,1.0,True
UBAP2L,0.018802311,0.049806245,0.9849988105147056,1.0,True
HAUS3,0.018802311,0.04213093,0.9849988105147056,1.0,True
DCAF12,0.01841859,0.039476354,0.9853049222603224,1.0,True
GRPEL1,0.01841859,0.040910736,0.9853049222603224,1.0,True
FAM222B,0.01841859,0.008604758,0.9853049222603224,1.0,True
ACBD5,0.01803487,-0.044564456,0.98561103616942,1.0,True
ZMPSTE24,0.01803487,0.03760741,0.98561103616942,1.0,True
MALT1,0.01803487,-0.013901825,0.98561103616942,1.0,True
DNAJC7,0.01803487,-0.03645019,0.98561103616942,1.0,True
IPO11,0.017651148,0.00609084,0.9859171521969412,1.0,True
LMAN2L,0.017651148,-0.08658686,0.9859171521969412,1.0,True
NCOA7,0.017267428,0.0028595612,0.9862232702978264,1.0,True
UNC119,0.017267428,0.061513733,0.9862232702978264,1.0,True
LPCAT4,0.017267428,-0.039138637,0.9862232702978264,1.0,True
DUS2,0.016883707,-0.06825943,0.9865293904270168,1.0,True
ANKRD49,0.016883707,-0.135385,0.9865293904270168,1.0,True
MON1A,0.016883707,0.007803983,0.9865293904270168,1.0,True
TRMT10C,0.016883707,-0.0047882064,0.9865293904270168,1.0,True
ABHD16A,0.016883707,-0.0012336994,0.9865293904270168,1.0,True
ESRRA,0.016883707,0.029612202,0.9865293904270168,1.0,True
CDIP1,0.016499987,0.028777985,0.9868355125394516,1.0,True
FBL,0.016499987,-0.008665487,0.9868355125394516,1.0,True
CXorf40A,0.016116267,-0.12601075,0.9871416365900694,1.0,True
MSRA,0.016116267,-0.008522116,0.9871416365900694,1.0,True
TRIB3,0.016116267,0.023660762,0.9871416365900694,1.0,True
OXCT1,0.015732545,0.036375184,0.9874477625338082,1.0,True
IPCEF1,0.015732545,0.025183374,0.9874477625338082,1.0,True
ARL1,0.015348825,0.0027543502,0.987753890325605,1.0,True
TCTEX1D2,0.014965104,-0.041632436,0.988060019920396,1.0,True
C10orf32,0.014197663,-0.022308627,0.988672284338701,1.0,True
HMGN4,0.014197663,0.0446799,0.988672284338701,1.0,True
MTMR2,0.013813943,-0.12739491,0.9889784190720834,1.0,True
MESDC2,0.013813943,-0.016997948,0.9889784190720834,1.0,True
RAB1A,0.013813943,0.048695996,0.9889784190720834,1.0,True
C6orf211,0.013430222,-0.0067286016,0.9892845554281968,1.0,True
SIDT1-AS1,0.013046501,0.17390992,0.9895906933619738,1.0,True
JMJD8,0.0126627805,-0.02300944,0.9898968328283458,1.0,True
MAPKAP1,0.01227906,0.23949338,0.990202973782244,1.0,True
C20orf27,0.01227906,0.06965314,0.990202973782244,1.0,True
C12orf44,0.011895339,-0.023458509,0.9905091161785986,1.0,True
INTS6,0.011895339,-0.038126417,0.9905091161785986,1.0,True
RPF2,0.011895339,-0.030810863,0.9905091161785986,1.0,True
DLGAP4,0.011895339,-0.016999776,0.9905091161785986,1.0,True
YY1AP1,0.011511619,0.020280229,0.9908152599723392,1.0,True
SUGT1,0.0111278985,0.036489442,0.9911214051183954,1.0,True
C1orf52,0.010744178,0.088941395,0.9914275515716952,1.0,True
NFAT5,0.010744178,0.166524,0.9914275515716952,1.0,True
ASXL1,0.010744178,0.18816654,0.9914275515716952,1.0,True
FAM219B,0.010360457,-0.035916872,0.9917336992871668,1.0,True
PCED1B,0.009976736,-0.038069073,0.9920398482197376,1.0,True
ZCRB1,0.009593016,0.086759746,0.992345998324334,1.0,True
UPF3A,0.009593016,-0.049538102,0.992345998324334,1.0,True
RSBN1L,0.009209295,-0.009321564,0.9926521495558828,1.0,True
VPS11,0.008441853,0.24269618,0.9932644552195397,1.0,True
ERP44,0.008441853,-0.023964474,0.9932644552195397,1.0,True
FAM105A,0.0076744123,0.060010426,0.9938767648501092,1.0,True
PIP4K2A,0.0076744123,0.14542626,0.9938767648501092,1.0,True
PIGK,0.007290692,-0.051024705,0.9941829210402968,1.0,True
PMAIP1,0.0065232506,0.0048989295,0.9947952359450968,1.0,True
STX16,0.00613953,0.009226878,0.9951013945695548,1.0,True
ARL4A,0.005372089,0.0006811713,0.9957137139372004,1.0,True
SMAD2,0.005372089,-0.0613403,0.9957137139372004,1.0,True
ZNF720,0.005372089,0.07912884,0.9957137139372004,1.0,True
TMUB2,0.005372089,0.06130532,0.9957137139372004,1.0,True
MPV17,0.0046046474,0.20677139,0.9963260358292986,1.0,True
XRN2,0.0046046474,0.09782507,0.9963260358292986,1.0,True
SNX11,0.0038372062,0.10693282,0.9969383598852212,1.0,True
MRPL33,0.0038372062,-0.023030153,0.9969383598852212,1.0,True
MAP4K4,0.0038372062,0.11068577,0.9969383598852212,1.0,True
C12orf29,0.003069765,0.0616037,0.9975506857443368,1.0,True
RP11-356I2.4,0.003069765,0.19333872,0.9975506857443368,1.0,True
BRD3,0.003069765,0.11630619,0.9975506857443368,1.0,True
IL18RAP,0.003069765,0.08753059,0.9975506857443368,1.0,True
YPEL3,0.003069765,0.02403051,0.9975506857443368,1.0,True
GEMIN2,0.003069765,0.06752239,0.9975506857443368,1.0,True
C7orf50,0.0026860444,0.036657423,0.9978568492373938,1.0,True
SNX20,0.0026860444,0.01863908,0.9978568492373938,1.0,True
UBALD1,0.0019186031,0.103731394,0.998469177125108,1.0,True
STRN,0.0015348825,0.28127992,0.9987753414296058,1.0,True
A2M-AS1,0.0015348825,0.13689403,0.9987753414296058,1.0,True
TEP1,0.0015348825,0.16844125,0.9987753414296058,1.0,True
TXNL4B,0.0015348825,0.12896231,0.9987753414296058,1.0,True
PYGO2,0.0015348825,0.17564511,0.9987753414296058,1.0,True
PLA2G6,0.0015348825,0.18297783,0.9987753414296058,1.0,True
CTSF,0.0015348825,-0.08756387,0.9987753414296058,1.0,True
TRIM32,0.0015348825,0.1952966,0.9987753414296058,1.0,True
FAM114A2,0.0015348825,0.2529473,0.9987753414296058,1.0,True
FAM76B,0.0015348825,0.5106548,0.9987753414296058,1.0,True
NFRKB,0.0015348825,0.09782053,0.9987753414296058,1.0,True
DIABLO,0.00076744123,0.028878994,0.9993876705344824,1.0,True
VEZF1,0.00076744123,0.04858659,0.9993876705344824,1.0,True
PNMA1,0.00076744123,0.22714168,0.9993876705344824,1.0,True
DNAJC11,0.00076744123,0.27613372,0.9993876705344824,1.0,True
KIAA2013,0.00076744123,0.1884921,0.9993876705344824,1.0,True
GNB1L,0.00076744123,0.13526392,0.9993876705344824,1.0,True
NIPAL3,0.00076744123,0.10440457,0.9993876705344824,1.0,True
RP3-395M20.9,0.0,0.0,1.0,1.0,True
FAM20C,0.0,0.0,1.0,1.0,True
AC147651.3,0.0,0.0,1.0,1.0,True
SEPT4,0.0,0.0,1.0,1.0,True
RP5-1103G7.4,0.0,0.0,1.0,1.0,True
CTD-3154N5.1,0.0,0.0,1.0,1.0,True
HGD,0.0,0.0,1.0,1.0,True
KIAA0895L,0.0,0.0,1.0,1.0,True
RP11-1151B14.4,0.0,0.0,1.0,1.0,True
ZBED3,0.0,0.0,1.0,1.0,True
B3GNT9,0.0,0.0,1.0,1.0,True
HSF4,0.0,0.0,1.0,1.0,True
NOL3,0.0,0.0,1.0,1.0,True
RP11-403I13.4,0.0,0.0,1.0,1.0,True
NEDD4L,0.0,0.0,1.0,1.0,True
MTX3,0.0,0.0,1.0,1.0,True
KIAA0101,0.0,0.0,1.0,1.0,True
NAPSA,0.0,0.0,1.0,1.0,True
SLC14A1,0.0,0.0,1.0,1.0,True
FAM127C,0.0,0.0,1.0,1.0,True
MLLT4,0.0,0.0,1.0,1.0,True
HIC1,0.0,0.0,1.0,1.0,True
RP11-514O12.4,0.0,0.0,1.0,1.0,True
RPS6KA2,0.0,0.0,1.0,1.0,False
ARMCX1,0.0,0.0,1.0,1.0,True
TCEAL2,0.0,0.0,1.0,1.0,True
CCNB2,0.0,0.0,1.0,1.0,True
ARMCX2,0.0,0.0,1.0,1.0,True
MYO1E,0.0,0.0,1.0,1.0,True
MYLK,0.0,0.0,1.0,1.0,True
RP11-17M16.1,0.0,0.0,1.0,1.0,True
CRHBP,0.0,0.0,1.0,1.0,True
RP1-168L15.5,0.0,0.0,1.0,1.0,True
BRCA1,0.0,0.0,1.0,1.0,True
AL590822.2,0.0,0.0,1.0,1.0,True
RP11-314N13.3,0.0,0.0,1.0,1.0,True
SIRPD,0.0,0.0,1.0,1.0,True
AQP9,0.0,0.0,1.0,1.0,True
RP11-484K9.4,0.0,0.0,1.0,1.0,True
RP4-684O24.5,0.0,0.0,1.0,1.0,True
NKD1,0.0,0.0,1.0,1.0,True
PVRL3,0.0,0.0,1.0,1.0,True
RP11-128M1.1,0.0,0.0,1.0,1.0,True
PDK4,0.0,0.0,1.0,1.0,True
RP11-817O13.8,0.0,0.0,1.0,1.0,True
ARHGAP31,0.0,0.0,1.0,1.0,True
ZNF185,0.0,0.0,1.0,1.0,True
OXT,0.0,0.0,1.0,1.0,True
PDIA5,0.0,0.0,1.0,1.0,True
PNMA3,0.0,0.0,1.0,1.0,True
CPT1B,0.0,0.0,1.0,1.0,True
URB1,0.0,0.0,1.0,1.0,True
FAM81A,0.0,0.0,1.0,1.0,True
RP11-190C22.9,0.0,0.0,1.0,1.0,True
FCGR1A,0.0,0.0,1.0,1.0,True
GAS2,0.0,0.0,1.0,1.0,True
MEOX1,0.0,0.0,1.0,1.0,True
TEX14,0.0,0.0,1.0,1.0,True
RP4-607J23.2,0.0,0.0,1.0,1.0,True
HCG27,0.0,0.0,1.0,1.0,True
EXOC3L1,0.0,0.0,1.0,1.0,True
SOX12,0.0,0.0,1.0,1.0,True
SYTL4,0.0,0.0,1.0,1.0,True
HMGN5,0.0,0.0,1.0,1.0,True
CHM,0.0,0.0,1.0,1.0,True
AC099850.1,0.0,0.0,1.0,1.0,True
RP11-361D15.2,0.0,0.0,1.0,1.0,True
RP11-219B17.1,0.0,0.0,1.0,1.0,True
GRAMD1C,0.0,0.0,1.0,1.0,True
ZNF711,0.0,0.0,1.0,1.0,True
PLXNA3,0.0,0.0,1.0,1.0,True
HCFC1-AS1,0.0,0.0,1.0,1.0,True
SDCBP2,0.0,0.0,1.0,1.0,True
RPA4,0.0,0.0,1.0,1.0,True
RP11-326C3.12,0.0,0.0,1.0,1.0,True
LRRC56,0.0,0.0,1.0,1.0,True
RP11-496I9.1,0.0,0.0,1.0,1.0,True
HPD,0.0,0.0,1.0,1.0,True
MORF4L2-AS1,0.0,0.0,1.0,1.0,True
NMNAT3,0.0,0.0,1.0,1.0,True
GPRASP1,0.0,0.0,1.0,1.0,True
ATP8B1,0.0,0.0,1.0,1.0,True
BFSP2,0.0,0.0,1.0,1.0,True
CDH20,0.0,0.0,1.0,1.0,True
RP11-879F14.2,0.0,0.0,1.0,1.0,True
RP11-666A20.4,0.0,0.0,1.0,1.0,True
SIRPB2,0.0,0.0,1.0,1.0,True
MCAM,0.0,0.0,1.0,1.0,True
TXNRD3,0.0,0.0,1.0,1.0,True
GLCE,0.0,0.0,1.0,1.0,True
UACA,0.0,0.0,1.0,1.0,True
SENP8,0.0,0.0,1.0,1.0,True
GTSCR1,0.0,0.0,1.0,1.0,True
IL13RA1,0.0,0.0,1.0,1.0,True
RP11-502I4.3,0.0,0.0,1.0,1.0,True
TMCC1-AS1,0.0,0.0,1.0,1.0,True
CCDC153,0.0,0.0,1.0,1.0,True
ACAD11,0.0,0.0,1.0,1.0,True
USP3-AS1,0.0,0.0,1.0,1.0,True
CHST13,0.0,0.0,1.0,1.0,True
RP11-91G21.1,0.0,0.0,1.0,1.0,True
KCNE1L,0.0,0.0,1.0,1.0,True
SPESP1,0.0,0.0,1.0,1.0,True
GCNT4,0.0,0.0,1.0,1.0,True
ANKRD31,0.0,0.0,1.0,1.0,True
F2RL1,0.0,0.0,1.0,1.0,True
S100Z,0.0,0.0,1.0,1.0,True
SERPINB2,0.0,0.0,1.0,1.0,True
LINC00920,0.0,0.0,1.0,1.0,True
MRAS,0.0,0.0,1.0,1.0,True
GPER1,0.0,0.0,1.0,1.0,True
WBP5,0.0,0.0,1.0,1.0,True
CCDC62,0.0,0.0,1.0,1.0,True
SCGB1C1,0.0,0.0,1.0,1.0,True
ABCB9,0.0,0.0,1.0,1.0,True
PITPNM2,0.0,0.0,1.0,1.0,True
RP11-282O18.3,0.0,0.0,1.0,1.0,True
CDK2AP1,0.0,0.0,1.0,1.0,True
KLK1,0.0,0.0,1.0,1.0,True
VSIG10L,0.0,0.0,1.0,1.0,True
RP1-224A6.3,0.0,0.0,1.0,1.0,True
BEX1,0.0,0.0,1.0,1.0,True
FXYD6,0.0,0.0,1.0,1.0,True
TMPRSS13,0.0,0.0,1.0,1.0,True
HCAR3,0.0,0.0,1.0,1.0,True
ELMO3,0.0,0.0,1.0,1.0,True
RP11-379F4.9,0.0,0.0,1.0,1.0,True
NKAPL,0.0,0.0,1.0,1.0,True
BACE1,0.0,0.0,1.0,1.0,True
AF127936.7,0.0,0.0,1.0,1.0,True
MIR155HG,0.0,0.0,1.0,1.0,True
CTA-384D8.34,0.0,0.0,1.0,1.0,True
SYCE3,0.0,0.0,1.0,1.0,True
PLXNA1,0.0,0.0,1.0,1.0,True
GATA2,0.0,0.0,1.0,1.0,True
SLC24A1,0.0,0.0,1.0,1.0,True
RAP2C-AS1,0.0,0.0,1.0,1.0,True
RP11-432J24.2,0.0,0.0,1.0,1.0,True
FBXL22,0.0,0.0,1.0,1.0,True
VENTX,0.0,0.0,1.0,1.0,True
CTD-2545M3.2,0.0,0.0,1.0,1.0,True
XXbac-BPG181B23.7,0.0,0.0,1.0,1.0,True
RP11-206L10.2,0.0,0.0,1.0,1.0,True
RP11-206L10.9,0.0,0.0,1.0,1.0,True
TAS2R30,0.0,0.0,1.0,1.0,True
MANSC1,0.0,0.0,1.0,1.0,True
RP11-90D4.3,0.0,0.0,1.0,1.0,True
CLEC4D,0.0,0.0,1.0,1.0,True
RIMKLB,0.0,0.0,1.0,1.0,True
PBX1,0.0,0.0,1.0,1.0,True
KCNC3,0.0,0.0,1.0,1.0,True
UTF1,0.0,0.0,1.0,1.0,True
CALML4,0.0,0.0,1.0,1.0,True
ALPL,0.0,0.0,1.0,1.0,True
HSPG2,0.0,0.0,1.0,1.0,True
RP11-466F5.8,0.0,0.0,1.0,1.0,True
SIGLEC12,0.0,0.0,1.0,1.0,True
AC018755.1,0.0,0.0,1.0,1.0,True
RP11-110I1.13,0.0,0.0,1.0,1.0,True
SIGLEC5,0.0,0.0,1.0,1.0,True
RP11-110I1.14,0.0,0.0,1.0,1.0,True
FCGR3B,0.0,0.0,1.0,1.0,True
RP11-267N12.3,0.0,0.0,1.0,1.0,True
RP1-100J12.1,0.0,0.0,1.0,1.0,True
AC139100.2,0.0,0.0,1.0,1.0,True
EPHB2,0.0,0.0,1.0,1.0,True
RP1-266L20.2,0.0,0.0,1.0,1.0,True
C1orf213,0.0,0.0,1.0,1.0,True
HIST1H4I,0.0,0.0,1.0,1.0,False
ZNF391,0.0,0.0,1.0,1.0,True
HIST1H2AL,0.0,0.0,1.0,1.0,False
APP,0.0,0.0,1.0,1.0,True
MINOS1-NBL1,0.0,0.0,1.0,1.0,True
KIFC1,0.0,0.0,1.0,1.0,True
RP1-43E13.2,0.0,0.0,1.0,1.0,True
GP9,0.0,0.0,1.0,1.0,True
RP11-862L9.3,0.0,0.0,1.0,1.0,True
C1QB,0.0,0.0,1.0,1.0,True
JMJD7-PLA2G4B,0.0,0.0,1.0,1.0,True
CTD-2544N14.3,0.0,0.0,1.0,1.0,True
RP13-131K19.6,0.0,0.0,1.0,1.0,True
SOGA1,0.0,0.0,1.0,1.0,True
RBL1-1,0.0,0.0,1.0,1.0,True
SRC,0.0,0.0,1.0,1.0,True
RP5-1157M23.2,0.0,0.0,1.0,1.0,True
IDO1,0.0,0.0,1.0,1.0,True
RNF122,0.0,0.0,1.0,1.0,True
HTRA1,0.0,0.0,1.0,1.0,True
CUZD1,0.0,0.0,1.0,1.0,True
RP11-930P14.2,0.0,0.0,1.0,1.0,True
AL353354.2,0.0,0.0,1.0,1.0,True
SKA1,0.0,0.0,1.0,1.0,True
ARHGAP42,0.0,0.0,1.0,1.0,True
RP11-315O6.1,0.0,0.0,1.0,1.0,True
KCNH3,0.0,0.0,1.0,1.0,True
PRPF40B,0.0,0.0,1.0,1.0,True
RACGAP1,0.0,0.0,1.0,1.0,True
RP1-159A19.4,0.0,0.0,1.0,1.0,True
C22orf26,0.0,0.0,1.0,1.0,True
CASP5,0.0,0.0,1.0,1.0,True
FAM212A,0.0,0.0,1.0,1.0,True
SNORD3A,0.0,0.0,1.0,1.0,True
EPN2,0.0,0.0,1.0,1.0,True
RP11-863K10.7,0.0,0.0,1.0,1.0,True
PTRF,0.0,0.0,1.0,1.0,True
CTD-3193K9.4,0.0,0.0,1.0,1.0,True
BIK,0.0,0.0,1.0,1.0,True
ZNF417,0.0,0.0,1.0,1.0,True
LDLRAD3,0.0,0.0,1.0,1.0,True
ZNF256,0.0,0.0,1.0,1.0,True
C19orf18,0.0,0.0,1.0,1.0,True
TMEM86A,0.0,0.0,1.0,1.0,True
CTD-2012K14.7,0.0,0.0,1.0,1.0,True
MSANTD4,0.0,0.0,1.0,1.0,True
RND1,0.0,0.0,1.0,1.0,True
GTSE1,0.0,0.0,1.0,1.0,True
CELSR1,0.0,0.0,1.0,1.0,True
HIST1H2BH,0.0,0.0,1.0,1.0,False
DNM3,0.0,0.0,1.0,1.0,True
TNFSF4,0.0,0.0,1.0,1.0,True
OIP5,0.0,0.0,1.0,1.0,True
SLC5A10,0.0,0.0,1.0,1.0,True
TRAM2-AS1,0.0,0.0,1.0,1.0,True
DST,0.0,0.0,1.0,1.0,True
RAB23,0.0,0.0,1.0,1.0,True
KHDRBS2,0.0,0.0,1.0,1.0,True
CRISPLD2,0.0,0.0,1.0,1.0,True
GAB1,0.0,0.0,1.0,1.0,True
SMAD1,0.0,0.0,1.0,1.0,True
USP31,0.0,0.0,1.0,1.0,True
RP11-372K14.2,0.0,0.0,1.0,1.0,True
TRIM2,0.0,0.0,1.0,1.0,True
RP11-362F19.3,0.0,0.0,1.0,1.0,True
RP11-540O11.6,0.0,0.0,1.0,1.0,True
HYAL2,0.0,0.0,1.0,1.0,True
SLC6A16,0.0,0.0,1.0,1.0,True
CDC25A,0.0,0.0,1.0,1.0,True
TNNC2,0.0,0.0,1.0,1.0,True
SNX21,0.0,0.0,1.0,1.0,True
GPR133,0.0,0.0,1.0,1.0,True
MMP17,0.0,0.0,1.0,1.0,True
RP11-101E13.5,0.0,0.0,1.0,1.0,True
ASPM,0.0,0.0,1.0,1.0,True
C1orf53,0.0,0.0,1.0,1.0,True
RP5-1098D14.1,0.0,0.0,1.0,1.0,True
RASIP1,0.0,0.0,1.0,1.0,True
HSD17B14,0.0,0.0,1.0,1.0,True
PLEKHA4,0.0,0.0,1.0,1.0,True
ARHGAP11A,0.0,0.0,1.0,1.0,True
DPEP3,0.0,0.0,1.0,1.0,True
DHDH,0.0,0.0,1.0,1.0,True
TSKS,0.0,0.0,1.0,1.0,True
AC018766.4,0.0,0.0,1.0,1.0,True
WDR11-AS1,0.0,0.0,1.0,1.0,True
CACNA1I,0.0,0.0,1.0,1.0,True
UPK3A,0.0,0.0,1.0,1.0,True
RP11-442N24__B.1,0.0,0.0,1.0,1.0,True
TMEM200B,0.0,0.0,1.0,1.0,True
MATN1,0.0,0.0,1.0,1.0,True
SLC4A8,0.0,0.0,1.0,1.0,True
PIWIL4,0.0,0.0,1.0,1.0,True
ZNF35,0.0,0.0,1.0,1.0,True
ZSWIM1,0.0,0.0,1.0,1.0,True
SLC12A5,0.0,0.0,1.0,1.0,True
LY96,0.0,0.0,1.0,1.0,True
RP11-96D1.11,0.0,0.0,1.0,1.0,True
CTD-2215E18.1,0.0,0.0,1.0,1.0,True
RGMB,0.0,0.0,1.0,1.0,True
RP11-163N6.2,0.0,0.0,1.0,1.0,True
AC022182.1,0.0,0.0,1.0,1.0,True
ASPH,0.0,0.0,1.0,1.0,True
RP11-111A22.1,0.0,0.0,1.0,1.0,True
RP11-532F12.5,0.0,0.0,1.0,1.0,True
AC090186.1,0.0,0.0,1.0,1.0,True
ANK1,0.0,0.0,1.0,1.0,True
TGS1,0.0,0.055239122,1.0,1.0,True
RP13-131K19.2,0.0,0.0,1.0,1.0,True
RP13-131K19.7,0.0,0.0,1.0,1.0,True
MYBL2,0.0,0.0,1.0,1.0,True
KIF9-AS1,0.0,0.0,1.0,1.0,True
CAMP,0.0,0.0,1.0,1.0,True
PFKFB4,0.0,0.0,1.0,1.0,True
CELSR3,0.0,0.0,1.0,1.0,True
NCKIPSD,0.0,0.0,1.0,1.0,True
RP11-446E9.2,0.0,0.0,1.0,1.0,True
PLAG1,0.0,0.0,1.0,1.0,True
LINC00968,0.0,0.0,1.0,1.0,True
FAM110B,0.0,0.0,1.0,1.0,True
RP11-531A24.5,0.0,0.0,1.0,1.0,True
RP11-707M3.3,0.0,0.0,1.0,1.0,True
CTD-2532N20.1,0.0,0.0,1.0,1.0,True
DNAJC5B,0.0,0.0,1.0,1.0,True
RP11-159H10.3,0.0,0.0,1.0,1.0,True
RP11-1008C21.1,0.0,0.0,1.0,1.0,True
TOX2,0.0,0.0,1.0,1.0,True
SCARB1,0.0,0.0,1.0,1.0,True
PIWIL1,0.0,0.0,1.0,1.0,True
SLC19A2,0.0,0.0,1.0,1.0,True
SELP,0.0,0.0,1.0,1.0,True
PRRG2,0.0,0.0,1.0,1.0,True
B3GNT4,0.0,0.0,1.0,1.0,True
FANK1,0.0,0.0,1.0,1.0,True
LINC00959,0.0,0.0,1.0,1.0,True
CLDN23,0.0,0.0,1.0,1.0,True
THBD,0.0,0.0,1.0,1.0,True
SOX7,0.0,0.0,1.0,1.0,True
CRYBG3,0.0,0.0,1.0,1.0,True
ST3GAL6,0.0,0.0,1.0,1.0,True
ZNF587B,0.0,0.0,1.0,1.0,True
BTBD3,0.0,0.0,1.0,1.0,True
FAM167A,0.0,0.0,1.0,1.0,True
RP11-481A20.11,0.0,0.0,1.0,1.0,True
RP11-252C15.1,0.0,0.0,1.0,1.0,True
DLC1,0.0,0.0,1.0,1.0,True
MTUS1,0.0,0.0,1.0,1.0,True
RP11-156K13.3,0.0,0.0,1.0,1.0,True
MACROD2,0.0,0.0,1.0,1.0,True
CTD-2201I18.1,0.0,0.0,1.0,1.0,True
COLCA2,0.0,0.0,1.0,1.0,True
VDR,0.0,0.0,1.0,1.0,True
C12orf68,0.0,0.0,1.0,1.0,True
CTC-459I6.1,0.0,0.0,1.0,1.0,True
ATP6AP1L,0.0,0.0,1.0,1.0,True
SLX4IP,0.0,0.0,1.0,1.0,True
RP5-894D12.3,0.0,0.0,1.0,1.0,True
RP11-221J22.2,0.0,0.0,1.0,1.0,True
ALCAM,0.0,0.0,1.0,1.0,True
MTCP1,0.0,0.0,1.0,1.0,True
CMC4,0.0,0.0,1.0,1.0,True
RP11-56B16.4,0.0,0.0,1.0,1.0,True
DYX1C1,0.0,0.0,1.0,1.0,True
NEDD4,0.0,0.0,1.0,1.0,True
MYO5C,0.0,0.0,1.0,1.0,True
SMOX,0.0,0.0,1.0,1.0,True
LNP1,0.0,0.0,1.0,1.0,True
CLIC2,0.0,0.0,1.0,1.0,True
ZNF596,0.0,0.0,1.0,1.0,True
CTD-2541M15.1,0.0,0.0,1.0,1.0,True
ARHGEF10,0.0,0.0,1.0,1.0,True
LAMP5,0.0,0.0,1.0,1.0,True
PROS1,0.0,0.0,1.0,1.0,True
ATP8B4,0.0,0.0,1.0,1.0,True
RP3-465N24.6,0.0,0.0,1.0,1.0,True
RP1-187B23.1,0.0,0.0,1.0,1.0,True
TEX12,0.0,0.0,1.0,1.0,True
HTR3A,0.0,0.0,1.0,1.0,True
RP11-350F4.2,0.0,0.0,1.0,1.0,True
CTD-2015H6.3,0.0,0.0,1.0,1.0,True
FAM151B,0.0,0.0,1.0,1.0,True
PAQR7,0.0,0.0,1.0,1.0,True
CNKSR1,0.0,0.0,1.0,1.0,True
RBM11,0.0,0.0,1.0,1.0,True
TDRP,0.0,0.0,1.0,1.0,True
CTD-2012K14.6,0.0,0.0,1.0,1.0,True
C1orf172,0.0,0.0,1.0,1.0,True
TRNP1,0.0,0.0,1.0,1.0,True
LOXL2,0.0,0.0,1.0,1.0,True
HESX1,0.0,0.0,1.0,1.0,True
RP11-78O7.2,0.0,0.0,1.0,1.0,True
BCL2L15,0.0,0.0,1.0,1.0,True
DENND2C,0.0,0.0,1.0,1.0,True
SERPING1,0.0,0.0,1.0,1.0,True
SLC22A15,0.0,0.0,1.0,1.0,True
SOX15,0.0,0.0,1.0,1.0,True
C5orf27,0.0,0.0,1.0,1.0,True
CTD-2260A17.1,0.0,0.0,1.0,1.0,True
RP11-288H12.4,0.0,0.0,1.0,1.0,True
CAPN3,0.0,0.0,1.0,1.0,True
TLR9,0.0,0.0,1.0,1.0,True
RP11-277B15.3,0.0,0.0,1.0,1.0,True
RP3-455J7.4,0.0,0.0,1.0,1.0,True
RP11-243J16.7,0.0,0.0,1.0,1.0,True
TPX2,0.0,0.0,1.0,1.0,True
ESCO2,0.0,0.0,1.0,1.0,True
SCARA5,0.0,0.0,1.0,1.0,True
AC145110.1,0.0,0.0,1.0,1.0,True
STAB1,0.0,0.0,1.0,1.0,True
HSF5,0.0,0.0,1.0,1.0,True
FAM63A,0.0,0.0,1.0,1.0,True
RP3-473L9.4,0.0,0.0,1.0,1.0,True
F13A1,0.0,0.0,1.0,1.0,True
DOCK3,0.0,0.0,1.0,1.0,True
PARK2,0.0,0.0,1.0,1.0,True
CTC-428H11.2,0.0,0.0,1.0,1.0,True
GFRA2,0.0,0.0,1.0,1.0,True
NPM2,0.0,0.0,1.0,1.0,True
SORD,0.0,0.0,1.0,1.0,True
DUOX1,0.0,0.0,1.0,1.0,True
SPATA5L1,0.0,0.0,1.0,1.0,True
SLC30A4,0.0,0.0,1.0,1.0,True
MITF,0.0,0.0,1.0,1.0,True
RP11-154H23.3,0.0,0.0,1.0,1.0,True
NLGN4Y,0.0,0.0,1.0,1.0,True
OVGP1,0.0,0.0,1.0,1.0,True
ADORA3,0.0,0.0,1.0,1.0,True
FAM212B,0.0,0.0,1.0,1.0,True
RP11-732M18.3,0.0,0.0,1.0,1.0,True
ACOX2,0.0,0.0,1.0,1.0,True
FAM3D,0.0,0.0,1.0,1.0,True
RP11-582J16.5,0.0,0.0,1.0,1.0,True
TNFRSF10D,0.0,0.0,1.0,1.0,True
LINC00656,0.0,0.0,1.0,1.0,True
MAP1A,0.0,0.0,1.0,1.0,True
PPIP5K1,0.0,0.0,1.0,1.0,True
TMEM88,0.0,0.0,1.0,1.0,True
RP1-29C18.10,0.0,0.0,1.0,1.0,True
BRD1,0.0,0.0,1.0,1.0,True
NT5DC2,0.0,0.0,1.0,1.0,True
ITIH4,0.0,0.0,1.0,1.0,True
RP11-213H15.1,0.0,0.0,1.0,1.0,True
LUCAT1,0.0,0.0,1.0,1.0,True
RP11-359I18.5,0.0,0.0,1.0,1.0,True
PKD2,0.0,0.0,1.0,1.0,True
SMIM5,0.0,0.0,1.0,1.0,True
AC073072.5,0.0,0.0,1.0,1.0,True
IL6,0.0,0.0,1.0,1.0,True
MOB1B,0.0,0.0,1.0,1.0,True
ZNF205,0.0,0.0,1.0,1.0,True
RP11-473M20.16,0.0,0.0,1.0,1.0,True
RP11-634H22.1,0.0,0.0,1.0,1.0,True
RP11-692D12.1,0.0,0.0,1.0,1.0,True
RP3-462E2.5,0.0,0.0,1.0,1.0,True
CTB-61M7.2,0.0,0.0,1.0,1.0,True
C2CD4D,0.0,0.0,1.0,1.0,True
S100A5,0.0,0.0,1.0,1.0,True
CIB2,0.0,0.0,1.0,1.0,True
GPR157,0.0,0.0,1.0,1.0,True
AP001058.3,0.0,0.0,1.0,1.0,True
NPHP4,0.0,0.0,1.0,1.0,True
RP11-351I24.1,0.0,0.0,1.0,1.0,True
ADM,0.0,0.0,1.0,1.0,True
TNNT1,0.0,0.0,1.0,1.0,True
TMEM150B,0.0,0.0,1.0,1.0,True
COX6B2,0.0,0.0,1.0,1.0,True
RASSF6,0.0,0.0,1.0,1.0,True
CXCL3,0.0,0.0,1.0,1.0,True
C1orf200,0.0,0.0,1.0,1.0,True
RP11-558F24.4,0.0,0.0,1.0,1.0,True
PPFIBP1,0.0,0.0,1.0,1.0,True
RP11-1060J15.4,0.0,0.0,1.0,1.0,True
RPH3A,0.0,0.0,1.0,1.0,True
RP11-392P7.6,0.0,0.0,1.0,1.0,True
PLEKHG5,0.0,0.0,1.0,1.0,True
CPA5,0.0,0.0,1.0,1.0,True
MEST,0.0,0.0,1.0,1.0,True
PARM1,0.0,0.0,1.0,1.0,True
CXCL10,0.0,0.0,1.0,1.0,True
RP11-95P2.1,0.0,0.0,1.0,1.0,True
MGST1,0.0,0.0,1.0,1.0,True
C12orf39,0.0,0.0,1.0,1.0,True
RP5-1115A15.1,0.0,0.0,1.0,1.0,True
CA6,0.0,0.0,1.0,1.0,True
SLC2A5,0.0,0.0,1.0,1.0,True
CTD-2366F13.1,0.0,0.0,1.0,1.0,True
ARHGAP24,0.0,0.0,1.0,1.0,True
AC004540.4,0.0,0.0,1.0,1.0,True
NOD2,0.0,0.0,1.0,1.0,True
RNF207,0.0,0.0,1.0,1.0,True
PKMYT1,0.0,0.0,1.0,1.0,True
FAM47E,0.0,0.0,1.0,1.0,True
LINC01094,0.0,0.0,1.0,1.0,True
RP11-212I21.4,0.0,0.0,1.0,1.0,True
CTD-2031P19.3,0.0,0.0,1.0,1.0,True
CTD-2227I18.1,0.0,0.0,1.0,1.0,True
FZD2,0.0,0.0,1.0,1.0,True
DBF4B,0.0,0.0,1.0,1.0,True
CTA-293F17.1,0.0,0.0,1.0,1.0,True
SEC14L5,0.0,0.0,1.0,1.0,True
RP11-775D22.2,0.0,0.0,1.0,1.0,True
IGF2BP3,0.0,0.0,1.0,1.0,True
ZNF777,0.0,0.0,1.0,1.0,True
ACTR3C,0.0,0.0,1.0,1.0,True
NIPAL1,0.0,0.0,1.0,1.0,True
C7orf13,0.0,0.0,1.0,1.0,True
RNF32,0.0,0.0,1.0,1.0,True
AC011899.9,0.0,0.0,1.0,1.0,True
PACRGL,0.0,0.0,1.0,1.0,True
KCNH2,0.0,0.0,1.0,1.0,True
RP11-713P17.3,0.0,0.0,1.0,1.0,True
RP4-635E18.8,0.0,0.0,1.0,1.0,True
AP001412.1,0.0,0.0,1.0,1.0,True
RAD52,0.0,0.0,1.0,1.0,True
ERC1,0.0,0.0,1.0,1.0,True
CACNA1C-AS1,0.0,0.0,1.0,1.0,True
BCAT1,0.0,0.0,1.0,1.0,True
SSPN,0.0,0.0,1.0,1.0,True
NPPA-AS1,0.0,0.0,1.0,1.0,True
AFMID,0.0,0.0,1.0,1.0,True
FCAR,0.0,0.0,1.0,1.0,True
DCHS1,0.0,0.0,1.0,1.0,True
CTD-2516F10.2,0.0,0.0,1.0,1.0,True
CYB5R2,0.0,0.0,1.0,1.0,True
N4BP2,0.0,0.0,1.0,1.0,True
CBX2,0.0,0.0,1.0,1.0,True
CBX8,0.0,0.0,1.0,1.0,True
AGAP3,0.0,0.0,1.0,1.0,True
RP4-548D19.3,0.0,0.0,1.0,1.0,True
RP11-161M6.2,0.0,0.0,1.0,1.0,True
WNT5B,0.0,0.0,1.0,1.0,True
FOXM1,0.0,0.0,1.0,1.0,True
RBP7,0.0,0.0,1.0,1.0,True
SLC45A1,0.0,0.0,1.0,1.0,True
STEAP1B,0.0,0.0,1.0,1.0,True
FAM3B,0.0,0.0,1.0,1.0,True
TMPRSS3,0.0,0.0,1.0,1.0,True
ST6GALNAC1,0.0,0.0,1.0,1.0,True
RP11-318A15.2,0.0,0.0,1.0,1.0,True
RP5-894A10.2,0.0,0.0,1.0,1.0,True
CLCN1,0.0,0.0,1.0,1.0,True
ZACN,0.0,0.0,1.0,1.0,True
GALR2,0.0,0.0,1.0,1.0,True
RNF157-AS1,0.0,0.0,1.0,1.0,True
BRICD5,0.0,0.0,1.0,1.0,True
RP11-46J23.1,0.0,0.0,1.0,1.0,True
LNX1,0.0,0.0,1.0,1.0,True
QRICH2,0.0,0.0,1.0,1.0,True
SPHK1,0.0,0.0,1.0,1.0,True
CEMP1,0.0,0.0,1.0,1.0,True
FAM114A1,0.0,0.0,1.0,1.0,True
KLHL5,0.0,0.0,1.0,1.0,True
RP5-1136G13.2,0.0,0.0,1.0,1.0,True
PRCD,0.0,0.0,1.0,1.0,True
AC195454.1,0.0,0.0,1.0,1.0,True
NSUN7,0.0,0.0,1.0,1.0,True
APBB2,0.0,0.0,1.0,1.0,True
UCHL1,0.0,0.0,1.0,1.0,True
BEND4,0.0,0.0,1.0,1.0,True
UGT2B17,0.0,0.0,1.0,1.0,True
MRVI1,0.0,0.0,1.0,1.0,True
IFT81,0.0,0.0,1.0,1.0,True
AC007228.5,0.0,0.0,1.0,1.0,True
CTC-444N24.6,0.0,0.0,1.0,1.0,True
ITGB3,0.0,0.0,1.0,1.0,True
EFCAB13,0.0,0.0,1.0,1.0,True
RP11-580I16.2,0.0,0.0,1.0,1.0,True
RPL34-AS1,0.0,0.0,1.0,1.0,False
SEC24B-AS1,0.0,0.0,1.0,1.0,True
SYT17,0.0,0.0,1.0,1.0,True
SERPINE1,0.0,0.0,1.0,1.0,True
CTD-2583P5.3,0.0,0.0,1.0,1.0,True
CLEC4C,0.0,0.0,1.0,1.0,True
GPR162,0.0,0.0,1.0,1.0,True
AP001053.11,0.0,0.0,1.0,1.0,True
MILR1,0.0,0.0,1.0,1.0,True
RP11-166B2.8,0.0,0.0,1.0,1.0,True
TNFRSF17,0.0,0.0,1.0,1.0,True
PRKAR2B,0.0,0.0,1.0,1.0,True
P2RX5-TAX1BP3,0.0,0.0,1.0,1.0,True
CAMKK1,0.0,0.0,1.0,1.0,True
P2RX1,0.0,0.0,1.0,1.0,True
AC004069.2,0.0,0.0,1.0,1.0,True
GSTCD,0.0,0.0,1.0,1.0,True
SGMS2,0.0,0.0,1.0,1.0,True
TMEM238,0.0,0.0,1.0,1.0,True
RP11-126K1.6,0.0,0.0,1.0,1.0,True
SSC5D,0.0,0.0,1.0,1.0,True
TAS2R14,0.0,0.0,1.0,1.0,True
COL6A1,0.0,0.0,1.0,1.0,True
MXRA8,0.0,0.0,1.0,1.0,True
AL354822.1,0.0,0.0,1.0,1.0,True
PRSS53,0.0,0.0,1.0,1.0,True
RP11-196G11.2,0.0,0.0,1.0,1.0,True
INHBA-AS1,0.0,0.0,1.0,1.0,True
SUGCT,0.0,0.0,1.0,1.0,True
HOXB3,0.0,0.0,1.0,1.0,True
RP11-279O9.4,0.0,0.0,1.0,1.0,True
NPIPB11,0.0,0.0,1.0,1.0,True
SULT1A4,0.0,0.0,1.0,1.0,True
ABTB2,0.0,0.0,1.0,1.0,True
RP11-89F3.2,0.0,0.0,1.0,1.0,True
MRVI1-AS1,0.0,0.0,1.0,1.0,True
RP11-347C12.1,0.0,0.0,1.0,1.0,True
NOG,0.0,0.0,1.0,1.0,True
AC093157.1,0.0,0.0,1.0,1.0,True
RP11-869B15.1,0.0,0.0,1.0,1.0,True
RP11-637A17.2,0.0,0.0,1.0,1.0,True
RP11-294J22.6,0.0,0.0,1.0,1.0,True
RP11-215G15.5,0.0,0.0,1.0,1.0,True
RP11-420A6.2,0.0,0.0,1.0,1.0,True
LY6G5B,0.0,0.0,1.0,1.0,True
LY6G6F,0.0,0.0,1.0,1.0,True
ZMYND15,0.0,0.0,1.0,1.0,True
TLR3,0.0,0.0,1.0,1.0,True
AC110771.1,0.0,0.0,1.0,1.0,True
RP11-54O7.17,0.0,0.0,1.0,1.0,True
NBPF20,0.0,0.0,1.0,1.0,True
CCSER1,0.0,0.0,1.0,1.0,True
RP11-1299A16.3,0.0,0.0,1.0,1.0,True
MEGF6,0.0,0.0,1.0,1.0,True
AP001046.6,0.0,0.0,1.0,1.0,True
EMP1,0.0,0.0,1.0,1.0,True
U47924.30,0.0,0.0,1.0,1.0,True
CPED1,0.0,0.0,1.0,1.0,True
WNT16,0.0,0.0,1.0,1.0,True
AASS,0.0,0.0,1.0,1.0,True
CD300LB,0.0,0.0,1.0,1.0,True
ITGA1,0.0,0.0,1.0,1.0,True
CTD-2319I12.2,0.0,0.0,1.0,1.0,True
PCOLCE,0.0,0.0,1.0,1.0,True
ZNF579,0.0,0.0,1.0,1.0,True
RP11-126L15.4,0.0,0.0,1.0,1.0,True
TRIP6,0.0,0.0,1.0,1.0,True
ABCC6,0.0,0.0,1.0,1.0,True
RPGRIP1L,0.0,0.0,1.0,1.0,True
LPCAT2,0.0,0.0,1.0,1.0,True
CTD-2006K23.2,0.0,0.0,1.0,1.0,True
MIR3615,0.0,0.0,1.0,1.0,True
SLC16A5,0.0,0.0,1.0,1.0,True
WDFY3,0.0,0.0,1.0,1.0,True
HILPDA,0.0,0.0,1.0,1.0,True
CCDC136,0.0,0.0,1.0,1.0,True
AHCYL2,0.0,0.0,1.0,1.0,True
CAV1,0.0,0.0,1.0,1.0,True
ACRBP,0.0,0.0,1.0,1.0,True
GIGYF1,0.0,0.15265433,1.0,1.0,True
DOCK4,0.0,0.0,1.0,1.0,True
TFEC,0.0,0.0,1.0,1.0,True
RP11-77H9.2,0.0,0.0,1.0,1.0,True
RP11-77H9.8,0.0,0.0,1.0,1.0,True
CDC42EP4,0.0,0.0,1.0,1.0,True
SDK2,0.0,0.0,1.0,1.0,True
CTD-2514K5.2,0.0,0.0,1.0,1.0,True
TVP23A,0.0,0.0,1.0,1.0,True
RP11-876N24.2,0.0,0.0,1.0,1.0,True
ADAMTSL4,0.0,0.0,1.0,1.0,True
CTSK,0.0,0.0,1.0,1.0,True
RP11-286E11.1,0.0,0.0,1.0,1.0,True
RASA4B,0.0,0.0,1.0,1.0,True
MMRN1,0.0,0.0,1.0,1.0,True
ACE,0.0,0.0,1.0,1.0,True
TEX2,0.0,0.0,1.0,1.0,True
CTD-2576D5.4,0.0,0.0,1.0,1.0,True
LRRC37A2,0.0,0.0,1.0,1.0,True
AC004540.5,0.0,0.0,1.0,1.0,True
HOXA-AS2,0.0,0.0,1.0,1.0,True
CREB5,0.0,0.0,1.0,1.0,True
AC007285.6,0.0,0.0,1.0,1.0,True
RP11-42I10.1,0.0,0.0,1.0,1.0,True
ARL17A,0.0,0.0,1.0,1.0,True
NRCAM,0.0,0.0,1.0,1.0,True
AXIN2,0.0,0.0,1.0,1.0,True
CENPE,0.0,0.0,1.0,1.0,True
CTD-2006K23.1,0.0,0.0,1.0,1.0,True
RP11-876N24.4,0.0,0.0,1.0,1.0,True
OSCAR,0.0,0.0,1.0,1.0,True
FCRL2,0.0,0.0,1.0,1.0,True
CD1A,0.0,0.0,1.0,1.0,True
CD1B,0.0,0.0,1.0,1.0,True
KRTAP5-AS1,0.0,0.0,1.0,1.0,True
RP11-258C19.7,0.0,0.0,1.0,1.0,True
RP11-761I4.3,0.0,0.0,1.0,1.0,True
MEX3B,0.0,0.0,1.0,1.0,True
LPP-AS2,0.0,0.0,1.0,1.0,True
RP13-270P17.1,0.0,0.0,1.0,1.0,True
DLGAP1-AS2,0.0,0.0,1.0,1.0,True
B3GNT5,0.0,0.0,1.0,1.0,True
KLHL6,0.0,0.0,1.0,1.0,True
RP11-161M6.3,0.0,0.0,1.0,1.0,True
RP11-158M2.3,0.0,0.0,1.0,1.0,True
MAGIX,0.0,0.0,1.0,1.0,True
SYP,0.0,0.0,1.0,1.0,True
RP11-348F1.2,0.0,0.0,1.0,1.0,True
EPHB3,0.0,0.0,1.0,1.0,True
PRICKLE1,0.0,0.0,1.0,1.0,True
GDAP2,0.0,0.24000254,1.0,1.0,True
REG4,0.0,0.0,1.0,1.0,True
RP11-114O18.1,0.0,0.0,1.0,1.0,True
RP11-389O22.1,0.0,0.0,1.0,1.0,True
RP11-677M14.7,0.0,0.0,1.0,1.0,True
SLC37A2,0.0,0.0,1.0,1.0,True
JAM3,0.0,0.0,1.0,1.0,True
RP11-598F7.3,0.0,0.0,1.0,1.0,True
RP11-820I16.4,0.0,0.0,1.0,1.0,True
TPRG1-AS1,0.0,0.0,1.0,1.0,True
TMEM51,0.0,0.0,1.0,1.0,True
CLEC10A,0.0,0.0,1.0,1.0,True
HCG25,0.0,0.0,1.0,1.0,True
AC068580.6,0.0,0.0,1.0,1.0,True
CTB-129O4.1,0.0,0.0,1.0,1.0,True
HRASLS,0.0,0.0,1.0,1.0,True
ATP13A4,0.0,0.0,1.0,1.0,True
HES1,0.0,0.0,1.0,1.0,True
GP5,0.0,0.0,1.0,1.0,True
LINC00884,0.0,0.0,1.0,1.0,True
ZNF41,0.0,0.0,1.0,1.0,True
ZNF182,0.0,0.0,1.0,1.0,True
KLHDC9,0.0,0.0,1.0,1.0,True
MUC20,0.0,0.0,1.0,1.0,True
NLN,0.0,0.0,1.0,1.0,True
RP11-527L4.5,0.0,0.0,1.0,1.0,True
OCM,0.0,0.0,1.0,1.0,True
RP11-677M14.2,0.0,0.0,1.0,1.0,True
VSIG2,0.0,0.0,1.0,1.0,True
IGF2BP2,0.0,0.0,1.0,1.0,True
DGKG,0.0,0.0,1.0,1.0,True
C15orf38,0.0,0.0,1.0,1.0,True
GDPGP1,0.0,0.0,1.0,1.0,True
RP11-211G3.2,0.0,0.0,1.0,1.0,True
SCT,0.0,0.0,1.0,1.0,True
EFCAB4A,0.0,0.0,1.0,1.0,True
ITLN1,0.0,0.0,1.0,1.0,True
ANPEP,0.0,0.0,1.0,1.0,True
OSBPL1A,0.0,0.0,1.0,1.0,True
PSMA8,0.0,0.0,1.0,1.0,True
PADI2,0.0,0.0,1.0,1.0,True
OLIG1,0.0,0.0,1.0,1.0,True
OAF,0.0,0.0,1.0,1.0,True
TBCEL,0.0,0.0,1.0,1.0,True
C11orf63,0.0,0.0,1.0,1.0,True
CPNE8,0.0,0.0,1.0,1.0,True
ARHGEF10L,0.0,0.0,1.0,1.0,True
AC007036.6,0.0,0.0,1.0,1.0,True
GS1-114I9.1,0.0,0.0,1.0,1.0,True
FKBP9,0.0,0.0,1.0,1.0,True
C5orf51,0.0,0.0,1.0,1.0,True
SLC6A12,0.0,0.0,1.0,1.0,True
GATS,0.0,0.0,1.0,1.0,True
DTNA,0.0,0.0,1.0,1.0,True
HYKK,0.0,0.0,1.0,1.0,True
RP11-873E20.1,0.0,0.0,1.0,1.0,True
RP11-362K14.6,0.0,0.0,1.0,1.0,True
RP11-379K17.4,0.0,0.0,1.0,1.0,True
RP11-379K17.12,0.0,0.0,1.0,1.0,True
RP11-305K5.1,0.0,0.0,1.0,1.0,True
RP11-6F2.5,0.0,0.0,1.0,1.0,True
RP11-16N11.2,0.0,0.0,1.0,1.0,True
ATP7A,0.0,0.0,1.0,1.0,True
P2RY12,0.0,0.0,1.0,1.0,True
P2RY1,0.0,0.0,1.0,1.0,True
SLC14A2,0.0,0.0,1.0,1.0,True
STAG3,0.0,0.0,1.0,1.0,True
ARHGAP32,0.0,0.0,1.0,1.0,True
AMZ1,0.0,0.0,1.0,1.0,True
FSCN1,0.0,0.0,1.0,1.0,True
PLLP,0.0,0.0,1.0,1.0,True
ITGA2B,0.0,0.0,1.0,1.0,True
MAP1B,0.0,0.0,1.0,1.0,True
RP11-145M9.4,0.0,0.0,1.0,1.0,True
ALDH4A1,0.0,0.0,1.0,1.0,True
RSG1,0.0,0.0,1.0,1.0,True
RP4-798A10.7,0.0,0.0,1.0,1.0,True
KLHL14,0.0,0.0,1.0,1.0,True
FAM154B,0.0,0.0,1.0,1.0,True
CABLES1,0.0,0.0,1.0,1.0,True
VSIG4,0.0,0.0,1.0,1.0,True
HDGFRP3,0.0,0.0,1.0,1.0,True
PAGE5,0.0,0.0,1.0,1.0,True
AMER1,0.0,0.0,1.0,1.0,True
C1QTNF4,0.0,0.0,1.0,1.0,True
NT5DC3,0.0,0.0,1.0,1.0,True
SLC41A2,0.0,0.0,1.0,1.0,True
CTD-2619J13.14,0.0,0.0,1.0,1.0,True
CD101,0.0,0.0,1.0,1.0,True
PTX3,0.0,0.0,1.0,1.0,True
RP11-317J10.2,0.0,0.0,1.0,1.0,True
DNAJA4,0.0,0.0,1.0,1.0,True
NHSL2,0.0,0.0,1.0,1.0,True
RGAG4,0.0,0.0,1.0,1.0,True
NAP1L2,0.0,0.0,1.0,1.0,True
RP11-403A21.1,0.0,0.0,1.0,1.0,True
METTL20,0.0,0.0,1.0,1.0,True
RP11-428G5.5,0.0,0.0,1.0,1.0,True
TMEM45B,0.0,0.0,1.0,1.0,True
NLRP12,0.0,0.0,1.0,1.0,True
SDS,0.0,0.0,1.0,1.0,True
HRK,0.0,0.0,1.0,1.0,True
TRIM34,0.0,0.0,1.0,1.0,True
PRKCDBP,0.0,0.0,1.0,1.0,True
LENG9,0.0,0.0,1.0,1.0,True
IGSF9B,0.0,0.0,1.0,1.0,True
RP11-452C13.1,0.0,0.0,1.0,1.0,True
LINC00106,0.0,0.0,1.0,1.0,True
ASMTL-AS1,0.0,0.0,1.0,1.0,True
LINC01063,0.0,0.0,1.0,1.0,True
CETP,0.0,0.0,1.0,1.0,True
MAP3K14-AS1,0.0,0.0,1.0,1.0,True
BEND2,0.0,0.0,1.0,1.0,True
CDKL5,0.0,0.0,1.0,1.0,True
LYSMD4,0.0,0.0,1.0,1.0,True
CTD-2054N24.2,0.0,0.0,1.0,1.0,True
RP11-66B24.2,0.0,0.0,1.0,1.0,True
POLN,0.0,0.0,1.0,1.0,True
ARSE,0.0,0.0,1.0,1.0,True
CLCN4,0.0,0.0,1.0,1.0,True
ARHGAP6,0.0,0.0,1.0,1.0,True
TLR7,0.0,0.0,1.0,1.0,True
TLR8,0.0,0.0,1.0,1.0,True
ASB9,0.0,0.0,1.0,1.0,True
VWDE,0.0,0.0,1.0,1.0,True
RP11-334C17.5,0.0,0.0,1.0,1.0,True
RHBDL1,0.0,0.0,1.0,1.0,True
BAIAP3,0.0,0.0,1.0,1.0,True
CCDC154,0.0,0.0,1.0,1.0,True
PRDM10,0.0,0.0,1.0,1.0,True
ST14,0.0,0.0,1.0,1.0,True
GPR125,0.0,0.0,1.0,1.0,True
CCDC149,0.0,0.0,1.0,1.0,True
LINC00482,0.0,0.0,1.0,1.0,True
TMEM105,0.0,0.0,1.0,1.0,True
RP11-1055B8.7,0.0,0.0,1.0,1.0,True
ABLIM2,0.0,0.0,1.0,1.0,True
FCGR1B,0.0,0.0,1.0,1.0,True
DENND5B,0.0,0.0,1.0,1.0,True
RP11-782C8.1,0.0,0.0,1.0,1.0,True
RP6-206I17.1,0.0,0.0,1.0,1.0,True
RP6-206I17.2,0.0,0.0,1.0,1.0,True
RP11-458D21.6,0.0,0.0,1.0,1.0,True
S100P,0.0,0.0,1.0,1.0,True
CCDC96,0.0,0.0,1.0,1.0,True
BAIAP2-AS1,0.0,0.0,1.0,1.0,True
AATK,0.0,0.0,1.0,1.0,True
SLC2A9,0.0,0.0,1.0,1.0,True
HS3ST1,0.0,0.0,1.0,1.0,True
AC040977.1,0.0,0.0,1.0,1.0,True
TNFRSF8,0.0,0.0,1.0,1.0,True
ITSN1,0.0,0.0,1.0,1.0,True
KCNE1,0.0,0.0,1.0,1.0,True
RP11-423O2.5,0.0,0.0,1.0,1.0,True
TBC1D9,0.0,0.0,1.0,1.0,True
ITPRIPL2,0.0,0.0,1.0,1.0,True
BBS12,0.0,0.0,1.0,1.0,True
TRIM31,0.0,0.0,1.0,1.0,True
RP11-863P13.2,0.0,0.0,1.0,1.0,True
PLA2G7,0.0,0.0,1.0,1.0,True
TNFRSF21,0.0,0.0,1.0,1.0,True
CTC-338M12.6,0.0,0.0,1.0,1.0,True
SMCR8,0.0,0.0,1.0,1.0,True
ZNF286B,0.0,0.0,1.0,1.0,True
WRNIP1,0.0,0.0,1.0,1.0,True
RP11-336K24.12,0.0,0.0,1.0,1.0,True
LRRK1,0.0,0.0,1.0,1.0,True
RASAL1,0.0,0.0,1.0,1.0,True
YY2,0.0,0.0,1.0,1.0,True
RP13-314C10.5,0.0,0.0,1.0,1.0,True
FGFRL1,0.0,0.0,1.0,1.0,True
EHHADH,0.0,0.0,1.0,1.0,True
RAB25,0.0,0.0,1.0,1.0,True
KCNQ1,0.0,0.0,1.0,1.0,True
SLC22A18AS,0.0,0.0,1.0,1.0,True
PYCR1,0.0,0.0,1.0,1.0,True
RAC3,0.0,0.0,1.0,1.0,True
FAM174B,0.0,0.0,1.0,1.0,True
RP11-76E17.3,0.0,0.0,1.0,1.0,True
GPR34,0.0,0.0,1.0,1.0,True
RP6-99M1.2,0.0,0.0,1.0,1.0,True
SLC9A7,0.0,0.0,1.0,1.0,True
CNKSR2,0.0,0.0,1.0,1.0,True
TTC24,0.0,0.0,1.0,1.0,True
ANKRD50,0.0,0.0,1.0,1.0,True
CRYM,0.0,0.0,1.0,1.0,True
OTOA,0.0,0.0,1.0,1.0,True
GAL3ST4,0.0,0.0,1.0,1.0,True
ALPK1,0.0,0.0,1.0,1.0,True
UGT8,0.0,0.0,1.0,1.0,True
PDE5A,0.0,0.0,1.0,1.0,True
RP11-178C3.2,0.0,0.0,1.0,1.0,True
RP11-350G8.5,0.0,0.0,1.0,1.0,True
RP11-498C9.2,0.0,0.0,1.0,1.0,True
RP11-498C9.15,0.0,0.0,1.0,1.0,True
RGS12,0.0,0.0,1.0,1.0,True
RP11-425I13.3,0.0,0.0,1.0,1.0,True
REPS2,0.0,0.0,1.0,1.0,True
NHS,0.0,0.0,1.0,1.0,True
RNF212,0.0,0.0,1.0,1.0,True
CRIPAK,0.0,0.0,1.0,1.0,True
PIGZ,0.0,0.0,1.0,1.0,True
RP13-516M14.1,0.0,0.0,1.0,1.0,True
OVCH1-AS1,0.0,0.0,1.0,1.0,True
TMTC1,0.0,0.0,1.0,1.0,True
AC024940.1,0.0,0.0,1.0,1.0,True
CBR3,0.0,0.0,1.0,1.0,True
IQCK,0.0,0.0,1.0,1.0,True
ERI2,0.0,0.0,1.0,1.0,True
RP11-342I1.2,0.0,0.0,1.0,1.0,True
MAML3,0.0,0.0,1.0,1.0,True
EVC,0.0,0.0,1.0,1.0,True
GFI1B,0.0,0.0,1.0,1.0,True
GBGT1,0.0,0.0,1.0,1.0,True
AC016700.5,0.0,0.0,1.0,1.0,True
CD248,0.0,0.0,1.0,1.0,True
SLC29A2,0.0,0.0,1.0,1.0,True
FIBCD1,0.0,0.0,1.0,1.0,True
SPR,0.0,0.0,1.0,1.0,True
RAB11FIP5,0.0,0.0,1.0,1.0,True
LIPN,0.0,0.0,1.0,1.0,True
AMY2B,0.0,0.0,1.0,1.0,True
TUBA8,0.0,0.0,1.0,1.0,True
AC026471.6,0.0,0.0,1.0,1.0,True
RP11-452L6.7,0.0,0.0,1.0,1.0,True
PCBP3,0.0,0.0,1.0,1.0,True
RP11-46D6.1,0.0,0.0,1.0,1.0,True
CTD-2353F22.1,0.0,0.0,1.0,1.0,True
LRRC46,0.0,0.0,1.0,1.0,True
RAPGEF2,0.0,0.0,1.0,1.0,True
TRIM61,0.0,0.0,1.0,1.0,True
SEPT5,0.0,0.0,1.0,1.0,True
VAV3-AS1,0.0,0.0,1.0,1.0,True
RP11-356N1.2,0.0,0.0,1.0,1.0,True
ANKRD22,0.0,0.0,1.0,1.0,True
PLCE1,0.0,0.0,1.0,1.0,True
FA2H,0.0,0.0,1.0,1.0,True
CTA-445C9.14,0.0,0.0,1.0,1.0,True
WLS,0.0,0.0,1.0,1.0,True
LRRIQ3,0.0,0.0,1.0,1.0,True
SHCBP1,0.0,0.0,1.0,1.0,True
RP11-755F10.1,0.0,0.0,1.0,1.0,True
FAM177B,0.0,0.0,1.0,1.0,True
LCN2,0.0,0.0,1.0,1.0,True
SLC27A4,0.0,0.0,1.0,1.0,True
AC005932.1,0.0,0.0,1.0,1.0,True
CBLN3,0.0,0.0,1.0,1.0,True
COCH,0.0,0.0,1.0,1.0,True
MEF2BNB-MEF2B,0.0,0.0,1.0,1.0,True
LOXL3,0.0,0.0,1.0,1.0,True
GNG3,0.0,0.0,1.0,1.0,True
ZBTB3,0.0,0.0,1.0,1.0,True
BBS10,0.0,0.0,1.0,1.0,True
CSRP2,0.0,0.0,1.0,1.0,True
CLTCL1,0.0,0.0,1.0,1.0,True
AK8,0.0,0.0,1.0,1.0,True
CLDN5,0.0,0.0,1.0,1.0,True
RP11-247A12.2,0.0,0.0,1.0,1.0,True
RP11-65J3.1,0.0,0.0,1.0,1.0,True
FITM1,0.0,0.0,1.0,1.0,True
MMP14,0.0,0.0,1.0,1.0,True
C2orf81,0.0,0.0,1.0,1.0,True
LBX2-AS1,0.0,0.0,1.0,1.0,True
DYSF,0.0,0.0,1.0,1.0,True
TSSK6,0.0,0.0,1.0,1.0,True
CEBPE,0.0,0.0,1.0,1.0,True
SLC16A10,0.0,0.0,1.0,1.0,True
RP5-1112D6.4,0.0,0.0,1.0,1.0,True
EIF4EBP3,0.0,0.0,1.0,1.0,True
PEX12,0.0,0.0,1.0,1.0,True
CDC45,0.0,0.0,1.0,1.0,True
CTC-209H22.3,0.0,0.0,1.0,1.0,True
RP11-960L18.1,0.0,0.0,1.0,1.0,True
SDR42E1,0.0,0.0,1.0,1.0,True
RP11-483P21.2,0.0,0.0,1.0,1.0,True
OSGIN1,0.0,0.0,1.0,1.0,True
CYP2S1,0.0,0.0,1.0,1.0,True
AXL,0.0,0.0,1.0,1.0,True
CTC-260E6.6,0.0,0.0,1.0,1.0,True
C9orf96,0.0,0.0,1.0,1.0,True
CACFD1,0.0,0.0,1.0,1.0,True
VAV2,0.0,0.0,1.0,1.0,True
BMPR1A,0.0,0.0,1.0,1.0,True
ADIRF,0.0,0.0,1.0,1.0,True
ST6GALNAC3,0.0,0.0,1.0,1.0,True
CTC-507E2.1,0.0,0.0,1.0,1.0,True
MMP28,0.0,0.0,1.0,1.0,True
RP1-191J18.66,0.0,0.0,1.0,1.0,True
DDO,0.0,0.0,1.0,1.0,True
PRELID2,0.0,0.0,1.0,1.0,True
SCGB3A2,0.0,0.0,1.0,1.0,True
CCL2,0.0,0.0,1.0,1.0,True
CTD-2085J24.4,0.0,0.0,1.0,1.0,True
RP11-191L17.1,0.0,0.0,1.0,1.0,True
RP11-477N3.1,0.0,0.0,1.0,1.0,True
ZNF492,0.0,0.0,1.0,1.0,True
ZNF724P,0.0,0.0,1.0,1.0,True
EGFL7,0.0,0.0,1.0,1.0,True
RP11-560J1.2,0.0,0.0,1.0,1.0,True
PAPSS2,0.0,0.0,1.0,1.0,True
KCNK7,0.0,0.0,1.0,1.0,True
NEXN,0.0,0.0,1.0,1.0,True
RAVER2,0.0,0.0,1.0,1.0,True
RP11-474G23.2,0.0,0.0,1.0,1.0,True
WBSCR27,0.0,0.0,1.0,1.0,True
CLIP2,0.0,0.0,1.0,1.0,True
GTF2IRD1,0.0,0.0,1.0,1.0,True
CTD-2517O10.6,0.0,0.0,1.0,1.0,True
RP11-379H18.1,0.0,0.0,1.0,1.0,True
TGFB1I1,0.0,0.0,1.0,1.0,True
RNASE2,0.0,0.0,1.0,1.0,True
AC074289.1,0.0,0.0,1.0,1.0,True
LINC00309,0.0,0.0,1.0,1.0,True
LGALSL,0.0,0.0,1.0,1.0,True
WDPCP,0.0,0.0,1.0,1.0,True
SALL2,0.0,0.0,1.0,1.0,True
ABHD4,0.0,0.0,1.0,1.0,True
OLFM1,0.0,0.0,1.0,1.0,True
PPP1R26,0.0,0.0,1.0,1.0,True
RP11-83N9.5,0.0,0.0,1.0,1.0,True
ZNF208,0.0,0.0,1.0,1.0,True
ADD2,0.0,0.0,1.0,1.0,True
RP11-467P9.1,0.0,0.0,1.0,1.0,True
AC007386.2,0.0,0.0,1.0,1.0,True
RP1-151F17.1,0.0,0.0,1.0,1.0,True
MYH10,0.0,0.0,1.0,1.0,True
CCDC183,0.0,0.0,1.0,1.0,True
FAM161A,0.0,0.0,1.0,1.0,True
AC107081.5,0.0,0.0,1.0,1.0,True
ZNF219,0.0,0.0,1.0,1.0,True
hsa-mir-1199,0.0,0.0,1.0,1.0,True
MYOF,0.0,0.0,1.0,1.0,True
CCNJ,0.0,0.0,1.0,1.0,True
BLNK,0.0,0.0,1.0,1.0,True
CENPF,0.0,0.0,1.0,1.0,True
KCTD3,0.0,0.0,1.0,1.0,True
C1orf115,0.0,0.0,1.0,1.0,True
RP11-119D9.1,0.0,0.0,1.0,1.0,True
PIK3R6,0.0,0.0,1.0,1.0,True
AC000003.2,0.0,0.0,1.0,1.0,True
MYH3,0.0,0.0,1.0,1.0,True
MARC1,0.0,0.0,1.0,1.0,True
HLX,0.0,0.0,1.0,1.0,True
SRGAP1,0.0,0.0,1.0,1.0,True
SLC46A1,0.0,0.0,1.0,1.0,True
FAM153B,0.0,0.0,1.0,1.0,True
SLC46A2,0.0,0.0,1.0,1.0,True
CDC26,0.0,0.0,1.0,1.0,True
AC017002.1,0.0,0.0,1.0,1.0,True
EPHX3,0.0,0.0,1.0,1.0,True
AC004257.3,0.0,0.0,1.0,1.0,True
CYP4F22,0.0,0.0,1.0,1.0,True
IL1R2,0.0,0.0,1.0,1.0,True
IL1RL2,0.0,0.0,1.0,1.0,True
ATL1,0.0,0.0,1.0,1.0,True
C5,0.0,0.0,1.0,1.0,True
CNNM4,0.0,0.0,1.0,1.0,True
FAM178B,0.0,0.0,1.0,1.0,True
CTB-96E2.7,0.0,0.0,1.0,1.0,True
RTN1,0.0,0.0,1.0,1.0,True
NIPSNAP3B,0.0,0.0,1.0,1.0,True
ABCA1,0.0,0.0,1.0,1.0,True
FSD1L,0.0,0.0,1.0,1.0,True
STEAP3,0.0,0.0,1.0,1.0,True
FBXW9,0.0,0.0,1.0,1.0,True
CTD-2659N19.9,0.0,0.0,1.0,1.0,True
CABP4,0.0,0.0,1.0,1.0,True
HEMGN,0.0,0.0,1.0,1.0,True
CORO2A,0.0,0.0,1.0,1.0,True
VNN3,0.0,0.0,1.0,1.0,True
PKIB,0.0,0.0,1.0,1.0,True
UNC5CL,0.0,0.0,1.0,1.0,True
AC137932.6,0.0,0.0,1.0,1.0,True
NPHP1,0.0,0.0,1.0,1.0,True
MERTK,0.0,0.0,1.0,1.0,True
CTC-425F1.4,0.0,0.0,1.0,1.0,True
NFIX,0.0,0.0,1.0,1.0,True
KTN1-AS1,0.0,0.0,1.0,1.0,True
C9orf147,0.0,0.0,1.0,1.0,True
TXNDC16,0.0,0.0,1.0,1.0,True
RP11-841O20.2,0.0,0.0,1.0,1.0,True
AC016683.5,0.0,0.0,1.0,1.0,True
USP12-AS2,0.0,0.0,1.0,1.0,True
SMPDL3A,0.0,0.0,1.0,1.0,True
RNF217,0.0,0.0,1.0,1.0,True
AC104655.3,0.0,0.0,1.0,1.0,True
C2orf40,0.0,0.0,1.0,1.0,True
SEPT10,0.0,0.0,1.0,1.0,True
CTC-297N7.5,0.0,0.0,1.0,1.0,True
DAB1,0.0,0.0,1.0,1.0,True
RP4-794H19.1,0.0,0.0,1.0,1.0,True
HOOK1,0.0,0.0,1.0,1.0,True
CYP2J2,0.0,0.0,1.0,1.0,True
L1TD1,0.0,0.0,1.0,1.0,True
ZFYVE9,0.0,0.0,1.0,1.0,True
COA7,0.0,0.0,1.0,1.0,True
NXPH4,0.0,0.0,1.0,1.0,True
HK2,0.0,0.0,1.0,1.0,True
DNAH6,0.0,0.0,1.0,1.0,True
PDE4C,0.0,0.0,1.0,1.0,True
RP11-176H8.1,0.0,0.0,1.0,1.0,True
AC015971.2,0.0,0.0,1.0,1.0,True
C19orf44,0.0,0.0,1.0,1.0,True
THNSL2,0.0,0.0,1.0,1.0,True
AC103563.8,0.0,0.0,1.0,1.0,True
CTD-3131K8.2,0.0,0.0,1.0,1.0,True
TBC1D12,0.0,0.0,1.0,1.0,True
CH25H,0.0,0.0,1.0,1.0,True
PANK1,0.0,0.0,1.0,1.0,True
LINC00865,0.0,0.0,1.0,1.0,True
LHFP,0.0,0.0,1.0,1.0,True
RP11-504P24.8,0.0,0.0,1.0,1.0,True
RP11-504P24.6,0.0,0.0,1.0,1.0,True
CTA-407F11.8,0.0,0.0,1.0,1.0,True
SEZ6L,0.0,0.0,1.0,1.0,True
ASPHD2,0.0,0.0,1.0,1.0,True
DPY19L2,0.0,0.0,1.0,1.0,True
RGPD2,0.0,0.0,1.0,1.0,True
RP11-658F2.8,0.0,0.0,1.0,1.0,True
PC,0.0,0.0,1.0,1.0,True
RHOD,0.0,0.0,1.0,1.0,True
RP4-784A16.5,0.0,0.0,1.0,1.0,True
RP11-117D22.2,0.0,0.0,1.0,1.0,True
CTA-373H7.7,0.0,0.0,1.0,1.0,True
TTC28,0.0,0.0,1.0,1.0,True
SMTN,0.0,0.0,1.0,1.0,True
TAL1,0.0,0.0,1.0,1.0,True
MARC2,0.0,0.0,1.0,1.0,True
LTB4R2-1,0.0,0.0,1.0,1.0,True
FAM129B,0.0,0.0,1.0,1.0,True
FOXD2-AS1,0.0,0.0,1.0,1.0,True
CABP7,0.0,0.0,1.0,1.0,True
GAS2L1,0.0,0.0,1.0,1.0,True
CACNB1,0.0,0.0,1.0,1.0,True
TIFAB,0.0,0.0,1.0,1.0,True
KLHL3,0.0,0.0,1.0,1.0,True
RP11-381K20.2,0.0,0.0,1.0,1.0,True
RP3-399L15.3,0.0,0.0,1.0,1.0,True
RP3-486I3.7,0.0,0.0,1.0,1.0,True
PLVAP,0.0,0.0,1.0,1.0,True
RP11-317N8.5,0.0,0.0,1.0,1.0,True
PRR19,0.0,0.0,1.0,1.0,True
RP11-378J18.3,0.0,0.0,1.0,1.0,True
STAC3,0.0,0.0,1.0,1.0,True
RP11-571M6.7,0.0,0.0,1.0,1.0,True
GLS2,0.0,0.0,1.0,1.0,True
RBMS2,0.0,0.0,1.0,1.0,True
EMR3,0.0,0.0,1.0,1.0,True
FAM228A,0.0,0.0,1.0,1.0,True
DNAJC27,0.0,0.0,1.0,1.0,True
AC012074.2,0.0,0.0,1.0,1.0,True
CTB-113P19.5,0.0,0.0,1.0,1.0,True
FAXDC2,0.0,0.0,1.0,1.0,True
SEZ6,0.0,0.0,1.0,1.0,True
GPR63,0.0,0.0,1.0,1.0,True
KLHL32,0.0,0.0,1.0,1.0,True
RP11-98I9.4,0.0,0.0,1.0,1.0,True
KIAA1107,0.0,0.0,1.0,1.0,True
EVI5,0.0,0.0,1.0,1.0,True
C19orf33,0.0,0.0,1.0,1.0,True
AC026806.2,0.0,0.0,1.0,1.0,True
EML6,0.0,0.0,1.0,1.0,True
GEN1,0.0,0.0,1.0,1.0,True
RP11-111J6.2,0.0,0.0,1.0,1.0,True
FAM21C,0.0,0.0,1.0,1.0,True
RP11-292F22.7,0.0,0.0,1.0,1.0,True
PGBD3,0.0,0.0,1.0,1.0,True
AGAP6,0.0,0.0,1.0,1.0,True
KLHL29,0.0,0.0,1.0,1.0,True
RASGRP4,0.0,0.0,1.0,1.0,True
ASAP2,0.0,0.0,1.0,1.0,True
RP11-214N9.1,0.0,0.0,1.0,1.0,True
CTB-47B11.3,0.0,0.0,1.0,1.0,True
RP11-505K9.1,0.0,0.0,1.0,1.0,True
DNAAF1,0.0,0.0,1.0,1.0,True
ANKRD6,0.0,0.0,1.0,1.0,True
ZNF365,0.0,0.0,1.0,1.0,True
UGGT2,0.0,0.0,1.0,1.0,True
C10ORF68,0.0,0.0,1.0,1.0,True
CTD-2162K18.4,0.0,0.0,1.0,1.0,True
RET,0.0,0.0,1.0,1.0,True
RP11-351D16.3,0.0,0.0,1.0,1.0,True
RP11-517P14.2,0.0,0.0,1.0,1.0,True
C10orf25,0.0,0.0,1.0,1.0,True
XXbac-B135H6.15,0.0,0.0,1.0,1.0,True
AIFM3,0.0,0.0,1.0,1.0,True
TSTD3,0.0,0.0,1.0,1.0,True
ZNF571-AS1,0.0,0.0,1.0,1.0,True
AP003774.4,0.0,0.0,1.0,1.0,True
LL22NC03-86G7.1,0.0,0.0,1.0,1.0,True
VPREB1,0.0,0.0,1.0,1.0,True
TP53I3,0.0,0.0,1.0,1.0,True
BATF2,0.0,0.0,1.0,1.0,True
CDCA5,0.0,0.0,1.0,1.0,True
ZFAND4,0.0,0.13092963,1.0,1.0,True
NID1,0.0,0.0,1.0,1.0,True
DNAJC9-AS1,0.0,0.0,1.0,1.0,True
USP54,0.0,0.0,1.0,1.0,True
RP11-290D2.3,0.0,0.0,1.0,1.0,True
ZBTB18,0.0,0.0,1.0,1.0,True
DLL3,0.0,0.0,1.0,1.0,True
RP11-95D17.1,0.0,0.0,1.0,1.0,True
IPMK,0.0,0.0,1.0,1.0,True
MAP10,0.0,0.0,1.0,1.0,True
SLC35F3,0.0,0.0,1.0,1.0,True
SLC25A30,0.0,0.0,1.0,1.0,True
ZNF280B,0.0,0.0,1.0,1.0,True
CTD-2165H16.4,0.0,0.0,1.0,1.0,True
RP11-313P13.5,0.0,0.0,1.0,1.0,True
AC109333.10,0.0,0.0,1.0,1.0,True
FCGBP,0.0,0.0,1.0,1.0,True
ZNF546,0.0,0.0,1.0,1.0,True
C1orf101,0.0,0.0,1.0,1.0,True
RP11-11N7.4,0.0,0.0,1.0,1.0,True
MED4-AS1,0.0,0.0,1.0,1.0,True
RP11-443B7.3,0.0,0.0,1.0,1.0,True
XXbac-BPG252P9.10,0.0,0.0,1.0,1.0,True
PRRT1,0.0,0.0,1.0,1.0,True
NOTCH4,0.0,0.0,1.0,1.0,True
HLA-DQB1-AS1,0.0,0.0,1.0,1.0,True
C5orf54,0.0,0.0,1.0,1.0,True
TRIP13,0.0,0.0,1.0,1.0,True
RP11-480D4.6,0.0,0.0,1.0,1.0,True
C21orf58,0.0,0.0,1.0,1.0,True
SAMD14,0.0,0.0,1.0,1.0,True
SGCA,0.0,0.0,1.0,1.0,True
ABCC3,0.0,0.0,1.0,1.0,True
AEBP1,0.0,0.0,1.0,1.0,True
C16orf93,0.0,0.0,1.0,1.0,True
ZNF629,0.0,0.0,1.0,1.0,True
NUPR1L,0.0,0.0,1.0,1.0,True
SLX1A,0.0,0.0,1.0,1.0,True
AP001469.9,0.0,0.0,1.0,1.0,True
RP11-54O7.11,0.0,0.0,1.0,1.0,True
CTD-2083E4.6,0.0,0.0,1.0,1.0,True
MYO10,0.0,0.0,1.0,1.0,True
CTB-178M22.2,0.0,0.0,1.0,1.0,True
RHOBTB1,0.0,0.0,1.0,1.0,True
CTD-2086O20.3,0.0,0.0,1.0,1.0,True
CTB-102L5.4,0.0,0.0,1.0,1.0,True
FRS2,0.0,0.048847523,1.0,1.0,True
FNBP1L,0.0,0.0,1.0,1.0,True
ARHGAP29,0.0,0.0,1.0,1.0,True
CNN3,0.0,0.0,1.0,1.0,True
RP5-1007M22.2,0.0,0.0,1.0,1.0,True
RP5-884G6.2,0.0,0.0,1.0,1.0,True
AC006547.15,0.0,0.0,1.0,1.0,True
PAWR,0.0,0.0,1.0,1.0,True
LIN7A,0.0,0.0,1.0,1.0,True
LGALS12,0.0,0.0,1.0,1.0,True
RP11-178L8.7,0.0,0.0,1.0,1.0,True
RP4-549L20.3,0.0,0.0,1.0,1.0,True
PBLD,0.0,0.0,1.0,1.0,True
HKDC1,0.0,0.0,1.0,1.0,True
TACR2,0.0,0.0,1.0,1.0,True
NLRP3,0.0,0.0,1.0,1.0,True
AC116614.1,0.0,0.0,1.0,1.0,True
CTD-2540F13.2,0.0,0.0,1.0,1.0,True
DLEU7,0.0,0.0,1.0,1.0,True
NBPF15,0.0,0.0,1.0,1.0,True
RP11-420G6.4,0.0,0.0,1.0,1.0,True
PXDC1,0.0,0.0,1.0,1.0,True
TNFRSF13B,0.0,0.0,1.0,1.0,True
RSPH9,0.0,0.0,1.0,1.0,True
RP1-244F24.1,0.0,0.0,1.0,1.0,True
SCARF2,0.0,0.0,1.0,1.0,True
AKR1E2,0.0,0.0,1.0,1.0,True
MCF2L,0.0,0.0,1.0,1.0,True
PLEKHH2,0.0,0.0,1.0,1.0,True
RP11-559M23.1,0.0,0.0,1.0,1.0,True
SLC3A1,0.0,0.0,1.0,1.0,True
PRKCE,0.0,0.0,1.0,1.0,True
RP11-417F21.1,0.0,0.0,1.0,1.0,True
MAP4K3,0.0,0.0,1.0,1.0,True
SLC8A1,0.0,0.0,1.0,1.0,True
AC083949.1,0.0,0.0,1.0,1.0,True
LRP3,0.0,0.0,1.0,1.0,True
RP11-701P16.2,0.0,0.0,1.0,1.0,True
RP11-701P16.5,0.0,0.0,1.0,1.0,True
AC002116.7,0.0,0.0,1.0,1.0,True
SCRG1,0.0,0.0,1.0,1.0,True
GPM6A,0.0,0.0,1.0,1.0,True
GDPD3,0.0,0.0,1.0,1.0,True
TRIM74,0.0,0.0,1.0,1.0,True
TMEM255B,0.0,0.0,1.0,1.0,True
GAS6,0.0,0.0,1.0,1.0,True
ANKRD16,0.0,0.0,1.0,1.0,True
RP11-536K7.3,0.0,0.0,1.0,1.0,True
CYP1B1,0.0,0.0,1.0,1.0,True
LIG4,0.0,0.0,1.0,1.0,True
FRMD4A,0.0,0.0,1.0,1.0,True
RP11-398C13.6,0.0,0.0,1.0,1.0,True
FAM171A1,0.0,0.0,1.0,1.0,True
ZNF300,0.0,0.0,1.0,1.0,True
RP11-10K16.1,0.0,0.0,1.0,1.0,True
SAPCD2,0.0,0.0,1.0,1.0,True
UAP1L1,0.0,0.0,1.0,1.0,True
LRRC26,0.0,0.0,1.0,1.0,True
TPRN,0.0,0.0,1.0,1.0,True
RNASE4,0.0,0.0,1.0,1.0,True
AC073283.7,0.0,0.0,1.0,1.0,True
AC079807.2,0.0,0.0,1.0,1.0,True
ANG,0.0,0.0,1.0,1.0,True
RNASE1,0.0,0.0,1.0,1.0,True
RNASE3,0.0,0.0,1.0,1.0,True
RP11-84C10.2,0.0,0.0,1.0,1.0,True
RP11-338I21.1,0.0,0.0,1.0,1.0,True
CEBPA-AS1,0.0,0.0,1.0,1.0,True
C9orf169,0.0,0.0,1.0,1.0,True
GMPR,0.0,0.0,1.0,1.0,True
CELF2-AS1,0.0,0.0,1.0,1.0,True
KDELC1,0.0,0.0,1.0,1.0,True
RP11-421M1.8,0.0,0.0,1.0,1.0,True
TMEM170B,0.0,0.0,1.0,1.0,True
GUCA1B,0.0,0.0,1.0,1.0,True
PTCRA,0.0,0.0,1.0,1.0,True
RP3-475N16.1,0.0,0.0,1.0,1.0,True
RP5-1142A6.2,0.0,0.0,1.0,1.0,True
RP5-1142A6.8,0.0,0.0,1.0,1.0,True
AL441883.1,0.0,0.0,1.0,1.0,True
MYO16,0.0,0.0,1.0,1.0,True
RP11-138I18.2,0.0,0.0,1.0,1.0,True
ECHDC3,0.0,0.0,1.0,1.0,True
DHTKD1,0.0,0.0,1.0,1.0,True
PNPLA7,0.0,0.0,1.0,1.0,True
SCN1B,0.0,0.0,1.0,1.0,True
FFAR3,0.0,0.0,1.0,1.0,True
GPR42,0.0,0.0,1.0,1.0,True
FFAR2,0.0,0.0,1.0,1.0,True
TMEM262,0.0,0.0,1.0,1.0,True
AP003068.9,0.0,0.0,1.0,1.0,True
GNAZ,0.0,0.0,1.0,1.0,True
RP5-887A10.1,0.0,0.0,1.0,1.0,True
RP11-475O6.1,0.0,0.0,1.0,1.0,True
C22orf15,0.0,0.0,1.0,1.0,True
MMP11,0.0,0.0,1.0,1.0,True
DDTL,0.0,0.0,1.0,1.0,True
RP11-290L1.3,0.0,0.0,1.0,1.0,True
MSRB3,0.0,0.0,1.0,1.0,True
GPX3,0.0,0.0,1.0,1.0,True
AP000769.1,0.0,0.0,1.0,1.0,True
IFT172,0.0,0.0,1.0,1.0,True
FGF14-AS2,0.0,0.0,1.0,1.0,True
ENKUR,0.0,0.0,1.0,1.0,True
AD000671.6,0.0,0.0,1.0,1.0,True
RP11-324I22.4,0.0,0.0,1.0,1.0,True
RP11-472N13.3,0.0,0.0,1.0,1.0,True
RNF219-AS1,0.0,0.0,1.0,1.0,True
RP11-295G20.2,0.0,0.0,1.0,1.0,True
SIPA1L2,0.0,0.0,1.0,1.0,True
AC104699.1,0.0,0.0,1.0,1.0,True
AC013449.1,0.0,0.0,1.0,1.0,True
OTOF,0.0,0.0,1.0,1.0,True
ABHD1,0.0,0.0,1.0,1.0,True
CDC42EP2,0.0,0.0,1.0,1.0,True
ATAD5,0.0,0.0,1.0,1.0,True
ADAP2,0.0,0.0,1.0,1.0,True
OMG,0.0,0.0,1.0,1.0,True
RP11-264L1.4,0.0,0.0,1.0,1.0,True
CDYL2,0.0,0.0,1.0,1.0,True
ZNF594,0.0,0.0,1.0,1.0,True
RP11-333E1.1,0.0,0.0,1.0,1.0,True
VMO1,0.0,0.0,1.0,1.0,True
RP11-81A22.5,0.0,0.0,1.0,1.0,True
PLD2,0.0,0.0,1.0,1.0,True
C2,0.0,0.0,1.0,1.0,True
RP11-314O13.1,0.0,0.0,1.0,1.0,True
ARHGAP33,0.0,0.0,1.0,1.0,True
CUBN,0.0,0.0,1.0,1.0,True
CTB-114C7.4,0.0,0.0,1.0,1.0,True
SPERT,0.0,0.0,1.0,1.0,True
RP11-178G16.4,0.0,0.0,1.0,1.0,True
ZNF503,0.0,0.0,1.0,1.0,True
KCNMA1,0.0,0.0,1.0,1.0,True
RP4-781K5.2,0.0,0.0,1.0,1.0,True
RP11-443B7.1,0.0,0.0,1.0,1.0,True
RP11-552D4.1,0.0,0.0,1.0,1.0,True
ZCCHC24,0.0,0.0,1.0,1.0,True
TMEM254-AS1,0.0,0.0,1.0,1.0,True
CCDC3,0.0,0.0,1.0,1.0,True
NLRC4,0.0,0.0,1.0,1.0,True
MCM10,0.0,0.0,1.0,1.0,True
WDR62,0.0,0.0,1.0,1.0,True
TLCD1,0.0,0.0,1.0,1.0,True
PTPLA,0.0,0.0,1.0,1.0,True
RP4-789D17.5,0.0,0.0,1.0,1.0,True
ABHD16B,0.0,0.0,1.0,1.0,True
POU5F1B,0.0,0.0,1.0,1.0,True
CCDC26,0.0,0.0,1.0,1.0,True
AC083843.2,0.0,0.0,1.0,1.0,True
C20orf201,0.0,0.0,1.0,1.0,True
SRGAP3,0.0,0.0,1.0,1.0,True
RP11-266J6.2,0.0,0.0,1.0,1.0,True
PTK6,0.0,0.0,1.0,1.0,True
MADCAM1,0.0,0.0,1.0,1.0,True
AZU1,0.0,0.0,1.0,1.0,True
ELANE,0.0,0.0,1.0,1.0,True
GPR20,0.0,0.0,1.0,1.0,True
MARCO,0.0,0.0,1.0,1.0,True
LYPD2,0.0,0.0,1.0,1.0,True
LYNX1,0.0,0.0,1.0,1.0,True
RP11-273G15.2,0.0,0.0,1.0,1.0,True
RP11-805I24.1,0.0,0.0,1.0,1.0,True
RP5-1148A21.3,0.0,0.0,1.0,1.0,True
RP3-525N10.2,0.0,0.0,1.0,1.0,True
XRCC3,0.0,0.0,1.0,1.0,True
KISS1R,0.0,0.0,1.0,1.0,True
C8orf31,0.0,0.0,1.0,1.0,True
ZFP41,0.0,0.0,1.0,1.0,True
RP11-661A12.5,0.0,0.0,1.0,1.0,True
MEG3,0.0,0.0,1.0,1.0,True
RP11-8L8.2,0.0,0.0,1.0,1.0,True
CTD-2017C7.1,0.0,0.0,1.0,1.0,True
ARC,0.0,0.0,1.0,1.0,True
SH3D21,0.0,0.0,1.0,1.0,True
OSCP1,0.0,0.0,1.0,1.0,True
LRRC16A,0.0,0.0,1.0,1.0,True
U91328.19,0.0,0.0,1.0,1.0,True
HIST1H4A,0.0,0.0,1.0,1.0,False
SCARF1,0.0,0.0,1.0,1.0,True
LINC00852,0.0,0.0,1.0,1.0,True
NEURL1,0.0,0.0,1.0,1.0,True
FKRP,0.0,0.0,1.0,1.0,True
SHISA4,0.0,0.0,1.0,1.0,True
PPP1R12B,0.0,0.0,1.0,1.0,True
RP11-416N2.4,0.0,0.0,1.0,1.0,True
COL17A1,0.0,0.0,1.0,1.0,True
RP11-525A16.4,0.0,0.0,1.0,1.0,True
RP4-583P15.10,0.0,0.0,1.0,1.0,True
DSCC1,0.0,0.0,1.0,1.0,True
ZNF84,0.0,0.0,1.0,1.0,True
RP11-553K8.2,0.0,0.0,1.0,1.0,True
LAMC1,0.0,0.0,1.0,1.0,True
CTD-2571L23.8,0.0,0.0,1.0,1.0,True
ZRSR1,0.0,0.0,1.0,1.0,True
CTC-428G20.3,0.0,0.0,1.0,1.0,True
KLHL11,0.0,0.0,1.0,1.0,True
CDH1,0.0,0.0,1.0,1.0,True
CTC-428G20.6,0.0,0.0,1.0,1.0,True
FEM1C,0.0,0.0,1.0,1.0,True
DTWD2,0.0,0.0,1.0,1.0,True
CDC6,0.0,0.0,1.0,1.0,True
TOP2A,0.0,0.0,1.0,1.0,True
RP11-46H11.3,0.0,0.0,1.0,1.0,True
RP11-429J17.2,0.0,0.0,1.0,1.0,True
EPPK1,0.0,0.0,1.0,1.0,True
AC016757.3,0.0,0.0,1.0,1.0,True
KRT23,0.0,0.0,1.0,1.0,True
RP11-517I3.1,0.0,0.0,1.0,1.0,True
RP11-529K1.4,0.0,0.0,1.0,1.0,True
MTSS1L,0.0,0.0,1.0,1.0,True
MYB,0.0,0.0,1.0,1.0,True
AC137934.1,0.0,0.0,1.0,1.0,True
GPR55,0.0,0.0,1.0,1.0,True
PCSK4,0.0,0.0,1.0,1.0,True
OPLAH,0.0,0.0,1.0,1.0,True
BOP1,0.0,0.0,1.0,1.0,True
AC104809.3,0.0,0.0,1.0,1.0,True
C14orf132,0.0,0.0,1.0,1.0,True
RP11-433J8.1,0.0,0.0,1.0,1.0,True
ADAMTSL5,0.0,0.0,1.0,1.0,True
SPEG,0.0,0.0,1.0,1.0,True
LINGO3,0.0,0.0,1.0,1.0,True
C2orf62,0.0,0.0,1.0,1.0,True
RP11-378A13.2,0.0,0.0,1.0,1.0,True
VIL1,0.0,0.0,1.0,1.0,True
RP11-33O4.1,0.0,0.0,1.0,1.0,True
AC005944.2,0.0,0.0,1.0,1.0,True
COL4A3,0.0,0.0,1.0,1.0,True
C19orf77,0.0,0.0,1.0,1.0,True
SLC23A3,0.0,0.0,1.0,1.0,True
RP11-1070N10.3,0.0,0.0,1.0,1.0,True
GS1-393G12.14,0.0,0.0,1.0,1.0,True
SNED1,0.0,0.0,1.0,1.0,True
EFHD1,0.0,0.0,1.0,1.0,True
DGAT2,0.0,0.0,1.0,1.0,True
AP001189.4,0.0,0.0,1.0,1.0,True
AC005306.3,0.0,0.0,1.0,1.0,True
JSRP1,0.0,0.0,1.0,1.0,True
AC009950.2,0.0,0.0,1.0,1.0,True
KRT7,0.0,0.0,1.0,1.0,True
RP11-641A6.2,0.0,0.0,1.0,1.0,True
DMC1,0.0,0.0,1.0,1.0,True
RP3-508I15.21,0.0,0.0,1.0,1.0,True
RP11-69E11.4,0.0,0.0,1.0,1.0,True
RP5-1042K10.10,0.0,0.0,1.0,1.0,True
C17orf51,0.0,0.0,1.0,1.0,True
RP11-661A12.12,0.0,0.0,1.0,1.0,True
RP11-138P22.1,0.0,0.0,1.0,1.0,True
FAM153A,0.0,0.0,1.0,1.0,True
RP11-423H2.3,0.0,0.0,1.0,1.0,True
DIRAS1,0.0,0.0,1.0,1.0,True
LRRC24,0.0,0.0,1.0,1.0,True
SGPP2,0.0,0.0,1.0,1.0,True
COL4A4,0.0,0.0,1.0,1.0,True
COL19A1,0.0,0.0,1.0,1.0,True
N4BP3,0.0,0.0,1.0,1.0,True
ZFP2,0.0,0.0,1.0,1.0,True
PPP5D1,0.0,0.0,1.0,1.0,True
PTGIR,0.0,0.0,1.0,1.0,True
RP11-225H22.7,0.0,0.0,1.0,1.0,True
RP11-661A12.14,0.0,0.0,1.0,1.0,True
RP11-173M1.8,0.0,0.0,1.0,1.0,True
PI16,0.0,0.0,1.0,1.0,True
HIST1H2BF,0.0,0.0,1.0,1.0,False
NUDT12,0.0,0.0,1.0,1.0,True
RP3-466P17.1,0.0,0.0,1.0,1.0,True
SUMO4,0.0,0.0,1.0,1.0,True
NRN1L,0.0,0.0,1.0,1.0,True
SNAI1,0.0,0.0,1.0,1.0,True
CTDSPL,0.0,0.0,1.0,1.0,True
ACVR2B,0.0,0.0,1.0,1.0,True
FAM92A1,0.0,0.0,1.0,1.0,True
TMEM67,0.0,0.0,1.0,1.0,True
DTX4,0.0,0.0,1.0,1.0,True
MS4A14,0.0,0.0,1.0,1.0,True
LRP12,0.0,0.0,1.0,1.0,True
ZNF286A,0.0,0.0,1.0,1.0,True
CBFA2T3,0.0,0.0,1.0,1.0,True
RP11-830F9.6,0.0,0.0,1.0,1.0,True
ZNF778,0.0,0.0,1.0,1.0,True
RP5-914P20.5,0.0,0.0,1.0,1.0,True
ATP9A,0.0,0.0,1.0,1.0,True
TSHZ2,0.0,0.0,1.0,1.0,True
CCR4,0.0,0.0,1.0,1.0,True
RP11-10C24.1,0.0,0.0,1.0,1.0,True
TSPYL5,0.0,0.0,1.0,1.0,True
LAPTM4B,0.0,0.0,1.0,1.0,True
OSR2,0.0,0.0,1.0,1.0,True
RP11-22P6.3,0.0,0.0,1.0,1.0,True
RUNDC3B,0.0,0.0,1.0,1.0,True
PMP22,0.0,0.0,1.0,1.0,True
SPOCD1,0.0,0.0,1.0,1.0,True
CCR9,0.0,0.0,1.0,1.0,True
CCRL2,0.0,0.0,1.0,1.0,True
TMIE,0.0,0.0,1.0,1.0,True
SPRED1,0.0,0.0,1.0,1.0,True
RP11-275I4.1,0.0,0.0,1.0,1.0,True
LINC00984,0.0,0.0,1.0,1.0,True
RP11-382J12.1,0.0,0.0,1.0,1.0,True
OTUD7A,0.0,0.0,1.0,1.0,True
RP11-1000B6.3,0.0,0.0,1.0,1.0,True
AC123768.4,0.0,0.0,1.0,1.0,True
MIR378D2,0.0,0.0,1.0,1.0,True
RP11-391M1.4,0.0,0.0,1.0,1.0,True
ZNF619,0.0,0.0,1.0,1.0,True
SERPINF1,0.0,0.0,1.0,1.0,True
CCDC13,0.0,0.0,1.0,1.0,True
NDN,0.0,0.0,1.0,1.0,True
PKIA,0.0,0.0,1.0,1.0,True
ZC2HC1A,0.0,0.0,1.0,1.0,True
RP11-92K15.3,0.0,0.0,1.0,1.0,True
Y_RNA,0.0,0.0,1.0,1.0,True
RP11-1149M10.2,0.0,0.0,1.0,1.0,True
RP11-219B4.7,0.0,0.0,1.0,1.0,True
RP11-70C1.1,0.0,0.0,1.0,1.0,True
RP11-424N24.2,0.0,0.0,1.0,1.0,True
LINC00694,0.0,0.0,1.0,1.0,True
ZKSCAN7,0.0,0.0,1.0,1.0,True
PMEPA1,0.0,0.0,1.0,1.0,True
SERPINF2,0.0,0.0,1.0,1.0,True
ZNF620,0.0,0.0,1.0,1.0,True
ZFYVE20,0.0,0.0,1.0,1.0,True
ANKRD28,0.0,0.04408305,1.0,1.0,True
SYCP2,0.0,0.0,1.0,1.0,True
TMEM121,0.0,0.0,1.0,1.0,True
AL928742.12,0.0,0.0,1.0,1.0,True
AL928768.3,0.0,0.0,1.0,1.0,True
PKHD1L1,0.0,0.0,1.0,1.0,True
EXT1,0.0,0.0,1.0,1.0,True
CDH26,0.0,0.0,1.0,1.0,True
SAMD12,0.0,0.0,1.0,1.0,True
PTK7,0.0,0.0,1.0,1.0,True
AC015922.6,0.0,0.0,1.0,1.0,True
ADORA2B,0.0,0.0,1.0,1.0,True
OSBPL10,0.0,0.0,1.0,1.0,True
STEAP4,0.0,0.0,1.0,1.0,True
COL9A3,0.0,0.0,1.0,1.0,True
TCFL5,0.0,0.0,1.0,1.0,True
FBLN2,0.0,0.0,1.0,1.0,True
RTEL1-TNFRSF6B,0.0,0.0,1.0,1.0,True
TDRD9,0.0,0.0,1.0,1.0,True
ZBTB42,0.0,0.0,1.0,1.0,True
CEP170B,0.0,0.0,1.0,1.0,True
C14orf79,0.0,0.0,1.0,1.0,True
ZGPAT,0.0,0.0,1.0,1.0,True
RP4-583P15.15,0.0,0.0,1.0,1.0,True
KRT8,0.0,0.0,1.0,1.0,True
RP11-16E12.2,0.0,0.0,1.0,1.0,True
KB-1507C5.4,0.0,0.0,1.0,1.0,True
FZD6,0.0,0.0,1.0,1.0,True
SLCO4A1,0.0,0.0,1.0,1.0,True
FZD1,0.0,0.0,1.0,1.0,True
CTD-2196E14.4,0.0,0.0,1.0,1.0,True
CTD-3203P2.2,0.0,0.0,1.0,1.0,True
CUEDC1,0.0,0.0,1.0,1.0,True
RP11-159D12.5,0.0,0.0,1.0,1.0,True
RP11-223C24.1,0.0,0.0,1.0,1.0,True
SERHL2,0.0,0.0,1.0,1.0,True
ACO2,0.0,0.027231766,1.0,1.0,True
RP11-452H21.4,0.0,0.0,1.0,1.0,True
TNFRSF13C,0.0,0.0,1.0,1.0,True
ZBTB8A,0.0,0.0,1.0,1.0,True
CTNND1,0.0,0.0,1.0,1.0,True
FAM65C,0.0,0.0,1.0,1.0,True
RP11-410L14.2,0.0,0.0,1.0,1.0,True
TEX22,0.0,0.0,1.0,1.0,True
RP5-1043L13.1,0.0,0.0,1.0,1.0,True
RP11-429E11.3,0.0,0.0,1.0,1.0,True
RP11-415F23.2,0.0,0.0,1.0,1.0,True
SGOL1,0.0,0.0,1.0,1.0,True
CASS4,0.0,0.0,1.0,1.0,True
FAM209A,0.0,0.0,1.0,1.0,True
RP11-16E12.1,0.0,0.0,1.0,1.0,True
GNAI1,0.0,0.0,1.0,1.0,True
HGF,0.0,0.0,1.0,1.0,True
IL27,0.0,0.0,1.0,1.0,True
TMEM144,0.0,0.0,1.0,1.0,True
RNF175,0.0,0.0,1.0,1.0,True
ATP2A1,0.0,0.0,1.0,1.0,True
RP11-395G23.3,0.0,0.0,1.0,1.0,True
KB-1460A1.5,0.0,0.0,1.0,1.0,True
DHRS9,0.0,0.0,1.0,1.0,True
KLHL23,0.0,0.0,1.0,1.0,True
FRMD3,0.0,0.0,1.0,1.0,True
PKP4,0.0,0.0,1.0,1.0,True
RP11-575L7.8,0.0,0.0,1.0,1.0,True
C9orf47,0.0,0.0,1.0,1.0,True
S1PR3,0.0,0.0,1.0,1.0,True
AC009506.1,0.0,0.0,1.0,1.0,True
RP11-72M17.1,0.0,0.0,1.0,1.0,True
ZNF484,0.0,0.0,1.0,1.0,True
FANCC,0.0,0.0,1.0,1.0,True
GALNT12,0.0,0.0,1.0,1.0,True
RP11-60I3.5,0.0,0.0,1.0,1.0,True
TCL1B,0.0,0.0,1.0,1.0,True
LARGE,0.0,0.0,1.0,1.0,True
CTTN,0.0,0.0,1.0,1.0,True
GPR84,0.0,0.0,1.0,1.0,True
BTBD19,0.0,0.0,1.0,1.0,True
SLFNL1,0.0,0.0,1.0,1.0,True
RP11-644F5.16,0.0,0.0,1.0,1.0,True
FOLR2,0.0,0.0,1.0,1.0,True
ICAM4,0.0,0.0,1.0,1.0,True
ZGLP1,0.0,0.0,1.0,1.0,True
AC011893.3,0.0,0.0,1.0,1.0,True
KIF18A,0.0,0.0,1.0,1.0,True
HIST2H2BF,0.0,0.0,1.0,1.0,False
RP11-196G18.24,0.0,0.0,1.0,1.0,True
SV2A,0.0,0.0,1.0,1.0,True
DEPDC5,0.0,0.0,1.0,1.0,True
KCNC4,0.0,0.0,1.0,1.0,True
LAMTOR5-AS1,0.0,0.0,1.0,1.0,True
PTGDR2,0.0,0.0,1.0,1.0,True
SLC15A3,0.0,0.0,1.0,1.0,True
VPS37C,0.0,0.0,1.0,1.0,True
RP11-438L19.1,0.0,0.0,1.0,1.0,True
CD302,0.0,0.0,1.0,1.0,True
USP44,0.0,0.0,1.0,1.0,True
AMDHD1,0.0,0.0,1.0,1.0,True
C1orf186,0.0,0.0,1.0,1.0,True
VNN1,0.0,0.0,1.0,1.0,True
CLEC4G,0.0,0.0,1.0,1.0,True
EVI5L,0.0,0.0,1.0,1.0,True
TGFBR3L,0.0,0.0,1.0,1.0,True
COBLL1,0.0,0.0,1.0,1.0,True
RP11-262H14.1,0.0,0.0,1.0,1.0,True
RP11-764K9.1,0.0,0.0,1.0,1.0,True
CBWD6,0.0,0.0,1.0,1.0,True
AC010894.5,0.0,0.0,1.0,1.0,True
ZNF558,0.0,0.0,1.0,1.0,True
PIP5K1B,0.0,0.0,1.0,1.0,True
ALDH1A1,0.0,0.0,1.0,1.0,True
ACVR2A,0.0,0.0,1.0,1.0,True
C19orf38,0.0,0.0,1.0,1.0,True
SLC10A1,0.0,0.0,1.0,1.0,True
RP11-305L7.7,0.0,0.0,1.0,1.0,True
CCDC141,0.0,0.0,1.0,1.0,True
RETN,0.0,0.0,1.0,1.0,True
C19orf59,0.0,0.0,1.0,1.0,True
ANKRD18A,0.0,0.0,1.0,1.0,True
ZNF709,0.0,0.0,1.0,1.0,True
ARHGEF4,0.0,0.0,1.0,1.0,True
C2orf27A,0.0,0.0,1.0,1.0,True
PROC,0.0,0.0,1.0,1.0,True
MYO7B,0.0,0.0,1.0,1.0,True
RP5-935K16.1,0.0,0.0,1.0,1.0,True
ZNF433,0.0,0.0,1.0,1.0,True
ZNF625,0.0,0.0,1.0,1.0,True
ESR2,0.0,0.0,1.0,1.0,True
BRCA2,0.0,0.0,1.0,1.0,True
UBTD1,0.0,0.0,1.0,1.0,True
MARVELD1,0.0,0.0,1.0,1.0,True
KCNQ5,0.0,0.0,1.0,1.0,True
C1orf51,0.0,0.0,1.0,1.0,True
GPSM2,0.0,0.0,1.0,1.0,True
CECR6,0.0,0.0,1.0,1.0,True
KIAA1324,0.0,0.0,1.0,1.0,True
CELSR2,0.0,0.0,1.0,1.0,True
PSRC1,0.0,0.0,1.0,1.0,True
AMIGO1,0.0,0.0,1.0,1.0,True
GPR61,0.0,0.0,1.0,1.0,True
RP11-421L21.2,0.0,0.0,1.0,1.0,True
RP1-234P15.4,0.0,0.0,1.0,1.0,True
HPDL,0.0,0.0,1.0,1.0,True
CCND1,0.0,0.0,1.0,1.0,True
SUOX,0.0,0.0,1.0,1.0,True
PHLPP2,0.0,0.0,1.0,1.0,True
HP,0.0,0.0,1.0,1.0,True
HAL,0.0,0.0,1.0,1.0,True
ZNF667,0.0,0.0,1.0,1.0,True
ZNF667-AS1,0.0,0.0,1.0,1.0,True
RP11-337C18.8,0.0,0.0,1.0,1.0,True
HSPA2,0.0,0.0,1.0,1.0,True
RAB15,0.0,0.0,1.0,1.0,True
NEB,0.0,0.0,1.0,1.0,True
STAM2,0.0,0.0,1.0,1.0,True
FMNL2,0.0,0.0,1.0,1.0,True
ERMN,0.0,0.0,1.0,1.0,True
CCNT2-AS1,0.0,0.0,1.0,1.0,True
CCDC151,0.0,0.0,1.0,1.0,True
RP11-338C15.3,0.0,0.0,1.0,1.0,True
BATF3,0.0,0.0,1.0,1.0,True
YOD1,0.0,0.0,1.0,1.0,True
CCDC24,0.0,0.0,1.0,1.0,True
C4BPB,0.0,0.0,1.0,1.0,True
CR1,0.0,0.0,1.0,1.0,True
HSD11B1,0.0,0.0,1.0,1.0,True
RP11-441O15.3,0.0,0.0,1.0,1.0,True
CCDC180,0.0,0.0,1.0,1.0,True
FAM218A,0.0,0.0,1.0,1.0,True
TRIM60,0.0,0.0,1.0,1.0,True
SH3RF1,0.0,0.0,1.0,1.0,True
SRCRB4D,0.0,0.0,1.0,1.0,True
C1orf233,0.0,0.0,1.0,1.0,True
RP11-345P4.9,0.0,0.0,1.0,1.0,True
BDNF-AS,0.0,0.0,1.0,1.0,True
MAST2,0.0,0.0,1.0,1.0,True
PDZK1IP1,0.0,0.0,1.0,1.0,True
PFKFB2,0.0,0.0,1.0,1.0,True
SLC24A4,0.0,0.0,1.0,1.0,True
CNTLN,0.0,0.0,1.0,1.0,True
RP11-513M16.7,0.0,0.0,1.0,1.0,True
RP11-343H5.6,0.0,0.0,1.0,1.0,True
IL10,0.0,0.0,1.0,1.0,True
RP11-656E20.5,0.0,0.0,1.0,1.0,True
MPO,0.0,0.0,1.0,1.0,True
GUCY1A3,0.0,0.0,1.0,1.0,True
GUCY1B3,0.0,0.0,1.0,1.0,True
PDGFC,0.0,0.0,1.0,1.0,True
FAM198B,0.0,0.0,1.0,1.0,True
RP11-597D13.9,0.0,0.0,1.0,1.0,True
RP5-899E9.1,0.0,0.0,1.0,1.0,True
RP4-773N10.4,0.0,0.0,1.0,1.0,True
GIPR,0.0,0.0,1.0,1.0,True
FAM72A,0.0,0.0,1.0,1.0,True
EML5,0.0,0.0,1.0,1.0,True
FOXN3-AS1,0.0,0.0,1.0,1.0,True
TMEM169,0.0,0.0,1.0,1.0,True
AC024592.12,0.0,0.0,1.0,1.0,True
P2RY6,0.0,0.0,1.0,1.0,True
RP11-809N8.4,0.0,0.0,1.0,1.0,True
RP11-342M1.3,0.0,0.0,1.0,1.0,True
WDR65,0.0,0.0,1.0,1.0,True
RP1-92O14.3,0.0,0.0,1.0,1.0,True
FOXRED2,0.0,0.0,1.0,1.0,True
PVALB,0.0,0.0,1.0,1.0,True
TST,0.0,0.0,1.0,1.0,True
ELOVL3,0.0,0.0,1.0,1.0,True
RP11-164H13.1,0.0,0.0,1.0,1.0,True
ZNF252P-AS1,0.0,0.0,1.0,1.0,True
KANK1,0.0,0.0,1.0,1.0,True
RP11-509J21.2,0.0,0.0,1.0,1.0,True
GLB1L,0.0,0.0,1.0,1.0,True
ZNF225,0.0,0.0,1.0,1.0,True
CTB-129P6.4,0.0,0.0,1.0,1.0,True
FLT3,0.0,0.0,1.0,1.0,True
SEMA4G,0.0,0.0,1.0,1.0,True
CKM,0.0,0.0,1.0,1.0,True
KAZALD1,0.0,0.0,1.0,1.0,True
MOCS1,0.0,0.0,1.0,1.0,True
RNF222,0.0,0.0,1.0,1.0,True
MYCL,0.0,0.0,1.0,1.0,True
RP11-260M2.1,0.0,0.0,1.0,1.0,True
CDC42EP1,0.0,0.0,1.0,1.0,True
KCNE3,0.0,0.0,1.0,1.0,True
MICALL1,0.0,0.0,1.0,1.0,True
MAP7,0.0,0.0,1.0,1.0,True
TNS1,0.0,0.0,1.0,1.0,True
EBI3,0.0,0.0,1.0,1.0,True
AC007879.7,0.0,0.0,1.0,1.0,True
MPND,0.0,0.0,1.0,1.0,True
PLIN5,0.0,0.0,1.0,1.0,True
LRG1,0.0,0.0,1.0,1.0,True
CDKN2B,0.0,0.0,1.0,1.0,True
MOB3B,0.0,0.0,1.0,1.0,True
GNA11,0.0,0.0,1.0,1.0,True
PLEKHM3,0.0,0.0,1.0,1.0,True
MFSD2A,0.0,0.0,1.0,1.0,True
RP11-950C14.3,0.0,0.0,1.0,1.0,True
PLCL1,0.0,0.0,1.0,1.0,True
TUBB4A,0.0,0.0,1.0,1.0,True
C3,0.0,0.0,1.0,1.0,True
BTBD9,0.0,0.08627559,1.0,1.0,True
DBNDD1,0.0,0.0,1.0,1.0,True
GAS8,0.0,0.0,1.0,1.0,True
ZNF804A,0.0,0.0,1.0,1.0,True
AC008174.3,0.0,0.0,1.0,1.0,True
AC097500.2,0.0,0.0,1.0,1.0,True
INSR,0.0,0.0,1.0,1.0,True
RP11-293M10.5,0.0,0.0,1.0,1.0,True
JDP2,0.0,0.0,1.0,1.0,True
RP11-297B17.3,0.0,0.0,1.0,1.0,True
ZNF547,0.0,0.0,1.0,1.0,True
FBXO10,0.0,0.0,1.0,1.0,True
PEX11G,0.0,0.0,1.0,1.0,True
SLC22A4,0.0,0.0,1.0,1.0,True
AC116366.6,0.0,0.0,1.0,1.0,True
SEPT8,0.0,0.0,1.0,1.0,True
CCL27,0.0,0.0,1.0,1.0,True
RP11-195F19.9,0.0,0.0,1.0,1.0,True
SHROOM1,0.0,0.0,1.0,1.0,True
AC004158.2,0.0,0.0,1.0,1.0,True
CTAGE9,0.0,0.0,1.0,1.0,True
LINC01013,0.0,0.0,1.0,1.0,True
ENTPD7,0.0,0.0,1.0,1.0,True
ATP8A2,0.0,0.0,1.0,1.0,True
GCNT2,0.0,0.0,1.0,1.0,True
ZBTB5,0.0,0.0,1.0,1.0,True
CCDC73,0.0,0.0,1.0,1.0,True
PRRG4,0.0,0.0,1.0,1.0,True
SLC35E2,0.0,0.0,1.0,1.0,True
RP1-140A9.1,0.0,0.0,1.0,1.0,True
AIRE,0.0,0.0,1.0,1.0,True
CLECL1,0.0,0.0,1.0,1.0,True
RP11-356C4.3,0.0,0.0,1.0,1.0,True
ANKRD18B,0.0,0.0,1.0,1.0,True
RAPH1,0.0,0.0,1.0,1.0,True
NRP2,0.0,0.0,1.0,1.0,True
ZDBF2,0.0,0.0,1.0,1.0,True
ADAM23,0.0,0.0,1.0,1.0,True
TRIP10,0.0,0.0,1.0,1.0,True
HSD11B1L,0.0,0.0,1.0,1.0,True
PGF,0.0,0.0,1.0,1.0,True
ENHO,0.0,0.0,1.0,1.0,True
SEMA6B,0.0,0.0,1.0,1.0,True
AC005523.2,0.0,0.0,1.0,1.0,True
CTC-518P12.6,0.0,0.0,1.0,1.0,True
CCNYL1,0.0,0.0,1.0,1.0,True
AC096772.6,0.0,0.0,1.0,1.0,True
FLVCR2,0.0,0.0,1.0,1.0,True
TGFB3,0.0,0.0,1.0,1.0,True
VASH1,0.0,0.0,1.0,1.0,True
PCP2,0.0,0.0,1.0,1.0,True
OSGEPL1-AS1,0.0,0.0,1.0,1.0,True
C2orf88,0.0,0.0,1.0,1.0,True
MYO1B,0.0,0.0,1.0,1.0,True
NPR2,0.0,0.0,1.0,1.0,True
SPATA7,0.0,0.0,1.0,1.0,True
PTPN22,-0.00038372062,-0.07277636,0.999693835244701,1.0,True
CLEC16A,-0.00076744123,0.12554958,0.9993876705344824,1.0,True
PNPLA4,-0.00076744123,0.10466088,0.9993876705344824,1.0,True
KDM6A,-0.00076744123,0.101408936,0.9993876705344824,1.0,True
CHP1,-0.00076744123,0.074845076,0.9993876705344824,1.0,True
JRKL,-0.00076744123,0.120977566,0.9993876705344824,1.0,True
AZI2,-0.00076744123,0.037491307,0.9993876705344824,1.0,True
XXcos-LUCA11.4,-0.00076744123,0.32917073,0.9993876705344824,1.0,True
JMY,-0.00076744123,0.07491744,0.9993876705344824,1.0,True
C16orf70,-0.00076744123,0.033241544,0.9993876705344824,1.0,True
NXT2,-0.00076744123,0.17590088,0.9993876705344824,1.0,True
ABCB7,-0.00076744123,0.15597323,0.9993876705344824,1.0,True
COL6A2,-0.00076744123,0.06809357,0.9993876705344824,1.0,True
SYNJ2BP,-0.00076744123,0.10684218,0.9993876705344824,1.0,True
OSGEPL1,-0.00076744123,0.23926292,0.9993876705344824,1.0,True
TTC7A,-0.00076744123,0.071742214,0.9993876705344824,1.0,True
PCK2,-0.00076744123,0.2843841,0.9993876705344824,1.0,True
ZC3H3,-0.00076744123,0.13081318,0.9993876705344824,1.0,True
SPRYD3,-0.0015348825,0.04052648,0.9987753414296058,1.0,True
WDR12,-0.0015348825,0.1176468,0.9987753414296058,1.0,True
ARHGEF7,-0.0015348825,0.11385391,0.9987753414296058,1.0,True
SOS1,-0.0015348825,0.03896503,0.9987753414296058,1.0,True
FBXO33,-0.0015348825,0.023126809,0.9987753414296058,1.0,True
STK24,-0.0015348825,0.045843206,0.9987753414296058,1.0,True
SEC31B,-0.0015348825,0.13077275,0.9987753414296058,1.0,True
HHEX,-0.0015348825,0.13596424,0.9987753414296058,1.0,True
BRD8,-0.0015348825,0.09973982,0.9987753414296058,1.0,True
TOP2B,-0.0015348825,0.09427939,0.9987753414296058,1.0,True
ACAD10,-0.0015348825,0.049168345,0.9987753414296058,1.0,True
COMMD8,-0.0015348825,0.09714737,0.9987753414296058,1.0,True
METTL4,-0.0015348825,0.21598528,0.9987753414296058,1.0,True
RNF26,-0.0015348825,-0.005355515,0.9987753414296058,1.0,True
HMCES,-0.0015348825,-0.007410303,0.9987753414296058,1.0,True
RGL2,-0.0015348825,0.05541614,0.9987753414296058,1.0,True
AMIGO2,-0.0015348825,0.08440891,0.9987753414296058,1.0,True
ACVR1,-0.0015348825,0.029850025,0.9987753414296058,1.0,True
AC027763.2,-0.0015348825,0.06481629,0.9987753414296058,1.0,True
MFN2,-0.0023023237,0.0053448244,0.9981630130460108,1.0,True
OAS3,-0.0023023237,0.033679303,0.9981630130460108,1.0,True
KIAA0226,-0.0023023237,0.0492995,0.9981630130460108,1.0,True
CLCN6,-0.0023023237,-0.02789111,0.9981630130460108,1.0,True
METTL2A,-0.0023023237,-0.00035934433,0.9981630130460108,1.0,True
FAM213B,-0.0023023237,0.054684117,0.9981630130460108,1.0,True
CPVL,-0.0023023237,-0.123211764,0.9981630130460108,1.0,True
TNFAIP1,-0.0023023237,0.050554898,0.9981630130460108,1.0,True
REEP3,-0.0023023237,0.0015871451,0.9981630130460108,1.0,True
CEP57L1,-0.0023023237,-0.030574962,0.9981630130460108,1.0,True
NMT2,-0.0023023237,0.028087424,0.9981630130460108,1.0,True
CBX6,-0.0023023237,0.12587748,0.9981630130460108,1.0,True
SZT2,-0.0023023237,0.042271063,0.9981630130460108,1.0,True
EDEM1,-0.0023023237,0.04280065,0.9981630130460108,1.0,True
CA13,-0.0023023237,-0.024503205,0.9981630130460108,1.0,True
FMR1,-0.0023023237,-0.12582392,0.9981630130460108,1.0,True
CHIC1,-0.0023023237,0.004672666,0.9981630130460108,1.0,True
MPEG1,-0.0023023237,0.11530097,0.9981630130460108,1.0,True
LXN,-0.0023023237,0.041998427,0.9981630130460108,1.0,True
PWP2,-0.0023023237,0.057168916,0.9981630130460108,1.0,True
ZNF664,-0.0023023237,0.032062244,0.9981630130460108,1.0,True
SLC36A4,-0.0023023237,0.07429031,0.9981630130460108,1.0,True
NUDT22,-0.003069765,0.022784224,0.9975506857443368,1.0,True
CTPS1,-0.003069765,-0.01680305,0.9975506857443368,1.0,True
CARS2,-0.003069765,-0.044395234,0.9975506857443368,1.0,True
N6AMT2,-0.003069765,0.08695587,0.9975506857443368,1.0,True
HIST1H2BC,-0.003069765,0.029024972,0.9975506857443368,1.0,False
PRKAR1B,-0.003069765,-0.037127145,0.9975506857443368,1.0,True
ZCCHC8,-0.003069765,0.04415144,0.9975506857443368,1.0,True
FUT10,-0.003069765,0.08667906,0.9975506857443368,1.0,True
PARD6A,-0.003069765,-0.070331536,0.9975506857443368,1.0,True
ZNF787,-0.003069765,-0.0038017898,0.9975506857443368,1.0,True
COG5,-0.003069765,0.19074254,0.9975506857443368,1.0,True
ZFX,-0.003069765,-0.0415351,0.9975506857443368,1.0,True
ZNF585B,-0.003069765,-0.0505218,0.9975506857443368,1.0,True
FAM35A,-0.003069765,0.0740645,0.9975506857443368,1.0,True
RNF219,-0.003069765,-0.05219121,0.9975506857443368,1.0,True
HIATL1,-0.003069765,-0.066737935,0.9975506857443368,1.0,True
CTNNA1,-0.003069765,-0.04363653,0.9975506857443368,1.0,True
ALG14,-0.0034534857,-0.014279924,0.9972445226119196,1.0,True
TRIM28,-0.0038372062,-0.03610474,0.9969383598852212,1.0,True
ENTPD1-AS1,-0.0038372062,-0.08949252,0.9969383598852212,1.0,True
DGCR6,-0.0038372062,-0.114932835,0.9969383598852212,1.0,True
PDK1,-0.0038372062,-0.027029885,0.9969383598852212,1.0,True
DPH2,-0.0038372062,0.12379527,0.9969383598852212,1.0,True
GLTPD1,-0.0038372062,-0.050424088,0.9969383598852212,1.0,True
GSPT2,-0.0038372062,-0.03634051,0.9969383598852212,1.0,True
ADAM17,-0.0038372062,-0.16137849,0.9969383598852212,1.0,True
HDAC4,-0.0038372062,-0.044040814,0.9969383598852212,1.0,True
TBC1D31,-0.0038372062,-0.11251877,0.9969383598852212,1.0,True
AHDC1,-0.0038372062,-0.022739243,0.9969383598852212,1.0,True
MGAT4B,-0.0038372062,-0.10807766,0.9969383598852212,1.0,True
FTX,-0.0038372062,-0.027311536,0.9969383598852212,1.0,True
DIS3,-0.0038372062,-0.08497522,0.9969383598852212,1.0,True
ACACA,-0.0038372062,0.005126956,0.9969383598852212,1.0,True
ATR,-0.0038372062,-0.02780397,0.9969383598852212,1.0,True
PAPD5,-0.0038372062,0.014385698,0.9969383598852212,1.0,True
TSC22D2,-0.0038372062,-0.08316959,0.9969383598852212,1.0,True
PLK2,-0.0038372062,-0.036148664,0.9969383598852212,1.0,True
ACLY,-0.0046046474,0.025831811,0.9963260358292986,1.0,True
CENPM,-0.0046046474,-0.13640435,0.9963260358292986,1.0,True
SMAD4,-0.0046046474,-0.14551283,0.9963260358292986,1.0,True
TNFRSF4,-0.0046046474,0.057268918,0.9963260358292986,1.0,True
SLC35A5,-0.0046046474,-0.033765156,0.9963260358292986,1.0,True
DDX20,-0.0046046474,-0.16537835,0.9963260358292986,1.0,True
TTLL5,-0.0046046474,-0.16010615,0.9963260358292986,1.0,True
RPL26L1,-0.0046046474,-0.006343719,0.9963260358292986,1.0,False
HECTD4,-0.005372089,-0.14613049,0.9957137139372004,1.0,True
KIAA0232,-0.005372089,-0.10139991,0.9957137139372004,1.0,True
CAMK1D,-0.005372089,-0.08271048,0.9957137139372004,1.0,True
NUP93,-0.005372089,0.0077047055,0.9957137139372004,1.0,True
XRCC6BP1,-0.005372089,-0.133374,0.9957137139372004,1.0,True
NR4A1,-0.005372089,-0.04356814,0.9957137139372004,1.0,True
NSMAF,-0.005372089,-0.11486568,0.9957137139372004,1.0,True
GFOD2,-0.005372089,-0.18109167,0.9957137139372004,1.0,True
GTF2H5,-0.005372089,0.050144076,0.9957137139372004,1.0,True
POC5,-0.005372089,-0.117985435,0.9957137139372004,1.0,True
THUMPD2,-0.005372089,-0.12552556,0.9957137139372004,1.0,True
HEATR5B,-0.005372089,-0.22319047,0.9957137139372004,1.0,True
FCHO1,-0.005372089,-0.047915425,0.9957137139372004,1.0,True
SLC30A1,-0.005372089,-0.14717937,0.9957137139372004,1.0,True
FRA10AC1,-0.005372089,0.067747876,0.9957137139372004,1.0,True
PPP1R16B,-0.00613953,-0.23563229,0.9951013945695548,1.0,True
TMEM256-PLSCR3,-0.00613953,-0.3427294,0.9951013945695548,1.0,True
RNF4,-0.00613953,0.04201692,0.9951013945695548,1.0,True
RABEP1,-0.00613953,-0.020577606,0.9951013945695548,1.0,True
SWSAP1,-0.00613953,-0.17261656,0.9951013945695548,1.0,True
NFKBID,-0.00613953,-0.3084236,0.9951013945695548,1.0,True
PAPOLG,-0.00613953,-0.19018504,0.9951013945695548,1.0,True
PDSS2,-0.00613953,-0.140114,0.9951013945695548,1.0,True
TNKS2,-0.00613953,-0.047755864,0.9951013945695548,1.0,True
SFT2D3,-0.00613953,-0.2543932,0.9951013945695548,1.0,True
ERAP2,-0.00613953,0.038795058,0.9951013945695548,1.0,True
SNTB1,-0.00613953,-0.4190391,0.9951013945695548,1.0,True
DNAJB2,-0.00613953,0.019148676,0.9951013945695548,1.0,True
ANAPC16,-0.0065232506,-0.041767832,0.9947952359450968,1.0,True
DNAJC30,-0.0069069713,-0.04285305,0.9944890780869852,1.0,True
RP11-455F5.5,-0.0069069713,-0.20760056,0.9944890780869852,1.0,True
STRADA,-0.0069069713,-0.14315963,0.9944890780869852,1.0,True
COX10,-0.0069069713,-0.27320448,0.9944890780869852,1.0,True
GPR65,-0.007290692,0.031170063,0.9941829210402968,1.0,True
CBWD2,-0.0076744123,-0.08092156,0.9938767648501092,1.0,True
MDM4,-0.0076744123,0.013376121,0.9938767648501092,1.0,True
WRAP53,-0.0076744123,-0.11067111,0.9938767648501092,1.0,True
ECSIT,-0.008058134,0.15892996,0.993570609561498,1.0,True
AIMP2,-0.008441853,-0.08314864,0.9932644552195397,1.0,True
RNF138,-0.008441853,0.0474281,0.9932644552195397,1.0,True
EHMT2,-0.008441853,-0.022953033,0.9932644552195397,1.0,True
WDR41,-0.008441853,-0.07270447,0.9932644552195397,1.0,True
HSPA1A,-0.008441853,-0.050028045,0.9932644552195397,1.0,True
SHFM1,-0.009209295,-0.01593847,0.9926521495558828,1.0,True
ERCC5,-0.009209295,-0.12900794,0.9926521495558828,1.0,True
DUSP12,-0.009209295,0.03441649,0.9926521495558828,1.0,True
EXOC3,-0.009976736,-0.049649097,0.9920398482197376,1.0,True
RBPJ,-0.010360457,0.25579786,0.9917336992871668,1.0,True
PCIF1,-0.010744178,-0.090834364,0.9914275515716952,1.0,True
ZNF721,-0.011511619,-0.13231814,0.9908152599723392,1.0,True
HSPA13,-0.01227906,-0.10167487,0.990202973782244,1.0,True
PIN1,-0.01227906,-0.042335447,0.990202973782244,1.0,True
GNPAT,-0.0126627805,0.058207612,0.9898968328283458,1.0,True
FEZ2,-0.013046501,-0.035000462,0.9895906933619738,1.0,True
XIAP,-0.013046501,-0.065654926,0.9895906933619738,1.0,True
ATXN7,-0.013046501,-0.12443148,0.9895906933619738,1.0,True
USP14,-0.013046501,-0.035355013,0.9895906933619738,1.0,True
GPI,-0.013046501,0.03351699,0.9895906933619738,1.0,True
BET1L,-0.013046501,-0.1920269,0.9895906933619738,1.0,True
ATRX,-0.013430222,-0.055649627,0.9892845554281968,1.0,True
PCGF5,-0.013430222,-0.0072157294,0.9892845554281968,1.0,True
AUH,-0.013813943,0.06526003,0.9889784190720834,1.0,True
CAPN12,-0.014197663,0.07578418,0.988672284338701,1.0,True
YKT6,-0.014581384,0.108658,0.9883661512731164,1.0,True
SLC4A7,-0.014581384,-0.13005224,0.9883661512731164,1.0,True
FGFR1OP2,-0.015348825,-0.016443647,0.987753890325605,1.0,True
ERGIC2,-0.015732545,-0.070910364,0.9874477625338082,1.0,True
DNPEP,-0.015732545,0.0031521975,0.9874477625338082,1.0,True
LYPLA1,-0.016116267,-0.07427083,0.9871416365900694,1.0,True
ST3GAL1,-0.016499987,0.0046926136,0.9868355125394516,1.0,True
NDEL1,-0.016499987,0.006639559,0.9868355125394516,1.0,True
SQRDL,-0.016883707,-0.006885132,0.9865293904270168,1.0,True
TNIK,-0.016883707,-0.0441502,0.9865293904270168,1.0,True
GORASP2,-0.01803487,0.07090012,0.98561103616942,1.0,True
RER1,-0.01841859,0.010378782,0.9853049222603224,1.0,True
SP3,-0.01841859,-0.07062321,0.9853049222603224,1.0,True
HADHA,-0.019186031,-0.03225547,0.984692700977626,1.0,True
MICA,-0.019569753,0.024090752,0.98438659369414,1.0,True
SPIDR,-0.020337192,0.06059402,0.983774386068166,1.0,True
FBXO4,-0.020720914,0.06441677,0.9834682858157844,1.0,True
HIGD2A,-0.020720914,-0.008132444,0.9834682858157844,1.0,True
RABGGTB,-0.020720914,0.08169525,0.9834682858157844,1.0,True
CTBS,-0.021104634,0.055932567,0.9831621879972092,1.0,True
RAB35,-0.021488355,0.03985188,0.9828560926574909,1.0,True
MUS81,-0.021872075,-0.03654664,0.9825499998416788,1.0,True
CLPX,-0.022255797,0.007637823,0.9822439095948216,1.0,True
RP1-3J17.3,-0.023406958,0.033877015,0.9813256547184448,1.0,True
OSER1-AS1,-0.023406958,-0.04974759,0.9813256547184448,1.0,True
ZNF227,-0.023790678,0.13630146,0.9810195751978672,1.0,True
NOC3L,-0.023790678,-0.07458435,0.9810195751978672,1.0,True
HDAC6,-0.023790678,0.08562969,0.9810195751978672,1.0,True
DNAJB9,-0.023790678,-0.025405686,0.9810195751978672,1.0,True
DIP2B,-0.023790678,-0.09445458,0.9810195751978672,1.0,True
POGK,-0.023790678,0.027416997,0.9810195751978672,1.0,True
CPEB3,-0.023790678,0.0437833,0.9810195751978672,1.0,True
FAM195B,-0.023790678,-0.053064067,0.9810195751978672,1.0,True
CLCN7,-0.023790678,-0.009066389,0.9810195751978672,1.0,True
RAB11FIP2,-0.023790678,-0.03161612,0.9810195751978672,1.0,True
ENGASE,-0.023790678,-0.084454395,0.9810195751978672,1.0,True
GORAB,-0.023790678,-0.08448411,0.9810195751978672,1.0,True
ZNF275,-0.023790678,0.21442436,0.9810195751978672,1.0,True
ABHD6,-0.023790678,-0.0032409206,0.9810195751978672,1.0,True
ZNF345,-0.023790678,0.16243048,0.9810195751978672,1.0,True
SGPL1,-0.023790678,0.101163715,0.9810195751978672,1.0,True
STT3A,-0.023790678,0.19231912,0.9810195751978672,1.0,True
H3F3C,-0.023790678,-0.072436586,0.9810195751978672,1.0,True
AGPAT3,-0.023790678,-0.03901678,0.9810195751978672,1.0,True
C2orf47,-0.023790678,0.08602914,0.9810195751978672,1.0,True
RAB3D,-0.023790678,-0.083009675,0.9810195751978672,1.0,True
ENG,-0.023790678,0.10718961,0.9810195751978672,1.0,True
ENTPD3-AS1,-0.023790678,-0.011777,0.9810195751978672,1.0,True
SGK223,-0.023790678,0.10932658,0.9810195751978672,1.0,True
CCDC34,-0.023790678,-0.106620744,0.9810195751978672,1.0,True
CENPQ,-0.023790678,0.24521466,0.9810195751978672,1.0,True
PSMD2,-0.0241744,0.059568778,0.980713498471469,1.0,True
EDF1,-0.0241744,-0.06811924,0.980713498471469,1.0,True
CGGBP1,-0.0241744,0.018766783,0.980713498471469,1.0,True
GAMT,-0.0241744,0.0060390574,0.980713498471469,1.0,True
MARCH8,-0.0241744,0.04522296,0.980713498471469,1.0,True
KATNB1,-0.0241744,0.14766306,0.980713498471469,1.0,True
CREBZF,-0.0241744,-0.012812297,0.980713498471469,1.0,True
TIPARP-AS1,-0.02455812,0.0017024251,0.9804074245842912,1.0,True
ZNF445,-0.02455812,-0.05203574,0.9804074245842912,1.0,True
ATP2B4,-0.02455812,0.025543813,0.9804074245842912,1.0,True
LDB1,-0.02455812,0.23939401,0.9804074245842912,1.0,True
TUBGCP3,-0.02455812,-0.01644903,0.9804074245842912,1.0,True
C3orf58,-0.02455812,-0.05302272,0.9804074245842912,1.0,True
IQCB1,-0.02455812,-0.11778673,0.9804074245842912,1.0,True
NRG2,-0.02455812,-0.071886845,0.9804074245842912,1.0,True
CCDC132,-0.02455812,-0.0017181658,0.9804074245842912,1.0,True
MAP3K12,-0.02455812,0.17873853,0.9804074245842912,1.0,True
FBLIM1,-0.02455812,0.03764708,0.9804074245842912,1.0,True
C2CD2L,-0.02455812,-0.13744329,0.9804074245842912,1.0,True
RP11-367G6.3,-0.02455812,-0.041449375,0.9804074245842912,1.0,True
CTNS,-0.02455812,-0.11785494,0.9804074245842912,1.0,True
XXbac-BPG252P9.9,-0.02455812,0.1043912,0.9804074245842912,1.0,True
NCOA2,-0.02455812,0.14402743,0.9804074245842912,1.0,True
KIF3B,-0.02455812,-0.11247679,0.9804074245842912,1.0,True
EBLN2,-0.02455812,-0.02922184,0.9804074245842912,1.0,True
MED13L,-0.02455812,-0.07330323,0.9804074245842912,1.0,True
CLK2,-0.02455812,-0.030438386,0.9804074245842912,1.0,True
LIPE,-0.02455812,-0.13526908,0.9804074245842912,1.0,True
TPCN1,-0.02455812,-0.08998441,0.9804074245842912,1.0,True
RP11-544A12.8,-0.02455812,-0.033674892,0.9804074245842912,1.0,True
RCOR1,-0.02455812,-0.106303714,0.9804074245842912,1.0,True
ZNF672,-0.024941841,0.012785772,0.980101353581374,1.0,True
VKORC1L1,-0.024941841,-0.0825252,0.980101353581374,1.0,True
BBIP1,-0.024941841,-0.0017372812,0.980101353581374,1.0,True
CUL2,-0.024941841,-0.01382309,0.980101353581374,1.0,True
MIR4458HG,-0.025325561,-0.060165063,0.9797952855077562,1.0,True
DHFR,-0.025325561,-0.2545987,0.9797952855077562,1.0,True
DHX8,-0.025325561,0.039712735,0.9797952855077562,1.0,True
BAG4,-0.025325561,-0.15850677,0.9797952855077562,1.0,True
TCF12,-0.025325561,-0.13337637,0.9797952855077562,1.0,True
QTRTD1,-0.025325561,-0.15801582,0.9797952855077562,1.0,True
CBY1,-0.025325561,-0.12787007,0.9797952855077562,1.0,True
PAQR3,-0.025325561,0.09043936,0.9797952855077562,1.0,True
RP11-386G11.10,-0.025325561,-0.13040926,0.9797952855077562,1.0,True
RP11-18H21.1,-0.025325561,-0.15361819,0.9797952855077562,1.0,True
NINJ2,-0.025325561,-0.092040144,0.9797952855077562,1.0,True
RP11-291B21.2,-0.025325561,-0.0048532262,0.9797952855077562,1.0,True
SRP14-AS1,-0.025325561,-0.15162972,0.9797952855077562,1.0,True
PCED1A,-0.025325561,-0.14600764,0.9797952855077562,1.0,True
SNX25,-0.025325561,-0.104938485,0.9797952855077562,1.0,True
ZNF124,-0.025325561,-0.08317639,0.9797952855077562,1.0,True
EFHC2,-0.025325561,-0.023529379,0.9797952855077562,1.0,True
MYO6,-0.025325561,-0.2243744,0.9797952855077562,1.0,True
FGD2,-0.025325561,-0.0865596,0.9797952855077562,1.0,True
ZNF740,-0.025325561,-0.14811043,0.9797952855077562,1.0,True
GTPBP1,-0.025325561,-0.041232824,0.9797952855077562,1.0,True
LIPT2,-0.025325561,-0.07510289,0.9797952855077562,1.0,True
FAM214A,-0.025325561,-0.11387151,0.9797952855077562,1.0,True
PFN2,-0.025325561,-0.1704692,0.9797952855077562,1.0,True
CEP85L,-0.025325561,-0.13701348,0.9797952855077562,1.0,True
HOMEZ,-0.025325561,-0.09528836,0.9797952855077562,1.0,True
ICA1L,-0.025325561,-0.03209552,0.9797952855077562,1.0,True
RP11-58E21.3,-0.025325561,-0.18137687,0.9797952855077562,1.0,True
ANO10,-0.025325561,-0.01903354,0.9797952855077562,1.0,True
RARA,-0.025325561,-0.23566608,0.9797952855077562,1.0,True
CFH,-0.025325561,-0.17754456,0.9797952855077562,1.0,True
KIAA0195,-0.025325561,-0.13285092,0.9797952855077562,1.0,True
BCAT2,-0.025325561,-0.063138045,0.9797952855077562,1.0,True
SLC29A3,-0.025325561,-0.12086295,0.9797952855077562,1.0,True
COQ3,-0.025325561,-0.27737132,0.9797952855077562,1.0,True
RUFY2,-0.025325561,-0.03265641,0.9797952855077562,1.0,True
ZCCHC18,-0.025325561,-0.12859555,0.9797952855077562,1.0,True
NUDT7,-0.025325561,-0.068807945,0.9797952855077562,1.0,True
POLD3,-0.025325561,-0.14546183,0.9797952855077562,1.0,True
MAML1,-0.025325561,-0.11405277,0.9797952855077562,1.0,True
USP47,-0.025325561,-0.029829657,0.9797952855077562,1.0,True
FAM189B,-0.025325561,0.17916141,0.9797952855077562,1.0,True
SH2B3,-0.025325561,-0.1786214,0.9797952855077562,1.0,True
TMEM191C,-0.025325561,-0.15362933,0.9797952855077562,1.0,True
SRF,-0.025325561,-0.06616324,0.9797952855077562,1.0,True
NBPF9,-0.025325561,-0.0006035675,0.9797952855077562,1.0,True
EFTUD1,-0.025325561,-0.10682528,0.9797952855077562,1.0,True
RNASEH2B,-0.025325561,-0.019638974,0.9797952855077562,1.0,True
GPR137,-0.025325561,-0.2882361,0.9797952855077562,1.0,True
BMPR2,-0.025325561,-0.60361,0.9797952855077562,1.0,True
ALKBH2,-0.025709283,0.014066774,0.9794892204084752,1.0,True
PPHLN1,-0.025709283,-0.0075182267,0.9794892204084752,1.0,True
ABR,-0.025709283,0.02261056,0.9794892204084752,1.0,True
ZBED4,-0.026093002,-0.10754844,0.9791831583285668,1.0,True
TM2D2,-0.026093002,0.031620763,0.9791831583285668,1.0,True
ZWILCH,-0.026093002,-0.1859264,0.9791831583285668,1.0,True
WDR25,-0.026093002,-0.22652194,0.9791831583285668,1.0,True
PITPNM1,-0.026093002,-0.26729557,0.9791831583285668,1.0,True
METTL22,-0.026093002,-0.18300857,0.9791831583285668,1.0,True
EVA1B,-0.026093002,-0.10597588,0.9791831583285668,1.0,True
C4orf29,-0.026093002,-0.17558405,0.9791831583285668,1.0,True
ITGB3BP,-0.026093002,-0.17877138,0.9791831583285668,1.0,True
PAXBP1,-0.026093002,-0.10630627,0.9791831583285668,1.0,True
C2orf42,-0.026093002,-0.27397308,0.9791831583285668,1.0,True
G6PC3,-0.026093002,-0.46596196,0.9791831583285668,1.0,True
MAGED1,-0.026093002,-0.16354765,0.9791831583285668,1.0,True
AREG,-0.026093002,-0.19272155,0.9791831583285668,1.0,True
AC016831.7,-0.026093002,-0.16733484,0.9791831583285668,1.0,True
ZNF577,-0.026093002,-0.2096189,0.9791831583285668,1.0,True
NAA16,-0.026093002,-0.0040676584,0.9791831583285668,1.0,True
DUSP7,-0.026093002,-0.0498479,0.9791831583285668,1.0,True
PCBP4,-0.026093002,-0.3353373,0.9791831583285668,1.0,True
ZNF217,-0.026093002,-0.39914805,0.9791831583285668,1.0,True
ALG1L,-0.026093002,-0.21004865,0.9791831583285668,1.0,True
CTAGE5,-0.026093002,-0.24360888,0.9791831583285668,1.0,True
DCAF17,-0.026093002,-0.20958889,0.9791831583285668,1.0,True
JAKMIP2,-0.026093002,-0.12464267,0.9791831583285668,1.0,True
TSTD2,-0.026093002,-0.16662456,0.9791831583285668,1.0,True
ZMIZ2,-0.026093002,-0.14444914,0.9791831583285668,1.0,True
BAHD1,-0.026093002,-0.2921982,0.9791831583285668,1.0,True
ALG12,-0.026476724,-0.043663923,0.9788770993130662,1.0,True
ALG1,-0.026476724,-0.005821834,0.9788770993130662,1.0,True
MUTYH,-0.026476724,-0.084916376,0.9788770993130662,1.0,True
ZFP62,-0.026476724,-0.024062106,0.9788770993130662,1.0,True
PIBF1,-0.026476724,0.060227405,0.9788770993130662,1.0,True
EEFSEC,-0.026476724,-0.0009998579,0.9788770993130662,1.0,True
ZNF107,-0.026860444,-0.28632292,0.9785710434070068,1.0,True
PADI4,-0.026860444,-0.22167541,0.9785710434070068,1.0,True
SYNGAP1,-0.026860444,-0.4073609,0.9785710434070068,1.0,True
CRNKL1,-0.026860444,0.021088984,0.9785710434070068,1.0,True
RP11-819C21.1,-0.026860444,-0.23154184,0.9785710434070068,1.0,True
AP000692.10,-0.026860444,-0.3380804,0.9785710434070068,1.0,True
TMEM135,-0.026860444,-0.23347493,0.9785710434070068,1.0,True
BCL6,-0.026860444,-0.30218253,0.9785710434070068,1.0,True
FAM188A,-0.026860444,-0.17869158,0.9785710434070068,1.0,True
FLJ20306,-0.026860444,-0.325368,0.9785710434070068,1.0,True
FBXO30,-0.026860444,-0.102805465,0.9785710434070068,1.0,True
PDS5B,-0.026860444,-0.2743307,0.9785710434070068,1.0,True
PMS2,-0.026860444,-0.24737455,0.9785710434070068,1.0,True
ZSCAN32,-0.026860444,-0.3032461,0.9785710434070068,1.0,True
NDUFAF2,-0.026860444,-0.12826595,0.9785710434070068,1.0,True
SLC17A5,-0.026860444,-0.18986577,0.9785710434070068,1.0,True
C10orf91,-0.026860444,-0.4357397,0.9785710434070068,1.0,True
CCR1,-0.026860444,-0.16942708,0.9785710434070068,1.0,True
UBXN2B,-0.026860444,-0.23844233,0.9785710434070068,1.0,True
DMXL2,-0.026860444,-0.29448155,0.9785710434070068,1.0,True
EXTL2,-0.026860444,-0.40634078,0.9785710434070068,1.0,True
TAF6L,-0.026860444,-0.23331459,0.9785710434070068,1.0,True
ZNF865,-0.026860444,-0.1846625,0.9785710434070068,1.0,True
PHF7,-0.026860444,-0.2856766,0.9785710434070068,1.0,True
IGLL5,-0.026860444,-0.22699963,0.9785710434070068,1.0,True
SPATA33,-0.026860444,-0.36794293,0.9785710434070068,1.0,True
ABCA5,-0.026860444,-0.46268615,0.9785710434070068,1.0,True
AGO2,-0.026860444,-0.20414035,0.9785710434070068,1.0,True
ZBTB49,-0.026860444,-0.20456989,0.9785710434070068,1.0,True
GS1-124K5.4,-0.026860444,-0.1653286,0.9785710434070068,1.0,True
AC078883.3,-0.026860444,-0.16184649,0.9785710434070068,1.0,True
MSH6,-0.026860444,-0.36294708,0.9785710434070068,1.0,True
STOML1,-0.026860444,-0.41362634,0.9785710434070068,1.0,True
CEP250,-0.027244164,-0.06721835,0.9782649906554208,1.0,True
MOCS2,-0.027244164,0.4556093,0.9782649906554208,1.0,True
USP37,-0.027627885,-0.48116106,0.9779589411033386,1.0,True
TADA2A,-0.027627885,-0.39593956,0.9779589411033386,1.0,True
CTD-2341M24.1,-0.027627885,-0.20767458,0.9779589411033386,1.0,True
ARHGAP35,-0.027627885,-0.37775794,0.9779589411033386,1.0,True
SCAF8,-0.027627885,-0.22542813,0.9779589411033386,1.0,True
MT1X,-0.027627885,-0.035166897,0.9779589411033386,1.0,True
PRIM1,-0.027627885,-0.34246305,0.9779589411033386,1.0,True
THOC6,-0.027627885,0.02825686,0.9779589411033386,1.0,True
NOL9,-0.027627885,-0.47730017,0.9779589411033386,1.0,True
HLA-F,-0.027627885,-0.040543843,0.9779589411033386,1.0,True
KIAA0922,-0.027627885,-0.35673362,0.9779589411033386,1.0,True
ZFYVE1,-0.027627885,-0.27394897,0.9779589411033386,1.0,True
TBC1D4,-0.027627885,-0.38108665,0.9779589411033386,1.0,True
NDUFAF7,-0.028011605,-0.0025252195,0.9776528947957897,1.0,True
TEX30,-0.028011605,-0.06291751,0.9776528947957897,1.0,True
FIG4,-0.028395327,-0.4055809,0.9773468517778016,1.0,True
GSK3A,-0.028395327,-0.7829699,0.9773468517778016,1.0,True
ZNF180,-0.028395327,-0.33758867,0.9773468517778016,1.0,True
RASSF3,-0.028395327,-0.03137086,0.9773468517778016,1.0,True
MIEF2,-0.028395327,-0.30132434,0.9773468517778016,1.0,True
ENDOG,-0.028395327,-0.87000626,0.9773468517778016,1.0,True
C9orf40,-0.028395327,-0.5875567,0.9773468517778016,1.0,True
PIGP,-0.028395327,-0.03211847,0.9773468517778016,1.0,True
NCDN,-0.028395327,-0.36985347,0.9773468517778016,1.0,True
FXYD7,-0.028779047,-0.07555293,0.9770408120944012,1.0,True
PRRC2A,-0.028779047,-0.036849566,0.9770408120944012,1.0,True
PCGF6,-0.028779047,-0.026317181,0.9770408120944012,1.0,True
RABIF,-0.028779047,0.12733823,0.9770408120944012,1.0,True
TRAP1,-0.029546488,-0.09883651,0.976428742911461,1.0,True
EIF5A2,-0.029546488,-0.114261,0.976428742911461,1.0,True
ZZZ3,-0.029546488,-0.11978431,0.976428742911461,1.0,True
HELQ,-0.029546488,-0.1026657,0.976428742911461,1.0,True
ZBED1,-0.029546488,-0.12561265,0.976428742911461,1.0,True
AKAP8L,-0.029930208,-0.00033522624,0.9761227135019664,1.0,True
PSMD12,-0.029930208,-0.03097771,0.9761227135019664,1.0,True
KANSL2,-0.029930208,-0.047295846,0.9761227135019664,1.0,True
EIF5A,-0.029930208,-0.028203433,0.9761227135019664,1.0,True
HOOK3,-0.029930208,-0.00176271,0.9761227135019664,1.0,True
CLNS1A,-0.03031393,-0.063204676,0.97581668760715,1.0,True
DNAJA2,-0.03031393,-0.03063988,0.97581668760715,1.0,True
ZNF3,-0.03031393,-0.23685436,0.97581668760715,1.0,True
CDKL3,-0.03031393,-0.068980604,0.97581668760715,1.0,True
RNMT,-0.03031393,-0.14736077,0.97581668760715,1.0,True
ANKRD46,-0.03031393,-0.09047456,0.97581668760715,1.0,True
CLCN3,-0.03069765,-0.03689785,0.9755106652720305,1.0,True
RARS,-0.03069765,-0.0028353012,0.9755106652720305,1.0,True
BLOC1S6,-0.031081371,0.00634269,0.9752046465416252,1.0,True
GTSF1,-0.031081371,-0.21388584,0.9752046465416252,1.0,True
CS,-0.031081371,-0.09472908,0.9752046465416252,1.0,True
ATF7IP,-0.031081371,-0.13146178,0.9752046465416252,1.0,True
ZNF429,-0.031081371,-0.105789885,0.9752046465416252,1.0,True
CNPY4,-0.03184881,-0.18875639,0.974592620075018,1.0,True
CYB5D2,-0.03184881,-0.04072258,0.974592620075018,1.0,True
TSR1,-0.03184881,-0.1687442,0.974592620075018,1.0,True
APPBP2,-0.03184881,-0.1379477,0.974592620075018,1.0,True
IFNGR2,-0.03184881,-0.1411666,0.974592620075018,1.0,True
RFT1,-0.032616254,-0.22407745,0.9739806085674348,1.0,True
PDCD2,-0.032999974,5.292905e-05,0.9736746085358028,1.0,True
H2AFX,-0.033383694,-0.1738742,0.9733686123789546,1.0,True
RANGAP1,-0.033383694,-0.23126394,0.9733686123789546,1.0,True
ARHGAP4,-0.033383694,0.034968507,0.9733686123789546,1.0,True
SLC6A6,-0.034151137,-0.1462872,0.97275663186963,1.0,True
WDR77,-0.034151137,-0.05759095,0.97275663186963,1.0,True
PI4K2B,-0.034151137,-0.17808284,0.97275663186963,1.0,True
SLC39A7,-0.034534857,-0.051953916,0.9724506476071598,1.0,True
PHIP,-0.034534857,0.011189477,0.9724506476071598,1.0,True
GSK3B,-0.034918576,0.027280487,0.9721446673994856,1.0,True
RPA2,-0.034918576,-0.036288764,0.9721446673994856,1.0,True
TMEM242,-0.035302296,-0.057258543,0.971838691291606,1.0,True
OXA1L,-0.035302296,0.027955148,0.971838691291606,1.0,True
FUBP3,-0.035302296,-0.1544016,0.971838691291606,1.0,True
GNB1,-0.035302296,-0.0149201695,0.971838691291606,1.0,True
SNRPC,-0.03568602,-0.03550443,0.9715327193285178,1.0,True
PHF19,-0.03568602,-0.1920611,0.9715327193285178,1.0,True
DCK,-0.03606974,-0.030005068,0.9712267515552162,1.0,True
JADE1,-0.03606974,0.17425603,0.9712267515552162,1.0,True
ERICH1,-0.03645346,-0.027870363,0.970920788016694,1.0,True
NDUFB5,-0.03645346,0.020722147,0.970920788016694,1.0,True
VGLL4,-0.03683718,-0.016683938,0.970614828757943,1.0,True
IRF3,-0.03683718,-0.01136158,0.970614828757943,1.0,True
ELAVL1,-0.03683718,-0.040736876,0.970614828757943,1.0,True
ZNF836,-0.0372209,0.0007924041,0.9703088738239524,1.0,True
NNT,-0.037604623,-0.30074653,0.9700029232597094,1.0,True
RBM6,-0.037604623,-0.037528053,0.9700029232597094,1.0,True
STX11,-0.037604623,-0.116817914,0.9700029232597094,1.0,True
SMARCC1,-0.038372062,-0.11692635,0.9693910354204074,1.0,True
PIK3CD,-0.039139505,0.061405323,0.9687791655998982,1.0,True
GARS,-0.039139505,-0.21126133,0.9687791655998982,1.0,True
RCOR3,-0.039139505,0.01811842,0.9687791655998982,1.0,True
HCLS1,-0.039523225,-0.042291764,0.9684732375591388,1.0,True
RHEB,-0.04105811,-0.028154913,0.9672495722421424,1.0,True
CORO1B,-0.041441828,-0.014340227,0.966943667849256,1.0,True
NFKBIZ,-0.042209268,-0.057419203,0.966331873701882,1.0,True
DNAJC19,-0.042209268,-0.049375083,0.966331873701882,1.0,True
NDUFA5,-0.04336043,-0.01709856,0.9654142197512312,1.0,True
PREB,-0.04374415,-0.01409594,0.9651083452196184,1.0,True
TATDN3,-0.044511594,-0.061857756,0.9644966116040145,1.0,True
TTC19,-0.044511594,-0.013591557,0.9644966116040145,1.0,True
SWI5,-0.044511594,-0.05919841,0.9644966116040145,1.0,True
PARVG,-0.044511594,-0.00074060075,0.9644966116040145,1.0,True
TMEM161B-AS1,-0.044511594,-0.02712957,0.9644966116040145,1.0,True
NMRK1,-0.044895314,-0.1346407,0.9641907526099202,1.0,True
ING3,-0.044895314,-0.13473625,0.9641907526099202,1.0,True
KRR1,-0.044895314,0.04296667,0.9641907526099202,1.0,True
GTPBP3,-0.045279033,0.043227736,0.9638848988848924,1.0,True
FAM13B,-0.045279033,-0.081745826,0.9638848988848924,1.0,True
RNFT1,-0.045279033,-0.045413155,0.9638848988848924,1.0,True
MORF4L2,-0.045662753,-0.077807896,0.9635790504738736,1.0,True
PIK3R5,-0.046046477,-0.005706038,0.9632732074218042,1.0,True
LEO1,-0.046046477,0.0048970543,0.9632732074218042,1.0,True
LINC00094,-0.046046477,0.043524783,0.9632732074218042,1.0,True
BTD,-0.046813916,-0.05636509,0.9626615375742644,1.0,True
NGRN,-0.046813916,0.057526495,0.9626615375742644,1.0,True
CRY1,-0.046813916,0.017308159,0.9626615375742644,1.0,True
EMC2,-0.046813916,0.21053848,0.9626615375742644,1.0,True
UBE2R2,-0.046813916,-0.10997085,0.9626615375742644,1.0,True
LPIN2,-0.046813916,-0.03677809,0.9626615375742644,1.0,True
SENP5,-0.046813916,-0.06066493,0.9626615375742644,1.0,True
VEZT,-0.047581356,-0.072274916,0.9620498897017488,1.0,True
UBLCP1,-0.047581356,-0.07495524,0.9620498897017488,1.0,True
RP13-1032I1.7,-0.047581356,-0.10459874,0.9620498897017488,1.0,True
GPATCH2L,-0.047581356,-0.12236359,0.9620498897017488,1.0,True
USP38,-0.047581356,-0.08252198,0.9620498897017488,1.0,True
RBM41,-0.047581356,0.048099414,0.9620498897017488,1.0,True
SCYL2,-0.047581356,-0.16227317,0.9620498897017488,1.0,True
SLC5A6,-0.047581356,-0.055281,0.9620498897017488,1.0,True
RP11-222K16.2,-0.047581356,-0.05096379,0.9620498897017488,1.0,True
EIF3F,-0.04796508,-0.07700091,0.9617440741184506,1.0,True
GEMIN4,-0.0483488,-0.5052913,0.9614382641636946,1.0,True
ZBTB33,-0.0483488,-0.21750449,0.9614382641636946,1.0,True
CTC1,-0.0483488,-0.5160258,0.9614382641636946,1.0,True
EAF2,-0.0483488,-0.05291797,0.9614382641636946,1.0,True
PIK3R4,-0.0483488,-0.47218385,0.9614382641636946,1.0,True
NLRX1,-0.0483488,-0.48700655,0.9614382641636946,1.0,True
KCTD9,-0.0483488,-0.3881626,0.9614382641636946,1.0,True
IGSF6,-0.0483488,-0.37053427,0.9614382641636946,1.0,True
DFFB,-0.0483488,-0.4640935,0.9614382641636946,1.0,True
C1RL-AS1,-0.0483488,-0.3735879,0.9614382641636946,1.0,True
RP3-467K16.4,-0.0483488,-0.26238173,0.9614382641636946,1.0,True
GABBR1,-0.0483488,-0.45191693,0.9614382641636946,1.0,True
TNK1,-0.0483488,-0.5318389,0.9614382641636946,1.0,True
ENTPD5,-0.0483488,-0.5047758,0.9614382641636946,1.0,True
IKBKAP,-0.0483488,-0.45918268,0.9614382641636946,1.0,True
NOL6,-0.0483488,-0.5179774,0.9614382641636946,1.0,True
STK36,-0.0483488,-0.5465957,0.9614382641636946,1.0,True
RANBP6,-0.0483488,-0.29541826,0.9614382641636946,1.0,True
RFX3,-0.0483488,-0.5064593,0.9614382641636946,1.0,True
ALG9,-0.0483488,-0.56972104,0.9614382641636946,1.0,True
PPP1R3B,-0.0483488,-0.5145496,0.9614382641636946,1.0,True
NPIPB5,-0.0483488,-0.52151275,0.9614382641636946,1.0,True
CYP51A1,-0.0483488,-0.47358176,0.9614382641636946,1.0,True
AP1AR,-0.0483488,-0.3959318,0.9614382641636946,1.0,True
CHPF,-0.0483488,-0.2709039,0.9614382641636946,1.0,True
METAP1D,-0.0483488,0.14749514,0.9614382641636946,1.0,True
RP11-297N6.4,-0.0483488,-0.4766632,0.9614382641636946,1.0,True
PHC2,-0.0483488,-0.45982146,0.9614382641636946,1.0,True
GOLM1,-0.0483488,-0.098708004,0.9614382641636946,1.0,True
PHOSPHO2,-0.0483488,-0.481459,0.9614382641636946,1.0,True
ARMCX6,-0.0483488,-0.40518707,0.9614382641636946,1.0,True
PTCD2,-0.0483488,-0.4866316,0.9614382641636946,1.0,True
HMG20A,-0.0483488,-0.50403684,0.9614382641636946,1.0,True
PEAK1,-0.0483488,-0.33450726,0.9614382641636946,1.0,True
FAAH2,-0.0483488,-0.3906631,0.9614382641636946,1.0,True
DHODH,-0.0483488,-0.52396834,0.9614382641636946,1.0,True
KIAA0930,-0.0483488,-0.4783984,0.9614382641636946,1.0,True
ZNF93,-0.0483488,-0.5149748,0.9614382641636946,1.0,True
DNAJC18,-0.0483488,-0.52928513,0.9614382641636946,1.0,True
NACC2,-0.0483488,-0.3079775,0.9614382641636946,1.0,True
POGLUT1,-0.0483488,-0.065954864,0.9614382641636946,1.0,True
SPIRE2,-0.0483488,-0.32989424,0.9614382641636946,1.0,True
LETM2,-0.0483488,0.35658816,0.9614382641636946,1.0,True
ZNF621,-0.0483488,-0.30022258,0.9614382641636946,1.0,True
FAM86A,-0.0483488,-0.084973775,0.9614382641636946,1.0,True
RP5-1024G6.7,-0.0483488,-0.3739181,0.9614382641636946,1.0,True
FBXO48,-0.0483488,-0.5062702,0.9614382641636946,1.0,True
IGHMBP2,-0.0483488,-0.31526354,0.9614382641636946,1.0,True
DENND1A,-0.0483488,-0.4705255,0.9614382641636946,1.0,True
AC159540.1,-0.0483488,-0.53639936,0.9614382641636946,1.0,True
SLC31A1,-0.0483488,-0.52049905,0.9614382641636946,1.0,True
TBC1D8,-0.0483488,-0.42411923,0.9614382641636946,1.0,True
GNL3L,-0.0483488,-0.55423117,0.9614382641636946,1.0,True
MCF2L2,-0.0483488,-0.35744423,0.9614382641636946,1.0,True
DLEC1,-0.0483488,-0.50741386,0.9614382641636946,1.0,True
TRAK1,-0.0483488,-0.34064764,0.9614382641636946,1.0,True
VANGL1,-0.0483488,-0.33307844,0.9614382641636946,1.0,True
RP11-385D13.3,-0.0483488,-0.13142776,0.9614382641636946,1.0,True
KB-1208A12.3,-0.0483488,-0.39706737,0.9614382641636946,1.0,True
SMYD5,-0.0483488,-0.38264552,0.9614382641636946,1.0,True
TULP4,-0.0483488,-0.57256067,0.9614382641636946,1.0,True
LINC00893,-0.0483488,-0.4135046,0.9614382641636946,1.0,True
RFX7,-0.0483488,-0.3558025,0.9614382641636946,1.0,True
CES4A,-0.0483488,-0.31269747,0.9614382641636946,1.0,True
RAP2A,-0.0483488,-0.24000214,0.9614382641636946,1.0,True
RAB20,-0.0483488,-0.29928133,0.9614382641636946,1.0,True
GPATCH11,-0.0483488,-0.5395858,0.9614382641636946,1.0,True
KCNK12,-0.0483488,-0.29879767,0.9614382641636946,1.0,True
MAP1S,-0.0483488,-0.034539476,0.9614382641636946,1.0,True
NFE2L3,-0.0483488,-0.55793613,0.9614382641636946,1.0,True
RP11-849F2.8,-0.0483488,-0.42150465,0.9614382641636946,1.0,True
IPP,-0.0483488,-0.43623066,0.9614382641636946,1.0,True
AC079305.10,-0.0483488,-0.19129106,0.9614382641636946,1.0,True
CAPN10-AS1,-0.0483488,-0.2885703,0.9614382641636946,1.0,True
VSTM1,-0.0483488,-0.3184909,0.9614382641636946,1.0,True
GYS1,-0.0483488,-0.3594401,0.9614382641636946,1.0,True
LRFN1,-0.0483488,-0.51005805,0.9614382641636946,1.0,True
CTC-338M12.4,-0.0483488,-0.32539544,0.9614382641636946,1.0,True
RP11-158K1.3,-0.0483488,-0.334839,0.9614382641636946,1.0,True
ZSCAN5A,-0.0483488,-0.0045000277,0.9614382641636946,1.0,True
COX18,-0.0483488,-0.043666605,0.9614382641636946,1.0,True
SCARB2,-0.0483488,-0.11477472,0.9614382641636946,1.0,True
RP5-1065J22.8,-0.0483488,-0.24561834,0.9614382641636946,1.0,True
RP11-109G23.3,-0.0483488,-0.26365545,0.9614382641636946,1.0,True
MAFG,-0.0483488,-0.54727656,0.9614382641636946,1.0,True
ZNF674,-0.0483488,-0.5670665,0.9614382641636946,1.0,True
B3GALNT2,-0.0483488,-0.33875242,0.9614382641636946,1.0,True
CD180,-0.0483488,-0.45028925,0.9614382641636946,1.0,True
RP11-152N13.5,-0.0483488,-0.45509222,0.9614382641636946,1.0,True
ZBTB41,-0.0483488,-0.5743063,0.9614382641636946,1.0,True
DMPK,-0.0483488,-0.5004608,0.9614382641636946,1.0,True
TBL1X,-0.0483488,-0.42825675,0.9614382641636946,1.0,True
BAG3,-0.0483488,-0.41693243,0.9614382641636946,1.0,True
ATP10D,-0.0483488,-0.3177333,0.9614382641636946,1.0,True
UBE2O,-0.0483488,-0.45739558,0.9614382641636946,1.0,True
BMF,-0.0483488,-0.26446438,0.9614382641636946,1.0,True
ZNF746,-0.0483488,-0.32814863,0.9614382641636946,1.0,True
MT3,-0.0483488,-0.4123076,0.9614382641636946,1.0,True
NHLRC4,-0.0483488,-0.16282307,0.9614382641636946,1.0,True
AC010761.8,-0.0483488,-0.24256845,0.9614382641636946,1.0,True
ZNF678,-0.0483488,-0.39027715,0.9614382641636946,1.0,True
SLC25A15,-0.0483488,-0.31992158,0.9614382641636946,1.0,True
KATNAL1,-0.0483488,-0.37748495,0.9614382641636946,1.0,True
CAMK1,-0.0483488,-0.46846947,0.9614382641636946,1.0,True
RP11-23P13.6,-0.0483488,-0.5098652,0.9614382641636946,1.0,True
AKAP11,-0.0483488,-0.06291833,0.9614382641636946,1.0,True
MAP3K10,-0.0483488,-0.22945721,0.9614382641636946,1.0,True
C1orf198,-0.0483488,-0.237168,0.9614382641636946,1.0,True
SUFU,-0.0483488,-0.107634306,0.9614382641636946,1.0,True
DOK3,-0.0483488,-0.3492032,0.9614382641636946,1.0,True
CNNM2,-0.0483488,-0.5971101,0.9614382641636946,1.0,True
DPCD,-0.0483488,-0.5183599,0.9614382641636946,1.0,True
NOLC1,-0.0483488,-0.052211024,0.9614382641636946,1.0,True
SAP30,-0.0483488,-0.20047988,0.9614382641636946,1.0,True
LRP2BP,-0.0483488,-0.56762433,0.9614382641636946,1.0,True
GS1-124K5.3,-0.0483488,-0.28506973,0.9614382641636946,1.0,True
MAPK1IP1L,-0.04873252,0.09663956,0.961132459882404,1.0,True
LINC00115,-0.04911624,-0.54716533,0.9608266613195,1.0,True
ATAT1,-0.04911624,-0.86972463,0.9608266613195,1.0,True
ZNF346,-0.04911624,-0.6353402,0.9608266613195,1.0,True
RNF123,-0.04911624,-0.6347271,0.9608266613195,1.0,True
C10orf12,-0.04911624,-0.61748457,0.9608266613195,1.0,True
RP11-15A1.7,-0.04911624,-0.6200856,0.9608266613195,1.0,True
FBXL17,-0.04911624,-0.777156,0.9608266613195,1.0,True
ZSWIM3,-0.04911624,-0.36088887,0.9608266613195,1.0,True
CYP3A5,-0.04911624,-0.7932941,0.9608266613195,1.0,True
AC073115.7,-0.04911624,-0.59774053,0.9608266613195,1.0,True
AP001055.6,-0.04911624,-0.7262155,0.9608266613195,1.0,True
TRIM23,-0.04911624,-0.58218986,0.9608266613195,1.0,True
FAM115C,-0.04911624,-0.5370948,0.9608266613195,1.0,True
RP11-166P13.4,-0.04911624,-0.57578224,0.9608266613195,1.0,True
RP11-362F19.1,-0.04911624,-0.61912143,0.9608266613195,1.0,True
RP11-166P13.3,-0.04911624,-0.61798114,0.9608266613195,1.0,True
ZNF765,-0.04911624,-0.5992071,0.9608266613195,1.0,True
TCEANC,-0.04911624,-0.5155553,0.9608266613195,1.0,True
LINC00925,-0.04911624,-0.27637717,0.9608266613195,1.0,True
RP11-533E19.7,-0.04911624,-0.6468105,0.9608266613195,1.0,True
MYPOP,-0.04911624,-0.5866253,0.9608266613195,1.0,True
ZC3H4,-0.04911624,-0.41348413,0.9608266613195,1.0,True
SLC35C1,-0.04911624,-0.6034679,0.9608266613195,1.0,True
HSPA6,-0.04911624,-0.33631164,0.9608266613195,1.0,True
SPAG4,-0.04911624,-0.70452344,0.9608266613195,1.0,True
EDARADD,-0.04911624,-0.6272641,0.9608266613195,1.0,True
TLE2,-0.04911624,-0.7005687,0.9608266613195,1.0,True
CXCR5,-0.04911624,-0.423878,0.9608266613195,1.0,True
HIST1H2AM,-0.04911624,-0.5801516,0.9608266613195,1.0,False
ZBTB9,-0.04911624,-0.5749736,0.9608266613195,1.0,True
BICD1,-0.04911624,-0.50942284,0.9608266613195,1.0,True
N6AMT1,-0.04911624,-0.6523478,0.9608266613195,1.0,True
ALG10,-0.04911624,-0.69006467,0.9608266613195,1.0,True
EFCAB7,-0.04911624,-0.7608199,0.9608266613195,1.0,True
ZC3H10,-0.04911624,-0.49160677,0.9608266613195,1.0,True
ZNF687,-0.04911624,-0.5417246,0.9608266613195,1.0,True
MOCS3,-0.04911624,-0.65024406,0.9608266613195,1.0,True
PCNXL3,-0.04911624,-0.5869279,0.9608266613195,1.0,True
ACCS,-0.04911624,-0.43716025,0.9608266613195,1.0,True
KIF3C,-0.04911624,-0.44138592,0.9608266613195,1.0,True
TTLL4,-0.04911624,-0.67053443,0.9608266613195,1.0,True
PTCHD3P1,-0.04911624,-0.7010357,0.9608266613195,1.0,True
GGACT,-0.04911624,-0.53569984,0.9608266613195,1.0,True
RNF144A,-0.04911624,-0.7410221,0.9608266613195,1.0,True
UTP20,-0.04911624,-0.77667177,0.9608266613195,1.0,True
NUAK1,-0.04911624,-0.6505098,0.9608266613195,1.0,True
ACP2,-0.04911624,-0.56960505,0.9608266613195,1.0,True
LRRC37B,-0.04911624,-0.44339967,0.9608266613195,1.0,True
ATP6V1C2,-0.04911624,-0.71075094,0.9608266613195,1.0,True
ZNF793,-0.04911624,-0.5626992,0.9608266613195,1.0,True
GMEB2,-0.04911624,-0.5970048,0.9608266613195,1.0,True
RP11-127B20.3,-0.04911624,-0.6175707,0.9608266613195,1.0,True
SARS2,-0.04911624,-0.6087563,0.9608266613195,1.0,True
IRF4,-0.04911624,-0.4576266,0.9608266613195,1.0,True
ZNF28,-0.04911624,-0.6088553,0.9608266613195,1.0,True
TSPAN13,-0.04911624,-0.54927146,0.9608266613195,1.0,True
ERCC8,-0.04911624,-0.64119893,0.9608266613195,1.0,True
RUFY3,-0.04911624,-0.4978982,0.9608266613195,1.0,True
ZNF780B,-0.04911624,-0.5511641,0.9608266613195,1.0,True
FRMD4B,-0.04911624,-0.56053627,0.9608266613195,1.0,True
PDGFB,-0.04911624,-0.71006083,0.9608266613195,1.0,True
ZFR2,-0.04911624,-0.4591374,0.9608266613195,1.0,True
DHFRL1,-0.04911624,-0.7417789,0.9608266613195,1.0,True
RP11-582J16.4,-0.04911624,-0.7141288,0.9608266613195,1.0,True
LINC00910,-0.04911624,-0.648924,0.9608266613195,1.0,True
RPP25,-0.04911624,-0.4967313,0.9608266613195,1.0,True
CAMK2N1,-0.04911624,-0.6000663,0.9608266613195,1.0,True
SEC24D,-0.04911624,-0.64319754,0.9608266613195,1.0,True
NCKAP5L,-0.04911624,-0.6039629,0.9608266613195,1.0,True
CD19,-0.04911624,-0.60704744,0.9608266613195,1.0,True
SPATA5,-0.04911624,-0.72775215,0.9608266613195,1.0,True
TTLL12,-0.04911624,-0.6188992,0.9608266613195,1.0,True
ANO6,-0.04911624,-0.57405657,0.9608266613195,1.0,True
XRCC4,-0.04911624,-0.71941125,0.9608266613195,1.0,True
ZNF337-AS1,-0.04911624,-0.6918672,0.9608266613195,1.0,True
ARL15,-0.04911624,-0.81427085,0.9608266613195,1.0,True
RP3-402G11.26,-0.04911624,-0.62100965,0.9608266613195,1.0,True
ZNF75D,-0.04911624,-0.66291493,0.9608266613195,1.0,True
RP3-322G13.5,-0.04911624,-0.6159375,0.9608266613195,1.0,True
SEC24A,-0.04911624,-0.57960016,0.9608266613195,1.0,True
INTS2,-0.04911624,-0.5449474,0.9608266613195,1.0,True
RNF144B,-0.04911624,-0.54133743,0.9608266613195,1.0,True
CSRNP2,-0.04911624,-0.6607876,0.9608266613195,1.0,True
HDLBP,-0.04911624,-0.05948224,0.9608266613195,1.0,True
SNN,-0.04911624,-0.6381148,0.9608266613195,1.0,True
SPAST,-0.04911624,-0.50575054,0.9608266613195,1.0,True
FBXO11,-0.04911624,-0.10332233,0.9608266613195,1.0,True
IRGM,-0.04911624,-0.5880514,0.9608266613195,1.0,True
CSF1R,-0.04911624,-0.63477874,0.9608266613195,1.0,True
GSTM1,-0.04911624,-0.61824757,0.9608266613195,1.0,True
RRP36,-0.04911624,-0.54830474,0.9608266613195,1.0,True
RP11-339B21.13,-0.04911624,-0.5463931,0.9608266613195,1.0,True
TUBGCP4,-0.04911624,-0.61989707,0.9608266613195,1.0,True
RAB3IP,-0.04911624,-0.32017684,0.9608266613195,1.0,True
AC131056.3,-0.04911624,-0.58415735,0.9608266613195,1.0,True
RP11-553L6.5,-0.04911624,-0.543402,0.9608266613195,1.0,True
TIGD1,-0.04911624,-0.5718222,0.9608266613195,1.0,True
ZBTB6,-0.04911624,-0.5697931,0.9608266613195,1.0,True
C11orf84,-0.04911624,-0.48703012,0.9608266613195,1.0,True
ATP8B3,-0.04911624,-0.6574251,0.9608266613195,1.0,True
SCMH1,-0.04911624,-0.5189395,0.9608266613195,1.0,True
APOL1,-0.04911624,-0.60382515,0.9608266613195,1.0,True
NUP133,-0.049883682,-0.9220084,0.9602150815285226,1.0,True
ZNF841,-0.049883682,-0.9264603,0.9602150815285226,1.0,True
B3GAT2,-0.049883682,-0.6536913,0.9602150815285226,1.0,True
IL24,-0.049883682,-0.7573645,0.9602150815285226,1.0,True
NDC80,-0.049883682,-0.7658927,0.9602150815285226,1.0,True
ZNF92,-0.049883682,-0.23141946,0.9602150815285226,1.0,True
SLC23A2,-0.049883682,-0.94285333,0.9602150815285226,1.0,True
ANGPT2,-0.049883682,-0.66732603,0.9602150815285226,1.0,True
LTBR,-0.049883682,-0.8797714,0.9602150815285226,1.0,True
ADARB1,-0.049883682,-0.63732404,0.9602150815285226,1.0,True
TCF19,-0.049883682,-1.0768049,0.9602150815285226,1.0,True
SRGAP2,-0.049883682,-0.76754224,0.9602150815285226,1.0,True
KLRC4,-0.049883682,-0.73361695,0.9602150815285226,1.0,True
FAM200A,-0.049883682,-1.1893624,0.9602150815285226,1.0,True
EARS2,-0.049883682,-0.68920916,0.9602150815285226,1.0,True
FIGNL1,-0.049883682,-0.66510886,0.9602150815285226,1.0,True
SMG9,-0.049883682,-0.8511448,0.9602150815285226,1.0,True
ZNF576,-0.049883682,-1.0273238,0.9602150815285226,1.0,True
MARK4,-0.049883682,-0.6642396,0.9602150815285226,1.0,True
TSC22D1,-0.049883682,-0.16967185,0.9602150815285226,1.0,True
OBSCN,-0.049883682,-0.8438715,0.9602150815285226,1.0,True
ACO1,-0.049883682,-0.70561737,0.9602150815285226,1.0,True
CTC-503J8.6,-0.049883682,-0.7044875,0.9602150815285226,1.0,True
SGSM2,-0.049883682,-1.2128732,0.9602150815285226,1.0,True
EBF1,-0.049883682,-0.7306305,0.9602150815285226,1.0,True
CTD-2270L9.4,-0.049883682,-0.8618422,0.9602150815285226,1.0,True
MACROD1,-0.049883682,-0.73545235,0.9602150815285226,1.0,True
AC109826.1,-0.049883682,-0.89106387,0.9602150815285226,1.0,True
RXRA,-0.049883682,-0.87147826,0.9602150815285226,1.0,True
FAM131A,-0.049883682,-0.80893195,0.9602150815285226,1.0,True
DAGLB,-0.049883682,-0.6669242,0.9602150815285226,1.0,True
GPR107,-0.049883682,-0.70714223,0.9602150815285226,1.0,True
MTMR1,-0.049883682,-0.6373551,0.9602150815285226,1.0,True
GFPT1,-0.049883682,-0.12529245,0.9602150815285226,1.0,True
ZNF80,-0.049883682,-0.80048007,0.9602150815285226,1.0,True
CARD9,-0.049883682,-1.0011404,0.9602150815285226,1.0,True
RP11-603J24.5,-0.049883682,-0.8834888,0.9602150815285226,1.0,True
RP11-802E16.3,-0.049883682,-0.73457897,0.9602150815285226,1.0,True
C22orf29,-0.049883682,-1.3087437,0.9602150815285226,1.0,True
SLC25A16,-0.049883682,-0.80317193,0.9602150815285226,1.0,True
NLRP2,-0.049883682,-0.83833694,0.9602150815285226,1.0,True
C12orf42,-0.049883682,-0.7170054,0.9602150815285226,1.0,True
ZFP91,-0.049883682,-0.8672677,0.9602150815285226,1.0,True
ZNF582-AS1,-0.049883682,-0.786935,0.9602150815285226,1.0,True
ZNF248,-0.049883682,-0.6129273,0.9602150815285226,1.0,True
ATAD2B,-0.049883682,-0.8616889,0.9602150815285226,1.0,True
RN7SL832P,-0.049883682,-1.0763357,0.9602150815285226,1.0,True
NAIP,-0.049883682,-0.82839817,0.9602150815285226,1.0,True
ZBTB45,-0.049883682,-0.80334246,0.9602150815285226,1.0,True
RP11-390B4.5,-0.049883682,-0.9022786,0.9602150815285226,1.0,True
ERCC6,-0.049883682,-0.64517695,0.9602150815285226,1.0,True
LIG3,-0.049883682,-0.85094833,0.9602150815285226,1.0,True
PF4,-0.049883682,-1.193053,0.9602150815285226,1.0,True
ST6GALNAC4,-0.049883682,-1.3936995,0.9602150815285226,1.0,True
NOP9,-0.049883682,-0.90408623,0.9602150815285226,1.0,True
CHAMP1,-0.049883682,-1.1766447,0.9602150815285226,1.0,True
PCBD2,-0.049883682,-0.7525949,0.9602150815285226,1.0,True
CENPBD1,-0.049883682,-0.66672796,0.9602150815285226,1.0,True
ADPRH,-0.049883682,-1.1428125,0.9602150815285226,1.0,True
VAT1,-0.049883682,-1.0007439,0.9602150815285226,1.0,True
TTLL11,-0.049883682,-0.78289187,0.9602150815285226,1.0,True
GMNN,-0.049883682,-0.9160849,0.9602150815285226,1.0,True
ABCG2,-0.049883682,-1.1502559,0.9602150815285226,1.0,True
GALNT6,-0.049883682,-0.67380244,0.9602150815285226,1.0,True
USP40,-0.049883682,-0.86173284,0.9602150815285226,1.0,True
RP11-160O5.1,-0.049883682,-0.71535033,0.9602150815285226,1.0,True
HFE,-0.049883682,-0.74291193,0.9602150815285226,1.0,True
PIAS2,-0.049883682,-0.657953,0.9602150815285226,1.0,True
PSMG3-AS1,-0.049883682,-0.8711237,0.9602150815285226,1.0,True
MAP3K7CL,-0.049883682,-1.0032564,0.9602150815285226,1.0,True
LONRF1,-0.049883682,-0.9707144,0.9602150815285226,1.0,True
TNFRSF10A,-0.049883682,-0.72553504,0.9602150815285226,1.0,True
EIF3J-AS1,-0.049883682,-0.06889558,0.9602150815285226,1.0,True
CHST14,-0.049883682,-0.899746,0.9602150815285226,1.0,True
UTP15,-0.049883682,-1.4637338,0.9602150815285226,1.0,True
FXR2,-0.049883682,-0.6580301,0.9602150815285226,1.0,True
C11orf71,-0.049883682,-0.9454868,0.9602150815285226,1.0,True
ARL17B,-0.049883682,-0.992674,0.9602150815285226,1.0,True
SCRN1,-0.049883682,-0.63875073,0.9602150815285226,1.0,True
SENP1,-0.049883682,-1.0831141,0.9602150815285226,1.0,True
PTRH2,-0.049883682,-0.6817021,0.9602150815285226,1.0,True
GTF2IRD2,-0.049883682,-0.11004878,0.9602150815285226,1.0,True
C4orf46,-0.049883682,-1.1174693,0.9602150815285226,1.0,True
C5orf55,-0.049883682,-0.72913337,0.9602150815285226,1.0,True
DTX2,-0.049883682,-0.63284856,0.9602150815285226,1.0,True
ZNF160,-0.050651122,-0.1635034,0.9596035251500796,1.0,True
GPR68,-0.050651122,-0.18628056,0.9596035251500796,1.0,True
DNAJC10,-0.050651122,-0.033163935,0.9596035251500796,1.0,True
NUMA1,-0.050651122,-0.042930424,0.9596035251500796,1.0,True
CHAC2,-0.050651122,-0.22431995,0.9596035251500796,1.0,True
THAP1,-0.050651122,-0.06792426,0.9596035251500796,1.0,True
CASP6,-0.050651122,-0.04916844,0.9596035251500796,1.0,True
AGFG2,-0.05103484,-0.17952059,0.9592977558528336,1.0,True
GBAS,-0.05103484,0.044771608,0.9592977558528336,1.0,True
SMN1,-0.051418565,-0.049010113,0.9589919925434468,1.0,True
ZC3H15,-0.051418565,-0.072288334,0.9589919925434468,1.0,True
EIF2D,-0.051418565,-0.04423525,0.9589919925434468,1.0,True
DPP8,-0.051418565,-0.058091205,0.9589919925434468,1.0,True
AHI1,-0.051418565,-0.1391736,0.9589919925434468,1.0,True
C1orf216,-0.052186005,-0.21422967,0.9583804840678576,1.0,True
HPS3,-0.052186005,-0.04970535,0.9583804840678576,1.0,True
PROSER1,-0.052186005,-0.20489109,0.9583804840678576,1.0,True
TMEM209,-0.052186005,-0.2875853,0.9583804840678576,1.0,True
PLA2G12A,-0.052186005,-0.04829738,0.9583804840678576,1.0,True
TMEM170A,-0.052186005,-0.07463961,0.9583804840678576,1.0,True
PTRH1,-0.052186005,-0.052357826,0.9583804840678576,1.0,True
PEX1,-0.052186005,-0.22003795,0.9583804840678576,1.0,True
IL10RA,-0.05295345,-0.08325799,0.9577690000825038,1.0,True
OXSR1,-0.05295345,-0.19353564,0.9577690000825038,1.0,True
MYO9A,-0.05295345,-0.19103512,0.9577690000825038,1.0,True
FBXO28,-0.05295345,-0.3207245,0.9577690000825038,1.0,True
CCNT1,-0.05295345,-0.16105147,0.9577690000825038,1.0,True
POT1,-0.05295345,-0.28200325,0.9577690000825038,1.0,True
CTC-241F20.3,-0.05295345,-0.08404751,0.9577690000825038,1.0,True
AASDH,-0.05295345,-0.075198635,0.9577690000825038,1.0,True
TBL2,-0.05295345,-0.18226574,0.9577690000825038,1.0,True
C16orf80,-0.053720888,-0.18177582,0.957157540946533,1.0,True
GLCCI1,-0.053720888,-0.22250064,0.957157540946533,1.0,True
RIF1,-0.053720888,-0.21966396,0.957157540946533,1.0,True
ZNF626,-0.053720888,-0.30805475,0.957157540946533,1.0,True
DUSP5,-0.053720888,-0.36608866,0.957157540946533,1.0,True
SMAD5,-0.053720888,-0.22573961,0.957157540946533,1.0,True
FBXO44,-0.053720888,-0.044304434,0.957157540946533,1.0,True
TRAF2,-0.053720888,-0.27086136,0.957157540946533,1.0,True
ARCN1,-0.053720888,-0.045857456,0.957157540946533,1.0,True
AKIRIN2,-0.054104608,-0.08130288,0.956851820809288,1.0,True
POLL,-0.054488327,-0.25637144,0.9565461070190494,1.0,True
C22orf46,-0.054488327,-0.2506425,0.9565461070190494,1.0,True
TMEM62,-0.054488327,-0.3235089,0.9565461070190494,1.0,True
PAFAH2,-0.054488327,-0.3979147,0.9565461070190494,1.0,True
CSPP1,-0.054488327,-0.2525977,0.9565461070190494,1.0,True
CCDC18,-0.054488327,-0.26124436,0.9565461070190494,1.0,True
HSPD1,-0.05487205,-0.045495216,0.9562403996206982,1.0,True
HIST1H2BD,-0.05525577,-0.24247853,0.9559346986591126,1.0,False
TSPAN31,-0.05525577,-0.116802886,0.9559346986591126,1.0,True
TPM1,-0.05525577,-0.32188925,0.9559346986591126,1.0,True
NUFIP1,-0.05525577,-0.23700623,0.9559346986591126,1.0,True
CKS1B,-0.05525577,-0.06130288,0.9559346986591126,1.0,True
RNF111,-0.05525577,-0.2977089,0.9559346986591126,1.0,True
RMND5A,-0.05563949,-0.20157328,0.955629004179168,1.0,True
ING1,-0.05602321,-0.28647673,0.9553233162257372,1.0,True
PRKRIR,-0.05602321,-0.39316407,0.9553233162257372,1.0,True
UGDH,-0.05602321,-0.3337376,0.9553233162257372,1.0,True
TMEM159,-0.05602321,-0.116663426,0.9553233162257372,1.0,True
YWHAE,-0.05602321,-0.019587405,0.9553233162257372,1.0,True
TXNDC12,-0.056406934,-0.041399356,0.9550176348436892,1.0,True
SNRPB2,-0.056406934,-0.071411714,0.9550176348436892,1.0,True
FOXP1,-0.056790654,0.012255119,0.9547119600778916,1.0,True
JMJD1C,-0.056790654,-0.039022453,0.9547119600778916,1.0,True
CD2AP,-0.056790654,-0.35589427,0.9547119600778916,1.0,True
BEX2,-0.057558093,0.083457135,0.954100630574498,1.0,True
MAPKAPK2,-0.057558093,-0.24861504,0.954100630574498,1.0,True
CTSZ,-0.057558093,-0.312584,0.954100630574498,1.0,True
CASC3,-0.059092976,-0.15747528,0.952878052936522,1.0,True
RNF20,-0.059092976,-0.037772443,0.952878052936522,1.0,True
UBE4A,-0.059092976,-0.38659966,0.952878052936522,1.0,True
MTMR4,-0.059092976,-0.4226403,0.952878052936522,1.0,True
SPCS3,-0.059092976,-0.15914463,0.952878052936522,1.0,True
MTAP,-0.059860416,-0.15320171,0.952266805519546,1.0,True
MICU1,-0.06062786,-0.23433746,0.9516555861822352,1.0,True
USP7,-0.06062786,-0.20223711,0.9516555861822352,1.0,True
ITSN2,-0.06101158,-0.031418893,0.9513499871555436,1.0,True
LPAR5,-0.0613953,-0.3059873,0.95104439528327,1.0,True
ACYP2,-0.061779022,-0.01593713,0.9507388106102412,1.0,True
MGAT2,-0.062162742,-0.05642358,0.9504332331812811,1.0,True
C12orf49,-0.062162742,-0.15439518,0.9504332331812811,1.0,True
TM9SF3,-0.062162742,-0.20513573,0.9504332331812811,1.0,True
C7orf55,-0.062162742,-0.046072867,0.9504332331812811,1.0,True
DNAJC1,-0.062162742,-0.08528715,0.9504332331812811,1.0,True
SS18L2,-0.062162742,-0.059277073,0.9504332331812811,1.0,True
NIPSNAP1,-0.06254646,0.0067864284,0.9501276630412112,1.0,True
SEP15,-0.06293018,-0.020576341,0.949822100234849,1.0,True
TRMT13,-0.06293018,-0.20674936,0.949822100234849,1.0,True
UBL4A,-0.06369762,-0.10560959,0.9492109968025016,1.0,True
COX20,-0.06523251,-0.10729649,0.9479888799139132,1.0,True
DYNC1H1,-0.06638367,-0.005079689,0.9470723723877272,1.0,True
ZC3H7A,-0.06676739,-0.06834052,0.9467668853826912,1.0,True
CD46,-0.06676739,-0.06309608,0.9467668853826912,1.0,True
NIFK-AS1,-0.06676739,-0.054956026,0.9467668853826912,1.0,True
CCT2,-0.06715111,-0.016939664,0.9464614062041392,1.0,True
BLCAP,-0.06753483,-0.067098595,0.9461559348968488,1.0,True
SPSB2,-0.06753483,-0.24677306,0.9461559348968488,1.0,True
NSMCE4A,-0.06753483,0.13682969,0.9461559348968488,1.0,True
PITPNA-AS1,-0.06753483,-0.17208807,0.9461559348968488,1.0,True
CECR5,-0.068302274,-0.25985816,0.9455450160751458,1.0,True
CHID1,-0.06868599,-0.07386636,0.945239568650271,1.0,True
ELF2,-0.06868599,-0.02887612,0.945239568650271,1.0,True
MOSPD3,-0.06906971,-0.15551049,0.9449341292757332,1.0,True
DDX42,-0.06945343,-0.039792072,0.944628697996292,1.0,True
ELMSAN1,-0.06945343,0.053583317,0.944628697996292,1.0,True
ARSA,-0.06983715,-0.19452734,0.9443232748567044,1.0,True
HIBADH,-0.06983715,-0.101837136,0.9443232748567044,1.0,True
AMDHD2,-0.06983715,-0.048609607,0.9443232748567044,1.0,True
PBX4,-0.06983715,-0.032023992,0.9443232748567044,1.0,True
DIRC2,-0.07022087,-0.1614648,0.9440178599017228,1.0,True
SURF6,-0.07022087,-0.16625889,0.9440178599017228,1.0,True
SLC30A5,-0.07060459,-0.015858924,0.9437124531760968,1.0,True
NUP50,-0.07098831,-0.4098218,0.943407054724572,1.0,True
CD72,-0.07098831,-0.14298965,0.943407054724572,1.0,True
VRK2,-0.07098831,-0.051231973,0.943407054724572,1.0,True
VWA5A,-0.07098831,-0.12853065,0.943407054724572,1.0,True
AP006621.5,-0.07098831,-0.17716278,0.943407054724572,1.0,True
MAPK8,-0.07098831,-0.20924549,0.943407054724572,1.0,True
MTA2,-0.07098831,-0.2190045,0.943407054724572,1.0,True
ZNF786,-0.07098831,-0.18342242,0.943407054724572,1.0,True
SIAH1,-0.07098831,-0.17875578,0.943407054724572,1.0,True
LRCH1,-0.07098831,-0.19822021,0.943407054724572,1.0,True
AGPAT4,-0.07137204,-0.11509142,0.94310166459189,1.0,True
KIAA0141,-0.07137204,-0.07802828,0.94310166459189,1.0,True
HEBP1,-0.07175576,-0.21916054,0.9427962828227892,1.0,True
PCBP1,-0.07175576,-0.04584205,0.9427962828227892,1.0,True
C1orf109,-0.07175576,-0.04328521,0.9427962828227892,1.0,True
RP11-473M20.14,-0.07175576,-0.2283687,0.9427962828227892,1.0,True
LINC00402,-0.07175576,-0.2502236,0.9427962828227892,1.0,True
CD99L2,-0.07175576,-0.1042195,0.9427962828227892,1.0,True
ZNF574,-0.07175576,-0.27344975,0.9427962828227892,1.0,True
SEL1L3,-0.07175576,-0.25315318,0.9427962828227892,1.0,True
RFXAP,-0.07175576,-0.1153197,0.9427962828227892,1.0,True
GPR137B,-0.07175576,-0.18543947,0.9427962828227892,1.0,True
PLGLB1,-0.07213948,-22.800585,0.9424909094620042,1.0,True
AC092667.2,-0.07213948,-22.914127,0.9424909094620042,1.0,True
ASTN2,-0.07213948,-22.441761,0.9424909094620042,1.0,True
TLR4,-0.07213948,-22.628944,0.9424909094620042,1.0,True
YPEL4,-0.07213948,-22.866882,0.9424909094620042,1.0,True
TMSB4Y,-0.07213948,-22.916824,0.9424909094620042,1.0,True
PIFO,-0.07213948,-23.132036,0.9424909094620042,1.0,True
PARPBP,-0.07213948,-22.811544,0.9424909094620042,1.0,True
FAM111B,-0.07213948,-22.454304,0.9424909094620042,1.0,True
CTNNAL1,-0.07213948,-22.774052,0.9424909094620042,1.0,True
CTB-55O6.4,-0.07213948,-23.082426,0.9424909094620042,1.0,True
ZNF883,-0.07213948,-22.648598,0.9424909094620042,1.0,True
SLC10A7,-0.07213948,-22.796507,0.9424909094620042,1.0,True
RP11-102N12.3,-0.07213948,-22.454304,0.9424909094620042,1.0,True
C1QA,-0.07213948,-22.749846,0.9424909094620042,1.0,True
C1QC,-0.07213948,-22.692432,0.9424909094620042,1.0,True
RPH3AL,-0.07213948,-22.95749,0.9424909094620042,1.0,True
KRBA2,-0.07213948,-22.702234,0.9424909094620042,1.0,True
RP11-849F2.7,-0.07213948,-22.848429,0.9424909094620042,1.0,True
HIST1H3A,-0.07213948,-22.693348,0.9424909094620042,1.0,False
CCDC176,-0.07213948,-22.628658,0.9424909094620042,1.0,True
LIMK2,-0.07213948,-22.724964,0.9424909094620042,1.0,True
RP3-400N23.6,-0.07213948,-22.54381,0.9424909094620042,1.0,True
CTB-133G6.2,-0.07213948,-22.761873,0.9424909094620042,1.0,True
RP11-647K16.1,-0.07213948,-22.74662,0.9424909094620042,1.0,True
TTC4,-0.07213948,-22.71931,0.9424909094620042,1.0,True
BBS1,-0.07213948,-23.25719,0.9424909094620042,1.0,True
TMEM38A,-0.07213948,-22.72654,0.9424909094620042,1.0,True
KIAA1211L,-0.07213948,-22.737007,0.9424909094620042,1.0,True
C2ORF15,-0.07213948,-22.810167,0.9424909094620042,1.0,True
MRPL30,-0.07213948,-23.090881,0.9424909094620042,1.0,True
LYG1,-0.07213948,-22.9391,0.9424909094620042,1.0,True
CHN1,-0.07213948,-22.665665,0.9424909094620042,1.0,True
AL591479.1,-0.07213948,-22.828226,0.9424909094620042,1.0,True
CBWD3,-0.07213948,-22.76712,0.9424909094620042,1.0,True
TJP2,-0.07213948,-23.105652,0.9424909094620042,1.0,True
SHPK-1,-0.07213948,-23.171743,0.9424909094620042,1.0,True
MIR497HG,-0.07213948,-22.534618,0.9424909094620042,1.0,True
RP11-492E3.2,-0.07213948,-22.810167,0.9424909094620042,1.0,True
NTNG2,-0.07213948,-22.845924,0.9424909094620042,1.0,True
C9orf9,-0.07213948,-22.71058,0.9424909094620042,1.0,True
GNE,-0.07213948,-22.792446,0.9424909094620042,1.0,True
RP1-261D10.2,-0.07213948,-22.667746,0.9424909094620042,1.0,True
TTN-AS1,-0.07213948,-22.812578,0.9424909094620042,1.0,True
CERKL,-0.07213948,-22.604338,0.9424909094620042,1.0,True
RP11-315I20.1,-0.07213948,-22.18496,0.9424909094620042,1.0,True
ZNF543,-0.07213948,-22.18496,0.9424909094620042,1.0,True
RP11-566K11.5,-0.07213948,-22.84521,0.9424909094620042,1.0,True
AC009501.4,-0.07213948,-23.110474,0.9424909094620042,1.0,True
RP11-568N6.1,-0.07213948,-22.867615,0.9424909094620042,1.0,True
AP001610.5,-0.07213948,-22.488064,0.9424909094620042,1.0,True
C2CD2,-0.07213948,-23.168097,0.9424909094620042,1.0,True
PTPRO,-0.07213948,-22.776041,0.9424909094620042,1.0,True
EPS8,-0.07213948,-22.776041,0.9424909094620042,1.0,True
RP11-104N10.1,-0.07213948,-22.886086,0.9424909094620042,1.0,True
ATXN7L2,-0.07213948,-22.848429,0.9424909094620042,1.0,True
CKAP4,-0.07213948,-22.418737,0.9424909094620042,1.0,True
CNRIP1,-0.07213948,-23.132036,0.9424909094620042,1.0,True
AC007880.1,-0.07213948,-22.743727,0.9424909094620042,1.0,True
SLC1A4,-0.07213948,-22.675808,0.9424909094620042,1.0,True
MEIS1,-0.07213948,-22.984566,0.9424909094620042,1.0,True
MLTK,-0.07213948,-22.70841,0.9424909094620042,1.0,True
NCKAP1,-0.07213948,-23.227451,0.9424909094620042,1.0,True
CHRNA1,-0.07213948,-22.693653,0.9424909094620042,1.0,True
RP11-513M16.8,-0.07213948,-22.701927,0.9424909094620042,1.0,True
RP11-566E18.3,-0.07213948,-23.029015,0.9424909094620042,1.0,True
CD274,-0.07213948,-22.675808,0.9424909094620042,1.0,True
ERMP1,-0.07213948,-22.798544,0.9424909094620042,1.0,True
CRB3,-0.07213948,-22.888702,0.9424909094620042,1.0,True
FTCDNL1,-0.07213948,-23.132036,0.9424909094620042,1.0,True
C9orf24,-0.07213948,-22.64017,0.9424909094620042,1.0,True
NBPF14,-0.07213948,-22.720879,0.9424909094620042,1.0,True
RP11-666A1.5,-0.07213948,-22.863235,0.9424909094620042,1.0,True
ASRGL1,-0.07213948,-22.817766,0.9424909094620042,1.0,True
PHACTR1,-0.07213948,-22.454304,0.9424909094620042,1.0,True
RP1-223E5.4,-0.07213948,-22.64017,0.9424909094620042,1.0,True
CTD-2547L24.4,-0.07213948,-22.475374,0.9424909094620042,1.0,True
AC104532.4,-0.07213948,-22.825775,0.9424909094620042,1.0,True
RP11-326F20.5,-0.07213948,-22.690605,0.9424909094620042,1.0,True
SARDH,-0.07213948,-22.631523,0.9424909094620042,1.0,True
ZNF554,-0.07213948,-22.648598,0.9424909094620042,1.0,True
CCDC85C,-0.07213948,-22.848429,0.9424909094620042,1.0,True
TONSL,-0.07213948,-22.734777,0.9424909094620042,1.0,True
KDM4A-AS1,-0.07213948,-22.798544,0.9424909094620042,1.0,True
PRR14L,-0.07213948,-22.668043,0.9424909094620042,1.0,True
CCDC163P,-0.07213948,-23.123146,0.9424909094620042,1.0,True
LRP5,-0.07213948,-22.651226,0.9424909094620042,1.0,True
AC079767.4,-0.07213948,-22.454304,0.9424909094620042,1.0,True
LGMN,-0.07213948,-22.849863,0.9424909094620042,1.0,True
RP3-510H16.3,-0.07213948,-22.418737,0.9424909094620042,1.0,True
KIF2C,-0.07213948,-22.798544,0.9424909094620042,1.0,True
BEST4,-0.07213948,-22.84521,0.9424909094620042,1.0,True
C9orf66,-0.07213948,-22.825775,0.9424909094620042,1.0,True
RP1-151F17.2,-0.07213948,-22.810167,0.9424909094620042,1.0,True
AC137932.1,-0.07213948,-22.932793,0.9424909094620042,1.0,True
CRIP3,-0.07213948,-22.800924,0.9424909094620042,1.0,True
AK4,-0.07213948,-22.720879,0.9424909094620042,1.0,True
LEPR,-0.07213948,-23.000542,0.9424909094620042,1.0,True
TIGD5,-0.07213948,-22.911821,0.9424909094620042,1.0,True
PID1,-0.07213948,-22.70841,0.9424909094620042,1.0,True
FBXO36,-0.07213948,-22.752758,0.9424909094620042,1.0,True
CTD-3065J16.9,-0.07213948,-22.888702,0.9424909094620042,1.0,True
ZNF43,-0.07213948,-22.705935,0.9424909094620042,1.0,True
INPP5E,-0.07213948,-22.386562,0.9424909094620042,1.0,True
RP11-408A13.4,-0.07213948,-22.730333,0.9424909094620042,1.0,True
GNA15,-0.07213948,-22.611067,0.9424909094620042,1.0,True
HIST2H2AB,-0.07213948,-22.810167,0.9424909094620042,1.0,False
ZNF470,-0.07213948,-22.693348,0.9424909094620042,1.0,True
AURKC,-0.07213948,-22.747265,0.9424909094620042,1.0,True
GNMT,-0.07213948,-22.693653,0.9424909094620042,1.0,True
RP11-214O1.3,-0.07213948,-22.747908,0.9424909094620042,1.0,True
TRIM16,-0.07213948,-22.825426,0.9424909094620042,1.0,True
CLIC5,-0.07213948,-22.531746,0.9424909094620042,1.0,True
ZNF805,-0.07213948,-22.749846,0.9424909094620042,1.0,True
AC097713.4,-0.07213948,-22.803995,0.9424909094620042,1.0,True
ZNF839,-0.07213948,-22.675507,0.9424909094620042,1.0,True
AMN,-0.07213948,-22.808792,0.9424909094620042,1.0,True
ARID3A,-0.07213948,-22.73924,0.9424909094620042,1.0,True
RP11-680A11.5,-0.07213948,-22.418737,0.9424909094620042,1.0,True
RFPL2,-0.07213948,-22.986233,0.9424909094620042,1.0,True
CLMN,-0.07213948,-22.746943,0.9424909094620042,1.0,True
ZNF57,-0.07213948,-22.628658,0.9424909094620042,1.0,True
RLN2,-0.07213948,-23.164986,0.9424909094620042,1.0,True
STON1,-0.07213948,-22.805706,0.9424909094620042,1.0,True
DLEU2L,-0.07213948,-23.073593,0.9424909094620042,1.0,True
RP1-90J20.12,-0.07213948,-22.800924,0.9424909094620042,1.0,True
GTPBP2,-0.07213948,-23.335915,0.9424909094620042,1.0,True
VEGFA,-0.07213948,-22.79549,0.9424909094620042,1.0,True
RP11-126K1.2,-0.07213948,-22.675808,0.9424909094620042,1.0,True
RP11-258F1.1,-0.07213948,-22.800585,0.9424909094620042,1.0,True
FAM106A,-0.07213948,-22.986233,0.9424909094620042,1.0,True
CNOT6,-0.07213948,-22.023294,0.9424909094620042,1.0,True
LINC01119,-0.07213948,-23.11241,0.9424909094620042,1.0,True
AC093642.3,-0.07213948,-23.147076,0.9424909094620042,1.0,True
FOLR3,-0.07213948,-22.85418,0.9424909094620042,1.0,True
P2RY2,-0.07213948,-22.941479,0.9424909094620042,1.0,True
OPRL1,-0.07213948,-23.182253,0.9424909094620042,1.0,True
MROH1,-0.07213948,-22.674309,0.9424909094620042,1.0,True
DGAT1,-0.07213948,-22.292719,0.9424909094620042,1.0,True
RP11-872J21.3,-0.07213948,-22.696709,0.9424909094620042,1.0,True
ZNF696,-0.07213948,-22.940685,0.9424909094620042,1.0,True
TMEM201,-0.07213948,-22.743727,0.9424909094620042,1.0,True
CACNA1C,-0.07213948,-22.971745,0.9424909094620042,1.0,True
SNAI3-AS1,-0.07213948,-22.705935,0.9424909094620042,1.0,True
LRRC1,-0.07213948,-22.801266,0.9424909094620042,1.0,True
RPS4Y2,-0.07213948,-22.729067,0.9424909094620042,1.0,False
PPP1R32,-0.07213948,-22.71806,0.9424909094620042,1.0,True
ASB13,-0.07213948,-22.676407,0.9424909094620042,1.0,True
TMEM65,-0.07213948,-22.534618,0.9424909094620042,1.0,True
LAMA5,-0.07213948,-22.800585,0.9424909094620042,1.0,True
AC023590.1,-0.07213948,-22.609661,0.9424909094620042,1.0,True
CABLES2,-0.07213948,-22.559486,0.9424909094620042,1.0,True
TSEN2,-0.07213948,-23.229698,0.9424909094620042,1.0,True
CSF2RB,-0.07213948,-22.750168,0.9424909094620042,1.0,True
SSTR3,-0.07213948,-22.303053,0.9424909094620042,1.0,True
FARP2,-0.07213948,-22.933578,0.9424909094620042,1.0,True
AC009005.2,-0.07213948,-22.801266,0.9424909094620042,1.0,True
FOSL1,-0.07213948,-22.75926,0.9424909094620042,1.0,True
RP11-867G23.4,-0.07213948,-22.74052,0.9424909094620042,1.0,True
FADS3,-0.07213948,-22.834913,0.9424909094620042,1.0,True
KIAA0513,-0.07213948,-22.674309,0.9424909094620042,1.0,True
CTD-2350C19.2,-0.07213948,-22.81189,0.9424909094620042,1.0,True
RP11-192H23.4,-0.07213948,-22.911821,0.9424909094620042,1.0,True
RP4-536B24.3,-0.07213948,-22.71806,0.9424909094620042,1.0,True
SCGB1B2P,-0.07213948,-22.915668,0.9424909094620042,1.0,True
CRIP1-1,-0.07213948,-22.747585,0.9424909094620042,1.0,True
NR2C2,-0.07213948,-22.764494,0.9424909094620042,1.0,True
CYFIP1,-0.07213948,-22.488064,0.9424909094620042,1.0,True
RIMS3,-0.07213948,-22.736689,0.9424909094620042,1.0,True
HAR1B,-0.07213948,-22.66834,0.9424909094620042,1.0,True
RP11-894P9.1,-0.07213948,-22.531746,0.9424909094620042,1.0,True
CTD-2538C1.2,-0.07213948,-22.72875,0.9424909094620042,1.0,True
NDOR1,-0.07213948,-23.170177,0.9424909094620042,1.0,True
NOXA1,-0.07213948,-22.810167,0.9424909094620042,1.0,True
ZMYND19,-0.07213948,-22.611067,0.9424909094620042,1.0,True
FAM83G,-0.07213948,-22.812578,0.9424909094620042,1.0,True
CRIM1,-0.07213948,-22.534618,0.9424909094620042,1.0,True
HRH2,-0.07213948,-22.85418,0.9424909094620042,1.0,True
ARL10,-0.07213948,-22.986233,0.9424909094620042,1.0,True
OOEP,-0.07213948,-22.454304,0.9424909094620042,1.0,True
SH3BGRL2,-0.07213948,-22.810167,0.9424909094620042,1.0,True
LINC00211,-0.07213948,-22.732553,0.9424909094620042,1.0,True
ZNF860,-0.07213948,-22.773722,0.9424909094620042,1.0,True
PWAR6,-0.07213948,-22.840935,0.9424909094620042,1.0,True
RP11-932O9.7,-0.07213948,-22.648598,0.9424909094620042,1.0,True
FAN1,-0.07213948,-22.819849,0.9424909094620042,1.0,True
CAND2,-0.07213948,-22.303053,0.9424909094620042,1.0,True
HDAC11,-0.07213948,-22.534618,0.9424909094620042,1.0,True
AC093495.4,-0.07213948,-22.73924,0.9424909094620042,1.0,True
HAAO,-0.07213948,-22.933578,0.9424909094620042,1.0,True
PRR7-AS1,-0.07213948,-23.169136,0.9424909094620042,1.0,True
PDLIM7,-0.07213948,-22.867615,0.9424909094620042,1.0,True
AC025335.1,-0.07213948,-22.693653,0.9424909094620042,1.0,True
ZNF322,-0.07213948,-22.729383,0.9424909094620042,1.0,True
HIST1H2BJ,-0.07213948,-22.800585,0.9424909094620042,1.0,False
HIST1H4K,-0.07213948,-22.776041,0.9424909094620042,1.0,False
SMIM1,-0.07213948,-22.764166,0.9424909094620042,1.0,True
LINC00663,-0.07213948,-22.71058,0.9424909094620042,1.0,True
RP11-522I20.3,-0.07213948,-22.303053,0.9424909094620042,1.0,True
GKAP1,-0.07213948,-22.801266,0.9424909094620042,1.0,True
KIF27,-0.07213948,-22.418737,0.9424909094620042,1.0,True
CYBRD1,-0.07213948,-22.705935,0.9424909094620042,1.0,True
PDE1B,-0.07213948,-22.725279,0.9424909094620042,1.0,True
RP11-110A12.2,-0.07213948,-23.22689,0.9424909094620042,1.0,True
RP4-800J21.3,-0.07213948,-23.182781,0.9424909094620042,1.0,True
KB-431C1.4,-0.07213948,-22.749846,0.9424909094620042,1.0,True
NET1,-0.07213948,-22.72654,0.9424909094620042,1.0,True
C10orf111,-0.07213948,-22.799562,0.9424909094620042,1.0,True
PARD6B,-0.07213948,-22.863235,0.9424909094620042,1.0,True
AP001372.2,-0.07213948,-22.9391,0.9424909094620042,1.0,True
CCNE2,-0.07213948,-22.801266,0.9424909094620042,1.0,True
TP53INP1,-0.07213948,-22.680313,0.9424909094620042,1.0,True
C8orf37,-0.07213948,-22.771406,0.9424909094620042,1.0,True
MTERFD1,-0.07213948,-0.19109324,0.9424909094620042,1.0,True
RP11-563N4.1,-0.07213948,-22.757305,0.9424909094620042,1.0,True
DSCR9,-0.07213948,-23.000542,0.9424909094620042,1.0,True
FBXL14,-0.07213948,-22.64423,0.9424909094620042,1.0,True
NAT14,-0.07213948,-22.534618,0.9424909094620042,1.0,True
CTD-2537I9.12,-0.07213948,-22.746943,0.9424909094620042,1.0,True
RP11-98D18.3,-0.07213948,-22.862507,0.9424909094620042,1.0,True
CDNF,-0.07213948,-22.454304,0.9424909094620042,1.0,True
VPS13A-AS1,-0.07213948,-22.747265,0.9424909094620042,1.0,True
RP11-339B21.11,-0.07213948,-22.386562,0.9424909094620042,1.0,True
RP11-544A12.4,-0.07213948,-22.849863,0.9424909094620042,1.0,True
KRT73,-0.07213948,-22.734777,0.9424909094620042,1.0,True
MMP9,-0.07213948,-22.915668,0.9424909094620042,1.0,True
XYLB,-0.07213948,-22.743727,0.9424909094620042,1.0,True
TTC21A,-0.07213948,-22.746943,0.9424909094620042,1.0,True
HPCAL4,-0.07213948,-22.674309,0.9424909094620042,1.0,True
BRSK1,-0.07213948,-22.71931,0.9424909094620042,1.0,True
RP11-393I2.4,-0.07213948,-22.752758,0.9424909094620042,1.0,True
RRAGD,-0.07213948,-22.651226,0.9424909094620042,1.0,True
HLCS,-0.07213948,-22.70841,0.9424909094620042,1.0,True
LRRC69,-0.07213948,-22.991676,0.9424909094620042,1.0,True
TRIQK,-0.07213948,-22.531746,0.9424909094620042,1.0,True
GEM,-0.07213948,-22.023294,0.9424909094620042,1.0,True
AVEN,-0.07213948,-22.609661,0.9424909094620042,1.0,True
PRTFDC1,-0.07213948,-22.611067,0.9424909094620042,1.0,True
PLB1,-0.07213948,-22.690605,0.9424909094620042,1.0,True
LRRC7,-0.07213948,-22.693653,0.9424909094620042,1.0,True
WNT11,-0.07213948,-22.867615,0.9424909094620042,1.0,True
RP11-111M22.2,-0.07213948,-22.728436,0.9424909094620042,1.0,True
C15orf52,-0.07213948,-22.893204,0.9424909094620042,1.0,True
L3MBTL1,-0.07213948,-22.872013,0.9424909094620042,1.0,True
ALS2CL,-0.07213948,-22.690605,0.9424909094620042,1.0,True
FAM98B,-0.07213948,-22.785717,0.9424909094620042,1.0,True
TIMD4,-0.07213948,-22.730333,0.9424909094620042,1.0,True
LSM11,-0.07213948,-22.71806,0.9424909094620042,1.0,True
TMEM9B-AS1,-0.07213948,-22.736689,0.9424909094620042,1.0,True
S100A13,-0.07213948,-22.66834,0.9424909094620042,1.0,True
RAB13,-0.07213948,-22.770746,0.9424909094620042,1.0,True
C15orf41,-0.07213948,-22.452608,0.9424909094620042,1.0,True
SSSCA1-AS1,-0.07213948,-22.747585,0.9424909094620042,1.0,True
EFEMP2,-0.07213948,-22.609661,0.9424909094620042,1.0,True
AVIL,-0.07213948,-22.79549,0.9424909094620042,1.0,True
ZNF513,-0.07213948,-22.9391,0.9424909094620042,1.0,True
STK33,-0.07213948,-23.090881,0.9424909094620042,1.0,True
RP13-753N3.1,-0.07213948,-22.761873,0.9424909094620042,1.0,True
C16orf46,-0.07213948,-22.386562,0.9424909094620042,1.0,True
RP3-477O4.16,-0.07213948,-22.817766,0.9424909094620042,1.0,True
SNTA1,-0.07213948,-22.651226,0.9424909094620042,1.0,True
CCDC121,-0.07213948,-22.88945,0.9424909094620042,1.0,True
KRT1,-0.07213948,-22.346233,0.9424909094620042,1.0,True
CDCA8,-0.07213948,-22.71931,0.9424909094620042,1.0,True
CASC5,-0.07213948,-22.725279,0.9424909094620042,1.0,True
SPINT1,-0.07213948,-22.810167,0.9424909094620042,1.0,True
SAP30L,-0.07213948,-22.452608,0.9424909094620042,1.0,True
MYO18A,-0.07213948,-22.80948,0.9424909094620042,1.0,True
NUFIP2,-0.07213948,-0.029848646,0.9424909094620042,1.0,True
RP3-467N11.1,-0.07213948,-22.303053,0.9424909094620042,1.0,True
KCNMB1,-0.07213948,-22.686052,0.9424909094620042,1.0,True
TLDC2,-0.07213948,-23.155212,0.9424909094620042,1.0,True
RCAN1,-0.07213948,-22.737007,0.9424909094620042,1.0,True
RP11-890B15.3,-0.07213948,-23.105652,0.9424909094620042,1.0,True
RP11-996F15.2,-0.07213948,-22.915668,0.9424909094620042,1.0,True
RNFT2,-0.07213948,-22.782703,0.9424909094620042,1.0,True
ZNF133,-0.07213948,-22.800585,0.9424909094620042,1.0,True
FZD3,-0.07213948,-22.70285,0.9424909094620042,1.0,True
ZNF485,-0.07213948,-22.76712,0.9424909094620042,1.0,True
ZNF790,-0.07213948,-22.680313,0.9424909094620042,1.0,True
CTC-454I21.3,-0.07213948,-22.686052,0.9424909094620042,1.0,True
U73166.2,-0.07213948,-22.454304,0.9424909094620042,1.0,True
NUSAP1,-0.07213948,-22.628944,0.9424909094620042,1.0,True
RP11-23P13.7,-0.07213948,-22.609661,0.9424909094620042,1.0,True
GPR124,-0.07213948,-22.702234,0.9424909094620042,1.0,True
AQP10,-0.07213948,-22.825775,0.9424909094620042,1.0,True
RP11-307C12.13,-0.07213948,-23.102772,0.9424909094620042,1.0,True
LILRB4,-0.07213948,-23.229698,0.9424909094620042,1.0,True
DPYSL2,-0.07213948,-22.559486,0.9424909094620042,1.0,True
THBS3,-0.07213948,-23.029015,0.9424909094620042,1.0,True
CDK5R1,-0.07213948,-22.940685,0.9424909094620042,1.0,True
MYO1D,-0.07213948,-22.798203,0.9424909094620042,1.0,True
UNC45B,-0.07213948,-22.834206,0.9424909094620042,1.0,True
PPARGC1B,-0.07213948,-23.182781,0.9424909094620042,1.0,True
ARAP3,-0.07213948,-22.74052,0.9424909094620042,1.0,True
NEU3,-0.07213948,-22.696709,0.9424909094620042,1.0,True
CD93,-0.07213948,-22.809135,0.9424909094620042,1.0,True
CTD-2541M15.4,-0.07213948,-22.715559,0.9424909094620042,1.0,True
BMP1,-0.07213948,-22.730333,0.9424909094620042,1.0,True
DOCK9-AS2,-0.07213948,-22.776041,0.9424909094620042,1.0,True
ABCC4,-0.07213948,-22.848429,0.9424909094620042,1.0,True
NRG1,-0.07213948,-22.534618,0.9424909094620042,1.0,True
ZNF337,-0.07213948,-22.702234,0.9424909094620042,1.0,True
DONSON,-0.07213948,-22.418737,0.9424909094620042,1.0,True
THTPA,-0.07213948,-22.74662,0.9424909094620042,1.0,True
AP003419.16,-0.07213948,-23.170177,0.9424909094620042,1.0,True
ACY3,-0.07213948,-22.943464,0.9424909094620042,1.0,True
TNFSF13,-0.07213948,-22.80948,0.9424909094620042,1.0,True
SENP3,-0.07213948,-22.715559,0.9424909094620042,1.0,True
QSER1,-0.07213948,-22.943464,0.9424909094620042,1.0,True
HARBI1,-0.07213948,-22.729383,0.9424909094620042,1.0,True
CDK20,-0.07213948,-22.955475,0.9424909094620042,1.0,True
CTD-2369P2.2,-0.07213948,-22.72654,0.9424909094620042,1.0,True
FOXD2,-0.07213948,-22.770746,0.9424909094620042,1.0,True
CTD-2623N2.11,-0.07213948,-22.648598,0.9424909094620042,1.0,True
RP4-647C14.3,-0.07213948,-22.79549,0.9424909094620042,1.0,True
C3orf14,-0.07213948,-22.800924,0.9424909094620042,1.0,True
LCMT2,-0.07213948,-23.029015,0.9424909094620042,1.0,True
NUDT18,-0.07213948,-0.1463108,0.9424909094620042,1.0,True
RP11-624C23.1,-0.07213948,-22.811544,0.9424909094620042,1.0,True
BTLA,-0.07213948,-22.675507,0.9424909094620042,1.0,True
C15orf48,-0.07213948,-22.834913,0.9424909094620042,1.0,True
LMOD3,-0.07213948,-23.13303,0.9424909094620042,1.0,True
ARMC2,-0.07213948,-22.628944,0.9424909094620042,1.0,True
RP11-425D10.10,-0.07213948,-22.872013,0.9424909094620042,1.0,True
TRAF3IP2-AS1,-0.07213948,-22.798544,0.9424909094620042,1.0,True
RUSC1-AS1,-0.07213948,-22.62011,0.9424909094620042,1.0,True
CTC-550B14.7,-0.07213948,-22.633247,0.9424909094620042,1.0,True
GPR27,-0.07213948,-22.57894,0.9424909094620042,1.0,True
KCTD21,-0.07213948,-22.62011,0.9424909094620042,1.0,True
PCDH9,-0.07213948,-22.798203,0.9424909094620042,1.0,True
WDR35,-0.07213948,-22.418737,0.9424909094620042,1.0,True
AC092295.7,-0.07213948,-22.724964,0.9424909094620042,1.0,True
RP11-154J22.1,-0.07213948,-22.736689,0.9424909094620042,1.0,True
CEP152,-0.07213948,-22.701927,0.9424909094620042,1.0,True
ICOSLG,-0.07213948,-23.059832,0.9424909094620042,1.0,True
TMCC3,-0.07213948,-22.984566,0.9424909094620042,1.0,True
LDHD,-0.07213948,-22.023294,0.9424909094620042,1.0,True
FBXL20,-0.07213948,-23.082426,0.9424909094620042,1.0,True
ZWINT,-0.07213948,-22.44296,0.9424909094620042,1.0,True
RP11-803B1.8,-0.07213948,-22.838451,0.9424909094620042,1.0,True
IKBKG,-0.07213948,-22.757305,0.9424909094620042,1.0,True
DSE,-0.07213948,-22.805706,0.9424909094620042,1.0,True
HBEGF,-0.07213948,-22.81189,0.9424909094620042,1.0,True
CTB-43P18.1,-0.07213948,-22.799562,0.9424909094620042,1.0,True
CCL3L1,-0.07213948,-22.604338,0.9424909094620042,1.0,True
DCBLD2,-0.07213948,-22.73924,0.9424909094620042,1.0,True
CHGB,-0.07213948,-23.132036,0.9424909094620042,1.0,True
AGAP4,-0.07213948,-23.06875,0.9424909094620042,1.0,True
ARHGAP22,-0.07213948,-22.901136,0.9424909094620042,1.0,True
IGFBP6,-0.07213948,-22.810167,0.9424909094620042,1.0,True
C3orf52,-0.07213948,-22.696709,0.9424909094620042,1.0,True
CTD-2410N18.3,-0.07213948,-22.531746,0.9424909094620042,1.0,True
RP4-575N6.4,-0.07213948,-22.792446,0.9424909094620042,1.0,True
MYLK-AS1,-0.07213948,-22.639301,0.9424909094620042,1.0,True
RP11-162A12.2,-0.07213948,-22.845924,0.9424909094620042,1.0,True
LINC00894,-0.07213948,-22.628658,0.9424909094620042,1.0,True
SNPH,-0.07213948,-23.227451,0.9424909094620042,1.0,True
SLC15A2,-0.07213948,-22.705935,0.9424909094620042,1.0,True
PPP1R14A,-0.07213948,-22.793121,0.9424909094620042,1.0,True
EGR2,-0.07213948,-22.991676,0.9424909094620042,1.0,True
FAM19A2,-0.07213948,-22.773722,0.9424909094620042,1.0,True
ZMYM6NB,-0.07213948,-22.628944,0.9424909094620042,1.0,True
PNMA5,-0.07213948,-22.441761,0.9424909094620042,1.0,True
MBOAT2,-0.07213948,-22.893204,0.9424909094620042,1.0,True
KLF5,-0.07213948,-22.800585,0.9424909094620042,1.0,True
LMO7,-0.07213948,-22.346233,0.9424909094620042,1.0,True
RP11-511B23.1,-0.07213948,-23.243319,0.9424909094620042,1.0,True
RMI1,-0.07213948,-22.701927,0.9424909094620042,1.0,True
ZNF763,-0.07213948,-22.729383,0.9424909094620042,1.0,True
AC093391.2,-0.07213948,-22.940685,0.9424909094620042,1.0,True
HNMT,-0.07213948,-22.940685,0.9424909094620042,1.0,True
RFPL1S,-0.07213948,-22.886086,0.9424909094620042,1.0,True
NEFH,-0.07213948,-22.729383,0.9424909094620042,1.0,True
DHCR24,-0.07213948,-22.80948,0.9424909094620042,1.0,True
LINC01135,-0.07213948,-22.475374,0.9424909094620042,1.0,True
DOCK7,-0.07213948,-22.628658,0.9424909094620042,1.0,True
CMTM5,-0.07213948,-22.72875,0.9424909094620042,1.0,True
PPT2-EGFL8,-0.07213948,-23.123146,0.9424909094620042,1.0,True
ASGR2,-0.07213948,-22.781368,0.9424909094620042,1.0,True
CLDN7,-0.07213948,-22.675507,0.9424909094620042,1.0,True
ZNF449,-0.07213948,-22.812578,0.9424909094620042,1.0,True
DDX26B,-0.07213948,-23.102772,0.9424909094620042,1.0,True
FSTL1,-0.07213948,-23.195591,0.9424909094620042,1.0,True
TEF,-0.07213948,-23.25982,0.9424909094620042,1.0,True
C11orf82,-0.07213948,-22.941479,0.9424909094620042,1.0,True
CCDC134,-0.07213948,-22.74052,0.9424909094620042,1.0,True
CTA-250D10.23,-0.07213948,-22.685446,0.9424909094620042,1.0,True
C1orf61,-0.07213948,-22.693348,0.9424909094620042,1.0,True
ZNF813,-0.07213948,-22.901136,0.9424909094620042,1.0,True
C11orf95,-0.07213948,-22.785046,0.9424909094620042,1.0,True
SPA17,-0.07213948,-22.834206,0.9424909094620042,1.0,True
ESAM,-0.07213948,-22.454304,0.9424909094620042,1.0,True
RP11-432I5.1,-0.07213948,-23.684858,0.9424909094620042,1.0,True
ZDHHC9,-0.07213948,-22.737007,0.9424909094620042,1.0,True
BCORL1,-0.07213948,-22.680313,0.9424909094620042,1.0,True
ME3,-0.07213948,-22.690605,0.9424909094620042,1.0,True
PAK3,-0.07213948,-22.798544,0.9424909094620042,1.0,True
TENM1,-0.07213948,-22.628658,0.9424909094620042,1.0,True
ACVR1C,-0.07213948,-22.72875,0.9424909094620042,1.0,True
RP11-327P2.5,-0.07213948,-23.077301,0.9424909094620042,1.0,True
TRAPPC12-AS1,-0.07213948,-22.915668,0.9424909094620042,1.0,True
UBAP1L,-0.07213948,-22.818808,0.9424909094620042,1.0,True
CCDC102B,-0.07213948,-23.328804,0.9424909094620042,1.0,True
PLS3,-0.07213948,-22.818808,0.9424909094620042,1.0,True
AP000350.4,-0.07213948,-23.407663,0.9424909094620042,1.0,True
SH3BP5L,-0.07213948,-22.785717,0.9424909094620042,1.0,True
TPO,-0.07213948,-22.54381,0.9424909094620042,1.0,True
PAPL,-0.07213948,-22.614166,0.9424909094620042,1.0,True
CTC-246B18.10,-0.07213948,-22.58963,0.9424909094620042,1.0,True
AC009120.10,-0.07213948,-22.696709,0.9424909094620042,1.0,True
ZNF19,-0.07213948,-22.986233,0.9424909094620042,1.0,True
ALDH7A1,-0.07213948,-22.737007,0.9424909094620042,1.0,True
MARCH3,-0.07213948,-23.100859,0.9424909094620042,1.0,True
SEMA4A,-0.07213948,-22.825426,0.9424909094620042,1.0,True
WBP2NL,-0.07213948,-23.182253,0.9424909094620042,1.0,True
ADAT2,-0.07213948,-22.984566,0.9424909094620042,1.0,True
TIAM2,-0.07213948,-23.147076,0.9424909094620042,1.0,True
CD1E,-0.07213948,-23.123146,0.9424909094620042,1.0,True
RNU11,-0.07213948,-22.675808,0.9424909094620042,1.0,True
ACVR1B,-0.07213948,-22.914127,0.9424909094620042,1.0,True
ZNF516,-0.07213948,-22.386562,0.9424909094620042,1.0,True
ACPP,-0.07213948,-22.71806,0.9424909094620042,1.0,True
PPP2R3A,-0.07213948,-22.818808,0.9424909094620042,1.0,True
RP11-731C17.2,-0.07213948,-22.793121,0.9424909094620042,1.0,True
TNNI2,-0.07213948,-22.66834,0.9424909094620042,1.0,True
PHLDA2,-0.07213948,-22.720879,0.9424909094620042,1.0,True
SMPD3,-0.07213948,-22.865788,0.9424909094620042,1.0,True
HAS3,-0.07213948,-22.834913,0.9424909094620042,1.0,True
AC010226.4,-0.07213948,-22.692432,0.9424909094620042,1.0,True
CTD-2287O16.5,-0.07213948,-22.85418,0.9424909094620042,1.0,True
LRRC20,-0.07213948,-22.639301,0.9424909094620042,1.0,True
SLAMF8,-0.07213948,-22.92848,0.9424909094620042,1.0,True
C1orf204,-0.07213948,-22.58963,0.9424909094620042,1.0,True
VSIG8,-0.07213948,-22.805706,0.9424909094620042,1.0,True
ZNF320,-0.07213948,-22.955475,0.9424909094620042,1.0,True
LINC00880,-0.07213948,-23.102772,0.9424909094620042,1.0,True
RP5-1091N2.9,-0.07213948,-22.862507,0.9424909094620042,1.0,True
ACRC,-0.07213948,-22.901136,0.9424909094620042,1.0,True
SPIN3,-0.07213948,-23.343754,0.9424909094620042,1.0,True
MTMR8,-0.07213948,-22.729383,0.9424909094620042,1.0,True
IL12A,-0.07213948,-22.452608,0.9424909094620042,1.0,True
CDH23,-0.07213948,-22.728436,0.9424909094620042,1.0,True
CXorf57,-0.07213948,-23.059832,0.9424909094620042,1.0,True
NUP62CL,-0.07213948,-22.692432,0.9424909094620042,1.0,True
LINC00630,-0.07213948,-22.44296,0.9424909094620042,1.0,True
ARHGEF11,-0.07213948,-23.229698,0.9424909094620042,1.0,True
MCC,-0.07213948,-22.825775,0.9424909094620042,1.0,True
GPR150,-0.07213948,-22.64017,0.9424909094620042,1.0,True
ELL2,-0.07213948,-22.986233,0.9424909094620042,1.0,True
ATP6V0A1,-0.07213948,-22.454304,0.9424909094620042,1.0,True
ARID1B,-0.07213948,-22.454304,0.9424909094620042,1.0,True
AP000769.7,-0.07213948,-22.674309,0.9424909094620042,1.0,True
RP11-486G15.2,-0.07213948,-22.886086,0.9424909094620042,1.0,True
SSX2IP,-0.07213948,-22.866882,0.9424909094620042,1.0,True
SNX33,-0.07213948,-22.881247,0.9424909094620042,1.0,True
ZNF396,-0.07213948,-22.559486,0.9424909094620042,1.0,True
PLD1,-0.07213948,-22.84521,0.9424909094620042,1.0,True
KDM4D,-0.07213948,-22.753405,0.9424909094620042,1.0,True
LGALS8-AS1,-0.07213948,-22.18496,0.9424909094620042,1.0,True
RP11-385F5.5,-0.07213948,-22.94705,0.9424909094620042,1.0,True
GREM2,-0.07213948,-22.799562,0.9424909094620042,1.0,True
RP11-261C10.3,-0.07213948,-22.54381,0.9424909094620042,1.0,True
CIT,-0.07213948,-22.84521,0.9424909094620042,1.0,True
DET1,-0.07213948,-22.783373,0.9424909094620042,1.0,True
TAF4B,-0.07213948,-22.710892,0.9424909094620042,1.0,True
SYDE2,-0.07213948,-22.668043,0.9424909094620042,1.0,True
RP11-131L23.1,-0.07213948,-22.737007,0.9424909094620042,1.0,True
RP11-588G21.2,-0.07213948,-22.614166,0.9424909094620042,1.0,True
MEN1,-0.07213948,-22.863235,0.9424909094620042,1.0,True
HSD17B1,-0.07213948,-22.18496,0.9424909094620042,1.0,True
TUBG2,-0.07213948,-22.838451,0.9424909094620042,1.0,True
SLC12A4,-0.07213948,-22.955475,0.9424909094620042,1.0,True
CAHM,-0.07213948,-23.13303,0.9424909094620042,1.0,True
PAXBP1-AS1,-0.07213948,-22.770746,0.9424909094620042,1.0,True
TRIM59,-0.07213948,-22.834206,0.9424909094620042,1.0,True
B3GALNT1,-0.07213948,-22.749846,0.9424909094620042,1.0,True
EDA,-0.07213948,-23.15368,0.9424909094620042,1.0,True
IL10RB-AS1,-0.07213948,-22.642487,0.9424909094620042,1.0,True
TMEM136,-0.07213948,-22.76712,0.9424909094620042,1.0,True
IFI30,-0.07213948,-22.668043,0.9424909094620042,1.0,True
RAB3A,-0.07213948,-23.18916,0.9424909094620042,1.0,True
SAMD4A,-0.07213948,-22.680313,0.9424909094620042,1.0,True
FAM72B,-0.07213948,-22.651226,0.9424909094620042,1.0,True
C17orf107,-0.07213948,-22.71931,0.9424909094620042,1.0,True
ALOX12,-0.07213948,-23.15368,0.9424909094620042,1.0,True
LINC00937,-0.07213948,-22.800924,0.9424909094620042,1.0,True
PLEK2,-0.07213948,-22.674309,0.9424909094620042,1.0,True
DACT1,-0.07213948,-22.820196,0.9424909094620042,1.0,True
WDR89,-0.07213948,-22.668043,0.9424909094620042,1.0,True
TMOD1,-0.07213948,-22.803995,0.9424909094620042,1.0,True
FNTB,-0.07213948,-22.781368,0.9424909094620042,1.0,True
KIF5C,-0.07213948,-22.730333,0.9424909094620042,1.0,True
PP13439,-0.07213948,-22.70285,0.9424909094620042,1.0,True
RAB31,-0.07213948,-22.825426,0.9424909094620042,1.0,True
KLHL25,-0.07213948,-22.718685,0.9424909094620042,1.0,True
C21orf49,-0.07213948,-22.84521,0.9424909094620042,1.0,True
CRYGS,-0.07213948,-23.110474,0.9424909094620042,1.0,True
ZNF710,-0.07213948,-22.782703,0.9424909094620042,1.0,True
SEMA4B,-0.07213948,-22.639301,0.9424909094620042,1.0,True
HOMER2,-0.07213948,-22.628658,0.9424909094620042,1.0,True
LAMP3,-0.07213948,-24.25687,0.9424909094620042,1.0,True
C6orf99,-0.07213948,-22.865788,0.9424909094620042,1.0,True
ZDHHC1,-0.07213948,-23.105652,0.9424909094620042,1.0,True
ENKD1,-0.07213948,-22.867615,0.9424909094620042,1.0,True
RANBP10,-0.07213948,-22.800924,0.9424909094620042,1.0,True
C11orf35,-0.07213948,-22.955475,0.9424909094620042,1.0,True
RP11-404F10.2,-0.07213948,-22.346233,0.9424909094620042,1.0,True
SIGLEC14,-0.07213948,-22.662998,0.9424909094620042,1.0,True
DVL3,-0.07213948,-22.692432,0.9424909094620042,1.0,True
RP5-1092A3.4,-0.07213948,-23.029015,0.9424909094620042,1.0,True
SEMA4F,-0.07213948,-22.730333,0.9424909094620042,1.0,True
MYOM1,-0.07213948,-22.782703,0.9424909094620042,1.0,True
FOXP3,-0.07213948,-22.303053,0.9424909094620042,1.0,True
PPP1R3F,-0.07213948,-22.75926,0.9424909094620042,1.0,True
IMPA2,-0.07213948,-22.531746,0.9424909094620042,1.0,True
CEP76,-0.07213948,-22.651226,0.9424909094620042,1.0,True
LINC00562,-0.07213948,-22.690605,0.9424909094620042,1.0,True
KNTC1,-0.07213948,-22.747908,0.9424909094620042,1.0,True
HCAR2,-0.07213948,-23.082426,0.9424909094620042,1.0,True
RP1-111C20.4,-0.07213948,-22.702234,0.9424909094620042,1.0,True
RP11-13P5.1,-0.07213948,-22.84807,0.9424909094620042,1.0,True
PDE8B,-0.07213948,-22.72654,0.9424909094620042,1.0,True
LHFPL2,-0.07213948,-22.773722,0.9424909094620042,1.0,True
MCTP1,-0.07213948,-22.834913,0.9424909094620042,1.0,True
DLG5,-0.07213948,-22.675808,0.9424909094620042,1.0,True
AC006129.1,-0.07213948,-22.793121,0.9424909094620042,1.0,True
AC006129.4,-0.07213948,-22.693653,0.9424909094620042,1.0,True
IDUA,-0.07213948,-22.559486,0.9424909094620042,1.0,True
HIST3H2A,-0.07213948,-22.023294,0.9424909094620042,1.0,False
RHOU,-0.07213948,-22.798203,0.9424909094620042,1.0,True
RP11-573D15.9,-0.07213948,-22.611067,0.9424909094620042,1.0,True
AC022498.1,-0.07213948,-23.195591,0.9424909094620042,1.0,True
RP11-386G11.5,-0.07213948,-22.631523,0.9424909094620042,1.0,True
PTPRM,-0.07213948,-22.81189,0.9424909094620042,1.0,True
ANKRD34B,-0.07213948,-22.696709,0.9424909094620042,1.0,True
MICALL2,-0.07213948,-22.85418,0.9424909094620042,1.0,True
RILPL1,-0.07213948,-22.915668,0.9424909094620042,1.0,True
BCL7A,-0.07213948,-22.72654,0.9424909094620042,1.0,True
MB21D2,-0.07213948,-22.902275,0.9424909094620042,1.0,True
UXT-AS1,-0.07213948,-23.059832,0.9424909094620042,1.0,True
ZNF630,-0.07213948,-22.418737,0.9424909094620042,1.0,True
TSPAN7,-0.07213948,-23.105652,0.9424909094620042,1.0,True
RP11-265P11.2,-0.07213948,-22.702234,0.9424909094620042,1.0,True
TLR5,-0.07213948,-22.782703,0.9424909094620042,1.0,True
PCSK6,-0.07213948,-22.850222,0.9424909094620042,1.0,True
FBXO45,-0.07213948,-22.805706,0.9424909094620042,1.0,True
SECTM1,-0.07213948,-22.819849,0.9424909094620042,1.0,True
CXorf21,-0.07213948,-22.803995,0.9424909094620042,1.0,True
TAB3,-0.07213948,-22.72875,0.9424909094620042,1.0,True
FAM89A,-0.07213948,-22.611067,0.9424909094620042,1.0,True
RP11-506M13.3,-0.07213948,-22.808792,0.9424909094620042,1.0,True
DOK4,-0.07213948,-22.901136,0.9424909094620042,1.0,True
FCHO2,-0.07213948,-22.676407,0.9424909094620042,1.0,True
TPPP3,-0.07213948,-22.812578,0.9424909094620042,1.0,True
CTPS2,-0.07213948,-22.738922,0.9424909094620042,1.0,True
ZNF718,-0.07213948,-23.005222,0.9424909094620042,1.0,True
CPLX1,-0.07213948,-22.728436,0.9424909094620042,1.0,True
KLHL15,-0.07213948,-22.18496,0.9424909094620042,1.0,True
POLA1,-0.07213948,-22.72654,0.9424909094620042,1.0,True
RP11-367J11.2,-0.07213948,-22.800924,0.9424909094620042,1.0,True
RP11-367J11.3,-0.07213948,-22.799562,0.9424909094620042,1.0,True
BAIAP2,-0.07213948,-22.454304,0.9424909094620042,1.0,True
FBXL16,-0.07213948,-23.123146,0.9424909094620042,1.0,True
TRMT44,-0.07213948,-22.77571,0.9424909094620042,1.0,True
TAPT1,-0.07213948,-22.73924,0.9424909094620042,1.0,True
RP11-5C23.1,-0.07213948,-22.968058,0.9424909094620042,1.0,True
LACC1,-0.07213948,-22.58963,0.9424909094620042,1.0,True
ENAH,-0.07213948,-22.88945,0.9424909094620042,1.0,True
RP11-326C3.2,-0.07213948,-22.690605,0.9424909094620042,1.0,True
GPR146,-0.07213948,-22.18496,0.9424909094620042,1.0,True
CEACAM4,-0.07213948,-22.81396,0.9424909094620042,1.0,True
CEACAM3,-0.07213948,-22.665665,0.9424909094620042,1.0,True
FLJ27365,-0.07213948,-22.749846,0.9424909094620042,1.0,True
SLC35F2,-0.07213948,-22.746943,0.9424909094620042,1.0,True
PHKA2,-0.07213948,-22.840935,0.9424909094620042,1.0,True
AC144652.1,-0.07213948,-23.169136,0.9424909094620042,1.0,True
TAPT1-AS1,-0.07213948,-22.812578,0.9424909094620042,1.0,True
RP3-402G11.25,-0.07213948,-22.80948,0.9424909094620042,1.0,True
CTD-2047H16.4,-0.07213948,-22.023294,0.9424909094620042,1.0,True
RP11-36B15.1,-0.07213948,-22.761873,0.9424909094620042,1.0,True
TLR10,-0.07213948,-22.454304,0.9424909094620042,1.0,True
CEACAM1,-0.07213948,-22.303053,0.9424909094620042,1.0,True
RP11-402D21.2,-0.07213948,-22.685446,0.9424909094620042,1.0,True
SLC35G1,-0.07213948,-22.914127,0.9424909094620042,1.0,True
NOP14,-0.07213948,-22.738922,0.9424909094620042,1.0,True
GRK4,-0.07213948,-22.834913,0.9424909094620042,1.0,True
CTD-2020K17.4,-0.07213948,-22.676407,0.9424909094620042,1.0,True
NBL1,-0.07213948,-22.611067,0.9424909094620042,1.0,True
CHST15,-0.07213948,-22.717434,0.9424909094620042,1.0,True
NUF2,-0.07213948,-22.68696,0.9424909094620042,1.0,True
CITF22-92A6.1,-0.07213948,-22.737965,0.9424909094620042,1.0,True
TLR6,-0.07213948,-23.073593,0.9424909094620042,1.0,True
WDR19,-0.07213948,-22.803995,0.9424909094620042,1.0,True
KLB,-0.07213948,-22.680313,0.9424909094620042,1.0,True
AL020996.1,-0.07213948,-22.818808,0.9424909094620042,1.0,True
INPP5A,-0.07213948,-22.940685,0.9424909094620042,1.0,True
SPIB,-0.07213948,-22.651226,0.9424909094620042,1.0,True
SCIN,-0.07213948,-22.71806,0.9424909094620042,1.0,True
NETO2,-0.07213948,-22.872013,0.9424909094620042,1.0,True
ZNF467,-0.07213948,-22.628658,0.9424909094620042,1.0,True
ZNF223-1,-0.07213948,-22.303053,0.9424909094620042,1.0,True
ZNF284,-0.07213948,-22.796507,0.9424909094620042,1.0,True
OTUD3,-0.07213948,-22.454304,0.9424909094620042,1.0,True
ANKRD55,-0.07213948,-22.809135,0.9424909094620042,1.0,True
SETD9,-0.07213948,-22.785717,0.9424909094620042,1.0,True
LIPE-AS1,-0.07213948,-22.941479,0.9424909094620042,1.0,True
SEC14L1,-0.07213948,-0.18906607,0.9424909094620042,1.0,True
ZNF189,-0.07213948,-22.628658,0.9424909094620042,1.0,True
RP11-977G19.12,-0.07213948,-22.786053,0.9424909094620042,1.0,True
HMGA1P4,-0.07213948,-22.454304,0.9424909094620042,1.0,True
PLCH2,-0.07213948,-22.879765,0.9424909094620042,1.0,True
MMEL1,-0.07213948,-22.748232,0.9424909094620042,1.0,True
AP001046.5,-0.07213948,-23.029015,0.9424909094620042,1.0,True
U47924.31,-0.07213948,-23.182781,0.9424909094620042,1.0,True
CD163,-0.07213948,-22.811201,0.9424909094620042,1.0,True
CTD-3195I5.1,-0.07213948,-22.893204,0.9424909094620042,1.0,True
RP11-430H10.1,-0.07213948,-22.662998,0.9424909094620042,1.0,True
SYCP3,-0.07213948,-22.73924,0.9424909094620042,1.0,True
AL136376.1,-0.07213948,-23.155212,0.9424909094620042,1.0,True
ZSCAN22,-0.07213948,-22.798203,0.9424909094620042,1.0,True
TGM1,-0.07213948,-22.023294,0.9424909094620042,1.0,True
RP11-61J19.4,-0.07213948,-22.74052,0.9424909094620042,1.0,True
TLL2,-0.07213948,-22.559486,0.9424909094620042,1.0,True
RASL11A,-0.07213948,-23.179611,0.9424909094620042,1.0,True
SCD,-0.07213948,-23.17698,0.9424909094620042,1.0,True
CR2,-0.07213948,-22.454304,0.9424909094620042,1.0,True
SLC45A3,-0.07213948,-23.073593,0.9424909094620042,1.0,True
JHDM1D-AS1,-0.07213948,-22.812578,0.9424909094620042,1.0,True
TEC,-0.07213948,-22.732553,0.9424909094620042,1.0,True
ZNF425,-0.07213948,-23.005222,0.9424909094620042,1.0,True
RP11-413H22.2,-0.07213948,-23.123146,0.9424909094620042,1.0,True
NT5C3A,-0.07213948,-0.078664914,0.9424909094620042,1.0,True
SEPP1,-0.07213948,-22.74052,0.9424909094620042,1.0,True
RP11-798G7.6,-0.07213948,-22.85418,0.9424909094620042,1.0,True
ZNF282,-0.07213948,-23.182781,0.9424909094620042,1.0,True
TMPRSS11E,-0.07213948,-22.346233,0.9424909094620042,1.0,True
MMP25,-0.07213948,-22.611067,0.9424909094620042,1.0,True
FAM129C,-0.07213948,-22.454304,0.9424909094620042,1.0,True
STXBP1,-0.07213948,-22.760893,0.9424909094620042,1.0,True
LINC00957,-0.07213948,-22.75926,0.9424909094620042,1.0,True
ZNF646,-0.07213948,-22.733189,0.9424909094620042,1.0,True
RP11-1079K10.4,-0.07213948,-22.84807,0.9424909094620042,1.0,True
CTD-2023M8.1,-0.07213948,-22.984566,0.9424909094620042,1.0,True
FAM47E-STBD1-1,-0.07213948,-23.102772,0.9424909094620042,1.0,True
TIGD7,-0.07213948,-22.871279,0.9424909094620042,1.0,True
MXRA7,-0.07213948,-22.793121,0.9424909094620042,1.0,True
CXCL9,-0.07213948,-22.796507,0.9424909094620042,1.0,True
HOXA5,-0.07213948,-22.18496,0.9424909094620042,1.0,True
FKBP14,-0.07213948,-22.886086,0.9424909094620042,1.0,True
LINC00265,-0.07213948,-22.665665,0.9424909094620042,1.0,True
RP11-452L6.1,-0.07213948,-22.915668,0.9424909094620042,1.0,True
ZNRF2,-0.07213948,-22.863235,0.9424909094620042,1.0,True
CALD1,-0.07213948,-22.901136,0.9424909094620042,1.0,True
EPHB6,-0.07213948,-22.746943,0.9424909094620042,1.0,True
CCNF,-0.07213948,-23.123146,0.9424909094620042,1.0,True
IGFBP3,-0.07213948,-23.123146,0.9424909094620042,1.0,True
BASP1,-0.07213948,-22.454304,0.9424909094620042,1.0,True
AP000254.8,-0.07213948,-22.738922,0.9424909094620042,1.0,True
RP5-930J4.4,-0.07213948,-22.720879,0.9424909094620042,1.0,True
RTN4R,-0.07213948,-22.866882,0.9424909094620042,1.0,True
PSD,-0.07213948,-22.724964,0.9424909094620042,1.0,True
TMEM180,-0.07213948,-22.696709,0.9424909094620042,1.0,True
C19orf83,-0.07213948,-22.749846,0.9424909094620042,1.0,True
RP11-448A19.1,-0.07213948,-22.70841,0.9424909094620042,1.0,True
RP11-179B2.2,-0.07213948,-22.773722,0.9424909094620042,1.0,True
LZTS2,-0.07213948,-22.303053,0.9424909094620042,1.0,True
PDZD7,-0.07213948,-22.798544,0.9424909094620042,1.0,True
C22orf43,-0.07213948,-22.737965,0.9424909094620042,1.0,True
MEFV,-0.07213948,-22.845924,0.9424909094620042,1.0,True
SVOPL,-0.07213948,-22.943464,0.9424909094620042,1.0,True
CXCL2,-0.07213948,-22.916824,0.9424909094620042,1.0,True
ZNF837,-0.07213948,-22.668043,0.9424909094620042,1.0,True
FAM132A,-0.07213948,-22.76712,0.9424909094620042,1.0,True
FAM66C,-0.07213948,-22.66834,0.9424909094620042,1.0,True
WNT2B,-0.07213948,-22.68696,0.9424909094620042,1.0,True
RP11-426L16.3,-0.07213948,-22.818808,0.9424909094620042,1.0,True
PPM1J,-0.07213948,-22.696709,0.9424909094620042,1.0,True
LPHN1,-0.07213948,-22.292719,0.9424909094620042,1.0,True
RP11-803D5.4,-0.07213948,-23.155212,0.9424909094620042,1.0,True
RP11-1399P15.1,-0.07213948,-22.88945,0.9424909094620042,1.0,True
EIF2AK3,-0.07213948,-22.023294,0.9424909094620042,1.0,True
AC005253.4,-0.07213948,-22.633247,0.9424909094620042,1.0,True
SLX4,-0.07213948,-22.628658,0.9424909094620042,1.0,True
LIN54,-0.07213948,-23.20072,0.9424909094620042,1.0,True
HPSE,-0.07213948,-22.783373,0.9424909094620042,1.0,True
RP11-274B21.10,-0.07213948,-23.110474,0.9424909094620042,1.0,True
ZNF70,-0.07213948,-23.155212,0.9424909094620042,1.0,True
PTPN13,-0.07213948,-22.845924,0.9424909094620042,1.0,True
RP11-22N19.2,-0.07213948,-22.81396,0.9424909094620042,1.0,True
TTYH2,-0.07213948,-22.834913,0.9424909094620042,1.0,True
CAPS2,-0.07213948,-22.872013,0.9424909094620042,1.0,True
RP3-329E20.2,-0.07213948,-22.781368,0.9424909094620042,1.0,True
XYLT2,-0.07213948,-23.082426,0.9424909094620042,1.0,True
GPRC5C,-0.07213948,-22.761873,0.9424909094620042,1.0,True
THAP5,-0.07213948,-22.867615,0.9424909094620042,1.0,True
SOX13,-0.07213948,-23.691057,0.9424909094620042,1.0,True
TMCC2,-0.07213948,-22.94705,0.9424909094620042,1.0,True
MFSD4,-0.07213948,-22.668043,0.9424909094620042,1.0,True
FGF9,-0.07213948,-22.71806,0.9424909094620042,1.0,True
CCDC157,-0.07213948,-22.023294,0.9424909094620042,1.0,True
PODN,-0.07213948,-22.817766,0.9424909094620042,1.0,True
ZBTB39,-0.07213948,-22.867615,0.9424909094620042,1.0,True
A1BG-AS1,-0.07213948,-22.718685,0.9424909094620042,1.0,True
IPO9-AS1,-0.07213948,-22.76712,0.9424909094620042,1.0,True
RNF43,-0.07213948,-22.44296,0.9424909094620042,1.0,True
PALB2,-0.07213948,-22.696709,0.9424909094620042,1.0,True
INTU,-0.07213948,-22.828226,0.9424909094620042,1.0,True
NPIPB4,-0.07213948,-22.720879,0.9424909094620042,1.0,True
RP11-680G24.5,-0.07213948,-22.023294,0.9424909094620042,1.0,True
RP11-728F11.4,-0.07213948,-22.933578,0.9424909094620042,1.0,True
RP11-388M20.6,-0.07213948,-22.732235,0.9424909094620042,1.0,True
RP11-388M20.1,-0.07213948,-22.850222,0.9424909094620042,1.0,True
RP11-56G10.2,-0.07213948,-22.702234,0.9424909094620042,1.0,True
CEP112,-0.07213948,-22.718685,0.9424909094620042,1.0,True
RP11-73K9.2,-0.07213948,-22.728436,0.9424909094620042,1.0,True
RP11-395B7.4,-0.07213948,-23.15368,0.9424909094620042,1.0,True
SH2B2,-0.07213948,-22.728436,0.9424909094620042,1.0,True
UFSP1,-0.07213948,-22.803995,0.9424909094620042,1.0,True
XYLT1,-0.07213948,-22.71931,0.9424909094620042,1.0,True
WWC2,-0.07213948,-22.64017,0.9424909094620042,1.0,True
RP5-1057J7.6,-0.07213948,-22.955475,0.9424909094620042,1.0,True
PRR11,-0.07213948,-22.75926,0.9424909094620042,1.0,True
YPEL2,-0.07213948,-22.798544,0.9424909094620042,1.0,True
SFXN2,-0.07213948,-22.733505,0.9424909094620042,1.0,True
RP11-57H14.2,-0.07213948,-22.692432,0.9424909094620042,1.0,True
CTC-273B12.10,-0.07213948,-22.888702,0.9424909094620042,1.0,True
CAMSAP2,-0.07213948,-22.834913,0.9424909094620042,1.0,True
RP11-134G8.7,-0.07213948,-22.73924,0.9424909094620042,1.0,True
RPS10P7,-0.07213948,-22.809135,0.9424909094620042,1.0,False
NAV1,-0.07213948,-22.834913,0.9424909094620042,1.0,True
TNS3,-0.07213948,-22.825426,0.9424909094620042,1.0,True
GRB10,-0.07213948,-22.838451,0.9424909094620042,1.0,True
KIAA0947,-0.07213948,-0.15860549,0.9424909094620042,1.0,True
PRRT2,-0.07213948,-22.72654,0.9424909094620042,1.0,True
PAGR1,-0.07213948,-22.718685,0.9424909094620042,1.0,True
XXbac-B135H6.18,-0.07213948,-22.810167,0.9424909094620042,1.0,True
ZNF2,-0.07213948,-22.820196,0.9424909094620042,1.0,True
LINC00342,-0.07213948,-23.168097,0.9424909094620042,1.0,True
NCAPH,-0.07213948,-22.72875,0.9424909094620042,1.0,True
ANKRD23,-0.07213948,-22.764494,0.9424909094620042,1.0,True
PTGS1,-0.07213948,-23.195591,0.9424909094620042,1.0,True
CLEC1B,-0.07213948,-22.441761,0.9424909094620042,1.0,True
AP006222.2,-0.07213948,-22.475374,0.9424909094620042,1.0,True
LRP6,-0.07213948,-22.800585,0.9424909094620042,1.0,True
DVL1,-0.07213948,-22.696709,0.9424909094620042,1.0,True
MS4A4A,-0.07213948,-22.68696,0.9424909094620042,1.0,True
RP5-1074L1.4,-0.07213948,-22.771406,0.9424909094620042,1.0,True
USP9Y,-0.07213948,-22.023294,0.9424909094620042,1.0,True
RP5-892K4.1,-0.07213948,-23.072206,0.9424909094620042,1.0,True
ARHGAP5-AS1,-0.07213948,-22.346233,0.9424909094620042,1.0,True
KCNN1,-0.07213948,-22.81189,0.9424909094620042,1.0,True
CLEC17A,-0.07213948,-22.303053,0.9424909094620042,1.0,True
STRN3,-0.07213948,-23.110716,0.9424909094620042,1.0,True
B3GALT2,-0.07213948,-22.748232,0.9424909094620042,1.0,True
CRB1,-0.07213948,-22.62011,0.9424909094620042,1.0,True
MIR4453,-0.07213948,-22.696709,0.9424909094620042,1.0,True
CDK14,-0.07213948,-22.737965,0.9424909094620042,1.0,True
PHLDB1,-0.07213948,-22.70285,0.9424909094620042,1.0,True
RP11-159D12.2,-0.07213948,-22.680313,0.9424909094620042,1.0,True
HIC2,-0.07213948,-22.692432,0.9424909094620042,1.0,True
KCNMB4,-0.07213948,-22.805706,0.9424909094620042,1.0,True
TULP2,-0.07213948,-22.773722,0.9424909094620042,1.0,True
KIAA1324L,-0.07213948,-22.901136,0.9424909094620042,1.0,True
NPIPB6,-0.07213948,-22.888702,0.9424909094620042,1.0,True
CASD1,-0.07213948,-22.44296,0.9424909094620042,1.0,True
PLA2G4C,-0.07213948,-22.800585,0.9424909094620042,1.0,True
KCNJ14,-0.07213948,-23.343754,0.9424909094620042,1.0,True
RUSC1,-0.0725232,-0.20589335,0.942185544554266,1.0,True
METTL25,-0.0725232,-0.21849668,0.942185544554266,1.0,True
TEFM,-0.0725232,-0.15244055,0.942185544554266,1.0,True
CCL3L3,-0.0725232,-0.25532404,0.942185544554266,1.0,True
SPATA20,-0.07290692,-0.14992726,0.9418801881443016,1.0,True
TBC1D14,-0.07290692,-0.14253101,0.9418801881443016,1.0,True
PTPLB,-0.07329064,-0.23592816,0.9415748402768346,1.0,True
GMDS-AS1,-0.07329064,-0.3015981,0.9415748402768346,1.0,True
MYO19,-0.07329064,-0.43858162,0.9415748402768346,1.0,True
STK11,-0.07329064,-0.27604052,0.9415748402768346,1.0,True
EFHC1,-0.07329064,-0.26822224,0.9415748402768346,1.0,True
RMND5B,-0.07329064,-0.31289628,0.9415748402768346,1.0,True
ZZEF1,-0.07329064,-0.3176249,0.9415748402768346,1.0,True
AVL9,-0.07329064,-0.20327856,0.9415748402768346,1.0,True
PEX7,-0.07329064,-0.2240768,0.9415748402768346,1.0,True
AQR,-0.07329064,-0.37043184,0.9415748402768346,1.0,True
ID3,-0.07329064,-0.2777865,0.9415748402768346,1.0,True
RPS6KA4,-0.07367436,-0.1523686,0.9412695009965844,1.0,False
CYP4V2,-0.07367436,-0.2361615,0.9412695009965844,1.0,True
HSPH1,-0.07405808,-0.27116507,0.9409641703482672,1.0,True
GTF2H2,-0.07405808,-0.59955513,0.9409641703482672,1.0,True
C12orf66,-0.07405808,-0.31352657,0.9409641703482672,1.0,True
KDM7A,-0.07405808,-0.33194327,0.9409641703482672,1.0,True
ZBTB11,-0.07405808,-0.38299346,0.9409641703482672,1.0,True
LBH,-0.07405808,-0.057597447,0.9409641703482672,1.0,True
INTS8,-0.07405808,-0.32263967,0.9409641703482672,1.0,True
MLYCD,-0.07405808,-0.25719157,0.9409641703482672,1.0,True
ZNF792,-0.07405808,-0.3324398,0.9409641703482672,1.0,True
PPIP5K2,-0.07405808,-0.30879945,0.9409641703482672,1.0,True
ASXL2,-0.07405808,-0.18117931,0.9409641703482672,1.0,True
C14orf93,-0.07405808,-0.28740257,0.9409641703482672,1.0,True
FAM199X,-0.07405808,-0.28014225,0.9409641703482672,1.0,True
LMBR1L,-0.0744418,-0.1934655,0.9406588483765946,1.0,True
FAM120B,-0.0744418,-0.12831913,0.9406588483765946,1.0,True
ZDHHC7,-0.0744418,-0.16428374,0.9406588483765946,1.0,True
EEA1,-0.0744418,-0.32774687,0.9406588483765946,1.0,True
TMCO4,-0.074825525,-0.2532375,0.9403535351262752,1.0,True
ATF2,-0.074825525,-0.3455721,0.9403535351262752,1.0,True
MBTPS1,-0.074825525,-0.07749198,0.9403535351262752,1.0,True
MRI1,-0.074825525,-0.30742303,0.9403535351262752,1.0,True
POLG,-0.074825525,-0.04140544,0.9403535351262752,1.0,True
TOM1L2,-0.074825525,-0.3404088,0.9403535351262752,1.0,True
MVB12A,-0.074825525,-0.066084065,0.9403535351262752,1.0,True
PDE6B,-0.074825525,-0.43860522,0.9403535351262752,1.0,True
CISD2,-0.075209245,-0.118788876,0.9400482306420131,1.0,True
FCHSD1,-0.075209245,-0.40471053,0.9400482306420131,1.0,True
SYTL2,-0.075209245,-0.20270401,0.9400482306420131,1.0,True
TMEM41A,-0.075209245,-0.06662752,0.9400482306420131,1.0,True
OPN3,-0.075592965,-0.31054154,0.939742934968509,1.0,True
ODF3B,-0.075592965,-0.5177814,0.939742934968509,1.0,True
ZFP82,-0.075592965,-0.43695283,0.939742934968509,1.0,True
NAA25,-0.075592965,-0.5349379,0.939742934968509,1.0,True
ORMDL3,-0.075976685,-0.028259732,0.9394376481504596,1.0,True
SLC31A2,-0.076360404,-0.38291895,0.9391323702325574,1.0,True
MYCBP,-0.076360404,-0.13061339,0.9391323702325574,1.0,True
PELP1,-0.076360404,-0.36911613,0.9391323702325574,1.0,True
KMT2B,-0.076360404,-0.566245,0.9391323702325574,1.0,True
OTUD6B,-0.076360404,-0.40011534,0.9391323702325574,1.0,True
BICD2,-0.076360404,-0.43434507,0.9391323702325574,1.0,True
PPAP2A,-0.076360404,-0.428831,0.9391323702325574,1.0,True
G2E3,-0.076360404,-0.32053864,0.9391323702325574,1.0,True
PATZ1,-0.076360404,-0.3944903,0.9391323702325574,1.0,True
SMUG1,-0.076744124,-0.1586929,0.9388271012594912,1.0,True
MORC3,-0.076744124,-0.19471262,0.9388271012594912,1.0,True
ATP1A1,-0.076744124,-0.021383027,0.9388271012594912,1.0,True
NOC4L,-0.077127844,-0.18488215,0.938521841275946,1.0,True
SFXN4,-0.077127844,-0.35093984,0.938521841275946,1.0,True
GOT1,-0.077127844,-0.46002758,0.938521841275946,1.0,True
MTMR6,-0.07789528,-0.37588915,0.937911348456138,1.0,True
RP6-109B7.3,-0.07789528,-0.5637127,0.937911348456138,1.0,True
ZNF222,-0.07789528,-0.44608644,0.937911348456138,1.0,True
NAA30,-0.07789528,-0.45247245,0.937911348456138,1.0,True
MPI,-0.07827901,-0.15107603,0.9376061157092253,1.0,True
LINC00324,-0.07827901,-0.14424092,0.9376061157092253,1.0,True
C12orf65,-0.07827901,-0.099676184,0.9376061157092253,1.0,True
TMEM101,-0.07827901,-0.05936695,0.9376061157092253,1.0,True
AGPS,-0.07866273,-0.52469,0.9373008921305328,1.0,True
TARBP1,-0.07866273,-0.664992,0.9373008921305328,1.0,True
C2orf74,-0.07866273,-0.62451017,0.9373008921305328,1.0,True
DCTN1,-0.07904645,-0.19890042,0.936995677764726,1.0,True
CNOT6L,-0.07904645,-0.053256687,0.936995677764726,1.0,True
SHPRH,-0.07904645,-0.18543793,0.936995677764726,1.0,True
TAOK3,-0.07904645,-0.11504024,0.936995677764726,1.0,True
BBS4,-0.07904645,-0.4573914,0.936995677764726,1.0,True
TXNRD1,-0.07943017,-0.57034254,0.9366904726564652,1.0,True
TUBB2A,-0.07943017,-0.46617225,0.9366904726564652,1.0,True
ZNF568,-0.07943017,-0.67369986,0.9366904726564652,1.0,True
RP11-94L15.2,-0.07981389,-0.06286311,0.9363852768504074,1.0,True
C9orf156,-0.07981389,-0.21200742,0.9363852768504074,1.0,True
CD79A,-0.08019761,-0.66984767,0.936080090391205,1.0,True
RARG,-0.08096505,-0.43010283,0.9354697456919566,1.0,True
CDCA7,-0.08096505,-0.8273234,0.9354697456919566,1.0,True
THAP9-AS1,-0.08134877,-0.022779046,0.935164587541195,1.0,True
TFDP1,-0.08134877,-0.2519875,0.935164587541195,1.0,True
TBCD,-0.08211622,-0.25480196,0.9345542998605773,1.0,True
GINM1,-0.08211622,-0.1975004,0.9345542998605773,1.0,True
TMEM115,-0.08211622,-0.2636593,0.9345542998605773,1.0,True
EXOC4,-0.082499936,-0.10952044,0.9342491704199803,1.0,True
EXT2,-0.082499936,-0.2821485,0.9342491704199803,1.0,True
PHF1,-0.082883656,-0.10050796,0.9339440506386908,1.0,True
RGS2,-0.082883656,-0.10751208,0.9339440506386908,1.0,True
MFSD11,-0.082883656,0.061131395,0.9339440506386908,1.0,True
C16orf87,-0.083267376,-0.13812599,0.9336389405613276,1.0,True
TMEM204,-0.083651096,-0.029765151,0.9333338402325054,1.0,True
TMEM57,-0.083651096,-0.2839889,0.9333338402325054,1.0,True
SCAMP3,-0.084418535,-0.09646731,0.9327236689989226,1.0,True
HDAC2,-0.084418535,-0.08748127,0.9327236689989226,1.0,True
RICTOR,-0.084802255,-0.096449316,0.9324185981833698,1.0,True
UBE2K,-0.08518598,-0.04409142,0.9321135372947744,1.0,True
SERBP1,-0.08518598,-0.054791667,0.9321135372947744,1.0,True
TCTN3,-0.08672086,-0.08032978,0.9308933939017624,1.0,True
COMMD5,-0.08710458,-0.13270994,0.9305883833167622,1.0,True
KMT2E-AS1,-0.0874883,-0.0033841631,0.930283382926212,1.0,True
POLE4,-0.0874883,-0.059609998,0.930283382926212,1.0,True
BIRC3,-0.08825574,-0.011950001,0.9296734129067225,1.0,True
CEPT1,-0.08979063,-0.13487925,0.9284535971617632,1.0,True
IVD,-0.08979063,-0.09225019,0.9284535971617632,1.0,True
S100A4,-0.08979063,-0.013101296,0.9284535971617632,1.0,True
CBR4,-0.08979063,-0.34953538,0.9284535971617632,1.0,True
BTN2A1,-0.09055807,-0.18982849,0.9278437521490296,1.0,True
RAP1GDS1,-0.09055807,-0.20587312,0.9278437521490296,1.0,True
TBC1D9B,-0.09055807,-0.045421403,0.9278437521490296,1.0,True
TREX1,-0.09055807,0.010005096,0.9278437521490296,1.0,True
MAP4K1,-0.09055807,-0.047769442,0.9278437521490296,1.0,True
PLEKHF2,-0.09094179,-0.3216374,0.9275388455134742,1.0,True
DARS,-0.09132551,-0.09531562,0.927233949517828,1.0,True
KLHL36,-0.09170923,-0.18487091,0.9269290642066116,1.0,True
COG2,-0.09170923,-0.15441519,0.9269290642066116,1.0,True
CDK17,-0.09170923,-0.1949686,0.9269290642066116,1.0,True
CDKN1B,-0.09209295,-0.1736306,0.926624189624341,1.0,True
MOSPD1,-0.09209295,-0.084188454,0.926624189624341,1.0,True
ANKRD13C,-0.09209295,-0.12551986,0.926624189624341,1.0,True
ZNF652,-0.09209295,-0.21244755,0.926624189624341,1.0,True
SCOC,-0.09247667,-0.114757724,0.9263193258155268,1.0,True
UBXN2A,-0.09286039,-0.05446477,0.926014472824676,1.0,True
ANKH,-0.09286039,-0.1050626,0.926014472824676,1.0,True
PIGF,-0.09362783,-0.21434535,0.925404799474864,1.0,True
TAF15,-0.09362783,-0.050344184,0.925404799474864,1.0,True
QRICH1,-0.09362783,-0.22660191,0.925404799474864,1.0,True
ZNF263,-0.09362783,-0.19577834,0.925404799474864,1.0,True
ZCCHC11,-0.09439527,-0.13323152,0.9247951699308604,1.0,True
FOXJ3,-0.09439527,-0.19412433,0.9247951699308604,1.0,True
ISG20L2,-0.09439527,-0.1803385,0.9247951699308604,1.0,True
CETN3,-0.09516271,-0.4204031,0.9241855845485424,1.0,True
DDX52,-0.09516271,-0.09590856,0.9241855845485424,1.0,True
HEXIM2,-0.09516271,-0.484121,0.9241855845485424,1.0,True
TFCP2,-0.09516271,-0.37195814,0.9241855845485424,1.0,True
FABP5,-0.09516271,-0.38476428,0.9241855845485424,1.0,True
POLB,-0.09516271,-0.37482914,0.9241855845485424,1.0,True
TBC1D2,-0.09516271,-0.23458993,0.9241855845485424,1.0,True
C3orf62,-0.09516271,-0.52193457,0.9241855845485424,1.0,True
GGT1,-0.09516271,-0.43141553,0.9241855845485424,1.0,True
ANKZF1,-0.09516271,-0.14229895,0.9241855845485424,1.0,True
ZNF583,-0.09516271,-0.24698108,0.9241855845485424,1.0,True
NUPL1,-0.09516271,-0.5254931,0.9241855845485424,1.0,True
APITD1,-0.09516271,-0.38544288,0.9241855845485424,1.0,True
DUS4L,-0.09516271,-0.43734175,0.9241855845485424,1.0,True
PPP1R16A,-0.09516271,-0.40503612,0.9241855845485424,1.0,True
TNKS,-0.09516271,-0.492804,0.9241855845485424,1.0,True
SLC35E1,-0.09516271,-0.05752007,0.9241855845485424,1.0,True
PLD4,-0.09516271,-0.34679845,0.9241855845485424,1.0,True
RP11-296O14.3,-0.09516271,-0.5182969,0.9241855845485424,1.0,True
SLC40A1,-0.09516271,-0.28112006,0.9241855845485424,1.0,True
ZXDC,-0.09593016,-0.44423532,0.9235760436837104,1.0,True
METRNL,-0.09593016,-0.4285445,0.9235760436837104,1.0,True
ZNF747,-0.09593016,-0.48380214,0.9235760436837104,1.0,True
MAPK8IP3,-0.09593016,-0.49934426,0.9235760436837104,1.0,True
LCOR,-0.09593016,-0.24573737,0.9235760436837104,1.0,True
FAM221A,-0.09593016,-0.5071904,0.9235760436837104,1.0,True
RC3H1,-0.09593016,-0.3597712,0.9235760436837104,1.0,True
ZNF354B,-0.09593016,-0.313158,0.9235760436837104,1.0,True
GZF1,-0.09593016,-0.35307673,0.9235760436837104,1.0,True
SLC8B1,-0.09593016,-0.37750015,0.9235760436837104,1.0,True
MTMR12,-0.09593016,-0.43734267,0.9235760436837104,1.0,True
OTUD1,-0.09593016,-0.13424781,0.9235760436837104,1.0,True
SSU72,-0.09631388,-0.014447757,0.9232712900565176,1.0,True
PWWP2A,-0.0966976,-0.095988944,0.9229665476920856,1.0,True
BACH2,-0.0966976,-0.19240126,0.9229665476920856,1.0,True
STX6,-0.0966976,-0.5700955,0.9229665476920856,1.0,True
CAMKK2,-0.0966976,-0.48378336,0.9229665476920856,1.0,True
ZBTB24,-0.0966976,-0.48971206,0.9229665476920856,1.0,True
VPS39,-0.0966976,-0.51154834,0.9229665476920856,1.0,True
ZBTB44,-0.0966976,-0.19324537,0.9229665476920856,1.0,True
PACSIN1,-0.0966976,-0.47162482,0.9229665476920856,1.0,True
FAM161B,-0.0966976,-0.5276087,0.9229665476920856,1.0,True
MCOLN1,-0.0966976,-0.6310405,0.9229665476920856,1.0,True
AGO1,-0.0966976,-0.58711356,0.9229665476920856,1.0,True
LINC01137,-0.0966976,-0.37803644,0.9229665476920856,1.0,True
LEPREL4,-0.0966976,-0.55786484,0.9229665476920856,1.0,True
TOP1MT,-0.0966976,-0.37816763,0.9229665476920856,1.0,True
RP11-343N15.5,-0.0966976,-0.5266756,0.9229665476920856,1.0,True
ENTPD1,-0.0966976,-0.54488987,0.9229665476920856,1.0,True
TTTY15,-0.0966976,-0.56915826,0.9229665476920856,1.0,True
ATAD3B,-0.0966976,-0.45349652,0.9229665476920856,1.0,True
TMEM206,-0.0966976,-0.5186006,0.9229665476920856,1.0,True
PAQR8,-0.0966976,-0.576916,0.9229665476920856,1.0,True
SAMD8,-0.0966976,-0.4867793,0.9229665476920856,1.0,True
C19orf82,-0.0966976,-0.49000406,0.9229665476920856,1.0,True
UBP1,-0.0966976,-0.56675225,0.9229665476920856,1.0,True
WDR27,-0.0966976,-0.56943625,0.9229665476920856,1.0,True
ZNF397,-0.0966976,-0.78085023,0.9229665476920856,1.0,True
ZFYVE26,-0.0966976,-0.4040534,0.9229665476920856,1.0,True
ZNF419,-0.0966976,-0.4275395,0.9229665476920856,1.0,True
PAFAH1B1,-0.0966976,-0.1450235,0.9229665476920856,1.0,True
WDR11,-0.0966976,-0.31011376,0.9229665476920856,1.0,True
TBCCD1,-0.0966976,-0.5105477,0.9229665476920856,1.0,True
HKR1,-0.0966976,-0.50695723,0.9229665476920856,1.0,True
MAP1LC3A,-0.0966976,-0.55527115,0.9229665476920856,1.0,True
RP11-398K22.12,-0.09746504,-0.55268353,0.9223570969293104,1.0,True
RP5-1073O3.7,-0.09746504,-0.43029037,0.9223570969293104,1.0,True
IKZF3,-0.09746504,-0.58102274,0.9223570969293104,1.0,True
ZNF141,-0.09746504,-0.58522266,0.9223570969293104,1.0,True
MYL5,-0.09746504,-0.45257884,0.9223570969293104,1.0,True
CTC-301O7.4,-0.09746504,-0.47826362,0.9223570969293104,1.0,True
ZNF512,-0.09746504,-0.5073309,0.9223570969293104,1.0,True
MZB1,-0.09746504,-0.5420363,0.9223570969293104,1.0,True
P2RY11,-0.09746504,-0.57520807,0.9223570969293104,1.0,True
SENP2,-0.09746504,-0.70820177,0.9223570969293104,1.0,True
TNFSF14,-0.09746504,-0.2960815,0.9223570969293104,1.0,True
RP5-1068E13.7,-0.09746504,-0.5078026,0.9223570969293104,1.0,True
PRICKLE4,-0.09746504,-0.5321302,0.9223570969293104,1.0,True
MSH3,-0.09746504,-0.26235408,0.9223570969293104,1.0,True
C8orf82,-0.09746504,-0.5185867,0.9223570969293104,1.0,True
CD200R1,-0.09746504,-0.65235186,0.9223570969293104,1.0,True
ZNF280D,-0.09746504,-0.5689385,0.9223570969293104,1.0,True
SERINC5,-0.09746504,-0.5323368,0.9223570969293104,1.0,True
CCP110,-0.09746504,-0.31233087,0.9223570969293104,1.0,True
AKT1S1,-0.09746504,-0.5220528,0.9223570969293104,1.0,True
EHBP1L1,-0.09746504,-0.4919181,0.9223570969293104,1.0,True
BTBD2,-0.09746504,-0.6227503,0.9223570969293104,1.0,True
SNX9,-0.09746504,-0.47079274,0.9223570969293104,1.0,True
TMEM63B,-0.09746504,-0.63820815,0.9223570969293104,1.0,True
MGAT5,-0.09746504,-0.44127738,0.9223570969293104,1.0,True
ITGA4,-0.09784876,-0.03879865,0.922052388619858,1.0,True
APC,-0.09784876,-0.58399177,0.922052388619858,1.0,True
PUS7L,-0.09823248,-0.64439464,0.9217476917509476,1.0,True
DNAJC25,-0.09823248,-0.5246699,0.9217476917509476,1.0,True
SLC43A3,-0.09823248,-0.5934874,0.9217476917509476,1.0,True
RP11-936I5.1,-0.09823248,-0.7284669,0.9217476917509476,1.0,True
NR1D1,-0.09823248,-0.5777725,0.9217476917509476,1.0,True
ORC2,-0.09823248,-0.54441327,0.9217476917509476,1.0,True
ZNF550,-0.09823248,-0.4993394,0.9217476917509476,1.0,True
KDM3B,-0.09823248,-0.6268384,0.9217476917509476,1.0,True
MAP3K3,-0.09823248,-0.5510326,0.9217476917509476,1.0,True
DOCK9,-0.09823248,-0.6525506,0.9217476917509476,1.0,True
EDC4,-0.09823248,-0.4686303,0.9217476917509476,1.0,True
SNHG10,-0.09823248,-0.66697174,0.9217476917509476,1.0,True
PMS1,-0.09823248,-0.16788349,0.9217476917509476,1.0,True
AGO4,-0.09823248,0.049264368,0.9217476917509476,1.0,True
NFYA,-0.09823248,-0.5779463,0.9217476917509476,1.0,True
WDR5,-0.09823248,-0.54247296,0.9217476917509476,1.0,True
FCF1,-0.09823248,-0.5945971,0.9217476917509476,1.0,True
AC002117.1,-0.09823248,-0.615884,0.9217476917509476,1.0,True
RP11-383H13.1,-0.09823248,-0.60787344,0.9217476917509476,1.0,True
HIF1AN,-0.09823248,-0.5841773,0.9217476917509476,1.0,True
FAM227B,-0.09823248,-0.61721975,0.9217476917509476,1.0,True
SMARCA4,-0.09823248,-0.0902021,0.9217476917509476,1.0,True
CCDC14,-0.09823248,-0.17882717,0.9217476917509476,1.0,True
PPOX,-0.09823248,-0.49207443,0.9217476917509476,1.0,True
PICK1,-0.09823248,-0.7188148,0.9217476917509476,1.0,True
SNAPC1,-0.09823248,-0.61150867,0.9217476917509476,1.0,True
HNRNPU-AS1,-0.09823248,-0.6164123,0.9217476917509476,1.0,True
NUDT4,-0.09823248,-0.58105063,0.9217476917509476,1.0,True
E4F1,-0.09823248,-0.522922,0.9217476917509476,1.0,True
PPM1D,-0.09823248,-0.16145746,0.9217476917509476,1.0,True
PIGB,-0.09823248,-0.6237588,0.9217476917509476,1.0,True
STK11IP,-0.09823248,-0.77070004,0.9217476917509476,1.0,True
RFNG,-0.098999925,-1.2888343,0.9211383325124798,1.0,True
DUS1L,-0.098999925,-0.24407685,0.9211383325124798,1.0,True
PTP4A3,-0.098999925,-0.8027827,0.9211383325124798,1.0,True
GSDMB,-0.098999925,-0.6713363,0.9211383325124798,1.0,True
ZNF181,-0.098999925,-0.67322713,0.9211383325124798,1.0,True
SLC35F6,-0.098999925,-0.88369346,0.9211383325124798,1.0,True
MCM2,-0.098999925,-0.78210914,0.9211383325124798,1.0,True
LMNA,-0.098999925,-0.16333166,0.9211383325124798,1.0,True
GSTZ1,-0.098999925,-0.6015782,0.9211383325124798,1.0,True
SLC27A5,-0.098999925,-0.2380075,0.9211383325124798,1.0,True
TOMM40L,-0.098999925,-0.7158955,0.9211383325124798,1.0,True
CCDC90B,-0.099383645,-0.14447764,0.9208336702317726,1.0,True
NAF1,-0.099767365,-0.81698245,0.9205290195693084,1.0,True
TATDN2,-0.099767365,-0.67718744,0.9205290195693084,1.0,True
PIKFYVE,-0.099767365,-0.73458225,0.9205290195693084,1.0,True
ARL4D,-0.099767365,-1.0012617,0.9205290195693084,1.0,True
FAM84B,-0.099767365,-0.6572534,0.9205290195693084,1.0,True
DMKN,-0.099767365,-0.7363019,0.9205290195693084,1.0,True
ZBED5-AS1,-0.099767365,-0.77172446,0.9205290195693084,1.0,True
PSD4,-0.099767365,-0.14467794,0.9205290195693084,1.0,True
SETD4,-0.099767365,-0.4101951,0.9205290195693084,1.0,True
NSF,-0.099767365,-0.76467323,0.9205290195693084,1.0,True
KLHL9,-0.099767365,-0.70663685,0.9205290195693084,1.0,True
SMC6,-0.099767365,-0.74565786,0.9205290195693084,1.0,True
OMA1,-0.099767365,-0.29878357,0.9205290195693084,1.0,True
PELO,-0.099767365,-0.24804537,0.9205290195693084,1.0,True
ZNF431,-0.099767365,-0.6229673,0.9205290195693084,1.0,True
SELO,-0.099767365,-0.5899919,0.9205290195693084,1.0,True
ITGB1,-0.099767365,-0.13777936,0.9205290195693084,1.0,True
TNFRSF10B,-0.100151084,-0.8708332,0.9202243805694996,1.0,True
COX16,-0.100151084,-0.0139821,0.9202243805694996,1.0,True
BIVM,-0.100534804,-0.9074638,0.9199197532767536,1.0,True
LHPP,-0.100534804,-0.76025975,0.9199197532767536,1.0,True
PRUNE,-0.100534804,-0.8155751,0.9199197532767536,1.0,True
AC091729.9,-0.100534804,-0.7566566,0.9199197532767536,1.0,True
ZHX1,-0.100534804,-0.70538276,0.9199197532767536,1.0,True
HAUS1,-0.100534804,-0.2671938,0.9199197532767536,1.0,True
RP11-277L2.3,-0.100534804,-0.25120497,0.9199197532767536,1.0,True
GTF2B,-0.100534804,-0.032857914,0.9199197532767536,1.0,True
ARL5A,-0.100534804,-0.030229783,0.9199197532767536,1.0,True
DZIP3,-0.100534804,-0.90944815,0.9199197532767536,1.0,True
FOPNL,-0.100534804,-0.23810054,0.9199197532767536,1.0,True
DERA,-0.100918524,-0.119835906,0.9196151377354728,1.0,True
CHD2,-0.100918524,-0.092403725,0.9196151377354728,1.0,True
SPEF2,-0.101302244,-0.7116959,0.9193105339900534,1.0,True
WDR73,-0.101302244,-0.33567798,0.9193105339900534,1.0,True
RPS6KB2,-0.101302244,-0.06920147,0.9193105339900534,1.0,False
TYW3,-0.101302244,-0.9000014,0.9193105339900534,1.0,True
APH1B,-0.101302244,-0.22177058,0.9193105339900534,1.0,True
HAUS4,-0.10206968,-0.2746044,0.9187013620643624,1.0,True
FBXO9,-0.10245341,-0.20395692,0.9183967939728588,1.0,True
DMXL1,-0.10283713,-0.17171854,0.9180922378547528,1.0,True
MED4,-0.10283713,-0.018474726,0.9180922378547528,1.0,True
ANKLE2,-0.10283713,-0.26740697,0.9180922378547528,1.0,True
NHP2,-0.10322085,-0.017130598,0.9177876937544156,1.0,True
RPUSD1,-0.10322085,0.0105625335,0.9177876937544156,1.0,True
IKBKE,-0.10360457,-0.18211533,0.9174831617162122,1.0,True
C15orf57,-0.10360457,-0.106930025,0.9174831617162122,1.0,True
AGPAT2,-0.10360457,-0.17232211,0.9174831617162122,1.0,True
TAF8,-0.10437201,-0.39245406,0.9168741340036436,1.0,True
PAN3,-0.10513945,-0.35123017,0.9162651550718646,1.0,True
MAP2K6,-0.10513945,-0.38994765,0.9162651550718646,1.0,True
RALBP1,-0.10513945,-0.10122145,0.9162651550718646,1.0,True
GFM1,-0.10513945,-0.35801458,0.9162651550718646,1.0,True
RP11-1094M14.11,-0.10552317,-0.06532958,0.9159606840096284,1.0,True
MSRB2,-0.10552317,-0.36840704,0.9159606840096284,1.0,True
HGSNAT,-0.1059069,-0.23001757,0.9156562252756074,1.0,True
OGDH,-0.1059069,-0.23879102,0.9156562252756074,1.0,True
FBXW5,-0.106290616,-0.015270442,0.9153517789141296,1.0,True
RANBP2,-0.106674336,-0.33799082,0.9150473449695176,1.0,True
SART1,-0.106674336,-0.13579299,0.9150473449695176,1.0,True
RASA2,-0.107441776,-0.3772195,0.9144385145081528,1.0,True
GABARAPL1,-0.108209215,-0.07035859,0.9138297342459843,1.0,True
RNF115,-0.108592935,-0.14229496,0.9135253630503464,1.0,True
RBM26,-0.108976655,-0.4403934,0.913221004537394,1.0,True
USP30-AS1,-0.10936038,-0.11776747,0.9129166587514108,1.0,True
GNS,-0.1097441,-0.45326182,0.9126123257366752,1.0,True
TBC1D1,-0.11127898,-0.25824818,0.9113951222755764,1.0,True
LASP1,-0.11127898,-0.06686177,0.9113951222755764,1.0,True
SEPT1,-0.11127898,-0.083626926,0.9113951222755764,1.0,True
FARS2,-0.11281387,-0.24532177,0.9101781266952312,1.0,True
HYOU1,-0.11319759,-0.14370508,0.909873910613312,1.0,True
PHYH,-0.11319759,-0.115309834,0.909873910613312,1.0,True
UQCC2,-0.11358131,-0.105787955,0.909569707745111,1.0,True
RP5-1180E21.5,-0.11434875,-0.14525466,0.9089613418267188,1.0,True
TPP2,-0.11473247,-0.23542024,0.908657178864941,1.0,True
SPAG7,-0.11473247,-0.022582518,0.908657178864941,1.0,True
CDK6,-0.11511619,-0.21295756,0.9083530292937076,1.0,True
ZNF37A,-0.11511619,-0.17923693,0.9083530292937076,1.0,True
HDAC8,-0.116267346,-0.29087833,0.9074406613651652,1.0,True
MKLN1,-0.11703479,-0.18374504,0.906832483842221,1.0,True
TSC2,-0.11703479,-0.19662334,0.906832483842221,1.0,True
UBXN4,-0.11741851,-0.017845517,0.9065284155420787,1.0,True
ARF1,-0.11780223,-0.035279777,0.9062243609417002,1.0,True
TUBD1,-0.11780223,-0.29980192,0.9062243609417002,1.0,True
TOR1AIP1,-0.11818595,-0.14634301,0.9059203200852352,1.0,True
UBBP4,-0.11856967,-0.16501151,0.9056162930168282,1.0,True
SLC38A5,-0.11895339,-0.30705377,0.9053122797806172,1.0,True
GAPVD1,-0.11895339,-0.242254,0.9053122797806172,1.0,True
RP11-290D2.6,-0.11933711,-0.18637566,0.905008280420734,1.0,True
RUNDC1,-0.11972083,-0.32380962,0.904704294981305,1.0,True
RP11-500C11.3,-0.11972083,-0.22194028,0.904704294981305,1.0,True
SPTSSB,-0.11972083,-0.17261373,0.904704294981305,1.0,True
POLR1E,-0.11972083,-0.21704464,0.904704294981305,1.0,True
MED20,-0.12010456,-0.64550865,0.9044003235064496,1.0,True
OGFRL1,-0.12010456,-0.99440163,0.9044003235064496,1.0,True
NICN1,-0.12010456,-0.66614157,0.9044003235064496,1.0,True
NUBPL,-0.12010456,-0.9620361,0.9044003235064496,1.0,True
PTPRJ,-0.12010456,-1.008588,0.9044003235064496,1.0,True
RP11-661A12.7,-0.12010456,-0.8858281,0.9044003235064496,1.0,True
STX3,-0.12010456,-1.0022079,0.9044003235064496,1.0,True
KCNK6,-0.12010456,-1.0191073,0.9044003235064496,1.0,True
KLC2,-0.12010456,-0.98321676,0.9044003235064496,1.0,True
ICK,-0.12010456,-1.0144064,0.9044003235064496,1.0,True
GATC,-0.12010456,-0.6469872,0.9044003235064496,1.0,True
WDR4,-0.12010456,-0.8017182,0.9044003235064496,1.0,True
DCUN1D4,-0.12010456,-0.98783165,0.9044003235064496,1.0,True
TRIM68,-0.12010456,-1.0448433,0.9044003235064496,1.0,True
MCM4,-0.12010456,-0.94929403,0.9044003235064496,1.0,True
PRC1,-0.12010456,-1.0101076,0.9044003235064496,1.0,True
CTU1,-0.12010456,-0.64165944,0.9044003235064496,1.0,True
ZNF507,-0.12010456,-0.6365639,0.9044003235064496,1.0,True
DNAJC27-AS1,-0.12010456,-0.6644615,0.9044003235064496,1.0,True
EXOC6B,-0.12010456,-0.98610896,0.9044003235064496,1.0,True
ZNF526,-0.12010456,-1.1452824,0.9044003235064496,1.0,True
YEATS2,-0.12010456,-1.1274642,0.9044003235064496,1.0,True
RBBP5,-0.12010456,-1.1210247,0.9044003235064496,1.0,True
HIST1H3D,-0.12010456,-1.1122593,0.9044003235064496,1.0,False
MPZL3,-0.12010456,-1.0081134,0.9044003235064496,1.0,True
ACTR5,-0.12010456,-0.90513533,0.9044003235064496,1.0,True
CTC-378H22.1,-0.12010456,-0.19525816,0.9044003235064496,1.0,True
PFKM,-0.12010456,-1.0531373,0.9044003235064496,1.0,True
PPM1L,-0.12010456,-0.9368092,0.9044003235064496,1.0,True
ZXDB,-0.12010456,-1.0943589,0.9044003235064496,1.0,True
CEP19,-0.12010456,-1.0306598,0.9044003235064496,1.0,True
HHLA3,-0.12010456,-1.0139816,0.9044003235064496,1.0,True
FAM117B,-0.12010456,-1.0668867,0.9044003235064496,1.0,True
RASGRF2,-0.12010456,-0.8844478,0.9044003235064496,1.0,True
GDPD5,-0.12010456,-0.91557384,0.9044003235064496,1.0,True
APLF,-0.12010456,-1.1524222,0.9044003235064496,1.0,True
RP11-262H14.4,-0.12010456,-0.85101354,0.9044003235064496,1.0,True
MMD,-0.12010456,-0.74839205,0.9044003235064496,1.0,True
ABCD1,-0.12010456,-0.8962638,0.9044003235064496,1.0,True
PLXNC1,-0.12010456,-0.91760635,0.9044003235064496,1.0,True
IBA57,-0.12010456,-0.87537897,0.9044003235064496,1.0,True
ABCC1,-0.12010456,-0.9998416,0.9044003235064496,1.0,True
ASB7,-0.12010456,-0.5883582,0.9044003235064496,1.0,True
UBOX5,-0.12010456,-0.93600523,0.9044003235064496,1.0,True
CEP170,-0.12010456,-1.0127332,0.9044003235064496,1.0,True
PIK3CB,-0.12010456,-1.0293189,0.9044003235064496,1.0,True
WDR59,-0.12010456,-1.0879632,0.9044003235064496,1.0,True
ZBTB40,-0.12010456,-0.5989404,0.9044003235064496,1.0,True
COG7,-0.12010456,-1.0544416,0.9044003235064496,1.0,True
PROCA1,-0.12010456,-0.8219716,0.9044003235064496,1.0,True
WIZ,-0.12010456,-0.96503544,0.9044003235064496,1.0,True
SLC35G2,-0.12010456,-1.0182495,0.9044003235064496,1.0,True
MIR181A2HG,-0.12010456,-0.99571574,0.9044003235064496,1.0,True
B3GNT1,-0.12010456,-0.89515156,0.9044003235064496,1.0,True
CEP120,-0.12048828,-0.14619717,0.9040963660402817,1.0,True
ZMYND8,-0.12048828,-0.37665066,0.9040963660402817,1.0,True
CCDC66,-0.12048828,-0.30814132,0.9040963660402817,1.0,True
ALAS1,-0.12048828,-0.24815771,0.9040963660402817,1.0,True
SPATS2,-0.12048828,-0.3737844,0.9040963660402817,1.0,True
C9orf38,-0.12048828,-1.0945245,0.9040963660402817,1.0,True
PARG,-0.120872,-1.073552,0.9037924226269084,1.0,True
ZNF599,-0.120872,-1.0641792,0.9037924226269084,1.0,True
ZNF564,-0.120872,-1.0360835,0.9037924226269084,1.0,True
ZNF609,-0.120872,-1.1522872,0.9037924226269084,1.0,True
CCHCR1,-0.120872,-1.0867347,0.9037924226269084,1.0,True
ZNF827,-0.120872,-1.0308288,0.9037924226269084,1.0,True
POPDC2,-0.120872,-1.1245567,0.9037924226269084,1.0,True
SMAD7,-0.120872,-1.127846,0.9037924226269084,1.0,True
SIRPB1,-0.120872,-1.071645,0.9037924226269084,1.0,True
DDX43,-0.120872,-1.1903101,0.9037924226269084,1.0,True
RP11-706O15.1,-0.120872,-1.3093776,0.9037924226269084,1.0,True
MIR181A1HG,-0.120872,-1.1981599,0.9037924226269084,1.0,True
CDC14B,-0.120872,-1.2639455,0.9037924226269084,1.0,True
NR4A3,-0.120872,-1.0752345,0.9037924226269084,1.0,True
CD70,-0.120872,-1.1269573,0.9037924226269084,1.0,True
IL1RAP,-0.120872,-1.1561538,0.9037924226269084,1.0,True
MYO5A,-0.120872,-1.1585059,0.9037924226269084,1.0,True
SNX29,-0.120872,-1.1439351,0.9037924226269084,1.0,True
HCG11,-0.120872,-1.2011056,0.9037924226269084,1.0,True
C2CD5,-0.120872,-1.0889478,0.9037924226269084,1.0,True
ARHGEF12,-0.120872,-1.095978,0.9037924226269084,1.0,True
CORO1C,-0.120872,-1.2098238,0.9037924226269084,1.0,True
AMT,-0.120872,-1.3275164,0.9037924226269084,1.0,True
AMBRA1,-0.120872,-1.0534925,0.9037924226269084,1.0,True
PORCN,-0.120872,-1.1658112,0.9037924226269084,1.0,True
EIF4ENIF1,-0.120872,-1.1213322,0.9037924226269084,1.0,True
C1orf159,-0.120872,-1.1588572,0.9037924226269084,1.0,True
DNAJC13,-0.120872,-1.1333706,0.9037924226269084,1.0,True
TMEM39B,-0.120872,-1.1375531,0.9037924226269084,1.0,True
TOMM34,-0.120872,-1.1357524,0.9037924226269084,1.0,True
JAK3,-0.120872,-1.2762831,0.9037924226269084,1.0,True
STAU2,-0.120872,-0.23333739,0.9037924226269084,1.0,True
NHLRC1,-0.120872,-1.2035187,0.9037924226269084,1.0,True
DKFZP779L1853,-0.120872,-1.2669207,0.9037924226269084,1.0,True
CTD-2017D11.1,-0.120872,-1.1367328,0.9037924226269084,1.0,True
SYNJ1,-0.120872,-1.1610565,0.9037924226269084,1.0,True
POFUT1,-0.120872,-1.1740084,0.9037924226269084,1.0,True
EXTL3,-0.120872,-1.1591171,0.9037924226269084,1.0,True
GRPEL2,-0.120872,-1.0062062,0.9037924226269084,1.0,True
RAD51D,-0.120872,-0.87599486,0.9037924226269084,1.0,True
PTCH2,-0.120872,-1.1503726,0.9037924226269084,1.0,True
PPFIA1,-0.120872,-1.209065,0.9037924226269084,1.0,True
USP35,-0.120872,-1.1230824,0.9037924226269084,1.0,True
NAB1,-0.120872,-1.1172093,0.9037924226269084,1.0,True
RP11-147L13.2,-0.120872,-0.9914318,0.9037924226269084,1.0,True
SERPINI1,-0.120872,-1.1565495,0.9037924226269084,1.0,True
LEKR1,-0.120872,-0.9963912,0.9037924226269084,1.0,True
RABGEF1,-0.120872,-1.0485498,0.9037924226269084,1.0,True
FAM229B,-0.120872,-1.0679239,0.9037924226269084,1.0,True
DDB1,-0.12125572,-0.11001666,0.9034884933104314,1.0,True
RABEPK,-0.12125572,-0.39165854,0.9034884933104314,1.0,True
C4orf27,-0.12125572,-0.14969993,0.9034884933104314,1.0,True
ROGDI,-0.12125572,-0.28649053,0.9034884933104314,1.0,True
SRSF10,-0.12125572,-0.12598424,0.9034884933104314,1.0,True
C14orf2,-0.12125572,-0.12946597,0.9034884933104314,1.0,True
ST3GAL2,-0.12163944,-1.4343141,0.9031845781349456,1.0,True
DHX57,-0.12163944,-1.3361193,0.9031845781349456,1.0,True
RP11-773D16.1,-0.12163944,-1.2368282,0.9031845781349456,1.0,True
ZNF816,-0.12163944,-1.1829706,0.9031845781349456,1.0,True
FGFBP3,-0.12163944,-1.3137934,0.9031845781349456,1.0,True
L2HGDH,-0.12163944,-1.4214466,0.9031845781349456,1.0,True
RMDN2,-0.12163944,-1.1187224,0.9031845781349456,1.0,True
MAGEE1,-0.12163944,-1.4304051,0.9031845781349456,1.0,True
GSE1,-0.12163944,-1.2263702,0.9031845781349456,1.0,True
MTHFSD,-0.12163944,-1.2234088,0.9031845781349456,1.0,True
ADAMTS6,-0.12163944,-1.3376005,0.9031845781349456,1.0,True
TRIM7,-0.12163944,-1.2546173,0.9031845781349456,1.0,True
EP400NL,-0.12163944,-1.3758159,0.9031845781349456,1.0,True
SLC25A13,-0.12163944,-1.2436118,0.9031845781349456,1.0,True
PPP1R9B,-0.12163944,-1.2235503,0.9031845781349456,1.0,True
HOMER1,-0.12163944,-1.2006034,0.9031845781349456,1.0,True
FAM169A,-0.12163944,-1.3463807,0.9031845781349456,1.0,True
ACER3,-0.12163944,-1.262934,0.9031845781349456,1.0,True
LY75,-0.12163944,-1.2415082,0.9031845781349456,1.0,True
C17orf67,-0.12163944,-1.2700014,0.9031845781349456,1.0,True
AP4E1,-0.12163944,-1.3342268,0.9031845781349456,1.0,True
YTHDF3-AS1,-0.12163944,-1.2748079,0.9031845781349456,1.0,True
MRM1,-0.12163944,-1.2053103,0.9031845781349456,1.0,True
PMM2,-0.12163944,-1.221496,0.9031845781349456,1.0,True
RALGAPA2,-0.12163944,-1.2504356,0.9031845781349456,1.0,True
AHR,-0.12163944,-1.2615551,0.9031845781349456,1.0,True
IFT46,-0.12163944,-1.2243551,0.9031845781349456,1.0,True
SLC39A11,-0.12163944,-1.1855172,0.9031845781349456,1.0,True
SNAPC4,-0.12163944,-1.3719369,0.9031845781349456,1.0,True
KRTCAP3,-0.12163944,-1.1855761,0.9031845781349456,1.0,True
SLC39A14,-0.12163944,-1.4260074,0.9031845781349456,1.0,True
PPAPDC2,-0.12163944,-1.1610582,0.9031845781349456,1.0,True
SLC43A1,-0.12163944,-1.2609718,0.9031845781349456,1.0,True
SLC2A13,-0.12163944,-1.3724314,0.9031845781349456,1.0,True
ZNF23,-0.12163944,-1.449555,0.9031845781349456,1.0,True
CUL9,-0.12163944,-1.2287983,0.9031845781349456,1.0,True
ATXN7L3,-0.12163944,-1.2914886,0.9031845781349456,1.0,True
TMEM171,-0.12163944,-1.3389533,0.9031845781349456,1.0,True
PGBD4,-0.12163944,-1.2482998,0.9031845781349456,1.0,True
ITPRIPL1,-0.12163944,-1.2304232,0.9031845781349456,1.0,True
LEMD3,-0.12202316,-0.39138874,0.90288067714454,1.0,True
COX15,-0.12202316,-0.431333,0.90288067714454,1.0,True
UPRT,-0.12202316,-0.3857596,0.90288067714454,1.0,True
PPP3CA,-0.12202316,-0.39559284,0.90288067714454,1.0,True
INPP1,-0.12202316,-0.33214685,0.90288067714454,1.0,True
TMEM156,-0.12202316,-0.37728512,0.90288067714454,1.0,True
ACAD9,-0.12202316,-0.4192752,0.90288067714454,1.0,True
LARP1B,-0.12202316,-0.36268058,0.90288067714454,1.0,True
OR2A1-AS1,-0.12240688,-1.4752393,0.9025767903832974,1.0,True
ANO9,-0.12240688,-1.2418782,0.9025767903832974,1.0,True
FAM86C1,-0.12240688,-1.3094325,0.9025767903832974,1.0,True
FAM21B,-0.12240688,-1.5409653,0.9025767903832974,1.0,True
UBR3,-0.12240688,-1.4966007,0.9025767903832974,1.0,True
SIDT2,-0.12240688,-1.4260674,0.9025767903832974,1.0,True
RGS16,-0.12240688,-1.5732776,0.9025767903832974,1.0,True
KCTD12,-0.12240688,-1.3360803,0.9025767903832974,1.0,True
RPAP1,-0.12240688,-1.5197637,0.9025767903832974,1.0,True
PLRG1,-0.12240688,-0.15561742,0.9025767903832974,1.0,True
RP11-611L7.1,-0.12240688,-1.289751,0.9025767903832974,1.0,True
CD9,-0.12240688,-1.5011426,0.9025767903832974,1.0,True
HSPA1B,-0.12240688,-1.3520504,0.9025767903832974,1.0,True
ZNF121,-0.12240688,-1.4453304,0.9025767903832974,1.0,True
LONP1,-0.12240688,-1.6297448,0.9025767903832974,1.0,True
LYSMD3,-0.12240688,-1.379694,0.9025767903832974,1.0,True
DOT1L,-0.12240688,-1.3329809,0.9025767903832974,1.0,True
AMPD3,-0.12240688,-1.6655204,0.9025767903832974,1.0,True
RP11-345J4.5,-0.12240688,-1.3556004,0.9025767903832974,1.0,True
ZDHHC2,-0.12240688,-1.3097672,0.9025767903832974,1.0,True
TBC1D32,-0.12240688,-1.4365208,0.9025767903832974,1.0,True
RP11-672L10.6,-0.12240688,-1.3398045,0.9025767903832974,1.0,True
CHAF1A,-0.12240688,-1.4571127,0.9025767903832974,1.0,True
HDAC9,-0.12240688,-1.5520248,0.9025767903832974,1.0,True
SOCS5,-0.12240688,-1.5231119,0.9025767903832974,1.0,True
SLC25A24,-0.12240688,-0.25522408,0.9025767903832974,1.0,True
IFT88,-0.12240688,-1.4426104,0.9025767903832974,1.0,True
MCMBP,-0.12240688,-0.14305128,0.9025767903832974,1.0,True
CEP70,-0.12240688,-1.2310134,0.9025767903832974,1.0,True
FAM129A,-0.12240688,-0.2757472,0.9025767903832974,1.0,True
OSBPL11,-0.12240688,-1.494521,0.9025767903832974,1.0,True
TMEM194A,-0.12240688,-1.7535583,0.9025767903832974,1.0,True
AL645728.1,-0.12240688,-1.304627,0.9025767903832974,1.0,True
IL17RC,-0.12240688,-1.3655235,0.9025767903832974,1.0,True
ALDH1B1,-0.12240688,-1.7567352,0.9025767903832974,1.0,True
NR1H3,-0.12240688,-1.379216,0.9025767903832974,1.0,True
NKIRAS1,-0.12240688,-1.2535082,0.9025767903832974,1.0,True
CUL4A,-0.1227906,-0.16663401,0.902272917895294,1.0,True
ERAP1,-0.1227906,-0.39127553,0.902272917895294,1.0,True
APBB1,-0.1227906,-0.39908656,0.902272917895294,1.0,True
AP001258.4,-0.1227906,-0.48351118,0.902272917895294,1.0,True
PDE4B,-0.1227906,-0.37943113,0.902272917895294,1.0,True
ATXN2,-0.1227906,-0.28734195,0.902272917895294,1.0,True
SECISBP2L,-0.1227906,-0.3603504,0.902272917895294,1.0,True
BPNT1,-0.1227906,-0.43622607,0.902272917895294,1.0,True
HMGA1,-0.12317432,-0.10666443,0.9019690597246,1.0,True
ZNF567,-0.123558044,-0.58872306,0.9016652159152794,1.0,True
EBPL,-0.123558044,-0.08245236,0.9016652159152794,1.0,True
RBM28,-0.123558044,-0.39446533,0.9016652159152794,1.0,True
MCM3AP,-0.123558044,-0.37655184,0.9016652159152794,1.0,True
LTN1,-0.123558044,-0.43371242,0.9016652159152794,1.0,True
GUSB,-0.123558044,-0.08864029,0.9016652159152794,1.0,True
MMGT1,-0.123558044,-0.39793056,0.9016652159152794,1.0,True
NEIL2,-0.123558044,-0.3811881,0.9016652159152794,1.0,True
CDK11B,-0.123558044,-0.37220052,0.9016652159152794,1.0,True
STX12,-0.123558044,-0.16969486,0.9016652159152794,1.0,True
SLC20A1,-0.123558044,-0.11580895,0.9016652159152794,1.0,True
ZNF22,-0.123941764,-0.07080566,0.9013613865113896,1.0,True
RANBP1,-0.123941764,-0.102866784,0.9013613865113896,1.0,True
STK17B,-0.124325484,-0.095822245,0.9010575715569816,1.0,True
TRMT61A,-0.124325484,-0.4728007,0.9010575715569816,1.0,True
RP1-8B1.4,-0.124325484,-0.46336222,0.9010575715569816,1.0,True
TMEM120B,-0.124325484,-0.42332923,0.9010575715569816,1.0,True
URI1,-0.124325484,-0.12518734,0.9010575715569816,1.0,True
ETFB,-0.12509292,-0.06743858,0.9004499851727852,1.0,True
BANP,-0.12509292,-0.43530208,0.9004499851727852,1.0,True
NDNL2,-0.12509292,-0.06439665,0.9004499851727852,1.0,True
CBX1,-0.12509292,-0.15707327,0.9004499851727852,1.0,True
RILPL2,-0.12547664,-0.0856082,0.900146213831067,1.0,True
TMX4,-0.12586036,-0.08900793,0.899842457114972,1.0,True
THEM6,-0.12586036,-0.5201787,0.899842457114972,1.0,True
COQ10A,-0.12624408,-0.22263354,0.8995387150685195,1.0,True
USP5,-0.12624408,-0.25491095,0.8995387150685195,1.0,True
SPOP,-0.1266278,-0.11593671,0.8992349877357222,1.0,True
ZNF48,-0.1266278,-0.4310537,0.8992349877357222,1.0,True
NOP2,-0.1266278,-0.49446127,0.8992349877357222,1.0,True
KLHDC7B,-0.1266278,-0.39584282,0.8992349877357222,1.0,True
FAHD1,-0.1266278,-0.4334926,0.8992349877357222,1.0,True
AKAP9,-0.1266278,-0.100088604,0.8992349877357222,1.0,True
CNOT4,-0.12701152,-0.22680198,0.8989312751605865,1.0,True
TRAPPC5,-0.12739524,-0.5002989,0.8986275773871122,1.0,True
EFCAB2,-0.12739524,-0.4574037,0.8986275773871122,1.0,True
C2orf69,-0.12739524,-0.5336864,0.8986275773871122,1.0,True
KMT2A,-0.12739524,-0.096954376,0.8986275773871122,1.0,True
SEPHS1,-0.12739524,-0.49752206,0.8986275773871122,1.0,True
STIM1,-0.12816268,-0.52473265,0.898020226421115,1.0,True
EID3,-0.12816268,-0.48665676,0.898020226421115,1.0,True
BET1,-0.12893014,-0.2778069,0.8974129351895993,1.0,True
YARS2,-0.12931386,-0.34425968,0.8971093120842022,1.0,True
MARCH7,-0.12931386,-0.15967764,0.8971093120842022,1.0,True
BNIP3,-0.12969758,-0.49135175,0.8968057040443286,1.0,True
FBP1,-0.12969758,-0.5433298,0.8968057040443286,1.0,True
ARID4B,-0.1300813,-0.06515615,0.8965021111139323,1.0,True
NDUFB11,-0.1300813,-0.08590984,0.8965021111139323,1.0,True
DPH5,-0.1300813,-0.13562024,0.8965021111139323,1.0,True
FBLN5,-0.13046502,-0.6296589,0.8961985333369609,1.0,True
DDX60L,-0.13046502,-0.5472466,0.8961985333369609,1.0,True
HMG20B,-0.13084874,-0.20590933,0.8958949707573547,1.0,True
NOA1,-0.13123246,-0.14379232,0.895591423419048,1.0,True
SMEK2,-0.13123246,-0.068568006,0.895591423419048,1.0,True
UBA7,-0.13161618,-0.29459095,0.8952878913659678,1.0,True
RBM14,-0.1319999,-0.13786066,0.8949843746420348,1.0,True
ADIPOR2,-0.13276733,-0.6966814,0.8943773873572594,1.0,True
DNAJC2,-0.13276733,0.03748821,0.8943773873572594,1.0,True
GPR82,-0.13276733,-0.61331797,0.8943773873572594,1.0,True
USP1,-0.13276733,-0.27500913,0.8943773873572594,1.0,True
ULK3,-0.13353477,-0.093816444,0.8937704619159509,1.0,True
GATAD2A,-0.13353477,-0.22591841,0.8937704619159509,1.0,True
TSNAX,-0.1339185,-0.07507419,0.8934670224963264,1.0,True
AP3M2,-0.13430221,-0.64967215,0.8931635986692305,1.0,True
WIPI2,-0.13506965,-0.13337304,0.8925567979681098,1.0,True
LPIN1,-0.13698827,-0.22023632,0.891040072154829,1.0,True
MRPL44,-0.13737199,-0.2191663,0.8907367746468127,1.0,True
ISOC1,-0.13737199,-0.3675979,0.8907367746468127,1.0,True
METTL10,-0.1377557,-0.38498008,0.8904334931259337,1.0,True
ARL3,-0.13813943,-0.23828298,0.8901302276360025,1.0,True
ETF1,-0.13813943,-0.20986098,0.8901302276360025,1.0,True
BTN3A3,-0.13852315,-0.1702161,0.8898269782208228,1.0,True
SF3A2,-0.13890687,-0.15622444,0.889523744924191,1.0,True
SUPT5H,-0.13890687,-0.17979589,0.889523744924191,1.0,True
EXOSC6,-0.13890687,-0.2938685,0.889523744924191,1.0,True
ZNF106,-0.13929059,-0.4775473,0.8892205277898964,1.0,True
PDK3,-0.1396743,-0.16030928,0.8889173268617214,1.0,True
C19orf53,-0.1396743,-0.04515739,0.8889173268617214,1.0,True
KDM2A,-0.14005803,-0.44446477,0.8886141421834414,1.0,True
PRMT10,-0.14044175,-0.14218035,0.8883109737988241,1.0,True
FASTKD2,-0.14044175,-0.2304,0.8883109737988241,1.0,True
NEMF,-0.14044175,-0.13366312,0.8883109737988241,1.0,True
MTDH,-0.14044175,-0.10175857,0.8883109737988241,1.0,True
SPAG16,-0.14044175,-0.39387044,0.8883109737988241,1.0,True
RTN3,-0.14082547,-0.11856118,0.8880078217516307,1.0,True
USP3,-0.14120919,-0.26656827,0.8877046860856148,1.0,True
MIA3,-0.14120919,-0.20665243,0.8877046860856148,1.0,True
HUWE1,-0.14120919,-0.25787252,0.8877046860856148,1.0,True
UTP3,-0.1415929,-0.07418581,0.8874015668445231,1.0,True
SSBP4,-0.1415929,-0.036156464,0.8874015668445231,1.0,True
RAB10,-0.1415929,-0.11045672,0.8874015668445231,1.0,True
TSEN15,-0.14197662,-0.1759233,0.8870984640720949,1.0,True
PLIN3,-0.14197662,-0.28703046,0.8870984640720949,1.0,True
CMAS,-0.14197662,-0.19878934,0.8870984640720949,1.0,True
AC004951.6,-0.14197662,-0.270352,0.8870984640720949,1.0,True
SCCPDH,-0.14236036,-0.20560403,0.8867953778120623,1.0,True
MTMR10,-0.14274408,-0.41061747,0.8864923081081502,1.0,True
TRIM65,-0.14274408,-0.42447773,0.8864923081081502,1.0,True
LGALS2,-0.14274408,-0.43547148,0.8864923081081502,1.0,True
KDM5D,-0.14274408,-0.44133905,0.8864923081081502,1.0,True
BTBD10,-0.14274408,-0.59770924,0.8864923081081502,1.0,True
CSGALNACT2,-0.14274408,-0.3529669,0.8864923081081502,1.0,True
SFXN3,-0.14274408,-0.424717,0.8864923081081502,1.0,True
CTNNBL1,-0.14274408,-0.11732819,0.8864923081081502,1.0,True
MBD6,-0.14274408,-0.485614,0.8864923081081502,1.0,True
PRR24,-0.14351152,-0.34092695,0.8858862185435507,1.0,True
COG8,-0.14351152,-0.41832286,0.8858862185435507,1.0,True
LMBR1,-0.14351152,-0.46885636,0.8858862185435507,1.0,True
PLEKHA5,-0.14351152,-0.47058874,0.8858862185435507,1.0,True
GPATCH1,-0.14351152,-0.5044473,0.8858862185435507,1.0,True
FAF1,-0.14351152,-0.26399088,0.8858862185435507,1.0,True
SLC2A8,-0.14351152,-0.45238176,0.8858862185435507,1.0,True
MINOS1,-0.14389524,-0.03323198,0.8855831987702767,1.0,True
CTD-2162K18.5,-0.14427896,-23.780895,0.8852801957279498,1.0,True
VPREB3,-0.14427896,-23.605013,0.8852801957279498,1.0,True
TSPAN33,-0.14427896,-23.987045,0.8852801957279498,1.0,True
HID1,-0.14427896,-23.794445,0.8852801957279498,1.0,True
TP73-AS1,-0.14427896,-23.816671,0.8852801957279498,1.0,True
HIST1H2AH,-0.14427896,-24.078741,0.8852801957279498,1.0,False
ANKS1A,-0.14427896,-23.892797,0.8852801957279498,1.0,True
CCDC142,-0.14427896,-23.475315,0.8852801957279498,1.0,True
MTHFD1L,-0.14427896,-23.774649,0.8852801957279498,1.0,True
CCDC122,-0.14427896,-23.765327,0.8852801957279498,1.0,True
KIAA0754,-0.14427896,-23.825844,0.8852801957279498,1.0,True
RP3-508I15.19,-0.14427896,-23.913069,0.8852801957279498,1.0,True
RDH10,-0.14427896,-23.845951,0.8852801957279498,1.0,True
VIPR1,-0.14427896,-23.558195,0.8852801957279498,1.0,True
DPY19L4,-0.14427896,-23.790375,0.8852801957279498,1.0,True
CTC-459F4.3,-0.14427896,-23.759607,0.8852801957279498,1.0,True
ZNF239,-0.14427896,-23.61068,0.8852801957279498,1.0,True
DGUOK-AS1,-0.14427896,-23.792427,0.8852801957279498,1.0,True
FBXO41,-0.14427896,-23.821255,0.8852801957279498,1.0,True
AC009948.5,-0.14427896,-23.675364,0.8852801957279498,1.0,True
CBWD5,-0.14427896,-23.909088,0.8852801957279498,1.0,True
FAM201A,-0.14427896,-23.689991,0.8852801957279498,1.0,True
TCTN2,-0.14427896,-23.992895,0.8852801957279498,1.0,True
ZNF737,-0.14427896,-23.709743,0.8852801957279498,1.0,True
NCOA5,-0.14427896,-0.50171345,0.8852801957279498,1.0,True
ZNF829,-0.14427896,-23.853548,0.8852801957279498,1.0,True
MAN2A2,-0.14427896,-23.469389,0.8852801957279498,1.0,True
AC093818.1,-0.14427896,-23.795948,0.8852801957279498,1.0,True
CSRP2BP,-0.14427896,-0.41128117,0.8852801957279498,1.0,True
RP11-755B10.4,-0.14427896,-23.871122,0.8852801957279498,1.0,True
RP4-610C12.3,-0.14427896,-23.705402,0.8852801957279498,1.0,True
DMTN,-0.14427896,-23.970798,0.8852801957279498,1.0,True
ADCY3,-0.14427896,-23.695667,0.8852801957279498,1.0,True
AC003075.4,-0.14427896,-23.713892,0.8852801957279498,1.0,True
LARS2,-0.14427896,-23.774057,0.8852801957279498,1.0,True
FOXO3,-0.14427896,-0.45814,0.8852801957279498,1.0,True
MFHAS1,-0.14427896,-23.683994,0.8852801957279498,1.0,True
RBBP9,-0.14427896,-23.810827,0.8852801957279498,1.0,True
APOBEC3B,-0.14427896,-23.87703,0.8852801957279498,1.0,True
CCT6B,-0.14427896,-23.776905,0.8852801957279498,1.0,True
AC009299.3,-0.14427896,-23.74121,0.8852801957279498,1.0,True
ARG2,-0.14427896,-23.738441,0.8852801957279498,1.0,True
ACACB,-0.14427896,-23.748,0.8852801957279498,1.0,True
IL11RA,-0.14427896,-23.678644,0.8852801957279498,1.0,True
ACP6,-0.14427896,-23.674007,0.8852801957279498,1.0,True
RP11-138I1.4,-0.14427896,-23.823174,0.8852801957279498,1.0,True
RP11-734K2.4,-0.14427896,-23.596628,0.8852801957279498,1.0,True
TMTC3,-0.14427896,-23.71659,0.8852801957279498,1.0,True
TTC26,-0.14427896,-23.483751,0.8852801957279498,1.0,True
LL22NC03-2H8.5,-0.14427896,-23.919886,0.8852801957279498,1.0,True
ECT2,-0.14427896,-23.610554,0.8852801957279498,1.0,True
ZNF529,-0.14427896,-23.850471,0.8852801957279498,1.0,True
RP11-137H2.4,-0.14427896,-23.905943,0.8852801957279498,1.0,True
MC1R,-0.14427896,-23.651648,0.8852801957279498,1.0,True
MBOAT1,-0.14427896,-24.104446,0.8852801957279498,1.0,True
RP11-693J15.5,-0.14427896,-23.7002,0.8852801957279498,1.0,True
ZC4H2,-0.14427896,-23.71484,0.8852801957279498,1.0,True
GAB2,-0.14427896,-23.588312,0.8852801957279498,1.0,True
GNAQ,-0.14427896,-24.037653,0.8852801957279498,1.0,True
SMURF1,-0.14427896,-23.881048,0.8852801957279498,1.0,True
CTD-2260A17.2,-0.14427896,-24.07573,0.8852801957279498,1.0,True
ZNF14,-0.14427896,-23.949017,0.8852801957279498,1.0,True
GORASP1,-0.14427896,-23.328588,0.8852801957279498,1.0,True
SUV39H2,-0.14427896,-24.021385,0.8852801957279498,1.0,True
RP11-98D18.9,-0.14427896,-23.592178,0.8852801957279498,1.0,True
RP1-317E23.3,-0.14427896,-23.847904,0.8852801957279498,1.0,True
USP49,-0.14427896,-23.738064,0.8852801957279498,1.0,True
CTLA4,-0.14427896,-23.615475,0.8852801957279498,1.0,True
ADCK1,-0.14427896,-23.62692,0.8852801957279498,1.0,True
THNSL1,-0.14427896,-23.540817,0.8852801957279498,1.0,True
ITGA6,-0.14427896,-23.750875,0.8852801957279498,1.0,True
MIR146A,-0.14427896,-23.742506,0.8852801957279498,1.0,True
AC011558.5,-0.14427896,-23.877625,0.8852801957279498,1.0,True
DUSP28,-0.14427896,-0.15461633,0.8852801957279498,1.0,True
NEUROD2,-0.14427896,-23.775042,0.8852801957279498,1.0,True
CCNI2,-0.14427896,-23.767773,0.8852801957279498,1.0,True
ZNF845,-0.14427896,-23.817102,0.8852801957279498,1.0,True
RP11-299J3.8,-0.14427896,-23.757801,0.8852801957279498,1.0,True
RYR1,-0.14427896,-23.819715,0.8852801957279498,1.0,True
TIGD3,-0.14427896,-23.500137,0.8852801957279498,1.0,True
SLC4A5,-0.14427896,-23.749887,0.8852801957279498,1.0,True
GNG5P2,-0.14427896,-23.957527,0.8852801957279498,1.0,True
NEK11,-0.14427896,-23.859184,0.8852801957279498,1.0,True
AIFM2,-0.14427896,-23.9693,0.8852801957279498,1.0,True
NGFRAP1,-0.14427896,-0.3589012,0.8852801957279498,1.0,True
NDRG2,-0.14427896,-23.663477,0.8852801957279498,1.0,True
CTD-3214H19.4,-0.14427896,-23.802305,0.8852801957279498,1.0,True
RP11-302B13.5,-0.14427896,-24.011053,0.8852801957279498,1.0,True
SYNJ2,-0.14427896,-23.845339,0.8852801957279498,1.0,True
MDM1,-0.14427896,-0.43220925,0.8852801957279498,1.0,True
NSUN4,-0.14427896,-23.760418,0.8852801957279498,1.0,True
FANCE,-0.14427896,-24.077612,0.8852801957279498,1.0,True
PPARD,-0.14427896,-23.842194,0.8852801957279498,1.0,True
C6orf229,-0.14427896,-23.78442,0.8852801957279498,1.0,True
ABAT,-0.14427896,-23.648544,0.8852801957279498,1.0,True
FAM13A-AS1,-0.14427896,-23.470203,0.8852801957279498,1.0,True
TMEM25,-0.14427896,-23.696102,0.8852801957279498,1.0,True
POMK,-0.14427896,-23.768473,0.8852801957279498,1.0,True
ABCA7,-0.14427896,-23.77632,0.8852801957279498,1.0,True
ENC1,-0.14427896,-23.765327,0.8852801957279498,1.0,True
GGT7,-0.14427896,-23.957785,0.8852801957279498,1.0,True
CMTM2,-0.14427896,-23.829525,0.8852801957279498,1.0,True
MAFK,-0.14427896,-23.444822,0.8852801957279498,1.0,True
CASK,-0.14427896,-23.740557,0.8852801957279498,1.0,True
C11orf80,-0.14427896,-23.812742,0.8852801957279498,1.0,True
GPR35,-0.14427896,-23.568447,0.8852801957279498,1.0,True
ERMAP,-0.14427896,-23.682215,0.8852801957279498,1.0,True
ADAM12,-0.14427896,-23.696592,0.8852801957279498,1.0,True
RSPH3,-0.14427896,-23.803804,0.8852801957279498,1.0,True
CCDC71L,-0.14427896,-23.969238,0.8852801957279498,1.0,True
NAA60-1,-0.14427896,-23.732151,0.8852801957279498,1.0,True
C10orf95,-0.14427896,-23.810339,0.8852801957279498,1.0,True
TRIM54,-0.14427896,-23.724508,0.8852801957279498,1.0,True
CTD-2371O3.2,-0.14427896,-23.841753,0.8852801957279498,1.0,True
CTD-2256P15.4,-0.14427896,-23.837288,0.8852801957279498,1.0,True
AC004854.4,-0.14427896,-23.859486,0.8852801957279498,1.0,True
ARSB,-0.14427896,-23.79697,0.8852801957279498,1.0,True
RP11-242D8.1,-0.14427896,-23.802393,0.8852801957279498,1.0,True
URB2,-0.14427896,-24.338236,0.8852801957279498,1.0,True
FN3K,-0.14427896,-23.905958,0.8852801957279498,1.0,True
TMEM8B,-0.14427896,-23.649271,0.8852801957279498,1.0,True
RP11-112J3.16,-0.14427896,-23.993582,0.8852801957279498,1.0,True
SLC16A4,-0.14427896,-23.710756,0.8852801957279498,1.0,True
XXbac-B476C20.9,-0.14427896,-23.550129,0.8852801957279498,1.0,True
KIAA0226L,-0.14427896,-23.862026,0.8852801957279498,1.0,True
CD300E,-0.14427896,-23.84725,0.8852801957279498,1.0,True
NBPF3,-0.14427896,-23.634306,0.8852801957279498,1.0,True
RWDD3,-0.14427896,-23.576246,0.8852801957279498,1.0,True
LINC00422,-0.14427896,-23.794958,0.8852801957279498,1.0,True
TAF5,-0.14427896,-23.967672,0.8852801957279498,1.0,True
TMEM81,-0.14427896,-23.771223,0.8852801957279498,1.0,True
PIK3C2B,-0.14427896,-23.857111,0.8852801957279498,1.0,True
RP11-479G22.8,-0.14427896,-23.862019,0.8852801957279498,1.0,True
SLC35E4,-0.14427896,-23.591537,0.8852801957279498,1.0,True
RP11-162G10.5,-0.14427896,-23.51128,0.8852801957279498,1.0,True
MFAP3,-0.14427896,-23.729813,0.8852801957279498,1.0,True
SPARC,-0.14427896,-23.728342,0.8852801957279498,1.0,True
LRFN3,-0.14427896,-23.91467,0.8852801957279498,1.0,True
ZNF341,-0.14427896,-23.808767,0.8852801957279498,1.0,True
ITPR2,-0.14427896,-23.724743,0.8852801957279498,1.0,True
ATP8B2,-0.14427896,-23.704573,0.8852801957279498,1.0,True
ACSS2,-0.14427896,-23.820644,0.8852801957279498,1.0,True
FGFR1,-0.14427896,-23.532694,0.8852801957279498,1.0,True
TMEM110,-0.14427896,-23.732248,0.8852801957279498,1.0,True
NDST1,-0.14427896,-23.541395,0.8852801957279498,1.0,True
CTC-338M12.5,-0.14427896,-23.710302,0.8852801957279498,1.0,True
RP11-542M13.3,-0.14427896,-23.504425,0.8852801957279498,1.0,True
CPEB2,-0.14427896,-23.931387,0.8852801957279498,1.0,True
PRKAG2-AS1,-0.14427896,-0.44182485,0.8852801957279498,1.0,True
WWC3,-0.14427896,-23.866781,0.8852801957279498,1.0,True
AC010883.5,-0.14427896,-23.903767,0.8852801957279498,1.0,True
WNT7A,-0.14427896,-23.753529,0.8852801957279498,1.0,True
RP11-446N19.1,-0.14427896,-23.990364,0.8852801957279498,1.0,True
PRKCI,-0.14427896,-23.731354,0.8852801957279498,1.0,True
PIP4K2B,-0.14427896,-23.556005,0.8852801957279498,1.0,True
RP11-215P8.3,-0.14427896,-23.963408,0.8852801957279498,1.0,True
SEMA7A,-0.14427896,-23.582346,0.8852801957279498,1.0,True
RP11-156E8.1,-0.14427896,-23.701952,0.8852801957279498,1.0,True
TET1,-0.14427896,-23.650038,0.8852801957279498,1.0,True
WDR5B,-0.14427896,-23.702755,0.8852801957279498,1.0,True
SDCBP2-AS1,-0.14427896,-24.013287,0.8852801957279498,1.0,True
C20orf96,-0.14427896,-23.776045,0.8852801957279498,1.0,True
ZNF436,-0.14427896,-24.59082,0.8852801957279498,1.0,True
ZDHHC23,-0.14427896,-23.744757,0.8852801957279498,1.0,True
RP11-1114A5.4,-0.14427896,-23.706852,0.8852801957279498,1.0,True
AC142528.1,-0.14427896,-23.831287,0.8852801957279498,1.0,True
LILRA4,-0.14427896,-23.800945,0.8852801957279498,1.0,True
FCRL5,-0.14427896,-23.831131,0.8852801957279498,1.0,True
RP1-20N2.6,-0.14427896,-23.883755,0.8852801957279498,1.0,True
ZNF367,-0.14427896,-23.895172,0.8852801957279498,1.0,True
CTD-2555O16.4,-0.14427896,-23.779228,0.8852801957279498,1.0,True
CDCA7L,-0.14427896,-23.747545,0.8852801957279498,1.0,True
RP11-141B14.1,-0.14427896,-23.947876,0.8852801957279498,1.0,True
MCF2L-AS1,-0.14427896,-23.516182,0.8852801957279498,1.0,True
RP11-483I13.5,-0.14427896,-23.719898,0.8852801957279498,1.0,True
TULP3,-0.14427896,-23.965977,0.8852801957279498,1.0,True
APOA1,-0.14427896,-23.778435,0.8852801957279498,1.0,True
ST8SIA1,-0.14427896,-23.700668,0.8852801957279498,1.0,True
KRBA1,-0.14427896,-23.86342,0.8852801957279498,1.0,True
RBM47,-0.14427896,-23.849882,0.8852801957279498,1.0,True
C12orf60,-0.14427896,-23.845747,0.8852801957279498,1.0,True
RP11-96K19.5,-0.14427896,-23.825188,0.8852801957279498,1.0,True
RP11-284N8.3,-0.14427896,-23.8162,0.8852801957279498,1.0,True
RP11-867G23.8,-0.14427896,-23.601269,0.8852801957279498,1.0,True
RP5-1180C10.2,-0.14427896,-23.7969,0.8852801957279498,1.0,True
TNKS1BP1,-0.14427896,-23.849358,0.8852801957279498,1.0,True
CXCL16,-0.14427896,-23.79083,0.8852801957279498,1.0,True
TMEM79,-0.14427896,-23.845793,0.8852801957279498,1.0,True
DTX1,-0.14427896,-23.66555,0.8852801957279498,1.0,True
CD1D,-0.14427896,-23.56686,0.8852801957279498,1.0,True
KCTD7,-0.14427896,-23.841415,0.8852801957279498,1.0,True
AC004893.11,-0.14427896,-24.010973,0.8852801957279498,1.0,True
LMTK2,-0.14427896,-23.79809,0.8852801957279498,1.0,True
PZP,-0.14427896,-24.00687,0.8852801957279498,1.0,True
SSH3,-0.14427896,-23.827934,0.8852801957279498,1.0,True
RP11-705O1.8,-0.14427896,-23.704573,0.8852801957279498,1.0,True
IGSF22,-0.14427896,-23.637293,0.8852801957279498,1.0,True
BZW2,-0.14427896,-0.25267872,0.8852801957279498,1.0,True
ZNF483,-0.14427896,-23.713362,0.8852801957279498,1.0,True
CTB-118N6.3,-0.14427896,-23.591112,0.8852801957279498,1.0,True
HSPB9,-0.14427896,-23.726646,0.8852801957279498,1.0,True
FBLN7,-0.14427896,-23.352463,0.8852801957279498,1.0,True
MAGI3,-0.14427896,-23.167645,0.8852801957279498,1.0,True
DUSP16,-0.14427896,-23.907743,0.8852801957279498,1.0,True
DDX19A,-0.14427896,-0.24248022,0.8852801957279498,1.0,True
STARD10,-0.14427896,-23.857767,0.8852801957279498,1.0,True
PCAT1,-0.14427896,-24.046017,0.8852801957279498,1.0,True
NR2F6,-0.14427896,-23.603928,0.8852801957279498,1.0,True
PTK2,-0.14427896,-23.714603,0.8852801957279498,1.0,True
ANKRD9,-0.14427896,-23.918821,0.8852801957279498,1.0,True
TIMP2,-0.14427896,-23.85718,0.8852801957279498,1.0,True
DCAF16,-0.14427896,-0.47468892,0.8852801957279498,1.0,True
LINC00544,-0.14427896,-23.64952,0.8852801957279498,1.0,True
SLC7A1,-0.14427896,-23.982275,0.8852801957279498,1.0,True
LA16c-358B7.3,-0.14427896,-23.819084,0.8852801957279498,1.0,True
RP11-649E7.5,-0.14427896,-23.749424,0.8852801957279498,1.0,True
RP11-89K10.1,-0.14427896,-23.682053,0.8852801957279498,1.0,True
NAP1L6,-0.14427896,-23.949694,0.8852801957279498,1.0,True
FAM21A,-0.14427896,-23.66972,0.8852801957279498,1.0,True
ROCK2,-0.14427896,-23.822075,0.8852801957279498,1.0,True
ANK3,-0.14427896,-23.730486,0.8852801957279498,1.0,True
RASSF2,-0.14427896,-23.720987,0.8852801957279498,1.0,True
RP11-192H23.6,-0.14427896,-23.713362,0.8852801957279498,1.0,True
RP11-89K11.1,-0.14427896,-23.928423,0.8852801957279498,1.0,True
CAPN8,-0.14427896,-23.764658,0.8852801957279498,1.0,True
RP11-50E11.3,-0.14427896,-23.867352,0.8852801957279498,1.0,True
EPHA4,-0.14427896,-23.622662,0.8852801957279498,1.0,True
ZCCHC14,-0.14427896,-23.827728,0.8852801957279498,1.0,True
LINC00877,-0.14427896,-23.775736,0.8852801957279498,1.0,True
AC025171.1,-0.14427896,-23.733204,0.8852801957279498,1.0,True
EPHA1,-0.14427896,-23.384583,0.8852801957279498,1.0,True
ZBED6CL,-0.14427896,-23.7011,0.8852801957279498,1.0,True
SNURF,-0.14427896,-23.84722,0.8852801957279498,1.0,True
RP11-290F20.3,-0.14427896,-23.571703,0.8852801957279498,1.0,True
ST3GAL3,-0.14427896,-23.580603,0.8852801957279498,1.0,True
GADD45G,-0.14427896,-23.527205,0.8852801957279498,1.0,True
RBM23,-0.14427896,-0.14662,0.8852801957279498,1.0,True
TP53I11,-0.14427896,-23.790709,0.8852801957279498,1.0,True
ALKBH8,-0.14427896,-23.751022,0.8852801957279498,1.0,True
RBAK,-0.14427896,-23.712812,0.8852801957279498,1.0,True
TTYH3,-0.14427896,-23.732853,0.8852801957279498,1.0,True
CSNK2A2,-0.14427896,-23.837967,0.8852801957279498,1.0,True
PPME1,-0.14427896,-23.913845,0.8852801957279498,1.0,True
MAN1A1,-0.14427896,-23.95804,0.8852801957279498,1.0,True
RP11-15H20.7,-0.14427896,-23.833567,0.8852801957279498,1.0,True
MIR940,-0.14427896,-23.756538,0.8852801957279498,1.0,True
PLEKHA8,-0.14427896,-24.04071,0.8852801957279498,1.0,True
PGM3,-0.14427896,-23.645992,0.8852801957279498,1.0,True
MSTO1,-0.14427896,-23.766346,0.8852801957279498,1.0,True
EXD2,-0.14427896,-23.505472,0.8852801957279498,1.0,True
ZEB2-AS1,-0.14427896,-24.104446,0.8852801957279498,1.0,True
NBPF1,-0.14427896,-23.83572,0.8852801957279498,1.0,True
C5orf34,-0.14427896,-23.759361,0.8852801957279498,1.0,True
HSPA1L,-0.14427896,-24.018116,0.8852801957279498,1.0,True
KCNH8,-0.14427896,-23.72842,0.8852801957279498,1.0,True
RP11-656D10.3,-0.14427896,-23.708853,0.8852801957279498,1.0,True
H1F0,-0.14427896,-23.682558,0.8852801957279498,1.0,True
KB-1507C5.2,-0.14427896,-23.92229,0.8852801957279498,1.0,True
ZNF555,-0.14427896,-23.912983,0.8852801957279498,1.0,True
CTD-2035E11.5,-0.14427896,-23.857595,0.8852801957279498,1.0,True
AFAP1,-0.14427896,-23.829405,0.8852801957279498,1.0,True
NUMBL,-0.14427896,-23.800924,0.8852801957279498,1.0,True
IRGQ,-0.14427896,-23.97212,0.8852801957279498,1.0,True
ROM1,-0.14427896,-23.735765,0.8852801957279498,1.0,True
DIP2C,-0.14427896,-23.912495,0.8852801957279498,1.0,True
GP1BA,-0.14427896,-23.549227,0.8852801957279498,1.0,True
ACSM3,-0.14427896,-23.791622,0.8852801957279498,1.0,True
ZCWPW1,-0.14427896,-23.807547,0.8852801957279498,1.0,True
MBLAC1,-0.14427896,-24.057125,0.8852801957279498,1.0,True
TRIM3,-0.14427896,-23.820995,0.8852801957279498,1.0,True
ABCD2,-0.14427896,-23.611525,0.8852801957279498,1.0,True
RP11-536C5.7,-0.14427896,-23.774893,0.8852801957279498,1.0,True
PIGM,-0.14427896,-23.987637,0.8852801957279498,1.0,True
CROCC,-0.14427896,-23.542976,0.8852801957279498,1.0,True
ZNF552,-0.14427896,-23.489353,0.8852801957279498,1.0,True
HLA-DOA,-0.14427896,-23.867668,0.8852801957279498,1.0,True
DDR1,-0.14427896,-23.809425,0.8852801957279498,1.0,True
ZNF776,-0.14427896,-23.810892,0.8852801957279498,1.0,True
NFIA,-0.14427896,-24.067383,0.8852801957279498,1.0,True
LIMS2,-0.14427896,-23.775238,0.8852801957279498,1.0,True
RP11-498P14.5,-0.14427896,-23.748154,0.8852801957279498,1.0,True
LOXL1,-0.14427896,-23.774708,0.8852801957279498,1.0,True
RP11-47A8.5,-0.14427896,-23.55575,0.8852801957279498,1.0,True
POLE,-0.14427896,-23.979132,0.8852801957279498,1.0,True
RP11-227D13.4,-0.14427896,-23.7618,0.8852801957279498,1.0,True
KRT18,-0.14427896,-23.690044,0.8852801957279498,1.0,True
ARL11,-0.14427896,-23.80023,0.8852801957279498,1.0,True
GPR174,-0.14427896,-23.768322,0.8852801957279498,1.0,True
GRASP,-0.14427896,-23.219788,0.8852801957279498,1.0,True
ZNF440,-0.14427896,-23.60875,0.8852801957279498,1.0,True
NUBP1,-0.14466268,-0.36990008,0.8849772094602586,1.0,True
ASMTL,-0.14466268,-0.19738796,0.8849772094602586,1.0,True
ETV6,-0.1450464,-0.5211659,0.884674240010884,1.0,True
NFE2L1,-0.1450464,-0.48840997,0.884674240010884,1.0,True
RMDN1,-0.1450464,-0.2890538,0.884674240010884,1.0,True
TAOK2,-0.1450464,-0.082747184,0.884674240010884,1.0,True
PLXND1,-0.1450464,-0.4855849,0.884674240010884,1.0,True
TIMM21,-0.1450464,-0.6278442,0.884674240010884,1.0,True
AC079922.3,-0.1450464,-0.5171069,0.884674240010884,1.0,True
GOLGA2,-0.1450464,-0.5449194,0.884674240010884,1.0,True
BUD13,-0.14581384,-0.5120553,0.8840683517417719,1.0,True
ACTN1,-0.14581384,-0.5228767,0.8840683517417719,1.0,True
LRRC42,-0.14581384,-0.5794717,0.8840683517417719,1.0,True
SNORD3D,-0.14581384,-0.5721413,0.8840683517417719,1.0,True
NDUFA10,-0.14581384,-0.118805714,0.8840683517417719,1.0,True
CAPN15,-0.14581384,-0.52982193,0.8840683517417719,1.0,True
TMEM161A,-0.14581384,-0.30494577,0.8840683517417719,1.0,True
AP003733.1,-0.14581384,-0.80258584,0.8840683517417719,1.0,True
POFUT2,-0.14658128,-0.6352627,0.8834625312699136,1.0,True
COPS8,-0.14658128,-0.15159526,0.8834625312699136,1.0,True
IER3,-0.14658128,-0.25847208,0.8834625312699136,1.0,True
SERGEF,-0.14658128,-0.31911305,0.8834625312699136,1.0,True
TTC31,-0.14658128,-0.7075207,0.8834625312699136,1.0,True
GLRX5,-0.14658128,-0.15107574,0.8834625312699136,1.0,True
SBF1,-0.14658128,-0.2922141,0.8834625312699136,1.0,True
UTY,-0.14658128,-0.38949057,0.8834625312699136,1.0,True
C4orf32,-0.14658128,-0.6204274,0.8834625312699136,1.0,True
BCL2L11,-0.14658128,-0.5793368,0.8834625312699136,1.0,True
MFNG,-0.146965,-0.13045359,0.8831596465670785,1.0,True
KHDRBS1,-0.146965,-0.11854286,0.8831596465670785,1.0,True
LETM1,-0.14734872,-0.6967569,0.8828567789444906,1.0,True
COG3,-0.14734872,-0.5684161,0.8828567789444906,1.0,True
NDFIP1,-0.14734872,-0.0513101,0.8828567789444906,1.0,True
ANKMY1,-0.14734872,-0.6369771,0.8828567789444906,1.0,True
TATDN1,-0.14734872,-0.63786906,0.8828567789444906,1.0,True
NCAPH2,-0.14734872,-0.27953067,0.8828567789444906,1.0,True
GOLGA1,-0.14734872,-0.58076966,0.8828567789444906,1.0,True
PJA1,-0.14734872,-0.6434612,0.8828567789444906,1.0,True
PRDM4,-0.14811616,-0.61991596,0.8822510951145645,1.0,True
ESCO1,-0.14811616,-0.72300094,0.8822510951145645,1.0,True
DRAM2,-0.14811616,-0.14353329,0.8822510951145645,1.0,True
ASH1L,-0.14811616,-0.35165414,0.8822510951145645,1.0,True
ATG4C,-0.14811616,-0.59183604,0.8822510951145645,1.0,True
CXorf40B,-0.14811616,-0.30931172,0.8822510951145645,1.0,True
VPS45,-0.14811616,-0.63921434,0.8822510951145645,1.0,True
RBMS1,-0.14811616,-0.13897723,0.8822510951145645,1.0,True
TRAPPC2,-0.1488836,-0.33431464,0.8816454801290771,1.0,True
NFKBIE,-0.1488836,-0.5971507,0.8816454801290771,1.0,True
RP11-640M9.1,-0.1488836,-0.72793394,0.8816454801290771,1.0,True
ZNF326,-0.1488836,-0.2952334,0.8816454801290771,1.0,True
RSL24D1,-0.14926733,-0.07296664,0.8813426985620091,1.0,True
RFC1,-0.14965105,-0.20544517,0.8810399343368491,1.0,True
CDKN1A,-0.15041849,-0.7939816,0.8804344580865804,1.0,True
ABCG1,-0.15041849,-0.70103,0.8804344580865804,1.0,True
KAT2A,-0.15041849,-0.85993105,0.8804344580865804,1.0,True
DYNC2LI1,-0.15041849,-0.83556235,0.8804344580865804,1.0,True
PRIM2,-0.15118593,-0.8410268,0.8798290517268481,1.0,True
CCDC137,-0.15118593,-0.3866202,0.8798290517268481,1.0,True
METTL8,-0.15118593,-0.68563277,0.8798290517268481,1.0,True
CHURC1,-0.15156965,-0.069115475,0.8795263748648303,1.0,True
PCGF3,-0.15195337,-0.70834196,0.8792237156061076,1.0,True
PPM1N,-0.15195337,-0.8188279,0.8792237156061076,1.0,True
ATIC,-0.15233709,-0.1811956,0.8789210739942177,1.0,True
RBM12,-0.15272081,-0.8825046,0.8786184500726906,1.0,True
COMMD3,-0.15310453,-0.25722846,0.8783158438850482,1.0,True
CIZ1,-0.15348825,-0.40172303,0.878013255474805,1.0,True
RAD9A,-0.15348825,-0.072765395,0.878013255474805,1.0,True
CTC-444N24.11,-0.15348825,-0.87588245,0.878013255474805,1.0,True
TAMM41,-0.15425569,-0.39878297,0.8774081321605349,1.0,True
TUBB4B,-0.15502313,-0.10485155,0.8768030804778388,1.0,True
RP11-489E7.4,-0.15540685,-0.29657084,0.8765005816070339,1.0,True
SLMAP,-0.15694174,-0.25622395,0.8752907669415801,1.0,True
CCDC88C,-0.15694174,-0.061863445,0.8752907669415801,1.0,True
IRF2BP2,-0.15694174,-0.13989608,0.8752907669415801,1.0,True
ZNF277,-0.15732546,-0.2656774,0.8749883586968958,1.0,True
STAT3,-0.15770918,-0.08896308,0.8746859687077504,1.0,True
ATXN2L,-0.15770918,-0.14549771,0.8746859687077504,1.0,True
TFB1M,-0.15770918,-0.19957797,0.8746859687077504,1.0,True
COPS5,-0.15847662,-0.065457046,0.8740812436697468,1.0,True
TAF9,-0.15886034,-0.1382176,0.8737789087077039,1.0,True
DNAL4,-0.15886034,-0.40978375,0.8737789087077039,1.0,True
EGLN1,-0.15886034,-0.6180469,0.8737789087077039,1.0,True
MRPL53,-0.15886034,-0.31314266,0.8737789087077039,1.0,True
GPBP1L1,-0.15924406,-0.19701147,0.8734765921748301,1.0,True
SFT2D1,-0.15924406,-0.12127317,0.8734765921748301,1.0,True
TMEM5,-0.15962778,-0.47120917,0.8731742941145131,1.0,True
PET117,-0.15962778,-0.07395992,0.8731742941145131,1.0,True
USP48,-0.15962778,-0.32836792,0.8731742941145131,1.0,True
THOC3,-0.16039522,-0.530163,0.8725697535850585,1.0,True
MIER1,-0.16077894,-0.23277088,0.8722675112026553,1.0,True
TCEAL3,-0.16077894,-0.12049365,0.8722675112026553,1.0,True
CPSF1,-0.16077894,-0.2190649,0.8722675112026553,1.0,True
RUVBL1,-0.16116266,-0.20452254,0.8719652874662775,1.0,True
PNRC1,-0.16154638,-0.052290507,0.8716630824192722,1.0,True
PCBP2,-0.16154638,-0.056621157,0.8716630824192722,1.0,True
FUBP1,-0.16154638,-0.17001267,0.8716630824192722,1.0,True
HNRNPK,-0.16231382,-0.06595878,0.8710587285667244,1.0,True
DNMT1,-0.16231382,-0.17907256,0.8710587285667244,1.0,True
DHX36,-0.16269754,-0.20861284,0.8707565798478346,1.0,True
VMAC,-0.16308126,-0.107587494,0.8704544499916225,1.0,True
BCL9L,-0.16308126,-0.2995793,0.8704544499916225,1.0,True
TOMM5,-0.163465,-0.21027128,0.8701523390413934,1.0,True
RAPGEF1,-0.16384871,-0.36813194,0.8698502470404451,1.0,True
MGEA5,-0.16423243,-0.16675834,0.8695481740320665,1.0,True
C6orf226,-0.16499987,-0.25717592,0.8689440851661338,1.0,True
HUS1,-0.16538359,-0.315841,0.868642069395116,1.0,True
KLF3,-0.16538359,-0.15158612,0.868642069395116,1.0,True
YTHDC2,-0.16538359,-0.32369205,0.868642069395116,1.0,True
SRP68,-0.16576731,-0.14956,0.8683400727897415,1.0,True
ZDHHC3,-0.16576731,-0.27838326,0.8683400727897415,1.0,True
NDE1,-0.16576731,-0.26492804,0.8683400727897415,1.0,True
NUDT3,-0.16576731,-0.22320911,0.8683400727897415,1.0,True
LRIF1,-0.16615103,-0.16348161,0.8680380953932572,1.0,True
RYBP,-0.16653475,-0.69393504,0.8677361372489023,1.0,True
YAE1D1,-0.16653475,-0.8779755,0.8677361372489023,1.0,True
UQCR11-1,-0.16653475,-0.092537604,0.8677361372489023,1.0,True
ATG16L1,-0.16653475,-0.73814946,0.8677361372489023,1.0,True
SF3A1,-0.16691847,-0.20830026,0.8674341983999072,1.0,True
C16orf98,-0.16730219,-0.62598306,0.8671322788894942,1.0,True
GTDC1,-0.16730219,-0.66936636,0.8671322788894942,1.0,True
USP8,-0.16730219,-0.06362069,0.8671322788894942,1.0,True
IL1B,-0.16730219,-0.82235336,0.8671322788894942,1.0,True
LINC00426,-0.16730219,-0.7259147,0.8671322788894942,1.0,True
SRRD,-0.16730219,-0.7476329,0.8671322788894942,1.0,True
AK9,-0.16730219,-0.6517109,0.8671322788894942,1.0,True
NDUFAF1,-0.16806963,-0.30337882,0.8665284980572602,1.0,True
RP11-589C21.6,-0.16806963,-0.6194832,0.8665284980572602,1.0,True
GBA2,-0.16806963,-0.8218927,0.8665284980572602,1.0,True
APEH,-0.16806963,-0.24176963,0.8665284980572602,1.0,True
KBTBD2,-0.16806963,-0.7745398,0.8665284980572602,1.0,True
KLHL21,-0.16806963,-0.75766313,0.8665284980572602,1.0,True
KIAA0100,-0.16806963,-0.7395718,0.8665284980572602,1.0,True
GSTT1,-0.16806963,-0.69685656,0.8665284980572602,1.0,True
KCNQ1OT1,-0.16806963,-0.8419767,0.8665284980572602,1.0,True
C10orf88,-0.16806963,-0.8014114,0.8665284980572602,1.0,True
HRSP12,-0.16806963,-0.70984644,0.8665284980572602,1.0,True
LINC00954,-0.16806963,-0.76017374,0.8665284980572602,1.0,True
MAP3K2,-0.16806963,-0.8475636,0.8665284980572602,1.0,True
ATG7,-0.16806963,-0.7389408,0.8665284980572602,1.0,True
RFX1,-0.16806963,-0.7338326,0.8665284980572602,1.0,True
AC113189.5,-0.16806963,-0.24313584,0.8665284980572602,1.0,True
CAMK2G,-0.16845335,-0.12368378,0.866226636821841,1.0,True
ELP3,-0.16845335,-0.466533,0.866226636821841,1.0,True
MRPS27,-0.16845335,-0.42175043,0.866226636821841,1.0,True
GOSR2,-0.16845335,-0.2494645,0.866226636821841,1.0,True
GPR132,-0.16883707,-0.6943466,0.8659247950978075,1.0,True
C11orf68,-0.16883707,-0.7782282,0.8659247950978075,1.0,True
SNX29P2,-0.16883707,-0.8683744,0.8659247950978075,1.0,True
ITPR1,-0.16883707,-0.816051,0.8659247950978075,1.0,True
ZEB1,-0.16883707,-0.75982046,0.8659247950978075,1.0,True
RP5-827C21.4,-0.16883707,-0.78936505,0.8659247950978075,1.0,True
FASTKD1,-0.16883707,-1.0421122,0.8659247950978075,1.0,True
SLC35B1,-0.16883707,-0.16805539,0.8659247950978075,1.0,True
CCL28,-0.16883707,-0.8584467,0.8659247950978075,1.0,True
FOXO1,-0.16883707,-0.75659734,0.8659247950978075,1.0,True
MED21,-0.16883707,-0.8408368,0.8659247950978075,1.0,True
STX2,-0.16883707,-0.92501885,0.8659247950978075,1.0,True
KDM3A,-0.16883707,-0.84959257,0.8659247950978075,1.0,True
EPHX2,-0.16883707,-0.84359586,0.8659247950978075,1.0,True
PHTF2,-0.16883707,-0.77278835,0.8659247950978075,1.0,True
PRKCA,-0.16883707,-0.76233596,0.8659247950978075,1.0,True
TBK1,-0.16922079,-0.3248095,0.8656229729283391,1.0,True
NABP1,-0.16922079,-0.3130531,0.8656229729283391,1.0,True
PTPN9,-0.16922079,-0.33999044,0.8656229729283391,1.0,True
TRIM25,-0.16922079,-0.43350604,0.8656229729283391,1.0,True
FHL1,-0.16960451,-1.2670857,0.8653211703566069,1.0,True
ARIH1,-0.16960451,-0.8818413,0.8653211703566069,1.0,True
ZNF25,-0.16960451,-0.9145578,0.8653211703566069,1.0,True
FAM73B,-0.16960451,-0.9133367,0.8653211703566069,1.0,True
NRIP1,-0.16960451,-0.88046277,0.8653211703566069,1.0,True
ZSWIM8,-0.16960451,-0.9619389,0.8653211703566069,1.0,True
APBB1IP,-0.16960451,-0.16743289,0.8653211703566069,1.0,True
TMEM222,-0.16960451,-0.167085,0.8653211703566069,1.0,True
CTD-3184A7.4,-0.16960451,-0.26892447,0.8653211703566069,1.0,True
SNORD3B-2,-0.16960451,-0.90934575,0.8653211703566069,1.0,True
SENP7,-0.16960451,-0.8890358,0.8653211703566069,1.0,True
TFAP4,-0.16960451,-0.68702674,0.8653211703566069,1.0,True
MICAL1,-0.16998823,-0.32252747,0.8650193874257734,1.0,True
MFGE8,-0.17037196,-0.9897661,0.8647176241789927,1.0,True
TAOK1,-0.17037196,-0.82071054,0.8647176241789927,1.0,True
RP11-332H14.2,-0.17037196,-1.0120922,0.8647176241789927,1.0,True
ZNF85,-0.17037196,-0.9403083,0.8647176241789927,1.0,True
PDDC1,-0.17037196,-0.8641384,0.8647176241789927,1.0,True
MANEA,-0.17037196,-0.94092625,0.8647176241789927,1.0,True
RPS17,-0.17037196,-0.7615648,0.8647176241789927,1.0,False
EVA1C,-0.17037196,-0.90812343,0.8647176241789927,1.0,True
MLKL,-0.17037196,-0.27139622,0.8647176241789927,1.0,True
TSPYL4,-0.17037196,-0.8588943,0.8647176241789927,1.0,True
SLC25A19,-0.17037196,-1.0362678,0.8647176241789927,1.0,True
TGFBI,-0.17037196,-0.8620876,0.8647176241789927,1.0,True
ZNF33B,-0.17037196,-0.933714,0.8647176241789927,1.0,True
DHX32,-0.17075568,-0.9205672,0.8644158806594097,1.0,True
SLC25A36,-0.17075568,-0.38860416,0.8644158806594097,1.0,True
POLR2A,-0.17075568,-0.21797514,0.8644158806594097,1.0,True
PNPLA8,-0.17075568,-0.3983805,0.8644158806594097,1.0,True
POLRMT,-0.1711394,-0.95253205,0.8641141569101611,1.0,True
SLC37A4,-0.1711394,-1.0019985,0.8641141569101611,1.0,True
KHSRP,-0.1711394,-0.9993242,0.8641141569101611,1.0,True
LILRB2,-0.1711394,-0.9221839,0.8641141569101611,1.0,True
SERTAD2,-0.1711394,-0.85660326,0.8641141569101611,1.0,True
DAXX,-0.1711394,-0.15920906,0.8641141569101611,1.0,True
ZYG11B,-0.1711394,-1.0421795,0.8641141569101611,1.0,True
IPO7,-0.1711394,-1.0074769,0.8641141569101611,1.0,True
CTB-133G6.1,-0.1711394,-0.9060508,0.8641141569101611,1.0,True
ZNF708,-0.1711394,-0.9664155,0.8641141569101611,1.0,True
ZNF333,-0.1711394,-1.1991147,0.8641141569101611,1.0,True
NDRG1,-0.17152312,-0.42172584,0.8638124529743751,1.0,True
TMEM189,-0.17152312,-0.47240648,0.8638124529743751,1.0,True
USP9X,-0.17152312,-0.47370714,0.8638124529743751,1.0,True
UBIAD1,-0.17152312,-0.3756372,0.8638124529743751,1.0,True
CXorf24,-0.17190684,-1.0012821,0.8635107688951709,1.0,True
ANKRD26,-0.17190684,-1.1308714,0.8635107688951709,1.0,True
TARS2,-0.17190684,-0.9829789,0.8635107688951709,1.0,True
GPATCH3,-0.17190684,-0.9518298,0.8635107688951709,1.0,True
NME7,-0.17190684,-1.1243638,0.8635107688951709,1.0,True
FAM91A1,-0.17190684,-1.0977447,0.8635107688951709,1.0,True
ADO,-0.17190684,-1.1312338,0.8635107688951709,1.0,True
SVIL,-0.17190684,-0.95443124,0.8635107688951709,1.0,True
DDX59,-0.17229056,-0.5493113,0.863209104715659,1.0,True
ADPRM,-0.17229056,-0.50851166,0.863209104715659,1.0,True
ZNF582,-0.17267428,-1.1401939,0.8629074604789416,1.0,True
STK38L,-0.17267428,-1.11692,0.8629074604789416,1.0,True
ABL2,-0.17267428,-0.9851188,0.8629074604789416,1.0,True
PPP1R10,-0.17267428,-0.11536675,0.8629074604789416,1.0,True
LINS,-0.17267428,-0.12940574,0.8629074604789416,1.0,True
HSD17B12,-0.17267428,-1.1558987,0.8629074604789416,1.0,True
IBTK,-0.173058,-0.51575184,0.8626058362281118,1.0,True
ADAM15,-0.17344172,-1.216415,0.8623042320062541,1.0,True
ZC3H8,-0.17382544,-0.5674858,0.862002647856444,1.0,True
INTS12,-0.17382544,-0.5089981,0.862002647856444,1.0,True
PLGRKT,-0.17382544,-0.1657541,0.862002647856444,1.0,True
USP11,-0.17420916,-0.29153305,0.8617010838217487,1.0,True
CCDC25,-0.17420916,-0.1416707,0.8617010838217487,1.0,True
SNRNP25,-0.17420916,-0.26378432,0.8617010838217487,1.0,True
TK1,-0.17420916,-1.1584389,0.8617010838217487,1.0,True
LUZP1,-0.17459288,-0.47489786,0.8613995399452262,1.0,True
GLT8D1,-0.1749766,-0.17733316,0.861098016269926,1.0,True
SAMD9,-0.1749766,-0.3219854,0.861098016269926,1.0,True
SLC46A3,-0.17536032,-0.50577414,0.8607965128388884,1.0,True
C9orf69,-0.17536032,-0.1542279,0.8607965128388884,1.0,True
ACOT13,-0.17536032,-0.53242916,0.8607965128388884,1.0,True
PSPC1,-0.17574404,-0.12741108,0.860495029695145,1.0,True
HTATIP2,-0.17574404,-0.11709599,0.860495029695145,1.0,True
VPS35,-0.17612776,-0.29456884,0.8601935668817187,1.0,True
PTEN,-0.17612776,-0.49485195,0.8601935668817187,1.0,True
BROX,-0.17612776,-0.54116476,0.8601935668817187,1.0,True
GATA3,-0.17612776,-0.15183318,0.8601935668817187,1.0,True
TP53TG1,-0.17727894,-0.12628505,0.8592893008534367,1.0,True
ZNF384,-0.17766266,-0.6280055,0.8589879197913284,1.0,True
ZNF639,-0.17766266,-0.47065428,0.8589879197913284,1.0,True
USP36,-0.17766266,-0.60765,0.8589879197913284,1.0,True
METTL9,-0.17766266,-0.12928084,0.8589879197913284,1.0,True
AKAP17A,-0.17804638,-0.36037558,0.8586865592745174,1.0,True
RP11-35G9.3,-0.17881382,-0.36005238,0.8580839000486548,1.0,True
STIM2,-0.17881382,-0.3628567,0.8580839000486548,1.0,True
RBM5,-0.17881382,-0.3380124,0.8580839000486548,1.0,True
BRD2,-0.17919753,-0.0821811,0.8577826014255144,1.0,True
SNRNP27,-0.17958125,-0.36609128,0.857481323519494,1.0,True
IAH1,-0.17958125,-0.029645758,0.857481323519494,1.0,True
AGL,-0.17996497,-0.6702976,0.8571800663735265,1.0,True
TIMM50,-0.1803487,-0.36313224,0.8568788300305359,1.0,True
GNL3,-0.1803487,-0.16842154,0.8568788300305359,1.0,True
RUNX1,-0.18111613,-0.20353127,0.8562764199251359,1.0,True
GTPBP8,-0.18111613,-0.17202078,0.8562764199251359,1.0,True
GRN,-0.18149985,-0.10150647,0.855975246248529,1.0,True
NUCKS1,-0.1822673,-0.15877102,0.855372961861939,1.0,True
ATP13A1,-0.18265101,-0.23144539,0.8550718512377035,1.0,True
ZNF880,-0.18303473,-0.6253152,0.8547707617166572,1.0,True
ELAC2,-0.1841859,-0.34307268,0.8538676202011158,1.0,True
ASNSD1,-0.18495335,-0.17556986,0.8532656321587189,1.0,True
SNRPA1,-0.18533707,-0.08245505,0.8529646701563507,1.0,True
CTNNB1,-0.18533707,-0.37871674,0.8529646701563507,1.0,True
COLQ,-0.18572079,-0.42939845,0.8526637295569325,1.0,True
RASGRP1,-0.18648823,-0.41621274,0.8520619127380797,1.0,True
GGNBP2,-0.18648823,-0.17155433,0.8520619127380797,1.0,True
TMEM185B,-0.18725567,-0.36678773,0.8514601820443339,1.0,True
TAF3,-0.18879054,-0.50718045,0.8502569804001042,1.0,True
HINT3,-0.18879054,-0.6082161,0.8502569804001042,1.0,True
SLAIN2,-0.18955798,-0.38603288,0.8496555101332123,1.0,True
RPS6KB1,-0.18955798,-0.34533936,0.8496555101332123,1.0,False
P4HTM,-0.19032542,-0.40704733,0.8490541273586106,1.0,True
SS18,-0.19032542,-0.45107588,0.8490541273586106,1.0,True
OPA1,-0.19032542,-0.46461076,0.8490541273586106,1.0,True
CYLD,-0.19032542,-0.1498556,0.8490541273586106,1.0,True
CACNA2D4,-0.19032542,-0.36846143,0.8490541273586106,1.0,True
EXOSC10,-0.19032542,-0.25615644,0.8490541273586106,1.0,True
PPP1R37,-0.19109288,-0.54345787,0.8484528324177147,1.0,True
PRR14,-0.19109288,-0.21251968,0.8484528324177147,1.0,True
KPNA1,-0.19109288,0.08761193,0.8484528324177147,1.0,True
NOM1,-0.19109288,-0.545675,0.8484528324177147,1.0,True
RNF34,-0.1914766,-0.10473933,0.8481522179915568,1.0,True
SRSF1,-0.1914766,-0.09684075,0.8481522179915568,1.0,True
TIPIN,-0.19186032,-1.1878797,0.8478516256517866,1.0,True
ZRANB1,-0.19186032,-1.4861581,0.8478516256517866,1.0,True
FANCA,-0.19186032,-1.1474922,0.8478516256517866,1.0,True
IDE,-0.19186032,-1.5659226,0.8478516256517866,1.0,True
C9orf72,-0.19186032,-1.0486115,0.8478516256517866,1.0,True
MTL5,-0.19186032,-1.350485,0.8478516256517866,1.0,True
ELK1,-0.19186032,-1.477342,0.8478516256517866,1.0,True
RP11-445H22.3,-0.19186032,-1.4941119,0.8478516256517866,1.0,True
GIT1,-0.19186032,-1.3297669,0.8478516256517866,1.0,True
ZNF184,-0.19186032,-1.3855563,0.8478516256517866,1.0,True
ZNF382,-0.19186032,-1.3057008,0.8478516256517866,1.0,True
COL18A1,-0.19186032,-1.5246476,0.8478516256517866,1.0,True
ZKSCAN8,-0.19186032,-1.514756,0.8478516256517866,1.0,True
NAIF1,-0.19186032,-1.4324378,0.8478516256517866,1.0,True
IPO8,-0.19186032,-1.4144855,0.8478516256517866,1.0,True
DHX33,-0.19186032,-1.0513313,0.8478516256517866,1.0,True
PLXDC1,-0.19186032,-1.3769246,0.8478516256517866,1.0,True
LINC00116,-0.19186032,-0.19988066,0.8478516256517866,1.0,True
PLCD1,-0.19186032,-0.9889142,0.8478516256517866,1.0,True
SLC9A8,-0.19186032,-1.4899651,0.8478516256517866,1.0,True
POU2F1,-0.19186032,-1.2265553,0.8478516256517866,1.0,True
MGST3,-0.19186032,-0.10431951,0.8478516256517866,1.0,True
ZNF766,-0.19186032,-0.3859899,0.8478516256517866,1.0,True
ANKRD40,-0.19186032,-1.3846384,0.8478516256517866,1.0,True
FBXW8,-0.19262776,-1.4319803,0.8472505074019345,1.0,True
FAM20B,-0.19262776,-1.5781326,0.8472505074019345,1.0,True
ASNS,-0.19262776,-1.6045142,0.8472505074019345,1.0,True
HYI,-0.19262776,-1.4469811,0.8472505074019345,1.0,True
LINC00176,-0.19262776,-1.4776431,0.8472505074019345,1.0,True
RP11-252A24.7,-0.19262776,-1.4718097,0.8472505074019345,1.0,True
ALOX5,-0.19262776,-1.5010358,0.8472505074019345,1.0,True
FAM65A,-0.19262776,-1.4773362,0.8472505074019345,1.0,True
ZSCAN2,-0.19262776,-1.5966028,0.8472505074019345,1.0,True
PSKH1,-0.19262776,-1.5875883,0.8472505074019345,1.0,True
F8,-0.19262776,-1.5131041,0.8472505074019345,1.0,True
NOL8,-0.19262776,-0.51055855,0.8472505074019345,1.0,True
AC093388.3,-0.19262776,-1.5954887,0.8472505074019345,1.0,True
UBE2Q1,-0.19262776,-1.5248957,0.8472505074019345,1.0,True
TRIM35,-0.19262776,-0.47110444,0.8472505074019345,1.0,True
TAF2,-0.19262776,-1.6017987,0.8472505074019345,1.0,True
RP11-44N11.2,-0.19262776,-1.4474018,0.8472505074019345,1.0,True
FBXL6,-0.19262776,-1.6008072,0.8472505074019345,1.0,True
ATP13A3,-0.19262776,-1.5769888,0.8472505074019345,1.0,True
TADA2B,-0.19262776,-1.3917787,0.8472505074019345,1.0,True
FAM126A,-0.19262776,-1.4493414,0.8472505074019345,1.0,True
C6orf120,-0.19262776,-1.4972551,0.8472505074019345,1.0,True
RP11-427H3.3,-0.19262776,-0.5051499,0.8472505074019345,1.0,True
THG1L,-0.19262776,-1.5287392,0.8472505074019345,1.0,True
RLF,-0.19262776,-1.5831143,0.8472505074019345,1.0,True
RFTN1,-0.19262776,-0.38374498,0.8472505074019345,1.0,True
CREG1,-0.19262776,-0.52602047,0.8472505074019345,1.0,True
TOE1,-0.19262776,-1.576176,0.8472505074019345,1.0,True
ULK4,-0.19262776,-1.5291891,0.8472505074019345,1.0,True
SLC25A28,-0.19262776,-1.4749286,0.8472505074019345,1.0,True
RPP40,-0.19262776,-1.5298473,0.8472505074019345,1.0,True
RAB34,-0.19262776,-1.8921437,0.8472505074019345,1.0,True
UVSSA,-0.19262776,-1.4879538,0.8472505074019345,1.0,True
MIOS,-0.19262776,-1.5911855,0.8472505074019345,1.0,True
FAM193A,-0.19262776,-1.4903628,0.8472505074019345,1.0,True
ANKRD42,-0.19262776,-1.5285993,0.8472505074019345,1.0,True
DDHD1,-0.19262776,-0.5323484,0.8472505074019345,1.0,True
RSU1,-0.19301148,-0.12770739,0.8469499815770911,1.0,True
KCNA3,-0.1933952,-0.35523963,0.8466494780091122,1.0,True
PATL1,-0.1933952,-1.518027,0.8466494780091122,1.0,True
ZSCAN25,-0.1933952,-1.6516036,0.8466494780091122,1.0,True
KIAA1147,-0.1933952,-1.682614,0.8466494780091122,1.0,True
ZNF681,-0.1933952,-1.6787037,0.8466494780091122,1.0,True
PIGL,-0.1933952,-1.660838,0.8466494780091122,1.0,True
RP5-886K2.3,-0.1933952,-1.6338034,0.8466494780091122,1.0,True
PCMTD2,-0.1933952,-0.50495386,0.8466494780091122,1.0,True
CTSL,-0.1933952,-1.5322545,0.8466494780091122,1.0,True
FAM120C,-0.1933952,-1.7130424,0.8466494780091122,1.0,True
BLZF1,-0.1933952,-0.65146184,0.8466494780091122,1.0,True
MAN2A1,-0.1933952,-1.6751486,0.8466494780091122,1.0,True
RNF24,-0.1933952,-1.7231482,0.8466494780091122,1.0,True
LINC01024,-0.1933952,-1.5559845,0.8466494780091122,1.0,True
IL15,-0.1933952,-1.6901861,0.8466494780091122,1.0,True
CAMSAP1,-0.1933952,-1.4928213,0.8466494780091122,1.0,True
MBNL1-AS1,-0.1933952,-1.7448266,0.8466494780091122,1.0,True
AKT3,-0.1933952,-1.5598518,0.8466494780091122,1.0,True
MSC,-0.1933952,-1.6178741,0.8466494780091122,1.0,True
MICAL3,-0.1933952,-1.6758871,0.8466494780091122,1.0,True
DUSP3,-0.1933952,-1.675041,0.8466494780091122,1.0,True
KSR1,-0.1933952,-1.6399883,0.8466494780091122,1.0,True
KLHL8,-0.1933952,-1.615041,0.8466494780091122,1.0,True
MTRF1,-0.1933952,-1.599201,0.8466494780091122,1.0,True
GNG11,-0.1933952,-1.5651199,0.8466494780091122,1.0,True
RP13-516M14.4,-0.1933952,-1.5183066,0.8466494780091122,1.0,True
TMEM116,-0.1933952,-0.682949,0.8466494780091122,1.0,True
CTA-384D8.35,-0.1933952,-1.6151347,0.8466494780091122,1.0,True
ACOX3,-0.1933952,-1.5873618,0.8466494780091122,1.0,True
CCDC88A,-0.1933952,-1.6408547,0.8466494780091122,1.0,True
ZNF518B,-0.1933952,-1.5781851,0.8466494780091122,1.0,True
TAB1,-0.1933952,-1.6463902,0.8466494780091122,1.0,True
SLC26A6,-0.1933952,-1.5832946,0.8466494780091122,1.0,True
SULT1A3,-0.19416264,-1.7111695,0.8460485378141183,1.0,True
ZNF628,-0.19416264,-1.9804672,0.8460485378141183,1.0,True
ASB2,-0.19416264,-1.6184894,0.8460485378141183,1.0,True
LRRC25,-0.19416264,-1.6707104,0.8460485378141183,1.0,True
FUK,-0.19416264,-1.7854097,0.8460485378141183,1.0,True
FBRSL1,-0.19416264,-1.7664695,0.8460485378141183,1.0,True
RP11-70P17.1,-0.19416264,-1.7873886,0.8460485378141183,1.0,True
XAB2,-0.19416264,-0.41280264,0.8460485378141183,1.0,True
CCDC71,-0.19416264,-0.46483955,0.8460485378141183,1.0,True
RP13-270P17.3,-0.19416264,-1.8087934,0.8460485378141183,1.0,True
FASTKD3,-0.19416264,-1.7366055,0.8460485378141183,1.0,True
TLDC1,-0.19416264,-1.4930383,0.8460485378141183,1.0,True
DAPP1,-0.19416264,-1.7469947,0.8460485378141183,1.0,True
ZNF100,-0.19416264,-1.7043556,0.8460485378141183,1.0,True
CTA-445C9.15,-0.19416264,-1.7077475,0.8460485378141183,1.0,True
RP11-407N17.5,-0.19416264,-1.8232636,0.8460485378141183,1.0,True
FAR2,-0.19416264,-1.6224785,0.8460485378141183,1.0,True
ZMYND11,-0.19416264,-0.5595263,0.8460485378141183,1.0,True
MYSM1,-0.19416264,-1.6830121,0.8460485378141183,1.0,True
ZNRD1-AS1,-0.19416264,-1.578966,0.8460485378141183,1.0,True
PEX13,-0.19416264,-1.6182226,0.8460485378141183,1.0,True
TCTN1,-0.19416264,-1.7759522,0.8460485378141183,1.0,True
ARHGAP11B,-0.19416264,-1.7716042,0.8460485378141183,1.0,True
LDLRAD4,-0.19416264,-1.6298227,0.8460485378141183,1.0,True
GCNT1,-0.19416264,-1.8469176,0.8460485378141183,1.0,True
PLAA,-0.19493008,-0.58124757,0.8454476871575958,1.0,True
GTF2H3,-0.19493008,-1.8185037,0.8454476871575958,1.0,True
CEP192,-0.19493008,-1.6952446,0.8454476871575958,1.0,True
ZNF451,-0.19493008,-0.5445109,0.8454476871575958,1.0,True
BCL9,-0.19493008,-1.7292248,0.8454476871575958,1.0,True
WDR86,-0.19493008,-1.8449389,0.8454476871575958,1.0,True
BBS2,-0.19493008,-0.2331758,0.8454476871575958,1.0,True
LYL1,-0.19493008,-2.1110375,0.8454476871575958,1.0,True
SWAP70,-0.19493008,-1.9110383,0.8454476871575958,1.0,True
PPP1R12C,-0.19493008,-1.8975991,0.8454476871575958,1.0,True
PCYOX1,-0.19493008,-1.8046426,0.8454476871575958,1.0,True
PARP2,-0.19493008,-1.6334202,0.8454476871575958,1.0,True
ZDHHC17,-0.19493008,-1.8913597,0.8454476871575958,1.0,True
PPP1R13B,-0.19493008,-2.1552305,0.8454476871575958,1.0,True
CCR6,-0.19493008,-2.2000675,0.8454476871575958,1.0,True
GPR75-ASB3,-0.19493008,-0.5724484,0.8454476871575958,1.0,True
MON2,-0.19493008,-1.7365745,0.8454476871575958,1.0,True
LRMP,-0.19493008,-0.3480813,0.8454476871575958,1.0,True
RAB3GAP2,-0.19569752,-0.5860796,0.8448469263800316,1.0,True
TM9SF2,-0.19569752,-0.17092726,0.8448469263800316,1.0,True
UBE3C,-0.19569752,-0.63413256,0.8448469263800316,1.0,True
TMEM259,-0.19569752,-0.13322988,0.8448469263800316,1.0,True
HIST2H2AC,-0.19569752,-0.6717459,0.8448469263800316,1.0,False
ENTPD4,-0.19569752,-0.57504195,0.8448469263800316,1.0,True
IKZF5,-0.19569752,-0.6113092,0.8448469263800316,1.0,True
ARPP19,-0.19569752,-0.09967707,0.8448469263800316,1.0,True
PHF21A,-0.19569752,-0.6171704,0.8448469263800316,1.0,True
SPTLC2,-0.19608124,-0.33631188,0.844546579802218,1.0,True
ZRSR2,-0.19608124,-0.30987194,0.844546579802218,1.0,True
C16orf62,-0.19646496,-0.54009074,0.8442462558217556,1.0,True
YTHDF3,-0.19646496,-0.5912251,0.8442462558217556,1.0,True
DHX9,-0.19684868,-0.28940895,0.8439459544811608,1.0,True
NPRL2,-0.1972324,-0.031218033,0.8436456758229406,1.0,True
TBC1D2B,-0.1972324,-0.63578403,0.8436456758229406,1.0,True
CHORDC1,-0.19799985,-0.40928167,0.8430451867236012,1.0,True
ASUN,-0.19799985,-0.65510964,0.8430451867236012,1.0,True
PPDPF,-0.19799985,-0.012654162,0.8430451867236012,1.0,True
PIEZO1,-0.19876729,-0.6764635,0.8424447888635935,1.0,True
ST13,-0.19876729,-0.1073222,0.8424447888635935,1.0,True
MEPCE,-0.19876729,-0.6938988,0.8424447888635935,1.0,True
TFB2M,-0.19876729,-0.6805388,0.8424447888635935,1.0,True
RAB11FIP4,-0.19953473,-0.46442875,0.8418444825826147,1.0,True
PTER,-0.19953473,-0.40539956,0.8418444825826147,1.0,True
TRAPPC13,-0.19953473,-0.5933746,0.8418444825826147,1.0,True
ANTXR2,-0.20030217,-0.64015377,0.8412442682202022,1.0,True
DDX60,-0.20030217,-0.6539188,0.8412442682202022,1.0,True
PCMTD1,-0.20030217,-0.38002747,0.8412442682202022,1.0,True
ABCA2,-0.20106961,-0.6846883,0.8406441461157328,1.0,True
LUC7L,-0.20106961,-0.52326834,0.8406441461157328,1.0,True
HAUS2,-0.20106961,-0.73677814,0.8406441461157328,1.0,True
SRP19,-0.20145333,-0.10431421,0.8403441197662385,1.0,True
RNH1,-0.20222077,-0.14788817,0.8397441366846643,1.0,True
CLINT1,-0.2029882,-0.43893316,0.8391442467087715,1.0,True
FAM50A,-0.2029882,-0.15248618,0.8391442467087715,1.0,True
FAM43A,-0.20337193,-0.41345516,0.8388443367413405,1.0,True
GOSR1,-0.20337193,-0.35522306,0.8388443367413405,1.0,True
ITGB2-AS1,-0.20375565,-0.16128549,0.8385444501773717,1.0,True
KIAA0319L,-0.20375565,-0.43059936,0.8385444501773717,1.0,True
CLPTM1,-0.20413937,-0.30206814,0.8382445870591908,1.0,True
PNKP,-0.20413937,-0.16012816,0.8382445870591908,1.0,True
MYEOV2,-0.20413937,-0.122781135,0.8382445870591908,1.0,True
ADRBK1,-0.20567426,-0.3797291,0.8370453698905097,1.0,True
GLUL,-0.20567426,-0.106015466,0.8370453698905097,1.0,True
CSDE1,-0.20605798,-0.081960954,0.836745624635801,1.0,True
NFKB2,-0.2064417,-0.14469273,0.8364459030806214,1.0,True
MSL3,-0.20720914,-0.4546262,0.8358465312378552,1.0,True
SLC52A2,-0.20720914,-0.3404769,0.8358465312378552,1.0,True
VNN2,-0.20797658,-0.52380186,0.8352472547001205,1.0,True
DAP3,-0.20797658,-0.18715481,0.8352472547001205,1.0,True
PPP1CC,-0.20797658,-0.087576516,0.8352472547001205,1.0,True
BDP1,-0.20874402,-0.30490792,0.8346480738051598,1.0,True
SFR1,-0.20951146,-0.28939793,0.8340489888905501,1.0,True
ATP6V0E2,-0.20951146,-0.11179125,0.8340489888905501,1.0,True
CRIPT,-0.20951146,-0.24217896,0.8340489888905501,1.0,True
TOR3A,-0.2102789,-0.1603926,0.8334500002937004,1.0,True
PNO1,-0.21104634,-0.27604204,0.8328511083518526,1.0,True
NMRAL1,-0.2118138,-0.3472168,0.8322523134020798,1.0,True
RAF1,-0.2118138,-0.24018519,0.8322523134020798,1.0,True
C18orf32,-0.21219751,-0.19094656,0.8319529524045111,1.0,True
LYPLAL1,-0.21296495,-0.555292,0.8313543035744941,1.0,True
S100A9,-0.21373239,-0.15454578,0.8307557525784961,1.0,True
MAP3K13,-0.21411611,-0.38097385,0.8304565138734108,1.0,True
ZNF138,-0.21449983,-0.5922189,0.8301572997529968,1.0,True
CNOT11,-0.21526727,-0.70803833,0.8295589454343054,1.0,True
SIK1,-0.21526727,-0.6621279,0.8295589454343054,1.0,True
ALG8,-0.21526727,-0.6977274,0.8295589454343054,1.0,True
DDB2,-0.21565099,-0.09124148,0.8292598053200624,1.0,True
POLR2M,-0.21565099,-0.31467688,0.8292598053200624,1.0,True
LINC00657,-0.21603471,-0.3510236,0.8289606899585598,1.0,True
RP11-22P6.2,-0.21641843,-24.511654,0.8286615993917876,1.0,True
LRRC23,-0.21641843,-24.301308,0.8286615993917876,1.0,True
WDR53,-0.21641843,-24.186523,0.8286615993917876,1.0,True
AFF3,-0.21641843,-24.226973,0.8286615993917876,1.0,True
ITGA10,-0.21641843,-24.35068,0.8286615993917876,1.0,True
CHSY1,-0.21641843,-24.415594,0.8286615993917876,1.0,True
MMS22L,-0.21641843,-24.434235,0.8286615993917876,1.0,True
USP45,-0.21641843,-24.358595,0.8286615993917876,1.0,True
MATN1-AS1,-0.21641843,-24.4605,0.8286615993917876,1.0,True
C16orf74,-0.21641843,-24.26654,0.8286615993917876,1.0,True
DNAJB4,-0.21641843,-24.26022,0.8286615993917876,1.0,True
UTP14C,-0.21641843,-24.46981,0.8286615993917876,1.0,True
FOXJ2,-0.21641843,-24.471344,0.8286615993917876,1.0,True
MTM1,-0.21641843,-24.343754,0.8286615993917876,1.0,True
CATSPERG,-0.21641843,-24.562622,0.8286615993917876,1.0,True
PGLYRP2,-0.21641843,-24.514519,0.8286615993917876,1.0,True
TMSB15B,-0.21641843,-24.375702,0.8286615993917876,1.0,True
SEC61A2,-0.21641843,-24.541052,0.8286615993917876,1.0,True
CYTH3,-0.21641843,-24.495935,0.8286615993917876,1.0,True
FMO4,-0.21641843,-24.578758,0.8286615993917876,1.0,True
C10orf35,-0.21641843,-24.260004,0.8286615993917876,1.0,True
SLC25A43,-0.21641843,-24.541122,0.8286615993917876,1.0,True
H2AFY2,-0.21641843,-24.393957,0.8286615993917876,1.0,True
LL21NC02-1C16.2,-0.21641843,-24.314497,0.8286615993917876,1.0,True
ADNP2,-0.21641843,-24.353203,0.8286615993917876,1.0,True
ZP3,-0.21641843,-24.195135,0.8286615993917876,1.0,True
ZNF726,-0.21641843,-24.53921,0.8286615993917876,1.0,True
DLG3,-0.21641843,-24.287476,0.8286615993917876,1.0,True
RP11-108M9.6,-0.21641843,-24.475069,0.8286615993917876,1.0,True
RP11-53I6.3,-0.21641843,-24.425879,0.8286615993917876,1.0,True
METTL21B,-0.21641843,-24.333267,0.8286615993917876,1.0,True
PAPD7,-0.21641843,-24.37234,0.8286615993917876,1.0,True
C16orf95,-0.21641843,-24.359774,0.8286615993917876,1.0,True
ZNF500,-0.21641843,-24.16767,0.8286615993917876,1.0,True
ZNF74,-0.21641843,-24.441978,0.8286615993917876,1.0,True
SLC25A23,-0.21641843,-24.330395,0.8286615993917876,1.0,True
CIPC,-0.21641843,-24.111826,0.8286615993917876,1.0,True
ZNF473,-0.21641843,-24.47829,0.8286615993917876,1.0,True
WDR24,-0.21641843,-24.4113,0.8286615993917876,1.0,True
C8orf44,-0.21641843,-24.36973,0.8286615993917876,1.0,True
CTC-378H22.2,-0.21641843,-24.333086,0.8286615993917876,1.0,True
ZNF30,-0.21641843,-24.301083,0.8286615993917876,1.0,True
EAF1-AS1,-0.21641843,-24.342968,0.8286615993917876,1.0,True
CENPB,-0.21641843,-24.541426,0.8286615993917876,1.0,True
FKTN,-0.21641843,-24.49744,0.8286615993917876,1.0,True
RP11-308N19.1,-0.21641843,-24.581635,0.8286615993917876,1.0,True
HDX,-0.21641843,-24.304737,0.8286615993917876,1.0,True
ASAH2B,-0.21641843,-24.173845,0.8286615993917876,1.0,True
NEK4,-0.21641843,-24.513775,0.8286615993917876,1.0,True
KCNN4,-0.21641843,-24.54421,0.8286615993917876,1.0,True
RHPN1,-0.21641843,-24.29169,0.8286615993917876,1.0,True
AGPAT9,-0.21641843,-24.455212,0.8286615993917876,1.0,True
RP11-110G21.1,-0.21641843,-24.203312,0.8286615993917876,1.0,True
ASAH2,-0.21641843,-24.216774,0.8286615993917876,1.0,True
LINC00926,-0.21641843,-24.315172,0.8286615993917876,1.0,True
SLC9A6,-0.21641843,-24.300001,0.8286615993917876,1.0,True
FLVCR1-AS1,-0.21641843,-24.201519,0.8286615993917876,1.0,True
ZNF385A,-0.21641843,-24.343346,0.8286615993917876,1.0,True
ZSCAN29,-0.21641843,-24.350855,0.8286615993917876,1.0,True
CRTC1,-0.21641843,-24.399403,0.8286615993917876,1.0,True
REEP6,-0.21641843,-24.599028,0.8286615993917876,1.0,True
TUBB1,-0.21641843,-24.336567,0.8286615993917876,1.0,True
RP11-383C5.4,-0.21641843,-24.42707,0.8286615993917876,1.0,True
ZNF174,-0.21641843,-24.496693,0.8286615993917876,1.0,True
KIAA0825,-0.21641843,-24.16894,0.8286615993917876,1.0,True
TRIM46,-0.21641843,-24.449097,0.8286615993917876,1.0,True
TMEM237,-0.21641843,-24.454226,0.8286615993917876,1.0,True
MIR29A,-0.21641843,-24.392912,0.8286615993917876,1.0,True
UNC119B,-0.21641843,-24.605206,0.8286615993917876,1.0,True
AC115618.1,-0.21641843,-24.461426,0.8286615993917876,1.0,True
PUS7,-0.21641843,-24.4032,0.8286615993917876,1.0,True
TET3,-0.21641843,-24.388489,0.8286615993917876,1.0,True
EREG,-0.21641843,-24.500967,0.8286615993917876,1.0,True
ALKBH1,-0.21641843,-24.267317,0.8286615993917876,1.0,True
AC006994.2,-0.21641843,-24.408705,0.8286615993917876,1.0,True
CEP128,-0.21641843,-24.223764,0.8286615993917876,1.0,True
LZTS1,-0.21641843,-24.35126,0.8286615993917876,1.0,True
VPS54,-0.21641843,-24.284529,0.8286615993917876,1.0,True
RP11-488L18.8,-0.21641843,-24.376577,0.8286615993917876,1.0,True
P2RY14,-0.21641843,-24.424522,0.8286615993917876,1.0,True
RP11-11N9.4,-0.21641843,-24.521114,0.8286615993917876,1.0,True
KANSL1L,-0.21641843,-24.379805,0.8286615993917876,1.0,True
DDX51,-0.21641843,-24.48929,0.8286615993917876,1.0,True
IFNLR1,-0.21641843,-24.380928,0.8286615993917876,1.0,True
STPG1,-0.21641843,-24.633095,0.8286615993917876,1.0,True
EYA3,-0.21641843,-24.39846,0.8286615993917876,1.0,True
ADC,-0.21641843,-24.291784,0.8286615993917876,1.0,True
ZNF343,-0.21641843,-24.305235,0.8286615993917876,1.0,True
RPRD1B,-0.21641843,-24.598337,0.8286615993917876,1.0,True
UBXN10-AS1,-0.21641843,-24.374386,0.8286615993917876,1.0,True
HAR1A,-0.21641843,-24.483334,0.8286615993917876,1.0,True
NSMF,-0.21641843,-24.532694,0.8286615993917876,1.0,True
ZNF653,-0.21641843,-24.351126,0.8286615993917876,1.0,True
FAM168A,-0.21641843,-24.147581,0.8286615993917876,1.0,True
ZNF525,-0.21641843,-24.380007,0.8286615993917876,1.0,True
ZNF540,-0.21641843,-24.298414,0.8286615993917876,1.0,True
PRMT3,-0.21641843,-24.367233,0.8286615993917876,1.0,True
ZNF605,-0.21641843,-24.402761,0.8286615993917876,1.0,True
FPR1,-0.21641843,-24.296947,0.8286615993917876,1.0,True
ZNF432,-0.21641843,-24.338196,0.8286615993917876,1.0,True
TNIP3,-0.21641843,-24.350164,0.8286615993917876,1.0,True
FER,-0.21641843,-24.224329,0.8286615993917876,1.0,True
BEND5,-0.21641843,-24.501568,0.8286615993917876,1.0,True
TAGLN,-0.21641843,-24.262411,0.8286615993917876,1.0,True
ZNF443,-0.21641843,-24.388222,0.8286615993917876,1.0,True
ZNF530,-0.21641843,-24.572128,0.8286615993917876,1.0,True
RP11-498C9.3,-0.21641843,-24.324749,0.8286615993917876,1.0,True
KIF16B,-0.21641843,-24.366066,0.8286615993917876,1.0,True
RAB39B,-0.21641843,-24.329165,0.8286615993917876,1.0,True
ME1,-0.21641843,-24.317709,0.8286615993917876,1.0,True
NT5E,-0.21641843,-24.33318,0.8286615993917876,1.0,True
SPINK2,-0.21641843,-24.044119,0.8286615993917876,1.0,True
RP11-849H4.2,-0.21641843,-24.310097,0.8286615993917876,1.0,True
ZNF749,-0.21641843,-24.273088,0.8286615993917876,1.0,True
CLUH,-0.21641843,-24.48133,0.8286615993917876,1.0,True
IPO13,-0.21641843,-24.216904,0.8286615993917876,1.0,True
LINC00341,-0.21641843,-24.582962,0.8286615993917876,1.0,True
GYLTL1B,-0.21641843,-24.400864,0.8286615993917876,1.0,True
ZNF587,-0.21641843,-24.451973,0.8286615993917876,1.0,True
RP11-403A21.2,-0.21641843,-24.464018,0.8286615993917876,1.0,True
GALNT3,-0.21641843,-24.41833,0.8286615993917876,1.0,True
PGAM5,-0.21641843,-24.326471,0.8286615993917876,1.0,True
GAPT,-0.21641843,-24.239264,0.8286615993917876,1.0,True
TMEM182,-0.21641843,-24.297203,0.8286615993917876,1.0,True
FRY-AS1,-0.21641843,-24.147997,0.8286615993917876,1.0,True
SLC5A2,-0.21641843,-24.381363,0.8286615993917876,1.0,True
RRP12,-0.21641843,-24.357815,0.8286615993917876,1.0,True
SIK2,-0.21641843,-24.307652,0.8286615993917876,1.0,True
ZFP30,-0.21641843,-24.199242,0.8286615993917876,1.0,True
CREBRF,-0.21641843,-0.3642508,0.8286615993917876,1.0,True
RNLS,-0.21641843,-24.330128,0.8286615993917876,1.0,True
TPBG,-0.21641843,-24.299606,0.8286615993917876,1.0,True
RWDD2A,-0.21641843,-24.373323,0.8286615993917876,1.0,True
AGMAT,-0.21641843,-24.157282,0.8286615993917876,1.0,True
RP11-467D6.1,-0.21641843,-24.33917,0.8286615993917876,1.0,True
CSNK1G1,-0.21641843,-24.203178,0.8286615993917876,1.0,True
RIPK1,-0.21680215,-0.38093323,0.8283625336617257,1.0,True
DLAT,-0.21680215,-0.70135343,0.8283625336617257,1.0,True
GIGYF2,-0.21680215,-0.7290663,0.8283625336617257,1.0,True
HAUS7,-0.21680215,-0.8188074,0.8283625336617257,1.0,True
B9D2,-0.21680215,-0.6886759,0.8283625336617257,1.0,True
PLCB2,-0.21718587,-0.44706833,0.8280634928103427,1.0,True
FAM104B,-0.21718587,-0.39642146,0.8280634928103427,1.0,True
UBA6,-0.21718587,-0.46847025,0.8280634928103427,1.0,True
PHF12,-0.21718587,-0.45070758,0.8280634928103427,1.0,True
AHCY,-0.21756959,-0.7333561,0.8277644768795966,1.0,True
SAMD4B,-0.21756959,-0.99057305,0.8277644768795966,1.0,True
AC062029.1,-0.21756959,-0.82935256,0.8277644768795966,1.0,True
SRSF10-1,-0.21833703,-0.8931574,0.8271665199477928,1.0,True
MED13,-0.21833703,-0.80480224,0.8271665199477928,1.0,True
IMMP1L,-0.21872076,-0.4603814,0.8268675790305966,1.0,True
ACTR2,-0.21872076,-0.17152464,0.8268675790305966,1.0,True
PIM1,-0.21872076,-0.07768102,0.8268675790305966,1.0,True
SKAP2,-0.21910448,-0.10302468,0.8265686632017608,1.0,True
CLASRP,-0.21910448,-0.92377377,0.8265686632017608,1.0,True
IFI27,-0.21910448,-0.7794069,0.8265686632017608,1.0,True
DEXI,-0.2194882,-0.2012808,0.8262697725031886,1.0,True
UTP18,-0.2194882,-0.45137274,0.8262697725031886,1.0,True
DLG1,-0.21987192,-0.86582446,0.8259709069767729,1.0,True
OGFOD1,-0.21987192,-0.9083762,0.8259709069767729,1.0,True
CNOT3,-0.21987192,-0.88797283,0.8259709069767729,1.0,True
DPH6,-0.21987192,-0.8093794,0.8259709069767729,1.0,True
UNC93B1,-0.21987192,-0.8622793,0.8259709069767729,1.0,True
MIIP,-0.22025564,-0.47657067,0.8256720666643955,1.0,True
BRAF,-0.22063936,-0.6898447,0.8253732516079271,1.0,True
SH3GL1,-0.22063936,-0.87450236,0.8253732516079271,1.0,True
EZH1,-0.22063936,-0.7571482,0.8253732516079271,1.0,True
PPIF,-0.22063936,-0.9576911,0.8253732516079271,1.0,True
CTD-2020K17.1,-0.22063936,-1.0217493,0.8253732516079271,1.0,True
ANKHD1,-0.22063936,-0.85526776,0.8253732516079271,1.0,True
LRPPRC,-0.22063936,-0.9621076,0.8253732516079271,1.0,True
ACBD6,-0.22102308,-0.42744705,0.8250744618492274,1.0,True
IP6K2,-0.22102308,-0.20322663,0.8250744618492274,1.0,True
USP20,-0.2214068,-0.8360781,0.8247756974301454,1.0,True
SPAG9,-0.2214068,-0.84173775,0.8247756974301454,1.0,True
BAG5,-0.22179052,-0.48530433,0.8244769583925188,1.0,True
CLK3,-0.22179052,-0.27224442,0.8244769583925188,1.0,True
PPP2R2B,-0.22179052,-0.5217925,0.8244769583925188,1.0,True
RANGRF,-0.22255796,-0.17349567,0.8238795566289279,1.0,True
C1orf50,-0.22255796,-0.31463087,0.8238795566289279,1.0,True
WARS,-0.22294168,-0.35597998,0.823580893986584,1.0,True
PDE4D,-0.22294168,-1.0107636,0.823580893986584,1.0,True
ENTPD6,-0.22294168,-0.95160544,0.823580893986584,1.0,True
POGZ,-0.22294168,-0.9469084,0.823580893986584,1.0,True
PSEN1,-0.22294168,-0.91951543,0.823580893986584,1.0,True
PHF14,-0.2233254,0.07009153,0.8232822568929361,1.0,True
EIF5B,-0.2233254,-0.06969157,0.8232822568929361,1.0,True
RABL6,-0.2233254,-0.52692604,0.8232822568929361,1.0,True
CCPG1,-0.2233254,-0.21272743,0.8232822568929361,1.0,True
ARAF,-0.22370912,-0.3750401,0.8229836453897671,1.0,True
BRF2,-0.22370912,-1.0266123,0.8229836453897671,1.0,True
RP11-349A22.5,-0.22447656,-0.20291972,0.8223864993219392,1.0,True
RCSD1,-0.22486028,-0.056186605,0.8220879648407897,1.0,True
PWP1,-0.22486028,-0.33161074,0.8220879648407897,1.0,True
METTL16,-0.225244,-0.88418967,0.8217894561171375,1.0,True
CREB1,-0.225244,-0.42499992,0.8217894561171375,1.0,True
AP3S2,-0.225244,-0.9270119,0.8217894561171375,1.0,True
SRA1,-0.22562774,-0.17061435,0.8214909731927093,1.0,True
SCAF11,-0.22562774,-0.120150745,0.8214909731927093,1.0,True
PACS1,-0.22831377,-0.4578346,0.8194023186026713,1.0,True
C19orf60,-0.2286975,-0.09449187,0.8191040435728492,1.0,True
RFWD2,-0.2286975,-0.51051533,0.8191040435728492,1.0,True
SAT1,-0.22908121,-0.035689656,0.8188057947172853,1.0,True
RCE1,-0.22946493,-0.5422328,0.8185075720775937,1.0,True
PES1,-0.22946493,-0.5378358,0.8185075720775937,1.0,True
CPSF4,-0.23023237,-0.2858686,0.817911205612226,1.0,True
MRPS30,-0.23023237,-0.13668057,0.817911205612226,1.0,True
STX17,-0.23099981,-0.21389565,0.8173149445094291,1.0,True
FAM177A1,-0.23291843,-0.16174851,0.8158247548952686,1.0,True
SETD5-AS1,-0.23330215,-0.17769875,0.8155267967005526,1.0,True
PARVB,-0.23330215,-0.34720987,0.8155267967005526,1.0,True
ZNF76,-0.23406959,-0.4097637,0.8149309603712084,1.0,True
CRTC3,-0.23483703,-0.28114596,0.814335231065098,1.0,True
JOSD1,-0.23483703,-0.43198577,0.814335231065098,1.0,True
PARL,-0.23560447,-0.14032014,0.8137396091137995,1.0,True
WTAP,-0.23560447,-0.13925673,0.8137396091137995,1.0,True
SUPT16H,-0.23560447,-0.26733664,0.8137396091137995,1.0,True
RPS6KA5,-0.23560447,-0.4918212,0.8137396091137995,1.0,False
MRP63,-0.23598818,-0.15674593,0.8134418384997718,1.0,True
TMEM50B,-0.23713934,-0.2651643,0.8125486886010176,1.0,True
ZNF430,-0.23752306,-0.28845796,0.8122510260871526,1.0,True
DNAJC9,-0.23752306,-0.20530514,0.8122510260871526,1.0,True
KIAA1377,-0.23790678,-0.7644881,0.8119533907017566,1.0,True
SETD6,-0.23790678,-0.84668636,0.8119533907017566,1.0,True
SUDS3,-0.23790678,-0.7754407,0.8119533907017566,1.0,True
IFT43,-0.23790678,-0.49869838,0.8119533907017566,1.0,True
PCNX,-0.23867422,-0.55537057,0.8113582014817515,1.0,True
ACSL4,-0.23867422,-1.0920472,0.8113582014817515,1.0,True
BCL3,-0.23944166,-1.1589264,0.8107631212716435,1.0,True
CTD-2035E11.3,-0.23944166,-0.2786326,0.8107631212716435,1.0,True
SMG7,-0.23944166,-0.9453213,0.8107631212716435,1.0,True
IL16,-0.23944166,-0.1864353,0.8107631212716435,1.0,True
ZBTB38,-0.23944166,-0.47420108,0.8107631212716435,1.0,True
TUG1,-0.23944166,-1.059141,0.8107631212716435,1.0,True
WBSCR16,-0.23944166,-1.1216378,0.8107631212716435,1.0,True
USPL1,-0.23944166,-0.99031085,0.8107631212716435,1.0,True
LINC00685,-0.23944166,-1.0962098,0.8107631212716435,1.0,True
PHF8,-0.23944166,-1.0396814,0.8107631212716435,1.0,True
MIEF1,-0.23944166,-1.1977634,0.8107631212716435,1.0,True
EEPD1,-0.23944166,-1.1096104,0.8107631212716435,1.0,True
CSGALNACT1,-0.23944166,-0.9172724,0.8107631212716435,1.0,True
TRAK2,-0.24020912,-1.0168581,0.8101681504018848,1.0,True
RLTPR,-0.24020912,-1.0428951,0.8101681504018848,1.0,True
CDK19,-0.24020912,-1.1485214,0.8101681504018848,1.0,True
KIAA1328,-0.24020912,-1.1129835,0.8101681504018848,1.0,True
SMS,-0.24020912,-0.19550525,0.8101681504018848,1.0,True
SLC37A3,-0.24020912,-1.0141824,0.8101681504018848,1.0,True
RP11-1398P2.1,-0.24020912,-0.9609051,0.8101681504018848,1.0,True
TMEM99,-0.24097656,-1.1487987,0.8095732892027386,1.0,True
MXI1,-0.24097656,-1.1908581,0.8095732892027386,1.0,True
TMEM8A,-0.24097656,-0.9791782,0.8095732892027386,1.0,True
SEC16A,-0.24097656,-1.1022776,0.8095732892027386,1.0,True
NUDT9,-0.24097656,-0.58861035,0.8095732892027386,1.0,True
CTD-3185P2.1,-0.24097656,-1.1498036,0.8095732892027386,1.0,True
NAGK,-0.24097656,-0.28089935,0.8095732892027386,1.0,True
MTFMT,-0.24097656,-1.1118934,0.8095732892027386,1.0,True
LYRM5,-0.24136028,-0.525101,0.8092758998328002,1.0,True
TMEM161B,-0.241744,-1.2689013,0.8089785380042775,1.0,True
ANAPC1,-0.241744,-1.1453212,0.8089785380042775,1.0,True
LST1,-0.241744,-0.21225958,0.8089785380042775,1.0,True
EIF4EBP1,-0.241744,-0.34347522,0.8089785380042775,1.0,True
LIMD1,-0.241744,-1.1384295,0.8089785380042775,1.0,True
MARK2,-0.241744,-1.1161731,0.8089785380042775,1.0,True
NCF1,-0.241744,-1.1495327,0.8089785380042775,1.0,True
C11orf1,-0.241744,-1.2080388,0.8089785380042775,1.0,True
ING5,-0.241744,-1.1089299,0.8089785380042775,1.0,True
FOXRED1,-0.241744,-1.2336946,0.8089785380042775,1.0,True
RWDD4,-0.24251144,-0.44011232,0.8083838971363839,1.0,True
PPP1R15B,-0.24251144,-1.2298898,0.8083838971363839,1.0,True
GPCPD1,-0.24251144,-0.4406021,0.8083838971363839,1.0,True
LRIG1,-0.24251144,-1.1812102,0.8083838971363839,1.0,True
POLR3D,-0.24251144,-0.59149504,0.8083838971363839,1.0,True
CASC7,-0.24251144,-1.207094,0.8083838971363839,1.0,True
NTHL1,-0.24251144,-0.5451035,0.8083838971363839,1.0,True
SLCO3A1,-0.24251144,-1.1684048,0.8083838971363839,1.0,True
RUNX2,-0.24251144,-1.2170649,0.8083838971363839,1.0,True
HN1L,-0.24251144,-1.2130619,0.8083838971363839,1.0,True
RRAGB,-0.24251144,-1.2670051,0.8083838971363839,1.0,True
WDR37,-0.24327888,-0.5601382,0.8077893669287488,1.0,True
AP3B1,-0.24327888,-0.36776033,0.8077893669287488,1.0,True
ARMCX3,-0.24327888,-0.3468076,0.8077893669287488,1.0,True
RREB1,-0.24327888,-1.2976887,0.8077893669287488,1.0,True
RBM15B,-0.24327888,-0.6047871,0.8077893669287488,1.0,True
ERO1LB,-0.24327888,-1.1962606,0.8077893669287488,1.0,True
GRAP,-0.24327888,-1.3557589,0.8077893669287488,1.0,True
VPS37A,-0.2436626,-0.3115806,0.8074921434255042,1.0,True
SAYSD1,-0.2436626,-0.25190213,0.8074921434255042,1.0,True
TRIM52-AS1,-0.24404632,-0.6339915,0.8071949477108717,1.0,True
PPARA,-0.24404632,-1.2909023,0.8071949477108717,1.0,True
MTIF2,-0.24404632,-1.2992092,0.8071949477108717,1.0,True
ZNF623,-0.24404632,-1.4032431,0.8071949477108717,1.0,True
IL8,-0.24404632,-1.2710279,0.8071949477108717,1.0,True
DCAF6,-0.24404632,-1.3265891,0.8071949477108717,1.0,True
CCDC101,-0.24404632,-0.21690482,0.8071949477108717,1.0,True
ARHGEF18,-0.24404632,-1.3268633,0.8071949477108717,1.0,True
BCAS3,-0.24404632,-1.3345574,0.8071949477108717,1.0,True
GAA,-0.24404632,-1.3918788,0.8071949477108717,1.0,True
TCF3,-0.24404632,-1.2229946,0.8071949477108717,1.0,True
NAPG,-0.24481376,-1.301412,0.8066006398120598,1.0,True
TP53BP2,-0.24481376,-1.5420008,0.8066006398120598,1.0,True
PRPF4B,-0.24481376,-0.48224056,0.8066006398120598,1.0,True
TMOD3,-0.24481376,-0.2833843,0.8066006398120598,1.0,True
PDE7A,-0.24481376,-0.64235,0.8066006398120598,1.0,True
GLS,-0.24481376,-0.59418106,0.8066006398120598,1.0,True
CREB3,-0.24481376,-0.19493257,0.8066006398120598,1.0,True
GPANK1,-0.24481376,-0.32055363,0.8066006398120598,1.0,True
PPTC7,-0.24481376,-1.3755398,0.8066006398120598,1.0,True
SND1,-0.24596491,-0.28248528,0.8057093874069738,1.0,True
BZRAP1-AS1,-0.24634863,-0.23528457,0.8054123592878955,1.0,True
TMEM126A,-0.24634863,-0.33654788,0.8054123592878955,1.0,True
CES2,-0.24634863,-0.6408997,0.8054123592878955,1.0,True
DGUOK,-0.24673237,-0.099364914,0.8051153592452771,1.0,True
NFYB,-0.24711609,-0.63837665,0.8048183873201914,1.0,True
ZNF200,-0.24711609,-1.6298186,0.8048183873201914,1.0,True
AP1S2,-0.24711609,-0.122264,0.8048183873201914,1.0,True
NDUFAF4,-0.24788353,-0.14772333,0.8042245279868478,1.0,True
RNF130,-0.24788353,-0.28124017,0.8042245279868478,1.0,True
MTX2,-0.24865097,-0.59453523,0.8036307816162026,1.0,True
SZRD1,-0.24903469,-0.13464457,0.803333950894444,1.0,True
OAT,-0.24941841,-0.41187978,0.8030371485363981,1.0,True
CHD4,-0.24941841,-0.20738219,0.8030371485363981,1.0,True
CKLF,-0.24941841,-0.12599257,0.8030371485363981,1.0,True
NELFA,-0.24941841,-0.69362515,0.8030371485363981,1.0,True
ARFGAP3,-0.24941841,-0.1935804,0.8030371485363981,1.0,True
BCL7C,-0.25018585,-0.14489855,0.8024436290753805,1.0,True
DDA1,-0.25056958,-0.28672487,0.8021469120543463,1.0,True
PCSK7,-0.25056958,-0.06697095,0.8021469120543463,1.0,True
CTC-523E23.11,-0.25133702,-0.3451299,0.8015535636359779,1.0,True
WWP1,-0.25172073,-0.6302151,0.8012569323205074,1.0,True
PRR7,-0.25248817,-0.32366452,0.8006637556815592,1.0,True
MIS18BP1,-0.2532556,-0.46478567,0.8000706939712119,1.0,True
ZNF259,-0.25479048,-0.3279141,0.7988849166439509,1.0,True
KIAA2026,-0.25555792,-0.41612956,0.7982922016803549,1.0,True
PPAN,-0.25555792,-0.5606336,0.7982922016803549,1.0,True
ENY2,-0.25594166,-0.080167,0.7979958877663801,1.0,True
ARGLU1,-0.25632536,-0.22902194,0.797699602951993,1.0,True
UIMC1,-0.2567091,-0.43897066,0.7974033472779571,1.0,True
MRPS16,-0.25747654,-0.19972073,0.796810923513929,1.0,True
ZNF274,-0.25747654,-0.4659515,0.796810923513929,1.0,True
BCL11B,-0.25747654,-0.018294683,0.796810923513929,1.0,True
IWS1,-0.25786027,-0.55862933,0.7965147555054007,1.0,True
SLC35A2,-0.25786027,-0.79528147,0.7965147555054007,1.0,True
NCOA1,-0.25824398,-0.4233365,0.7962186168001513,1.0,True
PTDSS1,-0.25824398,-0.31611693,0.7962186168001513,1.0,True
BCL2,-0.2586277,-0.52342695,0.7959225074388805,1.0,True
HSPB1,-0.25939515,-0.20255163,0.7953303769110137,1.0,True
CAT,-0.25939515,-0.24444884,0.7953303769110137,1.0,True
TAGLN2,-0.2601626,-0.09907398,0.7947383642471488,1.0,True
POR,-0.2601626,-0.63045466,0.7947383642471488,1.0,True
RPRD2,-0.2605463,-0.43006632,0.794442402215833,1.0,True
PACSIN2,-0.26093003,-0.6795148,0.794146469772431,1.0,True
PHB,-0.26131374,-0.17167297,0.7938505669575541,1.0,True
QTRT1,-0.26131374,-0.46090588,0.7938505669575541,1.0,True
PSMD3,-0.26131374,-0.24096495,0.7938505669575541,1.0,True
MRPS2,-0.26169747,-0.3333297,0.7935546938118008,1.0,True
VPS13A,-0.26169747,-0.31410918,0.7935546938118008,1.0,True
XPO6,-0.26169747,-0.71079093,0.7935546938118008,1.0,True
TXNDC9,-0.2624649,-0.24163422,0.7929630366899946,1.0,True
ANAPC13,-0.2624649,-0.19819556,0.7929630366899946,1.0,True
SLC39A10,-0.2624649,-0.72900975,0.7929630366899946,1.0,True
CD82,-0.2624649,-0.545194,0.7929630366899946,1.0,True
ATPAF2,-0.2624649,-0.63994676,0.7929630366899946,1.0,True
METAP2,-0.26284862,-0.19626382,0.7926672527950743,1.0,True
MRPL38,-0.26323235,-0.682117,0.7923714987315432,1.0,True
BLOC1S5,-0.26323235,-0.545542,0.7923714987315432,1.0,True
MCCC2,-0.26323235,-0.70230985,0.7923714987315432,1.0,True
ZNF586,-0.26323235,-0.68764687,0.7923714987315432,1.0,True
ERCC6L2,-0.26361606,-1.0587742,0.7920757745399354,1.0,True
DOLPP1,-0.26361606,-1.6747514,0.7920757745399354,1.0,True
HOOK2,-0.26361606,-1.7689093,0.7920757745399354,1.0,True
SLC25A37,-0.26361606,-1.791536,0.7920757745399354,1.0,True
DDI2,-0.26361606,-1.7512767,0.7920757745399354,1.0,True
GTF2A1,-0.26361606,-1.7406688,0.7920757745399354,1.0,True
LLGL1,-0.26361606,-1.7931792,0.7920757745399354,1.0,True
RPGR,-0.26361606,-1.7565205,0.7920757745399354,1.0,True
KIAA2018,-0.26361606,-1.5234123,0.7920757745399354,1.0,True
RABL3,-0.26361606,-1.7599977,0.7920757745399354,1.0,True
CLYBL,-0.26361606,-1.7882161,0.7920757745399354,1.0,True
GOLGA8A,-0.26361606,-1.8003223,0.7920757745399354,1.0,True
RSF1,-0.2639998,-0.19696504,0.7917800802607722,1.0,True
SLC39A13,-0.26438352,-1.8474654,0.7914844159345619,1.0,True
PSAT1,-0.26438352,-1.827016,0.7914844159345619,1.0,True
NUTM2A-AS1,-0.26438352,-1.7420213,0.7914844159345619,1.0,True
CLDND2,-0.26438352,-1.8503798,0.7914844159345619,1.0,True
RP13-977J11.2,-0.26438352,-1.9484912,0.7914844159345619,1.0,True
RECK,-0.26438352,-1.8391908,0.7914844159345619,1.0,True
PPP2R1B,-0.26438352,-1.8515449,0.7914844159345619,1.0,True
PDP1,-0.26438352,-1.8277631,0.7914844159345619,1.0,True
LINC00526,-0.26438352,-1.7102937,0.7914844159345619,1.0,True
SUCO,-0.26438352,-1.6311938,0.7914844159345619,1.0,True
PLK3,-0.26476723,-0.6590869,0.7911887816018002,1.0,True
ABCF1,-0.26476723,-0.19008073,0.7911887816018002,1.0,True
KLHL42,-0.26515096,-1.8561003,0.7908931773029696,1.0,True
CTC-250I14.6,-0.26515096,-1.914164,0.7908931773029696,1.0,True
NUP35,-0.26515096,-1.9673431,0.7908931773029696,1.0,True
RP11-473I1.5,-0.26515096,-1.9488888,0.7908931773029696,1.0,True
FBXW7,-0.26515096,-1.8428154,0.7908931773029696,1.0,True
NCOR2,-0.26515096,-1.9356762,0.7908931773029696,1.0,True
SLC16A1,-0.26515096,-1.9258195,0.7908931773029696,1.0,True
TADA1,-0.26515096,-1.9942898,0.7908931773029696,1.0,True
SATB1,-0.26515096,-0.33873516,0.7908931773029696,1.0,True
LILRB1,-0.26515096,-1.9652728,0.7908931773029696,1.0,True
SLC25A42,-0.26515096,-1.9287944,0.7908931773029696,1.0,True
MPV17L2,-0.26515096,-1.9232183,0.7908931773029696,1.0,True
PGAP2,-0.26515096,-1.7964164,0.7908931773029696,1.0,True
KIAA1919,-0.26515096,-1.9709274,0.7908931773029696,1.0,True
WIPF2,-0.26515096,-0.46990073,0.7908931773029696,1.0,True
SLC25A44,-0.26515096,-1.8791757,0.7908931773029696,1.0,True
ESF1,-0.26515096,-2.024941,0.7908931773029696,1.0,True
C17orf89,-0.26553467,-0.20028928,0.7905976030785397,1.0,True
ARHGAP10,-0.26553467,-0.59399354,0.7905976030785397,1.0,True
UBE2J1,-0.26553467,-0.3294374,0.7905976030785397,1.0,True
NAT1,-0.2659184,-1.9234312,0.7903020589689671,1.0,True
CITED4,-0.2659184,-1.8867829,0.7903020589689671,1.0,True
PEX6,-0.2659184,-1.9212612,0.7903020589689671,1.0,True
MBOAT7,-0.2659184,-1.9612352,0.7903020589689671,1.0,True
USP42,-0.2659184,-2.0929663,0.7903020589689671,1.0,True
C8orf59,-0.2659184,-0.5077758,0.7903020589689671,1.0,True
RAD51B,-0.2659184,-2.3503234,0.7903020589689671,1.0,True
C3orf33,-0.2659184,-2.0609338,0.7903020589689671,1.0,True
SESN3,-0.2659184,-1.9680585,0.7903020589689671,1.0,True
AP2A2,-0.2659184,-1.977246,0.7903020589689671,1.0,True
PRPF39,-0.2663021,-0.78436655,0.7900065450146956,1.0,True
PAPOLA,-0.2663021,-0.09846689,0.7900065450146956,1.0,True
PSMD11,-0.2663021,-0.25315416,0.7900065450146956,1.0,True
SCML4,-0.2663021,-0.3504621,0.7900065450146956,1.0,True
PITPNA,-0.26668584,-2.0675623,0.7897110612561558,1.0,True
HSDL1,-0.26668584,-2.0353491,0.7897110612561558,1.0,True
KIAA1468,-0.26668584,-2.0881438,0.7897110612561558,1.0,True
RCCD1,-0.26668584,-2.0799434,0.7897110612561558,1.0,True
CASP2,-0.26668584,-2.3626409,0.7897110612561558,1.0,True
FBXL4,-0.26668584,-2.0346968,0.7897110612561558,1.0,True
MTMR3,-0.26668584,-1.9619268,0.7897110612561558,1.0,True
KLC4,-0.26668584,-2.2843134,0.7897110612561558,1.0,True
LOXL1-AS1,-0.26668584,-1.9668181,0.7897110612561558,1.0,True
ACOT9,-0.26668584,-0.49414107,0.7897110612561558,1.0,True
SORBS3,-0.26706955,-0.80769604,0.7894156077337651,1.0,True
RBMX2,-0.26706955,-0.25266758,0.7894156077337651,1.0,True
FGFR1OP,-0.26706955,-0.8154299,0.7894156077337651,1.0,True
AC084018.1,-0.26745328,-2.1803148,0.7891201844879282,1.0,True
TMEM181,-0.26745328,-2.2366621,0.7891201844879282,1.0,True
SEC22A,-0.26745328,-2.2991977,0.7891201844879282,1.0,True
SLC25A10-1,-0.26745328,-2.1358273,0.7891201844879282,1.0,True
TMED8,-0.26745328,-2.1416585,0.7891201844879282,1.0,True
EP400,-0.26745328,-2.4768462,0.7891201844879282,1.0,True
UNC45A,-0.26745328,-0.5966245,0.7891201844879282,1.0,True
SEH1L,-0.26745328,-2.1613035,0.7891201844879282,1.0,True
TTPAL,-0.26745328,-2.6316066,0.7891201844879282,1.0,True
RP1-39G22.7,-0.26745328,-2.197702,0.7891201844879282,1.0,True
MLH3,-0.267837,-0.77593446,0.7888247915590367,1.0,True
ILVBL,-0.267837,-0.78729993,0.7888247915590367,1.0,True
RPUSD4,-0.26822072,-0.8492182,0.7885294289874691,1.0,True
PIM3,-0.26822072,-0.50057256,0.7885294289874691,1.0,True
EEF1E1,-0.26822072,-0.4814176,0.7885294289874691,1.0,True
TDP2,-0.26860443,-0.13945156,0.7882340968135906,1.0,True
MED12,-0.26860443,-0.7552592,0.7882340968135906,1.0,True
BOLA1,-0.26898816,-0.56269294,0.7879387950777534,1.0,True
DCAF5,-0.26937187,-0.30446133,0.7876435238202969,1.0,True
SMDT1,-0.26937187,-0.1417207,0.7876435238202969,1.0,True
PSTPIP1,-0.2697556,-0.14672564,0.7873482830815468,1.0,True
NME1,-0.2697556,-0.49962324,0.7873482830815468,1.0,True
PNPT1,-0.2701393,-0.83549964,0.7870530729018161,1.0,True
TRMT6,-0.2701393,-0.66840786,0.7870530729018161,1.0,True
KAT7,-0.2701393,-0.7740742,0.7870530729018161,1.0,True
WDR46,-0.2701393,-0.38489485,0.7870530729018161,1.0,True
NOL10,-0.2701393,-0.8545556,0.7870530729018161,1.0,True
YBX3,-0.27090678,-0.8582059,0.7864627443805984,1.0,True
SGSM3,-0.27129048,-0.5103292,0.7861676261196711,1.0,True
MRPL2,-0.27167422,-0.47534856,0.7858725385788826,1.0,True
ST6GAL1,-0.27167422,-0.40048662,0.7858725385788826,1.0,True
MAPK3,-0.27167422,-0.88449115,0.7858725385788826,1.0,True
OSBPL9,-0.27205792,-0.54064655,0.7855774817984799,1.0,True
CAMLG,-0.27205792,-0.057041936,0.7855774817984799,1.0,True
KLHL12,-0.27244166,-0.9044472,0.7852824558186963,1.0,True
FGD5-AS1,-0.27282536,-0.5048177,0.7849874606797522,1.0,True
ARMC10,-0.27282536,-0.51011324,0.7849874606797522,1.0,True
PPIL2,-0.2732091,-0.863507,0.7846924964218548,1.0,True
FCGRT,-0.2735928,-0.54182696,0.7843975630851976,1.0,True
RNF14,-0.27397653,-1.0138323,0.784102660709961,1.0,True
HERC1,-0.27436024,-0.34449428,0.7838077893363121,1.0,True
PPM1A,-0.27512768,-0.5049931,0.7832181397543789,1.0,True
GOLPH3,-0.27666256,-0.52657545,0.782039214375431,1.0,True
RBM25,-0.2770463,-0.1409093,0.7817445611364499,1.0,True
BCL2L13,-0.2770463,-0.35141623,0.7817445611364499,1.0,True
POLDIP2,-0.27819747,-0.39194387,0.7808607895143307,1.0,True
PRKAA1,-0.27819747,-0.5361109,0.7808607895143307,1.0,True
GCH1,-0.27819747,-0.26126993,0.7808607895143307,1.0,True
ITK,-0.27819747,-0.38551125,0.7808607895143307,1.0,True
RDH11,-0.27819747,-0.17693833,0.7808607895143307,1.0,True
FTSJ2,-0.27858117,-0.44684225,0.7805662618053417,1.0,True
MTHFS,-0.27973235,-0.22150563,0.7796828677336076,1.0,True
IQSEC1,-0.28011605,-0.54673606,0.7793884661947026,1.0,True
CCBL2,-0.28011605,-0.5093565,0.7793884661947026,1.0,True
FANCF,-0.28011605,-0.47541827,0.7793884661947026,1.0,True
NR3C1,-0.2808835,-0.1833093,0.7787997580841315,1.0,True
TXNDC15,-0.2808835,-0.23912404,0.7787997580841315,1.0,True
CECR1,-0.2808835,-0.31105232,0.7787997580841315,1.0,True
RP11-169K16.9,-0.28241837,-0.7424585,0.7776227228497272,1.0,True
UBTF,-0.2828021,-0.6891186,0.7773285436460754,1.0,True
KIAA1430,-0.2828021,-0.6422942,0.7773285436460754,1.0,True
PRPF4,-0.2831858,-0.7540608,0.7770343963641355,1.0,True
MED31,-0.28395325,-0.8103834,0.7764461977247463,1.0,True
DGKZ,-0.28472072,-0.22915171,0.7758581272501316,1.0,True
TBC1D19,-0.28472072,-0.83352286,0.7758581272501316,1.0,True
CCDC57,-0.28472072,-0.3286588,0.7758581272501316,1.0,True
DIS3L,-0.2862556,-0.47603258,0.7746823720684118,1.0,True
ALG5,-0.2862556,-0.26430738,0.7746823720684118,1.0,True
AC013264.2,-0.28702304,-1.0369595,0.7740946879973469,1.0,True
MMAB,-0.28702304,-0.4255903,0.7740946879973469,1.0,True
TRAPPC2P1,-0.28702304,-0.58848625,0.7740946879973469,1.0,True
ATG10,-0.28779048,-0.9735694,0.773507133363136,1.0,True
TPRG1L,-0.28779048,-0.94182426,0.773507133363136,1.0,True
HAGHL,-0.28779048,-0.48471925,0.773507133363136,1.0,True
CPNE7,-0.28855792,-24.829777,0.7729197084832441,1.0,True
PGAP1,-0.28855792,-24.843737,0.7729197084832441,1.0,True
OSBP,-0.28855792,-24.855423,0.7729197084832441,1.0,True
PTPN23,-0.28855792,-24.665903,0.7729197084832441,1.0,True
FKBPL,-0.28855792,-24.834375,0.7729197084832441,1.0,True
TTF2,-0.28855792,-24.812296,0.7729197084832441,1.0,True
FTO,-0.28855792,-24.775217,0.7729197084832441,1.0,True
ZBTB21,-0.28855792,-24.564146,0.7729197084832441,1.0,True
UBE2V1,-0.28855792,-24.84955,0.7729197084832441,1.0,True
AC020571.3,-0.28855792,-24.74057,0.7729197084832441,1.0,True
DRAM1,-0.28855792,-24.749926,0.7729197084832441,1.0,True
POU5F2,-0.28855792,-24.94219,0.7729197084832441,1.0,True
RASA1,-0.28855792,-24.827639,0.7729197084832441,1.0,True
KBTBD8,-0.28855792,-24.744919,0.7729197084832441,1.0,True
ZNF649,-0.28855792,-24.84111,0.7729197084832441,1.0,True
CYP2U1,-0.28855792,-24.80127,0.7729197084832441,1.0,True
CDKL1,-0.28855792,-24.728014,0.7729197084832441,1.0,True
PQLC1,-0.28855792,-24.752111,0.7729197084832441,1.0,True
CDK8,-0.28855792,-24.904932,0.7729197084832441,1.0,True
TAF1A,-0.28855792,-24.991222,0.7729197084832441,1.0,True
HRASLS2,-0.28855792,-24.78631,0.7729197084832441,1.0,True
RP11-385F7.1,-0.28855792,-24.72635,0.7729197084832441,1.0,True
RAB6B,-0.28855792,-24.77292,0.7729197084832441,1.0,True
WDR91,-0.28855792,-24.829971,0.7729197084832441,1.0,True
SLC22A5,-0.28855792,-24.733469,0.7729197084832441,1.0,True
AC015987.2,-0.28855792,-24.815434,0.7729197084832441,1.0,True
SLC19A1,-0.28855792,-24.634325,0.7729197084832441,1.0,True
SPRY1,-0.28855792,-25.029167,0.7729197084832441,1.0,True
TP53BP1,-0.28855792,-24.692049,0.7729197084832441,1.0,True
WRN,-0.28855792,-24.769564,0.7729197084832441,1.0,True
HMBS,-0.28855792,-24.880754,0.7729197084832441,1.0,True
KLHL2,-0.28855792,-24.7579,0.7729197084832441,1.0,True
TTC9,-0.28855792,-24.48441,0.7729197084832441,1.0,True
AC007246.3,-0.28855792,-24.650879,0.7729197084832441,1.0,True
WDR92,-0.28855792,-24.830387,0.7729197084832441,1.0,True
GOLGA8B,-0.28855792,-24.787174,0.7729197084832441,1.0,True
PLEKHA7,-0.28855792,-24.827677,0.7729197084832441,1.0,True
RP11-798M19.6,-0.28855792,-24.752449,0.7729197084832441,1.0,True
USP30,-0.28855792,-24.702349,0.7729197084832441,1.0,True
IL23R,-0.28855792,-24.802553,0.7729197084832441,1.0,True
EBAG9,-0.28855792,-0.5044708,0.7729197084832441,1.0,True
COPRS,-0.28855792,-24.75933,0.7729197084832441,1.0,True
PIGA,-0.28855792,-24.663296,0.7729197084832441,1.0,True
LRRC8B,-0.28855792,-24.794939,0.7729197084832441,1.0,True
ZNF528,-0.28855792,-24.64638,0.7729197084832441,1.0,True
SYNC,-0.28855792,-24.888363,0.7729197084832441,1.0,True
RTN4IP1,-0.28855792,-24.71119,0.7729197084832441,1.0,True
B3GNT8,-0.28855792,-24.614506,0.7729197084832441,1.0,True
SOCS4,-0.28855792,-24.757183,0.7729197084832441,1.0,True
TAF9B,-0.28855792,-24.783533,0.7729197084832441,1.0,True
TMCO6,-0.28855792,-24.636492,0.7729197084832441,1.0,True
DISC1,-0.28855792,-24.742296,0.7729197084832441,1.0,True
STRBP,-0.28855792,-24.756433,0.7729197084832441,1.0,True
MYO1C,-0.28855792,-24.820316,0.7729197084832441,1.0,True
HIST1H2BG,-0.28855792,-24.724497,0.7729197084832441,1.0,False
RP11-463J10.3,-0.28855792,-24.900179,0.7729197084832441,1.0,True
DGKH,-0.28855792,-24.84608,0.7729197084832441,1.0,True
SLFN11,-0.28855792,-24.90192,0.7729197084832441,1.0,True
IL6R,-0.28855792,-24.81378,0.7729197084832441,1.0,True
FLNB,-0.28855792,-24.767899,0.7729197084832441,1.0,True
RP11-390E23.6,-0.28855792,-24.810102,0.7729197084832441,1.0,True
YIPF2,-0.28855792,-24.747805,0.7729197084832441,1.0,True
METRN,-0.28855792,-24.756596,0.7729197084832441,1.0,True
SGMS1,-0.28855792,-24.892992,0.7729197084832441,1.0,True
KIAA1009,-0.28855792,-25.01592,0.7729197084832441,1.0,True
PM20D2,-0.28855792,-24.973946,0.7729197084832441,1.0,True
MSANTD2,-0.28855792,-24.744837,0.7729197084832441,1.0,True
SAV1,-0.28855792,-24.783632,0.7729197084832441,1.0,True
SYS1,-0.28932536,-0.36676997,0.7723324136749131,1.0,True
PNRC2-1,-0.28932536,-0.47300938,0.7723324136749131,1.0,True
DPAGT1,-0.28932536,-0.93920374,0.7723324136749131,1.0,True
LIPT1,-0.28932536,-1.0006284,0.7723324136749131,1.0,True
PSMB5,-0.28970906,-0.3190697,0.7720388151466603,1.0,True
FAM211A,-0.2900928,-0.9984429,0.7717452492551621,1.0,True
ATP6V1A,-0.2900928,-0.96254325,0.7717452492551621,1.0,True
AEN,-0.2900928,-0.9848894,0.7717452492551621,1.0,True
HSF2,-0.2900928,-1.0649757,0.7717452492551621,1.0,True
SNTB2,-0.2900928,-1.0935892,0.7717452492551621,1.0,True
SPSB3,-0.2900928,-0.14602867,0.7717452492551621,1.0,True
HECA,-0.29086024,-0.55304337,0.7711582155407857,1.0,True
CNST,-0.29086024,-0.9949124,0.7711582155407857,1.0,True
PER1,-0.29086024,-1.0307422,0.7711582155407857,1.0,True
FDX1L,-0.29086024,-0.88998944,0.7711582155407857,1.0,True
PSMG4,-0.29086024,-0.61138666,0.7711582155407857,1.0,True
CHPF2,-0.29162768,-1.0442407,0.770571312848354,1.0,True
ZDHHC16,-0.29162768,-1.0470822,0.770571312848354,1.0,True
ARL8B,-0.29162768,-0.6551786,0.770571312848354,1.0,True
VIM-AS1,-0.29162768,-0.29570144,0.770571312848354,1.0,True
TMCO3,-0.29162768,-1.034686,0.770571312848354,1.0,True
DPH7,-0.29162768,-1.0317025,0.770571312848354,1.0,True
CDCA4,-0.29162768,-1.0756046,0.770571312848354,1.0,True
SIK3,-0.29162768,-0.9020106,0.770571312848354,1.0,True
FYN,-0.2920114,-0.114783436,0.7702779107342342,1.0,True
PSTK,-0.2923951,-1.0196381,0.7699845414942125,1.0,True
HARS2,-0.2923951,-1.0738668,0.7699845414942125,1.0,True
ZBTB14,-0.2923951,-1.0576005,0.7699845414942125,1.0,True
BRAP,-0.2923951,-0.55905753,0.7699845414942125,1.0,True
POLR3F,-0.29316255,-1.0565878,0.769397901794481,1.0,True
GEMIN8,-0.29316255,-1.0153937,0.769397901794481,1.0,True
CHD7,-0.29316255,-1.3018306,0.769397901794481,1.0,True
PRPSAP2,-0.2935463,-0.32038638,0.7691046314137444,1.0,True
SIRT6,-0.29393,-1.3217175,0.768811394065053,1.0,True
ATG2A,-0.29393,-0.26847762,0.768811394065053,1.0,True
IER5,-0.29431373,-0.2846192,0.768518189787858,1.0,True
FBXO21,-0.29469743,-1.2506628,0.7682250186215963,1.0,True
GTF2H1,-0.29469743,-0.5520686,0.7682250186215963,1.0,True
TNIP2,-0.29469743,-0.34905282,0.7682250186215963,1.0,True
R3HDM2,-0.29546487,-1.1883485,0.767638775779551,1.0,True
CEP290,-0.29546487,-1.1241152,0.767638775779551,1.0,True
NXF1,-0.29546487,-0.36584827,0.767638775779551,1.0,True
ATXN7L3B,-0.29546487,-1.188133,0.767638775779551,1.0,True
RANBP9,-0.29546487,-1.08808,0.767638775779551,1.0,True
DTWD1,-0.29546487,-0.65092206,0.767638775779551,1.0,True
ZFP64,-0.29546487,-1.0958018,0.767638775779551,1.0,True
CAPZA1,-0.2958486,-0.19115551,0.7673457041825704,1.0,True
PAPD4,-0.2962323,-0.36469617,0.7670526658541298,1.0,True
HLA-G,-0.2962323,-1.1044524,0.7670526658541298,1.0,True
MED16,-0.29699975,-0.73701614,0.7664666891603178,1.0,True
PPP4R2,-0.29699975,-0.57551575,0.7664666891603178,1.0,True
SCYL1,-0.2977672,-0.43206823,0.7658808460128709,1.0,True
C6orf47,-0.2977672,-0.6037992,0.7658808460128709,1.0,True
PSMA1,-0.29815093,-0.10910227,0.7655879746173331,1.0,True
CCDC91,-0.29853466,-0.4281729,0.7652951367263165,1.0,True
SLC25A45,-0.29853466,-0.53926814,0.7652951367263165,1.0,True
RNF113A,-0.29853466,-0.14575206,0.7652951367263165,1.0,True
TIPARP,-0.30045325,-0.5655971,0.7638314512133482,1.0,True
FXYD5,-0.30045325,-0.13909627,0.7638314512133482,1.0,True
TNFAIP8,-0.30045325,-0.1412414,0.7638314512133482,1.0,True
RNASEH1,-0.30083698,-0.53540945,0.7635388151738353,1.0,True
PMM1,-0.30083698,-0.4273782,0.7635388151738353,1.0,True
EIF4E,-0.30083698,-0.45075142,0.7635388151738353,1.0,True
MSMO1,-0.30083698,-0.36711657,0.7635388151738353,1.0,True
CCDC59,-0.3012207,-0.20419347,0.7632462129135014,1.0,True
PRPF31,-0.30198812,-0.14067073,0.762661109887072,1.0,True
PPM1B,-0.30237186,-0.27664423,0.7623686091992914,1.0,True
CLIP1,-0.30275556,-0.55520785,0.7620761424473189,1.0,True
TANK,-0.3031393,-0.29490757,0.7617837096702756,1.0,True
REEP5,-0.30429044,-0.17288163,0.7609066155797135,1.0,True
RAB5B,-0.30429044,-0.6267809,0.7609066155797135,1.0,True
ANKRD36C,-0.30505788,-0.7689083,0.7603220567772151,1.0,True
KCTD20,-0.3065928,-0.44847763,0.7591533499964589,1.0,True
PPM1K,-0.30774394,-0.26608607,0.7582771806103876,1.0,True
MARS,-0.30851138,-0.4403432,0.7576932400322961,1.0,True
CNTRL,-0.30851138,-0.40543148,0.7576932400322961,1.0,True
RAB40B,-0.31004626,-1.2197065,0.756525773906982,1.0,True
POP5,-0.31004626,-0.2773045,0.756525773906982,1.0,True
YIF1B,-0.31004626,-0.43571812,0.756525773906982,1.0,True
ARFRP1,-0.31004626,-0.3356009,0.756525773906982,1.0,True
NQO2,-0.31043,-0.39771816,0.756233994067147,1.0,True
TTC22,-0.3108137,-1.2170172,0.755942248981586,1.0,True
EGR1,-0.3108137,-1.3378705,0.755942248981586,1.0,True
SMC1A,-0.3108137,-1.319484,0.755942248981586,1.0,True
C5AR1,-0.3108137,-1.29924,0.755942248981586,1.0,True
UFSP2,-0.3108137,-0.44706538,0.755942248981586,1.0,True
TPT1-AS1,-0.31119743,-0.6726311,0.7556505386891113,1.0,True
MAL,-0.31158113,-1.126649,0.7553588632285199,1.0,True
POLR3E,-0.31158113,-1.3740548,0.7553588632285199,1.0,True
RRP9,-0.31196487,-0.73696184,0.7550672226385945,1.0,True
QKI,-0.31234857,-1.2916976,0.7547756169581027,1.0,True
PPP2R5D,-0.31234857,-1.3209285,0.7547756169581027,1.0,True
NPHP3,-0.31234857,-1.6379972,0.7547756169581027,1.0,True
ZNF140,-0.31234857,-1.2605326,0.7547756169581027,1.0,True
DENND4C,-0.31234857,-1.362269,0.7547756169581027,1.0,True
PGGT1B,-0.31234857,-1.3346435,0.7547756169581027,1.0,True
ZNF350,-0.31234857,-1.3264683,0.7547756169581027,1.0,True
TNFSF13B,-0.3127323,-0.7069748,0.7544840462257971,1.0,True
NXT1,-0.31311604,-0.21942526,0.7541925104804155,1.0,True
ITM2C,-0.31311604,-1.555091,0.7541925104804155,1.0,True
C5orf45,-0.31311604,-1.3672105,0.7541925104804155,1.0,True
RP11-545E17.3,-0.31311604,-1.3989581,0.7541925104804155,1.0,True
CD68,-0.31349975,-0.7575172,0.7539010097606806,1.0,True
C10orf76,-0.31388348,-1.310858,0.7536095441053001,1.0,True
RP4-539M6.22,-0.31388348,-1.4456553,0.7536095441053001,1.0,True
ZFAND2B,-0.3142672,-0.45057112,0.7533181135529671,1.0,True
JMJD4,-0.31465092,-1.420311,0.7530267181423591,1.0,True
ZNF318,-0.31465092,-1.4595826,0.7530267181423591,1.0,True
AIDA,-0.31465092,-1.4388779,0.7530267181423591,1.0,True
SH2B1,-0.31465092,-1.4366924,0.7530267181423591,1.0,True
TRAPPC9,-0.31465092,-1.466275,0.7530267181423591,1.0,True
SNX15,-0.31465092,-1.4265729,0.7530267181423591,1.0,True
TUBGCP5,-0.31465092,-1.3746966,0.7530267181423591,1.0,True
KIF3A,-0.31541836,-1.6548798,0.752444032900955,1.0,True
ZC3H7B,-0.31541836,-1.4722016,0.752444032900955,1.0,True
D2HGDH,-0.31541836,-1.5186521,0.752444032900955,1.0,True
HCK,-0.31541836,-1.4479039,0.752444032900955,1.0,True
IL23A,-0.31541836,-1.4568213,0.752444032900955,1.0,True
BORA,-0.31541836,-1.5162874,0.752444032900955,1.0,True
HERC5,-0.3161858,-1.4216111,0.7518614886902097,1.0,True
RSAD1,-0.3161858,-0.5440021,0.7518614886902097,1.0,True
GCN1L1,-0.3161858,-1.544187,0.7518614886902097,1.0,True
NOC2L,-0.3165695,-0.27990207,0.7515702695678691,1.0,True
SAC3D1,-0.31695324,-1.5666602,0.7512790858190046,1.0,True
CENPT,-0.31695324,-0.42818964,0.7512790858190046,1.0,True
RP11-539L10.2,-0.31733695,-0.7385411,0.750987937482189,1.0,True
CHCHD1,-0.31772068,-0.38316354,0.7506968245959793,1.0,True
ZNF770,-0.31772068,-1.5798541,0.7506968245959793,1.0,True
PPP1R35,-0.31848812,-0.4365141,0.7501147053295316,1.0,True
DCUN1D5,-0.31887183,-0.38082212,0.7498236990263325,1.0,True
ECE1,-0.31925556,-1.5757201,0.7495327283278171,1.0,True
CIDEB,-0.3196393,-0.92906797,0.749241793272467,1.0,True
PHTF1,-0.3196393,-0.77402806,0.749241793272467,1.0,True
SFI1,-0.320023,-0.5240658,0.7489508938987484,1.0,True
LOH12CR1,-0.32040673,-0.83564377,0.7486600302451122,1.0,True
ARIH2OS,-0.32040673,-0.81769156,0.7486600302451122,1.0,True
IFI44L,-0.32155788,-0.1706332,0.7477876539889811,1.0,True
DNAJA3,-0.3219416,-0.91357744,0.7474969335998807,1.0,True
CALCOCO2,-0.32232532,-0.25121865,0.747206249122889,1.0,True
RP11-403I13.8,-0.32270905,-0.897271,0.7469156005963659,1.0,True
R3HCC1,-0.32309276,-0.53258914,0.7466249880586548,1.0,True
CDS2,-0.3234765,-0.31618983,0.746334411548085,1.0,True
RAB14,-0.3238602,-0.23068814,0.7460438711029694,1.0,True
TMEM261,-0.3238602,-0.23514885,0.7460438711029694,1.0,True
NUTF2,-0.3238602,-0.18623765,0.7460438711029694,1.0,True
PRRC2C,-0.32462764,-0.11817129,0.745462898562278,1.0,True
UROD,-0.32501137,-0.34837836,0.7451724665432519,1.0,True
SERPINA1,-0.32539508,-0.4712745,0.7448820707427796,1.0,True
MKNK2,-0.32693,-0.41214153,0.7437208504909234,1.0,True
RIC8A,-0.32769743,-0.23214625,0.7431404586697283,1.0,True
TARSL2,-0.32769743,-0.29900995,0.7431404586697283,1.0,True
PRKD2,-0.32808113,-0.19947667,0.7428503174688837,1.0,True
INTS5,-0.32808113,-1.008676,0.7428503174688837,1.0,True
TIAL1,-0.32846487,-0.26522818,0.7425602127920501,1.0,True
CHKB,-0.33038345,-0.5323048,0.7411102386014317,1.0,True
NOP16,-0.33076718,-0.82729846,0.7408203538684766,1.0,True
KLHDC4,-0.33076718,-0.6422646,0.7408203538684766,1.0,True
SLC7A6,-0.33153462,-0.8475981,0.7402406948119784,1.0,True
MRPL15,-0.33230206,-0.4242175,0.7396611832213041,1.0,True
RPP21,-0.3330695,-0.70922774,0.739081819400164,1.0,True
ZNF83,-0.33383694,-0.40850192,0.738502603652017,1.0,True
PAAF1,-0.33422068,-0.87391955,0.738213051400078,1.0,True
STX18,-0.33422068,-0.69988817,0.738213051400078,1.0,True
XPNPEP3,-0.33460438,-0.9092768,0.7379235362800699,1.0,True
CEP72,-0.33537182,-1.9770309,0.737344617587277,1.0,True
MITD1,-0.33537182,-0.4099676,0.737344617587277,1.0,True
TRAPPC11,-0.33537182,-2.0066879,0.737344617587277,1.0,True
POLD2,-0.33537182,-0.56494045,0.737344617587277,1.0,True
XPO1,-0.33537182,-0.89007044,0.737344617587277,1.0,True
MNDA,-0.33537182,-2.0289364,0.737344617587277,1.0,True
TMEM39A,-0.33537182,-1.8971438,0.737344617587277,1.0,True
SLC25A3,-0.33537182,-0.1477525,0.737344617587277,1.0,True
HPS6,-0.33613926,-0.85224134,0.7367658478763398,1.0,True
ARL16,-0.33613926,-0.46169743,0.7367658478763398,1.0,True
DTD1,-0.33613926,-0.25103238,0.7367658478763398,1.0,True
CTD-2228K2.5,-0.33613926,-2.0213482,0.7367658478763398,1.0,True
TBCE,-0.33613926,-2.08099,0.7367658478763398,1.0,True
ZNF566,-0.33613926,-2.002035,0.7367658478763398,1.0,True
DAK,-0.33613926,-2.091621,0.7367658478763398,1.0,True
PRKCZ,-0.33613926,-2.0911064,0.7367658478763398,1.0,True
BMI1,-0.33613926,-2.1278543,0.7367658478763398,1.0,True
PHLDB3,-0.33613926,-2.0446649,0.7367658478763398,1.0,True
CLCF1,-0.33613926,-2.1646385,0.7367658478763398,1.0,True
EAF1,-0.33613926,-2.0842004,0.7367658478763398,1.0,True
RP11-664D1.1,-0.33613926,-1.914022,0.7367658478763398,1.0,True
GTF2I,-0.33613926,-2.0120351,0.7367658478763398,1.0,True
GABARAPL2,-0.336523,-0.12436771,0.736476518983592,1.0,True
SURF4,-0.336523,-0.24268234,0.736476518983592,1.0,True
DENND4A,-0.3369067,-2.2642128,0.7361872274497065,1.0,True
EPM2AIP1,-0.3369067,-0.70154554,0.7361872274497065,1.0,True
PURB,-0.3369067,-2.2211864,0.7361872274497065,1.0,True
CTA-211A9.5,-0.3369067,-2.1915863,0.7361872274497065,1.0,True
C12orf43,-0.3369067,-0.920931,0.7361872274497065,1.0,True
ABCC10,-0.3369067,-2.4627812,0.7361872274497065,1.0,True
NCBP2-AS2,-0.3369067,-0.23864302,0.7361872274497065,1.0,True
DUSP14,-0.3369067,-2.1808658,0.7361872274497065,1.0,True
APOBEC3F,-0.3369067,-2.036928,0.7361872274497065,1.0,True
UEVLD,-0.3369067,-2.0849452,0.7361872274497065,1.0,True
MYADM,-0.33729044,-0.36869273,0.7358979733124495,1.0,True
KDELC2,-0.33767414,-2.1552694,0.7356087566095715,1.0,True
MAP3K4,-0.33767414,-2.1644704,0.7356087566095715,1.0,True
NPL,-0.33767414,-2.2024932,0.7356087566095715,1.0,True
ATP11A,-0.33767414,-2.29786,0.7356087566095715,1.0,True
POLM,-0.33767414,-0.87547797,0.7356087566095715,1.0,True
KANSL1-AS1,-0.33767414,-2.2848947,0.7356087566095715,1.0,True
ABCC5,-0.33767414,-2.178066,0.7356087566095715,1.0,True
CIRH1A,-0.33805788,-0.6207159,0.735319577378807,1.0,True
PDIK1L,-0.33844158,-2.4013443,0.7350304356578746,1.0,True
HMGXB3,-0.33844158,-2.3098562,0.7350304356578746,1.0,True
RNF141,-0.33844158,-0.93710566,0.7350304356578746,1.0,True
TRAF7,-0.33844158,-0.9270129,0.7350304356578746,1.0,True
DNAJB14,-0.33882532,-0.57552856,0.7347413314844772,1.0,True
RGS18,-0.33920902,-2.4045079,0.7344522648963012,1.0,True
CCBL1,-0.33920902,-2.4664736,0.7344522648963012,1.0,True
ATMIN,-0.33920902,-2.2712846,0.7344522648963012,1.0,True
TRAF5,-0.33959275,-0.5570106,0.7341632359310177,1.0,True
GRIPAP1,-0.33997646,-0.9386522,0.7338742446262813,1.0,True
CRCP,-0.33997646,-2.5195506,0.7338742446262813,1.0,True
KBTBD3,-0.33997646,-0.9208664,0.7338742446262813,1.0,True
GPM6B,-0.33997646,-2.6388245,0.7338742446262813,1.0,True
IER3IP1-1,-0.3403602,-0.24001943,0.7335852910197308,1.0,True
NAA38,-0.3403602,-0.20555499,0.7335852910197308,1.0,True
MRPL9,-0.34112763,-0.19389811,0.7330074970516629,1.0,True
THAP2,-0.34151137,-0.5809864,0.7327186567653428,1.0,True
ARF3,-0.34189507,-0.39482316,0.7324298543276035,1.0,True
XPOT,-0.3422788,-0.9620038,0.7321410897760037,1.0,True
CTSO,-0.3422788,-0.6348126,0.7321410897760037,1.0,True
TPGS2,-0.3422788,-0.6277617,0.7321410897760037,1.0,True
CHD1,-0.34304625,-0.73028183,0.7315636744813763,1.0,True
MED7,-0.34304625,-1.0359331,0.7315636744813763,1.0,True
S100PBP,-0.34304625,-0.9709482,0.7315636744813763,1.0,True
ANKRD32,-0.3438137,-1.0557481,0.7309864111816076,1.0,True
REST,-0.34573227,-0.27874628,0.7295439198770757,1.0,True
LINC00861,-0.346116,-0.23436256,0.7292555362490475,1.0,True
SMIM14,-0.346116,-0.470077,0.7292555362490475,1.0,True
RGS1,-0.3464997,-0.3990968,0.7289671909192387,1.0,True
ZNF267,-0.34688345,-0.989675,0.7286788839250137,1.0,True
TSTA3,-0.34803462,-0.33625004,0.727814193329245,1.0,True
C11orf83,-0.34918576,-0.51941335,0.7269498490972968,1.0,True
N4BP2L1,-0.35072064,-0.2327558,0.7257979306484611,1.0,True
RRM1,-0.35072064,-0.6275761,0.7257979306484611,1.0,True
EED,-0.35148808,-0.51265323,0.7252222037483594,1.0,True
PFKP,-0.35187182,-0.46898296,0.7249343985094923,1.0,True
RBBP6,-0.35225552,-0.38239148,0.7246466321276006,1.0,True
RAP1A,-0.3534067,-0.16519809,0.7237835664948895,1.0,True
TMEM87A,-0.3537904,-0.16393661,0.7234959559119283,1.0,True
B3GNT2,-0.3537904,-0.5985466,0.7234959559119283,1.0,True
GBP1,-0.3537904,-0.11753379,0.7234959559119283,1.0,True
SLC25A32,-0.35494158,-1.0790352,0.7226333585656186,1.0,True
C15orf39,-0.35494158,-1.0787922,0.7226333585656186,1.0,True
NUP37,-0.35609275,-0.6287162,0.7217711136004218,1.0,True
ARFGAP2,-0.35647646,-0.23327152,0.7214837770915046,1.0,True
ORAOV1,-0.3572439,-1.1277324,0.7209092220145423,1.0,True
MOGS,-0.3572439,-1.0504578,0.7209092220145423,1.0,True
ATP5O,-0.35762763,-0.15540117,0.720622003520322,1.0,True
KLRB1,-0.35801134,-0.19990046,0.7203348244381309,1.0,True
CRTC2,-0.35801134,-1.1426144,0.7203348244381309,1.0,True
GIMAP8,-0.35801134,-1.0802939,0.7203348244381309,1.0,True
EPB41L4A-AS1,-0.35877877,-0.2838443,0.7197605846573032,1.0,True
AKAP8,-0.35877877,-1.107864,0.7197605846573032,1.0,True
FOXN3,-0.35877877,-0.3047898,0.7197605846573032,1.0,True
KCMF1,-0.3595462,-0.8963829,0.719186502966825,1.0,True
UBASH3A,-0.3595462,-1.1561251,0.719186502966825,1.0,True
QSOX1,-0.3595462,-1.1558589,0.719186502966825,1.0,True
LRRC40,-0.3595462,-1.0756111,0.719186502966825,1.0,True
CCDC93,-0.3595462,-1.0125827,0.719186502966825,1.0,True
RP11-326I11.3,-0.3595462,-1.1083333,0.719186502966825,1.0,True
RNF169,-0.36031365,-1.1580852,0.718612579661195,1.0,True
UCKL1,-0.36031365,-0.44115424,0.718612579661195,1.0,True
AIG1,-0.3606974,-25.026562,0.7183256774946556,1.0,True
CA2,-0.3606974,-25.09468,0.7183256774946556,1.0,True
MYBBP1A,-0.3606974,-25.163029,0.7183256774946556,1.0,True
RP13-580F15.2,-0.3606974,-25.297224,0.7183256774946556,1.0,True
PYGL,-0.3606974,-25.132303,0.7183256774946556,1.0,True
TOLLIP-AS1,-0.3606974,-25.102505,0.7183256774946556,1.0,True
RP5-821D11.7,-0.3606974,-25.292868,0.7183256774946556,1.0,True
ICOS,-0.3606974,-25.233286,0.7183256774946556,1.0,True
DBT,-0.3606974,-24.908068,0.7183256774946556,1.0,True
LMNB2,-0.3606974,-25.074041,0.7183256774946556,1.0,True
AC074138.3,-0.3606974,-25.195978,0.7183256774946556,1.0,True
APOBEC3A,-0.3606974,-25.004742,0.7183256774946556,1.0,True
SLC4A2,-0.3606974,-25.166866,0.7183256774946556,1.0,True
GCSAM,-0.3606974,-25.254948,0.7183256774946556,1.0,True
ZBTB43,-0.3606974,-25.036367,0.7183256774946556,1.0,True
CDC25B,-0.3606974,-0.29421514,0.7183256774946556,1.0,True
RP11-66N24.3,-0.3606974,-25.141975,0.7183256774946556,1.0,True
MVB12B,-0.3606974,-25.02458,0.7183256774946556,1.0,True
OLFM2,-0.3606974,-25.178745,0.7183256774946556,1.0,True
LZTR1,-0.3606974,-25.043968,0.7183256774946556,1.0,True
MCM9,-0.3606974,-24.938974,0.7183256774946556,1.0,True
NR2C1,-0.3606974,-25.023266,0.7183256774946556,1.0,True
MAML2,-0.3606974,-25.289011,0.7183256774946556,1.0,True
TTLL1,-0.3606974,-25.00002,0.7183256774946556,1.0,True
LY6G5C,-0.3606974,-25.025112,0.7183256774946556,1.0,True
SP110,-0.3606974,-0.17471516,0.7183256774946556,1.0,True
ZNF592,-0.3606974,-25.242767,0.7183256774946556,1.0,True
ADAT1,-0.3606974,-25.00762,0.7183256774946556,1.0,True
TRPS1,-0.3606974,-25.076748,0.7183256774946556,1.0,True
KIAA1586,-0.3606974,-25.017675,0.7183256774946556,1.0,True
PRRT3,-0.3606974,-25.307423,0.7183256774946556,1.0,True
ANKRA2,-0.3606974,-0.8088798,0.7183256774946556,1.0,True
ZNF260,-0.3606974,-25.119612,0.7183256774946556,1.0,True
NECAB3,-0.3606974,-25.182758,0.7183256774946556,1.0,True
ZBED6,-0.3606974,-25.063019,0.7183256774946556,1.0,True
SETD7,-0.3606974,-25.17955,0.7183256774946556,1.0,True
HAPLN3,-0.3606974,-24.779213,0.7183256774946556,1.0,True
CCL20,-0.3606974,-25.05198,0.7183256774946556,1.0,True
FCN1,-0.36108112,-0.26515976,0.7180388150346438,1.0,True
TMEM33,-0.36108112,-1.063426,0.7180388150346438,1.0,True
ZSCAN18,-0.36184856,-1.1648338,0.7174652093811342,1.0,True
TMEM154,-0.36184856,-1.1339864,0.7174652093811342,1.0,True
TMEM68,-0.36184856,-1.2322462,0.7174652093811342,1.0,True
L3MBTL2,-0.36184856,-1.1871215,0.7174652093811342,1.0,True
PGD,-0.36184856,-1.1668191,0.7174652093811342,1.0,True
CWF19L2,-0.36223227,-0.709711,0.7171784662610599,1.0,True
RP11-304L19.5,-0.362616,-1.136521,0.7168917629943601,1.0,True
TNRC6A,-0.362616,-1.2848835,0.7168917629943601,1.0,True
ZNF493,-0.362616,-1.2060843,0.7168917629943601,1.0,True
MANBAL,-0.36338344,-1.2979124,0.7163184761677459,1.0,True
EOMES,-0.36338344,-0.31737527,0.7163184761677459,1.0,True
RGP1,-0.36338344,-1.1490339,0.7163184761677459,1.0,True
RP11-412D9.4,-0.36338344,-1.2107732,0.7163184761677459,1.0,True
YLPM1,-0.36415088,-1.1748887,0.7157453491944471,1.0,True
FAM53B,-0.36415088,-1.2334764,0.7157453491944471,1.0,True
BLOC1S4,-0.3645346,-0.19065097,0.715458845744328,1.0,True
PDE6D,-0.3645346,-0.70283604,0.715458845744328,1.0,True
SYNRG,-0.36491832,-0.39138466,0.7151723823673488,1.0,True
FBXO18,-0.36491832,-1.1977307,0.7151723823673488,1.0,True
METTL17,-0.36530203,-0.6781509,0.7148859591000774,1.0,True
TPRKB,-0.36530203,-0.41532746,0.7148859591000774,1.0,True
ELMO1,-0.36568576,-0.51971245,0.7145995759790655,1.0,True
DNAJC21,-0.36568576,-1.2538326,0.7145995759790655,1.0,True
BMS1,-0.3664532,-1.3888214,0.7140269303219412,1.0,True
FAM195A,-0.3664532,-1.2450956,0.7140269303219412,1.0,True
RPUSD2,-0.36722064,-1.5173689,0.7134544456880483,1.0,True
CCDC85B,-0.36722064,-0.08867822,0.7134544456880483,1.0,True
SLC2A4RG,-0.36798808,-0.464097,0.7128821223691877,1.0,True
SUN1,-0.36798808,-1.337799,0.7128821223691877,1.0,True
ISG20,-0.36875552,-0.1457923,0.7123099606568875,1.0,True
VCP,-0.36913925,-0.2580998,0.7120239404942257,1.0,True
UBAP1,-0.36913925,-0.5190876,0.7120239404942257,1.0,True
POLR2C,-0.36913925,-0.22691901,0.7120239404942257,1.0,True
FUS,-0.36952296,-0.19459885,0.7117379608424037,1.0,True
TBC1D15,-0.3699067,-0.7853643,0.711452021737786,1.0,True
H1FX,-0.3699067,-0.25497058,0.711452021737786,1.0,True
LYRM1,-0.3699067,-0.3941107,0.711452021737786,1.0,True
MRPS31,-0.3699067,-0.3569485,0.711452021737786,1.0,True
CAPRIN1,-0.37182528,-0.5307166,0.7100229356943106,1.0,True
GSTK1,-0.37182528,-0.1433883,0.7100229356943106,1.0,True
PNISR,-0.37259272,-0.12284091,0.7094515863781827,1.0,True
EIF1B,-0.3737439,-0.2435633,0.708594868775737,1.0,True
CAPN2,-0.3756625,-0.09527094,0.7071678255083041,1.0,True
CYB5R1,-0.3760462,-0.67585075,0.7068825400905053,1.0,True
RIC3,-0.37681365,-0.84517395,0.7063120927792739,1.0,True
HPCAL1,-0.37796482,-0.26929972,0.7054567311638995,1.0,True
C3orf38,-0.37873226,-0.6157572,0.704886696741327,1.0,True
MAP2K1,-0.37911597,-0.3040258,0.7046017416342469,1.0,True
ZBTB25,-0.37911597,-0.52733105,0.7046017416342469,1.0,True
ZNF706,-0.3794997,-0.19330603,0.7043168279778873,1.0,True
PRRC2B,-0.38065085,-0.7307977,0.7034623360721979,1.0,True
TGDS,-0.3814183,-1.318303,0.7028928827133241,1.0,True
CARKD,-0.3814183,-1.2732965,0.7028928827133241,1.0,True
CINP,-0.38218576,-0.59354055,0.702323596018237,1.0,True
THAP7-AS1,-0.38218576,-1.4582529,0.702323596018237,1.0,True
MRTO4,-0.3829532,-0.80836576,0.7017544762733505,1.0,True
PASK,-0.3829532,-1.4920081,0.7017544762733505,1.0,True
C1orf35,-0.3833369,-0.49310687,0.7014699790966602,1.0,True
CDC14A,-0.38372064,-1.6024579,0.7011855237647984,1.0,True
STAT5B,-0.38372064,-1.4999051,0.7011855237647984,1.0,True
RBM43,-0.38372064,-1.5454569,0.7011855237647984,1.0,True
LANCL1,-0.38372064,-1.4900895,0.7011855237647984,1.0,True
BNIP1,-0.38372064,-0.8542228,0.7011855237647984,1.0,True
RPAP3,-0.38372064,-1.5505058,0.7011855237647984,1.0,True
RMND1,-0.38448808,-1.548738,0.7006167387784332,1.0,True
PDHX,-0.38448808,-0.80128026,0.7006167387784332,1.0,True
GCC1,-0.38448808,-1.492989,0.7006167387784332,1.0,True
MRPS33,-0.38487178,-0.45280316,0.7003324091953227,1.0,True
BIRC6,-0.38487178,-0.4036329,0.7003324091953227,1.0,True
KLHDC2,-0.38487178,-0.40470207,0.7003324091953227,1.0,True
HSD17B8,-0.38525552,-0.86864275,0.700048121599826,1.0,True
MAPKAPK5,-0.38525552,-0.86826164,0.700048121599826,1.0,True
STRADB,-0.38525552,-1.5973654,0.700048121599826,1.0,True
PPP6R2,-0.38525552,-0.8348394,0.700048121599826,1.0,True
TMEM187,-0.38525552,-1.5831207,0.700048121599826,1.0,True
ZMYM6,-0.38525552,-1.5396479,0.700048121599826,1.0,True
TNF,-0.38525552,-1.5219545,0.700048121599826,1.0,True
MAP9,-0.38602296,-1.5396029,0.6994796725142665,1.0,True
APTX,-0.38602296,-0.5230169,0.6994796725142665,1.0,True
LIN7C,-0.38602296,-1.4942399,0.6994796725142665,1.0,True
LATS1,-0.3867904,-1.6998473,0.698911391806761,1.0,True
NUDCD1,-0.3867904,-1.6459639,0.698911391806761,1.0,True
SNHG12,-0.3867904,-0.9107177,0.698911391806761,1.0,True
DUS3L,-0.3867904,-0.45840535,0.698911391806761,1.0,True
MLLT3,-0.3867904,-1.7670362,0.698911391806761,1.0,True
TESPA1,-0.38755783,-0.65418565,0.698343279762034,1.0,True
DENR,-0.38794154,-0.25617167,0.6980592870771114,1.0,True
RNPC3,-0.38832527,-1.7668794,0.6977753366645266,1.0,True
HGS,-0.38832527,-1.6645281,0.6977753366645266,1.0,True
RRP1B,-0.38832527,-0.9036477,0.6977753366645266,1.0,True
PRKAB2,-0.38832527,-1.6088604,0.6977753366645266,1.0,True
DDX27,-0.38870898,-0.34630078,0.6974914285597906,1.0,True
HSD17B4,-0.3890927,-1.8240361,0.6972075627983962,1.0,True
MFF,-0.3890927,-0.16443196,0.6972075627983962,1.0,True
NPDC1,-0.3890927,-0.99460644,0.6972075627983962,1.0,True
ZNF460,-0.3890927,-1.7011201,0.6972075627983962,1.0,True
TMEM258,-0.38947645,-0.15023601,0.696923739415819,1.0,True
RIOK1,-0.38986015,-1.0631534,0.6966399584475165,1.0,True
ACADSB,-0.38986015,-1.8312099,0.6966399584475165,1.0,True
ERCC4,-0.38986015,-1.9076891,0.6966399584475165,1.0,True
PPP2R5E,-0.3906276,-0.8921304,0.6960725238954764,1.0,True
DESI1,-0.3906276,-0.9312071,0.6960725238954764,1.0,True
EIF2AK2,-0.39101133,-0.28431404,0.6957888703825648,1.0,True
SEC22C,-0.39101133,-0.55853933,0.6957888703825648,1.0,True
GYG1,-0.39139503,-0.28205168,0.69550525942558,1.0,True
MYCBP2,-0.39139503,-0.42001417,0.69550525942558,1.0,True
EPRS,-0.39139503,-0.37376264,0.69550525942558,1.0,True
BAG6,-0.39216247,-0.21011448,0.6949381653208467,1.0,True
ZCCHC9,-0.39216247,-0.922804,0.6949381653208467,1.0,True
HMGB1,-0.3925462,-0.12816863,0.6946546822437816,1.0,True
EXOSC1,-0.3929299,-0.2952001,0.6943712418640098,1.0,True
PBDC1,-0.3929299,-0.25846925,0.6943712418640098,1.0,True
DNAAF2,-0.3929299,-0.4306496,0.6943712418640098,1.0,True
MBNL2,-0.3929299,-0.9947195,0.6943712418640098,1.0,True
GLE1,-0.3944648,-0.90595734,0.6932379080235282,1.0,True
ACSF3,-0.39484853,-0.5880142,0.69295468165932,1.0,True
LRBA,-0.39523223,-0.6614513,0.6926714982039183,1.0,True
ARRDC1,-0.39561597,-0.4281584,0.6923883576925123,1.0,True
JKAMP,-0.39561597,-0.88054305,0.6923883576925123,1.0,True
MX2,-0.3963834,-0.4586533,0.6918222056423555,1.0,True
XXbac-BPG299F13.17,-0.39676714,-0.2024008,0.6915391941738933,1.0,True
SAMSN1,-0.39715084,-0.3943823,0.6912562257900043,1.0,True
PHACTR2,-0.39753458,-0.91307694,0.6909733005257881,1.0,True
RCAN3,-0.39906946,-0.8745743,0.6898420313670037,1.0,True
NGLY1,-0.40252292,-0.3738786,0.6872992119184761,1.0,True
MKNK1,-0.40290666,-0.90994865,0.6870168940049763,1.0,True
USP15,-0.4032904,-0.3694134,0.6867346197354662,1.0,True
PPP2CA,-0.4036741,-0.21921499,0.686452389144755,1.0,True
ZC3H14,-0.4036741,-0.9788869,0.686452389144755,1.0,True
OTUD5,-0.4036741,-0.6473911,0.686452389144755,1.0,True
SEC63,-0.4036741,-0.47169206,0.686452389144755,1.0,True
METTL5,-0.40405783,-0.34504884,0.6861702022676336,1.0,True
PAG1,-0.40444154,-0.6723428,0.6858880591388745,1.0,True
RAB4A,-0.40482527,-0.2863816,0.6856059597932318,1.0,True
NAMPT,-0.40482527,-0.6880516,0.6856059597932318,1.0,True
FAS,-0.40520898,-1.0276444,0.6853239042654418,1.0,True
STAU1,-0.40520898,-1.0005237,0.6853239042654418,1.0,True
AAMDC,-0.40674385,-0.47950318,0.6841961210268861,1.0,True
LAT,-0.4071276,-0.18762922,0.6839142851087578,1.0,True
RPS27L,-0.4071276,-0.20377201,0.6839142851087578,1.0,False
P2RX5,-0.4071276,-2.2042155,0.6839142851087578,1.0,True
GOT2,-0.4071276,-1.073716,0.6839142851087578,1.0,True
PEX26,-0.4071276,-2.1583567,0.6839142851087578,1.0,True
USP10,-0.4075113,-1.073815,0.6836324932165134,1.0,True
RBFA,-0.40789503,-2.291608,0.6833507453847607,1.0,True
CARF,-0.40789503,-2.3762944,0.6833507453847607,1.0,True
C1orf54,-0.40789503,-2.2678914,0.6833507453847607,1.0,True
DLGAP1-AS1,-0.40827873,-1.0101855,0.6830690416480885,1.0,True
ZNF783,-0.4094299,-2.4756322,0.6822241953541734,1.0,True
NFE2L2,-0.4094299,-0.95412356,0.6822241953541734,1.0,True
CCR5,-0.4094299,-2.4147673,0.6822241953541734,1.0,True
SUV420H2,-0.4094299,-2.704189,0.6822241953541734,1.0,True
MPP7,-0.41019735,-2.5210924,0.6816611856002752,1.0,True
IFNG-AS1,-0.4109648,-2.4685037,0.6810983530552771,1.0,True
PDLIM5,-0.41134852,-1.1354935,0.6808170033222544,1.0,True
TNFSF8,-0.41173223,-2.715282,0.6805356979947865,1.0,True
NHLRC2,-0.41173223,-2.600862,0.6805356979947865,1.0,True
NAPEPLD,-0.41249967,-2.609065,0.6799732206941154,1.0,True
THAP6,-0.41249967,-2.785357,0.6799732206941154,1.0,True
NMT1,-0.41365084,-0.52935356,0.6791298386442861,1.0,True
LTBP4,-0.41441828,-1.1877406,0.6785678069457077,1.0,True
TCEAL4,-0.41441828,-1.0876105,0.6785678069457077,1.0,True
PHACTR4,-0.41480199,-0.93175596,0.6782868580996912,1.0,True
TRAPPC2L,-0.41480199,-0.24177277,0.6782868580996912,1.0,True
IRF2,-0.41518572,-0.40783447,0.6780059539682046,1.0,True
RALB,-0.41518572,-0.5818191,0.6780059539682046,1.0,True
SLC25A4,-0.41556942,-0.7497904,0.6777250945854849,1.0,True
RAN,-0.41633686,-0.12502915,0.6771635102032045,1.0,True
ZNF444,-0.4167206,-1.2288008,0.6768827852720258,1.0,True
WBP11,-0.4167206,-0.32226998,0.6768827852720258,1.0,True
YTHDC1,-0.41710433,-0.761595,0.6766021052263784,1.0,True
CNIH1,-0.41902292,-0.34520587,0.675199379475506,1.0,True
NSFL1C,-0.41940665,-0.40984088,0.674918969459422,1.0,True
SRPK1,-0.41979036,-1.2756733,0.6746386045674866,1.0,True
RHOB,-0.4201741,-0.80030084,0.6743582848337131,1.0,True
TIFA,-0.42094153,-0.7578303,0.6737977809766104,1.0,True
FUT7,-0.42094153,-1.2600728,0.6737977809766104,1.0,True
HNRNPUL1,-0.42132524,-0.23808122,0.6735175969212137,1.0,True
AIP,-0.42132524,-0.22658636,0.6735175969212137,1.0,True
STARD7,-0.4236276,-0.5596053,0.6718374449499127,1.0,True
PBRM1,-0.4240113,-0.8193164,0.6715575786643486,1.0,True
TOMM40,-0.4240113,-0.9081186,0.6715575786643486,1.0,True
UHRF2,-0.42516246,-1.1044527,0.6707182531291795,1.0,True
GTF2F2,-0.4259299,-0.7616565,0.6701589308779708,1.0,True
PPP6C,-0.42669734,-0.617432,0.6695997914259912,1.0,True
EMB,-0.42708105,-0.50237864,0.6693202903339313,1.0,True
QRSL1,-0.42746478,-1.2558476,0.6690408350427037,1.0,True
PARP8,-0.4278485,-0.291618,0.668761425585944,1.0,True
BAG2,-0.42899966,-1.3267667,0.6679234725585406,1.0,True
KCTD18,-0.42899966,-1.2358295,0.6679234725585406,1.0,True
ENTHD2,-0.42899966,-1.3240838,0.6679234725585406,1.0,True
ANXA7,-0.4297671,-0.19580519,0.667365066995071,1.0,True
NEK9,-0.4297671,-1.325952,0.667365066995071,1.0,True
MT1E,-0.43053454,-1.2835059,0.6668068455751059,1.0,True
RP11-138A9.1,-0.43130198,-1.2951833,0.6662488085665854,1.0,True
ABHD14B,-0.43168572,-0.2632066,0.6659698593002649,1.0,True
RP11-51J9.5,-0.43206942,-0.4115618,0.6656909562371447,1.0,True
GTF3A,-0.43206942,-0.15524022,0.6656909562371447,1.0,True
GNAI3,-0.43206942,-0.27978194,0.6656909562371447,1.0,True
CTSH,-0.43206942,-0.7796334,0.6656909562371447,1.0,True
RAB3GAP1,-0.43283686,-25.42716,0.6651332888541124,1.0,True
RAB33B,-0.43283686,-25.37886,0.6651332888541124,1.0,True
MARCH9,-0.43283686,-25.462177,0.6651332888541124,1.0,True
RORC,-0.43283686,-25.41461,0.6651332888541124,1.0,True
SH3BP5-AS1,-0.43283686,-25.410103,0.6651332888541124,1.0,True
RNF19B,-0.43283686,-25.288889,0.6651332888541124,1.0,True
GOLGB1,-0.43283686,-25.285324,0.6651332888541124,1.0,True
RP11-111M22.3,-0.43283686,-25.489868,0.6651332888541124,1.0,True
HMGCS1,-0.43283686,-25.438969,0.6651332888541124,1.0,True
C6orf203,-0.43283686,-1.2762434,0.6651332888541124,1.0,True
LL22NC03-75H12.2,-0.43283686,-25.398674,0.6651332888541124,1.0,True
AMMECR1L,-0.43283686,-25.404787,0.6651332888541124,1.0,True
IL4I1,-0.43283686,-25.234608,0.6651332888541124,1.0,True
EDRF1,-0.43283686,-25.233006,0.6651332888541124,1.0,True
ALDH16A1,-0.43283686,-1.35654,0.6651332888541124,1.0,True
TLK1,-0.43283686,-25.420425,0.6651332888541124,1.0,True
DKK3,-0.43283686,-25.37784,0.6651332888541124,1.0,True
SGTB,-0.43283686,-25.240362,0.6651332888541124,1.0,True
MIR4519,-0.43283686,-25.438488,0.6651332888541124,1.0,True
CA11,-0.43283686,-25.357948,0.6651332888541124,1.0,True
PLEKHB1,-0.43283686,-25.408148,0.6651332888541124,1.0,True
KIAA1407,-0.43283686,-25.494259,0.6651332888541124,1.0,True
KIAA1033,-0.43283686,-1.2990204,0.6651332888541124,1.0,True
TRIM47,-0.43283686,-25.4126,0.6651332888541124,1.0,True
LTK,-0.43283686,-25.40236,0.6651332888541124,1.0,True
TRMT5,-0.43283686,-25.251574,0.6651332888541124,1.0,True
ASAP1,-0.43283686,-1.3283905,0.6651332888541124,1.0,True
SLC26A11,-0.43283686,-25.389889,0.6651332888541124,1.0,True
ATP8A1,-0.43283686,-25.352507,0.6651332888541124,1.0,True
RAB32,-0.43283686,-25.407778,0.6651332888541124,1.0,True
SNX2,-0.4332206,-0.34235862,0.6648545246009558,1.0,True
SURF1,-0.4336043,-0.2700999,0.6645758066845109,1.0,True
LEPROTL1,-0.4336043,-0.1844392,0.6645758066845109,1.0,True
TCEAL1,-0.4336043,-0.81993985,0.6645758066845109,1.0,True
LINC00662,-0.43437174,-0.5814762,0.6640185099950557,1.0,True
EFCAB14,-0.43475547,-0.8394724,0.6637399312886476,1.0,True
KPNA5,-0.43513918,-1.3538558,0.6634613990521554,1.0,True
RNF214,-0.43513918,-1.3633535,0.6634613990521554,1.0,True
ABCF2,-0.43590662,-0.82155615,0.6629044741219103,1.0,True
FAM104A,-0.43590662,-0.3803233,0.6629044741219103,1.0,True
SH2D3A,-0.43590662,-1.2170581,0.6629044741219103,1.0,True
CXXC1,-0.43629035,-0.57127005,0.6626260814946059,1.0,True
RSPRY1,-0.43667406,-1.3447461,0.6623477354701137,1.0,True
HDHD3,-0.43667406,-1.4296556,0.6623477354701137,1.0,True
RP11-140K17.3,-0.43744153,-1.3537005,0.66179118336225,1.0,True
TMEM55A,-0.43782523,-1.417906,0.6615129773451724,1.0,True
KIAA0040,-0.43820897,-1.4492285,0.661234818063495,1.0,True
ACN9,-0.43859267,-0.35993904,0.6609567055503164,1.0,True
ACTR1B,-0.4389764,-0.42652953,0.6606786398387159,1.0,True
APOL2,-0.43974385,-1.5047731,0.66012264895247,1.0,True
PEX16,-0.43974385,-0.21229063,0.66012264895247,1.0,True
ZNF821,-0.43974385,-0.8327783,0.66012264895247,1.0,True
ATPIF1,-0.44012755,-0.21079832,0.6598447238438865,1.0,True
CYSTM1,-0.4405113,-1.4332361,0.6595668456690051,1.0,True
MRPL12,-0.44127873,-0.46683195,0.6590112302522588,1.0,True
LYST,-0.4431973,-0.4160604,0.6576230153565763,1.0,True
RNF145,-0.4462671,-0.4784136,0.655404327471883,1.0,True
GALK1,-0.4466508,-0.9746805,0.6551272047086341,1.0,True
CWC27,-0.44703454,-0.40713704,0.6548501294371434,1.0,True
ARHGAP15,-0.44856942,-0.18545677,0.6537423039214895,1.0,True
UBL3,-0.44933686,-0.51267743,0.6531886769622091,1.0,True
MLEC,-0.4501043,-0.5943895,0.6526352408825253,1.0,True
SNRK,-0.450488,-0.67831725,0.6523585945038042,1.0,True
TNFSF12,-0.450488,-0.730701,0.6523585945038042,1.0,True
TRABD,-0.45163918,-0.27974236,0.651528942401757,1.0,True
SH2D1A,-0.45163918,-0.20767234,0.651528942401757,1.0,True
HLA-DMB,-0.4520229,-0.6620612,0.6512524874872299,1.0,True
RPS17L,-0.45240662,-0.87904084,0.6509760805197895,1.0,False
UFM1,-0.45317405,-0.53869873,0.6504234105556521,1.0,True
ZNF544,-0.4535578,-1.7101889,0.6501471476236473,1.0,True
WDR20,-0.4535578,-0.95654494,0.6501471476236473,1.0,True
TCEA1,-0.4535578,-0.24217926,0.6501471476236473,1.0,True
DHX16,-0.45432523,-1.6412721,0.6495947660213486,1.0,True
NDUFAF6,-0.45470893,-0.98334724,0.6493186474156283,1.0,True
MFSD10,-0.45470893,-0.25142434,0.6493186474156283,1.0,True
LGALS3BP,-0.45509267,-1.6298132,0.64904257698321,1.0,True
SNRPF,-0.45547637,-0.29401618,0.6487665547563312,1.0,True
AARSD1,-0.4558601,-1.7488644,0.6484905807672092,1.0,True
WAC,-0.4562438,-0.50155485,0.6482146550480421,1.0,True
CASC4,-0.45662755,-0.6285724,0.6479387776310073,1.0,True
PDPK1,-0.45701125,-0.95191795,0.647662948548263,1.0,True
SLC35B3,-0.45854616,-1.0167136,0.6465601162026544,1.0,True
DHX30,-0.4593136,-1.035262,0.6460089908702387,1.0,True
STAT2,-0.4593136,-1.0046082,0.6460089908702387,1.0,True
ZNF800,-0.4593136,-0.9728042,0.6460089908702387,1.0,True
SPATS2L,-0.4596973,-1.8941984,0.6457335010262807,1.0,True
BRF1,-0.4596973,-1.9848967,0.6457335010262807,1.0,True
NAT9,-0.46008104,-0.9723114,0.6454580597731607,1.0,True
TPR,-0.46046475,-0.23414151,0.6451826671428578,1.0,True
MINA,-0.46046475,-1.8063915,0.6451826671428578,1.0,True
BLVRA,-0.46084848,-0.48175102,0.6449073231673306,1.0,True
CWC15,-0.4612322,-0.3085942,0.6446320278785178,1.0,True
DPP7,-0.46161592,-0.22472493,0.6443567813083387,1.0,True
THEM4,-0.46199962,-0.66075414,0.6440815834886919,1.0,True
UBE2D1,-0.46276706,-0.5076813,0.643531334228491,1.0,True
TOMM20,-0.46276706,-0.24205898,0.643531334228491,1.0,True
NARG2,-0.4635345,-1.9557184,0.6429812803527057,1.0,True
VPS4A,-0.4635345,-0.42909765,0.6429812803527057,1.0,True
INPP4B,-0.46391824,-1.0404413,0.6427063267635034,1.0,True
DOCK10,-0.4666043,-0.51334417,0.6407830237783079,1.0,True
GMCL1,-0.4666043,-0.56762415,0.6407830237783079,1.0,True
FAM26F,-0.466988,-0.5513081,0.6405084626092631,1.0,True
RTCB,-0.46737173,-0.36958677,0.6402339506352297,1.0,True
FAM204A,-0.46737173,-0.32598472,0.6402339506352297,1.0,True
MRPL37,-0.46967405,-0.76184946,0.6385879136543273,1.0,True
NISCH,-0.4704415,-0.93845993,0.6380396296508595,1.0,True
TNIP1,-0.47120893,-0.28043595,0.6374915435620276,1.0,True
CTR9,-0.47120893,-0.53145534,0.6374915435620276,1.0,True
PRDM2,-0.4727438,-0.8572786,0.6363959661329315,1.0,True
POLR2I,-0.47389498,-0.36447546,0.635574804453312,1.0,True
C12orf23,-0.47504613,-1.0311918,0.6347540906196636,1.0,True
ACSL3,-0.47504613,-0.960761,0.6347540906196636,1.0,True
QDPR,-0.47504613,-0.60334337,0.6347540906196636,1.0,True
CXCR3,-0.47504613,-0.58706653,0.6347540906196636,1.0,True
MRPL10,-0.4781159,-0.31424674,0.6325677162696084,1.0,True
POMZP3,-0.47888333,-2.1486354,0.6320216230920634,1.0,True
HIPK3,-0.47888333,-2.436537,0.6320216230920634,1.0,True
ST7L,-0.47888333,-2.2930255,0.6320216230920634,1.0,True
CHD8,-0.47888333,-1.107522,0.6320216230920634,1.0,True
NFYC,-0.4796508,-0.57318175,0.6314757305749747,1.0,True
FAM78A,-0.4796508,-0.78290206,0.6314757305749747,1.0,True
XPO4,-0.4796508,-2.5256002,0.6314757305749747,1.0,True
ENO2,-0.48041824,-2.5662615,0.6309300389660044,1.0,True
CYB561,-0.48041824,-1.1207225,0.6309300389660044,1.0,True
ZBED5,-0.48041824,-2.5397382,0.6309300389660044,1.0,True
CRIP2,-0.48041824,-2.5388918,0.6309300389660044,1.0,True
PCSK1N,-0.48041824,-2.633126,0.6309300389660044,1.0,True
SLC2A1,-0.48041824,-2.46111,0.6309300389660044,1.0,True
ABHD15,-0.48041824,-2.553591,0.6309300389660044,1.0,True
B3GNTL1,-0.48118567,-2.5988207,0.6303845485124864,1.0,True
SFMBT1,-0.48118567,-2.6215007,0.6303845485124864,1.0,True
CSRNP1,-0.48156938,-0.6167329,0.630111878796224,1.0,True
TMEM183A,-0.4819531,-0.7962877,0.6298392594614264,1.0,True
PHF3,-0.4819531,-0.5793254,0.6298392594614264,1.0,True
NUS1,-0.4819531,-1.1582762,0.6298392594614264,1.0,True
POLR2D,-0.4819531,-1.192866,0.6298392594614264,1.0,True
ACSL6,-0.4819531,-2.6554334,0.6298392594614264,1.0,True
C12orf79,-0.48272055,-2.6599853,0.6292941720595022,1.0,True
FZR1,-0.48272055,-2.6902046,0.6292941720595022,1.0,True
GNAS,-0.48310426,-0.18002279,0.629021704053963,1.0,True
PRKRA,-0.483488,-0.84892076,0.6287492865530626,1.0,True
DBN1,-0.483488,-2.6823084,0.6287492865530626,1.0,True
SSB,-0.483488,-0.2763826,0.6287492865530626,1.0,True
SIVA1,-0.4838717,-0.054738738,0.6284769195875436,1.0,True
WDR3,-0.48425543,-2.7217655,0.6282046031881274,1.0,True
CCR2,-0.48425543,-2.7872865,0.6282046031881274,1.0,True
UTP23,-0.48502287,-2.9619706,0.6276601222103873,1.0,True
AC104820.2,-0.48502287,-3.0237541,0.6276601222103873,1.0,True
METTL18,-0.48502287,-0.64330983,0.6276601222103873,1.0,True
TRAPPC12,-0.48502287,-1.2144116,0.6276601222103873,1.0,True
BRD9,-0.48540658,-0.6667418,0.6273879576934034,1.0,True
VCAN,-0.4857903,-1.2001735,0.6271158438652027,1.0,True
DPM3,-0.4857903,-0.57332826,0.6271158438652027,1.0,True
TWISTNB,-0.4857903,-0.7962697,0.6271158438652027,1.0,True
ILF3,-0.4857903,-0.5267028,0.6271158438652027,1.0,True
PINX1,-0.4873252,-1.2238649,0.6260278960522944,1.0,True
USP19,-0.48809263,-1.3285941,0.6254842270736412,1.0,True
SLC35C2,-0.4892438,-0.5638822,0.6246691054518889,1.0,True
CSTF3,-0.4892438,-1.3072284,0.6246691054518889,1.0,True
CRIP1,-0.49077868,-0.21522304,0.6235829906811075,1.0,True
WDR54,-0.4911624,-0.4315438,0.6233115897014152,1.0,True
MRPL19,-0.49154612,-0.5606052,0.6230402398676125,1.0,True
WNK1,-0.49192983,-0.6186303,0.6227689412100077,1.0,True
GNL1,-0.49231356,-0.71020436,0.6224976937588875,1.0,True
COMTD1,-0.49269727,-0.8560442,0.6222264975445186,1.0,True
FAM107B,-0.49269727,-0.29843947,0.6222264975445186,1.0,True
PDCD5,-0.493081,-0.26094204,0.6219553525971463,1.0,True
PPP2R2A,-0.49423218,-0.89202636,0.6211422256591522,1.0,True
ATP2A3,-0.4965345,-0.6888041,0.6195173600658472,1.0,True
USP16,-0.49768564,-0.3819789,0.6187056230353523,1.0,True
LINC00987,-0.499988,-1.393077,0.617083544556019,1.0,True
NAP1L4,-0.5003717,-0.36065084,0.6168133794004962,1.0,True
NFX1,-0.50152284,-1.1707288,0.6160031952582767,1.0,True
NCK2,-0.5019066,-0.8481374,0.6157332377516049,1.0,True
TNRC6B,-0.5019066,-0.45518085,0.6157332377516049,1.0,True
ANKRD36,-0.50344145,-0.921288,0.6146539278882754,1.0,True
JPX,-0.5038252,-0.6536907,0.6143842306117366,1.0,True
FAM175B,-0.5038252,-1.464143,0.6143842306117366,1.0,True
GPRIN3,-0.5038252,-1.4922415,0.6143842306117366,1.0,True
HLA-DRB5,-0.5042089,-0.31752336,0.6141145854702231,1.0,True
UNK,-0.5045926,-1.4272201,0.6138449924933522,1.0,True
SEC24C,-0.5045926,-1.4689962,0.6138449924933522,1.0,True
ELOVL4,-0.50497633,-25.748886,0.6135754517107198,1.0,True
ETS2,-0.50497633,-25.767721,0.6135754517107198,1.0,True
NPLOC4,-0.50497633,-25.681622,0.6135754517107198,1.0,True
PDE8A,-0.50497633,-25.437044,0.6135754517107198,1.0,True
TRIP11,-0.50497633,-25.553167,0.6135754517107198,1.0,True
ACBD3,-0.50497633,-25.60501,0.6135754517107198,1.0,True
FXYD2,-0.50497633,-25.679941,0.6135754517107198,1.0,True
CCDC64,-0.50497633,-25.672735,0.6135754517107198,1.0,True
ZBTB17,-0.50497633,-25.579865,0.6135754517107198,1.0,True
PPP1R14B,-0.50497633,-25.586084,0.6135754517107198,1.0,True
LIN7B,-0.50497633,-25.614317,0.6135754517107198,1.0,True
MTRR,-0.50497633,-25.63467,0.6135754517107198,1.0,True
SDR42E2,-0.50497633,-25.448975,0.6135754517107198,1.0,True
TBC1D22B,-0.50497633,-25.675922,0.6135754517107198,1.0,True
IL4R,-0.50536007,-1.477442,0.6133059631519008,1.0,True
NDUFS1,-0.5057438,-1.6581904,0.6130365268464488,1.0,True
MPHOSPH10,-0.5057438,-0.57723695,0.6130365268464488,1.0,True
TIMM10,-0.5057438,-0.9374098,0.6130365268464488,1.0,True
SOD2,-0.5057438,-0.6981827,0.6130365268464488,1.0,True
RNF41,-0.50689495,-1.4958928,0.6122285317455172,1.0,True
RB1,-0.50689495,-1.4789054,0.6122285317455172,1.0,True
CWC22,-0.5076624,-1.5140592,0.6116901301526008,1.0,True
HNRNPH3,-0.5080461,-0.26383343,0.6114210079867984,1.0,True
TRAF1,-0.5084298,-1.5252831,0.6111519382806478,1.0,True
MTERFD2,-0.5091973,-0.6193959,0.6106139563648203,1.0,True
CD5,-0.5099647,-1.5341003,0.61007618463994,1.0,True
BOD1,-0.51111585,-0.9975193,0.609269921673486,1.0,True
RHNO1,-0.51111585,-0.6233387,0.609269921673486,1.0,True
ATP2B1,-0.51111585,-0.58025527,0.609269921673486,1.0,True
FUOM,-0.51226705,-1.6305119,0.6084641329541203,1.0,True
GTPBP4,-0.5134182,-0.9735575,0.60765881927007,1.0,True
C4orf48,-0.51456934,-0.5494435,0.6068539814078386,1.0,True
WDR74,-0.5149531,-0.55025405,0.6065858079943007,1.0,True
FAM63B,-0.5149531,-0.9465936,0.6065858079943007,1.0,True
RPS11,-0.5149531,-0.059335858,0.6065858079943007,1.0,False
AKTIP,-0.51572055,-0.9868641,0.6060496201522048,1.0,True
GON4L,-0.5161042,-0.49342135,0.6057816057816293,1.0,True
ORAI1,-0.51648796,-0.32571447,0.6055136444833216,1.0,True
ANKRD13A,-0.51802284,-1.0702615,0.6044423305912028,1.0,True
LETMD1,-0.5195577,-0.58872163,0.6033718681665443,1.0,True
PCNP,-0.5203252,-0.23743053,0.602836956830702,1.0,True
S100A10,-0.5214763,-0.1443358,0.6020349903191933,1.0,True
MAN1B1,-0.5226275,-1.0211881,0.6012335050866013,1.0,True
CTDSP2,-0.5245461,-0.40887973,0.5998987679720632,1.0,True
SENP6,-0.5249298,-1.0777038,0.5996319815469928,1.0,True
GPN2,-0.5249298,-1.0913539,0.5996319815469928,1.0,True
PDE3B,-0.5249298,-1.7914314,0.5996319815469928,1.0,True
PPT1,-0.52569723,-0.50504845,0.5990985699225444,1.0,True
AIF1,-0.52608097,-0.54555774,0.598831944780033,1.0,True
CBL,-0.5264647,-1.0162443,0.5985653734552057,1.0,True
TTF1,-0.5264647,-1.046843,0.5985653734552057,1.0,True
NOP56,-0.52684844,-0.30806386,0.5982988559764416,1.0,True
ORC5,-0.52953446,-1.8392195,0.5964347436942061,1.0,True
RALGAPA1,-0.52953446,-1.9047766,0.5964347436942061,1.0,True
PROSC,-0.52953446,-0.6707896,0.5964347436942061,1.0,True
TACC3,-0.5303019,-2.006305,0.5959026264123344,1.0,True
ZNF317,-0.5303019,-1.9670446,0.5959026264123344,1.0,True
MLLT10,-0.5306856,-1.0907071,0.595636648950321,1.0,True
WAPAL,-0.53106934,-1.0811435,0.5953707256451183,1.0,True
NDUFB4,-0.5314531,-0.24620081,0.5951048565248463,1.0,True
FDX1,-0.5314531,-0.34316456,0.5951048565248463,1.0,True
SESN1,-0.5326042,-1.9484327,0.5943075745544883,1.0,True
MINK1,-0.5326042,-1.995288,0.5943075745544883,1.0,True
CUX1,-0.53490657,-1.1117146,0.592714477393321,1.0,True
ZFC3H1,-0.53490657,-1.1503438,0.592714477393321,1.0,True
SMN2,-0.53490657,-2.074213,0.592714477393321,1.0,True
DENND1B,-0.535674,-1.1062852,0.5921838804278452,1.0,True
BTN3A1,-0.53644145,-0.5732539,0.5916535015450498,1.0,True
AP5Z1,-0.5368252,-0.9114029,0.5913883939542371,1.0,True
DALRD3,-0.53720886,-0.6942434,0.5911233409675467,1.0,True
DNPH1,-0.53874373,-1.1450496,0.5900636756171194,1.0,True
PRDX1,-0.53874373,-0.19522335,0.5900636756171194,1.0,True
HCG18,-0.53989494,-0.7543127,0.5892695013062325,1.0,True
RSRC1,-0.5402786,-1.26727,0.5890048861504777,1.0,True
FBXO7,-0.5402786,-0.38824537,0.5890048861504777,1.0,True
SNX5,-0.54066235,-0.40802053,0.5887403258480073,1.0,True
DEGS1,-0.5410461,-0.42520273,0.5884758204263962,1.0,True
LYRM4,-0.54258096,-0.46489772,0.5874183480992894,1.0,True
ERP29,-0.5437321,-0.1746962,0.5866258214509226,1.0,True
PRKCQ-AS1,-0.54411584,-0.3630235,0.5863617560662748,1.0,True
ZC3H11A,-0.5471856,-1.2681929,0.5842512198941427,1.0,True
DHPS,-0.5471856,-0.47512993,0.5842512198941427,1.0,True
PNKD,-0.5471856,-0.3756361,0.5842512198941427,1.0,True
PPP1CB,-0.5471856,-0.8574467,0.5842512198941427,1.0,True
NIT1,-0.5487205,-1.1884675,0.5831972792467817,1.0,True
TBC1D10A,-0.54948795,-0.6529519,0.5826706415438281,1.0,True
ZCCHC10,-0.54948795,-1.1746857,0.5826706415438281,1.0,True
STK4,-0.54948795,-0.23173648,0.5826706415438281,1.0,True
MAF,-0.55025536,-1.2081934,0.58214422587701,1.0,True
MAGOHB,-0.5510228,-0.6567623,0.5816180324626247,1.0,True
FTL,-0.55140656,-0.029378,0.5813550191675907,1.0,False
CD84,-0.55140656,-0.94783926,0.5813550191675907,1.0,True
ARID3B,-0.552174,-2.795914,0.58082915953664,1.0,True
ZNF506,-0.552174,-2.779379,0.58082915953664,1.0,True
SMC5,-0.552174,-2.5851693,0.58082915953664,1.0,True
C11orf57,-0.55294144,-2.7129216,0.5803035226973203,1.0,True
PRKAR1A,-0.55294144,-0.3031159,0.5803035226973203,1.0,True
NT5C3B,-0.55294144,-2.7536674,0.5803035226973203,1.0,True
ATP5G2,-0.5533251,-0.03391362,0.5800407878917424,1.0,True
SLC7A5,-0.55370885,-2.891091,0.5797781088646923,1.0,True
SIPA1L1,-0.55370885,-2.7973619,0.5797781088646923,1.0,True
ADCK2,-0.55370885,-2.703522,0.5797781088646923,1.0,True
SVIP,-0.55370885,-0.37410995,0.5797781088646923,1.0,True
PPIL4,-0.5540926,-1.3072696,0.5795154856429972,1.0,True
FAM200B,-0.5540926,-0.50216573,0.5795154856429972,1.0,True
CLU,-0.5544763,-2.8301241,0.5792529182534625,1.0,True
TSPAN15,-0.55524373,-3.2009103,0.5787279510779836,1.0,True
FBXO32,-0.55562747,-1.3889767,0.5784655513455391,1.0,True
FNDC3A,-0.5567786,-2.9574556,0.5776786878899172,1.0,True
SPINT2,-0.5567786,-3.103668,0.5776786878899172,1.0,True
FBXW11,-0.5575461,-2.9864075,0.5771543923042624,1.0,True
KMT2E,-0.5583135,-0.19172905,0.5766303210082233,1.0,True
TMEM63A,-0.5594647,-1.3797884,0.5758446350721129,1.0,True
S1PR4,-0.5609996,-0.19063108,0.5747978408187078,1.0,True
NSRP1,-0.56406933,-0.64760035,0.5727069569182521,1.0,True
DRG2,-0.56675535,-0.9834077,0.5708804004095058,1.0,True
FAM173A,-0.5671391,-0.4212743,0.5706196903736824,1.0,True
ZNF524,-0.5671391,-0.7917692,0.5706196903736824,1.0,True
ABCE1,-0.56867397,-0.95657426,0.5695774177937083,1.0,True
ALKBH7,-0.57020885,-0.28734112,0.5685360545618834,1.0,True
THUMPD1,-0.57020885,-0.79125077,0.5685360545618834,1.0,True
HPRT1,-0.5705926,-0.49718815,0.568275856033974,1.0,True
SNRPN,-0.5732786,-1.5474591,0.5664560627681035,1.0,True
MYNN,-0.57634836,-1.5253146,0.5643797281857379,1.0,True
EIF2A,-0.57634836,-0.27862865,0.5643797281857379,1.0,True
TRAPPC8,-0.57711583,-25.749304,0.5638612175167684,1.0,True
PDCD1,-0.57711583,-25.97425,0.5638612175167684,1.0,True
ATP9B,-0.57711583,-26.015615,0.5638612175167684,1.0,True
CSNK1G2,-0.57711583,-1.6017941,0.5638612175167684,1.0,True
ASTE1,-0.57711583,-25.621834,0.5638612175167684,1.0,True
TECPR1,-0.57711583,-25.867998,0.5638612175167684,1.0,True
NDUFV2,-0.57749957,-0.22319677,0.5636020482691116,1.0,True
FAM207A,-0.57788324,-1.054154,0.563342936446604,1.0,True
RBMXL1,-0.5786507,-1.6440412,0.5628248851786921,1.0,True
TPRG1,-0.5786507,-1.634347,0.5628248851786921,1.0,True
TRNT1,-0.5786507,-1.6398313,0.5628248851786921,1.0,True
PLCG1,-0.5794181,-1.6452179,0.5623070639161194,1.0,True
SLC12A9,-0.5824879,-1.6938506,0.5602380829683076,1.0,True
TMC8,-0.5836391,-0.36332148,0.5594631673585302,1.0,True
SOD1,-0.5836391,-0.13192537,0.5594631673585302,1.0,True
HTRA2,-0.5840228,-1.1038712,0.5592049777801301,1.0,True
TRMT10B,-0.5847902,-1.7750056,0.5586887722110003,1.0,True
CUTA,-0.5863251,-0.17665786,0.5576570561236225,1.0,True
POLR3K,-0.58786,-0.7361958,0.5566262681011402,1.0,True
DNAJC5,-0.58786,-1.1483991,0.5566262681011402,1.0,True
SLC25A38,-0.59016234,-0.52300066,0.5550818296686547,1.0,True
PRNP,-0.59208095,-0.39479825,0.5537963993453057,1.0,True
MEAF6,-0.59284836,-0.2381208,0.553282635670068,1.0,True
RERE,-0.594767,-1.8606595,0.5519992493355199,1.0,True
LSMD1,-0.5955344,-0.3255927,0.5514863044569311,1.0,True
RNASET2,-0.5959181,-0.2608734,0.5512299198985415,1.0,True
YAF2,-0.59630185,-0.5454979,0.5509735939599003,1.0,True
RRS1,-0.5966856,-0.7953687,0.5507173266653378,1.0,True
LINC00847,-0.597453,-1.2391132,0.550204968105656,1.0,True
COX7A2,-0.5993716,-0.25664657,0.5489250996765584,1.0,True
NME1-NME2,-0.59975535,-1.1685368,0.5486693024077776,1.0,True
SMPD1,-0.60052276,-1.1510038,0.5481578844803894,1.0,True
PUM1,-0.6009065,-2.0763962,0.5479022638699628,1.0,True
ZNF33A,-0.6009065,-0.85666704,0.5479022638699628,1.0,True
POLR3H,-0.6012902,-1.2165047,0.5476467021937965,1.0,True
HIST1H1C,-0.60205764,-0.69425815,0.5471357557403556,1.0,False
PCID2,-0.6024414,-0.5358294,0.5468803710110779,1.0,True
RNU12,-0.6028251,-1.1724763,0.546625045312056,1.0,True
ATF7,-0.60397625,-2.2065234,0.5458594226358228,1.0,True
NFKB1,-0.60397625,-2.0750718,0.5458594226358228,1.0,True
MRPL3,-0.60512745,-0.57208955,0.5450943320924058,1.0,True
CHMP2B,-0.6055111,-0.5610091,0.5448394202742488,1.0,True
PSIP1,-0.607046,-0.43768972,0.543820365450534,1.0,True
TGIF1,-0.6078135,-0.6350933,0.5433111938400722,1.0,True
DAZAP2,-0.6081972,-0.24045162,0.5430566970680415,1.0,True
SRPRB,-0.6081972,-1.3210132,0.5430566970680415,1.0,True
DKC1,-0.6085809,-0.92737263,0.5428022596829783,1.0,True
EIF4G1,-0.6085809,-2.3163202,0.5428022596829783,1.0,True
SIAH2,-0.6097321,-0.6596231,0.5420393040854502,1.0,True
LENG8,-0.61011577,-0.65071255,0.5417851044839981,1.0,True
WDR18,-0.6116507,-0.9091868,0.5407689013601207,1.0,True
DCAF13,-0.6116507,-0.6355666,0.5407689013601207,1.0,True
PHF20,-0.6120344,-0.5093033,0.5405149995168712,1.0,True
ZNF511,-0.61280185,-0.47642484,0.5400073747194456,1.0,True
POLR1D,-0.6131856,-0.35556895,0.5397536518119797,1.0,True
PRKRIP1,-0.61472046,-0.91939473,0.5387393573343098,1.0,True
EIF3J,-0.6174065,-0.5316079,0.5369666446114982,1.0,True
RSL1D1,-0.6177902,-0.29300547,0.5367136395397951,1.0,True
CDK9,-0.6177902,-0.9465962,0.5367136395397951,1.0,True
GS1-251I9.4,-0.6200925,-0.7745648,0.53519686928408,1.0,True
PIK3R1,-0.62047625,-0.92908084,0.5349442844848626,1.0,True
SPNS1,-0.62239486,-2.7680776,0.5336822629051715,1.0,True
UXT,-0.6227786,-0.14716786,0.5334300392321977,1.0,True
ATF7IP2,-0.62392974,-0.837366,0.5326737299087813,1.0,True
PAFAH1B3,-0.62469715,-2.908884,0.5321698253329962,1.0,True
HIVEP2,-0.6254646,-2.8737857,0.5316661622804167,1.0,True
RP11-285F7.2,-0.6262321,-3.0288522,0.5311627409317783,1.0,True
NDRG3,-0.62930185,-1.4257942,0.5291514761783385,1.0,True
HNRNPR,-0.63006926,-0.31377104,0.5286492660474309,1.0,True
HNRNPH1,-0.630453,-0.4359049,0.5283982520135407,1.0,True
CD59,-0.6308367,-0.7582959,0.5281472986970717,1.0,True
FAM46C,-0.6308367,-1.4742515,0.5281472986970717,1.0,True
ATXN1,-0.633139,-1.5480907,0.526642855108753,1.0,True
FAM102A,-0.6346739,-1.6109898,0.525641109875119,1.0,True
ZRANB2,-0.6358251,-0.834781,0.5248904409625368,1.0,True
KRT10,-0.63774365,-0.26531994,0.5236405469375012,1.0,True
NAAA,-0.6392786,-0.4976869,0.5226417320389068,1.0,True
CYP20A1,-0.640046,-0.99344724,0.522142691842902,1.0,True
DDX18,-0.64119714,-0.4596769,0.521394591104049,1.0,True
ADAM10,-0.64119714,-0.88707495,0.521394591104049,1.0,True
BAD,-0.6438832,-0.5387092,0.5196511703308222,1.0,True
R3HDM4,-0.6454181,-0.6307768,0.5186562820299181,1.0,True
LINC00649,-0.6454181,-1.1816826,0.5186562820299181,1.0,True
IL18R1,-0.64580184,-1.6744134,0.5184077138214522,1.0,True
UBXN11,-0.64656925,-1.6695149,0.5179107621941256,1.0,True
ARID2,-0.64656925,-1.5126352,0.5179107621941256,1.0,True
IP6K1,-0.6473367,-1.7293448,0.5174140570949619,1.0,True
COMMD6,-0.6473367,-0.16005291,0.5174140570949619,1.0,True
SCGB3A1,-0.6492553,-26.022604,0.5161733740231196,1.0,True
DHRS12,-0.6492553,-25.998646,0.5161733740231196,1.0,True
CDKN2A,-0.6492553,-26.297379,0.5161733740231196,1.0,True
SCAPER,-0.6492553,-26.013948,0.5161733740231196,1.0,True
SSNA1,-0.6504065,-0.29323488,0.5154297053762975,1.0,True
DYNLT3,-0.6511739,-0.4339779,0.5149342354619366,1.0,True
CLN3-1,-0.6515576,-0.58298206,0.5146865933229314,1.0,True
CRTAP,-0.65194136,-1.9769957,0.5144390130907076,1.0,True
GBP5,-0.65194136,-0.35988405,0.5144390130907076,1.0,True
GRK6,-0.6550111,-0.41982743,0.512460602388424,1.0,True
PABPC4,-0.6557785,-0.92726046,0.5119666202430523,1.0,True
TRIM69,-0.65616226,-0.73130476,0.5117197223642257,1.0,True
FKBP4,-0.659232,-1.1616513,0.5097467787153981,1.0,True
GNL2,-0.6599995,-1.2273914,0.5092541656089846,1.0,True
ZKSCAN1,-0.66383666,-1.2291597,0.5067948451018544,1.0,True
LEF1,-0.66537154,-1.1654589,0.5058128676138678,1.0,True
HDHD2,-0.66537154,-1.2518721,0.5058128676138678,1.0,True
CCR7,-0.6669065,-1.8476253,0.5048318924751363,1.0,True
C9orf78,-0.66920877,-0.21570253,0.5033623119823564,1.0,True
GALM,-0.6695925,-0.8942356,0.5031176017485035,1.0,True
RGS14,-0.6695925,-0.51052314,0.5031176017485035,1.0,True
EEF1G,-0.67074364,-0.35840583,0.5023838483277772,1.0,True
PPAPDC1B,-0.67074364,-2.1569896,0.5023838483277772,1.0,True
PCM1,-0.6715111,-0.9267738,0.5018949939796477,1.0,True
CEP350,-0.6722785,-1.2760974,0.5014063914953997,1.0,True
ZFP36,-0.673046,-0.10397374,0.5009180410328915,1.0,True
FAM134B,-0.6745809,-2.2123678,0.4999420968026385,1.0,True
KPNA3,-0.6749646,-0.98462605,0.4996982685042676,1.0,True
C12orf10,-0.675732,-0.6066824,0.4992108013555241,1.0,True
MAZ,-0.6799529,-0.5349979,0.4965342537079934,1.0,True
PHAX,-0.68033665,-0.57954144,0.4962913111778714,1.0,True
CHCHD7,-0.68033665,-0.5187745,0.4962913111778714,1.0,True
FYB,-0.68302274,-0.31957424,0.494592490135547,1.0,True
ZDHHC6,-0.68302274,-0.7075183,0.494592490135547,1.0,True
PMPCB,-0.685325,-0.39280254,0.4931388359350551,1.0,True
ITM2A,-0.685325,-0.5404776,0.4931388359350551,1.0,True
TSG101,-0.6864762,-0.6313947,0.4924128680139836,1.0,True
EIF3D,-0.6883948,-0.23999144,0.4912041960984654,1.0,True
DIMT1,-0.68992966,-0.89534616,0.4902384070749261,1.0,True
GIMAP1,-0.6929994,-0.19659242,0.4883098967905649,1.0,True
EVI2A,-0.69338316,-0.5497843,0.4880691209693358,1.0,True
LSR,-0.6941506,-2.9351053,0.4875877615060667,1.0,True
C14orf64,-0.6956855,-3.0035846,0.4866258118104606,1.0,True
KDSR,-0.69606924,-1.5072936,0.4863854847498461,1.0,True
TMEM69,-0.69606924,-1.4943392,0.4863854847498461,1.0,True
EIF4G2,-0.6976041,-0.315458,0.4854248185080527,1.0,True
YRDC,-0.6979878,-3.1068413,0.4851848125387262,1.0,True
ANKRD11,-0.69875526,-1.0485106,0.4847049934364243,1.0,True
MAP4K2,-0.6995227,-3.2192445,0.484225431569858,1.0,True
CCT4,-0.7006739,-0.32565337,0.4835065714027557,1.0,True
NDUFC1,-0.7006739,-0.8048283,0.4835065714027557,1.0,True
ZNF420,-0.70105755,-3.270947,0.4832670801211006,1.0,True
ILF2,-0.7014413,-0.28173462,0.4830276532563905,1.0,True
RBM34,-0.701825,-3.6029406,0.482788290826543,1.0,True
SET,-0.70297617,-0.4387579,0.4820705903249952,1.0,True
C18orf21,-0.7052785,-1.5828357,0.4806369314713572,1.0,True
MTFP1,-0.7052785,-0.7428467,0.4806369314713572,1.0,True
MSI2,-0.7060459,-1.6325083,0.4801595618997647,1.0,True
SUPT3H,-0.70642966,-1.1504556,0.4799209740771786,1.0,True
TSPYL1,-0.7137204,-1.1757641,0.4754001118476647,1.0,True
SIRPG,-0.7148715,-1.2556351,0.4746884333145259,1.0,True
TAZ,-0.71525526,-0.91389614,0.474451337207983,1.0,True
CCDC104,-0.7190924,-1.137222,0.4720839574677958,1.0,True
RGL4,-0.72024363,-0.75519603,0.4713750148277825,1.0,True
VRK1,-0.7206273,-0.9825879,0.4711388311594049,1.0,True
CNOT2,-0.7206273,-0.7108907,0.4711388311594049,1.0,True
PSMC1,-0.7213948,-26.277035,0.4706666597404839,1.0,True
ARNT,-0.7213948,-26.088617,0.4706666597404839,1.0,True
CD4,-0.7213948,-26.142569,0.4706666597404839,1.0,True
PRR5,-0.7225459,-0.48973647,0.4699588926568667,1.0,True
C19orf25,-0.72292966,-0.6289108,0.4697231010408124,1.0,True
FAM60A,-0.7259994,-0.7581146,0.4678391239087901,1.0,True
SPG21,-0.727918,-0.59459347,0.4666637674571442,1.0,True
ERI3,-0.73060405,-0.9203322,0.4650210246500573,1.0,True
SORL1,-0.7336738,-0.48269284,0.4631475482275626,1.0,True
RBM38,-0.7352087,-0.57896286,0.4622123900222018,1.0,True
PSMF1,-0.7367436,-0.51910174,0.4612782865091246,1.0,True
RSBN1,-0.73751104,-0.6641787,0.4608116305776284,1.0,True
ISCU,-0.7386622,-0.24789192,0.4601121418148063,1.0,True
ZFP36L1,-0.7405808,-0.31566933,0.4589476486092725,1.0,True
ATF4,-0.74096453,-0.34679008,0.4587149483179464,1.0,True
IER2,-0.74134827,-0.19382703,0.458482314179346,1.0,True
EIF3M,-0.74480176,-0.29999864,0.4563915863439296,1.0,True
NFIC,-0.74518543,-2.3440974,0.4561596145777156,1.0,True
NELL2,-0.74902266,-2.4468696,0.4538435470790042,1.0,True
SPNS3,-0.75055754,-2.4758015,0.4529189804514866,1.0,True
JAKMIP1,-0.7509413,-1.4235706,0.452688005086174,1.0,True
HNRNPA1,-0.751325,-0.033589154,0.4524570962672053,1.0,True
SRM,-0.7517087,-0.45962843,0.4522262540093976,1.0,True
C1QBP,-0.75324357,-0.29362664,0.451303550885278,1.0,True
EVI2B,-0.75439477,-0.36416686,0.4506122231568552,1.0,True
CD81,-0.7551622,-0.7482019,0.4501516713743407,1.0,True
FNTA,-0.7605343,-0.47480354,0.4469352866822575,1.0,True
CD69,-0.7624529,-0.26947638,0.445789754027705,1.0,True
TMEM248,-0.7628366,-0.46457148,0.4455608483816313,1.0,True
METTL12,-0.7643715,-1.4299699,0.4446458958836932,1.0,True
AMD1,-0.7659064,-0.7203516,0.4437320161970526,1.0,True
IRS2,-0.7682087,-3.127935,0.4423632101390439,1.0,True
SHOC2,-0.76897615,-1.6393397,0.4419074788217327,1.0,True
ZSWIM7,-0.77051103,-0.91816235,0.4409968228998272,1.0,True
CAMK4,-0.7728133,-1.10401,0.4396328574350852,1.0,True
ELL,-0.7728133,-3.483191,0.4396328574350852,1.0,True
SRRM1,-0.77511567,-0.48402557,0.4382713166696108,1.0,True
MICU2,-0.7770343,-0.92720765,0.4371385536546207,1.0,True
NPM3,-0.77741796,-1.8203044,0.4369122034973156,1.0,True
UBXN1,-0.7781854,-0.27495766,0.4364597057341036,1.0,True
TRAM1,-0.7797203,-0.39044142,0.4355555207812381,1.0,True
SECISBP2,-0.78087145,-0.95922273,0.4348780917305413,1.0,True
TRA2B,-0.78202266,-0.29243562,0.4342012713535543,1.0,True
ILKAP,-0.78432494,-0.6868893,0.4328494580155867,1.0,True
LAPTM4A,-0.78432494,-0.28455147,0.4328494580155867,1.0,True
SF1,-0.78432494,-0.37353906,0.4328494580155867,1.0,True
CACYBP,-0.7873947,-0.28568164,0.4310508344885678,1.0,True
GPX1,-0.7893133,-0.4804672,0.4299288994153267,1.0,True
EIF3L,-0.79046446,-0.2687978,0.4292565531912725,1.0,True
HNRNPLL,-0.79583657,-1.8758194,0.4261270285595434,1.0,True
ISCA1,-0.79660404,-0.96751493,0.425681042726228,1.0,True
KARS,-0.79737145,-0.41399884,0.4252353294615789,1.0,True
HADHB,-0.7996738,-0.5979545,0.4238998260353964,1.0,True
PGS1,-0.8023598,-2.093439,0.4223448436804246,1.0,True
TAF7,-0.8038947,-0.34843898,0.4214577851043862,1.0,True
SMC3,-0.80427843,-0.8046455,0.4212361913459256,1.0,True
U2AF2,-0.80811566,-1.3804212,0.4190240164049538,1.0,True
FXR1,-0.8088831,-0.8382757,0.4185824029497779,1.0,True
WDR43,-0.8127203,-2.3152082,0.416378448293316,1.0,True
RHOH,-0.8146389,-0.43636805,0.4152790437109994,1.0,True
HPGD,-0.8150226,-2.3740735,0.4150593687901091,1.0,True
USMG5,-0.8161738,-0.38757154,0.4144007562144497,1.0,True
CITED2,-0.8184761,-0.38606727,0.4130853868760463,1.0,True
G3BP2,-0.8219296,-0.4816981,0.4111169767264324,1.0,True
TRIM39,-0.82883656,-1.6120951,0.4071969022981536,1.0,True
DOCK2,-0.8292203,-0.7666327,0.4069797759698798,1.0,True
LDLRAP1,-0.83113885,-1.1568327,0.4058951806706512,1.0,True
PFDN2,-0.8326737,-0.4465969,0.4050287486363926,1.0,True
IL27RA,-0.83382493,-0.69625396,0.4043796508100004,1.0,True
MPRIP,-0.83420867,-1.6060833,0.4041634232435808,1.0,True
SERP1,-0.8384296,-0.2870736,0.4017894895942662,1.0,True
FAM122B,-0.8422668,-3.3082256,0.3996386451970365,1.0,True
HLA-DQA2,-0.8430342,-3.451898,0.3992093088473136,1.0,True
ZNF90,-0.84418535,-1.6575733,0.3985658249990094,1.0,True
CLDND1,-0.84879005,-0.97957236,0.3959981423353739,1.0,True
SNHG9,-0.85377836,-0.84171563,0.3932277892232774,1.0,True
TMEM66,-0.855697,-0.12214047,0.3921654027925154,1.0,True
RP9,-0.8603016,-2.0093954,0.3896227876887542,1.0,True
PIK3IP1,-0.8614528,-0.48228374,0.3889887040455877,1.0,True
PSMC5,-0.8614528,-0.3241671,0.3889887040455877,1.0,True
PTMS,-0.86183655,-1.3354883,0.388777482485179,1.0,True
OST4,-0.86260396,-0.24411316,0.3883552488934302,1.0,True
UBQLN1,-0.8649063,-1.4542705,0.3870902249228929,1.0,True
PERP,-0.8656737,-26.33055,0.3866691094111616,1.0,True
DIDO1,-0.8656737,-1.1553938,0.3866691094111616,1.0,True
TRABD2A,-0.8656737,-26.433018,0.3866691094111616,1.0,True
WDR82,-0.87181324,-0.77654433,0.3833102588369752,1.0,True
NOL12,-0.8733481,-1.1034256,0.3824733466139456,1.0,True
TSPO,-0.87373185,-0.28969693,0.3822642937146233,1.0,True
ACD,-0.87565047,-1.458588,0.3812200805209823,1.0,True
CNOT7,-0.87565047,-0.7444086,0.3812200805209823,1.0,True
NENF,-0.8787202,-0.62909,0.3795529856712851,1.0,True
CCNC,-0.8794877,-1.0877688,0.3791369135172906,1.0,True
ZNRD1,-0.87987137,-0.60999656,0.3789289827125527,1.0,True
EBNA1BP2,-0.88063884,-0.7404173,0.3785133316822164,1.0,True
NAP1L1,-0.8810226,-0.27793086,0.3783056114703979,1.0,True
ANXA11,-0.8821737,-0.28873038,0.377682872130533,1.0,True
HLA-DMA,-0.8821737,-0.9168232,0.377682872130533,1.0,True
CCSER2,-0.88332486,-0.9405095,0.3770607648768088,1.0,True
STAT1,-0.88601094,-0.7177691,0.3756116404163595,1.0,True
SDHAF1,-0.8875458,-0.94272953,0.3747851157155866,1.0,True
PHLDA1,-0.8909993,-2.6377754,0.3729295497391642,1.0,True
PNP,-0.8925342,-2.5837715,0.3721066833965523,1.0,True
HMGXB4,-0.8929179,-1.7108306,0.3719011428113763,1.0,True
UBE2D2,-0.8929179,-0.34220678,0.3719011428113763,1.0,True
LINC-PINT,-0.8933016,-0.9715274,0.3716956726387151,1.0,True
ERGIC3,-0.8952202,-0.46204698,0.3706693781766003,1.0,True
PTGES3,-0.8952202,-0.23780446,0.3706693781766003,1.0,True
ILF3-AS1,-0.89790624,-0.8033477,0.3692355249484893,1.0,True
LINC00152,-0.9021272,-0.5616555,0.3669893063136092,1.0,True
HLA-DQB1,-0.90251094,-1.2350842,0.3667855278254525,1.0,True
NR1H2,-0.9063481,-0.69217294,0.3647516245825897,1.0,True
PTPMT1,-0.91018534,-0.70147467,0.3627247826444308,1.0,True
VPS13C,-0.9132551,-1.7869251,0.361108396751567,1.0,True
A1BG,-0.917476,-1.9145963,0.3588932553848702,1.0,True
RP11-660L16.2,-0.9213132,-1.0241747,0.3568869199645837,1.0,True
ZC3HAV1,-0.9213132,-0.78191555,0.3568869199645837,1.0,True
CNN2,-0.92169696,-0.348077,0.3566866757712783,1.0,True
EPB41,-0.92399925,-1.3548404,0.3554866977475339,1.0,True
AIM1,-0.92745274,-1.9205116,0.3536915123487852,1.0,True
ELOVL5,-0.9286039,-0.5508128,0.3530943927745308,1.0,True
GIMAP4,-0.933976,-0.24450608,0.3503162717868249,1.0,True
IFRD1,-0.9343597,-0.54916066,0.3501183664936989,1.0,True
CYB5A,-0.93973184,-0.7981819,0.3473551430399919,1.0,True
SNRPA,-0.9420341,-0.79685605,0.3461751634081198,1.0,True
ZFAND5,-0.94241786,-0.9195552,0.3459787486604551,1.0,True
WBP2,-0.94241786,-0.6304729,0.3459787486604551,1.0,True
CD37,-0.9454876,-0.18193635,0.3444099875113666,1.0,True
SP140,-0.94740623,-0.98832494,0.3434318205182841,1.0,True
UBE2G1,-0.9508597,-0.74924976,0.341675596690227,1.0,True
ZNF331,-0.9523946,-1.0265334,0.3408969007634406,1.0,True
KTN1,-0.95546436,-0.71911144,0.3393429215073464,1.0,True
CCDC109B,-0.95546436,-0.46083763,0.3393429215073464,1.0,True
CXCR6,-0.95776665,-2.4740367,0.3381804237341324,1.0,True
CTA-29F11.1,-0.9593016,-1.6122371,0.3374068477351432,1.0,True
C1orf63,-0.96237135,-0.4631376,0.3358631104396246,1.0,True
RRAGC,-0.9635225,-1.1402829,0.3352853829382342,1.0,True
TPD52,-0.9639062,-1.6841298,0.3350929494223833,1.0,True
PBXIP1,-0.96467364,-0.50283843,0.334708295879747,1.0,True
TMEM14C,-0.96659225,-1.2279702,0.3337479074677245,1.0,True
TRADD,-0.976569,-0.69242036,0.328782576428587,1.0,True
HSPA8,-0.97772014,-0.1902212,0.3282127510699819,1.0,True
GPN3,-0.97772014,-1.838105,0.3282127510699819,1.0,True
SLC38A1,-0.979255,-0.6862731,0.3274539810196216,1.0,True
CISH,-0.9807899,-1.773639,0.3266963505752004,1.0,True
SLAMF1,-0.9842434,-3.537216,0.3249958491163126,1.0,True
NEK7,-0.98539454,-1.0634646,0.3244302975562503,1.0,True
HLA-DQA1,-0.9869295,-1.339613,0.3236772261869366,1.0,True
GPR183,-0.9880806,-1.5171877,0.323113170719695,1.0,True
PHC3,-0.98923177,-2.030056,0.3225497564673043,1.0,True
EMD,-0.98923177,-1.1159767,0.3225497564673043,1.0,True
FAM159A,-0.9946039,-1.3402805,0.3199289686900587,1.0,True
TNFAIP3,-0.995755,-0.6650065,0.3193691882562195,1.0,True
TRMT1,-1.0053481,-2.1345577,0.314729290807514,1.0,True
MRPL14,-1.012255,-0.68689334,0.3114161399622703,1.0,True
TNFRSF25,-1.012255,-1.1513271,0.3114161399622703,1.0,True
P2RY10,-1.0168597,-2.4057083,0.309220197104405,1.0,True
ODF2L,-1.0245341,-0.52216643,0.3055830869573954,1.0,True
RPL36AL,-1.0268364,-0.17647727,0.3044975090251886,1.0,False
ASF1A,-1.0283713,-0.83724064,0.303775214530539,1.0,True
HSPB11,-1.0318247,-1.0857997,0.3021542169315351,1.0,True
DPP4,-1.0322084,-2.6916804,0.3019744620338471,1.0,True
JOSD2,-1.0329759,-1.2667565,0.3016151657862221,1.0,True
TTC39C,-1.0333596,-1.0379319,0.3014356244327801,1.0,True
OXNAD1,-1.0379643,-1.086323,0.2992866795357657,1.0,True
LAPTM5,-1.0441039,-0.23219872,0.296437357686678,1.0,True
KRTCAP2,-1.0441039,-0.36676645,0.296437357686678,1.0,True
CCNG1,-1.0483247,-0.6167905,0.2944890107351811,1.0,True
TMC6,-1.0502434,-0.6990321,0.2936062423903416,1.0,True
GRWD1,-1.0529294,-1.8181351,0.292373351969704,1.0,True
OFD1,-1.0575341,-0.8696131,0.2902679258540557,1.0,True
PRDX2,-1.0575341,-0.4536538,0.2902679258540557,1.0,True
MZT2B,-1.0594527,-0.36845598,0.289393683834908,1.0,True
AC006369.2,-1.0621387,-2.0707967,0.2881727273211606,1.0,True
APOL3,-1.0629061,-0.7133345,0.2878245215355082,1.0,True
HMGB2,-1.0709642,-0.40274903,0.28418549732828,1.0,True
PPP1R2,-1.071348,-0.47375524,0.2840129906974978,1.0,True
DDX21,-1.071348,-0.71036667,0.2840129906974978,1.0,True
EIF4B,-1.0728829,-0.57372785,0.2833236731627481,1.0,True
NDUFB10,-1.0774875,-0.34988266,0.2812625247554025,1.0,True
ZNF101,-1.080941,-2.3472018,0.2797233582049552,1.0,True
AC092580.4,-1.0820922,-0.8300888,0.2792115772885707,1.0,True
C21orf59,-1.0828596,-0.7958034,0.2788707439679886,1.0,True
PLIN2,-1.087848,-0.90990764,0.2766622269968413,1.0,True
RP11-796E2.4,-1.0897666,-1.2684817,0.2758159804891988,1.0,True
CUTC,-1.0966735,-1.0529506,0.272784123765016,1.0,True
COA4,-1.097441,-1.272663,0.2724486635859896,1.0,True
PIAS1,-1.1005107,-1.6729355,0.2711096465914013,1.0,True
SSR1,-1.1039642,-0.8319413,0.2696086503435325,1.0,True
CPNE2,-1.104348,-2.6798618,0.2694422256273262,1.0,True
ANP32B,-1.1104875,-0.41935402,0.2667890157350131,1.0,True
NT5DC1,-1.1216154,-1.3805312,0.2620260057993462,1.0,True
STMN3,-1.1231502,-1.4071071,0.2613736786650051,1.0,True
HLA-DPB1,-1.1258364,-0.28852427,0.2602348095520157,1.0,True
HERPUD1,-1.1266037,-0.6843612,0.2599100500872435,1.0,True
COX7C,-1.1292897,-0.27252814,0.2587756018688593,1.0,True
TTC3,-1.1377317,-1.1729138,0.2552325511798509,1.0,True
EIF3H,-1.1415689,-0.32809573,0.2536332735600228,1.0,True
NOB1,-1.149627,-1.2693146,0.2502975350551187,1.0,True
UBE2I,-1.1511619,-0.38927057,0.2496656458238091,1.0,True
TSPYL2,-1.156534,-2.3911862,0.2474628148615768,1.0,True
REXO4,-1.1573014,-2.3525305,0.247149238997887,1.0,True
MZT2A,-1.1653595,-0.52189976,0.2438734876380969,1.0,True
MRPL32,-1.1672782,-1.0042832,0.2430980624215979,1.0,True
DUT,-1.1695805,-0.5822187,0.2421698418149319,1.0,True
CERK,-1.1703479,-1.84058,0.2418609897254978,1.0,True
TMEM55B,-1.1726502,-1.4184026,0.2409360968563174,1.0,True
XRCC5,-1.1772549,-0.43873143,0.2390937902982962,1.0,True
NUCB2,-1.1837782,-0.8078809,0.2365009016776803,1.0,True
LINC00936,-1.1856967,-1.0322666,0.235742085178829,1.0,True
ARL14EP,-1.1937549,-1.0364792,0.2325738714352857,1.0,True
SOCS3,-1.1952897,-1.9378672,0.2319738436102774,1.0,True
HLA-DRB1,-1.1960572,-0.4490586,0.2316742421678602,1.0,True
KIAA1551,-1.1979758,-1.2256804,0.2309264409912494,1.0,True
SNORA76,-1.1983595,-1.9744807,0.2307770868104629,1.0,True
TMEM147,-1.2002782,-0.75210047,0.2300313456523404,1.0,True
MCL1,-1.2010455,-0.4253354,0.2297335295573607,1.0,True
MYLIP,-1.2033479,-0.5661715,0.2288417272420075,1.0,True
DUSP1,-1.2037317,-0.14298363,0.228693333457733,1.0,True
SELM,-1.204499,-1.1681467,0.2283967514596566,1.0,True
ANXA2R,-1.2052665,-0.49035543,0.2281004434900295,1.0,True
ACAP1,-1.2056502,-0.47913614,0.227952392241258,1.0,True
SYPL1,-1.2144758,-1.245635,0.2245660931280881,1.0,True
TCEB1,-1.2148595,-0.7567442,0.2244196825780022,1.0,True
CD6,-1.232127,-1.0542134,0.2179016735941927,1.0,True
SUSD3,-1.2336618,-2.4782836,0.217328949811416,1.0,True
TMED4,-1.2398013,-0.5891401,0.2150488820176123,1.0,True
SSR3,-1.2413362,-0.844253,0.214481568348214,1.0,True
TMEM14B,-1.2478595,-0.6917744,0.2120825238480238,1.0,True
FOSB,-1.2532315,-0.480655,0.2101214463246269,1.0,True
TCF7,-1.2547665,-0.83416903,0.2095635567413256,1.0,True
GRAMD1A,-1.2616735,-1.2583437,0.2070663261912029,1.0,True
RORA,-1.266278,-0.7071975,0.2054135474452172,1.0,True
MT-ATP6,-1.2666618,-0.30699763,0.2052762499092608,1.0,False
SRSF5,-1.2762548,-0.24107476,0.2018654623768406,1.0,True
EML4,-1.2770222,-1.3696156,0.2015943949393959,1.0,True
RAD23A,-1.2770222,-0.7126572,0.2015943949393959,1.0,True
RGS10,-1.2873827,-0.6000117,0.1979609316140732,1.0,True
BLK,-1.2985106,-27.139345,0.1941119372995268,1.0,True
RPL41,-1.2996618,-0.3474084,0.1937169224825878,1.0,False
LGALS3,-1.3138595,-1.0894603,0.1888935163061761,1.0,True
EIF2S3,-1.3138595,-0.882619,0.1888935163061761,1.0,True
THEMIS,-1.3180803,-2.0250776,0.187476752069314,1.0,True
HSP90AB1,-1.3223013,-0.41147998,0.1860678481323033,1.0,True
LY9,-1.3272897,-1.046599,0.1844128882738893,1.0,True
MT-CO2,-1.3276733,-0.28059584,0.1842860364289381,1.0,False
NUDCD2,-1.3664291,-1.1219676,0.1718043053330917,1.0,True
CD40LG,-1.37065,-27.189463,0.1704840651118961,1.0,True
ATP6V1G1,-1.3771733,-0.4205163,0.1684586668435812,1.0,True
SNHG7,-1.4028826,-0.85403264,0.1606518482095082,1.0,True
CLEC2D,-1.407871,-1.7090786,0.1591692790157906,1.0,True
NUDCD3,-1.4113245,-2.1573436,0.1581489651178511,1.0,True
CD28,-1.413243,-3.9474893,0.1575842684308995,1.0,True
SLC4A10,-1.4209175,-4.178215,0.1553407516640731,1.0,True
RTF1,-1.433964,-0.66677254,0.1515825427657935,1.0,True
MGAT4A,-1.488836,-1.1123674,0.1365305527522301,1.0,True
MRPS10,-1.5011151,-1.8420336,0.1333257971853787,1.0,True
ZFAS1,-1.514929,-0.5210615,0.1297903778256015,1.0,True
CCNL1,-1.5425569,-0.7081485,0.1229383186184779,1.0,True
HINT1,-1.5471616,-0.37669545,0.1218242920845034,1.0,True
LCMT1,-1.5598243,-4.261389,0.1188013971928871,1.0,True
SEPT9,-1.5636616,-0.57790333,0.1178970721480879,1.0,True
MYC,-1.5686499,-1.8034625,0.1167295343422092,1.0,True
SPOCK2,-1.5851499,-0.7908601,0.1129322793572277,1.0,True
UBAC2,-1.5889871,-1.2252524,0.1120633027560159,1.0,True
SNHG15,-1.5985801,-1.1723734,0.1099139285389301,1.0,True
S100A6,-1.6054871,-0.2972746,0.1083866504202474,1.0,True
YWHAH,-1.6308126,-1.0224091,0.10292985556024,1.0,True
MT-ND5,-1.6342661,-0.4256859,0.1022029792297738,1.0,False
TMEM123,-1.6595917,-0.6044131,0.0969966180673451,1.0,True
SPCS1,-1.6603591,-0.50709623,0.0968422235058715,1.0,True
NSG1,-1.7148474,-2.0016174,0.0863731946419167,1.0,True
CMTM7,-1.7509172,-1.3059168,0.0799601710833508,1.0,True
ATG3,-1.7528359,-1.3814536,0.0796301930906077,1.0,True
MALAT1,-1.7582079,-0.11219899,0.0787121404547068,1.0,False
LAG3,-1.7620451,-1.3791845,0.0780616757010791,1.0,True
PKM,-1.7697195,-0.6845709,0.0767738756079002,1.0,True
CHCHD10,-1.7739404,-1.6210271,0.0760730006430618,1.0,True
ATP5H,-1.82958,-0.81986797,0.0673127752041066,1.0,True
PFDN5,-1.865266,-0.25928319,0.0621441338767906,1.0,True
CD3G,-1.9017195,-0.7842102,0.0572078455792579,1.0,True
COX4I1,-1.9093938,-0.31292582,0.0562113057585958,1.0,True
OCIAD2,-1.9331845,-0.83071095,0.053213472053219,1.0,True
PPP1R15A,-1.9354868,-0.75725865,0.0529305825924423,1.0,True
GPR171,-1.94201,-3.1943872,0.0521358792936138,1.0,True
RGCC,-1.9493008,-1.8388066,0.0512595157437747,1.0,True
TOB1,-1.9493008,-1.4744893,0.0512595157437747,1.0,True
CCDC167,-1.9611961,-1.4650584,0.0498561496258172,1.0,True
EIF3K,-2.005324,-0.351325,0.0449284218346659,1.0,True
TRAF3IP3,-2.0091612,-0.4582663,0.044520041498555,1.0,True
SLC25A6,-2.0256612,-0.40743652,0.0427995171374671,1.0,True
CD48,-2.0486844,-0.43124956,0.0404929836561399,1.0,True
CCNI,-2.0536728,-0.55943197,0.0400073719977508,1.0,True
EIF4A2,-2.0617309,-0.38439345,0.0392333609677949,1.0,True
LCK,-2.0621147,-0.55454963,0.0391968226819171,1.0,True
ANXA5,-2.0659518,-1.1652623,0.0388330264630666,1.0,True
GPX4,-2.0824518,-0.5765918,0.037301217977303,1.0,True
FTH1,-2.0843704,-0.22571145,0.0371264846722486,1.0,False
SRSF7,-2.0966494,-0.54801506,0.0360246141278766,1.0,True
PDCD4,-2.1020217,-1.1215426,0.0355513848680336,1.0,True
EEF1B2,-2.1250448,-0.2257445,0.0335828728333548,1.0,False
NOSIP,-2.133103,-0.7243715,0.0329162812249308,1.0,True
NFKBIA,-2.1672542,-0.7390357,0.0302154848030931,1.0,True
NACA,-2.266254,-0.09343664,0.0234358352018973,0.9156667919054712,True
RPL39,-2.28544,-1.4426689,0.0222870381275111,0.8732698310876807,False
TSC22D3,-2.311533,-0.43520507,0.020803429894581,0.8279235205976244,True
TC2N,-2.3276494,-1.6231664,0.019930732562824,0.7992107203700861,True
TRAT1,-2.3299515,-1.7985082,0.0198087073099895,0.7989900354388147,True
SNHG8,-2.3717773,-1.1901621,0.0177027626246251,0.7334612889248022,True
FLT3LG,-2.3783004,-2.0986507,0.0173926485257603,0.7249932580008444,True
PLP2,-2.3936493,-1.6226273,0.0166816922547842,0.7060886653768877,True
KLRG1,-2.408998,-0.77504885,0.0159963818084474,0.6812868947858658,True
PABPC1,-2.4109168,-0.4746673,0.0159124827207971,0.6798248848380434,True
C6orf48,-2.441998,-0.8617024,0.014606225065923,0.6379292055862053,True
CD8B,-2.4650214,-1.0632436,0.013700510737291,0.6080543826899968,True
CCL5,-2.472312,-0.91814256,0.0134242303742833,0.6016336449441891,True
SIT1,-2.5033934,-1.7949921,0.0123008743334966,0.5567228399974887,True
BTF3,-2.506847,-0.35969362,0.0121813479381404,0.5550000186832478,True
CMPK1,-2.5471375,-0.77329737,0.0108610624993899,0.5083570345277588,True
TUBA4A,-2.5609515,-0.99429786,0.0104385941052675,0.4919411668716138,True
AQP3,-2.771614,-3.0263073,0.0055779123450488,0.2843698509293659,True
DUSP2,-2.8579512,-0.8943279,0.0042638593415612,0.2240404866290059,True
RPS24,-2.9454396,-0.36524293,0.0032249618737433,0.1748107791957162,False
RPL23,-3.0041487,-0.59445083,0.0026632505614876,0.1490768089805779,False
JUN,-3.0183465,-0.5624656,0.0025415817144508,0.14284939193434,True
RPL22,-3.095858,-0.65898037,0.0019624431187111,0.112606464142281,False
DNAJB1,-3.1246371,-1.3285257,0.001780245675081,0.1034503779155134,True
EEF2,-3.1683812,-0.5858828,0.0015329038043587,0.0902242179097662,False
PPA1,-3.1833463,-1.4039791,0.0014558337716461,0.0860573463118772,True
SNRPD2,-3.2455091,-0.7580089,0.0011724083744065,0.0705193352921555,True
MT-CO3,-3.2520323,-0.27068633,0.001145829991097,0.0692242841317387,False
UBA52,-3.3107417,-0.38489893,0.0009304910306106,0.0569676517580124,True
PEBP1,-3.3268578,-1.198554,0.0008783117393283,0.0542575098790478,True
CD27,-3.3491137,-2.1479437,0.000810705425987,0.0503077566153245,True
RPL24,-3.3824973,-0.45506987,0.0007182998018083,0.0451869884495413,False
EEF1D,-3.3886368,-0.42178124,0.0007024097009733,0.0443909983370899,True
RPL7A,-3.425474,-0.28531465,0.0006137276162118,0.0397012289090996,False
RPSAP58,-3.4987648,-0.67929834,0.0004674189380364,0.0305246824582474,False
BTG1,-3.6487994,-0.5181641,0.0002634686972839,0.0176254132417169,True
TOMM7,-3.6568575,-0.7025432,0.0002553261650046,0.0171644266023218,True
RPS26,-3.6971483,-0.30639875,0.0002180350440473,0.0148762815625122,False
CD44,-3.72516,-1.2081119,0.0001951915065406,0.0134515392999922,True
AMICA1,-3.7746599,-2.9601033,0.0001602261764816,0.0112109274707645,True
NBEAL1,-3.844497,-0.9651247,0.0001207999885787,0.0085836841625345,True
NPM1,-3.952706,-0.66962504,7.727230275624708e-05,0.0056669110160383,True
FAU,-3.9592295,-0.29099193,7.519198189845194e-05,0.0055439937621256,True
ZFP36L2,-3.971892,-0.90077955,7.130398888184542e-05,0.0053435131340198,True
MT-ND4,-4.0870085,-0.47393754,4.3697133592005234e-05,0.0034243570861757,False
CXCR4,-4.0923805,-0.93795794,4.269673413042161e-05,0.0033651897233597,True
LYAR,-4.1637526,-1.0821339,3.1305945007800805e-05,0.002525468999041,True
RPL4,-4.2109504,-0.47887188,2.5429886742322792e-05,0.002100876305929,False
FOS,-4.233206,-0.6804573,2.303833568540981e-05,0.001921382409999,True
CD2,-4.2351246,-1.3124177,2.28425067434574e-05,0.001921382409999,True
RPL38,-4.2366595,-0.7690344,2.268698520341189e-05,0.0019205513276517,False
RPS4Y1,-4.3122525,-0.72730356,1.6159981217627957e-05,0.0014026454583452,False
RPS21,-4.3134036,-0.85905653,1.607602886708554e-05,0.0014026454583452,False
COTL1,-4.519078,-1.5797386,6.210956815960988e-06,0.0005678470784939,True
CD8A,-4.5194616,-1.5878102,6.199711185713784e-06,0.0005678470784939,True
JUNB,-4.6909847,-0.76044476,2.718933745123124e-06,0.000257154878487,True
LDHB,-4.738182,-1.085623,2.156437947081179e-06,0.0002082633099033,True
RPL37,-4.791903,-0.6849954,1.6520663492148148e-06,0.0001618316993795,False
MT-ND2,-4.805717,-0.7456898,1.5419779843089574e-06,0.0001521344322072,False
GNB2L1,-4.8202987,-0.4705329,1.4334357760194835e-06,0.00014349006009,True
IL32,-4.999496,-1.4386976,5.748035553253989e-07,5.926959366716181e-05,True
CD52,-5.002566,-1.0177971,5.657226440490456e-07,5.877515409461069e-05,True
GLTSCR2,-5.080461,-0.86137646,3.765198668777405e-07,3.941674392642239e-05,True
RPL6,-5.121903,-0.4248442,3.024676269866128e-07,3.190800797303391e-05,False
RPL37A,-5.239321,-0.46795735,1.6116811838025668e-07,1.740361870446331e-05,False
CD3E,-5.348298,-1.2696866,8.878515519107576e-08,9.899183888539942e-06,True
VIM,-5.349833,-1.2532326,8.803544999649247e-08,9.896050502064736e-06,True
RPL31,-5.4699373,-0.4947711,4.5019426209337137e-08,5.232172974871605e-06,False
RPL26,-5.5539722,-0.41036293,2.7924969684955208e-08,3.301405467754101e-06,False
MT-CYB,-5.6429954,-0.5549053,1.6711669700337245e-08,2.064719263697522e-06,False
RPL27,-5.662565,-0.728015,1.4912662260020332e-08,1.8762591764579705e-06,False
RPL18,-5.8126,-0.46631098,6.150990329034786e-09,7.883615081531126e-07,False
RPS20,-5.8172045,-0.8260861,5.983985143103318e-09,7.741921910614991e-07,False
TPT1,-5.872844,-0.50281733,4.2838110382042356e-09,5.759625939013028e-07,False
RPS15,-5.8736115,-0.5017355,4.26401703538292e-09,5.759625939013028e-07,False
RPL29,-5.9304023,-0.5111162,3.021934093917699e-09,4.144280416398733e-07,False
RPL5,-5.9737625,-0.53510755,2.3184297128546292e-09,3.211610614352363e-07,False
RPS3A,-6.083123,-0.47092167,1.178637994087502e-09,1.649371576624082e-07,False
RPL15,-6.10653,-0.37940857,1.018204824555477e-09,1.4395526766962696e-07,False
MT-ND1,-6.1122856,-0.7986584,9.821405911875812e-10,1.4030287570360928e-07,False
RPS10,-6.355181,-0.57798964,2.0818134406279914e-10,3.244316991451395e-08,False
RPL34,-6.4227157,-0.9861162,1.3386425036941064e-10,2.1101314132943653e-08,False
RPS19,-6.4998436,-0.55262196,8.040351687011778e-11,1.2821556166939478e-08,False
RPS7,-6.6280065,-0.51790655,3.402508015025803e-11,5.690487185129739e-09,False
RPL17,-6.6372156,-0.6585687,3.196637899245915e-11,5.4121842160812935e-09,False
RPL8,-6.6548667,-0.58699846,2.8355671791546067e-11,4.8608710368657854e-09,False
RPL35,-6.670983,-0.73032224,2.5409552660963915e-11,4.4109696859804955e-09,False
RPL35A,-6.6809597,-0.6307997,2.3738232518253363e-11,4.173668214811881e-09,False
RPL7,-6.7469597,-0.7311152,1.509751241986311e-11,2.724306385868456e-09,False
RPSA,-6.7776575,-0.59907347,1.2214004894493984e-11,2.233371508307873e-09,False
RPL10A,-6.860541,-0.62700707,6.8600219765938914e-12,1.288744402561762e-09,False
RPS8,-6.9023666,-0.6179352,5.114323766901368e-12,9.741366130456301e-10,False
RPS28,-6.98832,-0.7418056,2.781972283010392e-12,5.61058351311831e-10,False
RPS13,-7.425378,-0.8242203,1.1245843113515475e-13,2.4097733196679874e-11,False
RPS16,-7.501738,-0.81269836,6.297704451438424e-14,1.3709002991591515e-11,False
RPL14,-7.561982,-0.6946334,3.9697220435941525e-14,8.780769049330679e-12,False
RPL36,-7.603808,-1.020262,2.87541946087204e-14,6.464508604327731e-12,False
RPL9,-7.734657,-0.6711238,1.036825425082519e-14,2.410004047386723e-12,False
RPL19,-7.871645,-0.5617314,3.5000840587205803e-15,8.275888410567939e-13,False
RPL30,-7.941482,-0.7393681,1.9977959611037227e-15,4.806626984311659e-13,False
RPL36A,-7.9875283,-1.3694646,1.3767078906675282e-15,3.371459287966872e-13,False
RPS4X,-8.1084,-0.6024862,5.129042318271805e-16,1.3271638934486704e-13,False
RPL12,-8.121063,-0.7013424,4.621168389940198e-16,1.2187442942238437e-13,False
RPS29,-8.177087,-1.0979521,2.907891916115279e-16,7.819378379922536e-14,False
CD3D,-8.191668,-2.3800533,2.5763066524985127e-16,7.06629388647292e-14,True
LTB,-8.221982,-2.7487097,2.001674962860935e-16,5.6022388654438505e-14,True
RPS9,-8.301796,-0.7739563,1.0254941284918545e-16,2.9299221829452696e-14,False
IL7R,-8.401179,-3.4389904,4.4201659755548657e-17,1.3177860041034661e-14,True
EEF1A1,-8.446459,-0.6277054,3.0027289953516025e-17,9.358960327784516e-15,False
RPL21,-8.482144,-0.7317003,2.2108089514113626e-17,7.218817609441769e-15,False
RPL3,-8.506319,-0.5938071,1.7954280833192528e-17,6.155625183660061e-15,False
RPLP1,-8.510923,-0.6767242,1.7255349455135866e-17,6.067688780198288e-15,False
RPLP0,-8.689354,-1.2414912,3.6450758962419434e-18,1.4282448811732e-15,False
RPS3,-8.760726,-0.62437904,1.9399751876020448e-18,7.824946977286602e-16,False
RPS5,-8.84783,-0.96288574,8.923730026806719e-19,3.7084858662917374e-16,False
RPL11,-8.955656,-0.60365456,3.377224575011391e-19,1.4473518069283192e-16,False
RPL28,-9.044295,-0.6756128,1.5063382638808712e-19,6.885974316954091e-17,False
RPS23,-9.055423,-0.7825926,1.360394221361234e-19,6.433257362671711e-17,False
RPL27A,-9.091876,-0.8747212,9.734422629748172e-20,4.76778114087023e-17,False
RPS6,-9.302539,-0.6485496,1.37131006588614e-20,6.965239349467601e-18,False
RPS25,-9.335923,-0.95902425,1.001152710099238e-20,5.280695487038826e-18,False
RPL23A,-9.340144,-0.81788844,9.620341735688246e-21,5.277334662529145e-18,False
RPL13A,-9.343981,-0.64609706,9.277856477702176e-21,5.277334662529145e-18,False
GZMK,-9.408062,-3.6915023,5.053672283070095e-21,3.1502755313646945e-18,True
RPL10,-9.463702,-0.5468668,2.9723011973724317e-21,1.9410542200364536e-18,False
RPS27,-9.650574,-0.8346948,4.888147470335903e-22,3.943297318128622e-19,False
RPS27A,-9.777202,-0.8338737,1.4105672064600877e-22,1.2090324168371025e-19,False
RPS14,-9.78219,-0.73520714,1.3427332147469234e-22,1.2090324168371025e-19,False
RPS2,-9.804062,-0.7028745,1.0814710129525508e-22,1.0593781051165201e-19,False
RPLP2,-9.845504,-0.84026873,7.167919091727551e-23,7.561603263380894e-20,False
RPL18A,-9.982492,-0.87889016,1.8184127745362254e-23,2.0781427324991496e-20,False
RPS15A,-10.048108,-0.88219607,9.364779976472524e-24,1.1675326599758563e-20,False
RPS18,-10.5830145,-0.81176305,3.572735359021696e-26,4.899649271362354e-23,False
RPL32,-11.140177,-0.8827767,7.99600934409644e-29,1.5665324592134082e-25,False
RPL13,-11.635944,-0.8700558,2.7057906192562504e-31,6.184535425413369e-28,False
RPS12,-11.672014,-1.0822842,1.7717842548037524e-31,4.859649854075732e-28,False
