Gene_set,Term,Overlap,P-value,Adjusted P-value,Old P-value,Old Adjusted P-value,Odds Ratio,Combined Score,Genes
GO_Biological_Process_2023,Cytoplasmic Translation (GO:0002181),57/93,8.98322049131381e-119,4.1502478669869796e-116,0,0,953.5505050505052,259186.72506697016,RPL5;RPL30;RPL3;RPL32;RPL34;RPLP1;RPLP0;RPL10A;RPL8;RPL9;RPL7;RPS4X;RPS15;RPS14;RPS16;RPL18A;RPS19;RPS18;RPL36;RPLP2;RPL35;RPL38;RPL37;RPS10;RPS13;RPS9;RPL21;RPS7;RPS8;RPS5;RPS6;RPL13A;RPSA;RPL27;RPL29;RPL28;RPL10;RPL12;RPL11;RPS15A;RPL14;RPS3;RPL13;RPS2;RPS27A;RPL17;RPL19;RPL35A;RPL23A;RPS25;RPS28;RPS27;RPS29;RPL27A;RPS20;RPS21;RPS23
GO_Biological_Process_2023,Peptide Biosynthetic Process (GO:0043043),59/158,4.084288733333051e-106,9.434706973999348e-104,0,0,380.8566308243728,92421.28738197636,RPL5;RPL30;RPL3;RPL32;RPL34;RPLP1;RPLP0;RPL10A;RPL8;RPL9;RPL7;RPS4X;RPS15;RPS14;RPS16;RPL18A;RPS19;RPS18;RPL36;RPLP2;RPL35;RPL38;RPL37;RPS10;RPS13;RPS9;RPL21;RPS7;RPS8;RPS5;RPS6;RPL13A;RPSA;EEF1A1;RPL27;RPL29;RPL28;RPL10;RPL12;RPL11;RPS4Y1;RPS15A;RPL14;RPS3;RPL13;RPS2;RPS27A;RPL17;RPL19;RPL35A;RPL23A;RPS25;RPS28;RPS27;RPS29;RPL27A;RPS20;RPS21;RPS23
GO_Biological_Process_2023,Macromolecule Biosynthetic Process (GO:0009059),59/183,1.5952393759919763e-101,2.4566686390276435e-99,0,0,303.6873048907388,70484.0227781214,RPL5;RPL30;RPL3;RPL32;RPL34;RPLP1;RPLP0;RPL10A;RPL8;RPL9;RPL7;RPS4X;RPS15;RPS14;RPS16;RPL18A;RPS19;RPS18;RPL36;RPLP2;RPL35;RPL38;RPL37;RPS10;RPS13;RPS9;RPL21;RPS7;RPS8;RPS5;RPS6;RPL13A;RPSA;EEF1A1;RPL27;RPL29;RPL28;RPL10;RPL12;RPL11;RPS4Y1;RPS15A;RPL14;RPS3;RPL13;RPS2;RPS27A;RPL17;RPL19;RPL35A;RPL23A;RPS25;RPS28;RPS27;RPS29;RPL27A;RPS20;RPS21;RPS23
GO_Biological_Process_2023,Translation (GO:0006412),59/234,3.7108250697747287e-94,4.2860029555898124e-92,0,0,214.6294930875576,46173.61726881323,RPL5;RPL30;RPL3;RPL32;RPL34;RPLP1;RPLP0;RPL10A;RPL8;RPL9;RPL7;RPS4X;RPS15;RPS14;RPS16;RPL18A;RPS19;RPS18;RPL36;RPLP2;RPL35;RPL38;RPL37;RPS10;RPS13;RPS9;RPL21;RPS7;RPS8;RPS5;RPS6;RPL13A;RPSA;EEF1A1;RPL27;RPL29;RPL28;RPL10;RPL12;RPL11;RPS4Y1;RPS15A;RPL14;RPS3;RPL13;RPS2;RPS27A;RPL17;RPL19;RPL35A;RPL23A;RPS25;RPS28;RPS27;RPS29;RPL27A;RPS20;RPS21;RPS23
GO_Biological_Process_2023,Gene Expression (GO:0010467),59/296,2.170387491729502e-87,2.0054380423580605e-85,0,0,157.9838029127535,31525.667455940613,RPL5;RPL30;RPL3;RPL32;RPL34;RPLP1;RPLP0;RPL10A;RPL8;RPL9;RPL7;RPS4X;RPS15;RPS14;RPS16;RPL18A;RPS19;RPS18;RPL36;RPLP2;RPL35;RPL38;RPL37;RPS10;RPS13;RPS9;RPL21;RPS7;RPS8;RPS5;RPS6;RPL13A;RPSA;EEF1A1;RPL27;RPL29;RPL28;RPL10;RPL12;RPL11;RPS4Y1;RPS15A;RPL14;RPS3;RPL13;RPS2;RPS27A;RPL17;RPL19;RPL35A;RPL23A;RPS25;RPS28;RPS27;RPS29;RPL27A;RPS20;RPS21;RPS23
GO_Biological_Process_2023,Ribonucleoprotein Complex Biogenesis (GO:0022613),23/118,6.334417095761647e-32,4.877501163736469e-30,0,0,71.60172820109976,5143.633671164465,RPL5;RPS9;NPM1;RPS7;RPS8;RPS5;RPS6;RPL11;RPL35A;RPL7;RPS4X;RPS15;RPS14;RPS25;RPS28;RPS16;RPS15A;RPS27;RPS19;RPL14;RPL38;RPS13;RPS23
GO_Biological_Process_2023,Ribosome Biogenesis (GO:0042254),24/155,9.878420002634392e-31,6.519757201738697e-29,0,0,54.90353920888272,3793.2737362949015,RPL5;RPS9;NPM1;RPS7;RPS8;RPS5;RPS6;RPL11;RPL35A;RPL7;RPS4X;RPS15;RPS14;RPS25;RPS28;RPS16;RPS15A;RPS27;RPS19;RPL14;RPL27;LYAR;RPS13;RPS23
GO_Biological_Process_2023,Ribosomal Small Subunit Biogenesis (GO:0042274),18/84,7.064180041030866e-26,4.0795639736953255e-24,0,0,75.16666666666667,4353.065189325588,RPS9;NPM1;RPS7;RPS8;RPS5;RPS6;RPSA;RPS15;RPS4X;RPS14;RPS25;RPS28;RPS16;RPS15A;RPS27;RPS19;RPS13;RPS23
GO_Biological_Process_2023,rRNA Processing (GO:0006364),16/101,8.182778229321637e-21,4.200492824385107e-19,0,0,50.42925278219396,2332.466670391628,RPL5;RPS7;RPS6;RPL11;RPL35A;RPL7;RPS15;RPS14;RPS25;RPS28;RPS16;RPS27;RPS19;RPL14;RPL27;LYAR
GO_Biological_Process_2023,Ribosome Assembly (GO:0042255),13/50,3.8935956677065705e-20,1.7988411984804356e-18,0,0,90.68058968058968,4052.730356372968,RPL5;NPM1;RPL10;RPS5;RPLP0;RPL11;RPSA;RPL23A;RPS15;RPS14;RPS28;RPS27;RPS19
GO_Biological_Process_2023,rRNA Metabolic Process (GO:0016072),15/91,7.697141057959781e-20,3.2327992443431087e-18,0,0,52.194736842105264,2297.13488484971,RPL5;RPS7;RPS6;RPL11;RPL35A;RPL7;RPS15;RPS25;RPS28;RPS16;RPS27;RPS19;RPL14;RPL27;LYAR
GO_Biological_Process_2023,ncRNA Processing (GO:0034470),15/100,3.4450273521352064e-19,1.3263355305720545e-17,0,0,46.64705882352941,1983.0683908101864,RPL5;RPS7;RPS6;RPL11;RPL35A;RPL7;RPS15;RPS25;RPS28;RPS16;RPS27;RPS19;RPL14;RPL27;LYAR
GO_Biological_Process_2023,protein-RNA Complex Assembly (GO:0022618),13/150,1.4029223277356314e-13,4.9857701185681664e-12,0,0,24.36714380510001,721.1468093192665,RPL5;RPL10;RPS5;RPLP0;RPL11;RPSA;RPL23A;RPS15;RPS14;RPS28;RPS27;RPS19;RPL38
GO_Biological_Process_2023,Ribosomal Small Subunit Assembly (GO:0000028),7/17,5.520560231756884e-13,1.8217848764797718e-11,0,0,167.83132530120483,4737.060448131902,RPS15;RPS14;RPS28;RPS27;RPS19;RPS5;RPSA
GO_Biological_Process_2023,Ribosomal Large Subunit Biogenesis (GO:0042273),9/54,2.2616103766088125e-12,6.965759959955143e-11,0,0,49.04938271604938,1315.2564507835932,RPL5;NPM1;RPL10;RPLP0;RPL11;RPL14;RPL35A;RPL23A;RPL7
GO_Biological_Process_2023,Negative Regulation Of Ubiquitin Protein Ligase Activity (GO:1904667),4/8,2.6466291491962305e-08,7.642141668304116e-07,0,0,231.46511627906975,4038.4630654289,RPL5;RPS7;RPL11;RPL17
GO_Biological_Process_2023,Positive Regulation Of Signal Transduction By P53 Class Mediator (GO:1901798),5/21,3.169800942869538e-08,8.614400209445451e-07,0,0,73.13970588235294,1262.9041756423703,RPS15;RPS7;RPS20;RPL37;RPL17
GO_Biological_Process_2023,Ribosomal Large Subunit Assembly (GO:0000027),5/22,4.087594089032954e-08,1.0491491495184582e-06,0,0,68.83391003460207,1171.0523262877275,RPL5;RPL10;RPL11;RPLP0;RPL23A
GO_Biological_Process_2023,Regulation Of Signal Transduction By P53 Class Mediator (GO:1901796),6/47,6.49158841690383e-08,1.5784809729524045e-06,0,0,34.61498257839721,572.8839671924744,RPS15;RPL5;RPL11;RPS20;RPL37;RPL17
GO_Biological_Process_2023,"Maturation Of SSU-rRNA From Tricistronic rRNA Transcript (SSU-rRNA, 5.8S rRNA, LSU-rRNA) (GO:0000462)",5/30,2.150206883634499e-07,4.966977901195693e-06,0,0,46.78823529411765,718.3178603231958,RPS14;RPS16;RPS19;RPS8;RPS21
GO_Biological_Process_2023,Maturation Of SSU-rRNA (GO:0030490),5/38,7.36205799149373e-07,1.6196527581286206e-05,0,0,35.431372549019606,500.353202803558,RPS14;RPS28;RPS16;RPS19;RPS8
GO_Biological_Process_2023,Negative Regulation Of Ubiquitin-Protein Transferase Activity (GO:0051444),4/17,8.724367991195234e-07,1.7524600051879123e-05,0,0,71.18783542039355,993.2109443706076,RPL5;RPS7;RPL11;RPL17
GO_Biological_Process_2023,Regulation Of Ubiquitin Protein Ligase Activity (GO:1904666),4/17,8.724367991195234e-07,1.7524600051879123e-05,0,0,71.18783542039355,993.2109443706076,RPL5;RPS7;RPL11;RPL17
GO_Biological_Process_2023,Negative Regulation Of Proteolysis Involved In Protein Catabolic Process (GO:1903051),4/25,4.511303107426435e-06,8.684258481795888e-05,0,0,44.05094130675526,542.2197110881452,RPL5;RPS7;RPL11;RPL17
GO_Biological_Process_2023,Negative Regulation Of Ubiquitin-Dependent Protein Catabolic Process (GO:2000059),4/39,2.79553738767936e-05,0.0005166153092431457,0,0,26.411960132890364,276.9267900971375,RPL5;RPS7;RPL11;RPL17
GO_Biological_Process_2023,Regulation Of Translation (GO:0006417),7/202,3.5542442329303515e-05,0.0006315618598514702,0,0,8.526722273710226,87.35441954056978,RPS4X;RPL5;NPM1;RPL10;RPS3;RPL13A;VIM
GO_Biological_Process_2023,Regulation Of Ubiquitin-Dependent Protein Catabolic Process (GO:2000058),4/42,3.765288515492089e-05,0.0006442827015397574,0,0,24.32313341493268,247.78221614367223,RPL5;RPS7;RPL11;RPL17
GO_Biological_Process_2023,T Cell Activation (GO:0042110),5/111,0.0001452485920858877,0.0023966017694171,0,0,10.990011098779137,97.11942985058224,CD2;CD8A;CD3E;CD3D;CD44
GO_Biological_Process_2023,Ribosomal Small Subunit Export From Nucleus (GO:0000056),2/6,0.0002968728596410649,0.0046538349166665,0,0,113.10227272727272,918.640025209676,RPS15;NPM1
GO_Biological_Process_2023,Positive Regulation Of Gene Expression (GO:0010628),9/480,0.00030963337865074365,0.0046538349166665,0,0,4.585751356451993,37.05342863280709,RPS4X;RPL5;NPM1;RPS7;RPL11;RPS3;VIM;CD3E;RPL17
GO_Biological_Process_2023,Negative Regulation Of Catabolic Process (GO:0009895),4/72,0.00031227030826117664,0.0046538349166665,0,0,13.571819425444597,109.5468591759694,RPL5;RPS7;RPL11;RPL17
GO_Biological_Process_2023,Regulation Of Endodeoxyribonuclease Activity (GO:0032071),2/7,0.0004144053627379791,0.0059829774245295,0,0,90.47727272727272,704.6972511803252,NPM1;RPS3
GO_Biological_Process_2023,Positive Regulation Of Amide Metabolic Process (GO:0034250),4/85,0.0005878688259759453,0.0082301635636632,0,0,11.386161355153604,84.70173083630789,RPS4X;RPL5;NPM1;VIM
GO_Biological_Process_2023,Erythrocyte Differentiation (GO:0030218),3/49,0.0013977779817057,0.0189882966039201,0,0,14.89055472263868,97.87370214736724,RPS14;RPS19;LYAR
GO_Biological_Process_2023,Positive Regulation Of Translation (GO:0045727),4/108,0.0014385073184787,0.0189882966039201,0,0,8.85778175313059,57.96664614777498,RPS4X;RPL5;NPM1;VIM
GO_Biological_Process_2023,"Maturation Of LSU-rRNA From Tricistronic rRNA Transcript (SSU-rRNA, 5.8S rRNA, LSU-rRNA) (GO:0000463)",2/14,0.0017593156889336,0.0225778846746482,0,0,37.68560606060606,239.03340620516263,RPL35;RPL7
GO_Biological_Process_2023,Negative Regulation Of Protein Modification By Small Protein Conjugation Or Removal (GO:1903321),3/54,0.001851578265349,0.0231197069889531,0,0,13.42731575388776,84.480869278287,RPL5;RPL11;RPS3
GO_Biological_Process_2023,Regulation Of Intrinsic Apoptotic Signaling Pathway In Response To DNA Damage (GO:1902229),2/15,0.0020240497909955,0.0239772052164088,0,0,34.78496503496503,215.75913477931093,RPS3;TPT1
GO_Biological_Process_2023,Alpha-Beta T Cell Activation (GO:0046631),2/15,0.0020240497909955,0.0239772052164088,0,0,34.78496503496503,215.75913477931093,CD3E;CD3D
GO_Biological_Process_2023,Positive Regulation Of Macromolecule Biosynthetic Process (GO:0010557),4/122,0.0022479288185583,0.0259635778543493,0,0,7.801340165549862,47.57059088113293,RPS4X;RPL5;NPM1;VIM
GO_Biological_Process_2023,Regulation Of Protein Neddylation (GO:2000434),2/18,0.0029235749988554,0.0329436987675912,0,0,28.258522727272727,164.88701340835084,RPL5;RPL11
GO_Biological_Process_2023,Regulation Of Lymphocyte Differentiation (GO:0045619),2/19,0.003257992148771,0.035837913636481,0,0,26.594919786096256,152.2996425743412,CD2;ZFP36L2
GO_Biological_Process_2023,Maturation Of LSU-rRNA (GO:0000470),2/20,0.0036094335277519,0.0378990520413955,0,0,25.116161616161616,141.25842758872437,RPL35;RPL7
GO_Biological_Process_2023,Response To Fibroblast Growth Factor (GO:0071774),2/20,0.0036094335277519,0.0378990520413955,0,0,25.116161616161616,141.25842758872437,ZFP36L2;CD44
GO_Biological_Process_2023,Regulation Of mRNA Stability (GO:0043488),3/74,0.0045361456089982,0.0465710949190484,0,0,9.635259834871295,51.98875577992752,NPM1;VIM;ZFP36L2
GO_Biological_Process_2023,Negative Regulation Of Intrinsic Apoptotic Signaling Pathway In Response To DNA Damage (GO:1902230),2/25,0.0056165618169928,0.0564098165097981,0,0,19.65118577075099,101.83314382617785,CD44;TPT1
GO_Biological_Process_2023,Positive Regulation Of Macromolecule Metabolic Process (GO:0010604),6/364,0.006026595840845,0.0589201257869835,0,0,3.9010375099760575,19.940437870771365,RPL5;RPS7;RPL11;RPS3;CD3E;RPL17
GO_Biological_Process_2023,Positive Regulation Of Cell Population Proliferation (GO:0008284),7/483,0.0061215715103359,0.0589201257869835,0,0,3.4433026222537206,17.546851281507053,RPS4X;RPS9;NPM1;RPS15A;RPS6;IL7R;RPL17
GO_Biological_Process_2023,Cellular Response To Epidermal Growth Factor Stimulus (GO:0071364),2/27,0.0065331837671371,0.0615985898044363,0,0,18.077272727272728,90.9442444421417,EEF1A1;ZFP36L2
GO_Biological_Process_2023,Integrated Stress Response Signaling (GO:0140467),2/29,0.007513009734906,0.0681773019047173,0,0,16.736531986531986,81.8603717667472,FOS;JUNB
GO_Biological_Process_2023,Regulation Of Cell Population Proliferation (GO:0042127),9/766,0.0075260657946765,0.0681773019047173,0,0,2.811243211507412,13.745244330152111,RPS4X;RPS9;NPM1;BTG1;RPS15A;RPS6;IL7R;JUNB;RPL17
GO_Biological_Process_2023,Positive Regulation Of Cellular Biosynthetic Process (GO:0031328),4/174,0.0079149934994678,0.0699647034226386,0,0,5.4008207934336525,26.13455241396448,RPS4X;RPL5;NPM1;VIM
GO_Biological_Process_2023,Response To Epidermal Growth Factor (GO:0070849),2/30,0.0080262538558438,0.0699647034226386,0,0,16.13798701298701,77.86639055063492,EEF1A1;ZFP36L2
GO_Biological_Process_2023,T Cell Receptor Signaling Pathway (GO:0050852),3/95,0.0090527105218965,0.0774509677984478,0,0,7.428035982008995,34.946614484832224,CD8A;CD3E;CD3D
GO_Biological_Process_2023,Negative Regulation Of Mitotic Cell Cycle (GO:0045930),2/34,0.0102313661073952,0.0859434753021201,0,0,14.117897727272728,64.69240278225716,BTG1;ZFP36L2
GO_Biological_Process_2023,Positive Regulation Of Protein Metabolic Process (GO:0051247),4/196,0.0118777294885274,0.0979912682803514,0,0,4.776647286821706,21.17530781658973,RPS4X;RPL5;NPM1;VIM
GO_Biological_Process_2023,Cellular Response To Cytokine Stimulus (GO:0071345),5/308,0.0127185670930882,0.1030873332808201,0,0,3.8064453504173943,16.613963005690362,RPS3;RPL13A;CXCR4;IL7R;ZFP36L2
GO_Biological_Process_2023,Positive Regulation Of Intrinsic Apoptotic Signaling Pathway (GO:2001244),2/39,0.0133193345763696,0.1060953892117722,0,0,12.207002457002456,52.71641095719348,RPS7;RPS3
GO_Biological_Process_2023,Protein Stabilization (GO:0050821),4/208,0.0144940104268288,0.1134954714778803,0,0,4.492932056543547,19.023163237615428,RPL5;RPS7;RPL11;RPL17
GO_Biological_Process_2023,Cellular Response To Oxidative Stress (GO:0034599),3/117,0.0158549231374929,0.1220829081586954,0,0,5.987900786448881,24.81550884217553,RPS3;FOS;ZFP36L2
GO_Biological_Process_2023,Positive Regulation Of Cellular Process (GO:0048522),7/594,0.0176387706359163,0.1295753540303563,0,0,2.776236119948277,11.209486212449413,RPS4X;RPS9;NPM1;RPS15A;RPS6;IL7R;RPL17
GO_Biological_Process_2023,Negative Regulation Of Gene Expression (GO:0010629),5/336,0.0178826226458483,0.1295753540303563,0,0,3.4794739648125117,14.001145195143517,RPS3;RPL13A;CD3E;RPS13;ZFP36L2
GO_Biological_Process_2023,T Cell Differentiation (GO:0030217),2/46,0.0182302987272146,0.1295753540303563,0,0,10.261363636363637,41.09337823158696,CD8A;ZFP36L2
GO_Biological_Process_2023,Regulation Of mRNA Catabolic Process (GO:0061013),2/46,0.0182302987272146,0.1295753540303563,0,0,10.261363636363637,41.09337823158696,VIM;ZFP36L2
GO_Biological_Process_2023,Positive Regulation Of Cell-Cell Adhesion (GO:0022409),2/46,0.0182302987272146,0.1295753540303563,0,0,10.261363636363637,41.09337823158696,CD3E;CD44
GO_Biological_Process_2023,Positive Regulation Of Intrinsic Apoptotic Signaling Pathway By P53 Class Mediator (GO:1902255),1/5,0.0223004592144073,0.1402779581749789,0,0,55.91573033707865,212.65579845592376,RPS7
GO_Biological_Process_2023,Negative Regulation Of Protein Kinase Activity By Regulation Of Protein Phosphorylation (GO:0044387),1/5,0.0223004592144073,0.1402779581749789,0,0,55.91573033707865,212.65579845592376,NPM1
GO_Biological_Process_2023,Cellular Response To Granulocyte Macrophage Colony-Stimulating Factor Stimulus (GO:0097011),1/5,0.0223004592144073,0.1402779581749789,0,0,55.91573033707865,212.65579845592376,ZFP36L2
GO_Biological_Process_2023,Chemokine (C-X-C Motif) Ligand 12 Signaling Pathway (GO:0038146),1/5,0.0223004592144073,0.1402779581749789,0,0,55.91573033707865,212.65579845592376,CXCR4
GO_Biological_Process_2023,Positive Regulation Of Autophagy Of Mitochondrion In Response To Mitochondrial Depolarization (GO:1904925),1/5,0.0223004592144073,0.1402779581749789,0,0,55.91573033707865,212.65579845592376,TOMM7
GO_Biological_Process_2023,Response To Granulocyte Macrophage Colony-Stimulating Factor (GO:0097012),1/5,0.0223004592144073,0.1402779581749789,0,0,55.91573033707865,212.65579845592376,ZFP36L2
GO_Biological_Process_2023,Positive Regulation Of Cell-Cell Adhesion Mediated By Integrin (GO:0033634),1/5,0.0223004592144073,0.1402779581749789,0,0,55.91573033707865,212.65579845592376,CD3E
GO_Biological_Process_2023,Embryonic Brain Development (GO:1990403),1/5,0.0223004592144073,0.1402779581749789,0,0,55.91573033707865,212.65579845592376,RPL10
GO_Biological_Process_2023,Antigen Receptor-Mediated Signaling Pathway (GO:0050851),3/134,0.0226352325262523,0.1402779581749789,0,0,5.206370097394051,19.72301915780291,CD8A;CD3E;CD3D
GO_Biological_Process_2023,Negative Regulation Of Innate Immune Response (GO:0045824),2/52,0.0229541771879189,0.1402779581749789,0,0,9.027272727272727,34.07123235515384,RPS19;LYAR
GO_Biological_Process_2023,Non-Membrane-Bounded Organelle Assembly (GO:0140694),3/135,0.0230760277517281,0.1402779581749789,0,0,5.166666666666667,19.47296495982033,NPM1;RPS3;RPS23
GO_Biological_Process_2023,Cellular Response To Fibroblast Growth Factor Stimulus (GO:0044344),2/55,0.0254849007450994,0.1486259063554763,0,0,8.51500857632933,31.24726411285921,CD44;ZFP36L2
GO_Biological_Process_2023,Cellular Response To Peptide (GO:1901653),2/56,0.0263526434803486,0.1486259063554763,0,0,8.356902356902356,30.387257096330146,VIM;RPL17
GO_Biological_Process_2023,Positive Regulation Of Mitophagy In Response To Mitochondrial Depolarization (GO:0098779),1/6,0.0267011909686245,0.1486259063554763,0,0,44.73033707865169,162.0601184375955,TOMM7
GO_Biological_Process_2023,Regulation Of T-helper Cell Differentiation (GO:0045622),1/6,0.0267011909686245,0.1486259063554763,0,0,44.73033707865169,162.0601184375955,JUNB
GO_Biological_Process_2023,Definitive Hemopoiesis (GO:0060216),1/6,0.0267011909686245,0.1486259063554763,0,0,44.73033707865169,162.0601184375955,ZFP36L2
GO_Biological_Process_2023,Ribosomal Large Subunit Export From Nucleus (GO:0000055),1/6,0.0267011909686245,0.1486259063554763,0,0,44.73033707865169,162.0601184375955,NPM1
GO_Biological_Process_2023,Positive Regulation Of Fibroblast Apoptotic Process (GO:2000271),1/6,0.0267011909686245,0.1486259063554763,0,0,44.73033707865169,162.0601184375955,BTG1
GO_Biological_Process_2023,Myeloid Cell Differentiation (GO:0030099),2/57,0.0272322650208883,0.1497774576148857,0,0,8.204545454545455,29.56387179265711,RPS14;RPS19
GO_Biological_Process_2023,Regulation Of Chaperone-Mediated Autophagy (GO:1904714),1/7,0.0310823351837607,0.1615259854293577,0,0,37.27340823970037,129.38030961454655,EEF1A1
GO_Biological_Process_2023,Lactate Metabolic Process (GO:0006089),1/7,0.0310823351837607,0.1615259854293577,0,0,37.27340823970037,129.38030961454655,LDHB
GO_Biological_Process_2023,Leukocyte Aggregation (GO:0070486),1/7,0.0310823351837607,0.1615259854293577,0,0,37.27340823970037,129.38030961454655,CD44
GO_Biological_Process_2023,"Endonucleolytic Cleavage In ITS1 To Separate SSU-rRNA From 5.8S rRNA And LSU-rRNA From Tricistronic rRNA Transcript (SSU-rRNA, 5.8S rRNA, LSU-rRNA) (GO:0000447)",1/7,0.0310823351837607,0.1615259854293577,0,0,37.27340823970037,129.38030961454655,RPS21
GO_Biological_Process_2023,Positive Regulation Of Intracellular Signal Transduction (GO:1902533),6/525,0.0311164777125819,0.1615259854293577,0,0,2.668731076245527,9.260544258245428,RPS15;RPS3;RPS20;RPL37;LTB;RPL17
GO_Biological_Process_2023,Positive Regulation Of Apoptotic Signaling Pathway (GO:2001235),2/62,0.0318043167669089,0.1631343125485169,0,0,7.518939393939394,25.926455315447807,RPS3;LTB
GO_Biological_Process_2023,Cellular Response To Growth Factor Stimulus (GO:0071363),3/155,0.0328701170985082,0.1631343125485169,0,0,4.4823049001814885,15.30792882831114,EEF1A1;CD44;ZFP36L2
GO_Biological_Process_2023,Antimicrobial Humoral Immune Response Mediated By Antimicrobial Peptide (GO:0061844),2/65,0.0346824182061335,0.1631343125485169,0,0,7.159812409812409,24.067869798056545,RPL30;RPS19
GO_Biological_Process_2023,Positive Regulation Of T Cell Proliferation (GO:0042102),2/65,0.0346824182061335,0.1631343125485169,0,0,7.159812409812409,24.067869798056545,RPS3;CD3E
GO_Biological_Process_2023,Regulation Of Endothelial Cell Differentiation (GO:0045601),1/8,0.035443977738633,0.1631343125485169,0,0,31.94703049759229,106.6967538219128,BTG1
GO_Biological_Process_2023,Regulation Of Fibroblast Apoptotic Process (GO:2000269),1/8,0.035443977738633,0.1631343125485169,0,0,31.94703049759229,106.6967538219128,BTG1
GO_Biological_Process_2023,Regulation Of Intrinsic Apoptotic Signaling Pathway By P53 Class Mediator (GO:1902253),1/8,0.035443977738633,0.1631343125485169,0,0,31.94703049759229,106.6967538219128,RPS7
GO_Biological_Process_2023,Positive Regulation Of Respiratory Burst (GO:0060267),1/8,0.035443977738633,0.1631343125485169,0,0,31.94703049759229,106.6967538219128,RPS19
GO_Biological_Process_2023,Cellular Response To Muramyl Dipeptide (GO:0071225),1/8,0.035443977738633,0.1631343125485169,0,0,31.94703049759229,106.6967538219128,VIM
GO_Biological_Process_2023,Modification-Dependent Macromolecule Catabolic Process (GO:0043632),1/8,0.035443977738633,0.1631343125485169,0,0,31.94703049759229,106.6967538219128,RPS27A
GO_Biological_Process_2023,ncRNA Export From Nucleus (GO:0097064),1/8,0.035443977738633,0.1631343125485169,0,0,31.94703049759229,106.6967538219128,NPM1
GO_Biological_Process_2023,Response To Reactive Oxygen Species (GO:0000302),2/66,0.0356635618341995,0.1631343125485169,0,0,7.047585227272728,23.49401185926689,RPS3;FOS
GO_Biological_Process_2023,Regulation Of Apoptotic Process (GO:0042981),7/705,0.0396134644217453,0.175059298673808,0,0,2.3213311699520145,7.49461779918744,NPM1;RPL10;RPS6;RPS3;CD3E;CD44;TPT1
GO_Biological_Process_2023,rRNA 3'-End Processing (GO:0031125),1/9,0.0397862042440472,0.175059298673808,0,0,27.952247191011235,90.12461522615384,RPS21
GO_Biological_Process_2023,Myelin Maintenance (GO:0043217),1/9,0.0397862042440472,0.175059298673808,0,0,27.952247191011235,90.12461522615384,CXCR4
GO_Biological_Process_2023,Regulation Of Cell-Cell Adhesion Mediated By Integrin (GO:0033632),1/9,0.0397862042440472,0.175059298673808,0,0,27.952247191011235,90.12461522615384,CD3E
GO_Biological_Process_2023,Cellular Response To Reactive Oxygen Species (GO:0034614),2/73,0.042824755206465,0.1866512915602535,0,0,6.3505121638924455,20.00817098187963,RPS3;FOS
GO_Biological_Process_2023,Regulation Of Lamellipodium Morphogenesis (GO:2000392),1/10,0.0441090999770031,0.1886889276794022,0,0,24.845193508114857,77.54406436315156,CD44
GO_Biological_Process_2023,Negative Regulation Of Centrosome Duplication (GO:0010826),1/10,0.0441090999770031,0.1886889276794022,0,0,24.845193508114857,77.54406436315156,NPM1
GO_Biological_Process_2023,Defense Response To Gram-negative Bacterium (GO:0050829),2/75,0.0449617118829638,0.1905716595406356,0,0,6.175902864259029,19.157304824692638,RPL30;RPS19
GO_Biological_Process_2023,Erythrocyte Development (GO:0048821),1/11,0.0484127499163546,0.1997025934049629,0,0,22.359550561797757,67.70454183296923,LYAR
GO_Biological_Process_2023,Regulation Of T-helper 17 Cell Differentiation (GO:2000319),1/11,0.0484127499163546,0.1997025934049629,0,0,22.359550561797757,67.70454183296923,JUNB
GO_Biological_Process_2023,Negative Regulation Of RNA Metabolic Process (GO:0051253),1/11,0.0484127499163546,0.1997025934049629,0,0,22.359550561797757,67.70454183296923,RPS13
GO_Biological_Process_2023,Negative Regulation Of Intrinsic Apoptotic Signaling Pathway In Response To DNA Damage By P53 Class Mediator (GO:1902166),1/12,0.0526972386749746,0.2080865322037458,0,0,20.325842696629213,59.82286212760923,CD44
GO_Biological_Process_2023,Gamma-Delta T Cell Activation (GO:0046629),1/12,0.0526972386749746,0.2080865322037458,0,0,20.325842696629213,59.82286212760923,CD3E
GO_Biological_Process_2023,Negative Regulation Of Stem Cell Differentiation (GO:2000737),1/12,0.0526972386749746,0.2080865322037458,0,0,20.325842696629213,59.82286212760923,ZFP36L2
GO_Biological_Process_2023,Response To Muramyl Dipeptide (GO:0032495),1/12,0.0526972386749746,0.2080865322037458,0,0,20.325842696629213,59.82286212760923,VIM
GO_Biological_Process_2023,Negative Regulation Of Cell Cycle Phase Transition (GO:1901988),1/12,0.0526972386749746,0.2080865322037458,0,0,20.325842696629213,59.82286212760923,ZFP36L2
GO_Biological_Process_2023,T Cell Differentiation In Thymus (GO:0033077),1/13,0.0569626505406045,0.2088630519822165,0,0,18.631086142322097,53.384759293029546,ZFP36L2
GO_Biological_Process_2023,Regulation Of Intrinsic Apoptotic Signaling Pathway In Response To DNA Damage By P53 Class Mediator (GO:1902165),1/13,0.0569626505406045,0.2088630519822165,0,0,18.631086142322097,53.384759293029546,CD44
GO_Biological_Process_2023,Regulation Of Lamellipodium Organization (GO:1902743),1/13,0.0569626505406045,0.2088630519822165,0,0,18.631086142322097,53.384759293029546,CD44
GO_Biological_Process_2023,Outer Mitochondrial Membrane Organization (GO:0007008),1/13,0.0569626505406045,0.2088630519822165,0,0,18.631086142322097,53.384759293029546,TOMM7
GO_Biological_Process_2023,Protein Insertion Into Mitochondrial Outer Membrane (GO:0045040),1/13,0.0569626505406045,0.2088630519822165,0,0,18.631086142322097,53.384759293029546,TOMM7
GO_Biological_Process_2023,Positive Regulation Of T Cell Receptor Signaling Pathway (GO:0050862),1/13,0.0569626505406045,0.2088630519822165,0,0,18.631086142322097,53.384759293029546,RPS3
GO_Biological_Process_2023,"Negative Regulation Of DNA Damage Response, Signal Transduction By P53 Class Mediator (GO:0043518)",1/13,0.0569626505406045,0.2088630519822165,0,0,18.631086142322097,53.384759293029546,CD44
GO_Biological_Process_2023,Regulation Of T-helper 17 Type Immune Response (GO:2000316),1/13,0.0569626505406045,0.2088630519822165,0,0,18.631086142322097,53.384759293029546,JUNB
GO_Biological_Process_2023,"Endonucleolytic Cleavage Of Tricistronic rRNA Transcript (SSU-rRNA, 5.8S rRNA, LSU-rRNA) (GO:0000479)",1/13,0.0569626505406045,0.2088630519822165,0,0,18.631086142322097,53.384759293029546,RPS21
GO_Biological_Process_2023,Regulation Of Programmed Cell Death (GO:0043067),3/195,0.0579138676415762,0.2106787940977025,0,0,3.541307471264368,10.088471103601266,RPS3;CD3E;TPT1
GO_Biological_Process_2023,Positive Regulation Of Heterotypic Cell-Cell Adhesion (GO:0034116),1/14,0.0612090694238439,0.21752761595243,0,0,17.197061365600693,48.03930144720859,CD44
GO_Biological_Process_2023,"Positive Regulation Of Nuclear-Transcribed mRNA Catabolic Process, Deadenylation-Dependent Decay (GO:1900153)",1/14,0.0612090694238439,0.21752761595243,0,0,17.197061365600693,48.03930144720859,ZFP36L2
GO_Biological_Process_2023,Hyaluronan Metabolic Process (GO:0030212),1/14,0.0612090694238439,0.21752761595243,0,0,17.197061365600693,48.03930144720859,CD44
GO_Biological_Process_2023,Epiboly Involved In Wound Healing (GO:0090505),1/15,0.0654365789191557,0.2204231035030935,0,0,15.967897271268058,43.53924818748468,CD44
GO_Biological_Process_2023,3'-UTR-mediated mRNA Destabilization (GO:0061158),1/15,0.0654365789191557,0.2204231035030935,0,0,15.967897271268058,43.53924818748468,ZFP36L2
GO_Biological_Process_2023,DNA Alkylation (GO:0006305),1/15,0.0654365789191557,0.2204231035030935,0,0,15.967897271268058,43.53924818748468,FOS
GO_Biological_Process_2023,Negative Regulation Of Immune Effector Process (GO:0002698),1/15,0.0654365789191557,0.2204231035030935,0,0,15.967897271268058,43.53924818748468,RPS19
GO_Biological_Process_2023,Cellular Response To Corticosteroid Stimulus (GO:0071384),1/15,0.0654365789191557,0.2204231035030935,0,0,15.967897271268058,43.53924818748468,ZFP36L2
GO_Biological_Process_2023,Dendritic Cell Chemotaxis (GO:0002407),1/15,0.0654365789191557,0.2204231035030935,0,0,15.967897271268058,43.53924818748468,CXCR4
GO_Biological_Process_2023,Positive Regulation Of Collagen Biosynthetic Process (GO:0032967),1/15,0.0654365789191557,0.2204231035030935,0,0,15.967897271268058,43.53924818748468,VIM
GO_Biological_Process_2023,Negative Regulation Of Amide Metabolic Process (GO:0034249),2/93,0.0658406672801448,0.2204231035030935,0,0,4.9498001998002,13.46601849960321,RPS3;RPL13A
GO_Biological_Process_2023,Cellular Response To Transforming Growth Factor Beta Stimulus (GO:0071560),2/96,0.0695843256413094,0.2265923320052053,0,0,4.79110251450677,12.769322807684263,FOS;ZFP36L2
GO_Biological_Process_2023,Negative Regulation Of Intrinsic Apoptotic Signaling Pathway By P53 Class Mediator (GO:1902254),1/16,0.0696452622180501,0.2265923320052053,0,0,14.902621722846442,39.70566015899566,CD44
GO_Biological_Process_2023,Lymphocyte Mediated Immunity (GO:0002449),1/16,0.0696452622180501,0.2265923320052053,0,0,14.902621722846442,39.70566015899566,CD8A
GO_Biological_Process_2023,Positive Regulation Of Collagen Metabolic Process (GO:0010714),1/16,0.0696452622180501,0.2265923320052053,0,0,14.902621722846442,39.70566015899566,VIM
GO_Biological_Process_2023,Negative Regulation Of Macromolecule Biosynthetic Process (GO:0010558),2/98,0.0721182898762888,0.2274124227553237,0,0,4.690814393939394,12.33425061794492,RPS3;RPL13A
GO_Biological_Process_2023,Positive Regulation Of Glial Cell Differentiation (GO:0045687),1/17,0.0738352021932869,0.2274124227553237,0,0,13.970505617977528,36.406015342407166,CXCR4
GO_Biological_Process_2023,Regulation Of Receptor Signaling Pathway Via STAT (GO:1904892),1/17,0.0738352021932869,0.2274124227553237,0,0,13.970505617977528,36.406015342407166,IL7R
GO_Biological_Process_2023,Cellular Response To dsRNA (GO:0071359),1/17,0.0738352021932869,0.2274124227553237,0,0,13.970505617977528,36.406015342407166,NPM1
GO_Biological_Process_2023,Cellular Response To Glucocorticoid Stimulus (GO:0071385),1/17,0.0738352021932869,0.2274124227553237,0,0,13.970505617977528,36.406015342407166,ZFP36L2
GO_Biological_Process_2023,Positive Regulation By Host Of Viral Process (GO:0044794),1/17,0.0738352021932869,0.2274124227553237,0,0,13.970505617977528,36.406015342407166,EEF1A1
GO_Biological_Process_2023,Positive Regulation Of Cell Adhesion Mediated By Integrin (GO:0033630),1/17,0.0738352021932869,0.2274124227553237,0,0,13.970505617977528,36.406015342407166,CD3E
GO_Biological_Process_2023,Positive Regulation Of Cell Cycle Phase Transition (GO:1901989),1/17,0.0738352021932869,0.2274124227553237,0,0,13.970505617977528,36.406015342407166,NPM1
GO_Biological_Process_2023,Antimicrobial Humoral Response (GO:0019730),2/100,0.0746819496854827,0.2284970910906823,0,0,4.594619666048238,11.920818158765336,RPL30;RPS19
GO_Biological_Process_2023,Hemopoiesis (GO:0030097),2/101,0.0759746888867694,0.2309230675374175,0,0,4.547979797979798,11.721758631991952,IL7R;ZFP36L2
GO_Biological_Process_2023,Regulation Of Collagen Biosynthetic Process (GO:0032965),1/18,0.0780064813617029,0.2310191948019665,0,0,13.148050231328488,33.54019441349092,VIM
GO_Biological_Process_2023,Negative Regulation Of Signal Transduction By P53 Class Mediator (GO:1901797),1/18,0.0780064813617029,0.2310191948019665,0,0,13.148050231328488,33.54019441349092,CD44
GO_Biological_Process_2023,Dendritic Cell Migration (GO:0036336),1/18,0.0780064813617029,0.2310191948019665,0,0,13.148050231328488,33.54019441349092,CXCR4
GO_Biological_Process_2023,Regulation Of Cell Cycle G2/M Phase Transition (GO:1902749),1/18,0.0780064813617029,0.2310191948019665,0,0,13.148050231328488,33.54019441349092,NPM1
GO_Biological_Process_2023,Regulation Of Centriole Replication (GO:0046599),1/19,0.0821591818596334,0.2372346376196916,0,0,12.41697877652934,31.031230328063536,NPM1
GO_Biological_Process_2023,Regulation Of B Cell Differentiation (GO:0045577),1/19,0.0821591818596334,0.2372346376196916,0,0,12.41697877652934,31.031230328063536,ZFP36L2
GO_Biological_Process_2023,Positive Regulation Of Activated T Cell Proliferation (GO:0042104),1/19,0.0821591818596334,0.2372346376196916,0,0,12.41697877652934,31.031230328063536,RPS3
GO_Biological_Process_2023,Negative Regulation Of RNA Splicing (GO:0033119),1/19,0.0821591818596334,0.2372346376196916,0,0,12.41697877652934,31.031230328063536,RPS13
GO_Biological_Process_2023,Negative Regulation Of Translation (GO:0017148),2/107,0.0838782567932498,0.2387278090019246,0,0,4.286796536796537,10.62434876179719,RPS3;RPL13A
GO_Biological_Process_2023,Response To Tumor Necrosis Factor (GO:0034612),2/108,0.0852192258283789,0.2387278090019246,0,0,4.246140651801029,10.45624116136443,RPS3;ZFP36L2
GO_Biological_Process_2023,DNA Methylation (GO:0006306),1/20,0.0862933855050247,0.2387278090019246,0,0,11.762862211709049,28.81903981668561,FOS
GO_Biological_Process_2023,T Cell Mediated Immunity (GO:0002456),1/20,0.0862933855050247,0.2387278090019246,0,0,11.762862211709049,28.81903981668561,CD8A
GO_Biological_Process_2023,protein-DNA Complex Disassembly (GO:0032986),1/20,0.0862933855050247,0.2387278090019246,0,0,11.762862211709049,28.81903981668561,RPL17
GO_Biological_Process_2023,Positive Regulation Of Antigen Receptor-Mediated Signaling Pathway (GO:0050857),1/20,0.0862933855050247,0.2387278090019246,0,0,11.762862211709049,28.81903981668561,RPS3
GO_Biological_Process_2023,Positive Regulation Of Epithelial Cell Differentiation (GO:0030858),1/20,0.0862933855050247,0.2387278090019246,0,0,11.762862211709049,28.81903981668561,BTG1
GO_Biological_Process_2023,"Maturation Of 5.8S rRNA From Tricistronic rRNA Transcript (SSU-rRNA, 5.8S rRNA, LSU-rRNA) (GO:0000466)",1/21,0.0904091737202407,0.2446260537187836,0,0,11.174157303370787,26.85607623674241,RPS21
GO_Biological_Process_2023,Modulation By Host Of Viral Genome Replication (GO:0044827),1/21,0.0904091737202407,0.2446260537187836,0,0,11.174157303370787,26.85607623674241,EEF1A1
GO_Biological_Process_2023,Response To Cadmium Ion (GO:0046686),1/21,0.0904091737202407,0.2446260537187836,0,0,11.174157303370787,26.85607623674241,FOS
GO_Biological_Process_2023,Inflammatory Response (GO:0006954),3/236,0.090543409493316,0.2446260537187836,0,0,2.91209116471807,6.994627134527813,CXCR4;FOS;CD44
GO_Biological_Process_2023,Negative Regulation Of Programmed Cell Death (GO:0043069),4/381,0.0930472903907764,0.249929349770574,0,0,2.409845166862007,5.722532599039473,NPM1;RPL10;CD44;TPT1
GO_Biological_Process_2023,Cellular Response To Cadmium Ion (GO:0071276),1/22,0.0945066276095651,0.2509313905495351,0,0,10.64151952915998,25.10425243464053,FOS
GO_Biological_Process_2023,Natural Killer Cell Mediated Immunity (GO:0002228),1/22,0.0945066276095651,0.2509313905495351,0,0,10.64151952915998,25.10425243464053,CD2
GO_Biological_Process_2023,Regulation Of Centrosome Cycle (GO:0046605),1/23,0.0985858279282814,0.2573257203551752,0,0,10.157303370786517,23.53272242311733,NPM1
GO_Biological_Process_2023,Adaptive Immune Response Based On Somatic Recombination Of Immune Receptors Built From Immunoglobulin Superfamily Domains (GO:0002460),1/23,0.0985858279282814,0.2573257203551752,0,0,10.157303370786517,23.53272242311733,CD8A
GO_Biological_Process_2023,"Regulation Of Nuclear-Transcribed mRNA Catabolic Process, Deadenylation-Dependent Decay (GO:1900151)",1/23,0.0985858279282814,0.2573257203551752,0,0,10.157303370786517,23.53272242311733,ZFP36L2
GO_Biological_Process_2023,Cellular Response To Tumor Necrosis Factor (GO:0071356),2/119,0.1003835565504477,0.2591412406267588,0,0,3.844794094794095,8.838246818057835,RPS3;ZFP36L2
GO_Biological_Process_2023,Stress Granule Assembly (GO:0034063),1/24,0.1026468550534564,0.2591412406267588,0,0,9.715192965315095,22.1162556930706,RPS23
GO_Biological_Process_2023,ERK1 And ERK2 Cascade (GO:0070371),1/24,0.1026468550534564,0.2591412406267588,0,0,9.715192965315095,22.1162556930706,ZFP36L2
GO_Biological_Process_2023,Regulation Of Heterotypic Cell-Cell Adhesion (GO:0034114),1/24,0.1026468550534564,0.2591412406267588,0,0,9.715192965315095,22.1162556930706,CD44
GO_Biological_Process_2023,Natural Killer Cell Mediated Cytotoxicity (GO:0042267),1/24,0.1026468550534564,0.2591412406267588,0,0,9.715192965315095,22.1162556930706,CD2
GO_Biological_Process_2023,Positive Regulation Of Cell Cycle G2/M Phase Transition (GO:1902751),1/24,0.1026468550534564,0.2591412406267588,0,0,9.715192965315095,22.1162556930706,NPM1
GO_Biological_Process_2023,Positive Regulation Of Interleukin-2 Production (GO:0032743),1/25,0.1066897890566922,0.2650036695924291,0,0,9.30992509363296,20.83402802388539,RPS3
GO_Biological_Process_2023,"Wound Healing, Spreading Of Cells (GO:0044319)",1/25,0.1066897890566922,0.2650036695924291,0,0,9.30992509363296,20.83402802388539,CD44
GO_Biological_Process_2023,Regulation Of B Cell Activation (GO:0050864),1/25,0.1066897890566922,0.2650036695924291,0,0,9.30992509363296,20.83402802388539,ZFP36L2
GO_Biological_Process_2023,Enzyme-Linked Receptor Protein Signaling Pathway (GO:0007167),2/124,0.1075088173912143,0.2656100194371177,0,0,3.68628912071535,8.221097164535555,CD8A;CD3E
GO_Biological_Process_2023,Positive Regulation Of Microtubule Polymerization Or Depolymerization (GO:0031112),1/26,0.110714709599323,0.2692115570257223,0,0,8.937078651685393,19.66870991707492,RPS3
GO_Biological_Process_2023,Regulation Of Transcription By RNA Polymerase III (GO:0006359),1/26,0.110714709599323,0.2692115570257223,0,0,8.937078651685393,19.66870991707492,ZFP36L2
GO_Biological_Process_2023,Response To Glucocorticoid (GO:0051384),1/26,0.110714709599323,0.2692115570257223,0,0,8.937078651685393,19.66870991707492,ZFP36L2
GO_Biological_Process_2023,Positive Regulation Of Ubiquitin-Protein Transferase Activity (GO:0051443),1/27,0.1147216960468249,0.273308075087377,0,0,8.592912705272257,18.605770877493573,RPS2
GO_Biological_Process_2023,Myeloid Cell Development (GO:0061515),1/27,0.1147216960468249,0.273308075087377,0,0,8.592912705272257,18.605770877493573,LYAR
GO_Biological_Process_2023,Regulation Of Actin Polymerization Or Depolymerization (GO:0008064),1/27,0.1147216960468249,0.273308075087377,0,0,8.592912705272257,18.605770877493573,COTL1
GO_Biological_Process_2023,Protein Targeting (GO:0006605),2/129,0.1147657284998942,0.273308075087377,0,0,3.54026485325698,7.664186167366106,RPL11;TOMM7
GO_Biological_Process_2023,Regulation Of Chemotaxis (GO:0050920),1/28,0.1187108274200746,0.2783979810562157,0,0,8.274240532667498,17.632942455021407,CXCR4
GO_Biological_Process_2023,Protein Insertion Into Mitochondrial Membrane (GO:0051204),1/28,0.1187108274200746,0.2783979810562157,0,0,8.274240532667498,17.632942455021407,TOMM7
GO_Biological_Process_2023,"Regulation Of DNA Damage Response, Signal Transduction By P53 Class Mediator (GO:0043516)",1/28,0.1187108274200746,0.2783979810562157,0,0,8.274240532667498,17.632942455021407,CD44
GO_Biological_Process_2023,Positive Regulation Of Apoptotic Process (GO:0043065),3/270,0.1222099000232192,0.280589941812519,0,0,2.5368720134314864,5.332543584962912,BTG1;RPS6;RPS3
GO_Biological_Process_2023,Positive Regulation Of Microtubule Polymerization (GO:0031116),1/29,0.1226821823509282,0.280589941812519,0,0,7.978330658105939,16.73979950106851,RPS3
GO_Biological_Process_2023,RNA Biosynthetic Process (GO:0032774),1/29,0.1226821823509282,0.280589941812519,0,0,7.978330658105939,16.73979950106851,ZFP36L2
GO_Biological_Process_2023,TOR Signaling (GO:0031929),1/29,0.1226821823509282,0.280589941812519,0,0,7.978330658105939,16.73979950106851,RPS6
GO_Biological_Process_2023,Heterotypic Cell-Cell Adhesion (GO:0034113),1/29,0.1226821823509282,0.280589941812519,0,0,7.978330658105939,16.73979950106851,CD2
GO_Biological_Process_2023,Negative Regulation Of Cellular Biosynthetic Process (GO:0031327),2/137,0.1266276601296758,0.2853939400548377,0,0,3.329124579124579,6.879650286958991,RPS3;RPL13A
GO_Biological_Process_2023,Positive Regulation Of Protein Targeting To Mitochondrion (GO:1903955),1/30,0.1266358392018219,0.2853939400548377,0,0,7.702828361100349,15.917430476118057,TOMM7
GO_Biological_Process_2023,Positive Regulation Of JUN Kinase Activity (GO:0043507),1/30,0.1266358392018219,0.2853939400548377,0,0,7.702828361100349,15.917430476118057,RPS3
GO_Biological_Process_2023,Regulation Of Centrosome Duplication (GO:0010824),1/31,0.1305718759262102,0.2900202244130246,0,0,7.4456928838951315,15.158175594574578,NPM1
GO_Biological_Process_2023,Regulation Of Cell Morphogenesis (GO:0022604),1/31,0.1305718759262102,0.2900202244130246,0,0,7.4456928838951315,15.158175594574578,CD44
GO_Biological_Process_2023,Positive Regulation Of Extrinsic Apoptotic Signaling Pathway (GO:2001238),1/31,0.1305718759262102,0.2900202244130246,0,0,7.4456928838951315,15.158175594574578,LTB
GO_Biological_Process_2023,Negative Regulation Of Fat Cell Differentiation (GO:0045599),1/32,0.1344903701998104,0.2930875048693982,0,0,7.205146792316056,14.455417109965223,ZFP36L2
GO_Biological_Process_2023,Negative Regulation Of Proteasomal Ubiquitin-Dependent Protein Catabolic Process (GO:0032435),1/32,0.1344903701998104,0.2930875048693982,0,0,7.205146792316056,14.455417109965223,RPL11
GO_Biological_Process_2023,Regulation Of Transcription By RNA Polymerase I (GO:0006356),1/32,0.1344903701998104,0.2930875048693982,0,0,7.205146792316056,14.455417109965223,LYAR
GO_Biological_Process_2023,Regulation Of Ubiquitin-Protein Transferase Activity (GO:0051438),1/32,0.1344903701998104,0.2930875048693982,0,0,7.205146792316056,14.455417109965223,RPS2
GO_Biological_Process_2023,Positive Regulation Of Interleukin-12 Production (GO:0032735),1/33,0.1383913992758976,0.2960038262290033,0,0,6.979634831460674,13.803410101555848,LTB
GO_Biological_Process_2023,Regulation Of Protein Polymerization (GO:0032271),1/33,0.1383913992758976,0.2960038262290033,0,0,6.979634831460674,13.803410101555848,COTL1
GO_Biological_Process_2023,Regulation Of Activated T Cell Proliferation (GO:0046006),1/33,0.1383913992758976,0.2960038262290033,0,0,6.979634831460674,13.803410101555848,RPS3
GO_Biological_Process_2023,Positive Regulation Of Establishment Of Protein Localization To Mitochondrion (GO:1903749),1/33,0.1383913992758976,0.2960038262290033,0,0,6.979634831460674,13.803410101555848,TOMM7
GO_Biological_Process_2023,Negative Regulation Of Protein Metabolic Process (GO:0051248),2/147,0.1418410885576216,0.2987775843789991,0,0,3.097962382445141,6.050469057594968,RPS3;RPL13A
GO_Biological_Process_2023,Positive Regulation Of Transcription By RNA Polymerase I (GO:0045943),1/34,0.1422750401804758,0.2987775843789991,0,0,6.7677902621722845,13.197144936653295,LYAR
GO_Biological_Process_2023,Cellular Response To Hydrogen Peroxide (GO:0070301),1/34,0.1422750401804758,0.2987775843789991,0,0,6.7677902621722845,13.197144936653295,RPS3
GO_Biological_Process_2023,Regulation Of T Cell Receptor Signaling Pathway (GO:0050856),1/34,0.1422750401804758,0.2987775843789991,0,0,6.7677902621722845,13.197144936653295,RPS3
GO_Biological_Process_2023,Skeletal System Development (GO:0001501),2/149,0.144929913154432,0.302975655553609,0,0,3.0555040197897343,5.90172132526934,RPL13;CD44
GO_Biological_Process_2023,Positive Regulation Of NF-kappaB Transcription Factor Activity (GO:0051092),2/152,0.1495895960051058,0.3113080781727879,0,0,2.993939393939394,5.688064982258193,NPM1;RPS3
GO_Biological_Process_2023,Positive Regulation Of Immune Effector Process (GO:0002699),1/37,0.1538223982902694,0.3158486578226864,0,0,6.202871410736579,11.611506075891745,RPS19
GO_Biological_Process_2023,Positive Regulation Of Receptor Signaling Pathway Via JAK-STAT (GO:0046427),1/37,0.1538223982902694,0.3158486578226864,0,0,6.202871410736579,11.611506075891745,IL7R
GO_Biological_Process_2023,Positive Regulation Of Receptor Signaling Pathway Via STAT (GO:1904894),1/37,0.1538223982902694,0.3158486578226864,0,0,6.202871410736579,11.611506075891745,IL7R
GO_Biological_Process_2023,Positive Regulation Of Myoblast Differentiation (GO:0045663),1/38,0.1576372493729139,0.3194228474135361,0,0,6.034922563012451,11.149270649082617,BTG1
GO_Biological_Process_2023,Connective Tissue Development (GO:0061448),1/38,0.1576372493729139,0.3194228474135361,0,0,6.034922563012451,11.149270649082617,CD44
GO_Biological_Process_2023,Response To Transforming Growth Factor Beta (GO:0071559),1/38,0.1576372493729139,0.3194228474135361,0,0,6.034922563012451,11.149270649082617,ZFP36L2
GO_Biological_Process_2023,Negative Regulation Of Proteasomal Protein Catabolic Process (GO:1901799),1/39,0.1614350921075684,0.3228701842151368,0,0,5.875813128326434,10.715439089115144,RPL11
GO_Biological_Process_2023,Nuclear Transport (GO:0051169),1/39,0.1614350921075684,0.3228701842151368,0,0,5.875813128326434,10.715439089115144,NPM1
GO_Biological_Process_2023,Regulation Of Protein Targeting To Mitochondrion (GO:1903214),1/39,0.1614350921075684,0.3228701842151368,0,0,5.875813128326434,10.715439089115144,TOMM7
GO_Biological_Process_2023,Negative Regulation Of Mitotic Cell Cycle Phase Transition (GO:1901991),1/40,0.1652160014686511,0.327595676731832,0,0,5.724863151829444,10.30762504364516,ZFP36L2
GO_Biological_Process_2023,Regulation Of Microtubule Polymerization (GO:0031113),1/40,0.1652160014686511,0.327595676731832,0,0,5.724863151829444,10.30762504364516,RPS3
GO_Biological_Process_2023,Regulation Of Amide Metabolic Process (GO:0034248),1/41,0.1689800521079939,0.3318263550590007,0,0,5.581460674157303,9.92369534242351,RPL10
GO_Biological_Process_2023,Negative Regulation Of Apoptotic Process (GO:0043066),4/482,0.1722157185653074,0.3318263550590007,0,0,1.890824170477766,3.325973727420714,NPM1;RPL10;CD44;TPT1
GO_Biological_Process_2023,Translational Elongation (GO:0006414),1/42,0.1727273183444105,0.3318263550590007,0,0,5.445053439298438,9.561737753764,EEF1A1
GO_Biological_Process_2023,Monocyte Chemotaxis (GO:0002548),1/42,0.1727273183444105,0.3318263550590007,0,0,5.445053439298438,9.561737753764,RPS19
GO_Biological_Process_2023,Positive Regulation Of Cytokine Production (GO:0001819),3/320,0.1748070995980798,0.3318263550590007,0,0,2.131295550962689,3.7171333226253793,CD2;RPS3;LTB
GO_Biological_Process_2023,Positive Regulation Of miRNA Transcription (GO:1902895),1/43,0.1764578741938549,0.3318263550590007,0,0,5.3151417870519,9.220033503106164,FOS
GO_Biological_Process_2023,mRNA Catabolic Process (GO:0006402),1/43,0.1764578741938549,0.3318263550590007,0,0,5.3151417870519,9.220033503106164,ZFP36L2
GO_Biological_Process_2023,mRNA Destabilization (GO:0061157),1/43,0.1764578741938549,0.3318263550590007,0,0,5.3151417870519,9.220033503106164,ZFP36L2
GO_Biological_Process_2023,Regulation Of JUN Kinase Activity (GO:0043506),1/43,0.1764578741938549,0.3318263550590007,0,0,5.3151417870519,9.220033503106164,RPS3
GO_Biological_Process_2023,Positive Regulation Of Cell-Matrix Adhesion (GO:0001954),1/43,0.1764578741938549,0.3318263550590007,0,0,5.3151417870519,9.220033503106164,CD3E
GO_Biological_Process_2023,Establishment Of Protein Localization To Mitochondrion (GO:0072655),1/44,0.1801717933432987,0.3318263550590007,0,0,5.191272537235433,8.89703376024248,TOMM7
GO_Biological_Process_2023,Positive Regulation Of Leukocyte Cell-Cell Adhesion (GO:1903039),1/44,0.1801717933432987,0.3318263550590007,0,0,5.191272537235433,8.89703376024248,CD44
GO_Biological_Process_2023,Bone Development (GO:0060348),1/44,0.1801717933432987,0.3318263550590007,0,0,5.191272537235433,8.89703376024248,RPL13
GO_Biological_Process_2023,Nucleus Organization (GO:0006997),1/44,0.1801717933432987,0.3318263550590007,0,0,5.191272537235433,8.89703376024248,RPS19
GO_Biological_Process_2023,Regulation Of DNA Recombination (GO:0000018),1/44,0.1801717933432987,0.3318263550590007,0,0,5.191272537235433,8.89703376024248,IL7R
GO_Biological_Process_2023,Positive Regulation Of Biosynthetic Process (GO:0009891),1/44,0.1801717933432987,0.3318263550590007,0,0,5.191272537235433,8.89703376024248,VIM
GO_Biological_Process_2023,Positive Regulation Of Cytokine-Mediated Signaling Pathway (GO:0001961),1/44,0.1801717933432987,0.3318263550590007,0,0,5.191272537235433,8.89703376024248,CXCR4
GO_Biological_Process_2023,Positive Regulation Of Innate Immune Response (GO:0045089),1/45,0.1838691491236021,0.3318263550590007,0,0,5.073033707865169,8.591339444627149,RPS19
GO_Biological_Process_2023,Positive Regulation Of mRNA Catabolic Process (GO:0061014),1/45,0.1838691491236021,0.3318263550590007,0,0,5.073033707865169,8.591339444627149,ZFP36L2
GO_Biological_Process_2023,Negative Regulation Of Response To Biotic Stimulus (GO:0002832),1/45,0.1838691491236021,0.3318263550590007,0,0,5.073033707865169,8.591339444627149,LYAR
GO_Biological_Process_2023,Regulation Of Stem Cell Differentiation (GO:2000736),1/45,0.1838691491236021,0.3318263550590007,0,0,5.073033707865169,8.591339444627149,ZFP36L2
GO_Biological_Process_2023,Natural Killer Cell Activation (GO:0030101),1/45,0.1838691491236021,0.3318263550590007,0,0,5.073033707865169,8.591339444627149,CD2
GO_Biological_Process_2023,Regulation Of Apoptotic Signaling Pathway (GO:2001233),1/45,0.1838691491236021,0.3318263550590007,0,0,5.073033707865169,8.591339444627149,RPS3
GO_Biological_Process_2023,Response To Hydrogen Peroxide (GO:0042542),1/46,0.1875500146217659,0.3371521663628633,0,0,4.960049937578027,8.30168381449168,RPS3
GO_Biological_Process_2023,Regulation Of Interleukin-2 Production (GO:0032663),1/47,0.1912144625245652,0.3410852574762515,0,0,4.851978505129458,8.026917415006537,RPS3
GO_Biological_Process_2023,Regulation Of T Cell Differentiation (GO:0045580),1/47,0.1912144625245652,0.3410852574762515,0,0,4.851978505129458,8.026917415006537,CD2
GO_Biological_Process_2023,Myelination (GO:0042552),1/48,0.1948625652247878,0.3462557889763538,0,0,4.748505857040402,7.765995010266912,CXCR4
GO_Biological_Process_2023,Positive Regulation Of miRNA Metabolic Process (GO:2000630),1/49,0.1984943948760389,0.3473651910330681,0,0,4.64934456928839,7.517964209639377,FOS
GO_Biological_Process_2023,Neurogenesis (GO:0022008),1/49,0.1984943948760389,0.3473651910330681,0,0,4.64934456928839,7.517964209639377,CXCR4
GO_Biological_Process_2023,Negative Regulation Of DNA Metabolic Process (GO:0051053),1/49,0.1984943948760389,0.3473651910330681,0,0,4.64934456928839,7.517964209639377,RPS3
GO_Biological_Process_2023,Negative Regulation Of Cysteine-Type Endopeptidase Activity Involved In Apoptotic Process (GO:0043154),1/49,0.1984943948760389,0.3473651910330681,0,0,4.64934456928839,7.517964209639377,CD44
GO_Biological_Process_2023,Regulation Of Interleukin-12 Production (GO:0032655),1/50,0.2021100231923967,0.3497184670969562,0,0,4.55423068103646,7.281955543769811,LTB
GO_Biological_Process_2023,Nucleocytoplasmic Transport (GO:0006913),1/50,0.2021100231923967,0.3497184670969562,0,0,4.55423068103646,7.281955543769811,NPM1
GO_Biological_Process_2023,Pyruvate Metabolic Process (GO:0006090),1/50,0.2021100231923967,0.3497184670969562,0,0,4.55423068103646,7.281955543769811,LDHB
GO_Biological_Process_2023,SMAD Protein Signal Transduction (GO:0060395),1/51,0.2057095216796026,0.3546186530446881,0,0,4.462921348314607,7.057173765743081,FOS
GO_Biological_Process_2023,Negative Regulation Of Response To Stimulus (GO:0048585),1/52,0.2092929614392761,0.3563098224077531,0,0,4.375192773738709,6.842890223310539,RPS3
GO_Biological_Process_2023,Cartilage Development (GO:0051216),1/52,0.2092929614392761,0.3563098224077531,0,0,4.375192773738709,6.842890223310539,CD44
GO_Biological_Process_2023,Regulation Of Cell Development (GO:0060284),1/52,0.2092929614392761,0.3563098224077531,0,0,4.375192773738709,6.842890223310539,RPS19
GO_Biological_Process_2023,Regulation Of Macromolecule Biosynthetic Process (GO:0010556),1/53,0.2128604133864499,0.3563098224077531,0,0,4.290838375108038,6.638436135680968,RPL10
GO_Biological_Process_2023,Regulation Of Receptor Signaling Pathway Via JAK-STAT (GO:0046425),1/53,0.2128604133864499,0.3563098224077531,0,0,4.290838375108038,6.638436135680968,IL7R
GO_Biological_Process_2023,Mitochondrial Transport (GO:0006839),1/53,0.2128604133864499,0.3563098224077531,0,0,4.290838375108038,6.638436135680968,TOMM7
GO_Biological_Process_2023,Positive Regulation Of NIK/NF-kappaB Signaling (GO:1901224),1/53,0.2128604133864499,0.3563098224077531,0,0,4.290838375108038,6.638436135680968,RPS3
GO_Biological_Process_2023,Negative Regulation Of Cysteine-Type Endopeptidase Activity (GO:2000117),1/53,0.2128604133864499,0.3563098224077531,0,0,4.290838375108038,6.638436135680968,CD44
GO_Biological_Process_2023,Negative Regulation Of Protein Ubiquitination (GO:0031397),1/54,0.2164119479698346,0.3583595697565004,0,0,4.209667161331355,6.443196670460662,RPS3
GO_Biological_Process_2023,Regulation Of Myoblast Differentiation (GO:0045661),1/54,0.2164119479698346,0.3583595697565004,0,0,4.209667161331355,6.443196670460662,BTG1
GO_Biological_Process_2023,Nucleosome Assembly (GO:0006334),1/54,0.2164119479698346,0.3583595697565004,0,0,4.209667161331355,6.443196670460662,NPM1
GO_Biological_Process_2023,RNA Catabolic Process (GO:0006401),1/57,0.2269717485185938,0.3726799600234817,0,0,3.98354735152488,5.9073207789643725,ZFP36L2
GO_Biological_Process_2023,Post-Transcriptional Regulation Of Gene Expression (GO:0010608),1/57,0.2269717485185938,0.3726799600234817,0,0,3.98354735152488,5.9073207789643725,RPL10
GO_Biological_Process_2023,Positive Regulation Of Type II Interferon Production (GO:0032729),1/58,0.2304603130047223,0.3726799600234817,0,0,3.9134634338655623,5.743698742935734,CD2
GO_Biological_Process_2023,Regulation Of Phagocytosis (GO:0050764),1/58,0.2304603130047223,0.3726799600234817,0,0,3.9134634338655623,5.743698742935734,LYAR
GO_Biological_Process_2023,Defense Response To Bacterium (GO:0042742),2/204,0.2338742900222665,0.3726799600234817,0,0,2.217371737173717,3.221778005777338,RPL30;RPS19
GO_Biological_Process_2023,DNA-templated Transcription Initiation (GO:0006352),1/59,0.2339333082398478,0.3726799600234817,0,0,3.845796203022085,5.586862028677747,ZFP36L2
GO_Biological_Process_2023,Negative Regulation Of Protein-Containing Complex Assembly (GO:0031333),1/59,0.2339333082398478,0.3726799600234817,0,0,3.845796203022085,5.586862028677747,RPL13A
GO_Biological_Process_2023,Positive Regulation Of Protein Binding (GO:0032092),1/59,0.2339333082398478,0.3726799600234817,0,0,3.845796203022085,5.586862028677747,RPL11
GO_Biological_Process_2023,Regulation Of miRNA Transcription (GO:1902893),1/59,0.2339333082398478,0.3726799600234817,0,0,3.845796203022085,5.586862028677747,FOS
GO_Biological_Process_2023,Protein Targeting To Mitochondrion (GO:0006626),1/59,0.2339333082398478,0.3726799600234817,0,0,3.845796203022085,5.586862028677747,TOMM7
GO_Biological_Process_2023,protein-DNA Complex Assembly (GO:0065004),1/59,0.2339333082398478,0.3726799600234817,0,0,3.845796203022085,5.586862028677747,NPM1
GO_Biological_Process_2023,Regulation Of Extrinsic Apoptotic Signaling Pathway (GO:2001236),1/60,0.2373908029451353,0.3743158735858447,0,0,3.780422776613978,5.436427667682463,LTB
GO_Biological_Process_2023,Positive Regulation Of Phagocytosis (GO:0050766),1/60,0.2373908029451353,0.3743158735858447,0,0,3.780422776613978,5.436427667682463,LYAR
GO_Biological_Process_2023,protein-DNA Complex Organization (GO:0071824),1/60,0.2373908029451353,0.3743158735858447,0,0,3.780422776613978,5.436427667682463,RPL17
GO_Biological_Process_2023,Positive Regulation Of Interleukin-8 Production (GO:0032757),1/61,0.2408328655132929,0.3771687588716654,0,0,3.717228464419476,5.292040073013568,CD2
GO_Biological_Process_2023,Negative Regulation Of Intrinsic Apoptotic Signaling Pathway (GO:2001243),1/61,0.2408328655132929,0.3771687588716654,0,0,3.717228464419476,5.292040073013568,TPT1
GO_Biological_Process_2023,Regulation Of Gene Expression (GO:0010468),7/1127,0.24391484545531,0.3786842905236659,0,0,1.4149096385542168,1.99634709949487,RPL5;BTG1;RPS7;RPL11;RPS3;CD3E;RPL17
GO_Biological_Process_2023,Protein-Containing Complex Disassembly (GO:0032984),1/62,0.2442595640174295,0.3786842905236659,0,0,3.656106096887088,5.153368676440941,RPL17
GO_Biological_Process_2023,Regulation Of T Cell Activation (GO:0050863),1/62,0.2442595640174295,0.3786842905236659,0,0,3.656106096887088,5.153368676440941,CD2
GO_Biological_Process_2023,Cellular Response To Light Stimulus (GO:0071482),1/65,0.2544481520488905,0.3892551200218126,0,0,3.484199438202247,4.768678091480191,NPM1
GO_Biological_Process_2023,Regulation Of Translational Initiation (GO:0006446),1/65,0.2544481520488905,0.3892551200218126,0,0,3.484199438202247,4.768678091480191,NPM1
GO_Biological_Process_2023,Positive Regulation Of Cell Cycle (GO:0045787),1/65,0.2544481520488905,0.3892551200218126,0,0,3.484199438202247,4.768678091480191,RPS15A
GO_Biological_Process_2023,Regulation Of Cell-Matrix Adhesion (GO:0001952),1/65,0.2544481520488905,0.3892551200218126,0,0,3.484199438202247,4.768678091480191,CD3E
GO_Biological_Process_2023,Negative Regulation Of Immune Response (GO:0050777),1/66,0.2578140696494449,0.3918095400593537,0,0,3.4304235090751947,4.649996060068758,LYAR
GO_Biological_Process_2023,Cellular Response To Type II Interferon (GO:0071346),1/66,0.2578140696494449,0.3918095400593537,0,0,3.4304235090751947,4.649996060068758,RPL13A
GO_Biological_Process_2023,Intermediate Filament Organization (GO:0045109),1/68,0.264500887362541,0.4006538031524392,0,0,3.327687405668288,4.425526996612212,VIM
GO_Biological_Process_2023,Positive Regulation Of Protein Polymerization (GO:0032273),1/70,0.2711281227146604,0.4066921840719907,0,0,3.230907018400912,4.216862856645548,RPS3
GO_Biological_Process_2023,Regulation Of Actin Filament Polymerization (GO:0030833),1/70,0.2711281227146604,0.4066921840719907,0,0,3.230907018400912,4.216862856645548,COTL1
GO_Biological_Process_2023,Regulation Of Cellular Biosynthetic Process (GO:0031326),1/70,0.2711281227146604,0.4066921840719907,0,0,3.230907018400912,4.216862856645548,RPL10
GO_Biological_Process_2023,Apoptotic Process (GO:0006915),2/228,0.2738668821307167,0.4085850029188944,0,0,1.9794851166532583,2.563657149951854,CD2;CXCR4
GO_Biological_Process_2023,Positive Regulation Of Cell-Substrate Adhesion (GO:0010811),1/71,0.274419561233215,0.4085850029188944,0,0,3.184590690208668,4.117984981030954,CD3E
GO_Biological_Process_2023,Cellular Response To Oxygen-Containing Compound (GO:1901701),3/406,0.2760106928196587,0.4085850029188944,0,0,1.6691195345255412,2.1486837350945835,RPS3;FOS;VIM
GO_Biological_Process_2023,Transforming Growth Factor Beta Receptor Signaling Pathway (GO:0007179),1/72,0.277696300685136,0.4085850029188944,0,0,3.1395790473176137,4.022514090878628,FOS
GO_Biological_Process_2023,Plasma Membrane Organization (GO:0007009),1/72,0.277696300685136,0.4085850029188944,0,0,3.1395790473176137,4.022514090878628,CXCR4
GO_Biological_Process_2023,Second-Messenger-Mediated Signaling (GO:0019932),1/72,0.277696300685136,0.4085850029188944,0,0,3.1395790473176137,4.022514090878628,CXCR4
GO_Biological_Process_2023,Positive Regulation Of Lymphocyte Proliferation (GO:0050671),1/74,0.2842059417186365,0.4168353811873336,0,0,3.053255348622441,3.841166689361435,CD3E
GO_Biological_Process_2023,Regulation Of Fat Cell Differentiation (GO:0045598),1/75,0.287438972224247,0.4189173664593127,0,0,3.011843303978136,3.75499971201,ZFP36L2
GO_Biological_Process_2023,Nucleosome Organization (GO:0034728),1/75,0.287438972224247,0.4189173664593127,0,0,3.011843303978136,3.75499971201,NPM1
GO_Biological_Process_2023,Positive Regulation Of Response To Stimulus (GO:0048584),1/77,0.293861773681843,0.4242629357531609,0,0,2.932288586635127,3.5910148426227693,RPS3
GO_Biological_Process_2023,Regulation Of T Cell Proliferation (GO:0042129),1/77,0.293861773681843,0.4242629357531609,0,0,2.932288586635127,3.5910148426227693,CD3E
GO_Biological_Process_2023,Embryonic Organ Development (GO:0048568),1/77,0.293861773681843,0.4242629357531609,0,0,2.932288586635127,3.5910148426227693,RPL10
GO_Biological_Process_2023,Regulation Of Innate Immune Response (GO:0045088),1/78,0.2970516718473839,0.4248850538498185,0,0,2.894060995184591,3.512953554379464,LYAR
GO_Biological_Process_2023,Positive Regulation Of Tumor Necrosis Factor Production (GO:0032760),1/78,0.2970516718473839,0.4248850538498185,0,0,2.894060995184591,3.512953554379464,CD2
GO_Biological_Process_2023,Proteolysis Involved In Protein Catabolic Process (GO:0051603),1/78,0.2970516718473839,0.4248850538498185,0,0,2.894060995184591,3.512953554379464,RPS27A
GO_Biological_Process_2023,Protein Import Into Nucleus (GO:0006606),1/79,0.3002273194519669,0.425475526339904,0,0,2.856813598386632,3.437362001529923,RPL17
GO_Biological_Process_2023,Cellular Response To UV (GO:0034644),1/79,0.3002273194519669,0.425475526339904,0,0,2.856813598386632,3.437362001529923,NPM1
GO_Biological_Process_2023,Positive Regulation Of Endocytosis (GO:0045807),1/79,0.3002273194519669,0.425475526339904,0,0,2.856813598386632,3.437362001529923,LYAR
GO_Biological_Process_2023,Regulation Of Organelle Assembly (GO:1902115),1/80,0.3033887793502783,0.4266819624606595,0,0,2.820509173659508,3.364134663979733,NPM1
GO_Biological_Process_2023,Response To Type II Interferon (GO:0034341),1/80,0.3033887793502783,0.4266819624606595,0,0,2.820509173659508,3.364134663979733,RPL13A
GO_Biological_Process_2023,Positive Regulation Of DNA-binding Transcription Factor Activity (GO:0051091),2/246,0.3038492762977423,0.4266819624606595,0,0,1.8317809239940388,2.182060487503689,NPM1;RPS3
GO_Biological_Process_2023,Spindle Assembly (GO:0051225),1/81,0.3065361142397765,0.4278540325642802,0,0,2.7851123595505616,3.293171728123504,RPS3
GO_Biological_Process_2023,Regulation Of Interleukin-8 Production (GO:0032677),1/81,0.3065361142397765,0.4278540325642802,0,0,2.7851123595505616,3.293171728123504,CD2
GO_Biological_Process_2023,Positive Regulation Of Tumor Necrosis Factor Superfamily Cytokine Production (GO:1903557),1/82,0.3096693865536634,0.429631401164542,0,0,2.750589540851713,3.224378714694647,CD2
GO_Biological_Process_2023,Cellular Response To Organic Substance (GO:0071310),1/82,0.3096693865536634,0.429631401164542,0,0,2.750589540851713,3.224378714694647,CXCR4
GO_Biological_Process_2023,Regulation Of NIK/NF-kappaB Signaling (GO:1901222),1/83,0.3127886584051736,0.4326597610275156,0,0,2.716908742121129,3.1576661345906847,RPS3
GO_Biological_Process_2023,Regulation Of Cysteine-Type Endopeptidase Activity Involved In Apoptotic Process (GO:0043281),1/84,0.315893991625437,0.4343542384849759,0,0,2.684039528902125,3.0929491699023792,CD44
GO_Biological_Process_2023,Positive Regulation Of Protein Ubiquitination (GO:0031398),1/84,0.315893991625437,0.4343542384849759,0,0,2.684039528902125,3.0929491699023792,RPS2
GO_Biological_Process_2023,Calcium-Mediated Signaling (GO:0019722),1/85,0.3189854478590073,0.4347235307105055,0,0,2.65195291599786,3.030147378320293,CXCR4
GO_Biological_Process_2023,mRNA Metabolic Process (GO:0016071),1/85,0.3189854478590073,0.4347235307105055,0,0,2.65195291599786,3.030147378320293,ZFP36L2
GO_Biological_Process_2023,Negative Regulation Of Cell Cycle (GO:0045786),1/85,0.3189854478590073,0.4347235307105055,0,0,2.65195291599786,3.030147378320293,BTG1
GO_Biological_Process_2023,Regulation Of Mitotic Cell Cycle Phase Transition (GO:1901990),1/86,0.3220630883751708,0.4376269024392026,0,0,2.6206212822207533,2.969184421732711,ZFP36L2
GO_Biological_Process_2023,Glucose Homeostasis (GO:0042593),1/87,0.3251269742549201,0.4392066143443657,0,0,2.5900182910896263,2.909987811567518,RPS6
GO_Biological_Process_2023,Regulation Of Type II Interferon Production (GO:0032649),1/87,0.3251269742549201,0.4392066143443657,0,0,2.5900182910896263,2.909987811567518,CD2
GO_Biological_Process_2023,Negative Regulation Of Protein Kinase Activity (GO:0006469),1/88,0.3281771662542191,0.4420345504648666,0,0,2.5601188169959963,2.852488675126878,NPM1
GO_Biological_Process_2023,Positive Regulation Of Peptidyl-Serine Phosphorylation (GO:0033138),1/89,0.3312137249443987,0.4422564766598618,0,0,2.5308988764044944,2.7966215364309024,CD44
GO_Biological_Process_2023,Cellular Response To Chemical Stress (GO:0062197),1/89,0.3312137249443987,0.4422564766598618,0,0,2.5308988764044944,2.7966215364309024,ZFP36L2
GO_Biological_Process_2023,Positive Regulation Of DNA Repair (GO:0045739),1/89,0.3312137249443987,0.4422564766598618,0,0,2.5308988764044944,2.7966215364309024,RPS3
GO_Biological_Process_2023,Regulation Of Peptidyl-Tyrosine Phosphorylation (GO:0050730),1/90,0.3342367105299855,0.4450068019160038,0,0,2.502335563691453,2.74232411500686,CD44
GO_Biological_Process_2023,Positive Regulation Of Signal Transduction (GO:0009967),2/266,0.3369118620398476,0.4451649615822874,0,0,1.691287878787879,1.8400094514973109,RPS3;IL7R
GO_Biological_Process_2023,Positive Regulation Of MAP Kinase Activity (GO:0043406),1/91,0.3372461830168844,0.4451649615822874,0,0,2.474406991260924,2.689537136090647,RPS3
GO_Biological_Process_2023,Positive Regulation Of Binding (GO:0051099),1/91,0.3372461830168844,0.4451649615822874,0,0,2.474406991260924,2.689537136090647,RPL11
GO_Biological_Process_2023,Regulation Of Peptidyl-Serine Phosphorylation (GO:0033135),1/93,0.3432248273185194,0.4504825858555566,0,0,2.420371275036639,2.588271397645247,CD44
GO_Biological_Process_2023,Positive Regulation Of Cellular Component Biogenesis (GO:0044089),1/93,0.3432248273185194,0.4504825858555566,0,0,2.420371275036639,2.588271397645247,RPS3
GO_Biological_Process_2023,Positive Regulation Of Supramolecular Fiber Organization (GO:1902905),1/96,0.3520929303627859,0.4595111125073647,0,0,2.343583678296866,2.4463735666438886,RPS3
GO_Biological_Process_2023,Regulation Of Protein Metabolic Process (GO:0051246),1/96,0.3520929303627859,0.4595111125073647,0,0,2.343583678296866,2.4463735666438886,RPL10
GO_Biological_Process_2023,Monocarboxylic Acid Metabolic Process (GO:0032787),1/97,0.3550225694695389,0.4619214189052967,0,0,2.319054307116105,2.401552149209679,LDHB
GO_Biological_Process_2023,MAPK Cascade (GO:0000165),1/98,0.3579391081560524,0.4619214189052967,0,0,2.2950306961658757,2.357897085822304,ZFP36L2
GO_Biological_Process_2023,Positive Regulation Of Protein-Containing Complex Assembly (GO:0031334),1/98,0.3579391081560524,0.4619214189052967,0,0,2.2950306961658757,2.357897085822304,RPS3
GO_Biological_Process_2023,Positive Regulation Of Cold-Induced Thermogenesis (GO:0120162),1/98,0.3579391081560524,0.4619214189052967,0,0,2.2950306961658757,2.357897085822304,CXCR4
GO_Biological_Process_2023,Response To UV (GO:0009411),1/100,0.3637331156781473,0.4680910848002899,0,0,2.2484394506866416,2.273925239694265,NPM1
GO_Biological_Process_2023,Transmembrane Receptor Protein Tyrosine Kinase Signaling Pathway (GO:0007169),2/284,0.366280795520967,0.4700603542519077,0,0,1.5818826563507415,1.5887718167784015,CD8A;CD3E
GO_Biological_Process_2023,Calcium Ion Homeostasis (GO:0055074),1/102,0.3694754132870333,0.4715404445817939,0,0,2.20369340304817,2.194153793473196,TPT1
GO_Biological_Process_2023,Regulation Of RNA Splicing (GO:0043484),1/102,0.3694754132870333,0.4715404445817939,0,0,2.20369340304817,2.194153793473196,RPS13
GO_Biological_Process_2023,DNA Metabolic Process (GO:0006259),2/288,0.3727439516190786,0.4744013929697364,0,0,1.5594405594405594,1.538955049377503,NPM1;RPS3
GO_Biological_Process_2023,Positive Regulation Of Inflammatory Response (GO:0050729),1/104,0.3751664573036265,0.4748682281486998,0,0,2.1606850659976,2.118304233918048,RPS19
GO_Biological_Process_2023,Positive Regulation Of Vasculature Development (GO:1904018),1/104,0.3751664573036265,0.4748682281486998,0,0,2.1606850659976,2.118304233918048,BTG1
GO_Biological_Process_2023,DNA Repair (GO:0006281),2/291,0.3775745195662732,0.47661045912464,0,0,1.5430166719094054,1.502878683712121,NPM1;RPS3
GO_Biological_Process_2023,Regulation Of Cellular Response To Stress (GO:0080135),1/107,0.3836079114336885,0.4794608798511923,0,0,2.0992156031375875,2.011330497673133,NPM1
GO_Biological_Process_2023,Positive Regulation Of T Cell Activation (GO:0050870),1/107,0.3836079114336885,0.4794608798511923,0,0,2.0992156031375875,2.011330497673133,CD3E
GO_Biological_Process_2023,Positive Regulation Of Metabolic Process (GO:0009893),1/108,0.3863965902718104,0.4794608798511923,0,0,2.079491756799328,1.9773699982586797,CXCR4
GO_Biological_Process_2023,Positive Regulation Of DNA Metabolic Process (GO:0051054),1/108,0.3863965902718104,0.4794608798511923,0,0,2.079491756799328,1.9773699982586797,RPS3
GO_Biological_Process_2023,Regulation Of Intracellular Signal Transduction (GO:1902531),2/297,0.3871903641651507,0.4794608798511923,0,0,1.511171032357473,1.4338577237863266,RPL5;RPL11
GO_Biological_Process_2023,Regulation Of Cell Cycle (GO:0051726),2/298,0.3887869327366928,0.4794608798511923,0,0,1.5059889434889435,1.4227436218132137,RPS15A;JUNB
GO_Biological_Process_2023,Regulation Of Proteasomal Ubiquitin-Dependent Protein Catabolic Process (GO:0032434),1/109,0.3891727920870068,0.4794608798511923,0,0,2.06013316687474,1.9442132609089495,RPL11
GO_Biological_Process_2023,Cell-Matrix Adhesion (GO:0007160),1/109,0.3891727920870068,0.4794608798511923,0,0,2.06013316687474,1.9442132609089495,CD44
GO_Biological_Process_2023,Positive Regulation Of Cysteine-Type Endopeptidase Activity Involved In Apoptotic Process (GO:0043280),1/109,0.3891727920870068,0.4794608798511923,0,0,2.06013316687474,1.9442132609089495,RPS3
GO_Biological_Process_2023,Negative Regulation Of Inflammatory Response (GO:0050728),1/111,0.394687985300549,0.484962364917164,0,0,2.02247191011236,1.88021070375437,RPS19
GO_Biological_Process_2023,Calcium Ion Transport (GO:0006816),1/112,0.3974270863447697,0.4857442166436075,0,0,2.004150217633364,1.8493171721426336,TPT1
GO_Biological_Process_2023,Negative Regulation Of Defense Response (GO:0031348),1/112,0.3974270863447697,0.4857442166436075,0,0,2.004150217633364,1.8493171721426336,LYAR
GO_Biological_Process_2023,Regulation Of Protein Ubiquitination (GO:0031396),1/113,0.4001539297544617,0.4865029356488455,0,0,1.98615569823435,1.8191318842307855,RPS3
GO_Biological_Process_2023,Positive Regulation Of Cellular Component Organization (GO:0051130),1/113,0.4001539297544617,0.4865029356488455,0,0,1.98615569823435,1.8191318842307855,RPS3
GO_Biological_Process_2023,Cellular Response To Molecule Of Bacterial Origin (GO:0071219),1/117,0.4109398081391848,0.4983049642002714,0,0,1.9172801239829524,1.7050535637246629,VIM
GO_Biological_Process_2023,Regulation Of Protein Binding (GO:0043393),1/118,0.413606172195047,0.50022526584846,0,0,1.9007970805723613,1.678101657750257,RPL11
GO_Biological_Process_2023,Regulation Of Protein-Containing Complex Assembly (GO:0043254),1/119,0.4162606004802887,0.5008135349528474,0,0,1.8845934107788995,1.6517401564844003,RPS3
GO_Biological_Process_2023,Positive Regulation Of Angiogenesis (GO:0045766),1/119,0.4162606004802887,0.5008135349528474,0,0,1.8845934107788995,1.6517401564844003,BTG1
GO_Biological_Process_2023,Regulation Of Protein Catabolic Process (GO:0042176),1/122,0.4241527980282292,0.507355667635704,0,0,1.83758937691522,1.5760296907184583,EEF1A1
GO_Biological_Process_2023,Protein Localization To Nucleus (GO:0034504),1/122,0.4241527980282292,0.507355667635704,0,0,1.83758937691522,1.5760296907184583,RPL11
GO_Biological_Process_2023,Negative Regulation Of Growth (GO:0045926),1/124,0.4293555467698697,0.507355667635704,0,0,1.8075271763953595,1.5282098625634657,BTG1
GO_Biological_Process_2023,Cellular Response To Lipopolysaccharide (GO:0071222),1/124,0.4293555467698697,0.507355667635704,0,0,1.8075271763953595,1.5282098625634657,VIM
GO_Biological_Process_2023,Regulation Of DNA Metabolic Process (GO:0051052),1/124,0.4293555467698697,0.507355667635704,0,0,1.8075271763953595,1.5282098625634657,IL7R
GO_Biological_Process_2023,Intracellular Protein Transport (GO:0006886),2/325,0.4311717196524618,0.507355667635704,0,0,1.3782015198423867,1.159410439169898,NPM1;RPL11
GO_Biological_Process_2023,Regulation Of Mitotic Cell Cycle (GO:0007346),1/125,0.4319394620077442,0.507355667635704,0,0,1.7928597317868793,1.505051662861054,BTG1
GO_Biological_Process_2023,Response To Cytokine (GO:0034097),1/125,0.4319394620077442,0.507355667635704,0,0,1.7928597317868793,1.505051662861054,CXCR4
GO_Biological_Process_2023,Negative Regulation Of Cell Growth (GO:0030308),1/125,0.4319394620077442,0.507355667635704,0,0,1.7928597317868793,1.505051662861054,BTG1
GO_Biological_Process_2023,Positive Regulation Of Intracellular Protein Transport (GO:0090316),1/126,0.4345118064497885,0.507355667635704,0,0,1.7784269662921348,1.4823760744379602,TOMM7
GO_Biological_Process_2023,Protein-Containing Complex Organization (GO:0043933),1/126,0.4345118064497885,0.507355667635704,0,0,1.7784269662921348,1.4823760744379602,CD3E
GO_Biological_Process_2023,Protein-Containing Complex Assembly (GO:0065003),2/328,0.4357885988319204,0.507355667635704,0,0,1.365309537088678,1.1340233958481638,RPL38;CD3E
GO_Biological_Process_2023,Regulation Of Response To External Stimulus (GO:0032101),1/127,0.437072631426429,0.507355667635704,0,0,1.76422329231318,1.4601698045564893,CXCR4
GO_Biological_Process_2023,Regulation Of Tumor Necrosis Factor Production (GO:0032680),1/127,0.437072631426429,0.507355667635704,0,0,1.76422329231318,1.4601698045564893,CD2
GO_Biological_Process_2023,Regulation Of DNA Repair (GO:0006282),1/129,0.4421599265978292,0.5110576173386562,0,0,1.7364817415730338,1.417114336055017,RPS3
GO_Biological_Process_2023,Transmembrane Receptor Protein Serine/Threonine Kinase Signaling Pathway (GO:0007178),1/130,0.4446864982037657,0.5110576173386562,0,0,1.7229335423743577,1.3962407797554048,FOS
GO_Biological_Process_2023,Positive Regulation Of Peptidyl-Tyrosine Phosphorylation (GO:0050731),1/130,0.4446864982037657,0.5110576173386562,0,0,1.7229335423743577,1.3962407797554048,CD44
GO_Biological_Process_2023,Regulation Of Cell Cycle Process (GO:0010564),1/130,0.4446864982037657,0.5110576173386562,0,0,1.7229335423743577,1.3962407797554048,RPL17
GO_Biological_Process_2023,Negative Regulation Of Transcription By RNA Polymerase II (GO:0000122),4/763,0.4509766787122607,0.5170005597148002,0,0,1.1735760026963262,0.934565104396078,RPS14;RPL10;LYAR;RPL17
GO_Biological_Process_2023,Cellular Response To Metal Ion (GO:0071248),1/135,0.457150603114533,0.5227811352448373,0,0,1.658225725306054,1.297963575809571,FOS
GO_Biological_Process_2023,Protein Localization To Organelle (GO:0033365),1/137,0.4620584201871795,0.5270888645098196,0,0,1.6336748182419034,1.2613014254650008,RPL11
GO_Biological_Process_2023,Intracellular Calcium Ion Homeostasis (GO:0006874),1/139,0.4669223548504056,0.5313254382780478,0,0,1.609835531672366,1.2260383433210085,TPT1
GO_Biological_Process_2023,Protein Localization (GO:0008104),2/351,0.4705067439586569,0.5340887363855025,0,0,1.2738343318572545,0.9604010080840591,NPM1;NBEAL1
GO_Biological_Process_2023,Positive Regulation Of Transferase Activity (GO:0051347),1/143,0.4765201258641731,0.5395889660520784,0,0,1.5641715461307168,1.1594348381199029,RPS2
GO_Biological_Process_2023,Regulation Of Cell Adhesion (GO:0030155),1/144,0.4788927442254552,0.5409497502008809,0,0,1.5531547104580812,1.1435546110035522,CXCR4
GO_Biological_Process_2023,Regulation Of Cold-Induced Thermogenesis (GO:0120161),1/146,0.4836061240678317,0.5436156431127451,0,0,1.5315769081751258,1.1126668794817451,CXCR4
GO_Biological_Process_2023,Negative Regulation Of Response To External Stimulus (GO:0032102),1/146,0.4836061240678317,0.5436156431127451,0,0,1.5315769081751258,1.1126668794817451,LYAR
GO_Biological_Process_2023,Negative Regulation Of Cell Population Proliferation (GO:0008285),2/379,0.5110359241658861,0.5730548470015518,0,0,1.1775379792621172,0.7904993672641413,NPM1;BTG1
GO_Biological_Process_2023,Response To Lipopolysaccharide (GO:0032496),1/159,0.5132318764817572,0.5741237940304401,0,0,1.404636609301664,0.9369312950647104,VIM
GO_Biological_Process_2023,DNA Damage Response (GO:0006974),2/384,0.5180613180331497,0.5781263983848193,0,0,1.161827701094717,0.7640895451631755,NPM1;RPS3
GO_Biological_Process_2023,Mitochondrion Organization (GO:0007005),1/162,0.5198262203462516,0.5786981055420921,0,0,1.3782538907111452,0.9017373758544586,TOMM7
GO_Biological_Process_2023,Positive Regulation Of Multicellular Organismal Process (GO:0051240),2/387,0.5222448992609803,0.5799931333138771,0,0,1.1525974025974026,0.7487487634201739,RPS19;CXCR4
GO_Biological_Process_2023,Brain Development (GO:0007420),1/169,0.5348714378067665,0.5925913771384319,0,0,1.32035848047084,0.8261864122274308,CXCR4
GO_Biological_Process_2023,Metal Ion Transport (GO:0030001),1/171,0.5390837842734496,0.595829445775918,0,0,1.3046926635822869,0.8061490821430515,TPT1
GO_Biological_Process_2023,Positive Regulation Of I-kappaB kinase/NF-kappaB Signaling (GO:0043123),1/175,0.5473956264048659,0.6035722658688498,0,0,1.2744414309699084,0.7679573425491224,LTB
GO_Biological_Process_2023,Positive Regulation Of Hydrolase Activity (GO:0051345),1/176,0.5494503190896564,0.6043953509986221,0,0,1.2670947030497592,0.7587830897605623,RPS3
GO_Biological_Process_2023,Positive Regulation Of ERK1 And ERK2 Cascade (GO:0070374),1/179,0.5555592136888062,0.6096635551644383,0,0,1.2455498043176367,0.7321093639794743,CD44
GO_Biological_Process_2023,Negative Regulation Of Macromolecule Metabolic Process (GO:0010605),1/186,0.5694965934875279,0.6234773132493789,0,0,1.1979957485575463,0.6744745747089271,CD3E
GO_Biological_Process_2023,Intracellular Monoatomic Cation Homeostasis (GO:0030003),1/190,0.5772658277145812,0.6304889182130887,0,0,1.17240354319006,0.6441799545911697,TPT1
GO_Biological_Process_2023,Modification-Dependent Protein Catabolic Process (GO:0019941),1/192,0.5810982855876543,0.6331778489186233,0,0,1.1600094123183715,0.6296941387636835,RPS27A
GO_Biological_Process_2023,Regulation Of Signal Transduction (GO:0009966),1/193,0.5830016096143689,0.6337570438631492,0,0,1.1539091760299625,0.6226093873380562,CD3E
GO_Biological_Process_2023,DNA-templated Transcription (GO:0006351),1/199,0.5942432788081631,0.6444610206792755,0,0,1.118601747815231,0.5821947177680963,ZFP36L2
GO_Biological_Process_2023,Organic Substance Transport (GO:0071702),1/201,0.5979234887062665,0.6469336107313705,0,0,1.1073033707865167,0.5694777950402767,TPT1
GO_Biological_Process_2023,Regulation Of Angiogenesis (GO:0045765),1/205,0.605185165160826,0.6532606222063122,0,0,1.0853712271425424,0.5450960164776939,BTG1
GO_Biological_Process_2023,Negative Regulation Of Cell Differentiation (GO:0045596),1/207,0.6087672147694253,0.655595462059381,0,0,1.07472455547071,0.5334065671177461,ZFP36L2
GO_Biological_Process_2023,Positive Regulation Of Cell Motility (GO:2000147),1/221,0.6329574033399763,0.6800612101001606,0,0,1.0056179775280898,0.4599215465186612,CXCR4
GO_Biological_Process_2023,Regulation Of Cell Growth (GO:0001558),1/227,0.6428661817749071,0.6876563009937691,0,0,0.9786218554240828,0.4323734279686635,BTG1
GO_Biological_Process_2023,Cellular Response To Lipid (GO:0071396),1/228,0.6444917279876666,0.6876563009937691,0,0,0.974261248329456,0.4279864305205968,VIM
GO_Biological_Process_2023,Chromatin Remodeling (GO:0006338),1/228,0.6444917279876666,0.6876563009937691,0,0,0.974261248329456,0.4279864305205968,NPM1
GO_Biological_Process_2023,Negative Regulation Of Multicellular Organismal Process (GO:0051241),1/231,0.6493245940713023,0.691216503366225,0,0,0.9614069369809476,0.4151571877703904,RPS19
GO_Biological_Process_2023,Regulation Of I-kappaB kinase/NF-kappaB Signaling (GO:0043122),1/232,0.6509210666965275,0.6913230639397602,0,0,0.9571963616907436,0.4109884282302202,LTB
GO_Biological_Process_2023,Regulation Of Autophagy (GO:0010506),1/241,0.6649696846748521,0.7046238401829854,0,0,0.920880149812734,0.3757318335076975,EEF1A1
GO_Biological_Process_2023,Regulation Of ERK1 And ERK2 Cascade (GO:0070372),1/244,0.6695271500625399,0.7078015504987285,0,0,0.9093725435797844,0.3648253161533226,CD44
GO_Biological_Process_2023,Positive Regulation Of Programmed Cell Death (GO:0043068),1/245,0.6710326387845088,0.7078015504987285,0,0,0.9055995579296372,0.3612776247189466,RPS6
GO_Biological_Process_2023,Negative Regulation Of DNA-templated Transcription (GO:0045892),4/1025,0.6838005452320157,0.7196260863261761,0,0,0.8604878937658019,0.3270619868580069,RPS14;RPL10;LYAR;RPL17
GO_Biological_Process_2023,Cytokine-Mediated Signaling Pathway (GO:0019221),1/257,0.6885780136577918,0.7230069143406814,0,0,0.862622893258427,0.3218675969610376,IL7R
GO_Biological_Process_2023,Cellular Component Assembly (GO:0022607),1/260,0.6928177474674674,0.725809068775442,0,0,0.8525009760964817,0.312857888269225,CD3E
GO_Biological_Process_2023,Regulation Of Protein Phosphorylation (GO:0001932),1/265,0.6997574843932769,0.7299868108141457,0,0,0.8361423220973783,0.2985207482830219,NPM1
GO_Biological_Process_2023,Negative Regulation Of Cellular Process (GO:0048523),2/537,0.699965708204906,0.7299868108141457,0,0,0.8230671197960917,0.2936077404401946,NPM1;BTG1
GO_Biological_Process_2023,Chromatin Organization (GO:0006325),1/268,0.7038466682538894,0.7323809926425606,0,0,0.8266212178596979,0.2903050297371193,NPM1
GO_Biological_Process_2023,Positive Regulation Of Cell Migration (GO:0030335),1/272,0.7092133558638481,0.7363068997957255,0,0,0.814254322318504,0.279776867210492,CXCR4
GO_Biological_Process_2023,Positive Regulation Of Nucleic Acid-Templated Transcription (GO:1903508),2/557,0.7190608112599578,0.744856714802916,0,0,0.7925880425880426,0.2614029449922328,NPM1;FOS
GO_Biological_Process_2023,Central Nervous System Development (GO:0007417),1/283,0.7234808744273008,0.746089651753154,0,0,0.7820543469599172,0.2531362645048758,CXCR4
GO_Biological_Process_2023,Positive Regulation Of Cell Differentiation (GO:0045597),1/283,0.7234808744273008,0.746089651753154,0,0,0.7820543469599172,0.2531362645048758,BTG1
GO_Biological_Process_2023,Positive Regulation Of MAPK Cascade (GO:0043410),1/310,0.75563257316613,0.7775105763981114,0,0,0.7127377186284135,0.1997091339024779,CD44
GO_Biological_Process_2023,Protein Transport (GO:0015031),1/313,0.7589683275263251,0.7792074829270271,0,0,0.7057764333045232,0.194649774931522,NPM1
GO_Biological_Process_2023,Supramolecular Fiber Organization (GO:0097435),1/316,0.7622590457076209,0.7808507297492703,0,0,0.6989477438915641,0.1897425235186717,VIM
GO_Biological_Process_2023,Proteolysis (GO:0006508),1/330,0.7770377071998164,0.7942288069166263,0,0,0.6687271609576175,0.1686973938630555,CXCR4
GO_Biological_Process_2023,Positive Regulation Of Transcription By RNA Polymerase II (GO:0045944),3/938,0.8001052303384398,0.8160013607425148,0,0,0.6997971602434077,0.1560631797247917,NPM1;FOS;JUNB
GO_Biological_Process_2023,Protein Modification By Small Protein Conjugation (GO:0032446),1/364,0.8092528427342258,0.823512804720732,0,0,0.6050391556009533,0.1280528304385146,RPS27A
GO_Biological_Process_2023,Positive Regulation Of DNA-templated Transcription (GO:0045893),4/1243,0.8182544994130838,0.8292892251404775,0,0,0.7009028286127222,0.1405883978026127,NPM1;FOS;JUNB;LYAR
GO_Biological_Process_2023,Regulation Of Transcription By RNA Polymerase II (GO:0006357),7/2028,0.8195083550810528,0.8292892251404775,0,0,0.7465169932575428,0.1485947192530161,RPS14;NPM1;RPL10;FOS;JUNB;LYAR;RPL17
GO_Biological_Process_2023,Positive Regulation Of Protein Phosphorylation (GO:0001934),1/377,0.8203142335264031,0.8292892251404775,0,0,0.583731771455893,0.1156184680618798,CD44
GO_Biological_Process_2023,Nervous System Development (GO:0007399),1/433,0.8611467260852095,0.8655322779029417,0,0,0.5066063254265502,0.0757327698194387,CXCR4
GO_Biological_Process_2023,Protein Ubiquitination (GO:0016567),1/434,0.8617853849250069,0.8655322779029417,0,0,0.5054103848249734,0.0751792957623286,RPS27A
GO_Biological_Process_2023,Regulation Of Cell Migration (GO:0030334),1/434,0.8617853849250069,0.8655322779029417,0,0,0.5054103848249734,0.0751792957623286,CXCR4
GO_Biological_Process_2023,Regulation Of Nucleic Acid-Templated Transcription (GO:1903506),1/452,0.872796914840441,0.8746901836361902,0,0,0.4847903535215127,0.065956881035805,BTG1
GO_Biological_Process_2023,Regulation Of DNA-templated Transcription (GO:0006355),5/1922,0.9415461732412038,0.9415461732412038,0,0,0.5521188130964436,0.0332551595494121,NPM1;BTG1;FOS;JUNB;ZFP36L2
Reactome_2022,Peptide Chain Elongation R-HSA-156902,57/86,7.991649956886867e-122,3.660175680254185e-119,0,0,1184.1347962382445,330180.5753557653,RPL5;RPL30;RPL3;RPL32;RPL34;RPLP1;RPLP0;RPL10A;RPL8;RPL9;RPL7;RPS15;RPS4X;RPS14;RPS16;RPL18A;RPS19;RPL36;RPL35;RPLP2;RPL38;RPL37;RPS10;RPS13;RPS12;RPS9;RPL21;RPS7;RPS8;RPS5;RPS6;RPL13A;RPSA;EEF1A1;RPL27;RPL29;RPL28;RPL12;RPL11;RPL36A;RPS4Y1;RPS15A;RPL14;RPS3;RPS2;RPS27A;RPL19;RPL35A;RPL23A;RPS25;RPS28;RPS27;RPS29;RPL27A;RPS20;RPS21;RPS23
Reactome_2022,Eukaryotic Translation Elongation R-HSA-156842,57/90,4.9632447143610894e-120,1.1365830395886895e-117,0,0,1040.3939393939395,285804.6958770869,RPL5;RPL30;RPL3;RPL32;RPL34;RPLP1;RPLP0;RPL10A;RPL8;RPL9;RPL7;RPS15;RPS4X;RPS14;RPS16;RPL18A;RPS19;RPL36;RPL35;RPLP2;RPL38;RPL37;RPS10;RPS13;RPS12;RPS9;RPL21;RPS7;RPS8;RPS5;RPS6;RPL13A;RPSA;EEF1A1;RPL27;RPL29;RPL28;RPL12;RPL11;RPL36A;RPS4Y1;RPS15A;RPL14;RPS3;RPS2;RPS27A;RPL19;RPL35A;RPL23A;RPS25;RPS28;RPS27;RPS29;RPL27A;RPS20;RPS21;RPS23
Reactome_2022,Selenocysteine Synthesis R-HSA-2408557,56/90,4.873493366610323e-117,4.4641199238150545e-115,0,0,962.8512110726645,257869.50656729648,RPL5;RPL30;RPL3;RPL32;RPL34;RPLP1;RPLP0;RPL10A;RPL8;RPL9;RPL7;RPS15;RPS4X;RPS14;RPS16;RPL18A;RPS19;RPL36;RPL35;RPLP2;RPL38;RPL37;RPS10;RPS13;RPS12;RPS9;RPL21;RPS7;RPS8;RPS5;RPS6;RPL13A;RPSA;RPL27;RPL29;RPL28;RPL12;RPL11;RPL36A;RPS4Y1;RPS15A;RPL14;RPS3;RPS2;RPS27A;RPL19;RPL35A;RPL23A;RPS25;RPS28;RPS27;RPS29;RPL27A;RPS20;RPS21;RPS23
Reactome_2022,Eukaryotic Translation Termination R-HSA-72764,56/90,4.873493366610323e-117,4.4641199238150545e-115,0,0,962.8512110726645,257869.50656729648,RPL5;RPL30;RPL3;RPL32;RPL34;RPLP1;RPLP0;RPL10A;RPL8;RPL9;RPL7;RPS15;RPS4X;RPS14;RPS16;RPL18A;RPS19;RPL36;RPL35;RPLP2;RPL38;RPL37;RPS10;RPS13;RPS12;RPS9;RPL21;RPS7;RPS8;RPS5;RPS6;RPL13A;RPSA;RPL27;RPL29;RPL28;RPL12;RPL11;RPL36A;RPS4Y1;RPS15A;RPL14;RPS3;RPS2;RPS27A;RPL19;RPL35A;RPL23A;RPS25;RPS28;RPS27;RPS29;RPL27A;RPS20;RPS21;RPS23
Reactome_2022,Viral mRNA Translation R-HSA-192823,56/90,4.873493366610323e-117,4.4641199238150545e-115,0,0,962.8512110726645,257869.50656729648,RPL5;RPL30;RPL3;RPL32;RPL34;RPLP1;RPLP0;RPL10A;RPL8;RPL9;RPL7;RPS15;RPS4X;RPS14;RPS16;RPL18A;RPS19;RPL36;RPL35;RPLP2;RPL38;RPL37;RPS10;RPS13;RPS12;RPS9;RPL21;RPS7;RPS8;RPS5;RPS6;RPL13A;RPSA;RPL27;RPL29;RPL28;RPL12;RPL11;RPL36A;RPS4Y1;RPS15A;RPL14;RPS3;RPS2;RPS27A;RPL19;RPL35A;RPL23A;RPS25;RPS28;RPS27;RPS29;RPL27A;RPS20;RPS21;RPS23
Reactome_2022,Nonsense Mediated Decay (NMD) Independent Of Exon Junction Complex (EJC) R-HSA-975956,56/92,3.228862486907052e-116,2.464698365005716e-114,0,0,909.2679738562092,241799.57814515152,RPL5;RPL30;RPL3;RPL32;RPL34;RPLP1;RPLP0;RPL10A;RPL8;RPL9;RPL7;RPS4X;RPS15;RPS14;RPS16;RPL18A;RPS19;RPL36;RPLP2;RPL35;RPL38;RPL37;RPS10;RPS13;RPS12;RPS9;RPL21;RPS7;RPS8;RPS5;RPS6;RPL13A;RPSA;RPL27;RPL29;RPL28;RPL12;RPL11;RPL36A;RPS4Y1;RPS15A;RPL14;RPS3;RPS2;RPS27A;RPL19;RPL35A;RPL23A;RPS25;RPS28;RPS27;RPS29;RPL27A;RPS20;RPS21;RPS23
Reactome_2022,Response Of EIF2AK4 (GCN2) To Amino Acid Deficiency R-HSA-9633012,56/98,6.4225976626312874e-114,3.676937161856412e-112,0,0,779.1372549019608,203070.34333385943,RPL5;RPL30;RPL3;RPL32;RPL34;RPLP1;RPLP0;RPL10A;RPL8;RPL9;RPL7;RPS4X;RPS15;RPS14;RPS16;RPL18A;RPS19;RPL36;RPLP2;RPL35;RPL38;RPL37;RPS10;RPS13;RPS12;RPS9;RPL21;RPS7;RPS8;RPS5;RPS6;RPL13A;RPSA;RPL27;RPL29;RPL28;RPL12;RPL11;RPL36A;RPS4Y1;RPS15A;RPL14;RPS3;RPS2;RPS27A;RPL19;RPL35A;RPL23A;RPS25;RPS28;RPS27;RPS29;RPL27A;RPS20;RPS21;RPS23
Reactome_2022,Formation Of A Pool Of Free 40S Subunits R-HSA-72689,56/98,6.4225976626312874e-114,3.676937161856412e-112,0,0,779.1372549019608,203070.34333385943,RPL5;RPL30;RPL3;RPL32;RPL34;RPLP1;RPLP0;RPL10A;RPL8;RPL9;RPL7;RPS4X;RPS15;RPS14;RPS16;RPL18A;RPS19;RPL36;RPLP2;RPL35;RPL38;RPL37;RPS10;RPS13;RPS12;RPS9;RPL21;RPS7;RPS8;RPS5;RPS6;RPL13A;RPSA;RPL27;RPL29;RPL28;RPL12;RPL11;RPL36A;RPS4Y1;RPS15A;RPL14;RPS3;RPS2;RPS27A;RPL19;RPL35A;RPL23A;RPS25;RPS28;RPS27;RPS29;RPL27A;RPS20;RPS21;RPS23
Reactome_2022,SRP-dependent Cotranslational Protein Targeting To Membrane R-HSA-1799339,56/108,1.5488234149204398e-110,7.093611240335613e-109,0,0,628.9864253393665,159037.24556944915,RPL5;RPL30;RPL3;RPL32;RPL34;RPLP1;RPLP0;RPL10A;RPL8;RPL9;RPL7;RPS4X;RPS15;RPS14;RPS16;RPL18A;RPS19;RPL36;RPLP2;RPL35;RPL38;RPL37;RPS10;RPS13;RPS12;RPS9;RPL21;RPS7;RPS8;RPS5;RPS6;RPL13A;RPSA;RPL27;RPL29;RPL28;RPL12;RPL11;RPL36A;RPS4Y1;RPS15A;RPL14;RPS3;RPS2;RPS27A;RPL19;RPL35A;RPL23A;RPS25;RPS28;RPS27;RPS29;RPL27A;RPS20;RPS21;RPS23
Reactome_2022,L13a-mediated Translational Silencing Of Ceruloplasmin Expression R-HSA-156827,56/108,1.5488234149204398e-110,7.093611240335613e-109,0,0,628.9864253393665,159037.24556944915,RPL5;RPL30;RPL3;RPL32;RPL34;RPLP1;RPLP0;RPL10A;RPL8;RPL9;RPL7;RPS4X;RPS15;RPS14;RPS16;RPL18A;RPS19;RPL36;RPLP2;RPL35;RPL38;RPL37;RPS10;RPS13;RPS12;RPS9;RPL21;RPS7;RPS8;RPS5;RPS6;RPL13A;RPSA;RPL27;RPL29;RPL28;RPL12;RPL11;RPL36A;RPS4Y1;RPS15A;RPL14;RPS3;RPS2;RPS27A;RPL19;RPL35A;RPL23A;RPS25;RPS28;RPS27;RPS29;RPL27A;RPS20;RPS21;RPS23
Reactome_2022,GTP Hydrolysis And Joining Of 60S Ribosomal Subunit R-HSA-72706,56/109,3.1805183637298255e-110,1.3242521914438729e-108,0,0,617.087680355161,155584.6606082934,RPL5;RPL30;RPL3;RPL32;RPL34;RPLP1;RPLP0;RPL10A;RPL8;RPL9;RPL7;RPS4X;RPS15;RPS14;RPS16;RPL18A;RPS19;RPL36;RPLP2;RPL35;RPL38;RPL37;RPS10;RPS13;RPS12;RPS9;RPL21;RPS7;RPS8;RPS5;RPS6;RPL13A;RPSA;RPL27;RPL29;RPL28;RPL12;RPL11;RPL36A;RPS4Y1;RPS15A;RPL14;RPS3;RPS2;RPS27A;RPL19;RPL35A;RPL23A;RPS25;RPS28;RPS27;RPS29;RPL27A;RPS20;RPS21;RPS23
Reactome_2022,Nonsense Mediated Decay (NMD) Enhanced By Exon Junction Complex (EJC) R-HSA-975957,56/112,2.603250168669328e-109,9.935738143754601e-108,0,0,583.9411764705883,145999.90105997602,RPL5;RPL30;RPL3;RPL32;RPL34;RPLP1;RPLP0;RPL10A;RPL8;RPL9;RPL7;RPS4X;RPS15;RPS14;RPS16;RPL18A;RPS19;RPL36;RPLP2;RPL35;RPL38;RPL37;RPS10;RPS13;RPS12;RPS9;RPL21;RPS7;RPS8;RPS5;RPS6;RPL13A;RPSA;RPL27;RPL29;RPL28;RPL12;RPL11;RPL36A;RPS4Y1;RPS15A;RPL14;RPS3;RPS2;RPS27A;RPL19;RPL35A;RPL23A;RPS25;RPS28;RPS27;RPS29;RPL27A;RPS20;RPS21;RPS23
Reactome_2022,Selenoamino Acid Metabolism R-HSA-2408522,56/114,1.0112916796065048e-108,3.5628583789213783e-107,0,0,563.7484787018255,140186.18507580727,RPL5;RPL30;RPL3;RPL32;RPL34;RPLP1;RPLP0;RPL10A;RPL8;RPL9;RPL7;RPS4X;RPS15;RPS14;RPS16;RPL18A;RPS19;RPL36;RPLP2;RPL35;RPL38;RPL37;RPS10;RPS13;RPS12;RPS9;RPL21;RPS7;RPS8;RPS5;RPS6;RPL13A;RPSA;RPL27;RPL29;RPL28;RPL12;RPL11;RPL36A;RPS4Y1;RPS15A;RPL14;RPS3;RPS2;RPS27A;RPL19;RPL35A;RPL23A;RPS25;RPS28;RPS27;RPS29;RPL27A;RPS20;RPS21;RPS23
Reactome_2022,Cap-dependent Translation Initiation R-HSA-72737,56/116,3.799310191963289e-108,1.2429171913708475e-106,0,0,544.9019607843137,134778.43248614547,RPL5;RPL30;RPL3;RPL32;RPL34;RPLP1;RPLP0;RPL10A;RPL8;RPL9;RPL7;RPS4X;RPS15;RPS14;RPS16;RPL18A;RPS19;RPL36;RPLP2;RPL35;RPL38;RPL37;RPS10;RPS13;RPS12;RPS9;RPL21;RPS7;RPS8;RPS5;RPS6;RPL13A;RPSA;RPL27;RPL29;RPL28;RPL12;RPL11;RPL36A;RPS4Y1;RPS15A;RPL14;RPS3;RPS2;RPS27A;RPL19;RPL35A;RPL23A;RPS25;RPS28;RPS27;RPS29;RPL27A;RPS20;RPS21;RPS23
Reactome_2022,Influenza Viral RNA Transcription And Replication R-HSA-168273,56/137,7.798993061753862e-103,2.381292548188845e-101,0,0,403.20406681191,94798.22340028077,RPL5;RPL30;RPL3;RPL32;RPL34;RPLP1;RPLP0;RPL10A;RPL8;RPL9;RPL7;RPS4X;RPS15;RPS14;RPS16;RPL18A;RPS19;RPL36;RPLP2;RPL35;RPL38;RPL37;RPS10;RPS13;RPS12;RPS9;RPL21;RPS7;RPS8;RPS5;RPS6;RPL13A;RPSA;RPL27;RPL29;RPL28;RPL12;RPL11;RPL36A;RPS4Y1;RPS15A;RPL14;RPS3;RPS2;RPS27A;RPL19;RPL35A;RPL23A;RPS25;RPS28;RPS27;RPS29;RPL27A;RPS20;RPS21;RPS23
Reactome_2022,Cellular Response To Starvation R-HSA-9711097,56/153,1.8343024027771926e-99,5.250690627949714e-98,0,0,336.4244996967859,76485.8610381943,RPL5;RPL30;RPL3;RPL32;RPL34;RPLP1;RPLP0;RPL10A;RPL8;RPL9;RPL7;RPS4X;RPS15;RPS14;RPS16;RPL18A;RPS19;RPL36;RPLP2;RPL35;RPL38;RPL37;RPS10;RPS13;RPS12;RPS9;RPL21;RPS7;RPS8;RPS5;RPS6;RPL13A;RPSA;RPL27;RPL29;RPL28;RPL12;RPL11;RPL36A;RPS4Y1;RPS15A;RPL14;RPS3;RPS2;RPS27A;RPL19;RPL35A;RPL23A;RPS25;RPS28;RPS27;RPS29;RPL27A;RPS20;RPS21;RPS23
Reactome_2022,Influenza Infection R-HSA-168255,56/157,1.0874411893853283e-98,2.929694498461649e-97,0,0,323.03552708212,72866.9661087749,RPL5;RPL30;RPL3;RPL32;RPL34;RPLP1;RPLP0;RPL10A;RPL8;RPL9;RPL7;RPS4X;RPS15;RPS14;RPS16;RPL18A;RPS19;RPL36;RPLP2;RPL35;RPL38;RPL37;RPS10;RPS13;RPS12;RPS9;RPL21;RPS7;RPS8;RPS5;RPS6;RPL13A;RPSA;RPL27;RPL29;RPL28;RPL12;RPL11;RPL36A;RPS4Y1;RPS15A;RPL14;RPS3;RPS2;RPS27A;RPL19;RPL35A;RPL23A;RPS25;RPS28;RPS27;RPS29;RPL27A;RPS20;RPS21;RPS23
Reactome_2022,Regulation Of Expression Of SLITs And ROBOs R-HSA-9010553,56/167,7.335288943305286e-97,1.866423520018789e-95,0,0,293.7848436671966,65031.64223402838,RPL5;RPL30;RPL3;RPL32;RPL34;RPLP1;RPLP0;RPL10A;RPL8;RPL9;RPL7;RPS4X;RPS15;RPS14;RPS16;RPL18A;RPS19;RPL36;RPLP2;RPL35;RPL38;RPL37;RPS10;RPS13;RPS12;RPS9;RPL21;RPS7;RPS8;RPS5;RPS6;RPL13A;RPSA;RPL27;RPL29;RPL28;RPL12;RPL11;RPL36A;RPS4Y1;RPS15A;RPL14;RPS3;RPS2;RPS27A;RPL19;RPL35A;RPL23A;RPS25;RPS28;RPS27;RPS29;RPL27A;RPS20;RPS21;RPS23
Reactome_2022,Major Pathway Of rRNA Processing In Nucleolus And Cytosol R-HSA-6791226,56/179,7.751972641147362e-95,1.8686334050765744e-93,0,0,264.962219033955,57416.68662356948,RPL5;RPL30;RPL3;RPL32;RPL34;RPLP1;RPLP0;RPL10A;RPL8;RPL9;RPL7;RPS4X;RPS15;RPS14;RPS16;RPL18A;RPS19;RPL36;RPLP2;RPL35;RPL38;RPL37;RPS10;RPS13;RPS12;RPS9;RPL21;RPS7;RPS8;RPS5;RPS6;RPL13A;RPSA;RPL27;RPL29;RPL28;RPL12;RPL11;RPL36A;RPS4Y1;RPS15A;RPL14;RPS3;RPS2;RPS27A;RPL19;RPL35A;RPL23A;RPS25;RPS28;RPS27;RPS29;RPL27A;RPS20;RPS21;RPS23
Reactome_2022,rRNA Processing In Nucleus And Cytosol R-HSA-8868773,56/189,2.8437973293513348e-93,6.512295884214557e-92,0,0,244.91640866873064,52190.52906579607,RPL5;RPL30;RPL3;RPL32;RPL34;RPLP1;RPLP0;RPL10A;RPL8;RPL9;RPL7;RPS4X;RPS15;RPS14;RPS16;RPL18A;RPS19;RPL36;RPLP2;RPL35;RPL38;RPL37;RPS10;RPS13;RPS12;RPS9;RPL21;RPS7;RPS8;RPS5;RPS6;RPL13A;RPSA;RPL27;RPL29;RPL28;RPL12;RPL11;RPL36A;RPS4Y1;RPS15A;RPL14;RPS3;RPS2;RPS27A;RPL19;RPL35A;RPL23A;RPS25;RPS28;RPS27;RPS29;RPL27A;RPS20;RPS21;RPS23
Reactome_2022,Signaling By ROBO Receptors R-HSA-376176,57/209,9.31107151578472e-93,2.0307003591568577e-91,0,0,224.52272727272728,47578.43364458826,RPL5;RPL30;RPL3;RPL32;RPL34;RPLP1;RPLP0;RPL10A;RPL8;RPL9;RPL7;RPS4X;RPS15;RPS14;RPS16;RPL18A;RPS19;RPL36;RPLP2;RPL35;RPL38;RPL37;RPS10;RPS13;RPS12;RPS9;RPL21;RPS7;RPS8;RPS5;RPS6;RPL13A;RPSA;RPL27;RPL29;RPL28;RPL12;RPL11;RPL36A;CXCR4;RPS4Y1;RPS15A;RPL14;RPS3;RPS2;RPS27A;RPL19;RPL35A;RPL23A;RPS25;RPS28;RPS27;RPS29;RPL27A;RPS20;RPS21;RPS23
Reactome_2022,rRNA Processing R-HSA-72312,56/199,8.356498286466008e-92,1.7396710069097414e-90,0,0,227.6742081447964,47746.648540351496,RPL5;RPL30;RPL3;RPL32;RPL34;RPLP1;RPLP0;RPL10A;RPL8;RPL9;RPL7;RPS4X;RPS15;RPS14;RPS16;RPL18A;RPS19;RPL36;RPLP2;RPL35;RPL38;RPL37;RPS10;RPS13;RPS12;RPS9;RPL21;RPS7;RPS8;RPS5;RPS6;RPL13A;RPSA;RPL27;RPL29;RPL28;RPL12;RPL11;RPL36A;RPS4Y1;RPS15A;RPL14;RPS3;RPS2;RPS27A;RPL19;RPL35A;RPL23A;RPS25;RPS28;RPS27;RPS29;RPL27A;RPS20;RPS21;RPS23
Reactome_2022,Translation R-HSA-72766,57/281,1.8193610002063856e-84,3.622901469976194e-83,0,0,151.79951298701295,29269.779057882028,RPL5;RPL30;RPL3;RPL32;RPL34;RPLP1;RPLP0;RPL10A;RPL8;RPL9;RPL7;RPS4X;RPS15;RPS14;RPS16;RPL18A;RPS19;RPL36;RPLP2;RPL35;RPL38;RPL37;RPS10;RPS13;RPS12;RPS9;RPL21;RPS7;RPS8;RPS5;RPS6;RPL13A;RPSA;EEF1A1;RPL27;RPL29;RPL28;RPL12;RPL11;RPL36A;RPS4Y1;RPS15A;RPL14;RPS3;RPS2;RPS27A;RPL19;RPL35A;RPL23A;RPS25;RPS28;RPS27;RPS29;RPL27A;RPS20;RPS21;RPS23
Reactome_2022,Metabolism Of Amino Acids And Derivatives R-HSA-71291,56/364,1.8909974713763247e-75,3.608653507876487e-74,0,0,104.82352941176472,18035.598679077808,RPL5;RPL30;RPL3;RPL32;RPL34;RPLP1;RPLP0;RPL10A;RPL8;RPL9;RPL7;RPS4X;RPS15;RPS14;RPS16;RPL18A;RPS19;RPL36;RPLP2;RPL35;RPL38;RPL37;RPS10;RPS13;RPS12;RPS9;RPL21;RPS7;RPS8;RPS5;RPS6;RPL13A;RPSA;RPL27;RPL29;RPL28;RPL12;RPL11;RPL36A;RPS4Y1;RPS15A;RPL14;RPS3;RPS2;RPS27A;RPL19;RPL35A;RPL23A;RPS25;RPS28;RPS27;RPS29;RPL27A;RPS20;RPS21;RPS23
Reactome_2022,Axon Guidance R-HSA-422475,57/519,3.498951977117785e-68,6.410080022079783e-67,0,0,72.70995670995671,11293.552079383016,RPL5;RPL30;RPL3;RPL32;RPL34;RPLP1;RPLP0;RPL10A;RPL8;RPL9;RPL7;RPS4X;RPS15;RPS14;RPS16;RPL18A;RPS19;RPL36;RPLP2;RPL35;RPL38;RPL37;RPS10;RPS13;RPS12;RPS9;RPL21;RPS7;RPS8;RPS5;RPS6;RPL13A;RPSA;RPL27;RPL29;RPL28;RPL12;RPL11;RPL36A;CXCR4;RPS4Y1;RPS15A;RPL14;RPS3;RPS2;RPS27A;RPL19;RPL35A;RPL23A;RPS25;RPS28;RPS27;RPS29;RPL27A;RPS20;RPS21;RPS23
Reactome_2022,Nervous System Development R-HSA-9675108,57/545,6.367818011397259e-67,1.1217156343153634e-65,0,0,68.74403874813711,10478.100049224457,RPL5;RPL30;RPL3;RPL32;RPL34;RPLP1;RPLP0;RPL10A;RPL8;RPL9;RPL7;RPS4X;RPS15;RPS14;RPS16;RPL18A;RPS19;RPL36;RPLP2;RPL35;RPL38;RPL37;RPS10;RPS13;RPS12;RPS9;RPL21;RPS7;RPS8;RPS5;RPS6;RPL13A;RPSA;RPL27;RPL29;RPL28;RPL12;RPL11;RPL36A;CXCR4;RPS4Y1;RPS15A;RPL14;RPS3;RPS2;RPS27A;RPL19;RPL35A;RPL23A;RPS25;RPS28;RPS27;RPS29;RPL27A;RPS20;RPS21;RPS23
Reactome_2022,Metabolism Of RNA R-HSA-8953854,57/666,8.45194921006256e-62,1.4337010141513527e-60,0,0,54.74234960441857,7698.191013861765,RPL5;RPL30;RPL3;RPL32;RPL34;RPLP1;RPLP0;RPL10A;RPL8;RPL9;RPL7;RPS4X;RPS15;RPS14;RPS16;RPL18A;RPS19;RPL36;RPLP2;RPL35;RPL38;RPL37;RPS10;RPS13;RPS12;RPS9;RPL21;RPS7;RPS8;RPS5;RPS6;RPL13A;RPSA;RPL27;RPL29;RPL28;CD44;RPL12;RPL11;RPL36A;RPS4Y1;RPS15A;RPL14;RPS3;RPS2;RPS27A;RPL19;RPL35A;RPL23A;RPS25;RPS28;RPS27;RPS29;RPL27A;RPS20;RPS21;RPS23
Reactome_2022,Cellular Responses To Stress R-HSA-2262752,58/722,1.8335196865162936e-61,2.99911434437308e-60,0,0,52.53520331325301,7347.12452893652,RPL5;RPL30;RPL3;RPL32;RPL34;RPLP1;RPLP0;RPL10A;RPL8;RPL9;RPL7;RPS4X;RPS15;RPS14;RPS16;RPL18A;RPS19;RPL36;RPLP2;RPL35;RPL38;RPL37;RPS10;RPS13;RPS12;RPS9;RPL21;RPS7;RPS8;RPS5;RPS6;RPL13A;RPSA;FOS;EEF1A1;RPL27;RPL29;RPL28;RPL12;RPL11;RPL36A;RPS4Y1;RPS15A;RPL14;RPS3;RPS2;RPS27A;RPL19;RPL35A;RPL23A;RPS25;RPS28;RPS27;RPS29;RPL27A;RPS20;RPS21;RPS23
Reactome_2022,Cellular Responses To Stimuli R-HSA-8953897,58/736,5.716811612909721e-61,9.0286197196988e-60,0,0,51.41297935103245,7131.714384181477,RPL5;RPL30;RPL3;RPL32;RPL34;RPLP1;RPLP0;RPL10A;RPL8;RPL9;RPL7;RPS4X;RPS15;RPS14;RPS16;RPL18A;RPS19;RPL36;RPLP2;RPL35;RPL38;RPL37;RPS10;RPS13;RPS12;RPS9;RPL21;RPS7;RPS8;RPS5;RPS6;RPL13A;RPSA;FOS;EEF1A1;RPL27;RPL29;RPL28;RPL12;RPL11;RPL36A;RPS4Y1;RPS15A;RPL14;RPS3;RPS2;RPS27A;RPL19;RPL35A;RPL23A;RPS25;RPS28;RPS27;RPS29;RPL27A;RPS20;RPS21;RPS23
Reactome_2022,Infectious Disease R-HSA-5663205,58/961,3.597779410015312e-54,5.492609899290044e-53,0,0,38.15081672203765,4694.8119684432695,RPL5;RPL30;RPL3;RPL32;RPL34;RPLP1;RPLP0;RPL10A;RPL8;RPL9;RPL7;RPS4X;RPS15;RPS14;RPS16;RPL18A;RPS19;RPL36;RPLP2;RPL35;RPL38;RPL37;RPS10;RPS13;RPS12;RPS9;RPL21;RPS7;RPS8;RPS5;RPS6;RPL13A;RPSA;RPL27;RPL29;RPL28;RPL12;RPL11;RPL36A;CXCR4;RPS4Y1;RPS15A;RPL14;RPS3;RPS2;RPS27A;RPL19;NPM1;RPL35A;RPL23A;RPS25;RPS28;RPS27;RPS29;RPL27A;RPS20;RPS21;RPS23
Reactome_2022,SARS-CoV-2 Modulates Host Translation Machinery R-HSA-9754678,26/47,2.0729876507172065e-50,3.0626720775112277e-49,0,0,384.7574404761905,44016.35267928132,RPS4Y1;RPS15;RPS4X;RPS14;RPS15A;RPS16;RPS19;RPS3;RPS2;RPS27A;RPS10;RPS13;RPS12;RPS9;RPS7;RPS8;RPS5;RPS6;RPSA;RPS25;RPS28;RPS27;RPS29;RPS20;RPS21;RPS23
Reactome_2022,Developmental Biology R-HSA-1266738,57/1073,7.060825641680924e-50,1.0105806699655824e-48,0,0,32.121152469577666,3635.30155858516,RPL5;RPL30;RPL3;RPL32;RPL34;RPLP1;RPLP0;RPL10A;RPL8;RPL9;RPL7;RPS4X;RPS15;RPS14;RPS16;RPL18A;RPS19;RPL36;RPLP2;RPL35;RPL38;RPL37;RPS10;RPS13;RPS12;RPS9;RPL21;RPS7;RPS8;RPS5;RPS6;RPL13A;RPSA;RPL27;RPL29;RPL28;RPL12;RPL11;RPL36A;CXCR4;RPS4Y1;RPS15A;RPL14;RPS3;RPS2;RPS27A;RPL19;RPL35A;RPL23A;RPS25;RPS28;RPS27;RPS29;RPL27A;RPS20;RPS21;RPS23
Reactome_2022,"Formation Of Ternary Complex, And Subsequently, 43S Complex R-HSA-72695",26/50,1.9893817031896564e-49,2.761020666851099e-48,0,0,336.6119791666667,37747.278781826215,RPS4Y1;RPS15;RPS4X;RPS14;RPS16;RPS15A;RPS19;RPS3;RPS2;RPS27A;RPS10;RPS13;RPS12;RPS9;RPS7;RPS8;RPS5;RPS6;RPSA;RPS25;RPS28;RPS27;RPS29;RPS20;RPS21;RPS23
Reactome_2022,Ribosomal Scanning And Start Codon Recognition R-HSA-72702,26/57,1.9582744799949036e-47,2.562542033821902e-46,0,0,260.51108870967744,28017.82057196454,RPS4Y1;RPS15;RPS4X;RPS14;RPS16;RPS15A;RPS19;RPS3;RPS2;RPS27A;RPS10;RPS13;RPS12;RPS9;RPS7;RPS8;RPS5;RPS6;RPSA;RPS25;RPS28;RPS27;RPS29;RPS20;RPS21;RPS23
Reactome_2022,Translation Initiation Complex Formation R-HSA-72649,26/57,1.9582744799949036e-47,2.562542033821902e-46,0,0,260.51108870967744,28017.82057196454,RPS4Y1;RPS15;RPS4X;RPS14;RPS16;RPS15A;RPS19;RPS3;RPS2;RPS27A;RPS10;RPS13;RPS12;RPS9;RPS7;RPS8;RPS5;RPS6;RPSA;RPS25;RPS28;RPS27;RPS29;RPS20;RPS21;RPS23
Reactome_2022,"mRNA Activation Upon Binding Of Cap-Binding Complex And eIFs, Subsequent Binding To 43S R-HSA-72662",26/58,3.5386199132479478e-47,4.5019108896321115e-46,0,0,252.357421875,26991.58521284502,RPS4Y1;RPS15;RPS4X;RPS14;RPS16;RPS15A;RPS19;RPS3;RPS2;RPS27A;RPS10;RPS13;RPS12;RPS9;RPS7;RPS8;RPS5;RPS6;RPSA;RPS25;RPS28;RPS27;RPS29;RPS20;RPS21;RPS23
Reactome_2022,Disease R-HSA-1643685,58/1736,1.7001647529441712e-39,2.1045282617525151e-38,0,0,19.69338498212157,1758.030318033733,RPL5;RPL30;RPL3;RPL32;RPL34;RPLP1;RPLP0;RPL10A;RPL8;RPL9;RPL7;RPS4X;RPS15;RPS14;RPS16;RPL18A;RPS19;RPL36;RPLP2;RPL35;RPL38;RPL37;RPS10;RPS13;RPS12;RPS9;RPL21;RPS7;RPS8;RPS5;RPS6;RPL13A;RPSA;RPL27;RPL29;RPL28;RPL12;RPL11;RPL36A;CXCR4;RPS4Y1;RPS15A;RPL14;RPS3;RPS2;RPS27A;RPL19;NPM1;RPL35A;RPL23A;RPS25;RPS28;RPS27;RPS29;RPL27A;RPS20;RPS21;RPS23
Reactome_2022,Metabolism Of Proteins R-HSA-392499,59/1890,1.0696734561103437e-38,1.2892380076277302e-37,0,0,18.79214601575025,1643.0138653706006,RPL5;RPL30;RPL3;RPL32;RPL34;RPLP1;RPLP0;RPL10A;RPL8;RPL9;RPL7;RPS4X;RPS15;RPS14;RPS16;RPL18A;RPS19;RPL36;RPLP2;RPL35;RPL38;RPL37;RPS10;RPS13;RPS12;CD52;RPS9;RPL21;RPS7;RPS8;RPS5;RPS6;RPL13A;RPSA;EEF1A1;RPL27;RPL29;RPL28;RPL12;RPL11;RPL36A;RPS4Y1;RPS15A;RPL14;RPS3;RPS2;RPS27A;RPL19;NPM1;RPL35A;RPL23A;RPS25;RPS28;RPS27;RPS29;RPL27A;RPS20;RPS21;RPS23
Reactome_2022,Metabolism R-HSA-1430728,58/2049,1.718468386509486e-35,2.018098771849601e-34,0,0,16.3125,1305.8000438486283,RPL5;RPL30;RPL3;RPL32;RPL34;RPLP1;RPLP0;RPL10A;RPL8;RPL9;RPL7;RPS4X;RPS15;RPS14;RPS16;RPL18A;RPS19;RPL36;RPLP2;RPL35;RPL38;RPL37;RPS10;RPS13;RPS12;RPS9;RPL21;RPS7;RPS8;RPS5;RPS6;RPL13A;RPSA;RPL27;RPL29;RPL28;CD44;RPL12;RPL11;RPL36A;RPS4Y1;LDHB;RPS15A;RPL14;RPS3;RPS2;RPS27A;RPL19;RPL35A;RPL23A;RPS25;RPS28;RPS27;RPS29;RPL27A;RPS20;RPS21;RPS23
Reactome_2022,SARS-CoV-2-host Interactions R-HSA-9705683,26/196,1.8122773746994284e-31,2.075057594030845e-30,0,0,47.17279411764706,3339.152346965403,RPS4Y1;RPS4X;RPS15;RPS14;RPS16;RPS15A;RPS19;RPS3;RPS2;RPS27A;RPS10;RPS13;RPS12;RPS9;RPS7;RPS8;RPS5;RPS6;RPSA;RPS25;RPS28;RPS27;RPS29;RPS20;RPS21;RPS23
Reactome_2022,SARS-CoV-2 Infection R-HSA-9694516,26/283,3.36931073427036e-27,3.763766625111768e-26,0,0,31.06626945525292,1893.6472293997583,RPS4Y1;RPS4X;RPS15;RPS14;RPS16;RPS15A;RPS19;RPS3;RPS2;RPS27A;RPS10;RPS13;RPS12;RPS9;RPS7;RPS8;RPS5;RPS6;RPSA;RPS25;RPS28;RPS27;RPS29;RPS20;RPS21;RPS23
Reactome_2022,SARS-CoV Infections R-HSA-9679506,26/369,3.386810515879523e-24,3.6932362292210044e-23,0,0,23.175200437317784,1252.4377418396955,RPS4Y1;RPS4X;RPS15;RPS14;RPS16;RPS15A;RPS19;RPS3;RPS2;RPS27A;RPS10;RPS13;RPS12;RPS9;RPS7;RPS8;RPS5;RPS6;RPSA;RPS25;RPS28;RPS27;RPS29;RPS20;RPS21;RPS23
Reactome_2022,rRNA Modification In Nucleus And Cytosol R-HSA-6790901,5/60,7.410597315185761e-06,7.893147838035065e-05,0,0,21.235294117647054,250.84402494336055,RPS14;RPS9;RPS7;RPS6;RPS2
Reactome_2022,Protein Methylation R-HSA-8876725,2/17,0.0026063396402967,0.0265267456723535,0,0,30.143939393939394,179.35066618597747,EEF1A1;RPS2
Reactome_2022,Translocation Of ZAP-70 To Immunological Synapse R-HSA-202430,2/17,0.0026063396402967,0.0265267456723535,0,0,30.143939393939394,179.35066618597747,CD3E;CD3D
Reactome_2022,Nuclear Events Stimulated By ALK Signaling In Cancer R-HSA-9725371,2/19,0.003257992148771,0.0324382696551548,0,0,26.594919786096256,152.2996425743412,NPM1;RPS6
Reactome_2022,Phosphorylation Of CD3 And TCR Zeta Chains R-HSA-202427,2/20,0.0036094335277519,0.0344400115772998,0,0,25.116161616161616,141.25842758872437,CD3E;CD3D
Reactome_2022,Chaperone Mediated Autophagy R-HSA-9613829,2/20,0.0036094335277519,0.0344400115772998,0,0,25.116161616161616,141.25842758872437,EEF1A1;RPS27A
Reactome_2022,PD-1 Signaling R-HSA-389948,2/21,0.0039777426164745,0.0371797167009256,0,0,23.79306220095694,131.50522559836216,CD3E;CD3D
Reactome_2022,PINK1-PRKN Mediated Mitophagy R-HSA-5205685,2/22,0.0043627639308273,0.0399629176063784,0,0,22.602272727272727,122.83543002652112,TOMM7;RPS27A
Reactome_2022,Mitophagy R-HSA-5205647,2/28,0.0070152705705151,0.0629998808097244,0,0,17.38111888111888,86.2045442852311,TOMM7;RPS27A
Reactome_2022,Downstream TCR Signaling R-HSA-202424,3/94,0.0087950433174904,0.0774640353732809,0,0,7.510041682455475,35.549285293181995,CD3E;RPS27A;CD3D
Reactome_2022,Generation Of Second Messenger Molecules R-HSA-202433,2/32,0.0090986722581347,0.0786262621552018,0,0,15.06060606060606,70.77922759262519,CD3E;CD3D
Reactome_2022,Cargo Recognition For Clathrin-Mediated Endocytosis R-HSA-8856825,3/104,0.011571013146536,0.0981393337243239,0,0,6.763059064527142,30.15818584264637,RPS27A;IL7R;CD3D
Reactome_2022,Cytokine Signaling In Immune System R-HSA-1280215,8/702,0.0137396074325666,0.1144134582566459,0,0,2.701342517747944,11.58193193009215,IL32;RPLP0;FOS;LTB;VIM;RPS27A;IL7R;CD44
Reactome_2022,TCR Signaling R-HSA-202403,3/116,0.0154978715801428,0.1267504497090252,0,0,6.041196216051266,25.173982289836623,CD3E;RPS27A;CD3D
Reactome_2022,Signaling By Interleukins R-HSA-449147,6/453,0.0164721510088505,0.1323551782816416,0,0,3.1100990731863214,12.770328483495014,IL32;RPLP0;FOS;VIM;RPS27A;IL7R
Reactome_2022,Immunoregulatory Interactions Between A Lymphoid And A non-Lymphoid Cell R-HSA-198933,3/123,0.0180944422601143,0.1428836992264199,0,0,5.686781609195402,22.81622336573905,CD8A;CD3E;CD3D
Reactome_2022,Autophagy R-HSA-9612973,3/128,0.0200884942143714,0.1559411923759678,0,0,5.457931034482758,21.32745527377069,EEF1A1;TOMM7;RPS27A
Reactome_2022,TFAP2A Acts As A Transcriptional Repressor During Retinoic Acid Induced Cell Differentiation R-HSA-8869496,1/5,0.0223004592144073,0.1702268386699764,0,0,55.91573033707865,212.65579845592376,NPM1
Reactome_2022,Signaling By ALK Fusions And Activated Point Mutants R-HSA-9725370,2/55,0.0254849007450994,0.1913456482173038,0,0,8.51500857632933,31.24726411285921,NPM1;RPS6
Reactome_2022,Clathrin-mediated Endocytosis R-HSA-8856828,3/142,0.0262922819476196,0.1941134200576195,0,0,4.904738278342843,17.845791370429332,RPS27A;IL7R;CD3D
Reactome_2022,Binding And Entry Of HIV Virion R-HSA-173107,1/6,0.0267011909686245,0.1941134200576195,0,0,44.73033707865169,162.0601184375955,CXCR4
Reactome_2022,Selective Autophagy R-HSA-9663891,2/61,0.0308671133563003,0.2124732763307824,0,0,7.646764252696456,26.59593511598824,TOMM7;RPS27A
Reactome_2022,FLT3 Signaling By CBL Mutants R-HSA-9706377,1/7,0.0310823351837607,0.2124732763307824,0,0,37.27340823970037,129.38030961454655,RPS27A
Reactome_2022,Insulin-like Growth Factor-2 mRNA Binding Proteins (IGF2BPs/IMPs/VICKZs) Bind RNA R-HSA-428359,1/7,0.0310823351837607,0.2124732763307824,0,0,37.27340823970037,129.38030961454655,CD44
Reactome_2022,Modulation By Mtb Of Host Immune System R-HSA-9637628,1/7,0.0310823351837607,0.2124732763307824,0,0,37.27340823970037,129.38030961454655,RPS27A
Reactome_2022,MAP Kinase Activation R-HSA-450294,2/62,0.0318043167669089,0.2142114276359457,0,0,7.518939393939394,25.926455315447807,FOS;RPS27A
Reactome_2022,InlA-mediated Entry Of Listeria Monocytogenes Into Host Cells R-HSA-8876493,1/8,0.035443977738633,0.231904882918485,0,0,31.94703049759229,106.6967538219128,RPS27A
Reactome_2022,Myoclonic Epilepsy Of Lafora R-HSA-3785653,1/8,0.035443977738633,0.231904882918485,0,0,31.94703049759229,106.6967538219128,RPS27A
Reactome_2022,Costimulation By CD28 Family R-HSA-388841,2/68,0.0376578251363587,0.2397642308391269,0,0,6.833333333333333,22.40796580046174,CD3E;CD3D
Reactome_2022,Interleukin-17 Signaling R-HSA-448424,2/69,0.0386707180283222,0.2397642308391269,0,0,6.73100407055631,21.893752547390346,FOS;RPS27A
Reactome_2022,PTK6 Regulates RTKs And Their Effectors AKT1 And DOK1 R-HSA-8849469,1/9,0.0397862042440472,0.2397642308391269,0,0,27.952247191011235,90.12461522615384,RPS27A
Reactome_2022,Prevention Of Phagosomal-Lysosomal Fusion R-HSA-9636383,1/9,0.0397862042440472,0.2397642308391269,0,0,27.952247191011235,90.12461522615384,RPS27A
Reactome_2022,Regulation Of PTEN Localization R-HSA-8948747,1/9,0.0397862042440472,0.2397642308391269,0,0,27.952247191011235,90.12461522615384,RPS27A
Reactome_2022,Downregulation Of ERBB4 Signaling R-HSA-1253288,1/9,0.0397862042440472,0.2397642308391269,0,0,27.952247191011235,90.12461522615384,RPS27A
Reactome_2022,Activation Of AP-1 Family Of Transcription Factors R-HSA-450341,1/10,0.0441090999770031,0.2589995870444542,0,0,24.845193508114857,77.54406436315156,FOS
Reactome_2022,IRAK2 Mediated Activation Of TAK1 Complex R-HSA-937042,1/10,0.0441090999770031,0.2589995870444542,0,0,24.845193508114857,77.54406436315156,RPS27A
Reactome_2022,Pexophagy R-HSA-9664873,1/11,0.0484127499163546,0.2704029202645174,0,0,22.359550561797757,67.70454183296923,RPS27A
Reactome_2022,Alpha-protein Kinase 1 Signaling Pathway R-HSA-9645460,1/11,0.0484127499163546,0.2704029202645174,0,0,22.359550561797757,67.70454183296923,RPS27A
Reactome_2022,Regulation Of BACH1 Activity R-HSA-9708530,1/11,0.0484127499163546,0.2704029202645174,0,0,22.359550561797757,67.70454183296923,RPS27A
Reactome_2022,"TICAM1,TRAF6-dependent Induction Of TAK1 Complex R-HSA-9014325",1/11,0.0484127499163546,0.2704029202645174,0,0,22.359550561797757,67.70454183296923,RPS27A
Reactome_2022,Senescence-Associated Secretory Phenotype (SASP) R-HSA-2559582,2/81,0.0516020022961648,0.274265174012936,0,0,5.70512082853855,16.9110895107733,FOS;RPS27A
Reactome_2022,ALK Mutants Bind TKIs R-HSA-9700645,1/12,0.0526972386749746,0.274265174012936,0,0,20.325842696629213,59.82286212760923,NPM1
Reactome_2022,Caspase-mediated Cleavage Of Cytoskeletal Proteins R-HSA-264870,1/12,0.0526972386749746,0.274265174012936,0,0,20.325842696629213,59.82286212760923,VIM
Reactome_2022,TICAM1-dependent Activation Of IRF3/IRF7 R-HSA-9013973,1/12,0.0526972386749746,0.274265174012936,0,0,20.325842696629213,59.82286212760923,RPS27A
Reactome_2022,Hyaluronan Uptake And Degradation R-HSA-2160916,1/12,0.0526972386749746,0.274265174012936,0,0,20.325842696629213,59.82286212760923,CD44
Reactome_2022,Josephin Domain DUBs R-HSA-5689877,1/12,0.0526972386749746,0.274265174012936,0,0,20.325842696629213,59.82286212760923,RPS27A
Reactome_2022,Downregulation Of ERBB2:ERBB3 Signaling R-HSA-1358803,1/13,0.0569626505406045,0.2805257413720092,0,0,18.631086142322097,53.384759293029546,RPS27A
Reactome_2022,Suppression Of Phagosomal Maturation R-HSA-9637687,1/13,0.0569626505406045,0.2805257413720092,0,0,18.631086142322097,53.384759293029546,RPS27A
Reactome_2022,Glycogen Synthesis R-HSA-3322077,1/13,0.0569626505406045,0.2805257413720092,0,0,18.631086142322097,53.384759293029546,RPS27A
Reactome_2022,p75NTR Recruits Signaling Complexes R-HSA-209543,1/13,0.0569626505406045,0.2805257413720092,0,0,18.631086142322097,53.384759293029546,RPS27A
Reactome_2022,NF-kB Is Activated And Signals Survival R-HSA-209560,1/13,0.0569626505406045,0.2805257413720092,0,0,18.631086142322097,53.384759293029546,RPS27A
Reactome_2022,Constitutive Signaling By NOTCH1 HD Domain Mutants R-HSA-2691232,1/15,0.0654365789191557,0.2847993758559549,0,0,15.967897271268058,43.53924818748468,RPS27A
Reactome_2022,Regulation Of Innate Immune Responses To Cytosolic DNA R-HSA-3134975,1/15,0.0654365789191557,0.2847993758559549,0,0,15.967897271268058,43.53924818748468,RPS27A
Reactome_2022,Glycogen Storage Diseases R-HSA-3229121,1/15,0.0654365789191557,0.2847993758559549,0,0,15.967897271268058,43.53924818748468,RPS27A
Reactome_2022,IRAK2 Mediated Activation Of TAK1 Complex Upon TLR7/8 Or 9 Stimulation R-HSA-975163,1/15,0.0654365789191557,0.2847993758559549,0,0,15.967897271268058,43.53924818748468,RPS27A
Reactome_2022,InlB-mediated Entry Of Listeria Monocytogenes Into Host Cell R-HSA-8875360,1/15,0.0654365789191557,0.2847993758559549,0,0,15.967897271268058,43.53924818748468,RPS27A
Reactome_2022,Membrane Binding And Targetting Of GAG Proteins R-HSA-174490,1/15,0.0654365789191557,0.2847993758559549,0,0,15.967897271268058,43.53924818748468,RPS27A
Reactome_2022,Negative Regulation Of FLT3 R-HSA-9706369,1/15,0.0654365789191557,0.2847993758559549,0,0,15.967897271268058,43.53924818748468,RPS27A
Reactome_2022,Oxidative Stress Induced Senescence R-HSA-2559580,2/93,0.0658406672801448,0.2847993758559549,0,0,4.9498001998002,13.46601849960321,FOS;RPS27A
Reactome_2022,MyD88 Cascade Initiated On Plasma Membrane R-HSA-975871,2/96,0.0695843256413094,0.2847993758559549,0,0,4.79110251450677,12.769322807684263,FOS;RPS27A
Reactome_2022,Early Phase Of HIV Life Cycle R-HSA-162594,1/16,0.0696452622180501,0.2847993758559549,0,0,14.902621722846442,39.70566015899566,CXCR4
Reactome_2022,Spry Regulation Of FGF Signaling R-HSA-1295596,1/16,0.0696452622180501,0.2847993758559549,0,0,14.902621722846442,39.70566015899566,RPS27A
Reactome_2022,TGF-beta Receptor Signaling In EMT (Epithelial To Mesenchymal Transition) R-HSA-2173791,1/16,0.0696452622180501,0.2847993758559549,0,0,14.902621722846442,39.70566015899566,RPS27A
Reactome_2022,TRAF6-mediated Induction Of TAK1 Complex Within TLR4 Complex R-HSA-937072,1/16,0.0696452622180501,0.2847993758559549,0,0,14.902621722846442,39.70566015899566,RPS27A
Reactome_2022,Translesion Synthesis By REV1 R-HSA-110312,1/16,0.0696452622180501,0.2847993758559549,0,0,14.902621722846442,39.70566015899566,RPS27A
Reactome_2022,Hyaluronan Metabolism R-HSA-2142845,1/16,0.0696452622180501,0.2847993758559549,0,0,14.902621722846442,39.70566015899566,CD44
Reactome_2022,VLDLR Internalisation And Degradation R-HSA-8866427,1/16,0.0696452622180501,0.2847993758559549,0,0,14.902621722846442,39.70566015899566,RPS27A
Reactome_2022,p75NTR Signals Via NF-kB R-HSA-193639,1/16,0.0696452622180501,0.2847993758559549,0,0,14.902621722846442,39.70566015899566,RPS27A
Reactome_2022,MAP3K8 (TPL2)-dependent MAPK1/3 Activation R-HSA-5684264,1/16,0.0696452622180501,0.2847993758559549,0,0,14.902621722846442,39.70566015899566,RPS27A
Reactome_2022,NRIF Signals Cell Death From Nucleus R-HSA-205043,1/16,0.0696452622180501,0.2847993758559549,0,0,14.902621722846442,39.70566015899566,RPS27A
Reactome_2022,Activation Of IRF3/IRF7 Mediated By TBK1/IKK Epsilon R-HSA-936964,1/17,0.0738352021932869,0.2879227568063487,0,0,13.970505617977528,36.406015342407166,RPS27A
Reactome_2022,FOXO-mediated Transcription Of Cell Cycle Genes R-HSA-9617828,1/17,0.0738352021932869,0.2879227568063487,0,0,13.970505617977528,36.406015342407166,BTG1
Reactome_2022,TNF Receptor Superfamily (TNFSF) Members Mediating Non-Canonical NF-kB Pathway R-HSA-5676594,1/17,0.0738352021932869,0.2879227568063487,0,0,13.970505617977528,36.406015342407166,LTB
Reactome_2022,Translesion Synthesis By POLI R-HSA-5656121,1/17,0.0738352021932869,0.2879227568063487,0,0,13.970505617977528,36.406015342407166,RPS27A
Reactome_2022,Translesion Synthesis By POLK R-HSA-5655862,1/17,0.0738352021932869,0.2879227568063487,0,0,13.970505617977528,36.406015342407166,RPS27A
Reactome_2022,TNFR2 Non-Canonical NF-kB Pathway R-HSA-5668541,2/100,0.0746819496854827,0.2879227568063487,0,0,4.594619666048238,11.920818158765336,LTB;RPS27A
Reactome_2022,TRAF6 Mediated Induction Of NFkB And MAP Kinases Upon TLR7/8 Or 9 Activation R-HSA-975138,2/101,0.0759746888867694,0.2879227568063487,0,0,4.547979797979798,11.721758631991952,FOS;RPS27A
Reactome_2022,MyD88 Dependent Cascade Initiated On Endosome R-HSA-975155,2/102,0.0772745814186409,0.2879227568063487,0,0,4.502272727272727,11.527575003549444,FOS;RPS27A
Reactome_2022,Assembly Of HIV Virion R-HSA-175474,1/18,0.0780064813617029,0.2879227568063487,0,0,13.148050231328488,33.54019441349092,RPS27A
Reactome_2022,Regulation Of NF-kappa B Signaling R-HSA-9758274,1/18,0.0780064813617029,0.2879227568063487,0,0,13.148050231328488,33.54019441349092,RPS27A
Reactome_2022,Constitutive Signaling By Ligand-Responsive EGFR Cancer Variants R-HSA-1236382,1/18,0.0780064813617029,0.2879227568063487,0,0,13.148050231328488,33.54019441349092,RPS27A
Reactome_2022,Toll Like Receptor 3 (TLR3) Cascade R-HSA-168164,2/103,0.0785815384296803,0.2879227568063487,0,0,4.457470747074708,11.338104998256958,FOS;RPS27A
Reactome_2022,Toll Like Receptor 7/8 (TLR7/8) Cascade R-HSA-168181,2/103,0.0785815384296803,0.2879227568063487,0,0,4.457470747074708,11.338104998256958,FOS;RPS27A
Reactome_2022,Regulation Of TP53 Activity Thru Methylation R-HSA-6804760,1/19,0.0821591818596334,0.2908085710304747,0,0,12.41697877652934,31.031230328063536,RPS27A
Reactome_2022,"TICAM1, RIP1-mediated IKK Complex Recruitment R-HSA-168927",1/19,0.0821591818596334,0.2908085710304747,0,0,12.41697877652934,31.031230328063536,RPS27A
Reactome_2022,Translesion Synthesis By POLH R-HSA-110320,1/19,0.0821591818596334,0.2908085710304747,0,0,12.41697877652934,31.031230328063536,RPS27A
Reactome_2022,Listeria Monocytogenes Entry Into Host Cells R-HSA-8876384,1/19,0.0821591818596334,0.2908085710304747,0,0,12.41697877652934,31.031230328063536,RPS27A
Reactome_2022,Toll Like Receptor 9 (TLR9) Cascade R-HSA-168138,2/106,0.0825439175414011,0.2908085710304747,0,0,4.328234265734266,10.79645486428892,FOS;RPS27A
Reactome_2022,Interleukin-4 And Interleukin-13 Signaling R-HSA-6785807,2/107,0.0838782567932498,0.2910321334190032,0,0,4.286796536796537,10.62434876179719,FOS;VIM
Reactome_2022,MyD88-independent TLR4 Cascade R-HSA-166166,2/107,0.0838782567932498,0.2910321334190032,0,0,4.286796536796537,10.62434876179719,FOS;RPS27A
Reactome_2022,HIV Infection R-HSA-162906,3/229,0.0845150843462957,0.2910369069970184,0,0,3.003356728715288,7.420769632788919,NPM1;CXCR4;RPS27A
Reactome_2022,Regulation Of FZD By Ubiquitination R-HSA-4641263,1/20,0.0862933855050247,0.2949430638903083,0,0,11.762862211709049,28.81903981668561,RPS27A
Reactome_2022,ER Quality Control Compartment (ERQC) R-HSA-901032,1/21,0.0904091737202407,0.2986809357914843,0,0,11.174157303370787,26.85607623674241,RPS27A
Reactome_2022,TP53 Regulates Transcription Of Additional Cell Cycle Genes With Uncertain Roles In P53 Pathway R-HSA-6804115,1/21,0.0904091737202407,0.2986809357914843,0,0,11.174157303370787,26.85607623674241,NPM1
Reactome_2022,NOTCH2 Activation And Transmission Of Signal To Nucleus R-HSA-2979096,1/21,0.0904091737202407,0.2986809357914843,0,0,11.174157303370787,26.85607623674241,RPS27A
Reactome_2022,Negative Regulation Of MET Activity R-HSA-6807004,1/21,0.0904091737202407,0.2986809357914843,0,0,11.174157303370787,26.85607623674241,RPS27A
Reactome_2022,MyD88:MAL(TIRAP) Cascade Initiated On Plasma Membrane R-HSA-166058,2/112,0.0906477075873718,0.2986809357914843,0,0,4.090909090909091,9.821350762005649,FOS;RPS27A
Reactome_2022,Macroautophagy R-HSA-1632852,2/114,0.0933995444334485,0.3055499382179958,0,0,4.017451298701299,9.524849985190142,TOMM7;RPS27A
Reactome_2022,Response Of Mtb To Phagocytosis R-HSA-9637690,1/22,0.0945066276095651,0.3057023207803981,0,0,10.64151952915998,25.10425243464053,RPS27A
Reactome_2022,Immune System R-HSA-168256,13/1943,0.0947810688882457,0.3057023207803981,0,0,1.5728416661059148,3.705906861063255,IL32;RPLP0;FOS;CD3E;CD3D;EEF1A1;CD8A;COTL1;LTB;VIM;RPS27A;IL7R;CD44
Reactome_2022,RHOBTB1 GTPase Cycle R-HSA-9013422,1/23,0.0985858279282814,0.311339467645583,0,0,10.157303370786517,23.53272242311733,VIM
Reactome_2022,IKK Complex Recruitment Mediated By RIP1 R-HSA-937041,1/23,0.0985858279282814,0.311339467645583,0,0,10.157303370786517,23.53272242311733,RPS27A
Reactome_2022,APC/C:Cdc20 Mediated Degradation Of Cyclin B R-HSA-174048,1/24,0.1026468550534564,0.311339467645583,0,0,9.715192965315095,22.1162556930706,RPS27A
Reactome_2022,Other Interleukin Signaling R-HSA-449836,1/24,0.1026468550534564,0.311339467645583,0,0,9.715192965315095,22.1162556930706,IL32
Reactome_2022,Aggrephagy R-HSA-9646399,1/24,0.1026468550534564,0.311339467645583,0,0,9.715192965315095,22.1162556930706,RPS27A
Reactome_2022,Signaling By EGFR In Cancer R-HSA-1643713,1/24,0.1026468550534564,0.311339467645583,0,0,9.715192965315095,22.1162556930706,RPS27A
Reactome_2022,Estrogen-dependent Nuclear Events Downstream Of ESR-membrane Signaling R-HSA-9634638,1/24,0.1026468550534564,0.311339467645583,0,0,9.715192965315095,22.1162556930706,FOS
Reactome_2022,Glycogen Metabolism R-HSA-8982491,1/24,0.1026468550534564,0.311339467645583,0,0,9.715192965315095,22.1162556930706,RPS27A
Reactome_2022,mTORC1-mediated Signaling R-HSA-166208,1/24,0.1026468550534564,0.311339467645583,0,0,9.715192965315095,22.1162556930706,RPS6
Reactome_2022,Gap-filling DNA Repair Synthesis And Ligation In GG-NER R-HSA-5696397,1/25,0.1066897890566922,0.3152511186320326,0,0,9.30992509363296,20.83402802388539,RPS27A
Reactome_2022,Inactivation Of CSF3 (G-CSF) Signaling R-HSA-9705462,1/25,0.1066897890566922,0.3152511186320326,0,0,9.30992509363296,20.83402802388539,RPS27A
Reactome_2022,Interleukin-7 Signaling R-HSA-1266695,1/25,0.1066897890566922,0.3152511186320326,0,0,9.30992509363296,20.83402802388539,IL7R
Reactome_2022,NOTCH3 Activation And Transmission Of Signal To Nucleus R-HSA-9013507,1/25,0.1066897890566922,0.3152511186320326,0,0,9.30992509363296,20.83402802388539,RPS27A
Reactome_2022,APC-Cdc20 Mediated Degradation Of Nek2A R-HSA-179409,1/26,0.110714709599323,0.3189140691603142,0,0,8.937078651685393,19.66870991707492,RPS27A
Reactome_2022,Calnexin/calreticulin Cycle R-HSA-901042,1/26,0.110714709599323,0.3189140691603142,0,0,8.937078651685393,19.66870991707492,RPS27A
Reactome_2022,Downregulation Of TGF-beta Receptor Signaling R-HSA-2173788,1/26,0.110714709599323,0.3189140691603142,0,0,8.937078651685393,19.66870991707492,RPS27A
Reactome_2022,Infection With Mycobacterium Tuberculosis R-HSA-9635486,1/26,0.110714709599323,0.3189140691603142,0,0,8.937078651685393,19.66870991707492,RPS27A
Reactome_2022,FLT3 Signaling In Disease R-HSA-9682385,1/27,0.1147216960468249,0.3264476204322767,0,0,8.592912705272257,18.605770877493573,RPS27A
Reactome_2022,Fc Epsilon Receptor (FCERI) Signaling R-HSA-2454202,2/130,0.1162320888068397,0.3264476204322767,0,0,3.512428977272727,7.559331350371381,FOS;RPS27A
Reactome_2022,Host Interactions Of HIV Factors R-HSA-162909,2/130,0.1162320888068397,0.3264476204322767,0,0,3.512428977272727,7.559331350371381,NPM1;RPS27A
Reactome_2022,Cell Surface Interactions At Vascular Wall R-HSA-202733,2/134,0.1221450407568984,0.3264476204322767,0,0,3.4053030303030303,7.159806543428224,CD2;CD44
Reactome_2022,Budding And Maturation Of HIV Virion R-HSA-162588,1/29,0.1226821823509282,0.3264476204322767,0,0,7.978330658105939,16.73979950106851,RPS27A
Reactome_2022,Regulation Of Necroptotic Cell Death R-HSA-5675482,1/29,0.1226821823509282,0.3264476204322767,0,0,7.978330658105939,16.73979950106851,RPS27A
Reactome_2022,Downregulation Of ERBB2 Signaling R-HSA-8863795,1/29,0.1226821823509282,0.3264476204322767,0,0,7.978330658105939,16.73979950106851,RPS27A
Reactome_2022,FCERI Mediated MAPK Activation R-HSA-2871796,1/29,0.1226821823509282,0.3264476204322767,0,0,7.978330658105939,16.73979950106851,FOS
Reactome_2022,HSF1 Activation R-HSA-3371511,1/29,0.1226821823509282,0.3264476204322767,0,0,7.978330658105939,16.73979950106851,EEF1A1
Reactome_2022,Negative Regulation Of FGFR3 Signaling R-HSA-5654732,1/29,0.1226821823509282,0.3264476204322767,0,0,7.978330658105939,16.73979950106851,RPS27A
Reactome_2022,Recognition Of DNA Damage By PCNA-containing Replication Complex R-HSA-110314,1/30,0.1266358392018219,0.3264476204322767,0,0,7.702828361100349,15.917430476118057,RPS27A
Reactome_2022,Signaling By CSF3 (G-CSF) R-HSA-9674555,1/30,0.1266358392018219,0.3264476204322767,0,0,7.702828361100349,15.917430476118057,RPS27A
Reactome_2022,Endosomal Sorting Complex Required For Transport (ESCRT) R-HSA-917729,1/30,0.1266358392018219,0.3264476204322767,0,0,7.702828361100349,15.917430476118057,RPS27A
Reactome_2022,Synthesis Of Active Ubiquitin: Roles Of E1 And E2 Enzymes R-HSA-8866652,1/30,0.1266358392018219,0.3264476204322767,0,0,7.702828361100349,15.917430476118057,RPS27A
Reactome_2022,Translation Of Structural Proteins R-HSA-9683701,1/30,0.1266358392018219,0.3264476204322767,0,0,7.702828361100349,15.917430476118057,RPS27A
Reactome_2022,MAPK Targets/ Nuclear Events Mediated By MAP Kinases R-HSA-450282,1/30,0.1266358392018219,0.3264476204322767,0,0,7.702828361100349,15.917430476118057,FOS
Reactome_2022,Activated NOTCH1 Transmits Signal To Nucleus R-HSA-2122948,1/31,0.1305718759262102,0.3264476204322767,0,0,7.4456928838951315,15.158175594574578,RPS27A
Reactome_2022,Pyruvate Metabolism R-HSA-70268,1/31,0.1305718759262102,0.3264476204322767,0,0,7.4456928838951315,15.158175594574578,LDHB
Reactome_2022,RIPK1-mediated Regulated Necrosis R-HSA-5213460,1/31,0.1305718759262102,0.3264476204322767,0,0,7.4456928838951315,15.158175594574578,RPS27A
Reactome_2022,Downregulation Of SMAD2/3:SMAD4 Transcriptional Activity R-HSA-2173795,1/31,0.1305718759262102,0.3264476204322767,0,0,7.4456928838951315,15.158175594574578,RPS27A
Reactome_2022,EGFR Downregulation R-HSA-182971,1/31,0.1305718759262102,0.3264476204322767,0,0,7.4456928838951315,15.158175594574578,RPS27A
Reactome_2022,Late Endosomal Microautophagy R-HSA-9615710,1/31,0.1305718759262102,0.3264476204322767,0,0,7.4456928838951315,15.158175594574578,RPS27A
Reactome_2022,Metalloprotease DUBs R-HSA-5689901,1/31,0.1305718759262102,0.3264476204322767,0,0,7.4456928838951315,15.158175594574578,RPS27A
Reactome_2022,Negative Regulation Of FGFR4 Signaling R-HSA-5654733,1/31,0.1305718759262102,0.3264476204322767,0,0,7.4456928838951315,15.158175594574578,RPS27A
Reactome_2022,Toll Like Receptor 4 (TLR4) Cascade R-HSA-166016,2/140,0.1311492623570718,0.3264476204322767,0,0,3.256258234519104,6.614825488339663,FOS;RPS27A
Reactome_2022,Signaling By NOTCH2 R-HSA-1980145,1/32,0.1344903701998104,0.3311644599543719,0,0,7.205146792316056,14.455417109965223,RPS27A
Reactome_2022,Termination Of Translesion DNA Synthesis R-HSA-5656169,1/32,0.1344903701998104,0.3311644599543719,0,0,7.205146792316056,14.455417109965223,RPS27A
Reactome_2022,Oncogene Induced Senescence R-HSA-2559585,1/33,0.1383913992758976,0.3335961098334796,0,0,6.979634831460674,13.803410101555848,RPS27A
Reactome_2022,Diseases Of Carbohydrate Metabolism R-HSA-5663084,1/33,0.1383913992758976,0.3335961098334796,0,0,6.979634831460674,13.803410101555848,RPS27A
Reactome_2022,Striated Muscle Contraction R-HSA-390522,1/33,0.1383913992758976,0.3335961098334796,0,0,6.979634831460674,13.803410101555848,VIM
Reactome_2022,Negative Regulation Of FGFR1 Signaling R-HSA-5654726,1/33,0.1383913992758976,0.3335961098334796,0,0,6.979634831460674,13.803410101555848,RPS27A
Reactome_2022,Negative Regulation Of FGFR2 Signaling R-HSA-5654727,1/34,0.1422750401804758,0.3363454634605958,0,0,6.7677902621722845,13.197144936653295,RPS27A
Reactome_2022,Nuclear Import Of Rev Protein R-HSA-180746,1/34,0.1422750401804758,0.3363454634605958,0,0,6.7677902621722845,13.197144936653295,NPM1
Reactome_2022,HIV Life Cycle R-HSA-162587,2/149,0.144929913154432,0.3363454634605958,0,0,3.0555040197897343,5.90172132526934,CXCR4;RPS27A
Reactome_2022,Plasma Lipoprotein Clearance R-HSA-8964043,1/35,0.1461413694948877,0.3363454634605958,0,0,6.568407138136154,12.63223476754404,RPS27A
Reactome_2022,RHOBTB GTPase Cycle R-HSA-9706574,1/35,0.1461413694948877,0.3363454634605958,0,0,6.568407138136154,12.63223476754404,VIM
Reactome_2022,Regulation Of TNFR1 Signaling R-HSA-5357905,1/35,0.1461413694948877,0.3363454634605958,0,0,6.568407138136154,12.63223476754404,RPS27A
Reactome_2022,Gene And Protein Expression By JAK-STAT Signaling After Interleukin-12 Stimulation R-HSA-8950505,1/35,0.1461413694948877,0.3363454634605958,0,0,6.568407138136154,12.63223476754404,RPLP0
Reactome_2022,N-glycan Trimming In ER And Calnexin/Calreticulin Cycle R-HSA-532668,1/35,0.1461413694948877,0.3363454634605958,0,0,6.568407138136154,12.63223476754404,RPS27A
Reactome_2022,Negative Regulators Of DDX58/IFIH1 Signaling R-HSA-936440,1/35,0.1461413694948877,0.3363454634605958,0,0,6.568407138136154,12.63223476754404,RPS27A
Reactome_2022,Regulation Of TP53 Degradation R-HSA-6804757,1/36,0.1499904635419038,0.3400773876346135,0,0,6.380417335473515,12.10482289581807,RPS27A
Reactome_2022,SMAD2/SMAD3:SMAD4 Heterotrimer Regulates Transcription R-HSA-2173796,1/36,0.1499904635419038,0.3400773876346135,0,0,6.380417335473515,12.10482289581807,RPS27A
Reactome_2022,Transcriptional Regulation By AP-2 (TFAP2) Family Of Transcription Factors R-HSA-8864260,1/36,0.1499904635419038,0.3400773876346135,0,0,6.380417335473515,12.10482289581807,NPM1
Reactome_2022,Regulation Of TP53 Expression And Degradation R-HSA-6806003,1/37,0.1538223982902694,0.3419934874608902,0,0,6.202871410736579,11.611506075891745,RPS27A
Reactome_2022,DNA Damage Recognition In GG-NER R-HSA-5696394,1/37,0.1538223982902694,0.3419934874608902,0,0,6.202871410736579,11.611506075891745,RPS27A
Reactome_2022,FLT3 Signaling R-HSA-9607240,1/37,0.1538223982902694,0.3419934874608902,0,0,6.202871410736579,11.611506075891745,RPS27A
Reactome_2022,Interactions Of Rev With Host Cellular Proteins R-HSA-177243,1/37,0.1538223982902694,0.3419934874608902,0,0,6.202871410736579,11.611506075891745,NPM1
Reactome_2022,Apoptotic Cleavage Of Cellular Proteins R-HSA-111465,1/38,0.1576372493729139,0.3471050971768971,0,0,6.034922563012451,11.149270649082617,VIM
Reactome_2022,Fanconi Anemia Pathway R-HSA-6783310,1/38,0.1576372493729139,0.3471050971768971,0,0,6.034922563012451,11.149270649082617,RPS27A
Reactome_2022,Ovarian Tumor Domain Proteases R-HSA-5689896,1/39,0.1614350921075684,0.3487607178550299,0,0,5.875813128326434,10.715439089115144,RPS27A
Reactome_2022,Signaling By FGFR3 R-HSA-5654741,1/39,0.1614350921075684,0.3487607178550299,0,0,5.875813128326434,10.715439089115144,RPS27A
Reactome_2022,Translesion Synthesis By Y Family DNA Polymerases Bypasses Lesions On DNA Template R-HSA-110313,1/39,0.1614350921075684,0.3487607178550299,0,0,5.875813128326434,10.715439089115144,RPS27A
Reactome_2022,NGF-stimulated Transcription R-HSA-9031628,1/39,0.1614350921075684,0.3487607178550299,0,0,5.875813128326434,10.715439089115144,FOS
Reactome_2022,Signaling By FGFR4 R-HSA-5654743,1/40,0.1652160014686511,0.3538399287150735,0,0,5.724863151829444,10.30762504364516,RPS27A
Reactome_2022,Toll-like Receptor Cascades R-HSA-168898,2/162,0.1653313204039863,0.3538399287150735,0,0,2.805397727272727,5.049165534873955,FOS;RPS27A
Reactome_2022,Protein Localization R-HSA-9609507,2/164,0.1685148043562704,0.3550131369975285,0,0,2.770482603815937,4.9334861231301605,TOMM7;RPS27A
Reactome_2022,Dual Incision In GG-NER R-HSA-5696400,1/41,0.1689800521079939,0.3550131369975285,0,0,5.581460674157303,9.92369534242351,RPS27A
Reactome_2022,MTOR Signaling R-HSA-165159,1/41,0.1689800521079939,0.3550131369975285,0,0,5.581460674157303,9.92369534242351,RPS6
Reactome_2022,Negative Regulation Of MAPK Pathway R-HSA-5675221,1/41,0.1689800521079939,0.3550131369975285,0,0,5.581460674157303,9.92369534242351,RPS27A
Reactome_2022,Cellular Senescence R-HSA-2559583,2/165,0.1701105682549753,0.3557563482227338,0,0,2.753346346904629,4.877020699122948,FOS;RPS27A
Reactome_2022,Deactivation Of Beta-Catenin Transactivating Complex R-HSA-3769402,1/42,0.1727273183444105,0.3579597819083258,0,0,5.445053439298438,9.561737753764,RPS27A
Reactome_2022,Formation Of Incision Complex In GG-NER R-HSA-5696395,1/42,0.1727273183444105,0.3579597819083258,0,0,5.445053439298438,9.561737753764,RPS27A
Reactome_2022,SUMOylation Of Transcription Cofactors R-HSA-3899300,1/43,0.1764578741938549,0.3640437224359709,0,0,5.3151417870519,9.220033503106164,NPM1
Reactome_2022,Separation Of Sister Chromatids R-HSA-2467813,2/170,0.1781274061543825,0.3651269086337647,0,0,2.6707251082251084,4.607685104382332,RPS27;RPS27A
Reactome_2022,TGF-beta Receptor Signaling Activates SMADs R-HSA-2173789,1/44,0.1801717933432987,0.3651269086337647,0,0,5.191272537235433,8.89703376024248,RPS27A
Reactome_2022,TNF Signaling R-HSA-75893,1/44,0.1801717933432987,0.3651269086337647,0,0,5.191272537235433,8.89703376024248,RPS27A
Reactome_2022,Interleukin-12 Signaling R-HSA-9020591,1/44,0.1801717933432987,0.3651269086337647,0,0,5.191272537235433,8.89703376024248,RPLP0
Reactome_2022,TAK1-dependent IKK And NF-kappa-B Activation R-HSA-445989,1/45,0.1838691491236021,0.3709782832537876,0,0,5.073033707865169,8.591339444627149,RPS27A
Reactome_2022,Apoptosis R-HSA-109581,2/178,0.1910732073234378,0.3812179698853241,0,0,2.5482954545454546,4.217680341019934,VIM;RPS27A
Reactome_2022,Cyclin D Associated Events In G1 R-HSA-69231,1/47,0.1912144625245652,0.3812179698853241,0,0,4.851978505129458,8.026917415006537,RPS27A
Reactome_2022,DNA Damage Bypass R-HSA-73893,1/48,0.1948625652247878,0.3812179698853241,0,0,4.748505857040402,7.765995010266912,RPS27A
Reactome_2022,NOTCH1 Intracellular Domain Regulates Transcription R-HSA-2122947,1/48,0.1948625652247878,0.3812179698853241,0,0,4.748505857040402,7.765995010266912,RPS27A
Reactome_2022,RMTs Methylate Histone Arginines R-HSA-3214858,1/49,0.1984943948760389,0.3812179698853241,0,0,4.64934456928839,7.517964209639377,RPS2
Reactome_2022,Regulation Of Activated PAK-2p34 By Proteasome Mediated Degradation R-HSA-211733,1/49,0.1984943948760389,0.3812179698853241,0,0,4.64934456928839,7.517964209639377,RPS27A
Reactome_2022,Signaling By EGFR R-HSA-177929,1/49,0.1984943948760389,0.3812179698853241,0,0,4.64934456928839,7.517964209639377,RPS27A
Reactome_2022,Signaling By ERBB2 R-HSA-1227986,1/49,0.1984943948760389,0.3812179698853241,0,0,4.64934456928839,7.517964209639377,RPS27A
Reactome_2022,Signaling By FGFR1 R-HSA-5654736,1/49,0.1984943948760389,0.3812179698853241,0,0,4.64934456928839,7.517964209639377,RPS27A
Reactome_2022,Signaling By NOTCH3 R-HSA-9012852,1/49,0.1984943948760389,0.3812179698853241,0,0,4.64934456928839,7.517964209639377,RPS27A
Reactome_2022,TP53 Regulates Transcription Of Cell Cycle Genes R-HSA-6791312,1/49,0.1984943948760389,0.3812179698853241,0,0,4.64934456928839,7.517964209639377,NPM1
Reactome_2022,Autodegradation Of E3 Ubiquitin Ligase COP1 R-HSA-349425,1/51,0.2057095216796026,0.3812179698853241,0,0,4.462921348314607,7.057173765743081,RPS27A
Reactome_2022,GSK3B And BTRC:CUL1-mediated-degradation Of NFE2L2 R-HSA-9762114,1/51,0.2057095216796026,0.3812179698853241,0,0,4.462921348314607,7.057173765743081,RPS27A
Reactome_2022,Transcriptional Activity Of SMAD2/SMAD3:SMAD4 Heterotrimer R-HSA-2173793,1/51,0.2057095216796026,0.3812179698853241,0,0,4.462921348314607,7.057173765743081,RPS27A
Reactome_2022,Ubiquitin Mediated Degradation Of Phosphorylated Cdc25A R-HSA-69601,1/51,0.2057095216796026,0.3812179698853241,0,0,4.462921348314607,7.057173765743081,RPS27A
Reactome_2022,Ubiquitin-dependent Degradation Of Cyclin D R-HSA-75815,1/51,0.2057095216796026,0.3812179698853241,0,0,4.462921348314607,7.057173765743081,RPS27A
Reactome_2022,Vpu Mediated Degradation Of CD4 R-HSA-180534,1/51,0.2057095216796026,0.3812179698853241,0,0,4.462921348314607,7.057173765743081,RPS27A
Reactome_2022,Apoptotic Execution Phase R-HSA-75153,1/52,0.2092929614392761,0.3812179698853241,0,0,4.375192773738709,6.842890223310539,VIM
Reactome_2022,Regulation Of Apoptosis R-HSA-169911,1/52,0.2092929614392761,0.3812179698853241,0,0,4.375192773738709,6.842890223310539,RPS27A
Reactome_2022,SARS-CoV-1 Infection R-HSA-9678108,1/52,0.2092929614392761,0.3812179698853241,0,0,4.375192773738709,6.842890223310539,RPS27A
Reactome_2022,Signaling By Non-Receptor Tyrosine Kinases R-HSA-9006927,1/52,0.2092929614392761,0.3812179698853241,0,0,4.375192773738709,6.842890223310539,RPS27A
Reactome_2022,Formation Of TC-NER Pre-Incision Complex R-HSA-6781823,1/52,0.2092929614392761,0.3812179698853241,0,0,4.375192773738709,6.842890223310539,RPS27A
Reactome_2022,Deposition Of New CENPA-containing Nucleosomes At Centromere R-HSA-606279,1/53,0.2128604133864499,0.3812179698853241,0,0,4.290838375108038,6.638436135680968,NPM1
Reactome_2022,Vif-mediated Degradation Of APOBEC3G R-HSA-180585,1/53,0.2128604133864499,0.3812179698853241,0,0,4.290838375108038,6.638436135680968,RPS27A
Reactome_2022,Negative Regulation Of NOTCH4 Signaling R-HSA-9604323,1/53,0.2128604133864499,0.3812179698853241,0,0,4.290838375108038,6.638436135680968,RPS27A
Reactome_2022,Transcriptional Regulation By TP53 R-HSA-3700989,3/354,0.2136338824112293,0.3812179698853241,0,0,1.9215050594360936,2.965826839729049,NPM1;FOS;RPS27A
Reactome_2022,AUF1 (hnRNP D0) Binds And Destabilizes mRNA R-HSA-450408,1/54,0.2164119479698346,0.3812179698853241,0,0,4.209667161331355,6.443196670460662,RPS27A
Reactome_2022,Pyruvate Metabolism And Citric Acid (TCA) Cycle R-HSA-71406,1/54,0.2164119479698346,0.3812179698853241,0,0,4.209667161331355,6.443196670460662,LDHB
Reactome_2022,Regulation Of RUNX3 Expression And Activity R-HSA-8941858,1/54,0.2164119479698346,0.3812179698853241,0,0,4.209667161331355,6.443196670460662,RPS27A
Reactome_2022,SCF-beta-TrCP Mediated Degradation Of Emi1 R-HSA-174113,1/54,0.2164119479698346,0.3812179698853241,0,0,4.209667161331355,6.443196670460662,RPS27A
Reactome_2022,Degradation Of AXIN R-HSA-4641257,1/54,0.2164119479698346,0.3812179698853241,0,0,4.209667161331355,6.443196670460662,RPS27A
Reactome_2022,FBXL7 Down-Regulates AURKA During Mitotic Entry And In Early Mitosis R-HSA-8854050,1/54,0.2164119479698346,0.3812179698853241,0,0,4.209667161331355,6.443196670460662,RPS27A
Reactome_2022,Interleukin-12 Family Signaling R-HSA-447115,1/54,0.2164119479698346,0.3812179698853241,0,0,4.209667161331355,6.443196670460662,RPLP0
Reactome_2022,Degradation Of DVL R-HSA-4641258,1/55,0.2199476354622725,0.3844886146630565,0,0,4.13150228880566,6.2566056927165485,RPS27A
Reactome_2022,Hh Mutants Are Degraded By ERAD R-HSA-5362768,1/55,0.2199476354622725,0.3844886146630565,0,0,4.13150228880566,6.2566056927165485,RPS27A
Reactome_2022,Chemokine Receptors Bind Chemokines R-HSA-380108,1/56,0.2234675457757763,0.3854009178915478,0,0,4.056179775280899,6.078141118146931,CXCR4
Reactome_2022,E3 Ubiquitin Ligases Ubiquitinate Target Proteins R-HSA-8866654,1/56,0.2234675457757763,0.3854009178915478,0,0,4.056179775280899,6.078141118146931,RPS27A
Reactome_2022,Stabilization Of P53 R-HSA-69541,1/56,0.2234675457757763,0.3854009178915478,0,0,4.056179775280899,6.078141118146931,RPS27A
Reactome_2022,Regulated Necrosis R-HSA-5218859,1/57,0.2269717485185938,0.3854009178915478,0,0,3.98354735152488,5.9073207789643725,RPS27A
Reactome_2022,Signaling By ERBB4 R-HSA-1236394,1/57,0.2269717485185938,0.3854009178915478,0,0,3.98354735152488,5.9073207789643725,RPS27A
Reactome_2022,Interferon Signaling R-HSA-913531,2/200,0.2272373036176318,0.3854009178915478,0,0,2.2626262626262625,3.352670034774279,RPS27A;CD44
Reactome_2022,Constitutive Signaling By NOTCH1 HD+PEST Domain Mutants R-HSA-2894862,1/58,0.2304603130047223,0.3854009178915478,0,0,3.9134634338655623,5.743698742935734,RPS27A
Reactome_2022,Hh Mutants Abrogate Ligand Secretion R-HSA-5387390,1/58,0.2304603130047223,0.3854009178915478,0,0,3.9134634338655623,5.743698742935734,RPS27A
Reactome_2022,Late SARS-CoV-2 Infection Events R-HSA-9772573,1/58,0.2304603130047223,0.3854009178915478,0,0,3.9134634338655623,5.743698742935734,RPS27A
Reactome_2022,NIK To Noncanonical NF-kB Signaling R-HSA-5676590,1/58,0.2304603130047223,0.3854009178915478,0,0,3.9134634338655623,5.743698742935734,RPS27A
Reactome_2022,SCF(Skp2)-mediated Degradation Of P27/P21 R-HSA-187577,1/59,0.2339333082398478,0.3854009178915478,0,0,3.845796203022085,5.586862028677747,RPS27A
Reactome_2022,Degradation Of GLI1 By Proteasome R-HSA-5610780,1/59,0.2339333082398478,0.3854009178915478,0,0,3.845796203022085,5.586862028677747,RPS27A
Reactome_2022,Degradation Of GLI2 By Proteasome R-HSA-5610783,1/59,0.2339333082398478,0.3854009178915478,0,0,3.845796203022085,5.586862028677747,RPS27A
Reactome_2022,GLI3 Is Processed To GLI3R By Proteasome R-HSA-5610785,1/59,0.2339333082398478,0.3854009178915478,0,0,3.845796203022085,5.586862028677747,RPS27A
Reactome_2022,Role Of GTSE1 In G2/M Progression After G2 Checkpoint R-HSA-8852276,1/59,0.2339333082398478,0.3854009178915478,0,0,3.845796203022085,5.586862028677747,RPS27A
Reactome_2022,Iron Uptake And Transport R-HSA-917937,1/59,0.2339333082398478,0.3854009178915478,0,0,3.845796203022085,5.586862028677747,RPS27A
Reactome_2022,Recruitment And ATM-mediated Phosphorylation Of Repair And Signal Proteins At DNA Double Strand Breaks R-HSA-5693565,1/60,0.2373908029451353,0.3883035276745427,0,0,3.780422776613978,5.436427667682463,RPS27A
Reactome_2022,Defective CFTR Causes Cystic Fibrosis R-HSA-5678895,1/60,0.2373908029451353,0.3883035276745427,0,0,3.780422776613978,5.436427667682463,RPS27A
Reactome_2022,Programmed Cell Death R-HSA-5357801,2/208,0.2405234744535133,0.3883853957925639,0,0,2.1738746690203,3.097635726019082,VIM;RPS27A
Reactome_2022,DNA Double Strand Break Response R-HSA-5693606,1/61,0.2408328655132929,0.3883853957925639,0,0,3.717228464419476,5.292040073013568,RPS27A
Reactome_2022,Dectin-1 Mediated Noncanonical NF-kB Signaling R-HSA-5607761,1/61,0.2408328655132929,0.3883853957925639,0,0,3.717228464419476,5.292040073013568,RPS27A
Reactome_2022,Nuclear Events (Kinase And Transcription Factor Activation) R-HSA-198725,1/61,0.2408328655132929,0.3883853957925639,0,0,3.717228464419476,5.292040073013568,FOS
Reactome_2022,Asymmetric Localization Of PCP Proteins R-HSA-4608870,1/62,0.2442595640174295,0.3910646095248048,0,0,3.656106096887088,5.153368676440941,RPS27A
Reactome_2022,TP53 Regulates Transcription Of DNA Repair Genes R-HSA-6796648,1/62,0.2442595640174295,0.3910646095248048,0,0,3.656106096887088,5.153368676440941,FOS
Reactome_2022,Peroxisomal Protein Import R-HSA-9033241,1/63,0.2476709663399594,0.3910646095248048,0,0,3.596955418629938,5.0201058018218685,RPS27A
Reactome_2022,Autodegradation Of Cdh1 By Cdh1:APC/C R-HSA-174084,1/63,0.2476709663399594,0.3910646095248048,0,0,3.596955418629938,5.0201058018218685,RPS27A
Reactome_2022,Cytosolic Sensors Of Pathogen-Associated DNA R-HSA-1834949,1/63,0.2476709663399594,0.3910646095248048,0,0,3.596955418629938,5.0201058018218685,RPS27A
Reactome_2022,Signaling By MET R-HSA-6806834,1/63,0.2476709663399594,0.3910646095248048,0,0,3.596955418629938,5.0201058018218685,RPS27A
Reactome_2022,Oxygen-dependent Proline Hydroxylation Of Hypoxia-inducible Factor Alpha R-HSA-1234176,1/64,0.2510671399617442,0.3910646095248048,0,0,3.5396825396825395,4.891964754257599,RPS27A
Reactome_2022,Gap-filling DNA Repair Synthesis And Ligation In TC-NER R-HSA-6782210,1/64,0.2510671399617442,0.3910646095248048,0,0,3.5396825396825395,4.891964754257599,RPS27A
Reactome_2022,Hedgehog Ligand Biogenesis R-HSA-5358346,1/64,0.2510671399617442,0.3910646095248048,0,0,3.5396825396825395,4.891964754257599,RPS27A
Reactome_2022,Regulation Of RAS By GAPs R-HSA-5658442,1/65,0.2544481520488905,0.3910646095248048,0,0,3.484199438202247,4.768678091480191,RPS27A
Reactome_2022,Dual Incision In TC-NER R-HSA-6782135,1/65,0.2544481520488905,0.3910646095248048,0,0,3.484199438202247,4.768678091480191,RPS27A
Reactome_2022,FOXO-mediated Transcription R-HSA-9614085,1/65,0.2544481520488905,0.3910646095248048,0,0,3.484199438202247,4.768678091480191,BTG1
Reactome_2022,p53-Dependent G1 DNA Damage Response R-HSA-69563,1/65,0.2544481520488905,0.3910646095248048,0,0,3.484199438202247,4.768678091480191,RPS27A
Reactome_2022,Mitochondrial Protein Import R-HSA-1268020,1/65,0.2544481520488905,0.3910646095248048,0,0,3.484199438202247,4.768678091480191,TOMM7
Reactome_2022,Activation Of NF-kappaB In B Cells R-HSA-1169091,1/66,0.2578140696494449,0.3934656294657661,0,0,3.4304235090751947,4.649996060068758,RPS27A
Reactome_2022,Integrin Cell Surface Interactions R-HSA-216083,1/66,0.2578140696494449,0.3934656294657661,0,0,3.4304235090751947,4.649996060068758,CD44
Reactome_2022,APC/C:Cdc20 Mediated Degradation Of Securin R-HSA-174154,1/67,0.2611649592960544,0.3934656294657661,0,0,3.378277153558052,4.535685187649395,RPS27A
Reactome_2022,Regulation Of PTEN Stability And Activity R-HSA-8948751,1/67,0.2611649592960544,0.3934656294657661,0,0,3.378277153558052,4.535685187649395,RPS27A
Reactome_2022,G1/S DNA Damage Checkpoints R-HSA-69615,1/67,0.2611649592960544,0.3934656294657661,0,0,3.378277153558052,4.535685187649395,RPS27A
Reactome_2022,HDR Thru Homologous Recombination (HRR) R-HSA-5685942,1/67,0.2611649592960544,0.3934656294657661,0,0,3.378277153558052,4.535685187649395,RPS27A
Reactome_2022,Orc1 Removal From Chromatin R-HSA-68949,1/69,0.2678219199124673,0.4008576448363072,0,0,3.278585591539987,4.319316842679073,RPS27A
Reactome_2022,Circadian Clock R-HSA-400253,1/69,0.2678219199124673,0.4008576448363072,0,0,3.278585591539987,4.319316842679073,RPS27A
Reactome_2022,"Plasma Lipoprotein Assembly, Remodeling, And Clearance R-HSA-174824",1/71,0.274419561233215,0.4072118668951026,0,0,3.184590690208668,4.117984981030954,RPS27A
Reactome_2022,CDK-mediated Phosphorylation And Removal Of Cdc6 R-HSA-69017,1/72,0.277696300685136,0.4072118668951026,0,0,3.1395790473176137,4.022514090878628,RPS27A
Reactome_2022,Cdc20:Phospho-APC/C Mediated Degradation Of Cyclin A R-HSA-174184,1/72,0.277696300685136,0.4072118668951026,0,0,3.1395790473176137,4.022514090878628,RPS27A
Reactome_2022,Regulation Of RUNX2 Expression And Activity R-HSA-8939902,1/72,0.277696300685136,0.4072118668951026,0,0,3.1395790473176137,4.022514090878628,RPS27A
Reactome_2022,Signaling By FGFR2 R-HSA-5654738,1/72,0.277696300685136,0.4072118668951026,0,0,3.1395790473176137,4.022514090878628,RPS27A
Reactome_2022,Mitotic Anaphase R-HSA-68882,2/232,0.2805390991230811,0.4072118668951026,0,0,1.9446640316205532,2.4717499963508605,RPS27;RPS27A
Reactome_2022,APC/C:Cdh1 Mediated Degradation Of Cdc20 And APC/C:Cdh1 Targets In Late Mitosis/Early G1 R-HSA-174178,1/73,0.2809584059800271,0.4072118668951026,0,0,3.0958177278402,3.930291192345841,RPS27A
Reactome_2022,APC:Cdc20 Mediated Degradation Of Cell Cycle Proteins Before Cycle Checkpoint Satisfied R-HSA-179419,1/73,0.2809584059800271,0.4072118668951026,0,0,3.0958177278402,3.930291192345841,RPS27A
Reactome_2022,Cellular Response To Hypoxia R-HSA-1234174,1/73,0.2809584059800271,0.4072118668951026,0,0,3.0958177278402,3.930291192345841,RPS27A
Reactome_2022,Extra-nuclear Estrogen Signaling R-HSA-9009391,1/73,0.2809584059800271,0.4072118668951026,0,0,3.0958177278402,3.930291192345841,FOS
Reactome_2022,Mitotic Metaphase And Anaphase R-HSA-2555396,2/233,0.2822066410801078,0.4077307306457077,0,0,1.9361471861471864,2.4494502154863405,RPS27;RPS27A
Reactome_2022,"Cell Death Signaling Via NRAGE, NRIF And NADE R-HSA-204998",1/74,0.2842059417186365,0.4080448943797352,0,0,3.053255348622441,3.841166689361435,RPS27A
Reactome_2022,Signaling By NOTCH1 R-HSA-1980143,1/74,0.2842059417186365,0.4080448943797352,0,0,3.053255348622441,3.841166689361435,RPS27A
Reactome_2022,APC/C:Cdc20 Mediated Degradation Of Mitotic Proteins R-HSA-176409,1/75,0.287438972224247,0.4101154183137231,0,0,3.011843303978136,3.75499971201,RPS27A
Reactome_2022,ISG15 Antiviral Mechanism R-HSA-1169408,1/75,0.287438972224247,0.4101154183137231,0,0,3.011843303978136,3.75499971201,RPS27A
Reactome_2022,Activation Of APC/C And APC/C:Cdc20 Mediated Degradation Of Mitotic Proteins R-HSA-176814,1/76,0.290657561625685,0.4121398242246555,0,0,2.9715355805243444,3.6716575005112495,RPS27A
Reactome_2022,Protein Ubiquitination R-HSA-8852135,1/76,0.290657561625685,0.4121398242246555,0,0,2.9715355805243444,3.6716575005112495,RPS27A
Reactome_2022,ABC Transporter Disorders R-HSA-5619084,1/77,0.293861773681843,0.4141190533731819,0,0,2.932288586635127,3.5910148426227693,RPS27A
Reactome_2022,Transcription-Coupled Nucleotide Excision Repair (TC-NER) R-HSA-6781827,1/77,0.293861773681843,0.4141190533731819,0,0,2.932288586635127,3.5910148426227693,RPS27A
Reactome_2022,FCERI Mediated NF-kB Activation R-HSA-2871837,1/78,0.2970516718473839,0.4160540235660607,0,0,2.894060995184591,3.512953554379464,RPS27A
Reactome_2022,Nuclear Events Mediated By NFE2L2 R-HSA-9759194,1/78,0.2970516718473839,0.4160540235660607,0,0,2.894060995184591,3.512953554379464,RPS27A
Reactome_2022,Diseases Of Signal Transduction By Growth Factor Receptors And Second Messengers R-HSA-5663202,3/424,0.2980903386540104,0.4162358997059047,0,0,1.5962814317306904,1.9320731003008984,NPM1;RPS6;RPS27A
Reactome_2022,Amyloid Fiber Formation R-HSA-977225,1/79,0.3002273194519669,0.4166791282090935,0,0,2.856813598386632,3.437362001529923,RPS27A
Reactome_2022,Downstream Signaling Events Of B Cell Receptor (BCR) R-HSA-1168372,1/79,0.3002273194519669,0.4166791282090935,0,0,2.856813598386632,3.437362001529923,RPS27A
Reactome_2022,Processing Of DNA Double-Strand Break Ends R-HSA-5693607,1/80,0.3033887793502783,0.4185303040434562,0,0,2.820509173659508,3.364134663979733,RPS27A
Reactome_2022,Regulation Of APC/C Activators Between G1/S And Early Anaphase R-HSA-176408,1/80,0.3033887793502783,0.4185303040434562,0,0,2.820509173659508,3.364134663979733,RPS27A
Reactome_2022,DDX58/IFIH1-mediated Induction Of Interferon-Alpha/Beta R-HSA-168928,1/81,0.3065361142397765,0.4203399410832864,0,0,2.7851123595505616,3.293171728123504,RPS27A
Reactome_2022,Signaling By NOTCH4 R-HSA-9013694,1/81,0.3065361142397765,0.4203399410832864,0,0,2.7851123595505616,3.293171728123504,RPS27A
Reactome_2022,Cyclin E Associated Events During G1/S Transition R-HSA-69202,1/82,0.3096693865536634,0.4221088661951721,0,0,2.750589540851713,3.224378714694647,RPS27A
Reactome_2022,Global Genome Nucleotide Excision Repair (GG-NER) R-HSA-5696399,1/82,0.3096693865536634,0.4221088661951721,0,0,2.750589540851713,3.224378714694647,RPS27A
Reactome_2022,Antiviral Mechanism By IFN-stimulated Genes R-HSA-1169410,1/83,0.3127886584051736,0.4250955654289897,0,0,2.716908742121129,3.1576661345906847,RPS27A
Reactome_2022,Cyclin A:Cdk2-associated Events At S Phase Entry R-HSA-69656,1/84,0.315893991625437,0.4267830329334812,0,0,2.684039528902125,3.0929491699023792,RPS27A
Reactome_2022,Degradation Of Beta-Catenin By Destruction Complex R-HSA-195253,1/84,0.315893991625437,0.4267830329334812,0,0,2.684039528902125,3.0929491699023792,RPS27A
Reactome_2022,Hedgehog On State R-HSA-5632684,1/85,0.3189854478590073,0.4296921621159569,0,0,2.65195291599786,3.030147378320293,RPS27A
Reactome_2022,Signaling By FGFR R-HSA-190236,1/86,0.3220630883751708,0.4325656729496428,0,0,2.6206212822207533,2.969184421732711,RPS27A
Reactome_2022,APC/C-mediated Degradation Of Cell Cycle Proteins R-HSA-174143,1/87,0.3251269742549201,0.4341345603753743,0,0,2.5900182910896263,2.909987811567518,RPS27A
Reactome_2022,Regulation Of PLK1 Activity At G2/M Transition R-HSA-2565942,1/87,0.3251269742549201,0.4341345603753743,0,0,2.5900182910896263,2.909987811567518,RPS27A
Reactome_2022,PCP/CE Pathway R-HSA-4086400,1/88,0.3281771662542191,0.4356670786795141,0,0,2.5601188169959963,2.852488675126878,RPS27A
Reactome_2022,Regulation Of mRNA Stability By Proteins That Bind AU-rich Elements R-HSA-450531,1/88,0.3281771662542191,0.4356670786795141,0,0,2.5601188169959963,2.852488675126878,RPS27A
Reactome_2022,ER-Phagosome Pathway R-HSA-1236974,1/89,0.3312137249443987,0.4371639366701286,0,0,2.5308988764044944,2.7966215364309024,RPS27A
Reactome_2022,Interferon Gamma Signaling R-HSA-877300,1/89,0.3312137249443987,0.4371639366701286,0,0,2.5308988764044944,2.7966215364309024,CD44
Reactome_2022,Regulation Of TP53 Activity Thru Phosphorylation R-HSA-6804756,1/90,0.3342367105299855,0.4373726097792381,0,0,2.502335563691453,2.74232411500686,RPS27A
Reactome_2022,Switching Of Origins To A Post-Replicative State R-HSA-69052,1/90,0.3342367105299855,0.4373726097792381,0,0,2.502335563691453,2.74232411500686,RPS27A
Reactome_2022,MAPK6/MAPK4 Signaling R-HSA-5687128,1/90,0.3342367105299855,0.4373726097792381,0,0,2.502335563691453,2.74232411500686,RPS27A
Reactome_2022,Signaling By TGF-beta Receptor Complex R-HSA-170834,1/91,0.3372461830168844,0.4400534239935414,0,0,2.474406991260924,2.689537136090647,RPS27A
Reactome_2022,Post-translational Modification: Synthesis Of GPI-anchored Proteins R-HSA-163125,1/92,0.3402422021068612,0.4427015016049501,0,0,2.447092233609088,2.63820415597253,CD52
Reactome_2022,Unattached Kinetochores Signal Amplification Via A MAD2 Inhibitory Signal R-HSA-141444,1/93,0.3432248273185194,0.4440592398640731,0,0,2.420371275036639,2.588271397645247,RPS27
Reactome_2022,RAC3 GTPase Cycle R-HSA-9013423,1/93,0.3432248273185194,0.4440592398640731,0,0,2.420371275036639,2.588271397645247,IL32
Reactome_2022,Cell Cycle Checkpoints R-HSA-69620,2/271,0.3451128694955063,0.4452442090956109,0,0,1.6594288611017236,1.7654394120483394,RPS27;RPS27A
Reactome_2022,Transcriptional Regulation By RUNX3 R-HSA-8878159,1/95,0.349150132634672,0.4466781026443569,0,0,2.368634950992111,2.4924038721710056,RPS27A
Reactome_2022,UCH Proteinases R-HSA-5689603,1/95,0.349150132634672,0.4466781026443569,0,0,2.368634950992111,2.4924038721710056,RPS27A
Reactome_2022,P75 NTR Receptor-Mediated Signaling R-HSA-193704,1/95,0.349150132634672,0.4466781026443569,0,0,2.368634950992111,2.4924038721710056,RPS27A
Reactome_2022,Neutrophil Degranulation R-HSA-6798695,3/468,0.3523668949658874,0.4495377100121906,0,0,1.4419725621060435,1.5040961012812666,EEF1A1;COTL1;CD44
Reactome_2022,EML4 And NUDC In Mitotic Spindle Formation R-HSA-9648025,1/97,0.3550225694695389,0.45166760226958,0,0,2.319054307116105,2.401552149209679,RPS27
Reactome_2022,RUNX1 Regulates Transcription Of Genes Involved In Differentiation Of HSCs R-HSA-8939236,1/98,0.3579391081560524,0.4528621865620774,0,0,2.2950306961658757,2.357897085822304,RPS27A
Reactome_2022,Hedgehog Off State R-HSA-5610787,1/98,0.3579391081560524,0.4528621865620774,0,0,2.2950306961658757,2.357897085822304,RPS27A
Reactome_2022,CLEC7A (Dectin-1) Signaling R-HSA-5607764,1/99,0.3608426043269181,0.4540272329168365,0,0,2.27149736299014,2.315367733821622,RPS27A
Reactome_2022,Cellular Response To Heat Stress R-HSA-3371556,1/99,0.3608426043269181,0.4540272329168365,0,0,2.27149736299014,2.315367733821622,EEF1A1
Reactome_2022,Stimuli-sensing Channels R-HSA-2672351,1/100,0.3637331156781473,0.4551632977611789,0,0,2.2484394506866416,2.273925239694265,RPS27A
Reactome_2022,KEAP1-NFE2L2 Pathway R-HSA-9755511,1/100,0.3637331156781473,0.4551632977611789,0,0,2.2484394506866416,2.273925239694265,RPS27A
Reactome_2022,Metabolism Of Carbohydrates R-HSA-71387,2/285,0.3678989289920798,0.4591218241917508,0,0,1.5762126566013492,1.5761291614870834,RPS27A;CD44
Reactome_2022,ABC-family Proteins Mediated Transport R-HSA-382556,1/102,0.3694754132870333,0.4598362480583187,0,0,2.20369340304817,2.194153793473196,RPS27A
Reactome_2022,Antigen processing-Cross Presentation R-HSA-1236975,1/104,0.3751664573036265,0.4656537600137153,0,0,2.1606850659976,2.118304233918048,RPS27A
Reactome_2022,Resolution Of Sister Chromatid Cohesion R-HSA-2500257,1/106,0.3808067001974504,0.4713769424065737,0,0,2.119315141787052,2.0461211625404925,RPS27
Reactome_2022,Nucleotide Excision Repair R-HSA-5696398,1/108,0.3863965902718104,0.4770071114406716,0,0,2.079491756799328,1.9773699982586797,RPS27A
Reactome_2022,Degradation Of Extracellular Matrix R-HSA-1474228,1/109,0.3891727920870068,0.4778582809003997,0,0,2.06013316687474,1.9442132609089495,CD44
Reactome_2022,Signaling By B Cell Receptor (BCR) R-HSA-983705,1/109,0.3891727920870068,0.4778582809003997,0,0,2.06013316687474,1.9442132609089495,RPS27A
Reactome_2022,Assembly Of Pre-Replicative Complex R-HSA-68867,1/110,0.3919365721203313,0.4786852000829646,0,0,2.0411297804350066,1.91183494130717,RPS27A
Reactome_2022,Mitotic Spindle Checkpoint R-HSA-69618,1/110,0.3919365721203313,0.4786852000829646,0,0,2.0411297804350066,1.91183494130717,RPS27
Reactome_2022,Signaling By NTRK1 (TRKA) R-HSA-187037,1/114,0.4028685697687326,0.4881317591377765,0,0,1.9684796659043453,1.789633248682695,FOS
Reactome_2022,HDR Thru Homologous Recombination (HRR) Or Single Strand Annealing (SSA) R-HSA-5693567,1/114,0.4028685697687326,0.4881317591377765,0,0,1.9684796659043453,1.789633248682695,RPS27A
Reactome_2022,Interleukin-1 Signaling R-HSA-9020702,1/114,0.4028685697687326,0.4881317591377765,0,0,1.9684796659043453,1.789633248682695,RPS27A
Reactome_2022,Chromosome Maintenance R-HSA-73886,1/118,0.413606172195047,0.495187935116811,0,0,1.9007970805723613,1.678101657750257,NPM1
Reactome_2022,RHO GTPases Activate Formins R-HSA-5663220,1/119,0.4162606004802887,0.495187935116811,0,0,1.8845934107788995,1.6517401564844003,RPS27
Reactome_2022,Estrogen-dependent Gene Expression R-HSA-9018519,1/119,0.4162606004802887,0.495187935116811,0,0,1.8845934107788995,1.6517401564844003,FOS
Reactome_2022,Signaling By TGFB Family Members R-HSA-9006936,1/119,0.4162606004802887,0.495187935116811,0,0,1.8845934107788995,1.6517401564844003,RPS27A
Reactome_2022,Synthesis Of DNA R-HSA-69239,1/119,0.4162606004802887,0.495187935116811,0,0,1.8845934107788995,1.6517401564844003,RPS27A
Reactome_2022,Transcriptional Regulation By RUNX2 R-HSA-8878166,1/119,0.4162606004802887,0.495187935116811,0,0,1.8845934107788995,1.6517401564844003,RPS27A
Reactome_2022,Homology Directed Repair R-HSA-5693538,1/119,0.4162606004802887,0.495187935116811,0,0,1.8845934107788995,1.6517401564844003,RPS27A
Reactome_2022,Glycosaminoglycan Metabolism R-HSA-1630316,1/120,0.4189031458515918,0.4970405202073291,0,0,1.8686620715702007,1.6259519098475643,CD44
Reactome_2022,Adaptive Immune System R-HSA-1280218,4/733,0.4206810347082672,0.4978602426263214,0,0,1.2237853702108654,1.059651728821552,CD8A;CD3E;RPS27A;CD3D
Reactome_2022,DNA Replication Pre-Initiation R-HSA-69002,1/127,0.437072631426429,0.5159259412198569,0,0,1.76422329231318,1.4601698045564893,RPS27A
Reactome_2022,G1/S Transition R-HSA-69206,1/129,0.4421599265978292,0.5205893223182669,0,0,1.7364817415730338,1.417114336055017,RPS27A
Reactome_2022,Signaling By NTRKs R-HSA-166520,1/132,0.449705741076403,0.5281159728538272,0,0,1.6964576721845783,1.3557441988684742,FOS
Reactome_2022,Signaling By Hedgehog R-HSA-5358351,1/135,0.457150603114533,0.5354858727019338,0,0,1.658225725306054,1.297963575809571,RPS27A
Reactome_2022,Late Phase Of HIV Life Cycle R-HSA-162599,1/136,0.4596100213653268,0.5369933412890807,0,0,1.645859342488556,1.2794530807491011,RPS27A
Reactome_2022,PTEN Regulation R-HSA-6807070,1/139,0.4669223548504056,0.5427676104606238,0,0,1.609835531672366,1.2260383433210085,RPS27A
Reactome_2022,Death Receptor Signaling R-HSA-73887,1/139,0.4669223548504056,0.5427676104606238,0,0,1.609835531672366,1.2260383433210085,RPS27A
Reactome_2022,C-type Lectin Receptors (CLRs) R-HSA-5621481,1/141,0.4717427952236473,0.5469827853479252,0,0,1.586677367576244,1.1921046092650034,RPS27A
Reactome_2022,Beta-catenin Independent WNT Signaling R-HSA-3858494,1/142,0.4741368253681473,0.5483703687338674,0,0,1.575344648976014,1.1756156545948244,RPS27A
Reactome_2022,Mitotic G1 Phase And G1/S Transition R-HSA-453279,1/147,0.4859469795334055,0.5606138957841302,0,0,1.5210096967831306,1.0976454035937944,RPS27A
Reactome_2022,G2/M Checkpoints R-HSA-69481,1/148,0.4882773410169347,0.5618869904164726,0,0,1.5105862569747,1.0828965573796,RPS27A
Reactome_2022,DNA Double-Strand Break Repair R-HSA-5693532,1/149,0.4905972550450768,0.5631417113048752,0,0,1.500303674460978,1.0684138696296046,RPS27A
Reactome_2022,Interleukin-1 Family Signaling R-HSA-446652,1/152,0.4974947748198482,0.5696315171687262,0,0,1.470273085795074,1.0265008915816602,RPS27A
Reactome_2022,Innate Immune System R-HSA-168249,5/1035,0.5010177173460082,0.572234699612149,0,0,1.07824100513992,0.7451872540756137,EEF1A1;COTL1;FOS;RPS27A;CD44
Reactome_2022,DNA Replication R-HSA-69306,1/155,0.5042999228922834,0.5745506584195667,0,0,1.4414125200642054,0.9867680968127808,RPS27A
Reactome_2022,Membrane Trafficking R-HSA-199991,3/599,0.508239452410845,0.5767920216828194,0,0,1.1174496644295302,0.7562928152878992,RPS27A;IL7R;CD3D
Reactome_2022,Regulation Of TP53 Activity R-HSA-5633007,1/157,0.5087859754582076,0.5767920216828194,0,0,1.4227888216652262,0.96141800485325,RPS27A
Reactome_2022,M Phase R-HSA-68886,2/380,0.5124462554812559,0.5795071234825067,0,0,1.1743626743626745,0.7851312528943567,RPS27;RPS27A
Reactome_2022,S Phase R-HSA-69242,1/161,0.5176379813001943,0.5839364419593326,0,0,1.386938202247191,0.9132699007932712,RPS27A
Reactome_2022,Citric Acid (TCA) Cycle And Respiratory Electron Transport R-HSA-1428517,1/163,0.5220046421448535,0.5874155432489998,0,0,1.369676792897767,0.8903978433689244,LDHB
Reactome_2022,SUMO E3 Ligases SUMOylate Target Proteins R-HSA-3108232,1/168,0.5327510112228528,0.5980391253433005,0,0,1.3283320998452532,0.8364521975701492,NPM1
Reactome_2022,SUMOylation R-HSA-2990846,1/174,0.5453316679278545,0.610664801738282,0,0,1.2818730921608106,0.7772779838815321,NPM1
Reactome_2022,Ion Channel Transport R-HSA-983712,1/175,0.5473956264048659,0.6113776567120198,0,0,1.2744414309699084,0.7679573425491224,RPS27A
Reactome_2022,Disorders Of Transmembrane Transporters R-HSA-5619115,1/176,0.5494503190896564,0.6113776567120198,0,0,1.2670947030497592,0.7587830897605623,RPS27A
Reactome_2022,Vesicle-mediated Transport R-HSA-5653656,3/637,0.5499729138981488,0.6113776567120198,0,0,1.0484063961709995,0.6268277680811466,RPS27A;IL7R;CD3D
Reactome_2022,Signaling By Rho GTPases R-HSA-194315,3/644,0.5574377905251222,0.6181755643111525,0,0,1.0365807735757706,0.6057823322523813,IL32;RPS27;VIM
Reactome_2022,Cellular Response To Chemical Stress R-HSA-9711123,1/182,0.5615861868444832,0.6197746351199358,0,0,1.2247191011235956,0.7066507018943279,RPS27A
Reactome_2022,G2/M Transition R-HSA-69275,1/182,0.5615861868444832,0.6197746351199358,0,0,1.2247191011235956,0.7066507018943279,RPS27A
Reactome_2022,Mitotic G2-G2/M Phases R-HSA-453274,1/184,0.5655591941968158,0.6226589205339943,0,0,1.2112113955915762,0.6903182019703548,RPS27A
Reactome_2022,Cell Cycle R-HSA-1640170,3/654,0.5679758492392142,0.6238199974857557,0,0,1.0201281847555486,0.5770624188006909,NPM1;RPS27;RPS27A
Reactome_2022,Mitotic Prometaphase R-HSA-68877,1/186,0.5694965934875279,0.6239938751609756,0,0,1.1979957485575463,0.6744745747089271,RPS27
Reactome_2022,ESR-mediated Signaling R-HSA-8939211,1/188,0.573398700394607,0.6261801551208953,0,0,1.185062789160608,0.6591011022483088,FOS
Reactome_2022,"Signaling By Rho GTPases, Miro GTPases And RHOBTB3 R-HSA-9716542",3/660,0.5742263431239651,0.6261801551208953,0,0,1.0104970345877289,0.5605546715417817,IL32;RPS27;VIM
Reactome_2022,Peptide Ligand-Binding Receptors R-HSA-375276,1/196,0.5886604195085914,0.638877896054348,0,0,1.135983866320945,0.6019644382532143,CXCR4
Reactome_2022,Muscle Contraction R-HSA-397014,1/196,0.5886604195085914,0.638877896054348,0,0,1.135983866320945,0.6019644382532143,VIM
Reactome_2022,TCF Dependent Signaling In Response To WNT R-HSA-201681,1/198,0.592390702164663,0.6409558654254459,0,0,1.1243369645810757,0.58869034541816,RPS27A
Reactome_2022,RHO GTPase Cycle R-HSA-9012999,2/441,0.5933739889528146,0.6409558654254459,0,0,1.008024435700973,0.526118602987928,IL32;VIM
Reactome_2022,Ub-specific Processing Proteases R-HSA-5689880,1/201,0.5979234887062665,0.6443504890058119,0,0,1.1073033707865167,0.5694777950402767,RPS27A
Reactome_2022,Signaling By NOTCH R-HSA-157118,1/203,0.6015706865503836,0.6467590949297551,0,0,1.0962287239959951,0.5571157518529664,RPS27A
Reactome_2022,Transcriptional Regulation By RUNX1 R-HSA-8878171,1/204,0.6033819975315803,0.6471872479378543,0,0,1.0907732329661814,0.5510638596451592,RPS27A
Reactome_2022,Signaling By Receptor Tyrosine Kinases R-HSA-9006934,2/496,0.6575232228050831,0.7033302647660051,0,0,0.8932646301067354,0.3745237025983792,FOS;RPS27A
Reactome_2022,Neddylation R-HSA-8951664,1/237,0.6587962523681576,0.7033302647660051,0,0,0.9366787278613598,0.3909144081781484,RPS27A
Reactome_2022,Chromatin Modifying Enzymes R-HSA-3247509,1/238,0.6603500760082655,0.7033496158413618,0,0,0.9326790878490494,0.3870479864588874,RPS2
Reactome_2022,Diseases Of Metabolism R-HSA-5668914,1/247,0.6740232988380811,0.7162474962130885,0,0,0.8981456106695899,0.3543100014316329,RPS27A
Reactome_2022,"Cell Cycle, Mitotic R-HSA-69278",2/523,0.6859782124422322,0.7272639381910703,0,0,0.8457948002093876,0.318788020860947,RPS27;RPS27A
Reactome_2022,Signaling By Nuclear Receptors R-HSA-9006931,1/260,0.6928177474674674,0.732818772148037,0,0,0.8525009760964817,0.312857888269225,FOS
Reactome_2022,PIP3 Activates AKT Signaling R-HSA-1257604,1/268,0.7038466682538894,0.7424837545510622,0,0,0.8266212178596979,0.2903050297371193,RPS27A
Reactome_2022,RHO GTPase Effectors R-HSA-195258,1/269,0.7051974524666202,0.7424837545510622,0,0,0.8234948851249371,0.287628186122269,RPS27
Reactome_2022,RAF/MAP Kinase Cascade R-HSA-5673001,1/271,0.707880769118244,0.7435995235232931,0,0,0.8173116937161881,0.2823645208375518,RPS27A
Reactome_2022,MAPK1/MAPK3 Signaling R-HSA-5684996,1/277,0.7157866475493257,0.7501837175688585,0,0,0.7992997883080931,0.2672643757887419,RPS27A
Reactome_2022,Deubiquitination R-HSA-5688426,1/279,0.7183746268766846,0.7511771212546156,0,0,0.793468595909789,0.2624509113676054,RPS27A
Reactome_2022,Asparagine N-linked Glycosylation R-HSA-446203,1/282,0.7222129616647107,0.7534704702561219,0,0,0.7848774441201167,0.2554267659193009,RPS27A
Reactome_2022,Extracellular Matrix Organization R-HSA-1474244,1/291,0.7334202731275866,0.7634238297555335,0,0,0.7601704765594731,0.2356805035456777,CD44
Reactome_2022,Hemostasis R-HSA-109582,2/576,0.7362579667399246,0.7637364993256558,0,0,0.7656002534051315,0.2344074458025255,CD2;CD44
Reactome_2022,Signaling By WNT R-HSA-195721,1/294,0.7370557482575105,0.7637364993256558,0,0,0.7522721171913948,0.2295120148392829,RPS27A
Reactome_2022,Intracellular Signaling By Second Messengers R-HSA-9006925,1/306,0.7511137899680577,0.7759634944172367,0,0,0.7222324553324737,0.2067015714696135,RPS27A
Reactome_2022,Antigen Processing: Ubiquitination And Proteasome Degradation R-HSA-983168,1/307,0.7522511732249886,0.7759634944172367,0,0,0.7198354997429683,0.2049263720171888,RPS27A
Reactome_2022,Post-translational Protein Modification R-HSA-597592,5/1383,0.7542089275064837,0.7759634944172367,0,0,0.7910868266029198,0.2231544055809205,EEF1A1;CD52;NPM1;RPS2;RPS27A
Reactome_2022,DNA Repair R-HSA-73894,1/310,0.75563257316613,0.7759634944172367,0,0,0.7127377186284135,0.1997091339024779,RPS27A
Reactome_2022,G Alpha (I) Signaling Events R-HSA-418594,1/312,0.7578614433377122,0.776511277513808,0,0,0.7080819393764226,0.1963190474324194,CXCR4
Reactome_2022,MAPK Family Signaling Cascades R-HSA-5683057,1/318,0.7644281349807486,0.7814912629937117,0,0,0.6944670896395279,0.1865527919172892,RPS27A
Reactome_2022,Class A/1 (Rhodopsin-like Receptors) R-HSA-373076,1/327,0.7739493346704963,0.7894627957217981,0,0,0.6749844902460881,0.1729640106096103,CXCR4
Reactome_2022,Generic Transcription Pathway R-HSA-212436,4/1190,0.790639510953479,0.8046953244815407,0,0,0.7343033060120004,0.1724975052110367,NPM1;BTG1;FOS;RPS27A
Reactome_2022,Class I MHC Mediated Antigen Processing And Presentation R-HSA-983169,1/378,0.8211383466531202,0.8338832877319936,0,0,0.5821536077250916,0.1147213286514324,RPS27A
Reactome_2022,RNA Polymerase II Transcription R-HSA-73857,4/1312,0.849725865334298,0.8610054122192664,0,0,0.6614750017779675,0.107715576797065,NPM1;BTG1;FOS;RPS27A
Reactome_2022,GPCR Ligand Binding R-HSA-500792,1/458,0.8762710047366904,0.8859428701311352,0,0,0.4782779731025496,0.0631708923925432,CXCR4
Reactome_2022,Gene Expression (Transcription) R-HSA-74160,4/1449,0.8988814128797189,0.9068010729050908,0,0,0.5943510098978032,0.0633602920840316,NPM1;BTG1;FOS;RPS27A
Reactome_2022,Signal Transduction R-HSA-162582,7/2465,0.9380276449065482,0.9442124425652728,0,0,0.5988020429970492,0.038308874609648,IL32;RPS27;RPS6;CXCR4;FOS;VIM;RPS27A
Reactome_2022,GPCR Downstream Signaling R-HSA-388396,1/619,0.9413344748356486,0.9454631348129978,0,0,0.3507508817861168,0.0212052606150351,CXCR4
Reactome_2022,Signaling By GPCR R-HSA-372790,1/689,0.9576712808385738,0.9597668416281548,0,0,0.313920825712046,0.0135772924877924,CXCR4
Reactome_2022,Transport Of Small Molecules R-HSA-382551,1/706,0.9609039116253432,0.9609039116253432,0,0,0.306080165750259,0.0122067411309305,RPS27A
KEGG_2021_Human,Ribosome,60/158,1.052840241638323e-108,9.054426078089576e-107,0,0,404.3265306122449,100526.77476440436,RPL5;RPL30;RPL3;RPL32;RPL34;RPLP1;RPLP0;RPL10A;RPL8;RPL9;RPL7;RPS4X;RPS15;RPS14;RPS16;RPL18A;RPS19;RPS18;RPL36;RPLP2;RPL35;RPL38;RPL37;RPS10;RPS13;RPS12;RPS9;RPL21;RPS7;RPS8;RPS5;RPS6;RPL13A;RPSA;RPL27;RPL29;RPL28;RPL10;RPL12;RPL11;RPL36A;RPS4Y1;RPS15A;RPL14;RPS3;RPL13;RPS2;RPS27A;RPL17;RPL19;RPL35A;RPL23A;RPS25;RPS28;RPS27;RPS29;RPL27A;RPS20;RPS21;RPS23
KEGG_2021_Human,Coronavirus disease,61/232,4.0227315182288596e-99,1.7297745528384099e-97,0,0,242.80681589030047,55011.27446423524,RPL5;RPL30;RPL3;RPL32;RPL34;RPLP1;RPLP0;RPL10A;RPL8;RPL9;RPL7;RPS4X;RPS15;RPS14;RPS16;RPL18A;RPS19;RPS18;RPL36;RPLP2;RPL35;RPL38;RPL37;RPS10;RPS13;RPS12;RPS9;RPL21;RPS7;RPS8;RPS5;RPS6;RPL13A;RPSA;FOS;RPL27;RPL29;RPL28;RPL10;RPL12;RPL11;RPL36A;RPS4Y1;RPS15A;RPL14;RPS3;RPL13;RPS2;RPS27A;RPL17;RPL19;RPL35A;RPL23A;RPS25;RPS28;RPS27;RPS29;RPL27A;RPS20;RPS21;RPS23
KEGG_2021_Human,Hematopoietic cell lineage,6/99,5.618320831710298e-06,0.00016105853050902855,0,0,15.220430107526882,184.0070507208982,CD2;CD8A;CD3E;IL7R;CD3D;CD44
KEGG_2021_Human,Primary immunodeficiency,4/38,2.5174439988949727e-05,0.0005412504597624192,0,0,27.19015047879617,287.9350298187986,CD8A;CD3E;IL7R;CD3D
KEGG_2021_Human,T cell receptor signaling pathway,4/104,0.0012511866574287,0.021520410507775,0,0,9.213953488372091,61.58295865074715,CD8A;FOS;CD3E;CD3D
KEGG_2021_Human,PD-L1 expression and PD-1 checkpoint pathway in cancer,3/89,0.0075720084505357,0.1018832014426085,0,0,7.948676824378508,38.815749130961024,FOS;CD3E;CD3D
KEGG_2021_Human,Th1 and Th2 cell differentiation,3/92,0.0082928187220727,0.1018832014426085,0,0,7.679581557535839,36.80336058111635,FOS;CD3E;CD3D
KEGG_2021_Human,Chagas disease,3/102,0.0109801354135365,0.113040533484037,0,0,6.900383141762452,31.132234428843127,FOS;CD3E;CD3D
KEGG_2021_Human,Th17 cell differentiation,3/107,0.0124911796757363,0.113040533484037,0,0,6.566976127320955,28.781299763542265,FOS;CD3E;CD3D
KEGG_2021_Human,Epstein-Barr virus infection,4/202,0.0131442480795391,0.113040533484037,0,0,4.630490956072351,20.05822655248914,VIM;CD3E;CD3D;CD44
KEGG_2021_Human,Human immunodeficiency virus 1 infection,4/212,0.0154409494651844,0.1207201503641696,0,0,4.405635062611807,18.37472420395824,CXCR4;FOS;CD3E;CD3D
KEGG_2021_Human,Measles,3/139,0.0248858929938555,0.1783488997892978,0,0,5.01369168356998,18.517840518402146,FOS;CD3E;CD3D
KEGG_2021_Human,Mitophagy,2/68,0.0376578251363587,0.2491209970559115,0,0,6.833333333333333,22.40796580046174,TOMM7;RPS27A
KEGG_2021_Human,Cytokine-cytokine receptor interaction,4/295,0.0442167970555335,0.2702548353830541,0,0,3.13577879005834,9.779398211317991,IL32;CXCR4;LTB;IL7R
KEGG_2021_Human,Leishmaniasis,2/77,0.047137471287742,0.2702548353830541,0,0,6.010606060606061,18.36052034881493,EEF1A1;FOS
KEGG_2021_Human,Rheumatoid arthritis,2/93,0.0658406672801448,0.3538935866307784,0,0,4.9498001998002,13.46601849960321,FOS;LTB
KEGG_2021_Human,Human T-cell leukemia virus 1 infection,3/219,0.076219112215259,0.3855790382654283,0,0,3.143997445721584,8.093099115220788,FOS;CD3E;CD3D
KEGG_2021_Human,HIF-1 signaling pathway,2/109,0.0865667395682921,0.4103001501323148,0,0,4.20624468988955,10.292006103272056,LDHB;RPS6
KEGG_2021_Human,TNF signaling pathway,2/112,0.0906477075873718,0.4103001501323148,0,0,4.090909090909091,9.821350762005649,FOS;JUNB
KEGG_2021_Human,"Growth hormone synthesis, secretion and action",2/119,0.1003835565504477,0.4316492931669254,0,0,3.844794094794095,8.838246818057835,FOS;JUNB
KEGG_2021_Human,Osteoclast differentiation,2/127,0.1118477656664868,0.4580432308246604,0,0,3.597272727272727,7.880245233840243,FOS;JUNB
KEGG_2021_Human,Yersinia infection,2/137,0.1266276601296758,0.4949990350523692,0,0,3.329124579124579,6.879650286958991,CD8A;FOS
KEGG_2021_Human,Propanoate metabolism,1/34,0.1422750401804758,0.5137915779596774,0,0,6.7677902621722845,13.197144936653295,LDHB
KEGG_2021_Human,Cell adhesion molecules,2/148,0.1433836961747937,0.5137915779596774,0,0,3.076587795765878,5.975444351192406,CD2;CD8A
KEGG_2021_Human,Pyruvate metabolism,1/47,0.1912144625245652,0.6209035409691338,0,0,4.851978505129458,8.026917415006537,LDHB
KEGG_2021_Human,Intestinal immune network for IgA production,1/48,0.1948625652247878,0.6209035409691338,0,0,4.748505857040402,7.765995010266912,CXCR4
KEGG_2021_Human,Cysteine and methionine metabolism,1/50,0.2021100231923967,0.6209035409691338,0,0,4.55423068103646,7.281955543769811,LDHB
KEGG_2021_Human,Kaposi sarcoma-associated herpesvirus infection,2/193,0.2156598361614061,0.6209035409691338,0,0,2.3463826749167063,3.5994752531075056,FOS;RPS27A
KEGG_2021_Human,Pathogenic Escherichia coli infection,2/197,0.2222691368453503,0.6209035409691338,0,0,2.297785547785548,3.455562257418726,RPS3;FOS
KEGG_2021_Human,Legionellosis,1/57,0.2269717485185938,0.6209035409691338,0,0,3.98354735152488,5.9073207789643725,EEF1A1
KEGG_2021_Human,Proteoglycans in cancer,2/205,0.2355355426952632,0.6209035409691338,0,0,2.206336766681594,3.190127884993732,RPS6;CD44
KEGG_2021_Human,Glycolysis / Gluconeogenesis,1/67,0.2611649592960544,0.6209035409691338,0,0,3.378277153558052,4.535685187649395,LDHB
KEGG_2021_Human,Amphetamine addiction,1/69,0.2678219199124673,0.6209035409691338,0,0,3.278585591539987,4.319316842679073,FOS
KEGG_2021_Human,Central carbon metabolism in cancer,1/70,0.2711281227146604,0.6209035409691338,0,0,3.230907018400912,4.216862856645548,LDHB
KEGG_2021_Human,Prolactin signaling pathway,1/70,0.2711281227146604,0.6209035409691338,0,0,3.230907018400912,4.216862856645548,FOS
KEGG_2021_Human,Pertussis,1/76,0.290657561625685,0.6209035409691338,0,0,2.9715355805243444,3.6716575005112495,FOS
KEGG_2021_Human,Antigen processing and presentation,1/78,0.2970516718473839,0.6209035409691338,0,0,2.894060995184591,3.512953554379464,CD8A
KEGG_2021_Human,RNA degradation,1/79,0.3002273194519669,0.6209035409691338,0,0,2.856813598386632,3.437362001529923,BTG1
KEGG_2021_Human,Shigellosis,2/246,0.3038492762977423,0.6209035409691338,0,0,1.8317809239940388,2.182060487503689,RPS27A;CD44
KEGG_2021_Human,B cell receptor signaling pathway,1/81,0.3065361142397765,0.6209035409691338,0,0,2.7851123595505616,3.293171728123504,FOS
KEGG_2021_Human,Salmonella infection,2/249,0.3088304106233074,0.6209035409691338,0,0,1.8092565329407435,2.125809457809797,RPS3;FOS
KEGG_2021_Human,Colorectal cancer,1/86,0.3220630883751708,0.6209035409691338,0,0,2.6206212822207533,2.969184421732711,FOS
KEGG_2021_Human,ECM-receptor interaction,1/88,0.3281771662542191,0.6209035409691338,0,0,2.5601188169959963,2.852488675126878,CD44
KEGG_2021_Human,IL-17 signaling pathway,1/94,0.3461941178540174,0.6209035409691338,0,0,2.3942249607345656,2.5396875993674386,FOS
KEGG_2021_Human,Circadian entrainment,1/97,0.3550225694695389,0.6209035409691338,0,0,2.319054307116105,2.401552149209679,FOS
KEGG_2021_Human,Choline metabolism in cancer,1/98,0.3579391081560524,0.6209035409691338,0,0,2.2950306961658757,2.357897085822304,FOS
KEGG_2021_Human,Viral protein interaction with cytokine and cytokine receptor,1/100,0.3637331156781473,0.6209035409691338,0,0,2.2484394506866416,2.273925239694265,CXCR4
KEGG_2021_Human,Toll-like receptor signaling pathway,1/104,0.3751664573036265,0.6209035409691338,0,0,2.1606850659976,2.118304233918048,FOS
KEGG_2021_Human,NF-kappa B signaling pathway,1/104,0.3751664573036265,0.6209035409691338,0,0,2.1606850659976,2.118304233918048,LTB
KEGG_2021_Human,"Parathyroid hormone synthesis, secretion and action",1/106,0.3808067001974504,0.6209035409691338,0,0,2.119315141787052,2.0461211625404925,FOS
KEGG_2021_Human,Glucagon signaling pathway,1/107,0.3836079114336885,0.6209035409691338,0,0,2.0992156031375875,2.011330497673133,LDHB
KEGG_2021_Human,Cholinergic synapse,1/113,0.4001539297544617,0.6209035409691338,0,0,1.98615569823435,1.8191318842307855,FOS
KEGG_2021_Human,Leukocyte transendothelial migration,1/114,0.4028685697687326,0.6209035409691338,0,0,1.9684796659043453,1.789633248682695,CXCR4
KEGG_2021_Human,MicroRNAs in cancer,2/310,0.407802413077945,0.6209035409691338,0,0,1.4464285714285714,1.2974066569233136,VIM;CD44
KEGG_2021_Human,Pathways in cancer,3/531,0.4291283221248335,0.6209035409691338,0,0,1.2658045977011494,1.070869785376057,CXCR4;FOS;IL7R
KEGG_2021_Human,Relaxin signaling pathway,1/129,0.4421599265978292,0.6209035409691338,0,0,1.7364817415730338,1.417114336055017,FOS
KEGG_2021_Human,FoxO signaling pathway,1/131,0.4472017530075081,0.6209035409691338,0,0,1.709593777009507,1.375787791489654,IL7R
KEGG_2021_Human,Dopaminergic synapse,1/132,0.449705741076403,0.6209035409691338,0,0,1.6964576721845783,1.3557441988684742,FOS
KEGG_2021_Human,Insulin signaling pathway,1/137,0.4620584201871795,0.6209035409691338,0,0,1.6336748182419034,1.2613014254650008,RPS6
KEGG_2021_Human,Apelin signaling pathway,1/137,0.4620584201871795,0.6209035409691338,0,0,1.6336748182419034,1.2613014254650008,RPS6
KEGG_2021_Human,Estrogen signaling pathway,1/137,0.4620584201871795,0.6209035409691338,0,0,1.6336748182419034,1.2613014254650008,FOS
KEGG_2021_Human,Fluid shear stress and atherosclerosis,1/139,0.4669223548504056,0.6209035409691338,0,0,1.609835531672366,1.2260383433210085,FOS
KEGG_2021_Human,Ubiquitin mediated proteolysis,1/140,0.4693379877235953,0.6209035409691338,0,0,1.5981731468757578,1.208909491960103,RPS27A
KEGG_2021_Human,Apoptosis,1/142,0.4741368253681473,0.6209035409691338,0,0,1.575344648976014,1.1756156545948244,FOS
KEGG_2021_Human,PI3K-Akt signaling pathway,2/354,0.474943026258888,0.6209035409691338,0,0,1.2627840909090908,0.940219061758746,RPS6;IL7R
KEGG_2021_Human,Breast cancer,1/147,0.4859469795334055,0.6209035409691338,0,0,1.5210096967831306,1.0976454035937944,FOS
KEGG_2021_Human,mTOR signaling pathway,1/154,0.5020417278789074,0.6209035409691338,0,0,1.4509069545421165,0.9997794142623408,RPS6
KEGG_2021_Human,Oxytocin signaling pathway,1/154,0.5020417278789074,0.6209035409691338,0,0,1.4509069545421165,0.9997794142623408,FOS
KEGG_2021_Human,Non-alcoholic fatty liver disease,1/155,0.5042999228922834,0.6209035409691338,0,0,1.4414125200642054,0.9867680968127808,FOS
KEGG_2021_Human,Cellular senescence,1/156,0.5065479904728326,0.6209035409691338,0,0,1.4320405944182677,0.9739826632784052,ZFP36L2
KEGG_2021_Human,JAK-STAT signaling pathway,1/162,0.5198262203462516,0.6209035409691338,0,0,1.3782538907111452,0.9017373758544586,IL7R
KEGG_2021_Human,Hepatitis B,1/162,0.5198262203462516,0.6209035409691338,0,0,1.3782538907111452,0.9017373758544586,FOS
KEGG_2021_Human,Axon guidance,1/182,0.5615861868444832,0.661594685871583,0,0,1.2247191011235956,0.7066507018943279,CXCR4
KEGG_2021_Human,RNA transport,1/186,0.5694965934875279,0.6618473924314513,0,0,1.1979957485575463,0.6744745747089271,EEF1A1
KEGG_2021_Human,Chemokine signaling pathway,1/192,0.5810982855876543,0.6663260341405103,0,0,1.1600094123183715,0.6296941387636835,CXCR4
KEGG_2021_Human,Lipid and atherosclerosis,1/215,0.6227768400284975,0.6923017098275135,0,0,1.034127900871574,0.4897288751045512,FOS
KEGG_2021_Human,cAMP signaling pathway,1/216,0.6244927848090439,0.6923017098275135,0,0,1.0292657434021426,0.4845942687330898,FOS
KEGG_2021_Human,Regulation of actin cytoskeleton,1/218,0.6279015507737913,0.6923017098275135,0,0,1.0196758659969969,0.4745284860546219,CXCR4
KEGG_2021_Human,Human cytomegalovirus infection,1/225,0.6395930070527515,0.6957995299036379,0,0,0.9874598715890852,0.441318756683983,CXCR4
KEGG_2021_Human,Thermogenesis,1/232,0.6509210666965275,0.6957995299036379,0,0,0.9571963616907436,0.4109884282302202,RPS6
KEGG_2021_Human,Chemical carcinogenesis,1/239,0.6618969018634979,0.6957995299036379,0,0,0.9287130582570108,0.3832292387783182,FOS
KEGG_2021_Human,Calcium signaling pathway,1/240,0.6634367610709105,0.6957995299036379,0,0,0.9247802171971228,0.3794574286459091,CXCR4
KEGG_2021_Human,Parkinson disease,1/249,0.6769870698686208,0.6976062325604707,0,0,0.8908118883653497,0.3475084839895544,RPS27A
KEGG_2021_Human,Endocytosis,1/252,0.6813828318032505,0.6976062325604707,0,0,0.8800304400376024,0.3376069309432079,CXCR4
KEGG_2021_Human,MAPK signaling pathway,1/294,0.7370557482575105,0.7457269923546577,0,0,0.7522721171913948,0.2295120148392829,FOS
KEGG_2021_Human,Pathways of neurodegeneration,1/475,0.885612835462446,0.885612835462446,0,0,0.4607215663964348,0.0559663384885148,RPS27A
