names,scores,logfoldchanges,pvals,pvals_adj
GZMB,14.022303,4.7058,1.1385923245935202e-44,1.5614655139475535e-40
NKG7,13.445571,1.8716788,3.268740450038478e-41,2.241375326591384e-37
FGFBP2,11.872316,3.6933217,1.6483979547162518e-32,6.251472269869053e-29
PRF1,11.863874,2.8744657,1.8233840658798466e-32,6.251472269869053e-29
FCGR3A,11.07955,3.3698363,1.576641267406169e-28,2.7027572926510253e-25
GNLY,10.733434,3.8715694,7.09115162346531e-27,1.0805339262689251e-23
TYROBP,9.5907135,3.127191,8.747811152610385e-22,6.664860119272157e-19
FCER1G,9.505911,3.4735906,1.9830446477898942e-21,1.4313407526205584e-18
SRGN,9.497853,1.530332,2.142623533332025e-21,1.4691969568057695e-18
CCL4,9.375446,2.91324,6.888388991105928e-21,4.1072768097402914e-18
SPON2,9.019353,3.3688853,1.8920288016510808e-19,8.370091285755782e-17
GZMA,8.634481,1.277447,5.899399914052024e-18,2.2473436228141513e-15
ITGB2,8.5930395,1.7050303,8.469826501286564e-18,3.1393297469903766e-15
CTSW,8.5374,1.2449592,1.372754497909237e-17,4.954198732717704e-15
PLAC8,8.482528,2.0423706,2.2035277150553366e-17,7.218817609441769e-15
PFN1,8.46104,0.8076597,2.6500394860369345e-17,8.451777095700121e-15
CST7,8.41154,1.3833011,4.0466270478080007e-17,1.233232074080865e-14
CD247,8.349761,1.9824654,6.840134341492025e-17,1.995863879983439e-14
HLA-C,8.056982,0.46577722,7.820117605740658e-16,1.986020237872729e-13
B2M,7.997889,0.29348612,1.26570393242833e-15,3.155975223513112e-13
GSTP1,7.620692,2.1287608,2.5232008452080542e-14,5.7671960651972094e-12
IFITM2,7.416552,1.285404,1.202084701435655e-13,2.536213783921319e-11
ARPC2,7.2584596,1.1126101,3.915240006457071e-13,8.135394158871556e-11
CD63,7.1828666,1.7407161,6.826480718493017e-13,1.3972889040807946e-10
IGFBP7,6.9783435,4.5544844,2.9868110764547826e-12,5.936395232246506e-10
HLA-B,6.9741225,0.5823782,3.0778609684775376e-12,6.029969331671564e-10
HLA-A,6.9522505,0.49673963,3.5950481601555014e-12,6.944012742024302e-10
CYBA,6.779576,0.81024396,1.2052907070555373e-11,2.233371508307873e-09
GZMM,6.7262387,1.3044212,1.7410469343117604e-11,3.100872423006686e-09
UBB,6.6168785,1.0168782,3.668628538801856e-11,6.06163515435285e-09
CLIC3,6.5911694,2.773477,4.363762567434332e-11,7.124361886880289e-09
ACTB,6.5547156,0.5522962,5.5747971356390146e-11,8.994443284488641e-09
GZMH,6.3478904,1.9487872,2.1828762876559084e-10,3.363591618979003e-08
APMAP,6.3302393,1.8507619,2.4478149154384036e-10,3.72992597225803e-08
LGALS1,6.3118205,1.7577541,2.757718537687558e-10,4.1559727500930956e-08
KLRD1,6.2945533,2.3395567,3.082866509843556e-10,4.595481664782014e-08
TMSB10,6.2703786,0.5863123,3.6017094127946814e-10,5.3111659018350816e-08
CFL1,6.22203,0.62315834,4.907633404921843e-10,7.159923884584911e-08
RAC2,6.1640882,1.108761,7.089045546323708e-10,1.0233596907608772e-07
MYL6,5.84867,0.8108487,4.955197153900933e-09,6.579555499747715e-07
XCL2,5.8475184,2.339527,4.989600203979601e-09,6.579555499747715e-07
CD7,5.822577,1.283933,5.794716619324756e-09,7.568451782611401e-07
RAP1B,5.706693,1.2565765,1.1519217933679807e-08,1.4627273587267116e-06
CTSC,5.657193,1.3495842,1.538685419638937e-08,1.918321076811671e-06
BST2,5.6360884,1.3545855,1.7395595729242235e-08,2.130028569918107e-06
CCL3,5.6084604,2.8638437,2.0413408196724583e-08,2.4774290266361144e-06
SERF2,5.584286,0.7985787,2.3466191028018614e-08,2.82294161191445e-06
EFHD2,5.5731583,2.147593,2.5016196691322805e-08,2.9832358384765296e-06
CLIC1,5.524042,0.859722,3.312879768721764e-08,3.883148132329083e-06
PSMB10,5.468019,1.5298115,4.550933289623342e-08,5.244663792764245e-06
SH3BGRL3,5.45267,0.6436322,4.9619073551088545e-08,5.670633122330236e-06
TTC38,5.396647,2.6309772,6.789783196828485e-08,7.6954617158104e-06
AKR1C3,5.308391,2.998834,1.1059711078281685e-07,1.2231683687706052e-05
TPST2,5.27424,1.6144602,1.3330736167948544e-07,1.4625417264579707e-05
ARPC5,5.243926,1.2142271,1.571952077953318e-07,1.7109326029406196e-05
RHOC,5.157973,1.7434541,2.496380742146553e-07,2.674637929515455e-05
UCP2,5.146461,0.96230036,2.65446576614626e-07,2.821964613715489e-05
PDIA3,4.895508,1.1836225,9.805223175452528e-07,0.00010034987360310148
EIF3G,4.876322,0.92122424,1.0808228600442003e-06,0.00010979559038997157
PRSS23,4.853682,2.5108817,1.2118989735787806e-06,0.00012220575385043673
NDUFB2,4.81838,1.4429177,1.4472860477255644e-06,0.00014382667288774195
ABI3,4.7681127,1.8434066,1.8595994417681845e-06,0.0001808691258468715
IFITM1,4.7074847,1.0292107,2.5079217820657448e-06,0.0002405149602744729
C5orf56,4.6913686,2.0536807,2.7138384871871605e-06,0.0002571548784870243
PPP1CA,4.6706476,0.96579,3.0025186184384006e-06,0.00028203109817304264
ARHGDIB,4.6445546,0.6518297,3.4081115436564896e-06,0.00031795130414765375
UBE2F,4.6061826,2.4070754,4.101286984361863e-06,0.00038003411961850397
S1PR5,4.5129385,1.9878649,6.393563311327994e-06,0.0005806710414010072
SERPINB1,4.503729,1.4382256,6.677134936433173e-06,0.0006024357139358193
IL2RB,4.4511595,1.8861929,8.540797050981261e-06,0.0007655456912232485
C1orf162,4.4423337,2.008724,8.898841356778959e-06,0.0007924591582264067
HNRNPA2B1,4.439264,0.8364184,9.026707067535889e-06,0.0007986597466076592
ARPC3,4.3187757,0.70034254,1.568971796101914e-05,0.001379287128957798
APOBEC3G,4.292299,1.0332685,1.7683266940903206e-05,0.0015252095775317395
ARPC5L,4.281171,1.2810556,1.8591241002874174e-05,0.0015935017444588526
CTSD,4.2754154,1.5567344,1.9078140034808462e-05,0.0016250783381202686
CD99,4.2324386,0.6990998,2.3117113726836717e-05,0.0019213824099990227
LITAF,4.208264,1.0037241,2.5733999269315205e-05,0.0021132698561640044
RARRES3,4.1733456,0.6965753,3.001592004723471e-05,0.0024502281400462906
HLA-E,4.1710434,0.46680662,3.0320836822887143e-05,0.0024604731135448184
MYL12A,4.160299,0.46611345,3.1783119449278e-05,0.0025489690065929735
PSME2,4.1445665,0.7934687,3.404571832521093e-05,0.0027145522157671085
GPR56,4.1361246,2.2616942,3.532204114504145e-05,0.0028000374119254248
PRDX5,4.0728106,1.2021053,4.6449171618272946e-05,0.003610773580087218
DRAP1,4.0720434,0.9563769,4.66025174037799e-05,0.003610773580087218
CX3CR1,4.0643687,2.3366547,4.816260739739473e-05,0.003710685381167816
CAPZB,4.053241,0.876958,5.051292480781907e-05,0.003870023747566652
DHRS7,4.0094967,1.0047753,6.084827331426996e-05,0.004635962334621657
C12orf75,3.9906945,1.1740687,6.588009457107551e-05,0.004991600093633865
TRAPPC1,3.98609,1.0807391,6.717108166817351e-05,0.005061451725260064
PPP1R18,3.9699736,1.0441688,7.18805981336519e-05,0.005357448493504903
CAP1,3.9619155,0.95471257,7.435086872040761e-05,0.005511609803414432
EVL,3.9358225,0.7681331,8.29122541718463e-05,0.006048184328259043
PSMB8,3.930834,0.7960062,8.465167484149571e-05,0.006142397189292445
BIN2,3.9262295,0.88199806,8.628785096180776e-05,0.006228166253106482
DBI,3.9124155,1.1258713,9.13775169502704e-05,0.006561001400293236
RAC1,3.8548574,1.2183883,0.00011579710284976537,0.008271049315008761
ACTG1,3.8187876,0.68202955,0.00013410913346597597,0.009480271424496879
FGR,3.7903924,1.9507456,0.00015040951613982497,0.01057803130431569
PTPRCAP,3.7669854,0.40947723,0.00016523067202612693,0.011502403229270581
ISG15,3.7581599,1.0654455,0.00017116755385057937,0.011855514310640634
LAMP1,3.707125,1.3007945,0.00020962551945591395,0.01437402186909202
HAVCR2,3.6622295,3.3842876,0.0002500295606585677,0.01697477918253266
PLEK,3.65916,1.1526622,0.0002530434359290555,0.017094766898182595
CD53,3.6349854,0.68195224,0.00027799628589186945,0.018506995459811153
CALM1,3.584718,0.60630846,0.00033744250070098667,0.02235597321069242
AOAH,3.57666,1.6278596,0.00034801240660835005,0.022945394924167847
GLIPR2,3.529846,1.4014083,0.00041580156416019603,0.02728374474111449
TXNIP,3.4554043,0.39914373,0.0005494683485355954,0.03571283853941779
TPI1,3.418567,0.79822934,0.0006295180477905779,0.0405315047295774
SH2D1B,3.4166484,3.2589445,0.0006339708854790982,0.04062746132458109
CALR,3.403602,0.95643884,0.0006650359035157102,0.042420011073555586
HCST,3.4005322,0.58685344,0.0006725481828703105,0.042700582314275176
C1orf21,3.3736718,1.8674494,0.0007417276138697056,0.04644772829501891
LIMD2,3.361009,0.7586636,0.000776583064149283,0.048409364280651214
KLRF1,3.3230207,3.083269,0.0008904833256939332,0.05476272793079192
SP100,3.2842648,1.2245651,0.001022487905474515,0.06232177393634443
CCND3,3.2531834,0.6493873,0.001141197905610218,0.06922428413173873
PSAP,3.2435904,0.8596546,0.001180333286540278,0.07068598555289682
MYO1F,3.2290092,0.90362114,0.001242199575495215,0.07406749990583208
ID2,3.2082882,0.7097499,0.0013352764211644781,0.07927264432835347
RHOG,3.1468928,0.98675805,0.0016501542103522309,0.09671031983235255
CD300A,3.1449742,1.3122786,0.0016610145080648662,0.09693256580255988
TMSB4X,3.119265,0.13636702,0.001813028416188205,0.10491085105318583
ATP6AP2,3.1000788,1.1387999,0.0019346907629155666,0.1114804584984205
ASCL2,3.0801256,1.8183954,0.002069134140979736,0.11823377337248375
EMP3,3.0540326,0.6026677,0.0022578764993882302,0.12844440386109832
ARPC4,3.0528812,0.88479877,0.0022665557630440277,0.12844440386109832
CD164,3.0333116,0.84507406,0.00241885738722132,0.13651115312079498
PSMB9,3.0018466,0.6145327,0.0026834749109515606,0.14959827206825083
SELT,2.991486,0.83679694,0.0027762327039953156,0.15414273401859013
XCL1,2.9876487,1.5995234,0.0028113241276039222,0.15546168986274272
BSG,2.9803581,0.9316891,0.002879115951986891,0.15857106893794465
CSNK2B,2.9738348,1.0913087,0.0029410332119262908,0.1613333178734286
SRSF9,2.969614,0.97396374,0.0029817423086482353,0.1629147968956251
FBXO6,2.968079,2.311758,0.002996672625211818,0.16308082691331297
RBM8A,2.9412186,0.9461419,0.00326923736971846,0.17651307593826365
ITGB7,2.935079,1.2631234,0.0033346270749519723,0.1793375517878092
ENSA,2.920114,0.84528613,0.0034990340678216964,0.1869450316635164
PPIB,2.9197302,0.6294551,0.0035033449859649783,0.1869450316635164
ANXA6,2.9181952,0.697478,0.0035206370312660068,0.18713959785574424
TMBIM6,2.9070675,0.62312543,0.0036483451040227985,0.19317916894428053
KLF2,2.899393,0.5932339,0.0037388587795411095,0.19721042039471837
CD47,2.8399165,0.90667045,0.004512536520575104,0.23620200703498845
SNX3,2.8314745,0.8429178,0.0046333928515121985,0.24160589188455622
PLEKHF1,2.8218815,1.4911176,0.004774281774585502,0.24800947066918777
LAT2,2.789649,2.8243668,0.005276521948455441,0.27236098052169544
U2AF1,2.7892652,0.750695,0.005282778242582105,0.27236098052169544
TBX21,2.7792885,1.5077477,0.005447811848329577,0.2798175718651379
PSMA7,2.7735326,0.67891616,0.00554512702808608,0.2837532539670616
PSMA5,2.7693117,0.92117953,0.005617485538453559,0.28532665434945226
DNAJA1,2.7654746,1.013421,0.005684004041323433,0.28763996834948174
JAK1,2.7558815,1.0849578,0.005853419323022549,0.29512423748504135
FLNA,2.7436025,1.1062872,0.006076907827172837,0.3052700144390047
MYL12B,2.738614,0.48721966,0.006169874603268171,0.30880897923072886
PRMT2,2.720963,1.0015094,0.006509205536769778,0.324183693030488
PSMC4,2.7201955,1.385871,0.006524332745837443,0.324183693030488
MIEN1,2.715591,1.1356665,0.006615761862531059,0.3270811685651908
PSME1,2.7144396,0.38783175,0.006638798411393797,0.3270811685651908
JTB,2.7136722,0.7181428,0.006654196152084602,0.3270811685651908
XBP1,2.704463,0.67819124,0.006841489473751603,0.33508638086796244
TCF25,2.6941025,1.0479002,0.007057845370257804,0.34445299433350723
CHST2,2.6776025,3.7073572,0.007415115486123409,0.3606060063003419
CHST12,2.6553466,0.8958536,0.007922692796527306,0.3839286537511501
LY6E,2.6392305,0.5069263,0.008309447086115192,0.4012526666865625
TBC1D10C,2.625033,0.77847445,0.00866406206592067,0.4169085865685476
MRPS6,2.6162071,1.2255852,0.008891257827541873,0.4263451393248575
PPIA,2.6035445,0.42578784,0.00922653039944737,0.44088027142167674
SDF4,2.600091,1.3136609,0.00931990535481373,0.4437957709580399
CHCHD2,2.594719,0.39898485,0.009466831712355767,0.4492322840942802
HNRNPA3,2.572463,0.69988966,0.010097772720266693,0.4775201899508187
ZAP70,2.5540445,0.8190722,0.010647965197249414,0.500089707928351
CDC42SE1,2.545219,1.0165557,0.01092092500801939,0.5094202910203331
SCP2,2.535242,0.7836098,0.01123696126620936,0.5223853789993056
ARL6IP1,2.530254,0.9203395,0.01139800439036482,0.5280818655725106
EID1,2.5237305,0.60220367,0.011611689087860148,0.5354618002778937
CTSS,2.522963,0.8043424,0.011637060704346057,0.5354618002778937
ALOX5AP,2.5206609,0.7926353,0.011713470911722918,0.5354618002778937
MSN,2.5206609,0.85915923,0.011713470911722918,0.5354618002778937
CHMP2A,2.5030096,0.9815147,0.012314218970114862,0.5567228399974887
MAF1,2.502242,0.9771582,0.012340946723001062,0.5567228399974887
CYB5B,2.4911144,1.6353377,0.012734314536586466,0.5725848837860551
SUPT4H1,2.4700096,0.94154763,0.013510940101716473,0.6035473373125072
PYCARD,2.4673235,0.89447933,0.013612726611334435,0.6061199115189624
ALDOA,2.4604166,0.5272039,0.013877580208308041,0.6139181045825487
SEPW1,2.4592655,0.8380371,0.013922162062503475,0.6139181045825487
ERH,2.4466028,0.71614563,0.014420970250825223,0.6338755962173626
TPM3,2.4439166,0.5414641,0.014528782100616823,0.6365741780442783
ICAM3,2.4304864,0.6219183,0.01507857017162943,0.6564682899483365
ZFAND6,2.4293354,1.172547,0.015126536657676238,0.6564725434283921
TMEM50A,2.4258819,0.70290816,0.015271243338156423,0.6606619278847861
HOPX,2.424347,0.62048966,0.015335947687577515,0.6613748005894278
DCTN3,2.4197423,0.91353506,0.01553151103443309,0.6677089101135278
RHOA,2.41437,0.49110192,0.01576243907820361,0.6755190297452635
HMGN1,2.3978703,0.561746,0.016490708216197733,0.7001658590617205
C19orf10,2.3917305,1.0013843,0.016769143322468108,0.707606250844085
SAMD3,2.3848238,0.7446209,0.017087308468978407,0.7188200869434659
PRELID1,2.3813703,0.61274374,0.01724836811606393,0.7233765148125405
DYNLL1,2.379068,0.8441153,0.017356479557139787,0.7249932580008444
ATP5F1,2.3771493,0.7100127,0.0174470259024035,0.72505610068352
TMED9,2.370626,0.709413,0.01775798882106539,0.7335333093135264
PTPN7,2.3621843,1.5104747,0.018167614172839526,0.7482001824814453
RTN4,2.358347,1.0304582,0.01835652678133862,0.7537167912553229
SPCS2,2.3410795,0.6668434,0.01922807036531673,0.787145543253593
S100B,2.3399284,3.1380432,0.019287438435933335,0.7872259842571123
SYF2,2.3357074,0.73923635,0.019506494060701367,0.793178163657262
RAMP1,2.3345563,2.8913732,0.019566612434428553,0.793178163657262
FAM49B,2.3337889,0.6725214,0.019606781207511435,0.793178163657262
VAPA,2.328033,0.81948674,0.019910349564120258,0.7992107203700861
DOK2,2.3195913,0.9215913,0.020363003347680497,0.8141639297670272
CDC42,2.310382,0.6375225,0.020867021006921678,0.8279235205976244
MAD2L2,2.3099983,1.6798214,0.020888255660403823,0.8279235205976244
TBCB,2.3069284,0.73271036,0.021058811930715324,0.8298866287868677
HSH2D,2.3069284,1.8382232,0.021058811930715324,0.8298866287868677
IFI16,2.2958004,1.0453563,0.02168729068529922,0.8522048838343653
CISD3,2.2631843,1.0713794,0.023624333727792636,0.9204094112015574
SAMHD1,2.2574284,1.0006039,0.023981316271751027,0.9290389021208859
NDUFA1,2.2574284,0.7197881,0.023981316271751027,0.9290389021208859
BAX,2.2543588,0.7019262,0.02417361281426684,0.9338504961545223
RAB7A,2.25244,0.6874358,0.02429447580145594,0.9358832616324908
SH2D2A,2.249754,1.1496699,0.024464563776800813,0.9397955956163763
NDUFS2,2.2466843,1.2425905,0.024660212704643403,0.9446652431046917
LYN,2.2378588,1.8531443,0.02523027178220565,0.963810437941973
LAIR1,2.230568,1.7190567,0.02570975868882398,0.9776528903969498
BTN3A2,2.2301843,0.7189923,0.025735211713088735,0.9776528903969498
FASLG,2.2286494,2.78444,0.025837241871186394,0.9788175000592547
ATP6V1F,2.2056262,0.7454194,0.027410186156424383,1.0
FDPS,2.194882,1.1445397,0.02817206489180351,1.0
CD97,2.1883588,0.82743466,0.02864348214936084,1.0
VAMP8,2.1875913,0.50298905,0.028699387123295114,1.0
AES,2.1760798,0.5053118,0.02954930397048701,1.0
S100A11,2.1630332,0.5655938,0.03053862876910711,1.0
SYNGR1,2.1599634,2.9100573,0.030775502913901853,1.0
CASP1,2.159196,0.8012493,0.030834967352858653,1.0
GHITM,2.1584284,0.55606407,0.030894530409403754,1.0
GNG2,2.1572773,1.1438386,0.030984060183126157,1.0
EMC4,2.149603,0.91654223,0.03158663531374067,1.0
ATP5J2,2.148068,0.7131319,0.03170834895753978,1.0
TADA3,2.1361728,1.2775393,0.03266533793386585,1.0
ICAM2,2.1200564,0.9067423,0.034001284492688015,1.0
C19orf43,2.1112309,0.31536144,0.034752471646674075,1.0
THEMIS2,2.1073937,2.117774,0.03508346935832858,1.0
FKBP8,2.100103,0.66301787,0.03571978290929014,1.0
GABARAP,2.0954983,0.57984656,0.03612671619187229,1.0
GOLGA7,2.0778472,1.0381365,0.03772343607175111,1.0
SUMO2,2.0736263,0.402047,0.03811403436651025,1.0
GCHFR,2.0724752,1.2635236,0.03822115614543145,1.0
CD38,2.0720913,3.0116048,0.038256920242236564,1.0
PTGDR,2.0571263,1.0752426,0.03967408100464876,1.0
MATK,2.0571263,0.640504,0.03967408100464876,1.0
IL2RG,2.0548239,0.39339823,0.039896012054920965,1.0
EAPP,2.0498357,0.97601205,0.04038047810237042,1.0
FKBP1A,2.047917,0.69554347,0.04056813490836821,1.0
MYO1G,2.0341032,0.7902816,0.041941207920130404,1.0
C1orf122,2.0298822,1.6071134,0.0423685240478733,1.0
VAMP7,2.0260448,2.1966891,0.04276018337911757,1.0
COX6A1,2.0241263,0.50820774,0.042957158206138844,1.0
OPTN,2.0214403,0.8326843,0.04323421108370274,1.0
TBCC,2.0195217,0.9029524,0.04343302914467862,1.0
COPZ1,2.0179868,0.90995204,0.043592639214641814,1.0
RAB7L1,2.0160682,1.0610893,0.043792848225789466,1.0
CIB1,2.0080101,0.49949116,0.04464222545737465,1.0
UNC50,2.0080101,1.7238886,0.04464222545737465,1.0
CCDC28B,2.0045567,2.0705905,0.04501047586295173,1.0
ACTR3,1.9907426,0.4537088,0.046509192129425364,1.0
WIPF1,1.9903588,0.6858594,0.04655141564391193,1.0
VASP,1.984603,0.8725602,0.04718864990682615,1.0
ANXA4,1.9788473,1.3423722,0.04783320500795783,1.0
SEC11A,1.9780798,0.62178415,0.04791970217385998,1.0
NOP10,1.9769287,0.7301723,0.0480496943583842,1.0
PSMD4,1.9757775,0.67366916,0.0481799827114049,1.0
ADA,1.9665682,1.2570016,0.04923301188327962,1.0
CD244,1.9665682,2.2575417,0.04923301188327962,1.0
PKN1,1.9611961,1.4352136,0.04985614962581724,1.0
ATP6V0B,1.957359,0.8279329,0.05030528576331965,1.0
HMGN3,1.9569752,0.66763246,0.05035038530042233,1.0
POLR3GL,1.9519868,0.80906665,0.05093976915487131,1.0
DDOST,1.9400915,0.7944849,0.05236857291544763,1.0
FIS1,1.9389403,0.60558015,0.05250860546210536,1.0
BZW1,1.9381729,0.69585633,0.052602134298493065,1.0
ZNHIT1,1.9377892,0.7654645,0.05264895091523789,1.0
ASAH1,1.929731,1.231428,0.05364017358303303,1.0
ATP6V0E1,1.927045,0.40324593,0.053974024393267366,1.0
GIMAP7,1.9239752,0.31057486,0.05435769002839503,1.0
RNF213,1.9205217,0.8034894,0.054792030931424665,1.0
SELL,1.9070915,0.6083326,0.0565087385845817,1.0
MAPK1,1.9047892,1.2168455,0.05680748023206093,1.0
ARL4C,1.9040217,0.574627,0.056907352350853244,1.0
DNAJC8,1.8978822,0.8670619,0.05771159981355478,1.0
NEAT1,1.8978822,0.36378837,0.05771159981355478,1.0
FCRL6,1.8944287,0.9722541,0.058168126190424614,1.0
ACP1,1.8836845,0.6350723,0.05960765736734678,1.0
ARHGAP9,1.880231,0.94254166,0.06007659352848339,1.0
GAPDH,1.874859,0.24392608,0.060812127046535706,1.0
POLR2L,1.874859,0.506276,0.060812127046535706,1.0
NDUFA6,1.8725567,0.8790487,0.061129631845771304,1.0
MRPL20,1.8694869,0.7917024,0.06155510620618716,1.0
ATF6B,1.8671845,0.968397,0.0618758184307988,1.0
H3F3A,1.8587427,0.5626745,0.06306361640538412,1.0
DDRGK1,1.858359,1.2256817,0.06311805197435888,1.0
IFNG,1.8579752,1.5643431,0.06317252637467331,1.0
GNPTAB,1.8533707,1.4930227,0.06382925518667183,1.0
THRAP3,1.8529869,1.5640538,0.06388423618562616,1.0
EIF3I,1.8518357,0.61642206,0.06404941390333882,1.0
SLAMF7,1.8518357,1.8210381,0.06404941390333882,1.0
ENO1,1.851452,0.33936432,0.06410455144856496,1.0
WDR1,1.8503009,0.6179275,0.06427019927824049,1.0
C17orf62,1.8495334,1.1604301,0.06438082735690957,1.0
TXK,1.8495334,1.3988501,0.06438082735690957,1.0
CXXC5,1.848766,1.3928312,0.06449161257347215,1.0
MDH2,1.8476148,0.58804494,0.06465808537719539,1.0
PTPN6,1.8468474,0.72133917,0.06476926412921316,1.0
TMED1,1.8456962,1.9291147,0.06493632797643349,1.0
CCDC115,1.8410915,0.9791407,0.06560814207138524,1.0
SNAPIN,1.8395567,1.1116914,0.06583334942719112,1.0
ATP5G3,1.8395567,0.44694346,0.06583334942719112,1.0
BUD31,1.8387892,0.6624664,0.06594619181547894,1.0
ATOX1,1.8372544,1.7520902,0.06617235480455154,1.0
AGTRAP,1.8364869,1.6806544,0.06628567572213448,1.0
CCT5,1.8338009,1.0043408,0.06668355860848264,1.0
IFI35,1.8284287,0.97763425,0.06748522520386394,1.0
MAT2B,1.8268939,1.2423544,0.06771572385309527,1.0
CLTA,1.8176847,0.8586041,0.06911235231827911,1.0
COX8A,1.8161497,0.47669005,0.06934740836857572,1.0
PRKCH,1.8153822,0.71000534,0.06946518237056931,1.0
ARHGEF3,1.8126962,1.4883028,0.06987868547476067,1.0
SRSF2,1.8119287,0.48525408,0.06999719961838255,1.0
H3F3B,1.8092427,0.19566227,0.07041329886816479,1.0
UBC,1.8084753,0.2706814,0.07053255638243718,1.0
PARK7,1.7969637,0.4424749,0.07234138439113436,1.0
HDDC2,1.7969637,0.98963004,0.07234138439113436,1.0
PITPNC1,1.7961962,1.3235143,0.07246331118817474,1.0
EPSTI1,1.7950451,1.1726415,0.07264651678799659,1.0
SRP14,1.792359,0.28765598,0.07307547120771891,1.0
CASP8,1.7912079,1.0908769,0.07325994212525176,1.0
CORO1A,1.7850684,0.2356403,0.0742502309191096,1.0
IFIT3,1.7850684,1.9795808,0.0742502309191096,1.0
TMEM71,1.7846847,1.730516,0.07431248545316609,1.0
PSMB2,1.7839172,0.677532,0.0744371224846252,1.0
OSTF1,1.782766,0.57193017,0.07462439824075212,1.0
VDAC3,1.7770102,0.73621094,0.07556655882194542,1.0
RNASEH2C,1.775859,0.9767421,0.07575615108780208,1.0
GLRX,1.773173,0.46351177,0.07620004278923213,1.0
BPGM,1.7689521,1.9342062,0.07690187122677825,1.0
TGFB1,1.7666497,0.6842057,0.07728690200949336,1.0
SRSF3,1.7654986,0.44600692,0.07748000560322704,1.0
ABI1,1.7651149,0.9854497,0.07754446074277953,1.0
SEPT7,1.7616614,0.4559356,0.07812652460242185,1.0
SHKBP1,1.760894,1.3405263,0.07825635398046892,1.0
CAST,1.7551382,0.9308089,0.07923568164087345,1.0
CD2BP2,1.7482312,1.1293665,0.08042400624729944,1.0
LPCAT1,1.7466962,1.2866594,0.08069003468678211,1.0
SF3B4,1.7397894,1.2101514,0.08189601912665352,1.0
MBP,1.7378707,1.001486,0.08223359716563257,1.0
PSMB7,1.7328824,0.5673282,0.08311658285323824,1.0
HSD17B10,1.7263591,0.76402014,0.08428283005827075,1.0
TIMP1,1.7248242,0.925575,0.08455915698337929,1.0
ABHD17A,1.7232894,0.98445433,0.08483621642614377,1.0
FAM96B,1.7179172,0.6846056,0.0858117116386155,1.0
IDH3B,1.7171499,1.1156067,0.08595180512080323,1.0
TECR,1.7117777,0.76247025,0.08693764118324937,1.0
URM1,1.7021847,1.333025,0.08872075089334186,1.0
TM2D3,1.6910568,1.6160107,0.09082595550064926,1.0
GYPC,1.6883707,0.48504403,0.09134008119858462,1.0
NDUFS6,1.6876034,0.8048279,0.09148740317592602,1.0
DSTN,1.6860684,0.63144135,0.09178262006801988,1.0
BRD7,1.6814638,1.9766324,0.09267286579320297,1.0
IQGAP2,1.6734056,1.4362894,0.09424746670771382,1.0
C20orf24,1.6641964,0.554247,0.09607319663368685,1.0
KIR3DL2,1.6622777,1.8662046,0.09645709691550082,1.0
CEBPD,1.6607429,0.7480652,0.09676509996333446,1.0
PTGER2,1.6603591,0.6872877,0.0968422235058715,1.0
SYTL1,1.6453941,0.6780093,0.09988857732971387,1.0
CTDSP1,1.6446266,1.0385395,0.1000468376288786,1.0
MAGED2,1.642708,1.1617302,0.10044336317776312,1.0
OAS1,1.6415569,1.1782436,0.10068187916539843,1.0
SIPA1,1.6400219,0.9392504,0.10100060236252538,1.0
H2AFZ,1.6358011,0.49100208,0.10188123705995036,1.0
EBP,1.6350336,0.94666463,0.10204200721498735,1.0
TMBIM4-1,1.6300452,0.54950815,0.10309194063622427,1.0
MIR142,1.6288941,0.7799366,0.10333544871738365,1.0
PRPF40A,1.6288941,1.0251116,0.10333544871738365,1.0
PTPN18,1.6231382,1.372197,0.10455985532843307,1.0
HIST1H2BK,1.6200684,1.6429951,0.10521756713046909,1.0
TINF2,1.6196848,1.1263598,0.10530001146017492,1.0
HSP90B1,1.6150801,0.5140881,0.106293346989454,1.0
MRPS12,1.6150801,0.9287674,0.106293346989454,1.0
C4orf3,1.6139289,0.52082217,0.10654283811181851,1.0
CTBP2,1.6097081,3.3868134,0.10746161235554663,1.0
RPS6KA1,1.6054871,1.1232281,0.10838665042024741,1.0
PSMD13,1.6039522,0.8221909,0.10872458601385966,1.0
TNFRSF18,1.6035684,3.4998653,0.10880920001658277,1.0
COX5B,1.6024173,0.40500477,0.10906335458850383,1.0
MX1,1.6020336,1.0243299,0.10914817703232492,1.0
SRP72,1.5978127,1.1546911,0.11008467072601812,1.0
LMO4,1.5897546,1.5719873,0.11189014192942036,1.0
SPN,1.5889871,0.86867964,0.11206330275601598,1.0
ARL6IP5,1.5882196,0.30115744,0.11223667487311165,1.0
DNAJB11,1.5859174,0.9890338,0.11275806052291472,1.0
HSPA5,1.5836151,0.49846205,0.11328135338456087,1.0
CCZ1,1.5828476,1.0607727,0.11345620888808082,1.0
MAPRE2,1.5809289,1.4773184,0.11389427782005146,1.0
WSB1,1.5786266,0.7710848,0.11442171735019649,1.0
ZBTB7A,1.5778592,1.814685,0.11459795709190954,1.0
NDUFA4,1.5728709,0.3025516,0.11574872737116154,1.0
SPPL2A,1.5671151,1.7387322,0.1170878055174516,1.0
EMC3,1.5659639,1.0635976,0.11735707504421337,1.0
EIF6,1.5525336,0.73993635,0.12053458731399543,1.0
GRHPR,1.5521499,0.89051616,0.12062635322497285,1.0
NDUFA3,1.5498476,0.62477887,0.12117809745482853,1.0
PYHIN1,1.5490801,0.94143087,0.12136245027922318,1.0
ATP5E,1.5444756,0.17740802,0.12247317772010868,1.0
GPATCH8,1.5433244,1.0917708,0.12275209695379129,1.0
MAPRE1,1.5398709,0.7284893,0.12359183253530837,1.0
CFLAR,1.538336,0.53861505,0.12396648476575328,1.0
SRI,1.5360336,0.5000045,0.12453012410250289,1.0
VAMP2,1.5325801,0.36408105,0.12537932839396068,1.0
MRPL52,1.5325801,1.1134306,0.12537932839396068,1.0
CDKN2D,1.5321964,0.5702491,0.12547396235680708,1.0
SASH3,1.5310453,0.8331407,0.12575819825054596,1.0
HEXA,1.5291266,1.1165761,0.1262330392169765,1.0
H2AFJ,1.5256732,1.1045611,0.1270912702508778,1.0
TMEM141,1.5241383,1.4423293,0.12747416076758258,1.0
FIBP,1.5195336,1.0289043,0.12862821772567665,1.0
UQCR10,1.5176151,0.49516216,0.1291114644999719,1.0
TIGIT,1.5164639,0.72673,0.12940208879368983,1.0
PPP1R12A,1.5080221,0.8737667,0.1315488815126096,1.0
RAB37,1.505336,1.4028004,0.13223771052277886,1.0
PSMB1,1.5049523,0.33647156,0.13233634234434258,1.0
C9orf142,1.5014988,0.44257876,0.13322659479308446,1.0
NDUFS3,1.4991965,0.9533458,0.13382266688162978,1.0
PRR13,1.4968941,0.30320162,0.13442079994777698,1.0
PTMA,1.4953593,0.14637595,0.13482070226103626,1.0
NDUFA9,1.4953593,0.8802936,0.13482070226103626,1.0
MEA1,1.4926733,1.1184224,0.13552274313749615,1.0
DDX5,1.4899871,0.22180553,0.13622760441576928,1.0
RP11-81H14.2,1.4880686,1.8745869,0.13673280698284013,1.0
ARID5A,1.4869174,0.9109837,0.13703662170018474,1.0
GNB2,1.4846151,0.6704325,0.13764581306147938,1.0
JAGN1,1.4773244,0.808387,0.13958869816251743,1.0
EIF4A1,1.4746383,0.33164427,0.1403097949541201,1.0
RGS3,1.4742546,1.4021071,0.14041304226208656,1.0
RNF5,1.4738709,0.76334006,0.14051634799377571,1.0
POLR2G,1.4734873,0.5050217,0.14061971216702768,1.0
MOAP1,1.4731035,1.2163609,0.14072313479967583,1.0
CCDC69,1.4700338,0.98652864,0.14155262253673637,1.0
DBNL,1.4684988,0.58582443,0.14196877270583588,1.0
RNF167,1.4665803,0.61992204,0.14249028108785528,1.0
EWSR1,1.462743,0.67705905,0.14353770849796982,1.0
TMX1,1.4589058,1.016433,0.14459103148031088,1.0
FERMT3,1.4585221,0.6356523,0.14469668871278932,1.0
APH1A,1.4585221,0.7574963,0.14469668871278932,1.0
CD160,1.4566035,0.8871008,0.14522586246392447,1.0
SYTL3,1.4527663,2.023329,0.1462886549122961,1.0
DECR1,1.4527663,0.68502206,0.1462886549122961,1.0
C7orf73,1.4523826,0.75419635,0.14639526063239774,1.0
VIMP,1.4477779,0.8274625,0.14767916970303777,1.0
FDFT1,1.446243,1.0656146,0.14810904630823168,1.0
RUNX3,1.440871,0.747495,0.1496211447080737,1.0
AATF,1.4385686,0.95329773,0.15027278099945893,1.0
NDUFV1,1.4385686,0.999301,0.15027278099945893,1.0
RASGRP2,1.4358826,0.6998842,0.15103575591136534,1.0
WDR83OS,1.4354988,0.41482604,0.15114499287288521,1.0
NDUFB8-1,1.4335803,0.38027728,0.15169208083596725,1.0
CSNK1D,1.4328128,1.3704394,0.15191133781186839,1.0
LSM1,1.4320453,0.588414,0.1521308360152565,1.0
C10orf54,1.4316616,0.4846463,0.1522406756197572,1.0
LMAN2,1.4251384,0.46350062,0.1541171974747073,1.0
BANF1,1.4205338,0.5296307,0.15545234850758208,1.0
MRPS11,1.4189988,1.1453496,0.15589934451576287,1.0
SH3GLB1,1.4170803,0.8714524,0.15645946020562906,1.0
SRSF11,1.4166965,0.4937199,0.15657166626768587,1.0
UBA2,1.4159291,1.2786751,0.15679626144910852,1.0
ADPGK,1.4082547,1.0978507,0.15905566544853933,1.0
YWHAB,1.4074873,0.24527405,0.15928295397698133,1.0
TAPBP,1.4055686,0.5257772,0.15985225026672867,1.0
ACAA2,1.4013478,0.9547304,0.16111011630966,1.0
HSP90AA1,1.3994291,0.25936016,0.16168433917593594,1.0
MANF,1.398278,0.71723545,0.16202961380448322,1.0
ZDHHC12,1.3948245,1.1359391,0.16306877673821485,1.0
SUB1,1.3932896,0.48805958,0.16353223686088592,1.0
UBE2L6,1.3879175,0.42335695,0.16516216749551782,1.0
TSPAN14,1.3867663,1.3562244,0.16551302386408695,1.0
PPP1R8,1.3848478,1.5268261,0.16609903036085782,1.0
SNF8,1.3810105,0.85713005,0.1672757225538325,1.0
PSMA6,1.3756385,1.1883693,0.16893359866877988,1.0
HNRNPU,1.3718013,0.50699216,0.17012532226220045,1.0
RMDN3,1.3714175,2.252095,0.17024484029507003,1.0
NUB1,1.3691152,0.99541676,0.17096327018350443,1.0
TSPAN32,1.3664291,0.9462414,0.17180430533309177,1.0
PGAM1,1.3645105,0.48435792,0.1724069377933759,1.0
SIGIRR,1.3629757,0.5289968,0.17289018107582288,1.0
ARL6IP4,1.362592,0.34747547,0.17301114998428402,1.0
MIF4GD,1.3602896,0.85353523,0.17373829254819484,1.0
LDHA,1.3568361,0.31664953,0.17483328401869036,1.0
OSBPL5,1.3564525,4.393669,0.17495526700307407,1.0
NDUFB1,1.3533826,0.8903925,0.17593341845059962,1.0
RBCK1,1.3510803,0.5789425,0.17666970402776827,1.0
VPS25,1.3472431,1.9435729,0.17790194574153062,1.0
TMEM208,1.3468595,1.0376654,0.17802552093926705,1.0
STIP1,1.3468595,1.1571702,0.17802552093926705,1.0
SEC13,1.3422548,1.2774383,0.1795134103637026,1.0
ARHGDIA,1.341871,0.5369678,0.17963781718406846,1.0
EI24,1.339185,1.5242618,0.18051045981934466,1.0
IMP3,1.3376501,0.4786098,0.18101052431329734,1.0
HBA1,1.3345803,2.80491,0.1820137374948969,1.0
CHRNB1,1.333813,2.591011,0.1822651840075017,1.0
INPP4A,1.3292083,1.4637835,0.18377927499588975,1.0
SDHD,1.3288245,0.76715696,0.18390586849065826,1.0
KLRC1,1.3288245,1.3730525,0.18390586849065826,1.0
IRF1,1.3284408,0.38603187,0.18403252655157665,1.0
ATP5B,1.3276733,0.37787378,0.18428603642893815,1.0
IDH2,1.3230687,0.5504362,0.1858125268208859,1.0
SKAP1,1.3219175,0.5841793,0.1861956059917147,1.0
SKP1,1.3196152,0.22823569,0.18696351488569785,1.0
COMMD7,1.315778,0.782035,0.1882485569611031,1.0
BRK1,1.315778,0.22690168,0.1882485569611031,1.0
STARD3NL,1.3084873,1.1772441,0.19070806811503183,1.0
PSMB3,1.3081036,0.3957254,0.19083816830943134,1.0
ARL2BP,1.30772,0.74670374,0.19096833382353784,1.0
CAPNS1,1.3058013,1.3183696,0.19162014166593955,1.0
TMEM59,1.3050338,0.29722074,0.1918813225165884,1.0
MYH9,1.3046501,0.5717108,0.1920120110776231,1.0
SDF2L1,1.3038827,0.5860544,0.19227358453871468,1.0
RIN3,1.303499,1.4785624,0.19240446946577427,1.0
PDGFD,1.300813,2.852426,0.1933224982136985,1.0
CMTM6,1.3000455,0.7916158,0.1935853821276463,1.0
KIR2DL3,1.299278,2.8188865,0.19384852845398814,1.0
COMT,1.2969757,1.0622311,0.19463954297439146,1.0
CARD16,1.2958245,0.49096557,0.19503593713478984,1.0
TMEM126B,1.2954408,0.76619536,0.19516820000259905,1.0
APOBR,1.2946734,2.183681,0.19543292303905146,1.0
KDELR2,1.2935222,0.559819,0.19583050104368083,1.0
STK10,1.2935222,0.7730736,0.19583050104368083,1.0
SLC15A4,1.2893013,2.211128,0.19729335854152563,1.0
SELK,1.2858478,0.4472674,0.19849617866222224,1.0
INSIG1,1.285464,1.5944917,0.19863015561393393,1.0
ATP6V0D1,1.2808595,0.6865501,0.2002430386336379,1.0
DIAPH1,1.2808595,0.88845146,0.2002430386336379,1.0
CCDC124,1.277406,0.9470733,0.20145896079946413,1.0
CASP4,1.2716502,0.4398027,0.20349744867705066,1.0
TMEM205,1.2708827,1.1859728,0.2037703776044315,1.0
PTPN4,1.2697315,0.66008776,0.204180270385802,1.0
IQGAP1,1.2639757,1.1190262,0.20623873438942986,1.0
PRPSAP1,1.263592,1.101134,0.20637649928171553,1.0
NKTR,1.2632083,0.92294955,0.2065143309877535,1.0
CAPN1,1.2632083,0.9575237,0.2065143309877535,1.0
GSTO1,1.2628245,0.5608025,0.20665222951964246,1.0
SDHAF2,1.2624408,0.6120767,0.2067901948894686,1.0
TMEM160,1.260906,0.53768027,0.2073427249893629,1.0
CDC123,1.2605222,0.8849379,0.20748102472966867,1.0
CST3,1.25822,0.5981667,0.2083122287039303,1.0
TMEM43,1.2563013,1.2278519,0.2090067405740086,1.0
CNBP,1.2524642,0.19140925,0.2104007938825565,1.0
APOA1BP,1.2520804,0.8182734,0.21054056839413016,1.0
PLSCR1,1.2509292,0.9076255,0.2109602949995666,1.0
PTGDS,1.2509292,3.0166473,0.2109602949995666,1.0
RAB4B,1.2505455,1.2688441,0.211100338263835,1.0
PAIP2,1.2501618,0.34110227,0.2112404487454046,1.0
BNIP2,1.2493943,0.98270625,0.21152087140692444,1.0
YPEL1,1.2478595,1.4016502,0.21208252384802384,1.0
DCXR,1.2436385,0.7222908,0.21363262238627823,1.0
MDH1,1.2424874,0.5010021,0.2140567918046068,1.0
SEC11C,1.24172,0.6089497,0.21433990868977826,1.0
PPIE,1.2398013,0.75394386,0.2150488820176123,1.0
UBE2N,1.2378827,0.6314325,0.21575954377770568,1.0
COPS6,1.2351967,0.50360036,0.21675730946967364,1.0
ANAPC5,1.2340455,0.8625882,0.21718593818087495,1.0
MRPS7,1.232127,0.61932766,0.21790167359419277,1.0
SMIM12,1.2313595,0.84968007,0.2181884419953829,1.0
SNRNP35,1.2309757,1.9370905,0.21833192786168332,1.0
NSL1,1.227906,1.3402157,0.21948225620446438,1.0
ATP5C1,1.2275223,0.44120792,0.21962635258630903,1.0
LAMTOR2,1.2248362,0.7737508,0.22063692875413443,1.0
CATSPER1,1.223685,3.0752916,0.22107105207231303,1.0
DYNLRB1,1.220999,0.45903614,0.22208638683057913,1.0
HARS,1.220999,1.2157156,0.22208638683057913,1.0
IFI44,1.2202315,1.039711,0.22237709494562852,1.0
EZR,1.2190804,0.5348709,0.22281366782473022,1.0
GLG1,1.2186967,1.2351444,0.2229593283479746,1.0
UBE2J2,1.218313,0.68080306,0.22310505700369831,1.0
NDUFS4,1.2148595,0.8533051,0.22441968257800227,1.0
IDS,1.2144758,0.48159355,0.22456609312808817,1.0
TBXAS1,1.2094874,2.2884002,0.22647564438008938,1.0
ITGAM,1.20872,1.9114542,0.22677044660912427,1.0
F2R,1.2064177,2.1886127,0.2276564951664093,1.0
ACTN4,1.2033479,1.2401834,0.22884172724200758,1.0
CRELD2,1.201813,0.84714097,0.22943598784249253,1.0
ADD1,1.2010455,1.0586292,0.2297335295573607,1.0
MTCH2,1.2010455,1.1211547,0.2297335295573607,1.0
TMEM107,1.2010455,2.0898547,0.2297335295573607,1.0
TMEM167B,1.2002782,2.1497982,0.2300313456523404,1.0
MAP1LC3B,1.1998944,0.40955406,0.23018035661658676,1.0
CPSF6,1.1979758,1.0747358,0.23092644099124948,1.0
SMARCE1,1.1964409,0.65871227,0.2315245445310481,1.0
MAP2K3,1.1941386,0.70829517,0.2324237613379102,1.0
ATRAID,1.1933712,0.4710648,0.23272405030909826,1.0
PTPRE,1.19222,1.3671505,0.23317499968296485,1.0
CLEC2B,1.1849293,0.76555306,0.23604540480440195,1.0
CMC1,1.1830107,0.5316534,0.23680491132150938,1.0
GFOD1,1.182627,3.1594174,0.23695701968882743,1.0
HECTD1,1.1818595,1.549032,0.2372614435589584,1.0
SNRPB,1.1807084,0.29362446,0.23771859733646805,1.0
KIF22,1.1803247,1.5287163,0.23787112009042743,1.0
COA5,1.1787897,1.1957285,0.23848190214916432,1.0
LYZ,1.17572,0.24653953,0.23970678509675392,1.0
PSMA4,1.1741852,0.7692842,0.24032088709926014,1.0
RP11-25K19.1,1.1741852,2.331157,0.24032088709926014,1.0
TRPV2,1.1726502,1.3039567,0.24093609685631745,1.0
STAT4,1.1726502,0.87415296,0.24093609685631745,1.0
CAPZA2,1.1695805,0.5524768,0.24216984181493195,1.0
PRKCB,1.1676619,0.95352125,0.2429431855699712,1.0
LCP2,1.1672782,0.6767398,0.24309806242159793,1.0
AKR1A1,1.1657432,0.90295047,0.24371826377289585,1.0
ELOVL1,1.1638247,0.9146264,0.24449507745422372,1.0
RALY,1.1622897,0.4220652,0.24511777862955253,1.0
PCMT1,1.1603712,0.60195744,0.24589771873542554,1.0
MT-CO1,1.15922,0.1019988,0.2463665171231454,1.0
MOB2,1.1576852,0.73260933,0.24699255546326426,1.0
AP2S1,1.1573014,0.3451899,0.247149238997887,1.0
NME4,1.1569177,0.884289,0.24730599212805038,1.0
PTPLAD2,1.1546154,1.1961365,0.24824797285223155,1.0
GPR114,1.1526967,1.7064224,0.24903487209046393,1.0
ADD3,1.1484759,0.5768752,0.25077218431392057,1.0
ROMO1,1.1477084,0.9021403,0.25108896599628805,1.0
PIGC,1.146941,0.9488159,0.2514060268224726,1.0
SUMO3,1.1461735,0.5516654,0.2517233668515497,1.0
FLI1,1.1450224,1.0304098,0.252199900529134,1.0
XAF1,1.1438712,0.5447986,0.2526770627427314,1.0
GBP4,1.1434875,1.6599176,0.2528362565224942,1.0
GCDH,1.14272,1.6899482,0.25315485368820845,1.0
PIGT,1.1411852,1.051156,0.25379288664544264,1.0
ADPRHL2,1.1408014,1.6123904,0.2539525696401428,1.0
LCP1,1.1408014,0.28325474,0.2539525696401428,1.0
MYD88,1.1392665,0.97822624,0.2545920008534316,1.0
DCAF11,1.1373479,1.4453983,0.25539286367535785,1.0
FUT11,1.1354294,1.9161732,0.25619547598307035,1.0
C14orf1,1.1335107,1.1295522,0.2569998386374285,1.0
PPP2R1A,1.1327432,0.54213977,0.25732207398696727,1.0
RAB8A,1.1319759,0.4696845,0.2576445895819617,1.0
MGMT,1.1300572,0.59932834,0.25845210499444293,1.0
TERF2IP,1.1296735,0.32625008,0.25861381837437414,1.0
TMIGD2,1.1292897,0.99369085,0.2587756018688593,1.0
SERTAD1,1.1254526,0.7831533,0.260397294550348,1.0
MT-ND6,1.1250689,1.2508512,0.2605598497345031,1.0
CDC42SE2,1.1239177,0.40465307,0.2610479364655336,1.0
TAP1,1.123534,0.34241825,0.26121077245651836,1.0
PTPN12,1.123534,2.8908598,0.26121077245651836,1.0
NASP,1.123534,0.7473775,0.26121077245651836,1.0
TFDP2,1.1219991,1.2177316,0.26186281865821004,1.0
MRPS21,1.1216154,0.5487659,0.2620260057993462,1.0
SLU7,1.120848,0.6419191,0.2623525908340084,1.0
EMG1,1.1200805,1.0433466,0.2626794569130465,1.0
TRAPPC4,1.1200805,0.73869705,0.2626794569130465,1.0
GSN,1.1181619,1.8515909,0.26349785200178977,1.0
OAZ2,1.1177782,1.0109175,0.26366174190672687,1.0
SMIM11,1.1170107,0.84607404,0.26398973265213266,1.0
MED11,1.116627,1.042499,0.264153833504606,1.0
SF3B5,1.1104875,0.32998356,0.2667890157350131,1.0
DENND2D,1.1089526,0.50508684,0.2674506272098808,1.0
CBR1,1.1066502,1.1571952,0.26844515783776135,1.0
DPM2,1.1066502,0.86611295,0.26844515783776135,1.0
TYMP,1.1054991,0.6119059,0.26894337451339945,1.0
VKORC1,1.1054991,0.661294,0.26894337451339945,1.0
DDX19B,1.1031967,1.3098999,0.26994171132554146,1.0
CNPY2,1.1031967,0.5164043,0.26994171132554146,1.0
SAMD9L,1.1020457,1.007119,0.27044183175254743,1.0
NCR1,1.0997434,3.384229,0.27144397736344117,1.0
VPS4B,1.0993596,0.82416296,0.27161124860577823,1.0
ZCCHC17,1.097441,1.0155318,0.2724486635859896,1.0
ZDHHC24,1.0970572,1.2694858,0.2726163583713809,1.0
TCEAL8,1.0959061,0.81759554,0.2731198663970683,1.0
GSDMD,1.0959061,0.5468934,0.2731198663970683,1.0
TUBA1B,1.0943712,0.28687555,0.27379219917960895,1.0
DDIT4,1.0928364,0.44010386,0.2744656622493319,1.0
LSM10,1.0924526,0.5333096,0.27463420466067634,1.0
PPP2R5C,1.0920689,0.30613545,0.2748028177392372,1.0
ZC3H13,1.0897666,1.4569014,0.27581598048919886,1.0
MLC1,1.0897666,3.002263,0.27581598048919886,1.0
YIPF3,1.0889992,1.1046957,0.27615426695864187,1.0
DCTPP1,1.0882317,1.1421268,0.27649283626674626,1.0
BATF,1.087848,0.6384103,0.2766622269968413,1.0
CIRBP,1.0874642,0.14766502,0.27683168845041795,1.0
RPN2,1.0866969,0.44941187,0.27717082354626166,1.0
SRSF4,1.0832434,0.6574295,0.27870043348189943,1.0
INPP5D,1.0832434,0.8116961,0.27870043348189943,1.0
UBE2E3,1.0828596,0.75868267,0.2788707439679886,1.0
WDR45,1.080941,1.0252055,0.2797233582049552,1.0
CD79B,1.0801736,0.8046976,0.28006489948927626,1.0
ADAM8,1.0786387,0.7078267,0.28074883182561683,1.0
TLN1,1.0778712,0.8348139,0.281091222944148,1.0
MRFAP1,1.0771039,0.44313502,0.28143389740674996,1.0
POLR2E,1.0759526,0.54821765,0.28194844044177214,1.0
G6PD,1.0751852,0.79045695,0.28229182340602055,1.0
MRPL28,1.0728829,0.8081379,0.2833236731627481,1.0
ARRB2,1.0724992,0.48446992,0.2834958962057428,1.0
CYB561D2,1.0724992,0.6466252,0.2834958962057428,1.0
LSM14A,1.0721154,0.79355633,0.28366819014000155,1.0
HES6,1.0705806,4.1128902,0.2843580748654154,1.0
C19orf52,1.0701969,2.0889597,0.28453072331262874,1.0
SAP30BP,1.0694294,0.7821461,0.2848762329520872,1.0
PDCD6IP,1.0690457,0.902288,0.28504909415168334,1.0
RP4-728D4.2,1.0690457,1.4074627,0.28504909415168334,1.0
PSTPIP2,1.0690457,4.0648026,0.28504909415168334,1.0
FMNL1,1.0675107,0.4393425,0.28574124823404234,1.0
SH3BP5,1.0675107,0.635202,0.28574124823404234,1.0
NDUFB7,1.0667434,0.33967826,0.28608775089591054,1.0
C1orf131,1.0667434,1.3359447,0.28608775089591054,1.0
TBRG4,1.0655922,1.7188886,0.2866080369943268,1.0
PLEKHA1,1.064441,1.0584339,0.2871289617031494,1.0
RASAL3,1.0640574,0.55281186,0.2873027452022452,1.0
HSBP1,1.0625224,0.9733566,0.2879985889364364,1.0
CRLF3,1.0625224,0.88722414,0.2879985889364364,1.0
CYTH1,1.0621387,0.5613399,0.2881727273211606,1.0
CYTH4,1.0590689,0.8018232,0.2895683902070092,1.0
YWHAZ,1.0590689,0.2706368,0.2895683902070092,1.0
SSBP3,1.0586852,1.9937892,0.2897431675918648,1.0
UBE2L3,1.0556154,0.37579304,0.29114394350008743,1.0
AP2M1,1.0552317,0.3943289,0.29131936013775295,1.0
COX6A1P2,1.0552317,0.5200643,0.29131936013775295,1.0
IFI27L2,1.0544642,0.6922994,0.2916704065452006,1.0
BCAP31,1.0540806,0.4459035,0.29184603632080797,1.0
CSK,1.0517782,0.47618344,0.29290130716121787,1.0
NDUFA8,1.0498596,0.66581595,0.2937826538896755,1.0
PGK1,1.0490922,0.18711457,0.2941356901375334,1.0
CTC-479C5.12,1.0487084,1.1220394,0.29431231489132814,1.0
PRCP,1.0483247,1.1140431,0.2944890107351811,1.0
KIR3DL1,1.0467899,26.768934,0.2951965050625893,1.0
PABPN1,1.0456387,1.3160107,0.29572787237847076,1.0
DEF6,1.0410341,0.38548064,0.29785974219917755,1.0
SHARPIN,1.0406504,0.6874015,0.2980378603606778,1.0
NSMCE1,1.0406504,0.7063853,0.2980378603606778,1.0
CCNL2,1.0394992,1.4880666,0.29857264169482955,1.0
SMAGP,1.0352782,2.1005232,0.30053898529736145,1.0
TMED3,1.0352782,0.88994676,0.30053898529736145,1.0
GIPC1,1.0345109,2.2440553,0.30089742743248393,1.0
ADI1,1.0341271,0.8622163,0.30107675525772426,1.0
PAK2,1.0329759,0.75413746,0.30161516578622216,1.0
RSRC2,1.0325922,0.56596065,0.30179477831932355,1.0
PSMD8,1.0318247,0.25969952,0.3021542169315351,1.0
TERF1,1.0314411,0.9245713,0.30233404301410927,1.0
AAK1,1.0302899,0.6095189,0.3028739483880639,1.0
ANKRD44,1.0299062,0.771748,0.30305405922699635,1.0
MRPL51,1.0299062,0.4393819,0.30305405922699635,1.0
CIAPIN1,1.0299062,1.0506198,0.30305405922699635,1.0
DNASE2,1.0291387,1.0729204,0.3034144944860354,1.0
MPHOSPH8,1.028755,0.43331787,0.30359481890932194,1.0
ELF1,1.0264527,0.5907653,0.30467826065873715,1.0
SLC9A3R1,1.0256852,0.3896861,0.3050399775478281,1.0
C1orf86,1.0256852,0.7057303,0.3050399775478281,1.0
PQLC3,1.0256852,1.0404916,0.3050399775478281,1.0
B4GALT4,1.0256852,2.6682026,0.3050399775478281,1.0
MCRS1,1.0249178,0.90784454,0.305401979275588,1.0
MRE11A,1.0210806,2.6479867,0.3072162608653506,1.0
ATG4B,1.0191619,1.1218973,0.30812607251543067,1.0
SIGLEC7,1.0187782,2.4550676,0.3083082485320263,1.0
SCNM1,1.0176271,0.6010303,0.30885520397364896,1.0
LSM2,1.0176271,0.527344,0.30885520397364896,1.0
POLR2F,1.0157084,0.42267078,0.30976822107374324,1.0
RPS19BP1,1.0153248,0.45794588,0.309951038206597,1.0
CTD-2521M24.9,1.0153248,1.2488431,0.309951038206597,1.0
TSR2,1.0149411,0.61604226,0.3101339265790749,1.0
HNRNPL,1.0145574,0.844399,0.31031688619199815,1.0
RBM39,1.0099527,0.26331943,0.3125179585724912,1.0
VRK3,1.0091852,1.3607229,0.3128858014303134,1.0
CCS,1.0088016,0.85229397,0.3130698297343876,1.0
VDAC2,1.0088016,0.39855283,0.3130698297343876,1.0
GTF2A2,1.0076504,0.5198769,0.3136223421530746,1.0
SLC16A3,1.0076504,2.0406115,0.3136223421530746,1.0
CYCS,1.0072666,0.29467997,0.3138066554629516,1.0
KPNA2,1.0061154,1.8135324,0.31436002290921583,1.0
PARP4,1.0061154,1.8092712,0.31436002290921583,1.0
GGPS1,1.0057317,1.265191,0.31454462123139704,1.0
TNFAIP8L2,1.0049644,1.0207006,0.3149140316378686,1.0
APBA2,1.0045806,1.8966973,0.315098843722742,1.0
TES,1.0034294,0.59994364,0.3156537075069752,1.0
NTAN1,1.0022783,1.1807951,0.31620921258999757,1.0
PRPF38A,1.0018946,0.5990974,0.3163945234626231,1.0
EMC6,1.0018946,0.59097695,0.3163945234626231,1.0
NCK1,1.0015109,0.7374763,0.31657990559126525,1.0
PSMC2,1.0003597,0.6627278,0.31713647951411594,1.0
VDAC1,1.0003597,0.47354367,0.31713647951411594,1.0
HIAT1,0.9992085,1.7882367,0.3176936947432065,1.0
TACC1,0.99844104,1.4391934,0.3180655278437572,1.0
CHTOP,0.9953713,0.7443452,0.3195557104795109,1.0
SCAND1,0.9911504,0.33352128,0.3216121576801798,1.0
TMEM179B,0.9903829,0.54496986,0.3219869834466076,1.0
UBE2V2,0.9896155,0.8482108,0.32236209421165707,1.0
TMEM173,0.98846436,0.6925948,0.32292529472193665,1.0
DAB2,0.98846436,2.5478537,0.32292529472193665,1.0
TSEN34,0.9846271,1.1404976,0.3248072606899992,1.0
NAA10,0.9846271,0.6032586,0.3248072606899992,1.0
C19orf66,0.9842434,0.45931455,0.32499584911631263,1.0
CHMP1A,0.98385966,1.0389208,0.3251845087811154,1.0
ATG12,0.9823248,0.6550135,0.325939859807321,1.0
PTRHD1,0.98155737,0.6984741,0.326317962727494,1.0
NRBP1,0.9804062,0.79289085,0.32688565134429415,1.0
SH3BGRL,0.97963876,0.2934442,0.327264466567608,1.0
S100A8,0.9781039,1.4874674,0.32802295172340223,1.0
SDF2,0.9773364,0.5986177,0.32840262163720446,1.0
TRIM38,0.97695273,1.2546178,0.3285925634238275,1.0
ETS1,0.9758015,0.6011632,0.3291628160873534,1.0
LSP1,0.97541785,0.19818774,0.32935304273872557,1.0
SETD3,0.97541785,1.0141245,0.32935304273872557,1.0
PTP4A2,0.9746504,0.32123333,0.3297337096786991,1.0
UQCRC1,0.973883,0.58112854,0.3301146614590633,1.0
RAB11B,0.97273177,0.65682477,0.3306866231803135,1.0
COX5A,0.97273177,0.347892,0.3306866231803135,1.0
PATL2,0.9723481,0.76531315,0.3308774194950249,1.0
RNF216,0.9715806,1.263054,0.33125922572679145,1.0
TPP1,0.97081316,1.1806133,0.3316413167512875,1.0
HINT2,0.96851087,0.62359816,0.33278929845165606,1.0
MRPS18C,0.966976,0.7565286,0.3335560433054304,1.0
IFT20,0.9662085,0.85927576,0.33393984280589983,1.0
ZBTB1,0.96582484,1.2295034,0.3341318493180896,1.0
MOB4,0.9642899,0.8197765,0.3349005870688886,1.0
MRPL13,0.9639062,2.3660102,0.3350929494223833,1.0
NAA20,0.9616039,0.6335144,0.3362486178814055,1.0
SF3A3,0.9616039,0.9686457,0.3362486178814055,1.0
FBXL15,0.96083647,0.67273545,0.3366344099228311,1.0
RAB5C,0.96045274,0.28577864,0.33682741266302385,1.0
CDKN2C,0.95968527,2.261626,0.3372136315714055,1.0
FKBP2,0.95891786,0.5562808,0.3376001350355756,1.0
DEF8,0.9585341,1.6222534,0.33779349347042276,1.0
CHMP5,0.95776665,0.40461972,0.3381804237341324,1.0
ZNF580,0.95776665,1.5167184,0.3381804237341324,1.0
MRPS25,0.95776665,2.2614264,0.3381804237341324,1.0
WDR45B,0.95699924,1.2287817,0.3385676385075971,1.0
C14orf166,0.9566155,0.38143086,0.3387613525795563,1.0
AGGF1,0.9562318,1.5200773,0.33895513777179276,1.0
PREX1,0.9558481,0.8897159,0.3391489940818744,1.0
LAMTOR1,0.95546436,0.28223148,0.33934292150734646,1.0
GNGT2,0.95546436,2.2875793,0.33934292150734646,1.0
UQCRFS1,0.9546969,0.3250951,0.3397309896945353,1.0
SEPT6,0.95354575,0.39297104,0.3403136252781308,1.0
CCL4L1,0.95162714,2.0836866,0.34128610655294744,1.0
FCRL3,0.9485574,2.1703036,0.34284577296870866,1.0
SEC61B,0.94778997,0.16966425,0.34323640027533,1.0
NEDD8,0.9470225,0.16070557,0.3436273118170925,1.0
CALM3,0.9454876,0.2672086,0.34440998751136664,1.0
LRRC8A,0.9454876,2.1672866,0.34440998751136664,1.0
ATP5L,0.9447202,0.20281103,0.34480175161566007,1.0
POP4,0.943569,0.79751146,0.34538993052437605,1.0
TXNL1,0.94241786,0.56286347,0.3459787486604551,1.0
STX5,0.94241786,0.6463974,0.3459787486604551,1.0
RCN2,0.94049925,0.46429867,0.34696153249028683,1.0
CEBPZ,0.9393481,1.222987,0.3475520548052743,1.0
NFATC2,0.9393481,1.2758743,0.3475520548052743,1.0
BBX,0.93858063,0.7730053,0.3479460912996992,1.0
H2AFV,0.936662,0.34780934,0.348932424663699,1.0
RP11-104L21.3,0.93474346,2.6650627,0.3499205321434513,1.0
PCYT1A,0.933976,2.6344373,0.3503162717868249,1.0
MPPE1,0.933976,1.071494,0.3503162717868249,1.0
AKR1B1,0.933976,0.56768775,0.3503162717868249,1.0
ZNF622,0.93359226,0.705353,0.3505142480191189,1.0
ARHGAP25,0.9324411,0.61705613,0.3511086023135723,1.0
DNM2,0.93090624,0.8234614,0.3519020676255413,1.0
CHST11,0.93013877,1.2043532,0.3522992257491073,1.0
GLUD1,0.9282202,0.63139665,0.3532933617531294,1.0
HNRNPM,0.9236156,0.24587226,0.3556865170229151,1.0
ATP5I,0.9228481,0.35047668,0.3560863680610412,1.0
ADRM1,0.92208064,0.39940447,0.35648650238664004,1.0
RAB11A,0.92169696,0.7517155,0.3566866757712783,1.0
COQ7,0.9213132,0.96684784,0.35688691996458377,1.0
MIB2,0.9213132,0.5128511,0.35688691996458377,1.0
TMBIM1,0.9209295,0.6621898,0.35708723496210926,1.0
TGOLN2,0.9201621,0.61414874,0.35748807735192,1.0
FLOT1,0.91977835,0.3959676,0.3576886047351989,1.0
JMJD6,0.91977835,0.8921444,0.3576886047351989,1.0
ITGAL,0.9167086,0.58969,0.35929537171909287,1.0
ARF6,0.9155574,0.23817626,0.3598990768268051,1.0
IDI1,0.9155574,0.5680585,0.3598990768268051,1.0
IRF7,0.9151737,0.53262556,0.36010045333871976,1.0
C16orf54,0.91479,1.9129936,0.36030190058064737,1.0
FAM122A,0.91479,1.8992072,0.36030190058064737,1.0
LRCH4,0.91440624,0.7168956,0.3605034185477588,1.0
RNF126,0.9132551,0.43933883,0.36110839675156703,1.0
SSBP1,0.91287136,0.3268276,0.3613101975706722,1.0
BBC3,0.9124876,1.3223733,0.3615120690904775,1.0
ARID1A,0.9124876,1.8033718,0.3615120690904775,1.0
MATR3,0.91210395,0.3999531,0.36171401130601877,1.0
COA3,0.9113365,0.6008937,0.3621181078043386,1.0
SHISA5,0.91095275,0.35164157,0.36232026207707557,1.0
NDUFB9,0.9105691,0.21351498,0.3625224870254654,1.0
ZBTB20,0.90903413,1.3210176,0.3633320934736688,1.0
RING1,0.90865046,1.7644603,0.3635346717237121,1.0
SCAMP4,0.907883,3.0791686,0.3639400401531372,1.0
SARS,0.907883,0.5357682,0.3639400401531372,1.0
HEXB,0.907883,0.7565729,0.3639400401531372,1.0
EXOSC3,0.9071156,1.7138169,0.36434569112014814,1.0
SRPR,0.9063481,0.71461105,0.3647516245825897,1.0
ACAT2,0.9044295,0.89664966,0.3657676938762886,1.0
DENND1C,0.9040458,1.3117653,0.36597111951550954,1.0
LAS1L,0.9040458,1.7199929,0.36597111951550954,1.0
CEBPB,0.90251094,0.46135098,0.3667855278254525,1.0
MED10,0.9021272,0.36306766,0.36698930631360926,1.0
HMOX2,0.9017435,0.40020213,0.3671931553549179,1.0
CCT7,0.900976,0.5024618,0.36760106507457413,1.0
MAGEF1,0.900976,1.536095,0.36760106507457413,1.0
TRAFD1,0.9002086,1.7526183,0.36800925693936304,1.0
KCTD10,0.8994411,2.7613566,0.36841773090386276,1.0
NAALADL1,0.89790624,1.7335508,0.3692355249484893,1.0
SIRT7,0.89790624,0.95177567,0.3692355249484893,1.0
ILK,0.89752257,0.6894345,0.3694401496999845,1.0
VPS36,0.8959877,0.84765357,0.37025935349186945,1.0
SMAP1,0.89560395,1.0530726,0.37046433060679007,1.0
FAM110A,0.8933016,1.3990694,0.37169567263871517,1.0
PCNA,0.891383,1.0849664,0.3727237275656061,1.0
CARHSP1,0.88946444,0.48272908,0.3737535421863122,1.0
TBPL1,0.88831323,0.7809803,0.3743722752856993,1.0
PLEKHJ1,0.88831323,0.4326625,0.3743722752856993,1.0
BECN1,0.8879295,0.96934974,0.3745786603352186,1.0
GMPS,0.8871621,0.90386385,0.3749916414203611,1.0
GTF3C6,0.8856272,0.5346917,0.3758184473538807,1.0
NMUR1,0.88409233,1.9928855,0.3766463779565743,1.0
EFCAB4B,0.88179,3.907535,0.37789038168773526,1.0
PSMC3,0.88179,0.41062555,0.37789038168773526,1.0
YIPF4,0.88140625,0.61231154,0.3780979614699599,1.0
ZNF302,0.8810226,1.3538171,0.3783056114703979,1.0
ATP6AP1,0.87987137,1.0509261,0.3789289827125527,1.0
RAB2A,0.8794877,0.4485176,0.3791369135172906,1.0
FADS2,0.8794877,3.7759702,0.3791369135172906,1.0
AIFM1,0.8794877,3.7967806,0.3791369135172906,1.0
IFT52,0.8787202,1.3551657,0.37955298567128515,1.0
NEU1,0.8779528,1.3276323,0.37996933850487413,1.0
ARHGAP30,0.8779528,0.392777,0.37996933850487413,1.0
CSRP1,0.8779528,1.5273702,0.37996933850487413,1.0
CRBN,0.87565047,0.35765558,0.38122008052098233,1.0
SLA2,0.87565047,0.96309966,0.38122008052098233,1.0
IDNK,0.87488306,1.4935341,0.38163755550888057,1.0
SLC25A39,0.8741156,0.83160913,0.3820553108924958,1.0
GFI1,0.87373185,1.9248209,0.38226429371462334,1.0
RRBP1,0.87296444,1.803946,0.38268246958316954,1.0
TMEM140,0.872197,1.9996219,0.383100925702035,1.0
PRR5L,0.872197,1.8623503,0.383100925702035,1.0
FAM65B,0.8710458,0.30588797,0.38372913522094454,1.0
PYCR2,0.8710458,0.667391,0.38372913522094454,1.0
ATP5EP2,0.8698947,0.3353306,0.38435797497064783,1.0
SEPT2,0.86682487,0.69543284,0.3860379605568178,1.0
PMVK,0.8664412,0.81851023,0.38624827357616576,1.0
MAP3K8,0.86260396,1.0763258,0.3883552488934302,1.0
CLK1,0.8622202,0.64702797,0.3885663307651308,1.0
SLC25A5,0.8614528,0.21186854,0.3889887040455877,1.0
STX10,0.8610691,0.91712135,0.38919999543834616,1.0
PNN,0.8610691,0.64678407,0.38919999543834616,1.0
SUN2,0.8603016,0.17402644,0.38962278768875425,1.0
REL,0.85991794,0.72198766,0.38983428853026647,1.0
PRPF19,0.8595342,0.9048925,0.3900458591718545,1.0
TWF2,0.85876673,0.4944414,0.3904692098227268,1.0
CYFIP2,0.85838306,0.5742529,0.39068098981568833,1.0
SRPK2,0.8576156,0.5826898,0.39110475909567977,1.0
OAS2,0.85723186,0.87554765,0.3913167483662474,1.0
SSR2,0.85723186,0.121874824,0.3913167483662474,1.0
PSMB6,0.85723186,0.3491248,0.3913167483662474,1.0
RHOBTB3,0.85646445,26.547132,0.3917409361271956,1.0
AKAP13,0.8560807,0.47798827,0.39195313460097403,1.0
GNG5,0.85454583,0.31197554,0.3928026255900079,1.0
LYSMD2,0.8541621,0.45135915,0.3930151725687756,1.0
LYPLA2,0.85301095,0.79569656,0.3936532315255571,1.0
STRAP,0.8526272,0.52608615,0.39386605715631395,1.0
ADCY7,0.8526272,1.2718067,0.39386605715631395,1.0
ANAPC11,0.8522435,0.41539395,0.39407895242876234,1.0
SLC25A20,0.8507086,1.1193101,0.3949312297637473,1.0
TBC1D22A,0.8503249,1.666603,0.3951444731156556,1.0
IL12RB1,0.8491737,0.4991078,0.39578462067609566,1.0
TRIM22,0.8491737,0.42941707,0.39578462067609566,1.0
UFL1,0.8480226,1.6799663,0.3964253943099899,1.0
HNRNPF,0.84763885,0.23640184,0.3966391246077,1.0
GALNT1,0.8472552,1.9608817,0.39685292443388764,1.0
SLC35A1,0.8472552,1.7281969,0.39685292443388764,1.0
SOCS2,0.8472552,1.6216577,0.39685292443388764,1.0
GEMIN7,0.8472552,0.9389362,0.39685292443388764,1.0
TMEM219,0.8472552,0.43189138,0.39685292443388764,1.0
PDCD6,0.84572023,0.26922798,0.3977088188456188,1.0
RBM42,0.84572023,0.8632503,0.3977088188456188,1.0
COX17,0.84341794,0.5991308,0.3989947447985789,1.0
NDUFAB1,0.84341794,0.45586213,0.3989947447985789,1.0
EIF4H,0.8422668,0.32459882,0.3996386451970365,1.0
LGALS9B,0.8414993,2.667187,0.4000682591552952,1.0
LRRFIP1,0.8403482,0.24690919,0.40071320044738845,1.0
RALGDS,0.8395807,1.3669106,0.4011435081037731,1.0
MLF2,0.83651096,0.496029,0.4028675114672299,1.0
RENBP,0.8349761,2.4067903,0.40373117573249473,1.0
UBQLN2,0.83420867,1.2765784,0.4041634232435808,1.0
SPG20,0.83382493,2.3875935,0.4043796508100004,1.0
TCIRG1,0.8334412,0.9143495,0.40459594757075645,1.0
WDTC1,0.8315226,2.3478253,0.40567846894872195,1.0
HOXB2,0.83113885,1.2980446,0.4058951806706512,1.0
TIMM13,0.83113885,0.43695349,0.4058951806706512,1.0
C16orf13,0.8307552,0.5632335,0.4061119615184158,1.0
PAM,0.8307552,2.4264548,0.4061119615184158,1.0
OARD1,0.83037144,1.0678539,0.40632881148213607,1.0
TMEM109,0.8292203,0.36945656,0.4069797759698798,1.0
AP5M1,0.8292203,2.3122284,0.4069797759698798,1.0
IDH3G,0.82883656,0.46332508,0.40719690229815364,1.0
RNF2,0.8284528,2.1727114,0.4074140976926315,1.0
POLDIP3,0.8280691,1.4683342,0.4076313621432922,1.0
SETD5,0.8280691,1.1819893,0.4076313621432922,1.0
TAPBPL,0.8273017,0.8204983,0.4080660981729607,1.0
HDAC1,0.82346445,0.39277,0.4102439182537422,1.0
RAB33A,0.82269704,1.4271208,0.4106803096840106,1.0
MAU2,0.8219296,1.8087504,0.41111697672643244,1.0
TDG,0.82116216,1.3672352,0.411553919297732,1.0
VTI1B,0.8207784,0.5519454,0.4117724938805839,1.0
OSER1,0.8203947,1.2366817,0.41199113731425596,1.0
RBBP7,0.8203947,0.42541483,0.41199113731425596,1.0
PSMB4,0.81924355,0.55211556,0.41264748061491885,1.0
NBPF10,0.8188598,1.7119452,0.4128663993464793,1.0
OCEL1,0.81809235,1.4030023,0.41330444319298587,1.0
RBM3,0.8177087,0.16880466,0.41352356828664116,1.0
NPC2,0.81655747,0.4349716,0.4141813561209754,1.0
SDHB,0.8150226,0.5231922,0.4150593687901091,1.0
DNAJB6,0.8146389,0.34946504,0.41527904371099944,1.0
HIST1H4C,0.8146389,0.8325888,0.41527904371099944,1.0
STX4,0.8134877,0.5954399,0.4159384805085079,1.0
MMP23B,0.8134877,1.7086015,0.4159384805085079,1.0
ABCB1,0.8134877,3.0491488,0.4159384805085079,1.0
RASSF7,0.81233656,0.62339365,0.41659853512876854,1.0
PDLIM1,0.80965054,1.6311476,0.4181410635500087,1.0
C17orf85,0.80965054,1.7264979,0.4181410635500087,1.0
PTK2B,0.8092668,0.65633655,0.4183616989873524,1.0
ALKBH3,0.80811566,1.1746652,0.4190240164049538,1.0
GLO1,0.80811566,0.5175963,0.4190240164049538,1.0
PRKCQ,0.80811566,1.6094464,0.4190240164049538,1.0
H2AFY,0.80811566,0.37831524,0.4190240164049538,1.0
HLA-DPA1,0.8073482,0.23652078,0.41946590382545745,1.0
TOP1,0.8073482,1.1594777,0.41946590382545745,1.0
DLD,0.80696446,1.1453378,0.41968695024445424,1.0
ATP5D,0.8054296,0.16251919,0.4205718203804689,1.0
DDIT3,0.80504584,0.73004264,0.4207932089724702,1.0
OSTM1,0.80427843,1.1877309,0.4212361913459256,1.0
CMTR2,0.80427843,1.5293328,0.4212361913459256,1.0
C20orf196,0.80351096,2.734822,0.4216794472286344,1.0
ASNA1,0.8019761,0.57379955,0.4225667791520261,1.0
RBMX,0.8019761,0.2650657,0.4225667791520261,1.0
ECHDC1,0.8012087,0.6779099,0.42301085500686786,1.0
ITFG1,0.7989063,0.9008646,0.4243447210209663,1.0
SRRM2,0.7981389,0.4452595,0.42478988886136293,1.0
EIF3A,0.79737145,0.6744525,0.42523532946157894,1.0
RNF125,0.79660404,0.5841823,0.425681042726228,1.0
POP7,0.79583657,0.8473001,0.42612702855954343,1.0
PIK3AP1,0.79583657,1.8576837,0.42612702855954343,1.0
EGLN2,0.7946854,0.50491524,0.4267965181653426,1.0
TIMM17A,0.7935343,0.93946576,0.42746662050812756,1.0
STX8,0.7935343,0.4928621,0.42746662050812756,1.0
GADD45B,0.79161566,0.3018524,0.42858481849206354,1.0
IFITM3,0.78969705,0.7873511,0.4297047160807477,1.0
GADD45GIP1,0.7893133,0.31999326,0.42992889941532675,1.0
NUDT5,0.7889296,0.5066964,0.4301531506598961,1.0
DCAF7,0.7889296,0.8345813,0.4301531506598961,1.0
TSC22D4,0.7889296,0.35617328,0.4301531506598961,1.0
PEX2,0.7881622,0.7551042,0.43060185682915186,1.0
SRP9,0.78777844,0.20163696,0.4308263117288512,1.0
KATNA1,0.7873947,1.824417,0.43105083448856785,1.0
ST3GAL5,0.787011,1.2327611,0.43127542509574857,1.0
CNPPD1,0.7866273,0.8462171,0.431500083537817,1.0
PDAP1,0.7866273,0.30711582,0.431500083537817,1.0
PLA2G16,0.78624356,0.58597463,0.431724809802173,1.0
STX7,0.78624356,0.8087772,0.431724809802173,1.0
C19orf48,0.7850924,1.7435795,0.43239939540260475,1.0
TSEN54,0.7847087,0.40735447,0.4326243928296313,1.0
ARL6IP6,0.7847087,0.8007047,0.4326243928296313,1.0
HOXB4,0.7847087,3.672828,0.4326243928296313,1.0
TOR1AIP2,0.78432494,1.7571008,0.4328494580155867,1.0
BCCIP,0.7839412,1.2276827,0.43307459094772827,1.0
TXNRD2,0.7839412,3.690406,0.43307459094772827,1.0
STOM,0.78355753,0.38237825,0.4332997916132888,1.0
MARCH5,0.78355753,0.8729468,0.4332997916132888,1.0
AP4B1,0.7831738,3.496552,0.4335250599994781,1.0
RCC2,0.78279006,1.6899086,0.43375039609348154,1.0
TOMM22,0.78279006,0.345156,0.43375039609348154,1.0
NDUFS5,0.7816389,0.25804284,0.43442681049387566,1.0
ATP6V1D,0.7812552,0.84563327,0.43465241729051596,1.0
ASCC2,0.78087145,0.57584727,0.43487809173054137,1.0
EPG5,0.78087145,3.1819625,0.43487809173054137,1.0
ESYT2,0.78010404,1.5244265,0.43532964348889536,1.0
GPR108,0.7797203,0.7264572,0.43555552078123816,1.0
RPA1,0.7797203,0.95849484,0.43555552078123816,1.0
PHF5A,0.77856916,0.46366024,0.4362335581545156,1.0
RAB24,0.7781854,1.4133532,0.43645970573410364,1.0
COX6B1,0.7781854,0.1157414,0.43645970573410364,1.0
HAX1,0.7781854,0.47414672,0.43645970573410364,1.0
XPA,0.7778017,0.81377476,0.4366859208527527,1.0
YARS,0.77741796,0.63884026,0.43691220349731563,1.0
MARCKSL1,0.7770343,0.5918567,0.43713855365462073,1.0
GRSF1,0.7758831,0.6532944,0.4378180090709173,1.0
DPP3,0.7758831,1.629856,0.4378180090709173,1.0
VAV1,0.7754994,1.0156095,0.43804462914700015,1.0
CAND1,0.7735808,0.95063984,0.43917874095868614,1.0
CEBPZ-AS1,0.77319705,1.0987272,0.43940576551374355,1.0
LYRM2,0.7728133,0.8426873,0.4396328574350852,1.0
ITGB1BP1,0.7716622,0.33439362,0.44031453726212344,1.0
RRAS2,0.77127844,1.014838,0.44054189851379066,1.0
MTSS1,0.77051103,1.0026191,0.4409968228998272,1.0
C6orf1,0.7693598,0.63773525,0.4416797139816323,1.0
ITPA,0.76897615,0.73515654,0.44190747882173276,1.0
IMPDH1,0.76782495,0.7736649,0.4425911765887919,1.0
TXNDC17,0.7674413,0.66982913,0.44281921021425297,1.0
PRMT1,0.76629007,0.40801597,0.4435037140068867,1.0
CLTB,0.76629007,0.39743987,0.4435037140068867,1.0
MIF,0.76629007,0.16804703,0.4435037140068867,1.0
SAFB,0.7659064,0.7129718,0.4437320161970526,1.0
RGS19,0.76552266,0.23477072,0.4439603854937383,1.0
VPS26B,0.7651389,0.8099835,0.44418882188303366,1.0
NFATC3,0.7647552,0.59088814,0.44441732535100453,1.0
ICT1,0.7643715,1.3047943,0.4446458958836932,1.0
PSMA3,0.76360404,0.40764534,0.4451032380872725,1.0
BABAM1,0.7624529,0.69258237,0.44578975402770504,1.0
WASF2,0.7624529,0.49294007,0.44578975402770504,1.0
EMC10,0.76168543,0.65861416,0.44624776624713514,1.0
VBP1,0.76168543,0.57278997,0.44624776624713514,1.0
LGALS9C,0.7613017,26.202448,0.44647687279221826,1.0
STK40,0.7605343,1.9743481,0.44693528668225757,1.0
ZEB2,0.7605343,0.78088176,0.44693528668225757,1.0
SLC25A1,0.7597668,1.3286546,0.447393968210699,1.0
APRT,0.7597668,0.12376085,0.447393968210699,1.0
MAST3,0.7589994,1.9489923,0.4478529172634934,1.0
PET100,0.7589994,0.34644407,0.4478529172634934,1.0
METTL23,0.75784826,0.48886985,0.4485418422004268,1.0
IPO9,0.7574645,1.8784308,0.44877161748403915,1.0
RHEBL1,0.75669706,1.8305591,0.44923136842178435,1.0
PTPRC,0.75439477,0.13923398,0.45061222315685523,1.0
SLIRP,0.7528599,0.7824785,0.45153412675075066,1.0
TUBB,0.75247616,0.21682462,0.45176476923641307,1.0
MRPL47,0.75055754,0.6968287,0.4529189804514866,1.0
NLRP1,0.7494064,1.5290209,0.45361230567696187,1.0
NDUFA2,0.7474878,0.24558997,0.4547691772564686,1.0
HLA-DRA,0.74710405,0.16249028,0.4550007508681788,1.0
NDUFA13,0.74710405,0.15784183,0.4550007508681788,1.0
SUCLG1,0.74518543,0.46734908,0.4561596145777156,1.0
AUTS2,0.74518543,2.3283317,0.4561596145777156,1.0
ZNF207,0.74480176,0.34387735,0.4563915863439296,1.0
RP11-485G4.2,0.74288315,2.369549,0.4575524394605971,1.0
FAM133B,0.74288315,0.77984166,0.4575524394605971,1.0
RP3-477O4.14,0.7421157,2.389055,0.4580172444220495,1.0
DLST,0.74173194,1.4416558,0.4582497462089091,1.0
SLC3A2,0.74173194,0.41845638,0.4582497462089091,1.0
DUSP23,0.74134827,0.5647524,0.45848231417934604,1.0
KLHDC3,0.74019706,0.7128961,0.45918041503786333,1.0
MAP3K11,0.74019706,1.4461879,0.45918041503786333,1.0
SCO2,0.7398134,0.970182,0.4594132475882332,1.0
PPID,0.7398134,0.7123859,0.4594132475882332,1.0
NHP2L1,0.7398134,0.20610777,0.4594132475882332,1.0
XPNPEP1,0.73942965,1.2815958,0.459646146244873,1.0
SAE1,0.73942965,0.8537279,0.459646146244873,1.0
CIR1,0.7390459,0.76682353,0.45987911099224965,1.0
GNPTG,0.7386622,0.7393385,0.4601121418148063,1.0
SREK1IP1,0.7378948,0.7232297,0.46057840162311237,1.0
RNF187,0.7378948,0.40364143,0.46057840162311237,1.0
CLTC,0.73751104,2.0981739,0.4608116305776284,1.0
TGFBR1,0.73751104,2.4574497,0.4608116305776284,1.0
UROS,0.7371273,0.5276604,0.461044925544858,1.0
TSSC4,0.7363599,0.595189,0.46151171345472863,1.0
ZFAND3,0.7363599,1.3539891,0.46151171345472863,1.0
SLC27A3,0.7363599,1.3406134,0.46151171345472863,1.0
PPIL1,0.7355924,1.3868577,0.46197876522702686,1.0
DHRS3,0.7344413,2.2293549,0.4626798373516249,1.0
DNTTIP2,0.7344413,0.6184281,0.4626798373516249,1.0
CTDNEP1,0.7344413,2.1872232,0.4626798373516249,1.0
FKBP3,0.7336738,0.5487607,0.46314754822756266,1.0
SSSCA1,0.7329064,0.64481115,0.4636155225229813,1.0
NFKBIB,0.7329064,1.1737735,0.4636155225229813,1.0
KPNB1,0.73213893,0.5128743,0.46408376011046537,1.0
OGFOD3,0.73175526,1.251413,0.46431797759881,1.0
BTG2,0.7309878,0.19829692,0.46478660988465237,1.0
IFNAR2,0.73060405,0.5874052,0.46502102465005735,1.0
ADH5,0.73060405,0.360081,0.46502102465005735,1.0
UPF3B,0.72983664,0.7199724,0.46549005134542465,1.0
DDX24,0.72983664,0.32192773,0.46549005134542465,1.0
C11orf73,0.7294529,0.49465963,0.4657246632431512,1.0
CTCF,0.7294529,1.3062228,0.4657246632431512,1.0
RNF139,0.7275343,0.3647031,0.4668987075853477,1.0
PTPN2,0.7275343,0.43805295,0.4668987075853477,1.0
APOBEC3C,0.72715056,0.5673353,0.4671337133109227,1.0
ARHGEF1,0.72715056,0.29581007,0.4671337133109227,1.0
DIP2A,0.72715056,0.79137564,0.4671337133109227,1.0
KLF13,0.7267669,0.7876916,0.4673687846175726,1.0
RSAD2,0.72638315,1.2849654,0.46760392148897667,1.0
DRG1,0.72638315,0.5952027,0.46760392148897667,1.0
ANXA1,0.7259994,0.16956551,0.4678391239087901,1.0
HTATSF1,0.725232,0.7161824,0.46830972532814785,1.0
RFC2,0.725232,1.0097506,0.46830972532814785,1.0
CCNH,0.7248483,0.38974893,0.4685451242948837,1.0
TMED5,0.7236971,0.608503,0.4692517140259659,1.0
CHCHD3,0.7236971,0.70483875,0.4692517140259659,1.0
ZBP1,0.7236971,0.8587653,0.4692517140259659,1.0
CASP10,0.72292966,1.5913359,0.4697231010408124,1.0
STAG2,0.7213948,1.6683964,0.47066665974048394,1.0
TIMM8B,0.72024363,0.5710387,0.47137501482778255,1.0
WHAMM,0.7198599,0.7282616,0.471611263779811,1.0
PPP2R4,0.7198599,1.2399212,0.471611263779811,1.0
ASB1,0.7198599,0.84291005,0.471611263779811,1.0
ORAI3,0.7190924,1.1229377,0.47208395746779586,1.0
PPCS,0.718325,0.39901197,0.47255691208907213,1.0
CCDC94,0.71755755,1.5828061,0.47303012750897055,1.0
AP003774.1,0.71755755,1.5563105,0.47303012750897055,1.0
COA1,0.71679014,0.82233405,0.47350360359244026,1.0
VPS37B,0.7160227,1.1167369,0.473977340204049,1.0
MRPS23,0.7160227,0.51533604,0.473977340204049,1.0
LLPH,0.71525526,0.80888,0.47445133720798305,1.0
MBD4,0.7148715,0.80175054,0.4746884333145259,1.0
PTP4A1,0.7148715,0.7346506,0.4746884333145259,1.0
UBN1,0.7144878,1.050772,0.47492559446804705,1.0
FLII,0.7144878,1.2755139,0.47492559446804705,1.0
UXS1,0.7137204,1.0804036,0.47540011184766473,1.0
VMA21,0.7129529,1.0678324,0.47587488920987775,1.0
COPB1,0.7125692,0.8654476,0.47611237534155393,1.0
UCHL3,0.7121855,1.4611363,0.47634992641734686,1.0
SNX17,0.7121855,0.31229648,0.47634992641734686,1.0
VPS29,0.7121855,0.3242145,0.47634992641734686,1.0
SH3BP2,0.71180177,0.9354351,0.47658754242002943,1.0
EIF4E2,0.71141803,0.6211721,0.4768252233323512,1.0
NUDT16,0.71141803,1.0265458,0.4768252233323512,1.0
CCDC107,0.71141803,0.26181492,0.4768252233323512,1.0
RAB5A,0.7102669,0.88998675,0.47753865535428375,1.0
FAHD2A,0.70988315,2.6000688,0.47777659573217623,1.0
UQCRC2,0.70642966,0.29895994,0.4799209740771786,1.0
IRF9,0.7060459,0.43921506,0.4801595618997647,1.0
MPHOSPH6,0.7052785,0.59477884,0.4806369314713572,1.0
FAM71D,0.7052785,1.231545,0.4806369314713572,1.0
OASL,0.7041274,0.89658225,0.48135347037996,1.0
PPP3CC,0.70374364,0.46649402,0.4815924458256948,1.0
ZMAT2,0.70297617,0.29843503,0.4820705903249952,1.0
SRRT,0.70297617,1.2254363,0.4820705903249952,1.0
IMP4,0.70297617,0.6463619,0.4820705903249952,1.0
AHSA1,0.70297617,0.3742198,0.4820705903249952,1.0
RRP7A,0.7025925,0.7235387,0.48230975934298725,1.0
NDUFS7,0.70220876,0.30785742,0.48254899284945196,1.0
DCP2,0.70220876,1.0218118,0.48254899284945196,1.0
INPP5K,0.70220876,0.7385644,0.48254899284945196,1.0
ISY1,0.70105755,0.6011744,0.48326708012110065,1.0
DCAF8,0.7006739,0.8486439,0.48350657140275577,1.0
DNAJC17,0.699139,1.1983635,0.48446518033964114,1.0
MXD4,0.69875526,1.7754774,0.48470499343642437,1.0
ACADVL,0.6983715,0.5525384,0.48494487084214755,1.0
LEPROT,0.6983715,0.91739154,0.48494487084214755,1.0
CLPP,0.6979878,0.44249004,0.48518481253872625,1.0
HELZ2,0.6976041,0.7682333,0.48542481850805275,1.0
BEX4,0.69683665,0.6743127,0.4859050231923985,1.0
GLIPR1,0.69683665,0.48985007,0.4859050231923985,1.0
CYP2R1,0.6964529,1.7300766,0.4861452218710831,1.0
RNF10,0.6964529,0.7365538,0.4861452218710831,1.0
CD74,0.6956855,0.051483855,0.4866258118104606,1.0
OLA1,0.6953018,0.46434098,0.4868662030346762,1.0
VCPKMT,0.69491804,1.7648193,0.4871066584042183,1.0
POLR2H,0.69453436,0.58190733,0.4873471779007892,1.0
EXOSC9,0.69453436,1.1363624,0.4873471779007892,1.0
CARD8,0.6941506,0.49647278,0.48758776150606675,1.0
MKKS,0.6929994,0.683786,0.4883098967905649,1.0
RELA,0.6918483,0.7787125,0.48903260839155516,1.0
CASP3,0.6918483,1.6756172,0.48903260839155516,1.0
C1orf174,0.6918483,0.8726836,0.48903260839155516,1.0
SNRPE,0.6918483,0.29182258,0.48903260839155516,1.0
RNPEP,0.69146454,1.1186069,0.48927364024277153,1.0
ACP5,0.69069713,3.5712934,0.48975589581049817,1.0
PCYT2,0.68916225,1.1098013,0.4907211738872954,1.0
AP3D1,0.6883948,1.0955853,0.49120419609846544,1.0
VPS8,0.6883948,3.38259,0.49120419609846544,1.0
LSM6,0.6880111,0.56760365,0.49144580293189044,1.0
ASL,0.6864762,1.5307391,0.49241286801398365,1.0
ALG13,0.6860925,1.3148916,0.4926547936276804,1.0
RNF114,0.685325,0.5431146,0.49313883593505514,1.0
COPB2,0.6845576,0.95622927,0.4936231328898334,1.0
RASA3,0.6845576,0.5605769,0.4936231328898334,1.0
POLD4,0.6841739,0.2828815,0.49386537681269527,1.0
RP4-758J18.2,0.6841739,1.5899789,0.49386537681269527,1.0
SMYD3,0.6834064,0.8700184,0.4943500554545506,1.0
DCPS,0.68302274,1.0804179,0.49459249013554707,1.0
AGK,0.68302274,1.082165,0.49459249013554707,1.0
AC010642.1,0.682639,0.6253164,0.4948349883645522,1.0
TIMMDC1,0.68225527,0.6690362,0.4950775501225081,1.0
SEPHS2,0.68148786,0.69976294,0.49556286414892303,1.0
SRP54,0.6807204,0.6295943,0.49604843206185634,1.0
GEMIN6,0.67956924,1.5181515,0.496777259632999,1.0
SAP18,0.67956924,0.107768215,0.496777259632999,1.0
AP1M1,0.6791855,1.0669115,0.49702032893364056,1.0
PIH1D1,0.67841804,0.46176955,0.497506657584725,1.0
TMCO1,0.67803437,0.27109712,0.4977499168965548,1.0
CHMP4A,0.67688316,0.15787067,0.49848007454501997,1.0
IGFLR1,0.67688316,0.9260651,0.49848007454501997,1.0
SKIV2L2,0.67688316,1.9765497,0.49848007454501997,1.0
SERPINB6,0.6764995,0.40777695,0.4987235869342025,1.0
RPL22L1,0.6753483,0.38619617,0.499454503348719,1.0
PPA2,0.6753483,0.66186464,0.499454503348719,1.0
TIPRL,0.6738134,0.90455574,0.500429942749604,1.0
ARHGAP1,0.6738134,1.0389168,0.500429942749604,1.0
LRRC58,0.673046,1.8939961,0.5009180410328915,1.0
CNDP2,0.6722785,0.4366006,0.5014063914953997,1.0
LMF2,0.6722785,1.2244599,0.5014063914953997,1.0
TP53I13,0.6718948,1.2813298,0.5016506612446634,1.0
FXN,0.6715111,1.0010291,0.5018949939796477,1.0
CHMP3,0.6711274,0.5445275,0.5021393896806081,1.0
RPP38,0.66997623,0.74795187,0.5028729543815516,1.0
BDH2,0.66997623,2.0141494,0.5028729543815516,1.0
ELMO2,0.66920877,1.7959617,0.5033623119823564,1.0
MVP,0.66920877,0.57687384,0.5033623119823564,1.0
PARP12,0.66882503,1.1204809,0.5036070850632246,1.0
UBXN6,0.66844136,1.8163688,0.5038519209711986,1.0
MAT2A,0.66844136,1.9464391,0.5038519209711986,1.0
CRYZL1,0.66729015,1.0298644,0.5045868054583064,1.0
C19orf70,0.6669065,0.26468295,0.5048318924751363,1.0
ULK1,0.666139,26.130352,0.5053222546703573,1.0
C15orf40,0.666139,0.8983083,0.5053222546703573,1.0
UCK2,0.666139,26.068357,0.5053222546703573,1.0
NTPCR,0.666139,1.1783844,0.5053222546703573,1.0
LSM4,0.6657553,0.3607689,0.5055675298086225,1.0
TRNAU1AP,0.66498786,0.69734657,0.5060582680659707,1.0
LENG1,0.6646041,0.44335297,0.5063037311447862,1.0
USF1,0.6646041,1.8824459,0.5063037311447862,1.0
SLTM,0.6642204,0.39443672,0.5065492568301451,1.0
TSN,0.6623018,0.6797188,0.5077778236475192,1.0
ACOT4,0.6623018,1.6891172,0.5077778236475192,1.0
TRIAP1,0.66115063,0.69161075,0.5085157137205005,1.0
ZNF600,0.66115063,1.1006436,0.5085157137205005,1.0
HENMT1,0.6607669,0.5299991,0.508761801953249,1.0
GPAA1,0.65961576,0.45353594,0.5095004409910914,1.0
CTBP1,0.659232,0.87450916,0.5097467787153981,1.0
TPGS1,0.6588483,0.40975073,0.5099931787614058,1.0
TTC1,0.6580809,0.5138767,0.51048616573641,1.0
MRFAP1L1,0.656546,0.6821729,0.5114728866422608,1.0
AARS,0.65616226,1.6112065,0.5117197223642257,1.0
EXOG,0.65616226,0.8202859,0.5117197223642257,1.0
CNOT1,0.6557785,0.63798255,0.5119666202430523,1.0
CHMP1B,0.6557785,0.36787885,0.5119666202430523,1.0
ZMAT5,0.6557785,1.1365763,0.5119666202430523,1.0
FNBP4,0.6546274,0.78280693,0.512707686613477,1.0
MRPL54,0.65270877,0.34213144,0.5139440384304577,1.0
SMC4,0.65232503,0.836035,0.5141914947862343,1.0
NHLRC3,0.6511739,0.5121797,0.5149342354619366,1.0
PEX19,0.6511739,0.97583133,0.5149342354619366,1.0
TUBGCP2,0.6504065,2.354503,0.5154297053762975,1.0
CMPK2,0.6492553,1.3099577,0.5161733740231196,1.0
C12orf45,0.6488716,2.1964357,0.5164213871611456,1.0
NSD1,0.64848787,0.56190765,0.5166694620585116,1.0
SNX1,0.64848787,0.5658468,0.5166694620585116,1.0
ZBTB16,0.64810413,0.705447,0.5169175986940604,1.0
CSNK1A1,0.6477204,0.31081635,0.5171657970466119,1.0
C10orf128,0.6477204,1.3214701,0.5171657970466119,1.0
TM2D1,0.6473367,0.59093136,0.5174140570949619,1.0
FNDC3B,0.6473367,2.29645,0.5174140570949619,1.0
NDUFC2,0.646953,0.23720482,0.5176623788178834,1.0
DGCR6L,0.64656925,0.27074322,0.5179107621941256,1.0
CCDC102A,0.64580184,2.2246084,0.5184077138214522,1.0
TMEM165,0.64580184,0.276317,0.5184077138214522,1.0
PPP1R3E,0.6454181,1.3666383,0.5186562820299181,1.0
CALCOCO1,0.6454181,1.356561,0.5186562820299181,1.0
ELOF1,0.6454181,0.4583188,0.5186562820299181,1.0
RNPEPL1,0.6454181,0.37385708,0.5186562820299181,1.0
LUC7L3,0.6450344,0.34184238,0.5189049118064675,1.0
CDC5L,0.64465064,0.6239719,0.5191536031297328,1.0
HEG1,0.6442669,2.203447,0.5194023559783225,1.0
GNPDA1,0.6438832,1.2808052,0.5196511703308222,1.0
PTPRN2,0.6434995,2.3278883,0.5199000461657937,1.0
RCBTB2,0.6434995,0.92388904,0.5199000461657937,1.0
PDE6G,0.642732,2.1404943,0.5203979821972825,1.0
AAAS,0.64234835,1.0072529,0.5206470423508067,1.0
UBA1,0.6419646,0.9228594,0.5208961639008165,1.0
ACSL5,0.6415809,1.1930704,0.5211453468257568,1.0
ARMC7,0.6415809,1.2981689,0.5211453468257568,1.0
MAD1L1,0.6415809,0.5768833,0.5211453468257568,1.0
PGRMC2,0.64119714,1.3148632,0.521394591104049,1.0
SCLT1,0.64119714,2.2153904,0.521394591104049,1.0
GSKIP,0.64119714,0.889465,0.521394591104049,1.0
P4HB,0.64042974,0.21005714,0.5218932636342584,1.0
CCDC47,0.64042974,0.92942786,0.5218932636342584,1.0
CCT6A,0.6392786,0.35337856,0.5226417320389068,1.0
GPSM3,0.6392786,-0.012832848,0.5226417320389068,1.0
ORC4,0.6385111,1.1151284,0.5231410171284498,1.0
SMARCB1,0.6381274,0.5212111,0.5233907514539284,1.0
ZNF254,0.6381274,2.0184698,0.5233907514539284,1.0
ZNF224,0.63774365,1.2494015,0.5236405469375012,1.0
ADAR,0.63736,0.30384105,0.5238904035573559,1.0
MAP2K7,0.63697624,1.1459916,0.5241403212916573,1.0
TP53RK,0.63697624,0.9711596,0.5241403212916573,1.0
SSR4,0.63697624,0.19181208,0.5241403212916573,1.0
C20orf112,0.6365925,1.9893578,0.5243903001185467,1.0
ZFAND2A,0.63544136,1.2213068,0.5251406029358034,1.0
ARV1,0.6350576,0.8843671,0.5253908259139892,1.0
UQCRH,0.6350576,0.13858896,0.5253908259139892,1.0
LINC00339,0.6350576,1.925167,0.5253908259139892,1.0
FADD,0.6339065,1.1719394,0.5261418606581922,1.0
PHKG2,0.6339065,0.79575783,0.5261418606581922,1.0
SH2D3C,0.633139,1.1468335,0.526642855108753,1.0
DBF4,0.63160414,1.2275894,0.5276455743053943,1.0
HMHA1,0.6308367,0.25201303,0.5281472986970717,1.0
MYO9B,0.63006926,1.5263729,0.5286492660474309,1.0
ROCK1,0.62930185,0.3635141,0.5291514761783385,1.0
C5orf15,0.62930185,1.5643986,0.5291514761783385,1.0
LSM7,0.62930185,0.29397848,0.5291514761783385,1.0
ATP6V1E1,0.6289181,0.36491063,0.5294026722307299,1.0
DERL1,0.6285344,0.35531628,0.52965392891129,1.0
FAM3A,0.6285344,1.1052209,0.52965392891129,1.0
C11orf21,0.62776697,0.74304223,0.5301566240674085,1.0
CYTH2,0.62738323,0.912769,0.5304080624981544,1.0
MR1,0.6269995,0.97689927,0.5306595614674448,1.0
PSMG1,0.6269995,0.9787645,0.5306595614674448,1.0
HELZ,0.6262321,0.6932675,0.5311627409317783,1.0
LPGAT1,0.6254646,1.5800875,0.5316661622804167,1.0
GIMAP6,0.6254646,0.31093776,0.5316661622804167,1.0
PDIA4,0.62392974,0.5101063,0.5326737299087813,1.0
PILRB,0.62392974,0.41345784,0.5326737299087813,1.0
NCAM1,0.62316227,3.218905,0.5331778758266656,1.0
CCDC12,0.62316227,0.27380383,0.5331778758266656,1.0
ELP6,0.6227786,1.0635189,0.5334300392321977,1.0
LAMTOR3,0.62239486,0.94392514,0.5336822629051715,1.0
SNX14,0.62239486,1.4961295,0.5336822629051715,1.0
MTHFR,0.62239486,2.5798354,0.5336822629051715,1.0
KAT6A,0.62239486,1.018913,0.5336822629051715,1.0
VPS16,0.62239486,0.99227303,0.5336822629051715,1.0
TXNL4A,0.6216274,0.38553166,0.5341868909624505,1.0
FRG1,0.62086,0.40782535,0.5346917598162835,1.0
SENCR,0.62086,2.50006,0.5346917598162835,1.0
KAT6B,0.62086,2.6178586,0.5346917598162835,1.0
WDR55,0.62047625,0.832464,0.5349442844848626,1.0
FGL2,0.6200925,1.3598806,0.53519686928408,1.0
RBM17,0.61970884,0.4027893,0.5354495141910539,1.0
IRAK1,0.61855763,2.513669,0.5362078093293519,1.0
UTRN,0.61855763,0.57657045,0.5362078093293519,1.0
DYNLL2,0.61855763,1.4044061,0.5362078093293519,1.0
VAV3,0.6177902,2.4421587,0.5367136395397951,1.0
PEA15,0.61702275,2.5662034,0.5372197096301387,1.0
SMARCD1,0.61702275,1.4953601,0.5372197096301387,1.0
SIN3A,0.61702275,2.5167384,0.5372197096301387,1.0
FAM49A,0.61702275,2.460195,0.5372197096301387,1.0
SRD5A1,0.61625534,2.4023857,0.5377260194159412,1.0
VIT,0.61625534,2.403192,0.5377260194159412,1.0
M6PR,0.6158716,0.3052422,0.5379792641369004,1.0
AUP1,0.6154879,0.38880664,0.5382325687123917,1.0
AAGAB,0.6154879,0.6727807,0.5382325687123917,1.0
PPP3R1,0.6154879,0.9343581,0.5382325687123917,1.0
SUCLG2,0.6154879,0.63604254,0.5382325687123917,1.0
RTFDC1,0.61510414,0.3012556,0.5384859331192555,1.0
MAPK14,0.61472046,1.2870736,0.5387393573343098,1.0
DENND3,0.61472046,2.2092981,0.5387393573343098,1.0
STK17A,0.61356926,0.12311064,0.5394999885964473,1.0
CCM2,0.6131856,0.40051958,0.5397536518119797,1.0
COX7B,0.6131856,0.5773776,0.5397536518119797,1.0
SNAPC3,0.6124181,2.387192,0.540261157295524,1.0
ERI1,0.6124181,2.3490756,0.540261157295524,1.0
NELFE,0.6124181,0.50266373,0.540261157295524,1.0
ETHE1,0.6124181,0.3883817,0.540261157295524,1.0
PLCL2,0.6116507,2.2178516,0.5407689013601207,1.0
CYTL1,0.6116507,2.1061041,0.5407689013601207,1.0
MBNL1,0.61088324,0.23779722,0.5412768838187437,1.0
FIP1L1,0.61011577,0.60857797,0.5417851044839981,1.0
NR2C2AP,0.6097321,1.1997709,0.5420393040854502,1.0
UBR5,0.60934836,1.2749972,0.5422935631681203,1.0
ASB8,0.6089646,0.533356,0.5425478817084799,1.0
MTPN,0.6089646,0.70126045,0.5425478817084799,1.0
DEDD2,0.6089646,0.44663352,0.5425478817084799,1.0
ACTR1A,0.6085809,0.51802266,0.5428022596829783,1.0
UBE2M,0.6085809,1.745815,0.5428022596829783,1.0
TRIM8,0.6085809,1.1623248,0.5428022596829783,1.0
SMARCA5,0.6085809,0.5760662,0.5428022596829783,1.0
SMG1,0.60666233,1.0915701,0.5440750402416559,1.0
VOPP1,0.6062786,0.52389866,0.5443297743251274,1.0
AC006129.2,0.6062786,1.1847925,0.5443297743251274,1.0
MRPS34,0.60512745,0.35010552,0.5450943320924058,1.0
MTCH1,0.60512745,0.3910603,0.5450943320924058,1.0
SLC35A4,0.6047437,0.8723981,0.5453493031079268,1.0
EIF4EBP2,0.6047437,0.9398273,0.5453493031079268,1.0
PPP2R5A,0.60436,0.505393,0.5456043332970082,1.0
STAMBP,0.60397625,0.9560382,0.5458594226358228,1.0
WAS,0.60397625,0.29579133,0.5458594226358228,1.0
PDCD10,0.60320884,0.37332085,0.5463697786672308,1.0
CARD11,0.6028251,1.5469757,0.546625045312056,1.0
ZCCHC7,0.6028251,1.066415,0.546625045312056,1.0
KDELR1,0.6024414,0.6149293,0.5468803710110779,1.0
EHMT1,0.6024414,1.0648421,0.5468803710110779,1.0
POMP,0.6024414,0.34566954,0.5468803710110779,1.0
KRCC1,0.60167396,0.67186415,0.5473911994759241,1.0
SNUPN,0.6012902,1.0591084,0.5476467021937965,1.0
CDK2AP2,0.6009065,0.28781474,0.5479022638699628,1.0
GNAI2,0.6001391,0.46775818,0.5484135640010208,1.0
FUNDC2,0.6001391,0.3483598,0.5484135640010208,1.0
REXO2,0.6001391,0.7608016,0.5484135640010208,1.0
GIT2,0.59975535,0.4744902,0.5486693024077776,1.0
CYB5R3,0.5993716,0.6408205,0.5489250996765584,1.0
TYK2,0.5993716,1.6119752,0.5489250996765584,1.0
OXLD1,0.5989879,0.6526188,0.5491809557832383,1.0
NPAT,0.5986042,1.483174,0.5494368707036699,1.0
SYAP1,0.59783673,0.81528056,0.5499488768890834,1.0
VPS72,0.59783673,0.5883498,0.5499488768890834,1.0
RFXANK,0.597453,0.60389763,0.550204968105656,1.0
PARP14,0.597453,1.0109637,0.550204968105656,1.0
LSS,0.5966856,3.3410974,0.5507173266653378,1.0
CCDC51,0.5966856,3.656832,0.5507173266653378,1.0
COQ10B,0.59630185,0.6988856,0.5509735939599003,1.0
RNF168,0.59630185,1.727634,0.5509735939599003,1.0
KANSL1,0.5959181,0.6108173,0.5512299198985415,1.0
ETFDH,0.5959181,3.409301,0.5512299198985415,1.0
PEX5,0.5959181,3.4526715,0.5512299198985415,1.0
ACOT2,0.5955344,1.459987,0.5514863044569311,1.0
NDUFA12,0.5955344,0.26624903,0.5514863044569311,1.0
TMEM9B,0.5955344,0.39912313,0.5514863044569311,1.0
TSPAN4,0.5951507,3.3805861,0.551742747610716,1.0
TNPO3,0.5951507,3.4260454,0.551742747610716,1.0
KIF21A,0.5939995,1.5602252,0.5525124284005667,1.0
SGTA,0.5939995,1.5412164,0.5525124284005667,1.0
DSCR3,0.59361583,0.9639335,0.5527691056919436,1.0
AP2A1,0.5932321,1.4818763,0.5530258414566074,1.0
PITRM1,0.59284836,3.1132298,0.553282635670068,1.0
TTC39B,0.59284836,3.160306,0.553282635670068,1.0
SRFBP1,0.59284836,3.2308493,0.553282635670068,1.0
ITPK1,0.59284836,3.1789985,0.553282635670068,1.0
CRYZ,0.5924646,1.4773525,0.5535394883078126,1.0
SDCBP,0.59208095,0.34312627,0.5537963993453057,1.0
SLC12A7,0.59208095,3.1809459,0.5537963993453057,1.0
MAP1LC3B2,0.5916972,0.9076993,0.5540533687579885,1.0
CKAP5,0.5913135,2.90906,0.5543103965212802,1.0
AAMP,0.59092975,0.5828076,0.5545674826105766,1.0
FAM127A,0.59092975,1.461798,0.5545674826105766,1.0
NONO,0.5905461,0.37139067,0.5548246270012513,1.0
EIF1,0.5905461,0.09935269,0.5548246270012513,1.0
FBXL5,0.59016234,0.59201556,0.5550818296686547,1.0
ZBTB8OS,0.59016234,0.69243175,0.5550818296686547,1.0
TNFRSF1A,0.5897786,0.41122085,0.5553390905881144,1.0
CFDP1,0.58786,0.58249944,0.5566262681011402,1.0
SNRNP70,0.58747625,0.27872854,0.5568838780135488,1.0
TUBA1A,0.58747625,0.16540533,0.5568838780135488,1.0
UBALD2,0.5870926,0.6407384,0.5571415460046719,1.0
PCCB,0.5870926,1.3240879,0.5571415460046719,1.0
UTP11L,0.58670884,0.92289764,0.5573992720496554,1.0
CUEDC2,0.5863251,0.54755837,0.5576570561236225,1.0
IFNAR1,0.5863251,0.9009672,0.5576570561236225,1.0
EIF5AL1,0.5855577,0.5014409,0.5581727982588878,1.0
TAP2-1,0.5855577,0.62109035,0.5581727982588878,1.0
PJA2,0.58517396,0.91089004,0.558430756270319,1.0
B3GAT3,0.58325535,0.42251408,0.5597214147660843,1.0
PEPD,0.58325535,0.51190776,0.5597214147660843,1.0
CEP63,0.58325535,1.3533283,0.5597214147660843,1.0
AL592183.1,0.58325535,0.40890962,0.5597214147660843,1.0
ZNF428,0.5828716,0.28797823,0.559979719977711,1.0
UBE2Z,0.5824879,1.3562076,0.5602380829683076,1.0
REPIN1,0.5817205,1.0695864,0.560754982185883,1.0
SERINC1,0.5817205,0.46210647,0.560754982185883,1.0
KCNAB2,0.5817205,0.57917845,0.560754982185883,1.0
ABT1,0.5817205,0.28990942,0.560754982185883,1.0
ASPSCR1,0.58133674,0.9671611,0.5610135183625422,1.0
TAGAP,0.58133674,0.31337124,0.5610135183625422,1.0
BIN1,0.5794181,0.20165463,0.5623070639161194,1.0
LAMTOR5,0.57903445,0.25304198,0.5625659457840595,1.0
NUP88,0.57903445,0.8510663,0.5625659457840595,1.0
TSPAN17,0.57788324,1.1314007,0.563342936446604,1.0
YDJC,0.57788324,0.5446193,0.563342936446604,1.0
MTFR1L,0.57749957,1.1834652,0.5636020482691116,1.0
PSMD14,0.57711583,0.42491245,0.5638612175167684,1.0
RP1-241P17.4,0.57558095,0.5469508,0.5648984682497049,1.0
ECD,0.57558095,1.1200972,0.5648984682497049,1.0
DICER1,0.5748135,1.7307796,0.5654174375045002,1.0
RNF11,0.5748135,1.1392325,0.5654174375045002,1.0
YWHAQ,0.57442975,0.13634524,0.5656770080145579,1.0
C10orf118,0.5740461,0.7859221,0.5659366357455962,1.0
LFNG,0.5740461,1.773265,0.5659366357455962,1.0
DDX41,0.5740461,1.0516565,0.5659366357455962,1.0
TCTA,0.5732786,1.6789901,0.5664560627681035,1.0
PDRG1,0.5732786,1.0652851,0.5664560627681035,1.0
DHX29,0.5732786,1.0058604,0.5664560627681035,1.0
GATAD1,0.5732786,1.7070028,0.5664560627681035,1.0
SIRT2,0.5732786,0.53029734,0.5664560627681035,1.0
YIPF6,0.5732786,1.6668079,0.5664560627681035,1.0
MRPS5,0.5725112,0.5712494,0.5669757183667735,1.0
MAP7D1,0.5725112,0.6043466,0.5669757183667735,1.0
LGALS9,0.57136,0.77242005,0.5677556298952182,1.0
MED9,0.5709763,25.78574,0.5680157144698107,1.0
RP11-119B16.2,0.5709763,25.87949,0.5680157144698107,1.0
GNAL,0.5709763,25.879711,0.5680157144698107,1.0
ZNF273,0.5709763,25.730883,0.5680157144698107,1.0
TLR1,0.5709763,25.774261,0.5680157144698107,1.0
YES1,0.5709763,26.149664,0.5680157144698107,1.0
MRPL46,0.5709763,0.81789535,0.5680157144698107,1.0
COLGALT2,0.5709763,25.960886,0.5680157144698107,1.0
NACA2,0.5709763,25.861683,0.5680157144698107,1.0
EMC9,0.5709763,1.1159344,0.5680157144698107,1.0
PALLD,0.5709763,25.88944,0.5680157144698107,1.0
ZNHIT6,0.5709763,25.765585,0.5680157144698107,1.0
ZFY,0.5709763,25.865152,0.5680157144698107,1.0
AGTPBP1,0.57020885,1.6996737,0.5685360545618834,1.0
PHF20L1,0.57020885,0.6882399,0.5685360545618834,1.0
TTC9C,0.57020885,1.596861,0.5685360545618834,1.0
ECHS1,0.5698251,0.38104498,0.5687963100276923,1.0
TMEM138,0.5698251,0.6012041,0.5687963100276923,1.0
GSS,0.56944144,1.4946154,0.5690566224055309,1.0
FAM120A,0.56867397,1.0189062,0.5695774177937083,1.0
NCOA4,0.56829023,0.4236215,0.5698379007521963,1.0
ARRDC3,0.5675228,1.4714522,0.5703590370681759,1.0
MKRN1,0.5671391,0.25524232,0.5706196903736824,1.0
TPM4,0.5671391,0.3138677,0.5706196903736824,1.0
TP53,0.5656042,1.5843236,0.5716628706382811,1.0
AKNA,0.56483674,0.31459314,0.5721848006308968,1.0
GABPA,0.56483674,1.534139,0.5721848006308968,1.0
UPP1,0.56483674,0.2669054,0.5721848006308968,1.0
RIOK2,0.56406933,0.71135366,0.5727069569182521,1.0
LRP10,0.56406933,0.46028206,0.5727069569182521,1.0
HOTAIRM1,0.56330186,0.9845216,0.5732293392907968,1.0
BAK1,0.5629182,0.67624587,0.5734906151934328,1.0
RPN1,0.56253445,0.61293256,0.5737519475386231,1.0
FAM228B,0.561767,1.37446,0.5742747814514672,1.0
UBE2E1,0.5609996,0.6258547,0.5747978408187078,1.0
TTC17,0.56061584,0.729862,0.5750594549818102,1.0
TNPO1,0.56061584,1.3080696,0.5750594549818102,1.0
IRAK2,0.5594647,1.4057437,0.5758446350721129,1.0
IKBIP,0.5594647,1.1642348,0.5758446350721129,1.0
MPG,0.55908096,0.4700172,0.5761064742143788,1.0
WDR83,0.5579298,0.9627216,0.5768923286067463,1.0
C9orf85,0.5579298,0.8658435,0.5768923286067463,1.0
SSRP1,0.55716234,0.5330107,0.5774165120741879,1.0
PANK2,0.55716234,0.6818113,0.5774165120741879,1.0
CHD3,0.55716234,0.69355303,0.5774165120741879,1.0
UFC1,0.55639493,0.14531212,0.5779409197248226,1.0
CDK11A,0.55639493,0.7041708,0.5779409197248226,1.0
EHD1,0.55639493,0.35835016,0.5779409197248226,1.0
IFIT2,0.5560112,1.2011234,0.5782032075522539,1.0
PRADC1,0.55562747,1.2526726,0.5784655513455391,1.0
CCNDBP1,0.55524373,0.22140752,0.5787279510779836,1.0
PARP10,0.55524373,0.84984964,0.5787279510779836,1.0
SMIM7,0.55486,0.37020376,0.5789904067228709,1.0
CCDC88B,0.55486,0.98317355,0.5789904067228709,1.0
PPIH,0.5540926,0.48648956,0.5795154856429972,1.0
UAP1,0.5540926,0.8657639,0.5795154856429972,1.0
TBC1D17,0.5540926,0.7382033,0.5795154856429972,1.0
WDR61,0.5540926,0.3607834,0.5795154856429972,1.0
MBD1,0.55294144,1.1927829,0.5803035226973203,1.0
ENDOV,0.5525577,2.0565913,0.5805663132545766,1.0
TMEM199,0.552174,0.6535023,0.58082915953664,1.0
CLSTN3,0.55179024,2.0939546,0.5810920615166166,1.0
BID,0.55140656,0.47527236,0.5813550191675907,1.0
PRPF38B,0.55140656,0.3096808,0.5813550191675907,1.0
BOD1L1,0.55140656,1.2090856,0.5813550191675907,1.0
ABCF3,0.5510228,1.9868953,0.5816180324626247,1.0
SHMT2,0.5510228,1.9342688,0.5816180324626247,1.0
ERBB2,0.5510228,2.0131443,0.5816180324626247,1.0
RRAGA,0.5506391,0.44849995,0.5818811013747583,1.0
INTS10,0.5506391,0.5983477,0.5818811013747583,1.0
MST4,0.5506391,1.1975124,0.5818811013747583,1.0
SQSTM1,0.5506391,0.29226512,0.5818811013747583,1.0
IMMT,0.5498717,0.72974527,0.5824074059423752,1.0
IRF2BPL,0.54948795,2.0171359,0.5826706415438281,1.0
SLC22A18,0.54948795,1.962968,0.5826706415438281,1.0
YIF1A,0.54948795,0.67874473,0.5826706415438281,1.0
MRPS9,0.5491042,0.58140206,0.5829339326543204,1.0
FHL3,0.5491042,0.6101603,0.5829339326543204,1.0
PEF1,0.54833674,0.38256532,0.5834606812941201,1.0
RBBP4,0.54795307,0.40464896,0.5837241387692209,1.0
CLASP2,0.54795307,2.0679424,0.5837241387692209,1.0
PSME4,0.54795307,1.9147911,0.5837241387692209,1.0
MPDU1,0.5471856,0.81956446,0.5842512198941427,1.0
KIFAP3,0.5471856,1.9793591,0.5842512198941427,1.0
PITHD1,0.5471856,0.40107906,0.5842512198941427,1.0
MVK,0.5471856,1.857418,0.5842512198941427,1.0
FAM46A,0.54680187,1.1244588,0.584514843489625,1.0
RHOT1,0.5464182,0.84391975,0.5847785224041921,1.0
NRF1,0.5464182,1.8407947,0.5847785224041921,1.0
COG1,0.5464182,1.8982652,0.5847785224041921,1.0
SEL1L,0.5464182,1.8656764,0.5847785224041921,1.0
TRIM11,0.5456507,0.8206628,0.5853060460816619,1.0
AK1,0.5456507,1.8736728,0.5853060460816619,1.0
MTHFD2,0.545267,1.1468109,0.58556989079005,1.0
MNAT1,0.5448833,0.5689508,0.5858337907084932,1.0
RPTOR,0.5448833,1.7200493,0.5858337907084932,1.0
SMU1,0.5444996,1.0601381,0.5860977458096794,1.0
ENPP4,0.54411584,1.7889353,0.5863617560662748,1.0
ANKS3,0.5437321,1.0963813,0.5866258214509226,1.0
CNOT10,0.5437321,0.8624155,0.5866258214509226,1.0
CCDC127,0.5437321,1.0924466,0.5866258214509226,1.0
PHF11,0.54334843,0.34468195,0.5868899419362446,1.0
EIF4E3,0.54258096,1.8817246,0.5874183480992894,1.0
SNAP29,0.5414298,0.7877353,0.5882113699131983,1.0
IFI27L1,0.5410461,1.8200144,0.5884758204263962,1.0
SEC23B,0.5402786,1.0433023,0.5890048861504777,1.0
MOB1A,0.5395112,0.414455,0.589534171287674,1.0
SNRPD3,0.5395112,0.24152933,0.589534171287674,1.0
HSPBP1,0.53912747,1.055238,0.5897988960671833,1.0
TMEM106C,0.53874373,0.6200801,0.5900636756171194,1.0
DDX6,0.53874373,0.31669077,0.5900636756171194,1.0
MT2A,0.5379763,0.15257585,0.5905933989175984,1.0
GRINA,0.5379763,1.3524333,0.5905933989175984,1.0
GAR1,0.5379763,0.9078277,0.5905933989175984,1.0
MRPL36,0.53720886,0.6226651,0.5911233409675467,1.0
MRPL16,0.53720886,0.5539197,0.5911233409675467,1.0
TCEB2,0.5368252,0.15440583,0.5913883939542371,1.0
LZIC,0.53644145,0.7441254,0.5916535015450498,1.0
ABRACL,0.53644145,0.23603903,0.5916535015450498,1.0
NUP160,0.5360577,1.0800226,0.5919186637121912,1.0
NCL,0.53490657,0.24491537,0.592714477393321,1.0
C15orf61,0.53490657,0.5075611,0.592714477393321,1.0
LRRC41,0.53490657,1.3501142,0.592714477393321,1.0
COX7A2L,0.5341391,0.1040958,0.593245292218517,1.0
WBSCR22,0.5333717,0.2803515,0.5937763246801249,1.0
RXRB,0.53298795,0.9902856,0.5940419224547043,1.0
ANKRD39,0.53298795,0.8019724,0.5940419224547043,1.0
C11orf58,0.5314531,0.108102046,0.5951048565248463,1.0
ANKRD13D,0.53106934,0.84922737,0.5953707256451183,1.0
RABGGTA,0.5303019,0.94072723,0.5959026264123344,1.0
AP3S1,0.5303019,0.29605186,0.5959026264123344,1.0
DNAJC15,0.5303019,0.41043276,0.5959026264123344,1.0
ANXA2,0.5299182,0.1613909,0.5961686580030172,1.0
POLR2J,0.52953446,0.15371871,0.5964347436942061,1.0
TMA7,0.5291507,0.057413198,0.5967008834577162,1.0
TNFRSF1B,0.52876705,0.39197287,0.596967077265341,1.0
LTV1,0.52876705,0.83611435,0.596967077265341,1.0
MYBL1,0.52876705,0.8939445,0.596967077265341,1.0
NRROS,0.5283833,0.95244104,0.5972333250888523,1.0
RCN1,0.5279996,1.2222806,0.5974996269000004,1.0
C14orf119,0.52761585,0.39125082,0.5977659826705135,1.0
ARMC8,0.5272321,0.89791447,0.5980323923720988,1.0
KLF10,0.5272321,1.2780011,0.5980323923720988,1.0
LIM2,0.5272321,2.4410803,0.5980323923720988,1.0
CALM2,0.5272321,0.12592974,0.5980323923720988,1.0
CHI3L2,0.5272321,0.92675805,0.5980323923720988,1.0
FES,0.5272321,2.6024258,0.5980323923720988,1.0
HIRA,0.5264647,2.4248881,0.5985653734552057,1.0
SUPT7L,0.5264647,1.2407943,0.5985653734552057,1.0
DDX23,0.5264647,0.7021221,0.5985653734552057,1.0
ATL3,0.5264647,2.3477194,0.5985653734552057,1.0
CDK16,0.5264647,2.5785444,0.5985653734552057,1.0
CALU,0.52569723,1.318363,0.5990985699225444,1.0
MAPK9,0.52569723,2.5580592,0.5990985699225444,1.0
IQCG,0.52569723,2.4386063,0.5990985699225444,1.0
PRSS57,0.52569723,2.5750794,0.5990985699225444,1.0
ADIPOR1,0.5249298,0.28252977,0.5996319815469928,1.0
ANKFY1,0.5249298,1.1877799,0.5996319815469928,1.0
CMTR1,0.5249298,2.380867,0.5996319815469928,1.0
LINC00667,0.5249298,0.5475137,0.5996319815469928,1.0
RNF13,0.52416235,0.50930965,0.600165608101084,1.0
SLC18B1,0.52416235,2.2876701,0.600165608101084,1.0
DAZAP1,0.52416235,0.5599967,0.600165608101084,1.0
NUDT8,0.52416235,2.3799124,0.600165608101084,1.0
LMAN1,0.52339494,1.2096652,0.6006994493570055,1.0
NARFL,0.52339494,1.2825023,0.6006994493570055,1.0
ARRB1,0.52339494,1.2387891,0.6006994493570055,1.0
R3HCC1L,0.52339494,2.3629155,0.6006994493570055,1.0
IFIH1,0.52339494,2.4102097,0.6006994493570055,1.0
MAP7D3,0.5226275,2.3461895,0.6012335050866013,1.0
C9orf37,0.5226275,2.1876924,0.6012335050866013,1.0
RAB22A,0.5226275,0.68701327,0.6012335050866013,1.0
CBX4,0.5226275,2.4592235,0.6012335050866013,1.0
KDM4A,0.5226275,2.2762077,0.6012335050866013,1.0
C6orf62,0.5226275,0.7188681,0.6012335050866013,1.0
CAMTA1,0.52186006,0.6614348,0.6017677750613699,1.0
ARAP1,0.52186006,2.21482,0.6017677750613699,1.0
MYL6B,0.52186006,2.227418,0.6017677750613699,1.0
KBTBD4,0.52186006,1.056395,0.6017677750613699,1.0
ZNF581,0.52186006,0.841503,0.6017677750613699,1.0
UBA3,0.52186006,0.63002735,0.6017677750613699,1.0
CDYL,0.5210926,2.1917243,0.6023022590524665,1.0
PDIA6,0.5210926,0.12579697,0.6023022590524665,1.0
SEC62,0.5210926,0.21983606,0.6023022590524665,1.0
PSME3,0.5210926,0.7969619,0.6023022590524665,1.0
CETN2,0.5207089,0.6425185,0.6025695812325296,1.0
COG6,0.5203252,2.1032183,0.602836956830702,1.0
ATP1B3,0.5203252,0.30974048,0.602836956830702,1.0
CYTIP,0.51994145,0.14397198,0.6031043858182816,1.0
DGKQ,0.5195577,2.1541393,0.6033718681665443,1.0
VPS33A,0.5195577,1.2390453,0.6033718681665443,1.0
CLP1,0.5195577,1.9572467,0.6033718681665443,1.0
CIITA,0.5195577,2.1924713,0.6033718681665443,1.0
DYNC1LI1,0.5195577,0.82791054,0.6033718681665443,1.0
CDK12,0.5187903,2.0154335,0.6039069928301174,1.0
UFD1L,0.51840657,0.2600029,0.6041746350878731,1.0
GOPC,0.51802284,1.066868,0.6044423305912028,1.0
C19orf24,0.5176391,0.20941074,0.6047100793112754,1.0
C9orf89,0.5168717,0.74256885,0.6052457362862191,1.0
E2F3,0.51648796,2.0197165,0.6055136444833216,1.0
NUDT21,0.51648796,0.42424303,0.6055136444833216,1.0
PGLS,0.5161042,0.23420349,0.6057816057816293,1.0
NSA2,0.51572055,0.20358701,0.6060496201522048,1.0
ABHD12,0.51572055,1.1508,0.6060496201522048,1.0
ATXN1L,0.51572055,1.1050488,0.6060496201522048,1.0
UBE2G2,0.5149531,0.7941886,0.6065858079943007,1.0
PIGX,0.51456934,0.9224088,0.6068539814078386,1.0
BAZ2A,0.51418567,0.75029653,0.6071222077776794,1.0
MTX1,0.51418567,0.8006017,0.6071222077776794,1.0
MRPL50,0.51418567,0.816046,0.6071222077776794,1.0
MTMR14,0.5134182,0.55874383,0.60765881927007,1.0
RPUSD3,0.5134182,0.5767301,0.60765881927007,1.0
SAR1B,0.5134182,0.791907,0.60765881927007,1.0
LINC01003,0.5126507,0.7541106,0.6081956422388601,1.0
ERBB2IP,0.5126507,1.071521,0.6081956422388601,1.0
KIN,0.51226705,0.66722435,0.6084641329541203,1.0
CRYL1,0.5118833,0.76123303,0.6087326764510965,1.0
LEPRE1,0.51034844,1.0420732,0.6098073776723946,1.0
ESD,0.51034844,0.91646814,0.6098073776723946,1.0
MIR24-2,0.5099647,0.4895837,0.61007618463994,1.0
FLYWCH2,0.50958097,0.7958312,0.6103450442138484,1.0
EIF2S2,0.5080461,0.23209602,0.6114210079867984,1.0
SEC61G,0.5076624,0.37174296,0.6116901301526008,1.0
UBXN7,0.50689495,1.4980994,0.6122285317455172,1.0
WWOX,0.50689495,1.4854208,0.6122285317455172,1.0
SFPQ,0.5061275,0.3141382,0.6127671428238968,1.0
FUNDC1,0.5061275,1.4243555,0.6127671428238968,1.0
CREBL2,0.5057438,0.94595444,0.6130365268464488,1.0
BAG1,0.5057438,0.29705155,0.6130365268464488,1.0
BOLA3,0.5057438,0.5827766,0.6130365268464488,1.0
RNF149,0.5045926,0.2860118,0.6138449924933522,1.0
MRPL22,0.5045926,0.3370855,0.6138449924933522,1.0
TM7SF3,0.5042089,0.82670844,0.6141145854702231,1.0
JARID2,0.5042089,0.9506722,0.6141145854702231,1.0
NAGPA,0.50344145,0.7061379,0.6146539278882754,1.0
FUCA1,0.5030577,1.363685,0.6149236772702015,1.0
TRMT112,0.5030577,0.10262029,0.6149236772702015,1.0
PIN4,0.5030577,0.41175488,0.6149236772702015,1.0
ATP5G1,0.5030577,0.24807467,0.6149236772702015,1.0
CTSA,0.50267404,0.35938132,0.6151934787278555,1.0
COPS3,0.50267404,0.4495858,0.6151934787278555,1.0
METTL21A,0.50267404,0.90971464,0.6151934787278555,1.0
ANP32E,0.5019066,0.5550087,0.6157332377516049,1.0
WBP1L,0.50152284,1.3791353,0.6160031952582767,1.0
ZNF683,0.50152284,1.4321275,0.6160031952582767,1.0
COMMD4,0.50113916,0.558556,0.6162732047218291,1.0
KCTD17,0.50113916,3.8074913,0.6162732047218291,1.0
HBP1,0.50113916,0.5665045,0.6162732047218291,1.0
SUSD1,0.50113916,3.1534598,0.6162732047218291,1.0
ARHGAP17,0.50113916,3.2950907,0.6162732047218291,1.0
EIF4G3,0.50113916,3.2250843,0.6162732047218291,1.0
RP11-326C3.15,0.50113916,3.6102273,0.6162732047218291,1.0
PFKL,0.50113916,0.68432623,0.6162732047218291,1.0
SMARCA2,0.50113916,0.98457706,0.6162732047218291,1.0
UBASH3B,0.5003717,3.2111456,0.6168133794004962,1.0
RBL1,0.5003717,3.1147883,0.6168133794004962,1.0
TIMM9,0.499988,0.5689171,0.617083544556019,1.0
WDR33,0.499988,0.37085378,0.617083544556019,1.0
ZNF675,0.499988,1.3637354,0.617083544556019,1.0
SLC10A3,0.499988,1.4068756,0.617083544556019,1.0
PPP4R1,0.49960425,3.0591347,0.6173537615492384,1.0
STXBP2,0.49960425,0.32629296,0.6173537615492384,1.0
INO80C,0.49960425,0.8628107,0.6173537615492384,1.0
PLOD3,0.49960425,3.1017992,0.6173537615492384,1.0
B3GALT4,0.49922052,1.329074,0.6176240303503059,1.0
CD300C,0.49883682,3.0670452,0.6178943509293519,1.0
NAGA,0.49883682,3.0117671,0.6178943509293519,1.0
YME1L1,0.49883682,0.34683743,0.6178943509293519,1.0
PLCG2,0.49845308,1.278189,0.618164723256486,1.0
TRIB2,0.49845308,1.3593677,0.618164723256486,1.0
C9orf16,0.49845308,0.091351725,0.618164723256486,1.0
MTMR9,0.49845308,1.3797863,0.618164723256486,1.0
ATG16L2,0.49806938,0.76081735,0.6184351473017969,1.0
OXR1,0.49806938,2.9519658,0.6184351473017969,1.0
SEMA4D,0.49730194,0.5214677,0.6189761504271989,1.0
SMC2,0.49730194,2.8346386,0.6189761504271989,1.0
TMPO,0.49730194,0.8679394,0.6189761504271989,1.0
MCM7,0.4969182,1.3068255,0.6192467294473623,1.0
ELP4,0.4965345,2.9103057,0.6195173600658472,1.0
CEP68,0.4965345,2.9253752,0.6195173600658472,1.0
ZNF281,0.49615076,1.2542241,0.6197880422526382,1.0
TAPSAR1,0.49576706,0.20113537,0.6200587759776977,1.0
C1GALT1,0.49538332,0.6862663,0.620329561210968,1.0
SDAD1,0.49538332,0.61617684,0.620329561210968,1.0
USP39,0.49499962,0.93192637,0.6206003979223704,1.0
RBM33,0.49461588,1.2836813,0.6208712860818054,1.0
PA2G4,0.49423218,0.19433752,0.6211422256591522,1.0
DHRS4L2,0.49346474,0.6296239,0.6216842589469953,1.0
RABGAP1L,0.49346474,0.619078,0.6216842589469953,1.0
FRG1B,0.49269727,0.4877395,0.6222264975445186,1.0
COQ5,0.49269727,0.8324578,0.6222264975445186,1.0
GTF2IRD2B,0.49231356,1.1665556,0.6224976937588875,1.0
IFIT1,0.49231356,1.259294,0.6224976937588875,1.0
TOX,0.49192983,0.7453115,0.6227689412100077,1.0
SAMM50,0.49192983,0.59635335,0.6227689412100077,1.0
IREB2,0.49192983,0.8163983,0.6227689412100077,1.0
AZIN1,0.4911624,0.8745539,0.6233115897014152,1.0
POLK,0.4911624,1.2374234,0.6233115897014152,1.0
SNX4,0.4911624,0.874958,0.6233115897014152,1.0
SEC23A,0.49039495,1.1092527,0.6238544427763608,1.0
TBRG1,0.4896275,0.5058495,0.624397500192132,1.0
SNRNP200,0.4892438,0.5712102,0.6246691054518889,1.0
CPSF3,0.48617405,1.0975361,0.626843780756404,1.0
GLYCTK,0.48617405,1.1696576,0.626843780756404,1.0
EIF2B2,0.4857903,0.7751425,0.6271158438652027,1.0
MARCH2,0.4857903,1.0447237,0.6271158438652027,1.0
SNAP23,0.48540658,0.33244076,0.6273879576934034,1.0
SNAPC2,0.48502287,1.0336801,0.6276601222103873,1.0
GMFB,0.48502287,0.76183194,0.6276601222103873,1.0
PFDN1,0.48502287,0.3228916,0.6276601222103873,1.0
APEX1,0.48425543,0.25245008,0.6282046031881274,1.0
ATP5J,0.48425543,0.14735384,0.6282046031881274,1.0
SLC39A8,0.483488,0.9996232,0.6287492865530626,1.0
SETX,0.483488,1.0001874,0.6287492865530626,1.0
NLRC5,0.48310426,0.49659154,0.629021704053963,1.0
ABHD14A,0.48310426,0.4203075,0.629021704053963,1.0
BLOC1S1,0.48272055,0.20103173,0.6292941720595022,1.0
DTYMK,0.48272055,0.7062426,0.6292941720595022,1.0
ACOT8,0.4819531,0.7570893,0.6298392594614264,1.0
TBC1D5,0.48118567,1.5755353,0.6303845485124864,1.0
APIP,0.48118567,0.6980064,0.6303845485124864,1.0
ARPC1B,0.48041824,0.08350732,0.6309300389660044,1.0
NOTCH1,0.4796508,1.7033048,0.6314757305749747,1.0
MGST2,0.47888333,1.5303311,0.6320216230920634,1.0
ELK4,0.47888333,1.536148,0.6320216230920634,1.0
APLP2,0.47888333,0.5567991,0.6320216230920634,1.0
TMEM230,0.47849962,0.16033942,0.6322946446137705,1.0
EXOC5,0.4781159,1.6345979,0.6325677162696084,1.0
TCEB3,0.4781159,1.496693,0.6325677162696084,1.0
MAGT1,0.4781159,0.99193263,0.6325677162696084,1.0
TRIM26,0.47734845,1.571882,0.6331140098596206,1.0
MRS2,0.47734845,1.5532992,0.6331140098596206,1.0
THOC5,0.47734845,1.5904843,0.6331140098596206,1.0
XRN1,0.47734845,1.4918495,0.6331140098596206,1.0
STT3B,0.47696474,0.40415135,0.633387231731716,1.0
CSTB,0.47696474,0.17105582,0.633387231731716,1.0
HMGCL,0.476581,0.6427582,0.6336605036137839,1.0
CCDC97,0.476581,0.8773295,0.6336605036137839,1.0
CEP89,0.47581357,25.457552,0.6342071972834546,1.0
MOSPD2,0.47581357,25.644138,0.6342071972834546,1.0
ZNF319,0.47581357,25.497484,0.6342071972834546,1.0
SMARCAD1,0.47581357,25.55811,0.6342071972834546,1.0
CEP44,0.47581357,25.539713,0.6342071972834546,1.0
RP11-383J24.6,0.47581357,25.535646,0.6342071972834546,1.0
SEPSECS,0.47581357,25.519447,0.6342071972834546,1.0
EPT1,0.47581357,25.539307,0.6342071972834546,1.0
F11R,0.47581357,25.604046,0.6342071972834546,1.0
ACPL2,0.47581357,25.541853,0.6342071972834546,1.0
RP11-10L12.4,0.47581357,25.552809,0.6342071972834546,1.0
KCTD11,0.47581357,25.679918,0.6342071972834546,1.0
MCTP2,0.47581357,1.5638689,0.6342071972834546,1.0
ZNF142,0.47581357,25.568914,0.6342071972834546,1.0
ASF1B,0.47581357,25.553001,0.6342071972834546,1.0
NFKBIL1,0.47581357,1.4688065,0.6342071972834546,1.0
HBQ1,0.47581357,25.69596,0.6342071972834546,1.0
TM6SF1,0.47581357,25.58506,0.6342071972834546,1.0
TYW1,0.47581357,1.4752171,0.6342071972834546,1.0
DOLK,0.47581357,25.642962,0.6342071972834546,1.0
TXLNA,0.47581357,25.563126,0.6342071972834546,1.0
TBC1D13,0.47581357,25.55674,0.6342071972834546,1.0
TOR4A,0.47581357,25.59389,0.6342071972834546,1.0
RP5-882C2.2,0.47581357,25.535196,0.6342071972834546,1.0
ZNF468,0.47504613,1.2365292,0.6347540906196636,1.0
DPEP2,0.47504613,1.0134935,0.6347540906196636,1.0
ZNF692,0.4742787,1.3662394,0.6353011833731146,1.0
ZBTB48,0.47351125,1.5176723,0.6358484752941864,1.0
IARS2,0.47312754,0.97964656,0.6361221958644843,1.0
PCTP,0.4727438,1.4512515,0.6363959661329315,1.0
HDAC7,0.4723601,0.75931823,0.6366697860682342,1.0
LRPAP1,0.4723601,0.22119291,0.6366697860682342,1.0
SLC39A4,0.47197637,1.4221675,0.6369436556390777,1.0
ZNF677,0.47197637,1.4176513,0.6369436556390777,1.0
OGG1,0.47197637,0.82135147,0.6369436556390777,1.0
TAF1B,0.47197637,1.435541,0.6369436556390777,1.0
SPRTN,0.47120893,0.90295213,0.6374915435620276,1.0
SYMPK,0.4704415,1.3616146,0.6380396296508595,1.0
NIPSNAP3A,0.4704415,0.83723724,0.6380396296508595,1.0
BAZ1A,0.4704415,0.23987038,0.6380396296508595,1.0
CHFR,0.46967405,0.86083317,0.6385879136543273,1.0
UBAP2,0.46967405,1.304762,0.6385879136543273,1.0
HOXB-AS1,0.4689066,1.3678957,0.6391363953208613,1.0
SFT2D2,0.4689066,1.322397,0.6391363953208613,1.0
AP1B1,0.46813917,1.3270495,0.6396850743985676,1.0
COPS7A,0.46813917,1.3400152,0.6396850743985676,1.0
CERS5,0.46813917,0.878679,0.6396850743985676,1.0
SUCLA2,0.46737173,0.9232398,0.6402339506352297,1.0
C12orf73,0.4666043,1.2957243,0.6407830237783079,1.0
LNPEP,0.46622056,0.6808608,0.6410576341107461,1.0
LBR,0.46545312,0.311609,0.6416070021392313,1.0
NARS,0.46545312,0.37187096,0.6416070021392313,1.0
CCDC43,0.46506938,1.3734654,0.6418817597719415,1.0
IFT57,0.46506938,0.8203309,0.6418817597719415,1.0
SUGP1,0.46506938,1.1452767,0.6418817597719415,1.0
NMI,0.46468568,0.26443315,0.6421565664413726,1.0
PSMG3,0.46468568,0.5947849,0.6421565664413726,1.0
PRDX3,0.46391824,0.42290664,0.6427063267635034,1.0
TLE4,0.46391824,0.260008,0.6427063267635034,1.0
VTA1,0.4635345,0.9815232,0.6429812803527057,1.0
QARS,0.46238336,0.53824824,0.6438064344514565,1.0
RINL,0.46046475,1.1227652,0.6451826671428578,1.0
WRAP73,0.46008104,1.1883705,0.6454580597731607,1.0
RNF8,0.4596973,0.6806925,0.6457335010262807,1.0
ABHD17B,0.45892987,1.0958694,0.6462845292730361,1.0
PPM1G,0.45854616,0.26994038,0.6465601162026544,1.0
OS9,0.4577787,0.31916893,0.6471114355141784,1.0
SMKR1,0.4577787,1.9700963,0.6471114355141784,1.0
NOTCH2NL,0.457395,0.7859342,0.6473871678319474,1.0
CDIPT,0.457395,0.4128342,0.6473871678319474,1.0
NDUFAF3,0.45701125,0.22812171,0.647662948548263,1.0
RAD23B,0.45662755,0.3468467,0.6479387776310073,1.0
JUND,0.4562438,0.33760253,0.6482146550480421,1.0
FLOT2,0.4558601,0.6281488,0.6484905807672092,1.0
FAM45A,0.4558601,1.0922751,0.6484905807672092,1.0
MEF2D,0.45547637,1.8776501,0.6487665547563312,1.0
LRRC8D,0.45470893,1.8073381,0.6493186474156283,1.0
TMEM192,0.45470893,1.0538262,0.6493186474156283,1.0
MTF2,0.45470893,0.5946557,0.6493186474156283,1.0
SMCHD1,0.45432523,0.3746415,0.6495947660213486,1.0
PTPRA,0.45432523,0.5467709,0.6495947660213486,1.0
PYROXD2,0.4539415,1.8281391,0.6498709327681139,1.0
VCPIP1,0.4539415,1.7162318,0.6498709327681139,1.0
CEP78,0.4539415,0.68126744,0.6498709327681139,1.0
FBXL12,0.4535578,1.0324693,0.6501471476236473,1.0
CCDC23,0.45279035,0.42384169,0.6506997215318115,1.0
LPP,0.45279035,1.0823674,0.6506997215318115,1.0
SYK,0.45279035,1.0882411,0.6506997215318115,1.0
STAT6,0.45279035,0.4643245,0.6506997215318115,1.0
SMNDC1,0.45279035,0.9897306,0.6506997215318115,1.0
TRUB2,0.45240662,2.082419,0.6509760805197895,1.0
RRP15,0.4520229,0.9426828,0.6512524874872299,1.0
STK38,0.4520229,0.6315741,0.6512524874872299,1.0
GID4,0.45163918,1.7526,0.651528942401757,1.0
C2orf76,0.45163918,1.9634829,0.651528942401757,1.0
PIGV,0.45163918,1.761986,0.651528942401757,1.0
AFF1,0.45087174,1.646313,0.6520819959424693,1.0
ZNF211,0.45087174,1.6388903,0.6520819959424693,1.0
VILL,0.45087174,1.6700908,0.6520819959424693,1.0
NKIRAS2,0.450488,0.9395083,0.6523585945038042,1.0
PREP,0.450488,0.94832474,0.6523585945038042,1.0
NDUFB6,0.450488,0.31155786,0.6523585945038042,1.0
SKIV2L,0.4501043,1.7277291,0.6526352408825253,1.0
NFATC1,0.4501043,1.6751858,0.6526352408825253,1.0
FN3KRP,0.44972056,0.547602,0.6529119350461583,1.0
RAB27B,0.44933686,1.5802082,0.6531886769622091,1.0
SDE2,0.44933686,1.6169422,0.6531886769622091,1.0
KDM4B,0.44933686,1.6345657,0.6531886769622091,1.0
TMEM106A,0.44933686,1.6628656,0.6531886769622091,1.0
TMEM184B,0.44933686,1.6601796,0.6531886769622091,1.0
ITPKB,0.44895312,0.98833627,0.653465466598164,1.0
C2orf68,0.44895312,0.92785054,0.653465466598164,1.0
PMF1,0.44895312,0.27115336,0.653465466598164,1.0
EXOSC7,0.44895312,0.54927796,0.653465466598164,1.0
RFC5,0.44856942,1.5241675,0.6537423039214895,1.0
PIGO,0.44856942,1.7211971,0.6537423039214895,1.0
ZBTB4,0.44856942,1.6396279,0.6537423039214895,1.0
FAM89B,0.44818568,0.47099614,0.6540191888996327,1.0
NRAS,0.44780198,1.5041751,0.6542961215000208,1.0
SMIM8,0.44780198,1.6009153,0.6542961215000208,1.0
ATG4D,0.44741824,0.8870295,0.6545731016900617,1.0
PLEKHG3,0.44741824,0.96727645,0.6545731016900617,1.0
ARIH2,0.44703454,0.71973723,0.6548501294371434,1.0
PFDN6,0.44703454,0.45000747,0.6548501294371434,1.0
UBR2,0.4466508,1.0363723,0.6551272047086341,1.0
STXBP3,0.4466508,0.92616445,0.6551272047086341,1.0
DCP1A,0.44588336,0.9271837,0.6556814976942196,1.0
DDX55,0.44549966,1.5260054,0.655958715342953,1.0
IL17RA,0.44549966,1.4932014,0.655958715342953,1.0
CMC2,0.44511592,0.5216508,0.6562359803853739,1.0
SHMT1,0.44511592,1.4837844,0.6562359803853739,1.0
GUCD1,0.44511592,0.9389776,0.6562359803853739,1.0
PLEKHA3,0.44473222,0.4855758,0.6565132927887528,1.0
GLTP,0.44434848,0.9056483,0.6567906525203406,1.0
GOLT1B,0.44434848,0.4639158,0.6567906525203406,1.0
HNRNPUL2,0.44358104,0.8463663,0.6573455138370501,1.0
UBL5,0.44204617,0.11514114,0.6584558029658587,1.0
MRPS15,0.44204617,0.2482121,0.6584558029658587,1.0
WIBG,0.44127873,0.78417534,0.6590112302522588,1.0
FAM103A1,0.440895,1.1712748,0.6592890144608082,1.0
MRPL49,0.440895,0.461379,0.6592890144608082,1.0
TEN1,0.4405113,0.9640797,0.6595668456690051,1.0
GRB2,0.4405113,0.38706037,0.6595668456690051,1.0
CMTM3,0.4405113,0.22506031,0.6595668456690051,1.0
C11orf31,0.43974385,0.122360475,0.66012264895247,1.0
CC2D1A,0.43974385,0.8671301,0.66012264895247,1.0
EPC1,0.43974385,0.27343032,0.66012264895247,1.0
TMEM214,0.4389764,1.2649937,0.6606786398387159,1.0
MIR4435-1HG,0.43859267,0.39901432,0.6609567055503164,1.0
OSBPL8,0.43667406,0.78901124,0.6623477354701137,1.0
MESDC1,0.43667406,0.74433017,0.6623477354701137,1.0
AKR7A2,0.43629035,0.3068649,0.6626260814946059,1.0
SMYD2,0.43437174,0.7597912,0.6640185099950557,1.0
RHBDD2,0.43398803,0.527172,0.6642971351381073,1.0
DCTN2,0.43283686,0.2737255,0.6651332888541124,1.0
RNF7,0.43245316,0.18508738,0.6654120994106314,1.0
MFSD1,0.43206942,1.0893832,0.6656909562371447,1.0
PSMA2-1,0.43206942,0.1550942,0.6656909562371447,1.0
FEZ1,0.43206942,1.0854958,0.6656909562371447,1.0
IGSF8,0.43168572,0.6263182,0.6659698593002649,1.0
PSMD6,0.43168572,0.26917404,0.6659698593002649,1.0
PSENEN,0.43130198,0.17678954,0.6662488085665854,1.0
ABHD2,0.43130198,1.1414106,0.6662488085665854,1.0
RBM10,0.43130198,0.7893261,0.6662488085665854,1.0
TRMT1L,0.43130198,2.4564774,0.6662488085665854,1.0
U2SURP,0.43130198,0.46794122,0.6662488085665854,1.0
NF1,0.43130198,2.3627033,0.6662488085665854,1.0
WAC-AS1,0.43130198,0.7268942,0.6662488085665854,1.0
DPY30,0.43130198,0.22630595,0.6662488085665854,1.0
BTN2A2,0.43053454,2.2721457,0.6668068455751059,1.0
PRKACB,0.43053454,0.6848971,0.6668068455751059,1.0
REPS1,0.43053454,2.3778284,0.6668068455751059,1.0
KLRC2,0.43053454,2.2184145,0.6668068455751059,1.0
UBE2D3,0.4301508,-0.061664592,0.6670859332503971,1.0
HEATR1,0.4297671,2.1249988,0.667365066995071,1.0
BRWD1,0.4297671,0.3547309,0.667365066995071,1.0
MOB3A,0.42938337,0.5432059,0.6676442467756261,1.0
SERPINB9,0.42938337,0.7140619,0.6676442467756261,1.0
UBR7,0.42899966,2.1137626,0.6679234725585406,1.0
TMEM9,0.42899966,1.1091384,0.6679234725585406,1.0
CELF1,0.42823222,0.6709289,0.6684820619972685,1.0
MTERFD3,0.42823222,2.2437508,0.6684820619972685,1.0
MRRF,0.42823222,2.0814137,0.6684820619972685,1.0
RPIA,0.42823222,0.29848537,0.6684820619972685,1.0
ZNF669,0.42823222,2.1323283,0.6684820619972685,1.0
LMBRD1,0.4278485,0.6221554,0.668761425585944,1.0
ST3GAL4,0.42746478,0.7466605,0.6690408350427037,1.0
GOLPH3L,0.42746478,1.0214477,0.6690408350427037,1.0
THAP3,0.42746478,0.7343169,0.6690408350427037,1.0
EXOSC5,0.42669734,0.6985433,0.6695997914259912,1.0
ANAPC7,0.42669734,1.9242926,0.6695997914259912,1.0
DLEU1,0.42669734,1.9975793,0.6695997914259912,1.0
ASCC1,0.4259299,0.94200355,0.6701589308779708,1.0
AK5,0.4259299,2.0048842,0.6701589308779708,1.0
EMC8,0.42554617,0.6866346,0.6704385691705248,1.0
HVCN1,0.42516246,0.94753325,0.6707182531291795,1.0
MDP1,0.42516246,1.0005169,0.6707182531291795,1.0
PEX11B,0.42516246,1.0485872,0.6707182531291795,1.0
CD27-AS1,0.42516246,1.9833083,0.6707182531291795,1.0
CCDC77,0.42516246,1.9804922,0.6707182531291795,1.0
GRAP2,0.42477873,0.23040295,0.6709979827202044,1.0
PI4K2A,0.42439502,1.8924602,0.6712777579098501,1.0
SYVN1,0.42439502,1.9213628,0.6712777579098501,1.0
MAX,0.4240113,0.2619813,0.6715575786643486,1.0
DYNC1I2,0.4236276,0.9879636,0.6718374449499127,1.0
INO80E,0.4236276,0.6943701,0.6718374449499127,1.0
DPH3,0.4236276,0.5575708,0.6718374449499127,1.0
THRA,0.4236276,0.92335236,0.6718374449499127,1.0
TMX3,0.4236276,0.97142285,0.6718374449499127,1.0
INADL,0.4236276,1.8364874,0.6718374449499127,1.0
SNX6,0.42324385,0.23236634,0.6721173567327363,1.0
POLE3,0.42324385,0.42643446,0.6721173567327363,1.0
TMEM150A,0.42286012,1.8712966,0.6723973139789945,1.0
ARAP2,0.4224764,0.53326523,0.6726773166548435,1.0
C4orf33,0.42209268,1.8069057,0.6729573647264206,1.0
APOBEC3H,0.42209268,1.0282644,0.6729573647264206,1.0
EIF2B3,0.42209268,1.0336056,0.6729573647264206,1.0
STK16,0.42094153,0.51273733,0.6737977809766104,1.0
NUP210,0.42094153,0.45192355,0.6737977809766104,1.0
CWC25,0.4205578,0.7212559,0.6740780102920957,1.0
MGME1,0.4205578,0.97183526,0.6740780102920957,1.0
DTNBP1,0.41979036,0.32801625,0.6746386045674866,1.0
RASSF5,0.41979036,0.13627787,0.6746386045674866,1.0
CTDP1,0.41979036,0.9082333,0.6746386045674866,1.0
MRPL40,0.41940665,0.48040965,0.674918969459422,1.0
EIF2B1,0.41940665,0.40581793,0.674918969459422,1.0
FAM53C,0.41902292,0.8987466,0.675199379475506,1.0
TMA16,0.41902292,0.99854416,0.675199379475506,1.0
CSTF2T,0.41902292,0.7102354,0.675199379475506,1.0
NIT2,0.41902292,0.56639063,0.675199379475506,1.0
TEX264,0.41825548,0.23369995,0.6757603347439728,1.0
SP140L,0.41748804,0.537019,0.6763214701004063,1.0
SACM1L,0.41748804,0.5373872,0.6763214701004063,1.0
AK3,0.4167206,0.52245206,0.6768827852720258,1.0
PPP5C,0.4167206,0.6650946,0.6768827852720258,1.0
PARP1,0.41633686,0.341735,0.6771635102032045,1.0
NDUFA11,0.41595316,0.054827634,0.6774442799857514,1.0
RP11-473M20.7,0.41480199,0.83308995,0.6782868580996912,1.0
VPS51,0.41441828,0.28750095,0.6785678069457077,1.0
TMED2,0.41441828,0.16711739,0.6785678069457077,1.0
PML,0.41365084,0.6109453,0.6791298386442861,1.0
C12orf57,0.4132671,0.07119355,0.6794109214282795,1.0
FAM217B,0.4128834,0.84302473,0.6796920487896663,1.0
MAPKAPK3,0.41211596,0.49364996,0.6802544371072781,1.0
ERLEC1,0.41211596,0.40034217,0.6802544371072781,1.0
ATXN10,0.41134852,0.43796405,0.6808170033222544,1.0
ALG2,0.41058108,1.2191586,0.6813797471594313,1.0
DPF2,0.41058108,0.46700037,0.6813797471594313,1.0
YY1,0.41058108,0.24214454,0.6813797471594313,1.0
ZFR,0.40981364,1.3757353,0.6819426683433489,1.0
TSFM,0.40981364,0.59938055,0.6819426683433489,1.0
CHCHD5,0.40981364,0.25955087,0.6819426683433489,1.0
TMEM2,0.40981364,1.2248448,0.6819426683433489,1.0
ZBTB2,0.4094299,0.54157233,0.6822241953541734,1.0
HSPBAP1,0.40904617,1.2196488,0.6825057665982517,1.0
KLC1,0.40827873,0.48544937,0.6830690416480885,1.0
ALDH9A1,0.40827873,0.3145224,0.6830690416480885,1.0
PDK2,0.40827873,1.1905422,0.6830690416480885,1.0
USP4,0.40789503,0.53395617,0.6833507453847607,1.0
IRF8,0.40674385,1.2474766,0.6841961210268861,1.0
SEC24B,0.40674385,1.1621804,0.6841961210268861,1.0
SDCCAG8,0.40636015,0.8128684,0.6844780009362721,1.0
APEX2,0.4059764,1.3288293,0.6847599248022717,1.0
HPS1,0.4059764,0.5611272,0.6847599248022717,1.0
WDR13,0.4055927,0.68926674,0.6850418925902219,1.0
MTERF,0.4055927,3.0313811,0.6850418925902219,1.0
LRRC45,0.4055927,3.4034297,0.6850418925902219,1.0
MTHFD2L,0.4055927,2.9584243,0.6850418925902219,1.0
MRPL45,0.4055927,0.7436244,0.6850418925902219,1.0
ELP5,0.40520898,0.47668034,0.6853239042654418,1.0
POLR2B,0.40520898,0.69031686,0.6853239042654418,1.0
MICB,0.40482527,2.8533432,0.6856059597932318,1.0
KEAP1,0.40482527,0.7713501,0.6856059597932318,1.0
MCM8,0.40482527,2.8341196,0.6856059597932318,1.0
ATAD3A,0.40482527,2.8032846,0.6856059597932318,1.0
CLN8,0.40482527,2.8314917,0.6856059597932318,1.0
TIMM8A,0.40482527,2.8251252,0.6856059597932318,1.0
MRPL34,0.40482527,0.18548825,0.6856059597932318,1.0
ZNF234,0.40482527,2.8658228,0.6856059597932318,1.0
TESK1,0.40482527,2.8137631,0.6856059597932318,1.0
GAS7,0.40444154,1.2392342,0.6858880591388745,1.0
ZNF557,0.40405783,2.7425687,0.6861702022676336,1.0
CNTROB,0.40405783,2.7141807,0.6861702022676336,1.0
PDZD4,0.40405783,2.844769,0.6861702022676336,1.0
DCAKD,0.40405783,2.7587266,0.6861702022676336,1.0
SPAG1,0.40405783,2.7649045,0.6861702022676336,1.0
ACTL10,0.40405783,2.813991,0.6861702022676336,1.0
ALDH3A2,0.4036741,1.1080554,0.686452389144755,1.0
BRE,0.4036741,0.4029531,0.686452389144755,1.0
DTX3L,0.4032904,1.180122,0.6867346197354662,1.0
RP11-15A1.3,0.4032904,2.698152,0.6867346197354662,1.0
CCDC6,0.4032904,2.7069283,0.6867346197354662,1.0
ARFGEF2,0.4032904,2.7076077,0.6867346197354662,1.0
ERMARD,0.4032904,2.6667588,0.6867346197354662,1.0
ZNF426,0.4032904,2.7816343,0.6867346197354662,1.0
MRPL23,0.40290666,0.28393638,0.6870168940049763,1.0
SETD1B,0.40252292,3.007445,0.6872992119184761,1.0
SOAT1,0.40252292,0.7048337,0.6872992119184761,1.0
NGDN,0.40213922,0.33568412,0.6875815734411383,1.0
SLC4A1AP,0.40213922,1.0968447,0.6875815734411383,1.0
DAAM1,0.40175548,2.4450557,0.6878639785381178,1.0
RP2,0.40175548,2.607511,0.6878639785381178,1.0
MTRF1L,0.40175548,2.4977005,0.6878639785381178,1.0
SRD5A3,0.40175548,0.80261415,0.6878639785381178,1.0
LLGL2,0.40137178,1.1326444,0.6881464271745503,1.0
SPG7,0.40137178,0.40742287,0.6881464271745503,1.0
DOCK11,0.40137178,0.74820983,0.6881464271745503,1.0
FAM126B,0.40137178,1.1875733,0.6881464271745503,1.0
SNRPD1,0.40098804,0.15553342,0.6884289193155543,1.0
HSPE1,0.40098804,0.15829168,0.6884289193155543,1.0
TBL1XR1,0.40098804,0.7724173,0.6884289193155543,1.0
RALA,0.40060434,0.9822908,0.6887114549262294,1.0
RAB18,0.40060434,0.2501222,0.6887114549262294,1.0
HSD17B7,0.39945316,0.7452152,0.6895593222270082,1.0
AKAP10,0.39715084,0.7565242,0.6912562257900043,1.0
MKRN2,0.39715084,0.6175427,0.6912562257900043,1.0
RNF19A,0.39715084,0.81495345,0.6912562257900043,1.0
C8orf33,0.39715084,0.75166446,0.6912562257900043,1.0
NBEAL2,0.39676714,1.026256,0.6915391941738933,1.0
GCC2,0.39676714,0.3600415,0.6915391941738933,1.0
NCR3,0.3963834,0.06566914,0.6918222056423555,1.0
PPP4C,0.3963834,0.14637859,0.6918222056423555,1.0
AASDHPPT,0.3959997,0.49547786,0.6921052601602737,1.0
NIP7,0.39561597,0.5403365,0.6923883576925123,1.0
MEI1,0.39561597,0.33296922,0.6923883576925123,1.0
SLC41A3,0.39523223,1.024135,0.6926714982039183,1.0
TMEM60,0.39484853,0.6867653,0.69295468165932,1.0
GUK1,0.39484853,0.02425785,0.69295468165932,1.0
ITCH,0.3944648,0.99599993,0.6932379080235282,1.0
CDK5RAP1,0.3940811,0.65668684,0.6935211772613356,1.0
RAB9A,0.39369735,0.44338414,0.6938044893375167,1.0
DEK,0.39369735,0.14462106,0.6938044893375167,1.0
BCAP29,0.39369735,0.5163871,0.6938044893375167,1.0
UBL7,0.39331365,0.40135828,0.6940878442168285,1.0
ISOC2,0.3929299,0.43339303,0.6943712418640098,1.0
SLC30A7,0.3929299,0.988603,0.6943712418640098,1.0
CHTF8,0.39216247,0.6711763,0.6949381653208467,1.0
ANKRD54,0.39216247,0.4903399,0.6949381653208467,1.0
ATP6V1B2,0.39216247,0.4923307,0.6949381653208467,1.0
ELF4,0.39216247,1.0169089,0.6949381653208467,1.0
TTC5,0.39139503,0.67220646,0.69550525942558,1.0
YIPF5,0.39139503,0.520873,0.69550525942558,1.0
EDEM2,0.3906276,0.6008054,0.6960725238954764,1.0
ECI2,0.3890927,0.451111,0.6972075627983962,1.0
SDR39U1,0.38832527,0.4006797,0.6977753366645266,1.0
CDC73,0.38832527,0.8518638,0.6977753366645266,1.0
RP11-66N24.4,0.38832527,0.8313892,0.6977753366645266,1.0
CDC27,0.38832527,1.4332955,0.6977753366645266,1.0
UBE3B,0.38755783,0.8801619,0.698343279762034,1.0
POLR3C,0.38755783,0.8759831,0.698343279762034,1.0
PHF6,0.38755783,1.347766,0.698343279762034,1.0
HIGD1A,0.3867904,0.66206,0.698911391806761,1.0
GMDS,0.3867904,1.587405,0.698911391806761,1.0
MPLKIP,0.38602296,0.42171937,0.6994796725142665,1.0
AMFR,0.38525552,1.4624503,0.700048121599826,1.0
EXOSC4,0.38448808,0.87377876,0.7006167387784332,1.0
MRPS22,0.38448808,0.48045433,0.7006167387784332,1.0
PDHA1,0.38410434,0.5017821,0.7009011103134877,1.0
C7orf49,0.38372064,0.77482486,0.7011855237647984,1.0
CCDC65,0.38372064,0.48326242,0.7011855237647984,1.0
FRAT2,0.3829532,1.4190991,0.7017544762733505,1.0
TTLL3,0.3829532,1.4800473,0.7017544762733505,1.0
DUSP6,0.38218576,1.4118648,0.702323596018237,1.0
LARP1,0.38218576,0.93915087,0.702323596018237,1.0
PECR,0.38218576,1.3945615,0.702323596018237,1.0
MVD,0.38218576,0.35221085,0.702323596018237,1.0
MRPL55,0.38180202,0.21172465,0.7026082185148999,1.0
RNF40,0.3814183,1.3909742,0.7028928827133241,1.0
RPE,0.3814183,1.3381175,0.7028928827133241,1.0
BIRC2,0.3814183,0.8459893,0.7028928827133241,1.0
LRRC28,0.3814183,1.257687,0.7028928827133241,1.0
TIGD2,0.38065085,25.13426,0.7034623360721979,1.0
SLC12A6,0.38065085,25.167017,0.7034623360721979,1.0
WASH4P,0.38065085,25.208698,0.7034623360721979,1.0
SLC50A1,0.38065085,0.5383254,0.7034623360721979,1.0
DEGS2,0.38065085,25.27758,0.7034623360721979,1.0
AP5S1,0.38065085,25.182152,0.7034623360721979,1.0
NCR3LG1,0.38065085,25.29509,0.7034623360721979,1.0
CTB-55O6.12,0.38065085,25.220863,0.7034623360721979,1.0
ZNF585A,0.38065085,25.231298,0.7034623360721979,1.0
CACNA2D2,0.38065085,25.235508,0.7034623360721979,1.0
RP11-63P12.6,0.38065085,25.225195,0.7034623360721979,1.0
GALNT2,0.38065085,25.24039,0.7034623360721979,1.0
PDXDC1,0.38065085,1.2106682,0.7034623360721979,1.0
DPY19L1,0.38065085,25.488863,0.7034623360721979,1.0
C20orf197,0.38065085,25.28082,0.7034623360721979,1.0
PYCRL,0.38065085,25.177198,0.7034623360721979,1.0
CEP97,0.38065085,25.233244,0.7034623360721979,1.0
FAM160A2,0.38065085,0.7525714,0.7034623360721979,1.0
GPR141,0.38065085,25.333607,0.7034623360721979,1.0
DUSP18,0.38065085,25.281797,0.7034623360721979,1.0
SNX22,0.38065085,25.205393,0.7034623360721979,1.0
LYRM9,0.38065085,1.2819079,0.7034623360721979,1.0
GET4,0.38065085,25.196693,0.7034623360721979,1.0
IDH1,0.38065085,25.142328,0.7034623360721979,1.0
CXCR2,0.38065085,25.292198,0.7034623360721979,1.0
CXCR1,0.38065085,25.340368,0.7034623360721979,1.0
IMPACT,0.38065085,25.152454,0.7034623360721979,1.0
ATG9B,0.38065085,25.328596,0.7034623360721979,1.0
TPK1,0.38065085,25.297283,0.7034623360721979,1.0
RAB11B-AS1,0.38065085,25.320335,0.7034623360721979,1.0
TSPAN2,0.38065085,0.79576916,0.7034623360721979,1.0
PCCA,0.38065085,25.277798,0.7034623360721979,1.0
ZBTB22,0.38065085,25.26254,0.7034623360721979,1.0
MBTPS2,0.38065085,25.233503,0.7034623360721979,1.0
SPECC1,0.38065085,25.196991,0.7034623360721979,1.0
GRIK4,0.38065085,25.017067,0.7034623360721979,1.0
CERCAM,0.38065085,25.118372,0.7034623360721979,1.0
IFFO2,0.38065085,25.209354,0.7034623360721979,1.0
USP22,0.3798834,1.303355,0.7040319558081636,1.0
RP11-752G15.6,0.3798834,1.195457,0.7040319558081636,1.0
RP11-103G8.2,0.3798834,1.3018397,0.7040319558081636,1.0
PSMD5-AS1,0.3798834,0.31943372,0.7040319558081636,1.0
RECQL,0.37834853,0.4353902,0.7051716932631945,1.0
MRPL18,0.37834853,0.19998178,0.7051716932631945,1.0
MED19,0.37834853,0.7289045,0.7051716932631945,1.0
AKIP1,0.3775811,1.2292475,0.7057418104074737,1.0
SUZ12,0.3775811,1.2615008,0.7057418104074737,1.0
RBM45,0.3775811,1.2045795,0.7057418104074737,1.0
CARS,0.3775811,0.9073082,0.7057418104074737,1.0
TMEM223,0.3775811,0.45613348,0.7057418104074737,1.0
B3GALT6,0.3775811,1.2957416,0.7057418104074737,1.0
ARL8A,0.37681365,1.1136781,0.7063120927792739,1.0
C9orf64,0.37681365,1.2767472,0.7063120927792739,1.0
GADD45A,0.3760462,0.55778915,0.7068825400905053,1.0
TFAM,0.3760462,0.7627104,0.7068825400905053,1.0
ACAP3,0.3760462,1.1265761,0.7068825400905053,1.0
ANKIB1,0.3760462,1.1850158,0.7068825400905053,1.0
TRMT11,0.3760462,1.1677442,0.7068825400905053,1.0
MMP24-AS1,0.3760462,0.27980593,0.7068825400905053,1.0
DCAF15,0.37527877,1.1172706,0.7074531520528018,1.0
CBFA2T2,0.37527877,1.2001511,0.7074531520528018,1.0
BPTF,0.37527877,0.32717705,0.7074531520528018,1.0
RBM4B,0.37527877,1.1891992,0.7074531520528018,1.0
PLEKHB2,0.37451133,0.71722996,0.7080239283775192,1.0
XRCC6,0.3737439,0.0648427,0.708594868775737,1.0
NBR1,0.3737439,0.4141345,0.708594868775737,1.0
MRPS36,0.37336016,0.398061,0.708880400412045,1.0
FCRLB,0.37297645,1.0932252,0.709165972958258,1.0
EIF2S1,0.37297645,0.36125502,0.709165972958258,1.0
RAP2B,0.37297645,0.72583926,0.709165972958258,1.0
MSH2,0.37297645,1.0898244,0.709165972958258,1.0
CEP164,0.372209,0.7422382,0.7097372406356093,1.0
SCPEP1,0.372209,0.46692517,0.7097372406356093,1.0
HAT1,0.372209,0.49175355,0.7097372406356093,1.0
ACAT1,0.372209,0.45726094,0.7097372406356093,1.0
MKL1,0.372209,0.9279076,0.7097372406356093,1.0
NCALD,0.37182528,1.073515,0.7100229356943106,1.0
MRPL21,0.37105784,0.2695659,0.7105944480705432,1.0
CCDC22,0.37067413,0.674669,0.7108802653155339,1.0
PDZD11,0.37067413,0.3173859,0.7108802653155339,1.0
DYNLT1,0.37067413,0.17062454,0.7108802653155339,1.0
STRA13,0.37067413,0.26525003,0.7108802653155339,1.0
HMGN2,0.37067413,0.40360725,0.7108802653155339,1.0
MIDN,0.3702904,0.3417377,0.7111661232167192,1.0
COPE,0.3699067,0.07869726,0.711452021737786,1.0
COASY,0.3699067,0.510717,0.711452021737786,1.0
PRPF6,0.36952296,0.40633574,0.7117379608424037,1.0
NUP62,0.36913925,0.6683579,0.7120239404942257,1.0
HERC3,0.36875552,1.0775,0.7123099606568875,1.0
TOLLIP,0.36798808,0.50522065,0.7128821223691877,1.0
RP11-792A8.4,0.36760435,0.569665,0.713168263846012,1.0
BNIP3L,0.36722064,0.3881315,0.7134544456880483,1.0
HDAC3,0.3668369,0.3946504,0.7137406678588469,1.0
SON,0.3664532,0.08388934,0.7140269303219412,1.0
IFIT5,0.36568576,1.1026819,0.7145995759790655,1.0
YTHDF2,0.36568576,0.11270776,0.7145995759790655,1.0
DYNC1LI2,0.36568576,0.6517075,0.7145995759790655,1.0
TAF11,0.36530203,0.3125706,0.7148859591000774,1.0
ADSS,0.36415088,0.36719212,0.7157453491944471,1.0
HMBOX1,0.36376715,0.5577998,0.7160318926811204,1.0
CRLS1,0.36376715,0.38416117,0.7160318926811204,1.0
PTBP3,0.36338344,0.90046537,0.7163184761677459,1.0
BTF3L4,0.36338344,0.32326055,0.7163184761677459,1.0
CAB39,0.36338344,0.93773097,0.7163184761677459,1.0
ECH1,0.3629997,0.14015546,0.7166050996177045,1.0
LRRC59,0.3629997,0.87651837,0.7166050996177045,1.0
ME2,0.362616,0.59825295,0.7168917629943601,1.0
C21orf33,0.36223227,0.41922823,0.7171784662610599,1.0
HIVEP3,0.36184856,0.9259431,0.7174652093811342,1.0
MAP4,0.36146483,0.605605,0.7177519923178968,1.0
JAZF1,0.36146483,1.7047164,0.7177519923178968,1.0
LRRC47,0.36146483,0.5267402,0.7177519923178968,1.0
ATP6V1H,0.36108112,0.30810344,0.7180388150346438,1.0
NDUFB3,0.3606974,0.23632237,0.7183256774946556,1.0
LIPA,0.3606974,0.27871987,0.7183256774946556,1.0
ATXN7L1,0.36031365,0.8795008,0.718612579661195,1.0
RPL7L1,0.36031365,0.28238314,0.718612579661195,1.0
ZC3H6,0.36031365,0.96204704,0.718612579661195,1.0
TIMM10B,0.35992995,0.4053325,0.7188995214975082,1.0
CDK5,0.35992995,1.5876827,0.7188995214975082,1.0
ARID4A,0.35992995,0.31461197,0.7188995214975082,1.0
LIX1L,0.35992995,0.5812539,0.7188995214975082,1.0
AGAP2,0.3591625,1.5472908,0.7194735240323579,1.0
FAM134A,0.3591625,0.39365143,0.7194735240323579,1.0
ST8SIA4,0.35877877,0.88645977,0.7197605846573032,1.0
PRKD3,0.35877877,0.88137215,0.7197605846573032,1.0
PSMD1,0.35877877,0.9132184,0.7197605846573032,1.0
TMLHE,0.35839507,1.5749781,0.7200476848048399,1.0
CD58,0.35839507,0.32382938,0.7200476848048399,1.0
NSUN3,0.35839507,1.7018207,0.7200476848048399,1.0
RNF135,0.35839507,1.5448248,0.7200476848048399,1.0
CPPED1,0.35801134,0.827739,0.7203348244381309,1.0
MTA3,0.35762763,1.5510385,0.720622003520322,1.0
ATF6,0.35762763,0.6452688,0.720622003520322,1.0
PTAR1,0.35762763,1.5166532,0.720622003520322,1.0
RBM48,0.35762763,1.4758749,0.720622003520322,1.0
HBS1L,0.35762763,1.4974629,0.720622003520322,1.0
UBE2B,0.35762763,0.27624735,0.720622003520322,1.0
PXMP4,0.35762763,1.9154292,0.720622003520322,1.0
RP11-973H7.4,0.35762763,1.5358652,0.720622003520322,1.0
SEPT11,0.3572439,0.7964725,0.7209092220145423,1.0
COG4,0.3572439,0.84369034,0.7209092220145423,1.0
MEF2BNB,0.3572439,0.81749314,0.7209092220145423,1.0
RNGTT,0.3572439,0.814528,0.7209092220145423,1.0
HADH,0.3572439,0.858056,0.7209092220145423,1.0
CCDC53,0.3572439,0.25868896,0.7209092220145423,1.0
TRAPPC6B,0.3572439,0.76762456,0.7209092220145423,1.0
AP2B1,0.3568602,0.5883769,0.7211964798839046,1.0
ARFGEF1,0.3568602,1.6152391,0.7211964798839046,1.0
HS2ST1,0.3568602,1.4432483,0.7211964798839046,1.0
CROT,0.3568602,1.4882804,0.7211964798839046,1.0
KIAA1429,0.3568602,1.8760108,0.7211964798839046,1.0
PDE4A,0.3568602,1.5831211,0.7211964798839046,1.0
ARNTL,0.35647646,0.78820854,0.7214837770915046,1.0
ZC3H12A,0.35647646,0.86202806,0.7214837770915046,1.0
TBC1D25,0.35609275,1.4800597,0.7217711136004218,1.0
FEM1A,0.35609275,1.463514,0.7217711136004218,1.0
TNFSF10,0.35609275,0.34314176,0.7217711136004218,1.0
C11orf54,0.35609275,1.5916921,0.7217711136004218,1.0
AMZ2,0.35609275,0.3480067,0.7217711136004218,1.0
TGFBR3,0.35609275,0.6344558,0.7217711136004218,1.0
DDX56,0.35609275,0.44977465,0.7217711136004218,1.0
GART,0.35570902,0.882326,0.7220584893737185,1.0
C11orf30,0.3553253,1.4911228,0.722345904374441,1.0
LPXN,0.3553253,0.2963382,0.722345904374441,1.0
STK32C,0.3553253,1.4930604,0.722345904374441,1.0
LAIR2,0.3553253,1.4802666,0.722345904374441,1.0
SUMF2,0.3553253,0.4148912,0.722345904374441,1.0
CENPH,0.3553253,1.431977,0.722345904374441,1.0
MLST8,0.35494158,0.7574999,0.7226333585656186,1.0
EPN1,0.35494158,1.0470573,0.7226333585656186,1.0
PDE12,0.35455787,1.4100579,0.7229208519102643,1.0
GLA,0.35455787,1.434735,0.7229208519102643,1.0
MCM6,0.35455787,1.3871142,0.7229208519102643,1.0
DOPEY2,0.35455787,1.5798507,0.7229208519102643,1.0
PCBP1-AS1,0.35417414,0.7811999,0.7232083843713744,1.0
DOHH,0.3537904,1.3646439,0.7234959559119283,1.0
PDHB,0.3534067,0.20374514,0.7237835664948895,1.0
PRKX,0.3534067,0.73434097,0.7237835664948895,1.0
DOCK8,0.3534067,0.30978808,0.7237835664948895,1.0
PPWD1,0.3534067,0.8468844,0.7237835664948895,1.0
PITPNB,0.35302296,1.353199,0.7240712160832046,1.0
ZFYVE19,0.35302296,1.3554031,0.7240712160832046,1.0
ATP5SL,0.35302296,0.72625446,0.7240712160832046,1.0
STUB1,0.35263926,0.14332005,0.7243589046398038,1.0
PICALM,0.35263926,0.81790334,0.7243589046398038,1.0
ATP5L2,0.35263926,0.8170228,0.7243589046398038,1.0
KDM1A,0.35225552,1.2182958,0.7246466321276006,1.0
RNASE6,0.35225552,1.2994744,0.7246466321276006,1.0
INO80D,0.35225552,1.3199828,0.7246466321276006,1.0
RTP4,0.35225552,0.46077508,0.7246466321276006,1.0
TUT1,0.35225552,1.2054093,0.7246466321276006,1.0
BCKDHA,0.35225552,1.3611132,0.7246466321276006,1.0
ST6GALNAC6,0.35187182,0.3825599,0.7249343985094923,1.0
GPR89A,0.35148808,1.2818911,0.7252222037483594,1.0
TROVE2,0.35148808,0.32153782,0.7252222037483594,1.0
DTX3,0.35148808,1.3236669,0.7252222037483594,1.0
LIMK1,0.35148808,1.2413619,0.7252222037483594,1.0
CEP57,0.35148808,0.42144826,0.7252222037483594,1.0
ADCK4,0.35110438,0.8209753,0.7255100478070665,1.0
DAD1,0.35110438,0.042532194,0.7255100478070665,1.0
STRIP1,0.35110438,0.7665659,0.7255100478070665,1.0
CDK4,0.35110438,0.46445808,0.7255100478070665,1.0
PDCL3,0.35072064,0.34851444,0.7257979306484611,1.0
PARP15,0.35072064,0.7344811,0.7257979306484611,1.0
DEDD,0.35072064,1.3234925,0.7257979306484611,1.0
ORMDL1,0.35072064,0.13691106,0.7257979306484611,1.0
FARSB,0.35033694,0.821556,0.7260858522353746,1.0
TMUB1,0.35033694,0.32100853,0.7260858522353746,1.0
KIF5B,0.34918576,0.16651826,0.7269498490972968,1.0
SLFN5,0.34880206,0.24277954,0.727237925294272,1.0
NUP107,0.34841833,0.5518964,0.7275260400506769,1.0
CD151,0.34841833,0.6912685,0.7275260400506769,1.0
DDAH2,0.34803462,0.44335496,0.727814193329245,1.0
EML3,0.346116,0.43243083,0.7292555362490475,1.0
COMMD1,0.346116,0.4052725,0.7292555362490475,1.0
ZNF593,0.346116,0.6829332,0.7292555362490475,1.0
SYNE1,0.346116,0.20851697,0.7292555362490475,1.0
GPATCH4,0.34534857,0.77686524,0.7298323417659422,1.0
ARFIP2,0.34534857,0.586665,0.7298323417659422,1.0
TMEM14A,0.34458113,0.94060665,0.7304093001765861,1.0
ACADM,0.3438137,0.44170386,0.7309864111816076,1.0
CNP,0.3438137,0.64052784,0.7309864111816076,1.0
MIAT,0.34304625,0.32601947,0.7315636744813763,1.0
NECAP2,0.34304625,0.2964592,0.7315636744813763,1.0
SNRPG,0.34304625,0.20250024,0.7315636744813763,1.0
FAM134C,0.34304625,0.7350041,0.7315636744813763,1.0
GANAB,0.34304625,0.5040378,0.7315636744813763,1.0
COPS4,0.3426625,0.2539113,0.7318523631480858,1.0
DHRS13,0.3422788,0.67150635,0.7321410897760037,1.0
MTIF3,0.3422788,0.5032647,0.7321410897760037,1.0
TCEA2,0.3422788,0.8641405,0.7321410897760037,1.0
ZNHIT2,0.34189507,0.66082054,0.7324298543276035,1.0
C2orf49,0.34151137,1.0665071,0.7327186567653428,1.0
FECH,0.34151137,0.992204,0.7327186567653428,1.0
SYT11,0.34074393,0.98167014,0.7332963751489892,1.0
NEDD9,0.34074393,0.51467574,0.7332963751489892,1.0
PRKAG1,0.34074393,0.37815344,0.7332963751489892,1.0
NOL7,0.3403602,0.14317955,0.7335852910197308,1.0
COX19,0.3403602,0.48331258,0.7335852910197308,1.0
SLC39A1,0.3403602,0.4489942,0.7335852910197308,1.0
PXK,0.3403602,0.6513353,0.7335852910197308,1.0
RIPK2,0.33997646,0.58538353,0.7338742446262813,1.0
FBXO34,0.33997646,0.9446418,0.7338742446262813,1.0
RNF166,0.33959275,0.16325451,0.7341632359310177,1.0
TUBE1,0.33920902,1.0395385,0.7344522648963012,1.0
KMT2C,0.33844158,0.6704594,0.7350304356578746,1.0
SLC35A3,0.33844158,0.9586259,0.7350304356578746,1.0
GID8,0.33844158,0.28336835,0.7350304356578746,1.0
TPD52L2,0.33844158,0.45178467,0.7350304356578746,1.0
ARHGAP26,0.33844158,1.0524449,0.7350304356578746,1.0
UQCRQ,0.33805788,0.16757692,0.735319577378807,1.0
TOX4,0.33767414,0.3656614,0.7356087566095715,1.0
BCL2A1,0.33767414,1.0406165,0.7356087566095715,1.0
CIAO1,0.33767414,0.69130504,0.7356087566095715,1.0
GPX7,0.33729044,0.3411146,0.7358979733124495,1.0
TMEM203,0.3369067,0.3958012,0.7361872274497065,1.0
RASSF1,0.3369067,0.16906668,0.7361872274497065,1.0
ZNF143,0.33613926,0.87883115,0.7367658478763398,1.0
USF2,0.33575556,0.34754083,0.7370552140901674,1.0
GBE1,0.33537182,2.1425369,0.737344617587277,1.0
KRI1,0.33537182,0.9250465,0.737344617587277,1.0
DVL2,0.33537182,0.9649826,0.737344617587277,1.0
MCU,0.33537182,1.9085506,0.737344617587277,1.0
B3GAT1,0.33537182,1.9304096,0.737344617587277,1.0
EIF2B4,0.33537182,0.94300777,0.737344617587277,1.0
DCTN4,0.33537182,1.9838392,0.737344617587277,1.0
TMEM41B,0.33460438,0.6596921,0.7379235362800699,1.0
RUVBL2,0.33460438,0.48236716,0.7379235362800699,1.0
VMP1,0.33422068,0.3075061,0.738213051400078,1.0
RP1-313I6.12,0.33383694,0.89920723,0.738502603652017,1.0
RP11-468E2.5,0.33383694,1.8548896,0.738502603652017,1.0
KAT2B,0.33383694,1.8779825,0.738502603652017,1.0
RP11-708J19.1,0.33383694,1.7631277,0.738502603652017,1.0
FOXN2,0.33383694,2.0129166,0.738502603652017,1.0
AHNAK,0.33383694,0.1761833,0.738502603652017,1.0
TSHZ1,0.33383694,1.9497067,0.738502603652017,1.0
FAM98A,0.33383694,2.3395636,0.738502603652017,1.0
CTC-228N24.3,0.33345324,0.88176477,0.7387921929980101,1.0
TRPM7,0.3330695,1.8910294,0.739081819400164,1.0
MEGF9,0.3330695,2.0006485,0.739081819400164,1.0
TCAIM,0.33230206,1.7839868,0.7396611832213041,1.0
VARS,0.33230206,1.753109,0.7396611832213041,1.0
LRRC14,0.33230206,1.7758784,0.7396611832213041,1.0
AL590452.1,0.33230206,1.8579158,0.7396611832213041,1.0
FLAD1,0.33230206,0.48475227,0.7396611832213041,1.0
PARP11,0.33153462,0.91449356,0.7402406948119784,1.0
OPA3,0.33153462,1.7661731,0.7402406948119784,1.0
KIAA0196,0.33153462,0.88204575,0.7402406948119784,1.0
LRRCC1,0.33153462,1.8915713,0.7402406948119784,1.0
ISYNA1,0.33153462,0.8652931,0.7402406948119784,1.0
ZDHHC21,0.33153462,1.7016982,0.7402406948119784,1.0
FAM73A,0.33153462,1.8064678,0.7402406948119784,1.0
C1orf43,0.3311509,0.21875387,0.7405305059259912,1.0
VAMP3,0.3311509,0.6126174,0.7405305059259912,1.0
VPS53,0.33076718,0.9579319,0.7408203538684766,1.0
SAAL1,0.33076718,2.0947456,0.7408203538684766,1.0
FAM118A,0.33076718,1.604868,0.7408203538684766,1.0
NSUN2,0.33076718,0.5550176,0.7408203538684766,1.0
TXLNG,0.33076718,0.8647066,0.7408203538684766,1.0
HIST1H1E,0.33076718,1.6612701,0.7408203538684766,1.0
NFS1,0.33076718,1.701037,0.7408203538684766,1.0
PAFAH1B2,0.32999974,1.5357141,0.7414001600868376,1.0
SGPP1,0.32999974,0.84651035,0.7414001600868376,1.0
PMPCA,0.32999974,0.90637344,0.7414001600868376,1.0
HSDL2,0.3292323,1.544542,0.7419801131628494,1.0
RC3H2,0.3292323,1.5664947,0.7419801131628494,1.0
ANP32A,0.3292323,0.13028772,0.7419801131628494,1.0
ZW10,0.3292323,1.4781506,0.7419801131628494,1.0
GBP3,0.3292323,0.57627213,0.7419801131628494,1.0
UCHL5,0.3292323,0.3711694,0.7419801131628494,1.0
METTL14,0.3292323,1.6719207,0.7419801131628494,1.0
TRAPPC6A,0.32884857,0.25699526,0.7422701446773396,1.0
TRIM41,0.32846487,1.6223887,0.7425602127920501,1.0
AGO3,0.32846487,0.8566777,0.7425602127920501,1.0
C12orf5,0.32846487,1.5241768,0.7425602127920501,1.0
PLAUR,0.32846487,1.5259217,0.7425602127920501,1.0
TSPAN3,0.32846487,0.59337026,0.7425602127920501,1.0
SUMO1,0.32808113,0.07861798,0.7428503174688837,1.0
EP300,0.32769743,1.5126619,0.7431404586697283,1.0
TRIM56,0.32769743,0.76282734,0.7431404586697283,1.0
INO80,0.32769743,0.8207951,0.7431404586697283,1.0
ERCC1,0.32769743,0.35207528,0.7431404586697283,1.0
RNASEK,0.32769743,0.8185724,0.7431404586697283,1.0
GDAP1,0.32769743,1.4925548,0.7431404586697283,1.0
UBE2S,0.32769743,0.37817657,0.7431404586697283,1.0
HINFP,0.32769743,1.6527339,0.7431404586697283,1.0
NUBP2,0.3273137,0.4176371,0.743430636356456,1.0
MZT1,0.32693,0.5439076,0.7437208504909234,1.0
CNPY3,0.32693,0.124681436,0.7437208504909234,1.0
ATM,0.32654625,0.13348119,0.7440111010349717,1.0
PSMG2,0.32654625,0.14265297,0.7440111010349717,1.0
GLB1,0.32616252,1.072412,0.7443013879504263,1.0
ZSCAN16-AS1,0.32539508,0.81732696,0.7448820707427796,1.0
EXOC2,0.32501137,0.5276924,0.7451724665432519,1.0
MAPKAPK5-AS1,0.32462764,0.362252,0.745462898562278,1.0
ZDHHC4,0.3238602,0.41802529,0.7460438711029694,1.0
IL10RB,0.3238602,0.28394696,0.7460438711029694,1.0
SREBF2,0.32309276,0.723961,0.7466249880586548,1.0
NXPE3,0.32309276,0.73825926,0.7466249880586548,1.0
PRPF18,0.32270905,0.27760425,0.7469156005963659,1.0
TSSC1,0.3219416,0.5157369,0.7474969335998807,1.0
FAM175A,0.32155788,0.74277544,0.7477876539889811,1.0
STOML2,0.32155788,0.22166055,0.7477876539889811,1.0
TAX1BP3,0.32117417,0.48187712,0.7480784102518157,1.0
RIOK3,0.32117417,0.45808154,0.7480784102518157,1.0
TMEM128,0.32079044,0.37391987,0.7483692023499945,1.0
AXIN1,0.32079044,0.74148285,0.7483692023499945,1.0
RBM18,0.32079044,0.7420599,0.7483692023499945,1.0
NDUFS8,0.32079044,0.15566199,0.7483692023499945,1.0
RLIM,0.32079044,0.68064606,0.7483692023499945,1.0
APOPT1,0.32040673,0.29328996,0.7486600302451122,1.0
RPA3-AS1,0.320023,0.6868482,0.7489508938987484,1.0
CCND2,0.31925556,0.38099316,0.7495327283278171,1.0
DUSP11,0.31925556,0.2782067,0.7495327283278171,1.0
SNAPC5,0.31925556,0.31056368,0.7495327283278171,1.0
C1D,0.3181044,0.49337405,0.7504057471989178,1.0
XPC,0.3181044,0.5346065,0.7504057471989178,1.0
FBXO3,0.3181044,0.53968096,0.7504057471989178,1.0
CNOT8,0.31772068,0.4865122,0.7506968245959793,1.0
HDDC3,0.31733695,0.51817185,0.750987937482189,1.0
MLLT6,0.31733695,0.27755365,0.750987937482189,1.0
PDXK,0.31733695,1.2359092,0.750987937482189,1.0
RNASEH2A,0.31695324,0.46114495,0.7512790858190046,1.0
PRAF2,0.31695324,0.23631795,0.7512790858190046,1.0
HNRNPH2,0.3165695,0.24554208,0.7515702695678691,1.0
TCP1,0.3161858,0.16038851,0.7518614886902097,1.0
PRPS1,0.3161858,0.25593436,0.7518614886902097,1.0
REV1,0.31580207,1.1002434,0.7521527431474393,1.0
SF3B3,0.31541836,0.49940938,0.752444032900955,1.0
DYM,0.31541836,0.6243305,0.752444032900955,1.0
RFC4,0.31503463,1.0965391,0.7527353579121392,1.0
MRPL11,0.31503463,0.19722809,0.7527353579121392,1.0
RP11-1143G9.4,0.31465092,0.14458945,0.7530267181423591,1.0
B4GALT7,0.3142672,1.119586,0.7533181135529671,1.0
ZNF148,0.3142672,0.54058236,0.7533181135529671,1.0
ABHD11,0.31349975,1.0085125,0.7539010097606806,1.0
CTNNBIP1,0.31349975,0.4784355,0.7539010097606806,1.0
ODC1,0.31311604,0.37870196,0.7541925104804155,1.0
TRMT2A,0.31311604,0.6855578,0.7541925104804155,1.0
CYB561A3,0.31311604,0.68247604,0.7541925104804155,1.0
KIAA0020,0.31311604,0.64006585,0.7541925104804155,1.0
DYRK4,0.3127323,0.55259854,0.7544840462257971,1.0
PSMD9,0.31158113,0.16649817,0.7553588632285199,1.0
UPF2,0.31158113,0.31903064,0.7553588632285199,1.0
LEMD2,0.31158113,0.6895696,0.7553588632285199,1.0
USB1,0.31119743,0.26961926,0.7556505386891113,1.0
C18orf8,0.3108137,0.41818053,0.755942248981586,1.0
LINC00493,0.3108137,0.23654269,0.755942248981586,1.0
AC093673.5,0.31043,0.9620783,0.756233994067147,1.0
CCDC61,0.31043,1.0776,0.756233994067147,1.0
NCAPD3,0.31004626,2.6416478,0.756525773906982,1.0
SRR,0.31004626,3.2194066,0.756525773906982,1.0
AP1G1,0.31004626,2.5590796,0.756525773906982,1.0
REXO1,0.31004626,2.5657392,0.756525773906982,1.0
FADS1,0.31004626,2.4779856,0.756525773906982,1.0
CBLL1,0.31004626,0.67903143,0.756525773906982,1.0
MAPRE3,0.31004626,2.9456775,0.756525773906982,1.0
INPP5F,0.31004626,2.7490628,0.756525773906982,1.0
SLC9A3R2,0.31004626,2.5835536,0.756525773906982,1.0
MCM3AP-AS1,0.31004626,2.6948388,0.756525773906982,1.0
STRN4,0.31004626,2.5784001,0.756525773906982,1.0
RN7SL1,0.31004626,2.577479,0.756525773906982,1.0
RBM27,0.31004626,0.64755815,0.756525773906982,1.0
TCF7L2,0.31004626,2.5626783,0.756525773906982,1.0
TMEM185A,0.31004626,2.7609363,0.756525773906982,1.0
CATSPER2,0.31004626,2.4784732,0.756525773906982,1.0
FBXO46,0.31004626,2.7531312,0.756525773906982,1.0
PDE4DIP,0.31004626,2.9532585,0.756525773906982,1.0
ATE1,0.31004626,2.6786895,0.756525773906982,1.0
MPP5,0.31004626,2.5682912,0.756525773906982,1.0
WHSC1,0.31004626,2.804615,0.756525773906982,1.0
SLC41A1,0.31004626,2.5577602,0.756525773906982,1.0
RP11-108M9.4,0.30966255,1.0012493,0.7568175884622637,1.0
CLASP1,0.30927882,2.4940798,0.7571094376941503,1.0
MNT,0.30927882,2.6454587,0.7571094376941503,1.0
ITGAX,0.30927882,2.445732,0.7571094376941503,1.0
CERS4,0.30927882,2.5444264,0.7571094376941503,1.0
TTBK2,0.30927882,2.542421,0.7571094376941503,1.0
PAK1,0.30927882,2.5642269,0.7571094376941503,1.0
SMARCAL1,0.30927882,2.5772254,0.7571094376941503,1.0
SQLE,0.30927882,2.5490544,0.7571094376941503,1.0
ZFP57,0.30927882,2.41932,0.7571094376941503,1.0
RBM22,0.3088951,0.24690425,0.7574013215637849,1.0
CEP104,0.3088951,1.0276637,0.7574013215637849,1.0
ANGEL2,0.3088951,0.89514476,0.7574013215637849,1.0
MBD3,0.3088951,0.9297396,0.7574013215637849,1.0
GK5,0.30851138,2.485381,0.7576932400322961,1.0
AMN1,0.30851138,2.398462,0.7576932400322961,1.0
HS6ST1,0.30851138,2.3843064,0.7576932400322961,1.0
FAM109B,0.30851138,2.613897,0.7576932400322961,1.0
USP53,0.30851138,2.3875673,0.7576932400322961,1.0
CD14,0.30851138,2.450139,0.7576932400322961,1.0
WEE1,0.30851138,2.3603055,0.7576932400322961,1.0
ZNF17,0.30851138,2.366196,0.7576932400322961,1.0
CACNA1C-AS2,0.30851138,2.452786,0.7576932400322961,1.0
PTGES2,0.30851138,0.5367979,0.7576932400322961,1.0
RAB38,0.30851138,2.3970397,0.7576932400322961,1.0
NME8,0.30851138,2.4183595,0.7576932400322961,1.0
FCER2,0.30851138,2.3196845,0.7576932400322961,1.0
KIAA1715,0.30851138,0.48362967,0.7576932400322961,1.0
MB21D1,0.30851138,2.4741335,0.7576932400322961,1.0
SPICE1,0.30851138,2.2536786,0.7576932400322961,1.0
METTL7A,0.30851138,2.4322722,0.7576932400322961,1.0
YBEY,0.30812767,0.44982788,0.7579851930607974,1.0
NADSYN1,0.30812767,0.46952295,0.7579851930607974,1.0
DDT,0.30812767,0.18912183,0.7579851930607974,1.0
NSMCE2,0.30774394,0.52961606,0.7582771806103876,1.0
INTS9,0.30774394,2.3626318,0.7582771806103876,1.0
RFWD3,0.30774394,2.2044747,0.7582771806103876,1.0
ZNF691,0.30774394,2.4924107,0.7582771806103876,1.0
RNPS1,0.30774394,0.081801586,0.7582771806103876,1.0
MECR,0.30774394,2.326421,0.7582771806103876,1.0
NADK2,0.30774394,2.3451557,0.7582771806103876,1.0
C22orf34,0.30774394,2.3990142,0.7582771806103876,1.0
TERF2,0.30774394,2.4286015,0.7582771806103876,1.0
JADE2,0.30774394,0.6110494,0.7582771806103876,1.0
KLHL20,0.30774394,0.64137554,0.7582771806103876,1.0
ELAC1,0.30736023,0.93427306,0.7585692026421509,1.0
KATNBL1,0.30736023,0.4132724,0.7585692026421509,1.0
CHCHD6,0.3069765,2.2648523,0.7588612591171564,1.0
MUT,0.3069765,2.3620229,0.7588612591171564,1.0
SYT5,0.3069765,1.9448094,0.7588612591171564,1.0
ZSCAN9,0.3069765,2.1232507,0.7588612591171564,1.0
DENND6A,0.3069765,2.0658734,0.7588612591171564,1.0
SDSL,0.3069765,2.261788,0.7588612591171564,1.0
PSMC3IP,0.3069765,2.2439456,0.7588612591171564,1.0
GSTM2,0.3069765,2.1241038,0.7588612591171564,1.0
PIF1,0.3069765,2.1021342,0.7588612591171564,1.0
RRAS,0.3069765,2.1818104,0.7588612591171564,1.0
ZFP69,0.3069765,2.0305505,0.7588612591171564,1.0
TCF20,0.3069765,2.1378562,0.7588612591171564,1.0
IGBP1,0.3069765,0.144618,0.7588612591171564,1.0
PIGQ,0.3069765,2.2187867,0.7588612591171564,1.0
EXOC6,0.3065928,0.8397942,0.7591533499964589,1.0
PRCC,0.3065928,0.563947,0.7591533499964589,1.0
PSMD5,0.3065928,0.9080393,0.7591533499964589,1.0
C1orf56,0.3065928,0.924996,0.7591533499964589,1.0
SMIM15,0.30620906,0.4439839,0.7594454752410983,1.0
GCLM,0.30620906,0.33050996,0.7594454752410983,1.0
C22orf39,0.30620906,0.4281981,0.7594454752410983,1.0
ITGA5,0.30582535,0.8951371,0.7597376348120995,1.0
SLC39A9,0.30582535,0.9058194,0.7597376348120995,1.0
EXOSC8,0.30544162,0.29209498,0.7600298286704732,1.0
RNMTL1,0.30544162,0.60573334,0.7600298286704732,1.0
IGF2R,0.30505788,0.91257876,0.7603220567772151,1.0
SBNO1,0.30467418,0.70971876,0.7606143190933063,1.0
TACO1,0.30467418,0.34153098,0.7606143190933063,1.0
RRP1,0.30467418,0.86846596,0.7606143190933063,1.0
ZMYM5,0.30429044,0.9173044,0.7609066155797135,1.0
DAPK3,0.30390674,0.5837878,0.7611989461973884,1.0
TRIP12,0.303523,0.78170645,0.7614913109072682,1.0
PTTG1,0.3031393,0.58457404,0.7617837096702756,1.0
PPIL3,0.30275556,0.7969632,0.7620761424473189,1.0
POC1B,0.30275556,0.81085795,0.7620761424473189,1.0
TMED10,0.30275556,0.1012271,0.7620761424473189,1.0
UMPS,0.30275556,0.7233115,0.7620761424473189,1.0
NUDT2,0.30237186,0.4061582,0.7623686091992914,1.0
ACTA2,0.30198812,0.81624335,0.762661109887072,1.0
GPBP1,0.30198812,0.17467716,0.762661109887072,1.0
DHX15,0.30160442,0.39367616,0.7629536444715254,1.0
SNX12,0.3012207,0.8294205,0.7632462129135014,1.0
PGP,0.3012207,0.8337174,0.7632462129135014,1.0
PRIMPOL,0.3012207,0.8274435,0.7632462129135014,1.0
GMPPA,0.3012207,0.80615854,0.7632462129135014,1.0
TAF12,0.3012207,0.18983878,0.7632462129135014,1.0
GTF2F1,0.30083698,0.3236391,0.7635388151738353,1.0
ERAL1,0.30045325,0.79481465,0.7638314512133482,1.0
P4HA1,0.30045325,0.81695473,0.7638314512133482,1.0
USP24,0.30006954,0.79300094,0.7641241209928463,1.0
CDK10,0.30006954,0.6151165,0.7641241209928463,1.0
OTUB1,0.2993021,0.14883056,0.7647095616149524,1.0
ARSG,0.29891837,0.7602165,0.7650023323791011,1.0
NIPBL,0.29853466,0.50684845,0.7652951367263165,1.0
TRIM21,0.29815093,0.64149004,0.7655879746173331,1.0
TMEM256,0.2977672,0.22769175,0.7658808460128709,1.0
ADK,0.2977672,0.46465176,0.7658808460128709,1.0
ZNF7,0.2973835,0.7649983,0.7661737508736353,1.0
PANK4,0.29699975,0.7278965,0.7664666891603178,1.0
SPHK2,0.29699975,0.5465026,0.7664666891603178,1.0
CPNE3,0.29699975,0.49740267,0.7664666891603178,1.0
ALKBH6,0.29661605,0.76121944,0.7667596608335949,1.0
SELPLG,0.29661605,0.23233187,0.7667596608335949,1.0
SARNP,0.29661605,0.5192685,0.7667596608335949,1.0
CROCCP2,0.2962323,0.510525,0.7670526658541298,1.0
C6orf89,0.2962323,0.7229854,0.7670526658541298,1.0
ETFA,0.29508117,0.26941353,0.7679318806056912,1.0
FTSJ3,0.29469743,0.7678759,0.7682250186215963,1.0
FNBP1,0.29469743,0.1434627,0.7682250186215963,1.0
MPHOSPH9,0.29393,0.4418124,0.768811394065053,1.0
MCTS1,0.29393,0.2606381,0.768811394065053,1.0
ZNF775,0.29393,0.68934876,0.768811394065053,1.0
KLHL24,0.29316255,0.7269585,0.769397901794481,1.0
TESC,0.29316255,0.5416255,0.769397901794481,1.0
VPS28,0.29277885,0.12573445,0.7696912051677968,1.0
HSD17B11,0.29277885,0.12122333,0.7696912051677968,1.0
REEP4,0.2923951,0.6907604,0.7699845414942125,1.0
POM121C,0.2923951,0.68235683,0.7699845414942125,1.0
TRA2A,0.2920114,0.26933062,0.7702779107342342,1.0
FRMD8,0.29162768,0.7077112,0.770571312848354,1.0
FBXO42,0.29162768,1.4179441,0.770571312848354,1.0
EMC1,0.29086024,1.4505912,0.7711582155407857,1.0
HDAC10,0.29086024,0.49606678,0.7711582155407857,1.0
NAPA,0.29086024,0.23338181,0.7711582155407857,1.0
ACIN1,0.29086024,0.5249787,0.7711582155407857,1.0
PYGB,0.29086024,1.1612835,0.7711582155407857,1.0
MCEE,0.2900928,0.718007,0.7717452492551621,1.0
HDGF,0.2900928,0.7281761,0.7717452492551621,1.0
HSPA4,0.2900928,0.40674582,0.7717452492551621,1.0
RRP8,0.28970906,0.6854968,0.7720388151466603,1.0
HEXDC,0.28932536,1.2790526,0.7723324136749131,1.0
XRCC1,0.28932536,1.1477102,0.7723324136749131,1.0
BAZ1B,0.28932536,0.7285866,0.7723324136749131,1.0
ENOSF1,0.28855792,1.2215388,0.7729197084832441,1.0
TMEM251,0.28855792,0.4078131,0.7729197084832441,1.0
ABHD13,0.28855792,0.7663981,0.7729197084832441,1.0
NSDHL,0.28855792,1.258459,0.7729197084832441,1.0
REC8,0.28779048,0.6712358,0.773507133363136,1.0
FASTKD5,0.28779048,1.2997019,0.773507133363136,1.0
C11orf48,0.28740674,0.16870162,0.7738008944807879,1.0
SRCAP,0.28702304,1.0803405,0.7740946879973469,1.0
MED22,0.28702304,1.0540032,0.7740946879973469,1.0
C1GALT1C1,0.28702304,0.6374665,0.7740946879973469,1.0
FAM208A,0.28702304,1.0821731,0.7740946879973469,1.0
RNF185,0.28702304,1.1594607,0.7740946879973469,1.0
COPS7B,0.2866393,0.6679585,0.7743885138731229,1.0
ANKMY2,0.2862556,1.0840899,0.7746823720684118,1.0
WDFY1,0.2862556,1.0149146,0.7746823720684118,1.0
RFX5,0.2862556,0.6664386,0.7746823720684118,1.0
PIGS,0.2862556,0.7092801,0.7746823720684118,1.0
SDHC,0.2862556,0.08460079,0.7746823720684118,1.0
EIF1AD,0.2862556,1.0748062,0.7746823720684118,1.0
STK3,0.28548816,25.019604,0.7752701852586432,1.0
MIER3,0.28548816,24.548706,0.7752701852586432,1.0
RP4-798A10.2,0.28548816,24.64921,0.7752701852586432,1.0
SLC17A9,0.28548816,24.590942,0.7752701852586432,1.0
ZNF416,0.28548816,24.701504,0.7752701852586432,1.0
SEMA4C,0.28548816,24.86662,0.7752701852586432,1.0
CTB-91J4.1,0.28548816,24.806671,0.7752701852586432,1.0
ZNF146,0.28548816,0.68167543,0.7752701852586432,1.0
UBN2,0.28548816,24.813967,0.7752701852586432,1.0
KRT86,0.28548816,24.845177,0.7752701852586432,1.0
CAD,0.28548816,24.804182,0.7752701852586432,1.0
ZNF613,0.28548816,24.815823,0.7752701852586432,1.0
GAREML,0.28548816,24.827349,0.7752701852586432,1.0
RP11-1407O15.2,0.28548816,24.820362,0.7752701852586432,1.0
SGOL2,0.28548816,24.859144,0.7752701852586432,1.0
SETMAR,0.28548816,24.703829,0.7752701852586432,1.0
BTRC,0.28548816,24.884407,0.7752701852586432,1.0
FAM160B2,0.28548816,24.93656,0.7752701852586432,1.0
ETV5,0.28548816,24.867643,0.7752701852586432,1.0
PODXL2,0.28548816,24.870758,0.7752701852586432,1.0
PAOX,0.28548816,24.787632,0.7752701852586432,1.0
CHEK1,0.28548816,24.752192,0.7752701852586432,1.0
NUDT14,0.28548816,24.70855,0.7752701852586432,1.0
WBP1,0.28548816,24.794699,0.7752701852586432,1.0
ATP10A,0.28548816,24.948393,0.7752701852586432,1.0
ZNF879,0.28548816,24.770557,0.7752701852586432,1.0
USP18,0.28548816,24.877169,0.7752701852586432,1.0
CAB39L,0.28548816,24.633339,0.7752701852586432,1.0
PIDD,0.28548816,24.790825,0.7752701852586432,1.0
GTF2H4,0.28548816,24.925728,0.7752701852586432,1.0
LIN37,0.28548816,24.916445,0.7752701852586432,1.0
PACS2,0.28548816,24.865456,0.7752701852586432,1.0
RHBDD1,0.28548816,24.944262,0.7752701852586432,1.0
AC007228.9,0.28548816,24.878092,0.7752701852586432,1.0
KDM1B,0.28548816,24.88656,0.7752701852586432,1.0
ORC6,0.28548816,24.501532,0.7752701852586432,1.0
KALRN,0.28548816,24.861923,0.7752701852586432,1.0
TCF4,0.28548816,24.82643,0.7752701852586432,1.0
HIST1H4E,0.28548816,24.897406,0.7752701852586432,1.0
ASGR1,0.28548816,24.83055,0.7752701852586432,1.0
PDGFRB,0.28548816,24.84818,0.7752701852586432,1.0
NUDT11,0.28548816,24.873367,0.7752701852586432,1.0
ZNF670,0.28548816,24.624918,0.7752701852586432,1.0
CCDC30,0.28548816,24.76319,0.7752701852586432,1.0
CERS6,0.28548816,24.799562,0.7752701852586432,1.0
TPCN2,0.28548816,24.617645,0.7752701852586432,1.0
TYMS,0.28548816,24.919275,0.7752701852586432,1.0
NIFK,0.28548816,0.29407752,0.7752701852586432,1.0
STARD5,0.28548816,24.627268,0.7752701852586432,1.0
TIMELESS,0.28548816,24.772686,0.7752701852586432,1.0
ALDH3B1,0.28548816,24.801651,0.7752701852586432,1.0
CNFN,0.28548816,24.795809,0.7752701852586432,1.0
HIF1A,0.28548816,0.59441036,0.7752701852586432,1.0
JAK2,0.28548816,24.741722,0.7752701852586432,1.0
FAM219A,0.28548816,24.859331,0.7752701852586432,1.0
GUF1,0.28548816,24.833317,0.7752701852586432,1.0
ZNF45,0.28548816,24.677378,0.7752701852586432,1.0
KIAA0586,0.28548816,24.815195,0.7752701852586432,1.0
NRXN2,0.28548816,24.727451,0.7752701852586432,1.0
L3MBTL3,0.28548816,24.754408,0.7752701852586432,1.0
WDR44,0.28548816,24.743692,0.7752701852586432,1.0
SLAIN1,0.28548816,24.756653,0.7752701852586432,1.0
SPECC1L,0.28548816,24.795406,0.7752701852586432,1.0
SLC38A7,0.28548816,24.916584,0.7752701852586432,1.0
LINC00665,0.28548816,1.1392225,0.7752701852586432,1.0
MDGA1,0.28548816,24.74564,0.7752701852586432,1.0
UBE2E2,0.28548816,24.882109,0.7752701852586432,1.0
COL13A1,0.28548816,24.828604,0.7752701852586432,1.0
CKB,0.28548816,24.977167,0.7752701852586432,1.0
EDEM3,0.28548816,24.56381,0.7752701852586432,1.0
SWT1,0.28548816,24.743689,0.7752701852586432,1.0
TTN,0.28548816,24.831459,0.7752701852586432,1.0
KPTN,0.28548816,24.825188,0.7752701852586432,1.0
RP11-973H7.1,0.28548816,24.842392,0.7752701852586432,1.0
SAMD1,0.28548816,24.666267,0.7752701852586432,1.0
TCP11L2,0.28548816,24.769556,0.7752701852586432,1.0
PANK3,0.28548816,24.899584,0.7752701852586432,1.0
CTD-3074O7.5,0.28548816,24.824875,0.7752701852586432,1.0
ENPP5,0.28548816,1.0930331,0.7752701852586432,1.0
CARNS1,0.28548816,24.87926,0.7752701852586432,1.0
TBC1D30,0.28548816,24.701214,0.7752701852586432,1.0
ZNF257,0.28548816,24.83395,0.7752701852586432,1.0
ZNF606,0.28548816,24.936249,0.7752701852586432,1.0
GOLGA5,0.28472072,1.0549138,0.7758581272501316,1.0
SIRT5,0.28472072,1.0357563,0.7758581272501316,1.0
AAR2,0.28472072,1.0452822,0.7758581272501316,1.0
UBE2H,0.28472072,0.9756757,0.7758581272501316,1.0
DGCR2,0.28472072,1.1524243,0.7758581272501316,1.0
ORAI2,0.28472072,0.49236444,0.7758581272501316,1.0
PIAS4,0.28472072,1.0233368,0.7758581272501316,1.0
RAB6A,0.28433698,0.30927584,0.77615214644694,1.0
C5orf28,0.28395325,1.0296147,0.7764461977247463,1.0
FHOD1,0.28395325,1.0055269,0.7764461977247463,1.0
RASGEF1B,0.28395325,1.217323,0.7764461977247463,1.0
GNA13,0.2831858,0.60476065,0.7770343963641355,1.0
SMARCD2,0.2831858,1.0544208,0.7770343963641355,1.0
C3orf17,0.2831858,0.75035137,0.7770343963641355,1.0
PLEC,0.2831858,1.0073079,0.7770343963641355,1.0
FAM208B,0.2831858,0.9954203,0.7770343963641355,1.0
SRSF6,0.2831858,0.44974953,0.7770343963641355,1.0
CXorf56,0.2831858,0.9653886,0.7770343963641355,1.0
UVRAG,0.2831858,1.0347195,0.7770343963641355,1.0
ZNF16,0.2831858,1.0665674,0.7770343963641355,1.0
HERC2,0.28241837,0.6649645,0.7776227228497272,1.0
GTF3C1,0.28241837,0.31773055,0.7776227228497272,1.0
CYB561D1,0.28241837,1.008104,0.7776227228497272,1.0
UTP14A,0.28241837,1.0053016,0.7776227228497272,1.0
MRGBP,0.28241837,1.1357526,0.7776227228497272,1.0
ITPRIP,0.28241837,0.83573085,0.7776227228497272,1.0
DNAJC24,0.28241837,1.0297173,0.7776227228497272,1.0
C6orf136,0.28241837,1.0022372,0.7776227228497272,1.0
PHF23,0.28241837,0.592593,0.7776227228497272,1.0
MRPS28,0.28241837,0.40266678,0.7776227228497272,1.0
ACTR10,0.28203467,0.20916277,0.7779169339352352,1.0
NOMO1,0.28203467,0.6196558,0.7779169339352352,1.0
GLOD4,0.28165093,0.15641794,0.7782111768627297,1.0
PPCDC,0.28165093,0.93571347,0.7782111768627297,1.0
CUL3,0.28165093,0.5911477,0.7782111768627297,1.0
IST1,0.28126723,0.37460133,0.7785054515923273,1.0
YIPF1,0.2808835,0.66722524,0.7787997580841315,1.0
WDR60,0.2808835,0.9356663,0.7787997580841315,1.0
NOP58,0.2808835,0.49369684,0.7787997580841315,1.0
SKA2,0.2808835,1.015492,0.7787997580841315,1.0
SMARCC2,0.28011605,0.39965585,0.7793884661947026,1.0
CERS2,0.28011605,0.26608092,0.7793884661947026,1.0
MLXIP,0.28011605,0.90824413,0.7793884661947026,1.0
GTF2E2,0.27973235,0.23828422,0.7796828677336076,1.0
HNRNPAB,0.27973235,0.34116355,0.7796828677336076,1.0
FTSJ1,0.2793486,0.4119617,0.7799773008749947,1.0
STK39,0.2793486,0.9589036,0.7799773008749947,1.0
CSNK2A1,0.2793486,0.41204676,0.7799773008749947,1.0
PISD,0.27858117,0.7805911,0.7805662618053417,1.0
TRMT61B,0.27858117,0.50190145,0.7805662618053417,1.0
ALKBH5,0.27819747,0.22040848,0.7808607895143307,1.0
NCOR1,0.27819747,0.044021133,0.7808607895143307,1.0
HNRNPA0,0.27819747,0.0685983,0.7808607895143307,1.0
MED15,0.27781373,0.19169794,0.7811553486658602,1.0
KLF12,0.27781373,0.54780203,0.7811553486658602,1.0
TARS,0.27781373,0.37304866,0.7811553486658602,1.0
NELFCD,0.27781373,0.24424784,0.7811553486658602,1.0
ZNF195,0.27781373,0.52019346,0.7811553486658602,1.0
NOTCH2,0.27781373,0.8349596,0.7811553486658602,1.0
HEXIM1,0.27627885,0.53408045,0.7823338988967945,1.0
PLD3,0.27627885,0.341669,0.7823338988967945,1.0
CHMP6,0.2755114,0.25958988,0.7829233616263618,1.0
DAP,0.27512768,0.28586957,0.7832181397543789,1.0
CLSTN1,0.27474397,0.43867385,0.7835129490044047,1.0
HDGFRP2,0.27474397,0.83959675,0.7835129490044047,1.0
COIL,0.27474397,0.9278716,0.7835129490044047,1.0
GMEB1,0.27474397,0.53876334,0.7835129490044047,1.0
BCL2L1,0.27397653,0.4126915,0.784102660709961,1.0
FBXO25,0.27397653,0.4163295,0.784102660709961,1.0
RP5-1028K7.2,0.27397653,0.51384175,0.784102660709961,1.0
N4BP2L2,0.27397653,0.12173176,0.784102660709961,1.0
C19orf12,0.2732091,0.85071605,0.7846924964218548,1.0
NKAP,0.27244166,0.19198747,0.7852824558186963,1.0
LAGE3,0.27244166,0.21088035,0.7852824558186963,1.0
PRKCSH,0.27205792,0.2832222,0.7855774817984799,1.0
ATP6V1C1,0.27167422,0.3143506,0.7858725385788826,1.0
FAM162A,0.27167422,0.20467296,0.7858725385788826,1.0
CHIC2,0.27167422,0.34246606,0.7858725385788826,1.0
BRIX1,0.27129048,0.23437357,0.7861676261196711,1.0
ZNFX1,0.27052304,0.53970975,0.7867578933214046,1.0
PIM2,0.2701393,0.17898436,0.7870530729018161,1.0
ARL2,0.2701393,0.09543149,0.7870530729018161,1.0
EIF3E,0.26937187,0.08529789,0.7876435238202969,1.0
SCAP,0.26860443,0.7363967,0.7882340968135906,1.0
TNFRSF14,0.26822072,0.12274829,0.7885294289874691,1.0
ZNF276,0.267837,0.25570452,0.7888247915590367,1.0
MGAT1,0.26745328,0.24986576,0.7891201844879282,1.0
CD226,0.26706955,0.71580946,0.7894156077337651,1.0
AP3M1,0.26706955,0.72188336,0.7894156077337651,1.0
SIGMAR1,0.26706955,0.44588345,0.7894156077337651,1.0
GMPR2,0.26706955,0.10285151,0.7894156077337651,1.0
RDH14,0.2663021,0.25337058,0.7900065450146956,1.0
RHOF,0.2659184,0.08744914,0.7903020589689671,1.0
FYTTD1,0.26553467,0.30870295,0.7905976030785397,1.0
TRIM5,0.26476723,0.73019445,0.7911887816018002,1.0
ATG4A,0.26476723,0.7247707,0.7911887816018002,1.0
DROSHA,0.26438352,1.4765556,0.7914844159345619,1.0
ZNF680,0.26438352,1.4772036,0.7914844159345619,1.0
WDR70,0.2639998,0.7056337,0.7917800802607722,1.0
UQCRB,0.2639998,0.4493303,0.7917800802607722,1.0
FBXW4,0.2639998,0.6980669,0.7917800802607722,1.0
TEX10,0.26361606,1.3373253,0.7920757745399354,1.0
ARF4,0.26361606,0.20495681,0.7920757745399354,1.0
CHMP7,0.26361606,0.44954067,0.7920757745399354,1.0
RNF6,0.26323235,0.4644849,0.7923714987315432,1.0
HYLS1,0.26323235,0.8316076,0.7923714987315432,1.0
SCIMP,0.26284862,1.3650359,0.7926672527950743,1.0
MAD2L1,0.26284862,1.2304604,0.7926672527950743,1.0
KIF19,0.26284862,1.1896837,0.7926672527950743,1.0
DNTTIP1,0.26284862,0.47096235,0.7926672527950743,1.0
ZNF611,0.26284862,1.3533082,0.7926672527950743,1.0
PEX14,0.26284862,1.3398703,0.7926672527950743,1.0
SETDB1,0.26284862,1.2008647,0.7926672527950743,1.0
TMEM91,0.26284862,1.3334264,0.7926672527950743,1.0
SETDB2,0.26284862,1.3527694,0.7926672527950743,1.0
SEC23IP,0.26208118,1.2779036,0.7932588503757567,1.0
NDUFV3,0.26208118,0.46436542,0.7932588503757567,1.0
TTC13,0.26208118,1.2981931,0.7932588503757567,1.0
C1orf27,0.26208118,1.2700483,0.7932588503757567,1.0
PDCD2L,0.26208118,1.2035532,0.7932588503757567,1.0
SLC16A7,0.26169747,0.6107233,0.7935546938118008,1.0
NUP85,0.26169747,0.63230926,0.7935546938118008,1.0
MINPP1,0.26131374,0.6676782,0.7938505669575541,1.0
SLC11A2,0.26131374,1.1627095,0.7938505669575541,1.0
UBL7-AS1,0.26131374,1.3050348,0.7938505669575541,1.0
MAPK7,0.26131374,1.1938013,0.7938505669575541,1.0
RP11-400F19.6,0.26131374,1.2354872,0.7938505669575541,1.0
HAGH,0.26131374,0.21329975,0.7938505669575541,1.0
FURIN,0.26131374,1.2096716,0.7938505669575541,1.0
FANCL,0.26131374,1.1543081,0.7938505669575541,1.0
PSMC6,0.26093003,0.35357994,0.794146469772431,1.0
NMB,0.26093003,0.6335267,0.794146469772431,1.0
TBC1D7,0.2605463,1.3244421,0.794442402215833,1.0
GPATCH2,0.2605463,1.1965,0.794442402215833,1.0
CCDC9,0.2605463,1.2491955,0.794442402215833,1.0
ASB16-AS1,0.2605463,1.2184252,0.794442402215833,1.0
RP4-612B15.3,0.2605463,1.1995147,0.794442402215833,1.0
SLC25A11,0.2605463,0.18200812,0.794442402215833,1.0
GFM2,0.2605463,1.125686,0.794442402215833,1.0
CCNB1IP1,0.2601626,0.5459575,0.7947383642471488,1.0
BLOC1S2,0.2601626,0.2503405,0.7947383642471488,1.0
EXOC7,0.2601626,0.274679,0.7947383642471488,1.0
POLR2J3,0.2601626,0.6202085,0.7947383642471488,1.0
CBFB,0.2601626,0.44008726,0.7947383642471488,1.0
LDLR,0.25977886,1.2499028,0.7950343558257547,1.0
HPS5,0.25977886,1.2046902,0.7950343558257547,1.0
BCR,0.25977886,1.1462882,0.7950343558257547,1.0
SFXN1,0.25977886,1.2108219,0.7950343558257547,1.0
MADD,0.25977886,1.3081013,0.7950343558257547,1.0
THAP11,0.25977886,0.34918517,0.7950343558257547,1.0
PKNOX1,0.25977886,1.1684607,0.7950343558257547,1.0
ECE2,0.25977886,1.2634325,0.7950343558257547,1.0
MFSD12,0.25977886,1.1383862,0.7950343558257547,1.0
CANT1,0.25977886,1.1570531,0.7950343558257547,1.0
CXorf38,0.25977886,1.2078106,0.7950343558257547,1.0
TMEM234,0.25977886,1.1345801,0.7950343558257547,1.0
RCHY1,0.25939515,0.46155053,0.7953303769110137,1.0
TYW5,0.25901142,1.1501474,0.7956264274622764,1.0
TRIM37,0.25901142,1.1795766,0.7956264274622764,1.0
FAM117A,0.25901142,1.1886151,0.7956264274622764,1.0
FAM50B,0.25901142,1.0708778,0.7956264274622764,1.0
YTHDF1,0.25901142,0.9326627,0.7956264274622764,1.0
GTPBP10,0.25901142,1.2887136,0.7956264274622764,1.0
TALDO1,0.25901142,0.06986187,0.7956264274622764,1.0
ABHD3,0.2586277,0.2987229,0.7959225074388805,1.0
RP11-47L3.1,0.2586277,0.28727415,0.7959225074388805,1.0
RELT,0.25824398,1.1083575,0.7962186168001513,1.0
HTT,0.25824398,1.1379392,0.7962186168001513,1.0
hsa-mir-8072,0.25824398,1.0392743,0.7962186168001513,1.0
TNK2,0.25824398,0.921722,0.7962186168001513,1.0
MPP1,0.25824398,1.1166048,0.7962186168001513,1.0
SMG5,0.25824398,0.9512714,0.7962186168001513,1.0
DNMT3A,0.25824398,1.1885278,0.7962186168001513,1.0
IL6ST,0.25824398,1.0672911,0.7962186168001513,1.0
SUPT20H,0.25786027,0.33688444,0.7965147555054007,1.0
OSTC,0.25786027,0.096711144,0.7965147555054007,1.0
FUZ,0.25747654,1.1459717,0.796810923513929,1.0
CNTD1,0.25747654,1.0902518,0.796810923513929,1.0
CHD1L,0.25747654,1.0249351,0.796810923513929,1.0
DDHD2,0.25747654,1.0139832,0.796810923513929,1.0
PUM2,0.25747654,1.116916,0.796810923513929,1.0
MLF1,0.25747654,1.2018088,0.796810923513929,1.0
RAVER1,0.25747654,0.95620954,0.796810923513929,1.0
MRPL24,0.25709283,0.22089736,0.7971071207850231,1.0
C5orf24,0.25709283,0.56460065,0.7971071207850231,1.0
FAM214B,0.2567091,1.1451039,0.7974033472779571,1.0
TRAF6,0.25632536,0.562205,0.797699602951993,1.0
PTGER4,0.25632536,0.20279476,0.797699602951993,1.0
PRKCD,0.25632536,0.57758343,0.797699602951993,1.0
SKP2,0.25632536,0.6493047,0.797699602951993,1.0
KCTD13,0.25594166,0.9188324,0.7979958877663801,1.0
PPRC1,0.25594166,0.9977214,0.7979958877663801,1.0
SCAF1,0.25594166,1.0563121,0.7979958877663801,1.0
RASSF4,0.25517422,1.0101633,0.7985885446531413,1.0
HNRNPD,0.25479048,0.2742398,0.7988849166439509,1.0
MCUR1,0.25479048,0.53315765,0.7988849166439509,1.0
RAE1,0.25479048,0.3787785,0.7988849166439509,1.0
RAD21,0.25402305,0.23709203,0.7994777475164229,1.0
SLK,0.25363934,0.88207847,0.7997742063164455,1.0
C17orf49,0.25363934,0.18214713,0.7997742063164455,1.0
LINC00969,0.25363934,0.33588916,0.7997742063164455,1.0
SMIM19,0.2532556,0.20728733,0.8000706939712119,1.0
LSG1,0.2532556,0.5653191,0.8000706939712119,1.0
NPRL3,0.2532556,0.5830369,0.8000706939712119,1.0
GABPB1,0.2532556,0.6059534,0.8000706939712119,1.0
MAPK13,0.2528719,0.36637962,0.8003672104398709,1.0
DNAJC3,0.2528719,0.40958863,0.8003672104398709,1.0
ZYX,0.25248817,0.29896167,0.8006637556815592,1.0
RPAIN,0.25248817,0.16505593,0.8006637556815592,1.0
MCM3,0.25248817,0.16109607,0.8006637556815592,1.0
ACAA1,0.25172073,0.2205208,0.8012569323205074,1.0
PAF1,0.2509533,0.46205726,0.8018502235608994,1.0
RNF146,0.2509533,0.59924,0.8018502235608994,1.0
IDH3A,0.25056958,0.3284727,0.8021469120543463,1.0
VAPB,0.25056958,0.4106151,0.8021469120543463,1.0
FAM192A,0.25056958,0.2525144,0.8021469120543463,1.0
TAF1D,0.25018585,0.32786456,0.8024436290753805,1.0
TMEM167A,0.24980213,0.32136425,0.8027403745830519,1.0
KLF6,0.24941841,0.053748872,0.8030371485363981,1.0
OBFC1,0.24826725,0.26001954,0.8039276406606745,1.0
FBRS,0.24788353,0.53324157,0.8042245279868478,1.0
PRKDC,0.24749981,0.3281568,0.8045214435536988,1.0
NUDT1,0.24749981,0.40564913,0.8045214435536988,1.0
FKBP5,0.24711609,0.51653546,0.8048183873201914,1.0
SLC39A3,0.24711609,0.36846128,0.8048183873201914,1.0
ZFAND1,0.24673237,0.21433511,0.8051153592452771,1.0
SIKE1,0.24634863,0.51133734,0.8054123592878955,1.0
LSM5,0.2455812,0.19030406,0.8060064435614274,1.0
GMFG,0.2455812,0.07922998,0.8060064435614274,1.0
SHC1,0.24481376,0.9083296,0.8066006398120598,1.0
TMEM134,0.24481376,0.3331252,0.8066006398120598,1.0
COQ9,0.24481376,0.8585526,0.8066006398120598,1.0
RPP25L,0.24481376,0.26712754,0.8066006398120598,1.0
NOL11,0.24404632,0.3655075,0.8071949477108717,1.0
UBE3A,0.24327888,0.42502674,0.8077893669287488,1.0
ARHGEF2,0.24251144,0.38518053,0.8083838971363839,1.0
ITGAE,0.24251144,0.35252306,0.8083838971363839,1.0
BCKDK,0.24251144,0.5445917,0.8083838971363839,1.0
BRI3,0.24212772,0.37325144,0.8086812037583996,1.0
METAP1,0.241744,0.47545755,0.8089785380042775,1.0
VHL,0.24097656,0.7826903,0.8095732892027386,1.0
ANAPC2,0.24097656,0.83687663,0.8095732892027386,1.0
CCAR1,0.24020912,0.3604589,0.8101681504018848,1.0
GDI1,0.24020912,0.46808895,0.8101681504018848,1.0
TRIM27,0.24020912,0.34388775,0.8101681504018848,1.0
EZH2,0.23944166,1.4589084,0.8107631212716435,1.0
SLFN13,0.23944166,1.7150632,0.8107631212716435,1.0
C16orf72,0.23944166,1.6862848,0.8107631212716435,1.0
PPP3CB,0.23944166,0.4822306,0.8107631212716435,1.0
FLJ00104,0.23944166,1.915,0.8107631212716435,1.0
ZFP90,0.23944166,1.6375802,0.8107631212716435,1.0
DDX50,0.23905794,0.2521589,0.8110606477298027,1.0
TPMT,0.23905794,0.32431468,0.8110606477298027,1.0
MAN2B1,0.23867422,1.6137239,0.8113582014817515,1.0
CAAP1,0.23867422,1.5910796,0.8113582014817515,1.0
CENPL,0.23867422,1.5943838,0.8113582014817515,1.0
SLC44A1,0.23867422,1.5353591,0.8113582014817515,1.0
CAMK2D,0.23867422,0.7491041,0.8113582014817515,1.0
NLE1,0.23867422,1.5549424,0.8113582014817515,1.0
OSGIN2,0.23867422,1.6417861,0.8113582014817515,1.0
RETSAT,0.23867422,1.5342323,0.8113582014817515,1.0
PLAGL2,0.23867422,2.1877158,0.8113582014817515,1.0
TMEM254,0.23867422,1.6762216,0.8113582014817515,1.0
BPHL,0.23867422,1.625726,0.8113582014817515,1.0
TAF13,0.23867422,1.6552109,0.8113582014817515,1.0
CASP9,0.23867422,1.7344165,0.8113582014817515,1.0
AHCTF1,0.23867422,1.7268541,0.8113582014817515,1.0
CORO7,0.23867422,0.36721638,0.8113582014817515,1.0
BFSP1,0.23867422,1.5401566,0.8113582014817515,1.0
TMEM243,0.23790678,0.21323548,0.8119533907017566,1.0
CD86,0.23790678,1.4688971,0.8119533907017566,1.0
PEX10,0.23790678,1.695647,0.8119533907017566,1.0
TMEM104,0.23790678,1.5645331,0.8119533907017566,1.0
RWDD2B,0.23790678,1.4425795,0.8119533907017566,1.0
TRERF1,0.23790678,1.5895029,0.8119533907017566,1.0
GNG10,0.23790678,1.5133903,0.8119533907017566,1.0
CLUAP1,0.23790678,1.5639869,0.8119533907017566,1.0
TOR1B,0.23790678,1.4300289,0.8119533907017566,1.0
KIAA0430,0.23790678,0.74842995,0.8119533907017566,1.0
UCP3,0.23790678,1.586125,0.8119533907017566,1.0
KDM5C,0.23790678,1.6170706,0.8119533907017566,1.0
IFI6,0.23752306,0.039722282,0.8122510260871526,1.0
RRNAD1,0.23713934,1.6408876,0.8125486886010176,1.0
SIN3B,0.23713934,1.4366003,0.8125486886010176,1.0
GOLGA4,0.23713934,0.31603667,0.8125486886010176,1.0
THOC2,0.23713934,0.27246323,0.8125486886010176,1.0
OTUD4,0.23713934,1.4257872,0.8125486886010176,1.0
CDC34,0.23713934,1.6206346,0.8125486886010176,1.0
RNF25,0.23713934,1.426022,0.8125486886010176,1.0
RBM15,0.23713934,1.4090562,0.8125486886010176,1.0
SPI1,0.23713934,0.47749436,0.8125486886010176,1.0
SIGLEC10,0.23713934,1.4366776,0.8125486886010176,1.0
DBP,0.23713934,0.81737137,0.8125486886010176,1.0
MFSD8,0.23713934,0.645186,0.8125486886010176,1.0
DHRS4,0.23713934,1.5329797,0.8125486886010176,1.0
GRK5,0.23713934,1.4871684,0.8125486886010176,1.0
EFNA4,0.23713934,1.6502631,0.8125486886010176,1.0
BHLHE40,0.23713934,0.2877211,0.8125486886010176,1.0
OSBPL2,0.23713934,0.7401748,0.8125486886010176,1.0
ZNF395,0.23713934,1.646713,0.8125486886010176,1.0
MDC1,0.23675562,1.3887038,0.8128463782019919,1.0
SPATA41,0.2363719,1.4506884,0.8131440948487043,1.0
FUT8,0.2363719,1.4348015,0.8131440948487043,1.0
RAB40C,0.2363719,1.4583936,0.8131440948487043,1.0
TOPBP1,0.2363719,1.4208585,0.8131440948487043,1.0
THAP4,0.2363719,0.74627167,0.8131440948487043,1.0
CCAR2,0.2363719,0.5272616,0.8131440948487043,1.0
TTC27,0.2363719,1.2341303,0.8131440948487043,1.0
POLR1C,0.2363719,0.72676134,0.8131440948487043,1.0
MFSD5,0.2363719,0.6298893,0.8131440948487043,1.0
APOBEC3D,0.2363719,1.3828555,0.8131440948487043,1.0
FAH,0.2363719,1.4722737,0.8131440948487043,1.0
AP4S1,0.2363719,1.4409846,0.8131440948487043,1.0
CLEC11A,0.2363719,1.4211303,0.8131440948487043,1.0
MAP2K4,0.2363719,1.3677492,0.8131440948487043,1.0
ABHD5,0.2363719,1.3363833,0.8131440948487043,1.0
ZNF461,0.2363719,1.351152,0.8131440948487043,1.0
CKS2,0.2363719,0.45900917,0.8131440948487043,1.0
RGS9,0.2363719,1.4987314,0.8131440948487043,1.0
FBXL3,0.2363719,0.4783092,0.8131440948487043,1.0
FKBP11,0.2363719,0.09121711,0.8131440948487043,1.0
ZCCHC3,0.23560447,1.2715569,0.8137396091137995,1.0
CDK5RAP2,0.23560447,1.3894421,0.8137396091137995,1.0
MSL1,0.23560447,0.710585,0.8137396091137995,1.0
SLC25A14,0.23560447,1.3671523,0.8137396091137995,1.0
ZNF446,0.23560447,1.2276065,0.8137396091137995,1.0
CPEB4,0.23560447,1.303021,0.8137396091137995,1.0
PARN,0.23560447,0.6832205,0.8137396091137995,1.0
GALC,0.23560447,1.3173517,0.8137396091137995,1.0
REV3L,0.23560447,1.3958979,0.8137396091137995,1.0
NME3,0.23560447,0.08397357,0.8137396091137995,1.0
CPNE1,0.23560447,0.3548284,0.8137396091137995,1.0
MFN1,0.23560447,1.3299018,0.8137396091137995,1.0
TARBP2,0.23560447,1.4063861,0.8137396091137995,1.0
ADCY9,0.23560447,1.3019054,0.8137396091137995,1.0
CPOX,0.23560447,1.3638401,0.8137396091137995,1.0
GGA3,0.23560447,1.3242909,0.8137396091137995,1.0
PRKAR2A,0.23560447,0.6704924,0.8137396091137995,1.0
SPTLC1,0.23560447,1.2698854,0.8137396091137995,1.0
FAM69A,0.23483703,1.3627659,0.814335231065098,1.0
C17orf80,0.23483703,1.3304541,0.814335231065098,1.0
ZADH2,0.23483703,0.45062956,0.814335231065098,1.0
POMGNT1,0.23483703,0.627916,0.814335231065098,1.0
NCLN,0.23483703,0.67415243,0.814335231065098,1.0
LPAR6,0.23483703,0.6722114,0.814335231065098,1.0
EXOC1,0.23483703,0.6515583,0.814335231065098,1.0
SLC25A40,0.23483703,1.3064847,0.814335231065098,1.0
RPP14,0.23483703,0.6708536,0.814335231065098,1.0
ESYT1,0.2344533,0.10618107,0.814633082319521,1.0
PXMP2,0.23406959,1.1555446,0.8149309603712084,1.0
MBD2,0.23406959,1.0874492,0.8149309603712084,1.0
ACAD8,0.23406959,0.43131292,0.8149309603712084,1.0
FMNL3,0.23406959,1.2553785,0.8149309603712084,1.0
NCSTN,0.23406959,0.44666648,0.8149309603712084,1.0
SOCS1,0.23406959,0.6401511,0.8149309603712084,1.0
CSTF1,0.23406959,0.436867,0.8149309603712084,1.0
ACYP1,0.23330215,0.33135736,0.8155267967005526,1.0
SH3D19,0.23330215,1.0877519,0.8155267967005526,1.0
INTS1,0.23330215,1.1871867,0.8155267967005526,1.0
IMMP2L,0.23330215,0.5675948,0.8155267967005526,1.0
HSBP1L1,0.23330215,0.6658487,0.8155267967005526,1.0
C5orf63,0.23330215,1.2380984,0.8155267967005526,1.0
ENDOD1,0.23330215,1.2732886,0.8155267967005526,1.0
ACTR8,0.23330215,0.62482643,0.8155267967005526,1.0
PROCR,0.23330215,0.6425082,0.8155267967005526,1.0
CTU2,0.23330215,1.1796217,0.8155267967005526,1.0
DR1,0.23253469,0.27706942,0.8161227397213673,1.0
PPM1M,0.23176725,0.43841517,0.8167187891017038,1.0
RRN3,0.23176725,0.5581613,0.8167187891017038,1.0
C3AR1,0.23176725,0.46816424,0.8167187891017038,1.0
NABP2,0.23138353,0.33547056,0.8170168535729084,1.0
WHSC1L1,0.23099981,0.18744232,0.8173149445094291,1.0
MRPL39,0.23099981,0.40915668,0.8173149445094291,1.0
NAA50,0.23099981,0.39196488,0.8173149445094291,1.0
XKR8,0.23023237,0.5761094,0.817911205612226,1.0
ZNF595,0.23023237,0.39987034,0.817911205612226,1.0
RP11-347P5.1,0.22984865,0.15324712,0.8182093756953769,1.0
COQ4,0.22946493,0.31883284,0.8185075720775937,1.0
ZNF131,0.22946493,0.2752975,0.8185075720775937,1.0
C6orf106,0.22946493,0.5569006,0.8185075720775937,1.0
RPRD1A,0.22908121,0.6466125,0.8188057947172853,1.0
ACSS1,0.22908121,0.2955392,0.8188057947172853,1.0
HIST1H2AC,0.2286975,0.4519963,0.8191040435728492,1.0
POM121,0.2286975,0.43113568,0.8191040435728492,1.0
GLI4,0.2286975,0.5937537,0.8191040435728492,1.0
TMEM106B,0.2286975,0.24556553,0.8191040435728492,1.0
C21orf2,0.22793005,0.34158507,0.8197006197651266,1.0
ATP5A1,0.22793005,0.019725107,0.8197006197651266,1.0
CD83,0.22793005,0.5565622,0.8197006197651266,1.0
MPC1,0.22793005,0.12713432,0.8197006197651266,1.0
LSM3,0.22754633,0.14798485,0.8199989470185782,1.0
ECHDC2,0.22754633,0.33386418,0.8199989470185782,1.0
CCDC159,0.22716261,0.30800846,0.8202973003213783,1.0
TOPORS,0.22716261,0.4786331,0.8202973003213783,1.0
SLC7A6OS,0.22716261,0.54997844,0.8202973003213783,1.0
ING4,0.22716261,0.24083303,0.8202973003213783,1.0
PTTG1IP,0.2267789,0.23816451,0.8205956796318676,1.0
SLC38A10,0.22639517,0.39788374,0.8208940849083756,1.0
E2F4,0.22639517,0.2844772,0.8208940849083756,1.0
NMD3,0.22601146,0.33237073,0.8211925161092205,1.0
ABCD3,0.22562774,0.3297612,0.8214909731927093,1.0
IFNGR1,0.22562774,0.1043937,0.8214909731927093,1.0
RAB27A,0.225244,0.101826034,0.8217894561171375,1.0
DERL2,0.22486028,0.10549456,0.8220879648407897,1.0
NUPL2,0.22486028,0.25222346,0.8220879648407897,1.0
CDK7,0.22486028,0.4440606,0.8220879648407897,1.0
CBLB,0.22409284,0.336142,0.822685059518848,1.0
BTG3,0.2233254,0.40746188,0.8232822568929361,1.0
CISD1,0.2233254,0.31517348,0.8232822568929361,1.0
PTPLAD1,0.22294168,0.49577487,0.823580893986584,1.0
TTC33,0.22255796,0.43521243,0.8238795566289279,1.0
CYHR1,0.22179052,0.89599085,0.8244769583925188,1.0
ZNF830,0.22179052,0.34295183,0.8244769583925188,1.0
RCC1,0.22179052,0.94339865,0.8244769583925188,1.0
GALT,0.22179052,0.24727474,0.8244769583925188,1.0
TUSC2,0.2214068,0.26465362,0.8247756974301454,1.0
SLFN12L,0.22102308,0.5345498,0.8250744618492274,1.0
PHPT1,0.22063936,0.12376759,0.8253732516079271,1.0
TMED7,0.21987192,0.53487855,0.8259709069767729,1.0
AGPAT6,0.2194882,0.47534835,0.8262697725031886,1.0
MAD2L1BP,0.21872076,0.85839266,0.8268675790305966,1.0
BAP1,0.21795331,0.91591865,0.8274654859114347,1.0
CDC40,0.21795331,0.21620585,0.8274654859114347,1.0
NUP153,0.21795331,0.9239914,0.8274654859114347,1.0
SNX10,0.21795331,0.3289208,0.8274654859114347,1.0
HERC6,0.21756959,0.5107685,0.8277644768795966,1.0
TAF6,0.21718587,0.35409173,0.8280634928103427,1.0
STYX,0.21718587,0.91126716,0.8280634928103427,1.0
BRMS1,0.21718587,0.23219647,0.8280634928103427,1.0
GPALPP1,0.21718587,0.8199542,0.8280634928103427,1.0
HEBP2,0.21718587,0.84841573,0.8280634928103427,1.0
UBE4B,0.21718587,0.8619572,0.8280634928103427,1.0
FAR1,0.21718587,0.78029585,0.8280634928103427,1.0
POLR2K,0.21718587,0.23490387,0.8280634928103427,1.0
FKBP15,0.21680215,0.55234593,0.8283625336617257,1.0
TRIP4,0.21680215,0.49929062,0.8283625336617257,1.0
ANKRD17,0.21641843,0.73758614,0.8286615993917876,1.0
MS4A1,0.21641843,0.20820273,0.8286615993917876,1.0
KCTD6,0.21641843,0.79618764,0.8286615993917876,1.0
KDM4C,0.21565099,0.7853707,0.8292598053200624,1.0
SPRYD7,0.21565099,0.8070374,0.8292598053200624,1.0
ZSCAN16,0.21565099,0.7826236,0.8292598053200624,1.0
TARDBP,0.21526727,0.2636555,0.8295589454343054,1.0
SURF2,0.21488355,0.19993734,0.8298581102592875,1.0
EPS15,0.21488355,0.24049047,0.8298581102592875,1.0
APOO,0.21488355,0.6338993,0.8298581102592875,1.0
NFU1,0.21488355,0.21178369,0.8298581102592875,1.0
MKL2,0.21449983,2.5884879,0.8301572997529968,1.0
GRAMD4,0.21449983,2.47999,0.8301572997529968,1.0
UBFD1,0.21449983,2.1361246,0.8301572997529968,1.0
GCLC,0.21449983,2.0785623,0.8301572997529968,1.0
PCYOX1L,0.21449983,2.3481066,0.8301572997529968,1.0
NEK3,0.21449983,2.1068552,0.8301572997529968,1.0
KBTBD7,0.21449983,2.3698978,0.8301572997529968,1.0
SPATA2,0.21449983,2.2472367,0.8301572997529968,1.0
FOXK1,0.21449983,2.149171,0.8301572997529968,1.0
SCAI,0.21449983,2.0978305,0.8301572997529968,1.0
C19orf55,0.21449983,2.1462338,0.8301572997529968,1.0
DSN1,0.21449983,2.0983162,0.8301572997529968,1.0
RNF139-AS1,0.21449983,2.2073245,0.8301572997529968,1.0
ARSD,0.21449983,2.2428243,0.8301572997529968,1.0
STAM,0.21449983,2.122386,0.8301572997529968,1.0
ATP6V0C,0.21449983,2.1116593,0.8301572997529968,1.0
STARD9,0.21449983,2.600124,0.8301572997529968,1.0
HECTD3,0.21449983,2.054341,0.8301572997529968,1.0
PIGW,0.21449983,2.3385255,0.8301572997529968,1.0
CCL4L2,0.21449983,2.1089141,0.8301572997529968,1.0
SNX8,0.21449983,2.3235562,0.8301572997529968,1.0
RP11-452F19.3,0.21449983,2.2073052,0.8301572997529968,1.0
TRIM62,0.21449983,2.447983,0.8301572997529968,1.0
AP001462.6,0.21449983,2.0780735,0.8301572997529968,1.0
KIAA1191,0.21449983,0.47097427,0.8301572997529968,1.0
FAM32A,0.21449983,0.18408337,0.8301572997529968,1.0
RNF165,0.21449983,3.0664704,0.8301572997529968,1.0
TFEB,0.21449983,2.313783,0.8301572997529968,1.0
CTD-2231E14.8,0.21449983,2.1362486,0.8301572997529968,1.0
MORN2,0.21449983,2.803156,0.8301572997529968,1.0
ZCCHC4,0.21449983,2.1610708,0.8301572997529968,1.0
ZNF789,0.21449983,2.375427,0.8301572997529968,1.0
CDKAL1,0.21449983,2.3258889,0.8301572997529968,1.0
RELL2,0.21449983,2.1636887,0.8301572997529968,1.0
DYRK1B,0.21449983,2.369579,0.8301572997529968,1.0
MTG1,0.21411611,0.6904245,0.8304565138734108,1.0
PPP2R2D,0.21411611,0.6670956,0.8304565138734108,1.0
GDE1,0.21411611,0.30200997,0.8304565138734108,1.0
NAA35,0.21411611,0.7332897,0.8304565138734108,1.0
ZNF814,0.21411611,0.7877383,0.8304565138734108,1.0
MAGOH,0.21411611,0.07955945,0.8304565138734108,1.0
CCDC92,0.21411611,0.76293933,0.8304565138734108,1.0
LPAR2,0.21373239,2.022652,0.8307557525784961,1.0
SLC11A1,0.21373239,2.0393856,0.8307557525784961,1.0
GGCX,0.21373239,0.41901544,0.8307557525784961,1.0
MAGEH1,0.21373239,0.4983435,0.8307557525784961,1.0
AREL1,0.21373239,2.0207856,0.8307557525784961,1.0
CCNJL,0.21373239,1.9934242,0.8307557525784961,1.0
PPP6R1,0.21373239,2.0695958,0.8307557525784961,1.0
TTL,0.21373239,1.9776353,0.8307557525784961,1.0
MEMO1,0.21373239,2.1470273,0.8307557525784961,1.0
CMTM8,0.21373239,2.2435148,0.8307557525784961,1.0
NIPAL2,0.21373239,2.109172,0.8307557525784961,1.0
ZNF668,0.21373239,2.108662,0.8307557525784961,1.0
KIF20B,0.21373239,2.0214539,0.8307557525784961,1.0
LRIG2,0.21373239,2.0810993,0.8307557525784961,1.0
AC018816.3,0.21373239,2.2502177,0.8307557525784961,1.0
TUBB6,0.21373239,2.0074315,0.8307557525784961,1.0
EIF2AK4,0.21373239,2.182087,0.8307557525784961,1.0
LINC00672,0.21373239,2.2720027,0.8307557525784961,1.0
KLHL28,0.21373239,0.55266553,0.8307557525784961,1.0
COPG2,0.21373239,2.017411,0.8307557525784961,1.0
FBXL8,0.21373239,2.0165389,0.8307557525784961,1.0
EME2,0.21373239,1.9740123,0.8307557525784961,1.0
FAM115A,0.21373239,2.097048,0.8307557525784961,1.0
ARHGAP18,0.21373239,2.071874,0.8307557525784961,1.0
TMEM186,0.21373239,2.113553,0.8307557525784961,1.0
KCTD2,0.21373239,1.9977616,0.8307557525784961,1.0
ARL5B,0.21373239,2.103198,0.8307557525784961,1.0
TK2,0.21373239,2.2339432,0.8307557525784961,1.0
FLVCR1,0.21373239,2.057508,0.8307557525784961,1.0
BTK,0.21373239,2.012773,0.8307557525784961,1.0
KLF11,0.21373239,2.047539,0.8307557525784961,1.0
PTCD1,0.21373239,2.1271102,0.8307557525784961,1.0
ZNF496,0.21373239,2.0740902,0.8307557525784961,1.0
C7orf31,0.21373239,2.0945039,0.8307557525784961,1.0
S100A12,0.21373239,2.1942985,0.8307557525784961,1.0
HLA-DOB,0.21373239,2.2585592,0.8307557525784961,1.0
NHEJ1,0.21373239,2.1295354,0.8307557525784961,1.0
ATP1A3,0.21373239,2.0432832,0.8307557525784961,1.0
SPEN,0.21334867,0.7432779,0.8310550158262088,1.0
RAD54L2,0.21334867,0.7274617,0.8310550158262088,1.0
DDX17,0.21334867,0.08492113,0.8310550158262088,1.0
PRR4,0.21334867,0.24287209,0.8310550158262088,1.0
DDX39A,0.21334867,0.113539845,0.8310550158262088,1.0
SNRNP40,0.21334867,0.09850892,0.8310550158262088,1.0
NFATC2IP,0.21334867,0.2376552,0.8310550158262088,1.0
RHOT2,0.21334867,0.2102364,0.8310550158262088,1.0
PCNXL4,0.21296495,1.9621022,0.8313543035744941,1.0
ZNF280C,0.21296495,1.9003644,0.8313543035744941,1.0
PET112,0.21296495,1.9614949,0.8313543035744941,1.0
CEP135,0.21296495,1.9781026,0.8313543035744941,1.0
RELL1,0.21296495,2.039344,0.8313543035744941,1.0
TAF4,0.21296495,1.9781281,0.8313543035744941,1.0
ZKSCAN5,0.21296495,2.0455067,0.8313543035744941,1.0
ETV7,0.21296495,2.0001776,0.8313543035744941,1.0
ZNF439,0.21296495,1.9278063,0.8313543035744941,1.0
SNCA,0.21296495,1.7284209,0.8313543035744941,1.0
C14orf159,0.21296495,0.37198713,0.8313543035744941,1.0
ZIK1,0.21296495,1.9085903,0.8313543035744941,1.0
ZMYND10,0.21296495,1.9978855,0.8313543035744941,1.0
CCDC50,0.21296495,1.9037493,0.8313543035744941,1.0
PLA2G15,0.21296495,2.065745,0.8313543035744941,1.0
ZNF703,0.21296495,1.9428596,0.8313543035744941,1.0
ZNF236,0.21296495,1.997661,0.8313543035744941,1.0
C12orf76,0.21258123,0.63546264,0.8316536157812868,1.0
SCRN2,0.21258123,0.3539417,0.8316536157812868,1.0
HIST1H4J,0.21219751,1.6052854,0.8319529524045111,1.0
DOCK5,0.21219751,1.3967333,0.8319529524045111,1.0
MYEF2,0.21219751,1.8665445,0.8319529524045111,1.0
SPDL1,0.21219751,1.8535763,0.8319529524045111,1.0
NEK8,0.21219751,1.8284153,0.8319529524045111,1.0
SLC9A1,0.21219751,1.9087993,0.8319529524045111,1.0
BRPF1,0.21219751,1.7053299,0.8319529524045111,1.0
ZNF707,0.21219751,1.6788803,0.8319529524045111,1.0
ABCB10,0.21219751,1.8808894,0.8319529524045111,1.0
POLH,0.21219751,1.8382409,0.8319529524045111,1.0
WSB2,0.21219751,1.9043754,0.8319529524045111,1.0
RABAC1,0.21219751,0.04464685,0.8319529524045111,1.0
CLPB,0.21219751,1.7583566,0.8319529524045111,1.0
PLCB1,0.21219751,1.5431548,0.8319529524045111,1.0
TMEM194B,0.21219751,1.8596054,0.8319529524045111,1.0
CHAF1B,0.21219751,1.9243082,0.8319529524045111,1.0
ADAM28,0.21219751,1.7033715,0.8319529524045111,1.0
TBC1D23,0.21219751,1.6674373,0.8319529524045111,1.0
MFSD9,0.21219751,1.45129,0.8319529524045111,1.0
ZNF782,0.21219751,1.8966545,0.8319529524045111,1.0
UPF1,0.21219751,1.6052196,0.8319529524045111,1.0
POLR1A,0.21219751,1.7608553,0.8319529524045111,1.0
CDHR3,0.21219751,1.6470085,0.8319529524045111,1.0
SSH1,0.21219751,1.540652,0.8319529524045111,1.0
USP28,0.21219751,0.46067968,0.8319529524045111,1.0
SDPR,0.21219751,1.2993579,0.8319529524045111,1.0
CUL4B,0.21219751,1.9706154,0.8319529524045111,1.0
PRDM8,0.21219751,1.952348,0.8319529524045111,1.0
NEK6,0.21219751,1.6932813,0.8319529524045111,1.0
ZNF831,0.21219751,1.7027555,0.8319529524045111,1.0
ZNF324,0.21219751,1.9380257,0.8319529524045111,1.0
RP11-218M22.1,0.21219751,1.6137315,0.8319529524045111,1.0
MAP3K5,0.21219751,1.7803268,0.8319529524045111,1.0
LARP7,0.2118138,0.17491122,0.8322523134020798,1.0
AP4M1,0.2118138,0.6665519,0.8322523134020798,1.0
MRPL1,0.2118138,0.2548722,0.8322523134020798,1.0
PGBD2,0.2118138,0.7645149,0.8322523134020798,1.0
MRPL42,0.2118138,0.36344403,0.8322523134020798,1.0
PVRIG,0.2118138,0.7730202,0.8322523134020798,1.0
ITPR3,0.21104634,0.7350237,0.8328511083518526,1.0
SIL1,0.21104634,0.6631088,0.8328511083518526,1.0
PPP1R21,0.21104634,0.61765504,0.8328511083518526,1.0
KPNA6,0.21104634,0.6468748,0.8328511083518526,1.0
SYNGR2,0.21104634,0.17994526,0.8328511083518526,1.0
RDX,0.21066262,0.43663976,0.8331505422198303,1.0
LRRFIP2,0.21066262,0.45584512,0.8331505422198303,1.0
SPG11,0.21066262,0.46250293,0.8331505422198303,1.0
SERTAD3,0.2102789,0.53919494,0.8334500002937004,1.0
NEDD1,0.2102789,0.6376084,0.8334500002937004,1.0
MGRN1,0.2102789,0.6723844,0.8334500002937004,1.0
BRD4,0.2102789,0.33059284,0.8334500002937004,1.0
RHBDF2,0.2102789,0.41250747,0.8334500002937004,1.0
CTC-524C5.2,0.2102789,0.7479978,0.8334500002937004,1.0
SLC1A7,0.2102789,0.7585092,0.8334500002937004,1.0
CASP7,0.20951146,0.67233366,0.8340489888905501,1.0
ARFGAP1,0.20951146,0.5655422,0.8340489888905501,1.0
EDC3,0.20951146,0.6588495,0.8340489888905501,1.0
NADK,0.20912774,0.4124338,0.8343485193292192,1.0
C12orf4,0.20874402,0.6075313,0.8346480738051598,1.0
MDFIC,0.20874402,0.6293961,0.8346480738051598,1.0
SASS6,0.20874402,0.5679564,0.8346480738051598,1.0
PLEKHO1,0.20874402,0.67217654,0.8346480738051598,1.0
USE1,0.20874402,0.22963196,0.8346480738051598,1.0
TCERG1,0.2083603,0.32737783,0.8349476522761909,1.0
WDR26,0.20797658,0.6400485,0.8352472547001205,1.0
NR4A2,0.20797658,0.06910894,0.8352472547001205,1.0
HSF1,0.20797658,0.2755819,0.8352472547001205,1.0
TGFBR2,0.20797658,0.29646736,0.8352472547001205,1.0
TBP,0.20797658,0.42636552,0.8352472547001205,1.0
GLMN,0.20759286,0.37289676,0.8355468810347462,1.0
ZNF44,0.20605798,0.4340807,0.836745624635801,1.0
MIS12,0.20605798,0.37705043,0.836745624635801,1.0
ADCK3,0.20605798,0.43334332,0.836745624635801,1.0
KCTD5,0.20567426,0.20503539,0.8370453698905097,1.0
TIMM44,0.20529054,0.37892684,0.837345138802483,1.0
S1PR1,0.20452309,0.40392932,0.8379447474291136,1.0
CRELD1,0.20375565,0.34972158,0.8385444501773717,1.0
TRAPPC10,0.20337193,0.6149792,0.8388443367413405,1.0
NT5C2,0.2029882,0.40592563,0.8391442467087715,1.0
STK25,0.20260449,0.21808991,0.8394441800373281,1.0
DCTN6,0.20222077,0.29070732,0.8397441366846643,1.0
C17orf75,0.20106961,0.48791668,0.8406441461157328,1.0
BCAS4,0.20068589,0.39298674,0.8409441956145197,1.0
WDR6,0.20030217,0.5569439,0.8412442682202022,1.0
RNF181,0.20030217,0.03869206,0.8412442682202022,1.0
SH3BP1,0.19991845,0.10149181,0.8415443638903728,1.0
AKAP7,0.19953473,0.6143741,0.8418444825826147,1.0
ACADS,0.19876729,0.5400038,0.8424447888635935,1.0
MED6,0.19876729,0.16016118,0.8424447888635935,1.0
MARK3,0.19876729,0.1952259,0.8424447888635935,1.0
ERGIC1,0.19799985,0.32099974,0.8430451867236012,1.0
LONP2,0.19799985,0.5871355,0.8430451867236012,1.0
GTPBP6,0.19761612,0.23914644,0.8433454198895917,1.0
TSPAN5,0.1972324,0.5195967,0.8436456758229406,1.0
INIP,0.19684868,0.32563818,0.8439459544811608,1.0
CBX5,0.19646496,0.529042,0.8442462558217556,1.0
AK2,0.19646496,0.18140054,0.8442462558217556,1.0
LGALS8,0.19646496,0.3919997,0.8442462558217556,1.0
C17orf59,0.19646496,0.28714266,0.8442462558217556,1.0
TLE1,0.19569752,0.5997336,0.8448469263800316,1.0
DUSP22,0.19569752,0.58715147,0.8448469263800316,1.0
RP11-244H3.4,0.19493008,0.49181223,0.8454476871575958,1.0
CYB5R4,0.19493008,0.28834277,0.8454476871575958,1.0
MRPS17-1,0.19493008,0.5712812,0.8454476871575958,1.0
HAUS6,0.19493008,1.1117927,0.8454476871575958,1.0
DDX1,0.19454636,0.3034337,0.845748101272264,1.0
SYNCRIP,0.19454636,0.2672083,0.845748101272264,1.0
ATF1,0.19416264,0.2791941,0.8460485378141183,1.0
PHB2,0.19416264,0.1162772,0.8460485378141183,1.0
NR1D2,0.1933952,0.8688887,0.8466494780091122,1.0
PHKB,0.1933952,0.5002749,0.8466494780091122,1.0
ALG6,0.1933952,0.8177031,0.8466494780091122,1.0
CAPG,0.1933952,0.20132388,0.8466494780091122,1.0
TMEM245,0.1933952,0.9327401,0.8466494780091122,1.0
MED24,0.19301148,0.13382684,0.8469499815770911,1.0
TMEM87B,0.19262776,0.88134146,0.8472505074019345,1.0
CHCHD4,0.19262776,0.8857911,0.8472505074019345,1.0
MANBA,0.19262776,0.89701575,0.8472505074019345,1.0
HK1,0.19262776,0.24650618,0.8472505074019345,1.0
BDH1,0.19262776,0.9027495,0.8472505074019345,1.0
NAA40,0.19262776,0.83631533,0.8472505074019345,1.0
PGM2,0.19262776,0.8079569,0.8472505074019345,1.0
AMMECR1,0.19262776,0.86792755,0.8472505074019345,1.0
RRM2B,0.19186032,1.0572721,0.8478516256517866,1.0
BBS7,0.19186032,0.7804535,0.8478516256517866,1.0
LRRC8C,0.19186032,0.8562649,0.8478516256517866,1.0
ALAD,0.19186032,0.9001287,0.8478516256517866,1.0
API5,0.19186032,0.3705007,0.8478516256517866,1.0
SLAMF6,0.19186032,0.23121552,0.8478516256517866,1.0
RAPGEF6,0.19186032,0.8236695,0.8478516256517866,1.0
SBK1,0.19186032,0.52690035,0.8478516256517866,1.0
KPNA4,0.19186032,0.5259308,0.8478516256517866,1.0
TMEM18,0.1914766,0.2208902,0.8481522179915568,1.0
NUDC,0.1914766,0.08604416,0.8481522179915568,1.0
PPP1R3D,0.19109288,0.8290491,0.8484528324177147,1.0
ZNF559,0.19109288,0.9170065,0.8484528324177147,1.0
VAMP4,0.19109288,0.43805742,0.8484528324177147,1.0
PINK1,0.19109288,1.060191,0.8484528324177147,1.0
GALNT11,0.19109288,0.15594962,0.8484528324177147,1.0
CCNK,0.19070914,0.43893254,0.848753468887617,1.0
RP11-355B11.2,0.19032542,24.24,0.8490541273586106,1.0
MYLPF,0.19032542,24.16715,0.8490541273586106,1.0
HIP1R,0.19032542,24.180294,0.8490541273586106,1.0
FANCD2,0.19032542,23.996656,0.8490541273586106,1.0
AP4B1-AS1,0.19032542,24.199158,0.8490541273586106,1.0
RAD51,0.19032542,24.064573,0.8490541273586106,1.0
RP11-554J4.1,0.19032542,24.137777,0.8490541273586106,1.0
RP11-589C21.5,0.19032542,24.085247,0.8490541273586106,1.0
HIST1H1B,0.19032542,24.17777,0.8490541273586106,1.0
AURKB,0.19032542,24.007544,0.8490541273586106,1.0
PFAS,0.19032542,24.065903,0.8490541273586106,1.0
PLEKHN1,0.19032542,24.146587,0.8490541273586106,1.0
AC012360.4,0.19032542,24.002312,0.8490541273586106,1.0
C16orf86,0.19032542,24.246172,0.8490541273586106,1.0
RP11-67L2.2,0.19032542,24.217436,0.8490541273586106,1.0
PLOD1,0.19032542,23.68704,0.8490541273586106,1.0
RP11-229P13.20,0.19032542,24.343323,0.8490541273586106,1.0
KANK3,0.19032542,24.301352,0.8490541273586106,1.0
VIPR2,0.19032542,24.197,0.8490541273586106,1.0
RP13-582O9.7,0.19032542,24.431654,0.8490541273586106,1.0
RP11-65I12.1,0.19032542,1.0076872,0.8490541273586106,1.0
C3orf18,0.19032542,24.219736,0.8490541273586106,1.0
MAMDC4,0.19032542,24.1489,0.8490541273586106,1.0
RP11-440L14.1,0.19032542,24.271132,0.8490541273586106,1.0
C9orf139,0.19032542,24.246258,0.8490541273586106,1.0
C1orf177,0.19032542,24.19301,0.8490541273586106,1.0
NAA60,0.19032542,24.281761,0.8490541273586106,1.0
SFXN5,0.19032542,24.30114,0.8490541273586106,1.0
USP6NL,0.19032542,24.101131,0.8490541273586106,1.0
LCAT,0.19032542,24.242638,0.8490541273586106,1.0
RP11-799D4.4,0.19032542,24.284113,0.8490541273586106,1.0
TTC21B,0.19032542,24.236998,0.8490541273586106,1.0
CDKN3,0.19032542,24.147533,0.8490541273586106,1.0
ANKAR,0.19032542,24.157986,0.8490541273586106,1.0
CD33,0.19032542,24.49467,0.8490541273586106,1.0
PARS2,0.19032542,24.02711,0.8490541273586106,1.0
ZNF862,0.19032542,24.197496,0.8490541273586106,1.0
PLXDC2,0.19032542,24.132061,0.8490541273586106,1.0
SIGLEC9,0.19032542,24.212677,0.8490541273586106,1.0
ARL5B-AS1,0.19032542,24.396578,0.8490541273586106,1.0
LMO2,0.19032542,24.234362,0.8490541273586106,1.0
CSF2RA,0.19032542,23.9878,0.8490541273586106,1.0
NPTXR,0.19032542,24.181625,0.8490541273586106,1.0
SNORA40-1,0.19032542,24.279802,0.8490541273586106,1.0
ZBTB47,0.19032542,24.16805,0.8490541273586106,1.0
MAN1C1,0.19032542,24.241882,0.8490541273586106,1.0
IQCH-AS1,0.19032542,24.340797,0.8490541273586106,1.0
C8orf88,0.19032542,24.369642,0.8490541273586106,1.0
RP11-66N11.8,0.19032542,24.21693,0.8490541273586106,1.0
RP11-301O19.1,0.19032542,24.3179,0.8490541273586106,1.0
BOLA3-AS1,0.19032542,24.211782,0.8490541273586106,1.0
E2F1,0.19032542,24.0574,0.8490541273586106,1.0
UHRF1BP1,0.19032542,24.218472,0.8490541273586106,1.0
PSEN2,0.19032542,24.166374,0.8490541273586106,1.0
CTD-2302E22.4,0.19032542,24.618553,0.8490541273586106,1.0
DHX40,0.19032542,23.945784,0.8490541273586106,1.0
LIN9,0.19032542,24.297462,0.8490541273586106,1.0
PEX11A,0.19032542,24.219982,0.8490541273586106,1.0
PVRL2,0.19032542,24.21803,0.8490541273586106,1.0
CENPJ,0.19032542,24.225765,0.8490541273586106,1.0
AC026202.1,0.19032542,24.459227,0.8490541273586106,1.0
AC027307.3,0.19032542,24.041376,0.8490541273586106,1.0
THBS1,0.19032542,24.369043,0.8490541273586106,1.0
CORO6,0.19032542,24.1656,0.8490541273586106,1.0
CTD-2651B20.3,0.19032542,24.14414,0.8490541273586106,1.0
PHYHD1,0.19032542,24.255157,0.8490541273586106,1.0
CLEC4A,0.19032542,24.128382,0.8490541273586106,1.0
RECQL5,0.19032542,24.24132,0.8490541273586106,1.0
PEBP4,0.19032542,24.071913,0.8490541273586106,1.0
INTS6-AS1,0.19032542,24.209452,0.8490541273586106,1.0
CDK1,0.19032542,24.228533,0.8490541273586106,1.0
GINS2,0.19032542,23.810785,0.8490541273586106,1.0
TFAP2E,0.19032542,24.36241,0.8490541273586106,1.0
C16orf45,0.19032542,0.800392,0.8490541273586106,1.0
TNK2-AS1,0.19032542,24.087513,0.8490541273586106,1.0
GPD2,0.19032542,24.131922,0.8490541273586106,1.0
HEATR6,0.19032542,24.188507,0.8490541273586106,1.0
PTGR2,0.19032542,24.198092,0.8490541273586106,1.0
MEGF8,0.19032542,24.25056,0.8490541273586106,1.0
AURKA,0.19032542,24.203289,0.8490541273586106,1.0
GNA12,0.19032542,24.256914,0.8490541273586106,1.0
C2orf44,0.19032542,24.19831,0.8490541273586106,1.0
NPIPA5,0.19032542,24.235964,0.8490541273586106,1.0
RP11-490O6.2,0.19032542,24.177122,0.8490541273586106,1.0
MYH11,0.19032542,24.044426,0.8490541273586106,1.0
MUC12,0.19032542,24.389687,0.8490541273586106,1.0
SLC48A1,0.19032542,23.956675,0.8490541273586106,1.0
FDXACB1,0.19032542,24.412357,0.8490541273586106,1.0
TMEM117,0.19032542,24.33714,0.8490541273586106,1.0
LRRC16B,0.19032542,24.272636,0.8490541273586106,1.0
C19orf73,0.19032542,24.136549,0.8490541273586106,1.0
ZFP69B,0.19032542,24.166279,0.8490541273586106,1.0
AC021860.1,0.19032542,24.213686,0.8490541273586106,1.0
GLIPR1L2,0.19032542,24.049042,0.8490541273586106,1.0
PLCB3,0.19032542,24.54881,0.8490541273586106,1.0
TMEM241,0.19032542,24.157007,0.8490541273586106,1.0
ARVCF,0.19032542,24.234749,0.8490541273586106,1.0
NUDT13,0.19032542,24.361082,0.8490541273586106,1.0
FDXR,0.19032542,24.178894,0.8490541273586106,1.0
INPP5B,0.19032542,24.536428,0.8490541273586106,1.0
AKAP5,0.19032542,24.194572,0.8490541273586106,1.0
HMGB3,0.19032542,23.70704,0.8490541273586106,1.0
RTKN,0.19032542,24.26029,0.8490541273586106,1.0
SCFD2,0.19032542,23.974937,0.8490541273586106,1.0
NCF4,0.19032542,24.081472,0.8490541273586106,1.0
7SK-2,0.19032542,24.512861,0.8490541273586106,1.0
HLA-DQB2,0.19032542,24.216244,0.8490541273586106,1.0
RP5-1021I20.1,0.19032542,24.492428,0.8490541273586106,1.0
FAM167B,0.19032542,24.304893,0.8490541273586106,1.0
SLC6A4,0.19032542,24.305277,0.8490541273586106,1.0
RP11-354P11.3,0.19032542,24.152613,0.8490541273586106,1.0
EPOR,0.19032542,0.92038554,0.8490541273586106,1.0
KIAA1524,0.19032542,23.813745,0.8490541273586106,1.0
CENPO,0.19032542,24.114275,0.8490541273586106,1.0
CHN2,0.19032542,24.253307,0.8490541273586106,1.0
CES1,0.19032542,24.136192,0.8490541273586106,1.0
DYNLL1-AS1,0.19032542,24.194115,0.8490541273586106,1.0
RP5-1050D4.3,0.19032542,24.25908,0.8490541273586106,1.0
ROBO3,0.19032542,24.140047,0.8490541273586106,1.0
LRRC48,0.19032542,24.236032,0.8490541273586106,1.0
ZNF77,0.19032542,24.074009,0.8490541273586106,1.0
C10orf11,0.19032542,24.065714,0.8490541273586106,1.0
EPS8L1,0.19032542,24.042128,0.8490541273586106,1.0
WDR47,0.19032542,24.248678,0.8490541273586106,1.0
KYNU,0.19032542,24.21239,0.8490541273586106,1.0
PAN2,0.19032542,24.305183,0.8490541273586106,1.0
NFE2,0.19032542,24.214153,0.8490541273586106,1.0
CYP2D6,0.19032542,24.120573,0.8490541273586106,1.0
RABGAP1,0.19032542,0.7995028,0.8490541273586106,1.0
RP11-456D7.1,0.19032542,24.15673,0.8490541273586106,1.0
COPZ2,0.19032542,24.218506,0.8490541273586106,1.0
FBXO5,0.19032542,24.172743,0.8490541273586106,1.0
TNRC18,0.19032542,24.186836,0.8490541273586106,1.0
KCTD15,0.19032542,24.348536,0.8490541273586106,1.0
CTC-523E23.1,0.19032542,24.134733,0.8490541273586106,1.0
AC093609.1,0.19032542,24.3081,0.8490541273586106,1.0
C19orf35,0.19032542,24.184307,0.8490541273586106,1.0
ABCB4,0.19032542,23.991076,0.8490541273586106,1.0
CEP85,0.19032542,24.243708,0.8490541273586106,1.0
TPM2,0.19032542,24.192461,0.8490541273586106,1.0
ZNF844,0.19032542,24.563845,0.8490541273586106,1.0
AC108488.4,0.19032542,24.11195,0.8490541273586106,1.0
RP11-78A19.3,0.19032542,24.22092,0.8490541273586106,1.0
ATL2,0.19032542,24.226446,0.8490541273586106,1.0
CCDC106,0.19032542,24.190891,0.8490541273586106,1.0
RP11-96K19.2,0.19032542,24.00318,0.8490541273586106,1.0
SLFN12,0.19032542,24.220316,0.8490541273586106,1.0
FAM102B,0.19032542,24.179468,0.8490541273586106,1.0
RP11-884K10.7,0.19032542,24.21743,0.8490541273586106,1.0
CYSLTR1,0.19032542,24.242533,0.8490541273586106,1.0
ZNF442,0.19032542,24.258263,0.8490541273586106,1.0
BRPF3,0.19032542,24.290451,0.8490541273586106,1.0
HIVEP1,0.19032542,24.284266,0.8490541273586106,1.0
PLXNB2,0.19032542,24.215986,0.8490541273586106,1.0
TRIM58,0.19032542,24.076368,0.8490541273586106,1.0
SULT1A1,0.19032542,24.142096,0.8490541273586106,1.0
RP11-97C16.1,0.19032542,24.235394,0.8490541273586106,1.0
TDRKH,0.19032542,23.985514,0.8490541273586106,1.0
OAZ3,0.19032542,24.205616,0.8490541273586106,1.0
ZNF736,0.19032542,24.23041,0.8490541273586106,1.0
LINC00944,0.19032542,24.13568,0.8490541273586106,1.0
RAPGEFL1,0.19032542,24.186226,0.8490541273586106,1.0
PHGDH,0.19032542,24.202688,0.8490541273586106,1.0
RP11-791G15.2,0.19032542,24.09869,0.8490541273586106,1.0
TOP3A,0.19032542,24.094389,0.8490541273586106,1.0
XXbac-BPG181M17.6,0.19032542,24.175577,0.8490541273586106,1.0
SULT1B1,0.19032542,24.188253,0.8490541273586106,1.0
AC074117.10,0.19032542,24.226889,0.8490541273586106,1.0
SLC16A6,0.19032542,24.17904,0.8490541273586106,1.0
FAM193B,0.19032542,24.230158,0.8490541273586106,1.0
BCL2L2,0.19032542,24.100576,0.8490541273586106,1.0
KCTD1,0.19032542,23.905684,0.8490541273586106,1.0
LRRC37A,0.19032542,24.186665,0.8490541273586106,1.0
MAMSTR,0.19032542,24.150753,0.8490541273586106,1.0
FEN1,0.19032542,0.7957775,0.8490541273586106,1.0
UST,0.19032542,24.316217,0.8490541273586106,1.0
STXBP5,0.19032542,24.230717,0.8490541273586106,1.0
LY86,0.19032542,24.008953,0.8490541273586106,1.0
AGER,0.19032542,24.15808,0.8490541273586106,1.0
DNAJC28,0.19032542,24.41831,0.8490541273586106,1.0
TNFRSF12A,0.19032542,24.121054,0.8490541273586106,1.0
MDS2,0.19032542,24.109903,0.8490541273586106,1.0
CKAP2L,0.19032542,23.70704,0.8490541273586106,1.0
CENPA,0.19032542,24.05979,0.8490541273586106,1.0
NAP1L3,0.19032542,24.197916,0.8490541273586106,1.0
ZNF154,0.19032542,24.333494,0.8490541273586106,1.0
SKA3,0.19032542,23.858889,0.8490541273586106,1.0
BHLHE40-AS1,0.19032542,24.12065,0.8490541273586106,1.0
MIPEP,0.19032542,24.169538,0.8490541273586106,1.0
CCNB1,0.19032542,24.052765,0.8490541273586106,1.0
RRM2,0.19032542,24.0418,0.8490541273586106,1.0
CSTF2,0.19032542,24.268871,0.8490541273586106,1.0
TSNARE1,0.19032542,24.199873,0.8490541273586106,1.0
TMEM131,0.19032542,24.275784,0.8490541273586106,1.0
RANBP17,0.19032542,24.235067,0.8490541273586106,1.0
RP11-712B9.2,0.19032542,24.150387,0.8490541273586106,1.0
PHC1,0.19032542,24.242912,0.8490541273586106,1.0
NAPB,0.18955798,0.77042866,0.8496555101332123,1.0
C11orf24,0.18955798,0.87830204,0.8496555101332123,1.0
EPC2,0.18955798,0.874812,0.8496555101332123,1.0
DIEXF,0.18955798,0.8528594,0.8496555101332123,1.0
VPS41,0.18955798,0.47266483,0.8496555101332123,1.0
COLGALT1,0.18955798,0.8094329,0.8496555101332123,1.0
ANKRD10,0.18955798,0.32590184,0.8496555101332123,1.0
PON2,0.18955798,0.78086084,0.8496555101332123,1.0
CACUL1,0.18955798,0.7168989,0.8496555101332123,1.0
MMS19,0.18955798,1.0143744,0.8496555101332123,1.0
C7orf60,0.18879054,0.83636117,0.8502569804001042,1.0
ERO1L,0.18879054,0.8440441,0.8502569804001042,1.0
BCS1L,0.18879054,0.80400985,0.8502569804001042,1.0
ZBTB10,0.18879054,0.8765385,0.8502569804001042,1.0
MAP2K2,0.18879054,0.160353,0.8502569804001042,1.0
SLC2A11,0.18879054,0.7663833,0.8502569804001042,1.0
HDAC5,0.18879054,0.5429503,0.8502569804001042,1.0
RBM4,0.18879054,0.11381017,0.8502569804001042,1.0
BRCC3,0.18879054,0.8604943,0.8502569804001042,1.0
CMKLR1,0.1880231,0.83617705,0.8508585378177183,1.0
FAM8A1,0.1880231,0.7792972,0.8508585378177183,1.0
FAM179B,0.1880231,0.7214759,0.8508585378177183,1.0
DHRS7B,0.1880231,0.62313026,0.8508585378177183,1.0
GTF3C5,0.1880231,0.4825426,0.8508585378177183,1.0
RBAK-RBAKDN,0.1880231,0.75734913,0.8508585378177183,1.0
PPP1R7,0.18763939,0.06836789,0.8511593491012643,1.0
PAM16,0.18725567,0.6807236,0.8514601820443339,1.0
KIAA0247,0.18725567,0.6564176,0.8514601820443339,1.0
ZNF414,0.18725567,0.4461949,0.8514601820443339,1.0
RP11-611E13.2,0.18725567,0.45063734,0.8514601820443339,1.0
TRIT1,0.18725567,0.71585333,0.8514601820443339,1.0
TTC32,0.18725567,0.77379024,0.8514601820443339,1.0
PIP4K2C,0.18725567,0.7482084,0.8514601820443339,1.0
LMNB1,0.18725567,0.7258322,0.8514601820443339,1.0
CSNK1G3,0.18725567,0.7478843,0.8514601820443339,1.0
TMEM168,0.18725567,0.72371626,0.8514601820443339,1.0
SPPL3,0.18725567,0.66541344,0.8514601820443339,1.0
SC5D,0.18725567,0.7267404,0.8514601820443339,1.0
MAN1A2,0.18725567,0.36656043,0.8514601820443339,1.0
TTC14,0.18725567,0.09204258,0.8514601820443339,1.0
ARMC6,0.18648823,0.43600845,0.8520619127380797,1.0
HIPK1,0.18648823,0.5639011,0.8520619127380797,1.0
SPIN1,0.18648823,0.6812808,0.8520619127380797,1.0
ZNF91,0.18648823,0.2336463,0.8520619127380797,1.0
RTCA,0.18648823,0.2553785,0.8520619127380797,1.0
IPO5,0.1861045,0.2216029,0.85236281040325,1.0
BBS9,0.1861045,0.7326221,0.85236281040325,1.0
USP34,0.1861045,0.5215454,0.85236281040325,1.0
HIST2H2BE,0.18572079,0.43276307,0.8526637295569325,1.0
GATAD2B,0.18572079,0.44713768,0.8526637295569325,1.0
STAG1,0.18572079,0.76955205,0.8526637295569325,1.0
PTBP1,0.18572079,0.19829997,0.8526637295569325,1.0
TMEM175,0.18572079,0.42855203,0.8526637295569325,1.0
DHRSX,0.18572079,0.681431,0.8526637295569325,1.0
MAP4K5,0.18572079,0.8126437,0.8526637295569325,1.0
C16orf91,0.18495335,0.4830058,0.8532656321587189,1.0
DOK1,0.18495335,0.2793502,0.8532656321587189,1.0
TDRD3,0.18495335,0.55249864,0.8532656321587189,1.0
LRCH3,0.18495335,0.38387692,0.8532656321587189,1.0
CCNT2,0.18495335,0.6370878,0.8532656321587189,1.0
POMC,0.18456963,0.19665644,0.853566615521242,1.0
SUGP2,0.1841859,0.3927158,0.8538676202011158,1.0
SKIL,0.1841859,0.65175647,0.8538676202011158,1.0
PEX3,0.1841859,0.39626887,0.8538676202011158,1.0
SLC1A5,0.1841859,0.66632277,0.8538676202011158,1.0
RAB8B,0.1841859,0.23241486,0.8538676202011158,1.0
MED17,0.1841859,0.4225183,0.8538676202011158,1.0
ATPAF1,0.1841859,0.2815805,0.8538676202011158,1.0
FAM178A,0.1841859,0.6229773,0.8538676202011158,1.0
COX14,0.1841859,0.079612836,0.8538676202011158,1.0
VCL,0.18341845,0.4148205,0.8544696933416511,1.0
C14orf80,0.18341845,0.35823643,0.8544696933416511,1.0
GFER,0.18341845,0.2231212,0.8544696933416511,1.0
UBAC1,0.18341845,0.55631083,0.8544696933416511,1.0
CAPN10,0.18341845,0.73711175,0.8544696933416511,1.0
KAT5,0.18265101,0.2963709,0.8550718512377035,1.0
TMEM216,0.18188357,0.47653466,0.855674093546504,1.0
RIT1,0.18188357,0.27650678,0.855674093546504,1.0
UBR4,0.18111613,0.3929222,0.8562764199251359,1.0
ZNF335,0.18111613,0.59184426,0.8562764199251359,1.0
PDCD7,0.1803487,0.14301515,0.8568788300305359,1.0
NAE1,0.1803487,0.16278683,0.8568788300305359,1.0
MRPS35,0.17996497,0.23720007,0.8571800663735265,1.0
MRPL27,0.17958125,0.22449236,0.857481323519494,1.0
OSM,0.17958125,0.38408786,0.857481323519494,1.0
STMN1,0.17881382,0.17753498,0.8580839000486548,1.0
TBCA,0.1784301,0.047511037,0.8583852193459728,1.0
TUBA1C,0.17766266,0.26368567,0.8589879197913284,1.0
ZNHIT3,0.17766266,0.03730688,0.8589879197913284,1.0
BANK1,0.17727894,0.2942688,0.8592893008534367,1.0
PNRC2,0.17651148,0.32853833,0.8598921244416234,1.0
CABIN1,0.17612776,0.2305387,0.8601935668817187,1.0
CPSF3L,0.17574404,0.15960151,0.860495029695145,1.0
YPEL5,0.17574404,0.065797545,0.860495029695145,1.0
MPC2,0.17574404,0.013680634,0.860495029695145,1.0
ADRB2,0.17574404,0.18285927,0.860495029695145,1.0
GGCT,0.1749766,0.2838709,0.861098016269926,1.0
BCL2L12,0.1749766,0.25707498,0.861098016269926,1.0
GBP2,0.1749766,0.07152791,0.861098016269926,1.0
SLC44A2,0.17382544,0.18607368,0.862002647856444,1.0
TSTD1,0.17344172,0.09387345,0.8623042320062541,1.0
SP2,0.173058,0.5712938,0.8626058362281118,1.0
RNF38,0.173058,0.626502,0.8626058362281118,1.0
PAIP1,0.173058,0.20200023,0.8626058362281118,1.0
SCAF4,0.17190684,0.2011577,0.8635107688951709,1.0
G3BP1,0.17152312,0.092241906,0.8638124529743751,1.0
IMPA1,0.17152312,0.51509225,0.8638124529743751,1.0
TRIM52,0.17075568,0.43600363,0.8644158806594097,1.0
DDX39B,0.17075568,0.5034374,0.8644158806594097,1.0
RCL1,0.16998823,0.48318037,0.8650193874257734,1.0
CEP95,0.16998823,0.5579485,0.8650193874257734,1.0
PCF11,0.16960451,0.33137035,0.8653211703566069,1.0
DTNB,0.16922079,0.576705,0.8656229729283391,1.0
RNASEH1-AS1,0.16883707,1.0417036,0.8659247950978075,1.0
UBE3D,0.16883707,0.9871166,0.8659247950978075,1.0
MBD5,0.16883707,1.1547946,0.8659247950978075,1.0
GALE,0.16883707,1.0094488,0.8659247950978075,1.0
GSTM3,0.16883707,1.2149786,0.8659247950978075,1.0
POLR3A,0.16883707,1.0223182,0.8659247950978075,1.0
C8orf58,0.16806963,1.0248462,0.8665284980572602,1.0
FOSL2,0.16806963,0.3195369,0.8665284980572602,1.0
ITFG3,0.16806963,0.91887534,0.8665284980572602,1.0
UQCC1,0.16806963,1.2263342,0.8665284980572602,1.0
RP13-582O9.5,0.16806963,1.1603687,0.8665284980572602,1.0
MIR22HG,0.16806963,1.1145413,0.8665284980572602,1.0
DENND6B,0.16730219,0.9512366,0.8671322788894942,1.0
HS3ST3B1,0.16730219,0.99403757,0.8671322788894942,1.0
KDM2B,0.16730219,0.26209757,0.8671322788894942,1.0
RAB11FIP1,0.16730219,0.36567074,0.8671322788894942,1.0
NAP1L5,0.16730219,1.0188365,0.8671322788894942,1.0
ZNF684,0.16730219,1.1757749,0.8671322788894942,1.0
CCDC82,0.16691847,0.2534069,0.8674341983999072,1.0
RPS6KA3,0.16691847,0.5398353,0.8674341983999072,1.0
TMEM30A,0.16691847,0.19187675,0.8674341983999072,1.0
DMTF1,0.16691847,0.4580272,0.8674341983999072,1.0
RB1CC1,0.16691847,0.52091634,0.8674341983999072,1.0
RAB21,0.16691847,0.50083053,0.8674341983999072,1.0
PILRA,0.16653475,1.0343521,0.8677361372489023,1.0
THOP1,0.16653475,0.9963502,0.8677361372489023,1.0
DYRK1A,0.16653475,1.0943997,0.8677361372489023,1.0
SNX30,0.16653475,1.0466205,0.8677361372489023,1.0
FBXO38,0.16653475,0.9875835,0.8677361372489023,1.0
RPS6KC1,0.16653475,0.9483912,0.8677361372489023,1.0
ATP2C1,0.16653475,0.95836455,0.8677361372489023,1.0
RP11-468E2.4,0.16653475,1.1663966,0.8677361372489023,1.0
VPS52,0.16615103,0.57070285,0.8680380953932572,1.0
RPL39L,0.16615103,0.44977283,0.8680380953932572,1.0
ASB6,0.16615103,0.5272521,0.8680380953932572,1.0
SARM1,0.16576731,1.0180393,0.8683400727897415,1.0
FAM58A,0.16576731,0.24540335,0.8683400727897415,1.0
CREB3L4,0.16576731,0.9367354,0.8683400727897415,1.0
CAMKMT,0.16576731,0.9036478,0.8683400727897415,1.0
DCBLD1,0.16576731,0.9048445,0.8683400727897415,1.0
LGR6,0.16576731,0.85661066,0.8683400727897415,1.0
MICAL2,0.16576731,0.90997887,0.8683400727897415,1.0
RP11-182L21.6,0.16576731,0.92834616,0.8683400727897415,1.0
G0S2,0.16576731,0.91581225,0.8683400727897415,1.0
RP11-169D4.2,0.16576731,0.7977066,0.8683400727897415,1.0
RAD17,0.16576731,0.85345864,0.8683400727897415,1.0
LARP4B,0.16538359,0.45320326,0.868642069395116,1.0
TOM1,0.16538359,0.42873952,0.868642069395116,1.0
BLMH,0.16538359,0.4236602,0.868642069395116,1.0
MUM1,0.16538359,0.47963586,0.868642069395116,1.0
PNPLA6,0.16499987,0.8482969,0.8689440851661338,1.0
RIPK3,0.16499987,0.8257329,0.8689440851661338,1.0
C14orf28,0.16499987,0.85591567,0.8689440851661338,1.0
NANS,0.16499987,0.25052738,0.8689440851661338,1.0
FOXK2,0.16499987,0.8708957,0.8689440851661338,1.0
CENPN,0.16499987,0.80140764,0.8689440851661338,1.0
ANKRD37,0.16499987,0.9380675,0.8689440851661338,1.0
METTL2B,0.16499987,0.7971596,0.8689440851661338,1.0
B3GALTL,0.16499987,0.79600435,0.8689440851661338,1.0
KIAA1143,0.16499987,0.30371174,0.8689440851661338,1.0
ETNK1,0.16499987,0.17246741,0.8689440851661338,1.0
SESN2,0.16499987,0.8328139,0.8689440851661338,1.0
ZMYM1,0.16499987,0.813328,0.8689440851661338,1.0
FCHSD2,0.16499987,0.84406435,0.8689440851661338,1.0
SIRT3,0.16499987,0.86008054,0.8689440851661338,1.0
ZNF780A,0.16461615,0.44216597,0.8692461200595385,1.0
IKZF1,0.16461615,0.050408807,0.8692461200595385,1.0
FAM118B,0.16423243,0.85258764,0.8695481740320665,1.0
DTD2,0.16423243,0.80352825,0.8695481740320665,1.0
MTFR1,0.16423243,0.86068225,0.8695481740320665,1.0
KIAA0368,0.16423243,0.8322168,0.8695481740320665,1.0
C16orf58,0.16423243,0.81627107,0.8695481740320665,1.0
WARS2,0.16423243,0.8243787,0.8695481740320665,1.0
ZNF846,0.16423243,0.7911474,0.8695481740320665,1.0
CFP,0.16423243,0.8487871,0.8695481740320665,1.0
FAM168B,0.16423243,0.7807214,0.8695481740320665,1.0
SNX18,0.16423243,0.749268,0.8695481740320665,1.0
ZC3HC1,0.16423243,0.8561116,0.8695481740320665,1.0
KLF9,0.16423243,0.8529885,0.8695481740320665,1.0
NRDE2,0.16423243,0.8687001,0.8695481740320665,1.0
TM7SF2,0.16423243,0.84327483,0.8695481740320665,1.0
DESI2,0.16384871,0.42833075,0.8698502470404451,1.0
SLC38A6,0.163465,0.6746612,0.8701523390413934,1.0
SUV39H1,0.163465,0.799737,0.8701523390413934,1.0
CLPTM1L,0.163465,0.87890565,0.8701523390413934,1.0
C1RL,0.163465,0.8102455,0.8701523390413934,1.0
CD40,0.163465,0.82643944,0.8701523390413934,1.0
SLMO2,0.163465,0.13029842,0.8701523390413934,1.0
NACC1,0.163465,0.7712499,0.8701523390413934,1.0
ADNP,0.163465,0.7735462,0.8701523390413934,1.0
NME6,0.16308126,0.47846878,0.8704544499916225,1.0
STARD4,0.16269754,0.75785846,0.8707565798478346,1.0
EFR3A,0.16269754,0.74078745,0.8707565798478346,1.0
PUS10,0.16269754,0.73630404,0.8707565798478346,1.0
CACTIN,0.16269754,0.68180275,0.8707565798478346,1.0
PPAT,0.16269754,0.73988867,0.8707565798478346,1.0
RNF157,0.16269754,0.79155713,0.8707565798478346,1.0
DGCR14,0.16231382,0.4174384,0.8710587285667244,1.0
LPCAT3,0.16231382,0.5031808,0.8710587285667244,1.0
SERPINB8,0.1619301,0.74834,0.8713608961049776,1.0
TMEM53,0.1619301,0.6036144,0.8713608961049776,1.0
CMIP,0.16154638,0.37474388,0.8716630824192722,1.0
SUPV3L1,0.16154638,0.5043622,0.8716630824192722,1.0
CENPK,0.16154638,0.4032879,0.8716630824192722,1.0
MKS1,0.16116266,0.59425914,0.8719652874662775,1.0
ZNF688,0.16116266,0.2248953,0.8719652874662775,1.0
CCZ1B,0.16116266,0.6911894,0.8719652874662775,1.0
ATAD1,0.16116266,0.27780965,0.8719652874662775,1.0
SPTY2D1,0.16077894,0.24415167,0.8722675112026553,1.0
PAPSS1,0.16077894,0.4207289,0.8722675112026553,1.0
PYROXD1,0.16077894,0.31465375,0.8722675112026553,1.0
CPSF7,0.16077894,0.35628027,0.8722675112026553,1.0
CANX,0.16039522,0.12825045,0.8725697535850585,1.0
RBL2,0.1600115,0.22998181,0.8728720145701321,1.0
TIMM17B,0.1600115,0.067429855,0.8728720145701321,1.0
GPKOW,0.1600115,0.28403768,0.8728720145701321,1.0
PGM1,0.15962778,0.13112022,0.8731742941145131,1.0
DCP1B,0.15962778,0.534695,0.8731742941145131,1.0
IL15RA,0.15924406,0.42018417,0.8734765921748301,1.0
PPIG,0.15886034,0.054634616,0.8737789087077039,1.0
ARFIP1,0.15886034,0.38002652,0.8737789087077039,1.0
ZNF24,0.15847662,0.10723781,0.8740812436697468,1.0
FGD3,0.1580929,0.12944925,0.8743835970175635,1.0
AC093323.3,0.1580929,0.21955714,0.8743835970175635,1.0
SBDS,0.1580929,0.055953138,0.8743835970175635,1.0
CMSS1,0.15732546,0.25140262,0.8749883586968958,1.0
PPP2R3C,0.15732546,0.03265267,0.8749883586968958,1.0
GPN1,0.15694174,0.21976304,0.8752907669415801,1.0
ZNF791,0.15655802,0.48011312,0.8755931933983756,1.0
THOC1,0.15655802,0.35736015,0.8755931933983756,1.0
TIA1,0.15655802,0.22203313,0.8755931933983756,1.0
IKBKB,0.15655802,0.44398212,0.8755931933983756,1.0
HN1,0.15655802,0.093915604,0.8755931933983756,1.0
GLRX2,0.15617429,0.3633147,0.8758956380238467,1.0
ASH2L,0.15579057,0.404578,0.8761981007745501,1.0
NAA15,0.15502313,0.2922905,0.8768030804778388,1.0
SFSWAP,0.15463941,0.25111136,0.8771055973434976,1.0
MACF1,0.15463941,0.17158967,0.8771055973434976,1.0
ORMDL2,0.15425569,0.21726006,0.8774081321605349,1.0
CDC42EP3,0.15310453,-0.03640154,0.8783158438850482,1.0
HS1BP3,0.15310453,0.35106912,0.8783158438850482,1.0
EHD4,0.15272081,0.45874062,0.8786184500726906,1.0
ARHGAP27,0.15195337,0.39879358,0.8792237156061076,1.0
CD320,0.15195337,0.07481548,0.8792237156061076,1.0
IARS,0.15195337,0.4242404,0.8792237156061076,1.0
YBX1,0.15195337,-0.013622205,0.8792237156061076,1.0
TAX1BP1,0.15195337,0.085173756,0.8792237156061076,1.0
ATP5S,0.15195337,0.46398267,0.8792237156061076,1.0
TMX2,0.15195337,0.009036723,0.8792237156061076,1.0
RAD50,0.15156965,0.14636844,0.8795263748648303,1.0
CCDC126,0.15156965,0.33990866,0.8795263748648303,1.0
LTA4H,0.15118593,0.21453324,0.8798290517268481,1.0
MRPS18A,0.15080221,0.18982063,0.8801317461486159,1.0
CD96,0.15041849,-0.010033678,0.8804344580865804,1.0
STARD3,0.15003477,0.15740588,0.880737187497181,1.0
AFF4,0.14965105,0.15064554,0.8810399343368491,1.0
B4GALT3,0.14965105,0.18770015,0.8810399343368491,1.0
THAP7,0.1488836,0.077327885,0.8816454801290771,1.0
STAT5A,0.1488836,0.20367481,0.8816454801290771,1.0
LTB4R,0.1488836,0.6172792,0.8816454801290771,1.0
DCTD,0.14811616,0.18952821,0.8822510951145645,1.0
FPGS,0.14811616,0.22564702,0.8822510951145645,1.0
RARS2,0.14773244,0.35757923,0.8825539284457786,1.0
LINC00938,0.14734872,0.25432995,0.8828567789444906,1.0
MRPL35,0.14734872,0.68496346,0.8828567789444906,1.0
ICMT,0.14734872,0.3906272,0.8828567789444906,1.0
COMMD10,0.14734872,0.14541121,0.8828567789444906,1.0
USP33,0.14734872,0.42657146,0.8828567789444906,1.0
ITM2B,0.14734872,-0.028239444,0.8828567789444906,1.0
PRMT7,0.146965,0.58107024,0.8831596465670785,1.0
EIF4A3,0.14658128,0.15754238,0.8834625312699136,1.0
UBE2A,0.14619756,0.06980974,0.8837654330093593,1.0
SAT2,0.14581384,0.08079394,0.8840683517417719,1.0
PQBP1,0.14581384,0.118314125,0.8840683517417719,1.0
SLC25A12,0.14581384,0.54476196,0.8840683517417719,1.0
CUL5,0.1450464,0.4724904,0.884674240010884,1.0
ARHGEF6,0.1450464,0.17224541,0.884674240010884,1.0
APOLD1,0.1450464,0.6026551,0.884674240010884,1.0
PHYKPL,0.14466268,0.13048303,0.8849772094602586,1.0
PFDN4,0.14427896,0.5866813,0.8852801957279498,1.0
MAFF,0.14427896,0.646862,0.8852801957279498,1.0
GHDC,0.14427896,0.5703588,0.8852801957279498,1.0
PSMD7,0.14389524,0.119403794,0.8855831987702767,1.0
SMPD4,0.14351152,1.500764,0.8858862185435507,1.0
ZNF264,0.14351152,1.1710497,0.8858862185435507,1.0
ARL13B,0.14351152,1.2063222,0.8858862185435507,1.0
LIN52,0.14351152,1.2637411,0.8858862185435507,1.0
RP11-430B1.2,0.14351152,1.5442119,0.8858862185435507,1.0
INPPL1,0.14351152,1.2534876,0.8858862185435507,1.0
SMIM4,0.14351152,1.1111974,0.8858862185435507,1.0
TMEM64,0.14351152,1.2159468,0.8858862185435507,1.0
PTDSS2,0.14351152,1.1593784,0.8858862185435507,1.0
MED28,0.14351152,0.04947446,0.8858862185435507,1.0
SLC35E3,0.14351152,1.2010218,0.8858862185435507,1.0
DPY19L3,0.14351152,1.4504553,0.8858862185435507,1.0
ZNF562,0.14351152,1.2918828,0.8858862185435507,1.0
DGCR8,0.14351152,1.1275243,0.8858862185435507,1.0
FGGY,0.14351152,1.2228631,0.8858862185435507,1.0
KIAA1109,0.14351152,1.0722247,0.8858862185435507,1.0
NUP155,0.14351152,1.2330447,0.8858862185435507,1.0
MORC2-AS1,0.14351152,1.0799631,0.8858862185435507,1.0
MORC2,0.14351152,1.3257447,0.8858862185435507,1.0
LTA,0.14351152,1.2151492,0.8858862185435507,1.0
SLC35F5,0.14351152,1.1773292,0.8858862185435507,1.0
CCDC112,0.14351152,0.4670542,0.8858862185435507,1.0
TRMU,0.14351152,0.3460232,0.8858862185435507,1.0
SESTD1,0.14351152,1.265221,0.8858862185435507,1.0
TMEM229B,0.14351152,1.0625075,0.8858862185435507,1.0
SIMC1,0.14351152,1.0941974,0.8858862185435507,1.0
RWDD1,0.1431278,0.06352094,0.8861892550040762,1.0
HSPA9,0.1431278,0.017365735,0.8861892550040762,1.0
SERINC3,0.1431278,0.19227226,0.8861892550040762,1.0
SLC35D1,0.14274408,1.0373882,0.8864923081081502,1.0
PARP3,0.14274408,1.3030282,0.8864923081081502,1.0
ACOX1,0.14274408,1.0760918,0.8864923081081502,1.0
EXD3,0.14274408,1.1026944,0.8864923081081502,1.0
TLR2,0.14274408,1.2300122,0.8864923081081502,1.0
RP11-977G19.11,0.14274408,1.1614954,0.8864923081081502,1.0
GPBAR1,0.14274408,1.2336657,0.8864923081081502,1.0
ADAM19,0.14274408,1.0621668,0.8864923081081502,1.0
CSE1L,0.14274408,1.1123203,0.8864923081081502,1.0
CC2D1B,0.14274408,1.1112771,0.8864923081081502,1.0
NAB2,0.14274408,1.1461558,0.8864923081081502,1.0
EFNB1,0.14274408,1.072977,0.8864923081081502,1.0
CPT2,0.14274408,1.1446049,0.8864923081081502,1.0
TLE3,0.14274408,1.2415171,0.8864923081081502,1.0
TMEM260,0.14274408,1.039118,0.8864923081081502,1.0
MTR,0.14274408,1.2283096,0.8864923081081502,1.0
SMPD2,0.14197662,1.1641908,0.8870984640720949,1.0
LDOC1,0.14197662,1.0017507,0.8870984640720949,1.0
ZMAT4,0.14197662,1.0159888,0.8870984640720949,1.0
B4GALNT3,0.14197662,1.015027,0.8870984640720949,1.0
GALNT7,0.14197662,1.0621376,0.8870984640720949,1.0
SAP130,0.14197662,0.9982493,0.8870984640720949,1.0
MCCC1,0.14197662,0.99989796,0.8870984640720949,1.0
RP11-46C24.7,0.14197662,1.0352228,0.8870984640720949,1.0
ZFYVE16,0.14197662,1.0620358,0.8870984640720949,1.0
TMC4,0.14197662,1.0600381,0.8870984640720949,1.0
FAM179A,0.14197662,1.0621186,0.8870984640720949,1.0
ZNF527,0.14197662,0.99347395,0.8870984640720949,1.0
RBKS,0.14197662,1.194563,0.8870984640720949,1.0
CSF3R,0.14197662,1.1036053,0.8870984640720949,1.0
ZC3H18,0.14197662,0.5742438,0.8870984640720949,1.0
ACSF2,0.14197662,1.0251061,0.8870984640720949,1.0
FBXO2,0.14197662,1.0717716,0.8870984640720949,1.0
ZDHHC18,0.14197662,1.2921816,0.8870984640720949,1.0
PNPO,0.14197662,0.96741617,0.8870984640720949,1.0
LIAS,0.14197662,0.5774701,0.8870984640720949,1.0
SMCR5,0.14197662,0.9733102,0.8870984640720949,1.0
IL12RB2,0.14197662,1.204954,0.8870984640720949,1.0
LRSAM1,0.14197662,1.0300834,0.8870984640720949,1.0
ATG13,0.14197662,0.20285603,0.8870984640720949,1.0
LRRC61,0.14197662,1.2023667,0.8870984640720949,1.0
SCRN3,0.14197662,1.1298517,0.8870984640720949,1.0
TFR2,0.14197662,1.1165005,0.8870984640720949,1.0
RDH13,0.14197662,1.3628743,0.8870984640720949,1.0
PRAM1,0.14197662,1.0706381,0.8870984640720949,1.0
GPR155,0.14197662,1.1495827,0.8870984640720949,1.0
ARF5,0.1415929,0.07434449,0.8874015668445231,1.0
ZNF641,0.14120919,1.115693,0.8877046860856148,1.0
TRMT2B,0.14120919,1.0297146,0.8877046860856148,1.0
BAALC,0.14120919,0.97812456,0.8877046860856148,1.0
UBE2D4,0.14120919,1.0228873,0.8877046860856148,1.0
LRRC27,0.14120919,1.0095376,0.8877046860856148,1.0
POLR1B,0.14120919,0.94773716,0.8877046860856148,1.0
ZNF548,0.14120919,0.95197076,0.8877046860856148,1.0
MYL9,0.14120919,0.86212003,0.8877046860856148,1.0
MS4A7,0.14120919,1.2233225,0.8877046860856148,1.0
RP11-644F5.11,0.14120919,1.0235125,0.8877046860856148,1.0
ERF,0.14120919,0.88024485,0.8877046860856148,1.0
GK,0.14120919,0.96780723,0.8877046860856148,1.0
ZNF598,0.14120919,0.9784629,0.8877046860856148,1.0
CHKB-AS1,0.14120919,1.0297259,0.8877046860856148,1.0
TYSND1,0.14120919,0.5049008,0.8877046860856148,1.0
RASGEF1A,0.14120919,1.0210562,0.8877046860856148,1.0
TMTC4,0.14120919,0.83695894,0.8877046860856148,1.0
LILRA1,0.14120919,1.0645051,0.8877046860856148,1.0
FAM149B1,0.14120919,1.0108675,0.8877046860856148,1.0
MTPAP,0.14120919,0.9335077,0.8877046860856148,1.0
GTF3C3,0.14120919,1.0509275,0.8877046860856148,1.0
TMEM86B,0.14120919,0.963636,0.8877046860856148,1.0
TET2,0.14120919,1.1307917,0.8877046860856148,1.0
APBB3,0.14120919,0.83601195,0.8877046860856148,1.0
FPGT,0.14044175,0.8783904,0.8883109737988241,1.0
WDR7,0.14044175,0.8793105,0.8883109737988241,1.0
RP11-305L7.3,0.14044175,0.9112038,0.8883109737988241,1.0
SRBD1,0.14044175,0.43310827,0.8883109737988241,1.0
CDC16,0.14044175,0.4328677,0.8883109737988241,1.0
RP11-305L7.1,0.14044175,0.98480964,0.8883109737988241,1.0
PIK3CA,0.14044175,0.9927216,0.8883109737988241,1.0
FANCG,0.14044175,0.8984904,0.8883109737988241,1.0
USP21,0.14044175,0.97111106,0.8883109737988241,1.0
QPRT,0.14044175,0.9746704,0.8883109737988241,1.0
RP11-325F22.2,0.14044175,0.97950095,0.8883109737988241,1.0
ZFYVE28,0.14044175,0.3777509,0.8883109737988241,1.0
UNG,0.14044175,0.22650959,0.8883109737988241,1.0
ZNF266,0.14044175,0.52921826,0.8883109737988241,1.0
ATP6V1E2,0.14044175,0.96797645,0.8883109737988241,1.0
FAHD2B,0.14044175,0.79417604,0.8883109737988241,1.0
MMAA,0.14044175,0.9966992,0.8883109737988241,1.0
ANKRD35,0.14044175,0.97771657,0.8883109737988241,1.0
FAM105B,0.14044175,0.95965314,0.8883109737988241,1.0
SYNE3,0.14044175,0.96631163,0.8883109737988241,1.0
OSBPL3,0.14044175,0.9983627,0.8883109737988241,1.0
ZNF287,0.14044175,0.9983523,0.8883109737988241,1.0
MTF1,0.14044175,0.9824853,0.8883109737988241,1.0
DHX58,0.14044175,0.32433778,0.8883109737988241,1.0
ZNF571,0.14044175,0.7806017,0.8883109737988241,1.0
RNF220,0.1396743,0.5950161,0.8889173268617214,1.0
PEMT,0.1396743,0.40198225,0.8889173268617214,1.0
ACTL6A,0.1396743,0.29302716,0.8889173268617214,1.0
RP11-124N14.3,0.1396743,0.7905366,0.8889173268617214,1.0
WDR34,0.1396743,0.7820401,0.8889173268617214,1.0
UTP6,0.1396743,0.29835698,0.8889173268617214,1.0
RP11-73E17.2,0.1396743,0.8338101,0.8889173268617214,1.0
TMEM11,0.1396743,0.19983746,0.8889173268617214,1.0
RP11-535A5.1,0.1396743,0.7993356,0.8889173268617214,1.0
RAB30-AS1,0.1396743,0.78533596,0.8889173268617214,1.0
RMI2,0.1396743,0.83538723,0.8889173268617214,1.0
TRDMT1,0.1396743,0.4323756,0.8889173268617214,1.0
PDSS1,0.1396743,0.79273313,0.8889173268617214,1.0
ZNF362,0.1396743,0.7748045,0.8889173268617214,1.0
ERCC3,0.1396743,0.43906966,0.8889173268617214,1.0
CKAP2,0.1396743,0.7531137,0.8889173268617214,1.0
MSL2,0.1396743,0.4418861,0.8889173268617214,1.0
CRAT,0.1396743,0.7713272,0.8889173268617214,1.0
GXYLT1,0.1396743,0.8839065,0.8889173268617214,1.0
ARHGAP5,0.1396743,0.7445924,0.8889173268617214,1.0
ZNF573,0.1396743,0.79347044,0.8889173268617214,1.0
ARRDC2,0.1396743,0.24301717,0.8889173268617214,1.0
SLC25A29,0.1396743,0.8555213,0.8889173268617214,1.0
KXD1,0.13929059,0.10807545,0.8892205277898964,1.0
GNB5,0.13890687,0.40775475,0.889523744924191,1.0
AC120194.1,0.13890687,0.6682102,0.889523744924191,1.0
IL21R,0.13890687,0.4338948,0.889523744924191,1.0
ZNF764,0.13890687,0.88837874,0.889523744924191,1.0
ZHX3,0.13890687,0.8829489,0.889523744924191,1.0
KIAA1671,0.13890687,0.7921865,0.889523744924191,1.0
CRADD,0.13890687,0.42207983,0.889523744924191,1.0
DHX38,0.13890687,0.40861988,0.889523744924191,1.0
RP11-727F15.12,0.13890687,0.45513326,0.889523744924191,1.0
WIPI1,0.13890687,0.3657944,0.889523744924191,1.0
CDK2,0.13890687,0.812432,0.889523744924191,1.0
NIF3L1,0.13890687,0.39024776,0.889523744924191,1.0
ELMOD3,0.13890687,0.40628487,0.889523744924191,1.0
AGFG1,0.13890687,0.8418268,0.889523744924191,1.0
FAM210A,0.13813943,0.40429163,0.8901302276360025,1.0
IFFO1,0.13813943,0.37715742,0.8901302276360025,1.0
C14orf142,0.13813943,0.41272205,0.8901302276360025,1.0
MLH1,0.13813943,0.44304368,0.8901302276360025,1.0
UHMK1,0.13737199,0.2416172,0.8907367746468127,1.0
NNT-AS1,0.13737199,0.39062238,0.8907367746468127,1.0
DDX46,0.13698827,0.10561314,0.891040072154829,1.0
HPS4,0.13660455,0.32839444,0.891343385606165,1.0
UNC13D,0.13660455,0.20060585,0.891343385606165,1.0
DCAF10,0.13660455,0.24797995,0.891343385606165,1.0
SUV420H1,0.13660455,0.4114077,0.891343385606165,1.0
CCNY,0.13660455,0.3568118,0.891343385606165,1.0
FAM120AOS,0.13622083,0.40915087,0.8916467149569962,1.0
SPATC1L,0.13583711,0.37046447,0.8919500601634909,1.0
SPATA13,0.13583711,0.42768723,0.8919500601634909,1.0
ABCD4,0.13506965,0.21261686,0.8925567979681098,1.0
SP4,0.13506965,0.36332235,0.8925567979681098,1.0
HIBCH,0.13506965,0.23261581,0.8925567979681098,1.0
COPA,0.13506965,0.2672494,0.8925567979681098,1.0
ZNF487,0.13506965,0.38643444,0.8925567979681098,1.0
RBM7,0.13468593,0.24607907,0.8928601904785363,1.0
MED8,0.13468593,0.16570412,0.8928601904785363,1.0
TOB2,0.13430221,0.40313825,0.8931635986692305,1.0
PRMT5,0.13430221,0.33604237,0.8931635986692305,1.0
PRDM1,0.13353477,0.32815668,0.8937704619159509,1.0
LARS,0.13353477,0.2092288,0.8937704619159509,1.0
MRPL17,0.13353477,0.6711827,0.8937704619159509,1.0
EIF1AY,0.13315105,0.06728981,0.8940739168842241,1.0
HSPA14,0.13315105,0.26311067,0.8940739168842241,1.0
ARPC1A,0.13276733,0.09711636,0.8943773873572594,1.0
TIMM23,0.13276733,0.30050126,0.8943773873572594,1.0
RP11-353N4.4,0.13276733,0.21580274,0.8943773873572594,1.0
IFT27,0.13276733,0.17119108,0.8943773873572594,1.0
ORC3,0.1319999,0.32695302,0.8949843746420348,1.0
NCKAP1L,0.1319999,0.24612011,0.8949843746420348,1.0
GPS2,0.1319999,0.06527859,0.8949843746420348,1.0
TTC16,0.13161618,0.22772457,0.8952878913659678,1.0
CELF2,0.13161618,0.006791357,0.8952878913659678,1.0
RABEP2,0.13123246,0.5831791,0.895591423419048,1.0
ACAP2,0.13123246,0.0730491,0.895591423419048,1.0
PIGH,0.13123246,0.17681275,0.895591423419048,1.0
EIF5,0.13046502,0.018862087,0.8961985333369609,1.0
SETD2,0.12893014,0.32596034,0.8974129351895993,1.0
PNPLA2,0.12893014,0.21887298,0.8974129351895993,1.0
CTB-31O20.2,0.12893014,0.16848885,0.8974129351895993,1.0
THYN1,0.12854642,0.16820252,0.8977165733165593,1.0
PCBD1,0.12854642,0.24810989,0.8977165733165593,1.0
TXNDC11,0.12816268,0.14044164,0.898020226421115,1.0
COPG1,0.12816268,0.48573312,0.898020226421115,1.0
CD55,0.12816268,0.12802386,0.898020226421115,1.0
SLC35B2,0.12777896,0.28561133,0.8983238944592928,1.0
CGRRF1,0.12739524,0.38956603,0.8986275773871122,1.0
LIMS1,0.1266278,0.2767781,0.8992349877357222,1.0
ZNF655,0.1266278,0.09831199,0.8992349877357222,1.0
NSUN5,0.12624408,0.25227198,0.8995387150685195,1.0
IMPDH2,0.12509292,0.056755904,0.9004499851727852,1.0
GLYR1,0.12509292,0.33234254,0.9004499851727852,1.0
THUMPD3,0.124325484,0.27407214,0.9010575715569817,1.0
MRPS26,0.123941764,0.07880789,0.9013613865113895,1.0
PXN,0.123558044,0.063568704,0.9016652159152794,1.0
OAZ1,0.123558044,0.010235329,0.9016652159152794,1.0
KTI12,0.1227906,0.3343904,0.9022729178952941,1.0
SNRNP48,0.1227906,0.36796,0.9022729178952941,1.0
SREK1,0.1227906,0.1944223,0.9022729178952941,1.0
TRPT1,0.12240688,0.3298551,0.9025767903832974,1.0
SMYD4,0.12240688,0.8518895,0.9025767903832974,1.0
BCAS2,0.12240688,0.10179461,0.9025767903832974,1.0
TMEM102,0.12163944,0.54638684,0.9031845781349457,1.0
PELI1,0.12163944,0.67881,0.9031845781349457,1.0
TXN2,0.12163944,0.085190766,0.9031845781349457,1.0
TRANK1,0.12163944,0.60986555,0.9031845781349457,1.0
C21orf91,0.12125572,0.11175762,0.9034884933104314,1.0
NCBP2,0.12125572,0.12602416,0.9034884933104314,1.0
CCDC174,0.12125572,0.38353696,0.9034884933104314,1.0
SLC33A1,0.120872,0.60147154,0.9037924226269084,1.0
MCPH1,0.120872,0.6632701,0.9037924226269084,1.0
ENOPH1,0.12048828,0.14127095,0.9040963660402815,1.0
USO1,0.12048828,0.31180638,0.9040963660402815,1.0
FAM98C,0.12010456,0.19339903,0.9044003235064496,1.0
TELO2,0.12010456,0.5550549,0.9044003235064496,1.0
FEM1B,0.12010456,0.55400455,0.9044003235064496,1.0
ZNF212,0.12010456,0.5785418,0.9044003235064496,1.0
MZF1,0.12010456,0.5039145,0.9044003235064496,1.0
TAF1,0.12010456,0.6597874,0.9044003235064496,1.0
KLF4,0.12010456,0.50719005,0.9044003235064496,1.0
COPS2,0.11972083,0.2466233,0.904704294981305,1.0
RAD51C,0.11972083,0.3482348,0.904704294981305,1.0
IVNS1ABP,0.11972083,0.20073812,0.904704294981305,1.0
NTMT1,0.11972083,0.30555922,0.904704294981305,1.0
TKT,0.11972083,0.11810044,0.904704294981305,1.0
MCAT,0.11933711,0.56390184,0.9050082804207341,1.0
TM9SF4,0.11933711,0.5894107,0.9050082804207341,1.0
TICAM1,0.11933711,0.4704415,0.9050082804207341,1.0
SH3KBP1,0.11933711,0.04400435,0.9050082804207341,1.0
TMEM184C,0.11933711,0.46777079,0.9050082804207341,1.0
ZDHHC20,0.11895339,1.4886676,0.9053122797806171,1.0
CCDC146,0.11895339,1.4636954,0.9053122797806171,1.0
ERLIN2,0.11895339,1.8659914,0.9053122797806171,1.0
PHF13,0.11895339,1.4181508,0.9053122797806171,1.0
BCL11A,0.11895339,1.7604811,0.9053122797806171,1.0
ZFP37,0.11895339,1.7888322,0.9053122797806171,1.0
RFESD,0.11895339,1.6325314,0.9053122797806171,1.0
LINC01011,0.11895339,2.1725981,0.9053122797806171,1.0
ZDHHC8,0.11895339,1.603652,0.9053122797806171,1.0
RP11-488C13.5,0.11895339,1.4552265,0.9053122797806171,1.0
VIPAS39,0.11895339,1.6916302,0.9053122797806171,1.0
ITPKC,0.11895339,1.9790392,0.9053122797806171,1.0
RP11-553L6.2,0.11895339,1.8609387,0.9053122797806171,1.0
TTC12,0.11895339,1.6165359,0.9053122797806171,1.0
RP4-673M15.1,0.11895339,1.6465278,0.9053122797806171,1.0
ZKSCAN2,0.11895339,1.5614681,0.9053122797806171,1.0
AC002310.12,0.11895339,1.6030394,0.9053122797806171,1.0
TPST1,0.11895339,1.5177033,0.9053122797806171,1.0
DCLRE1B,0.11895339,1.7724831,0.9053122797806171,1.0
ZNF682,0.11895339,1.557035,0.9053122797806171,1.0
FAM213A,0.11895339,1.5146016,0.9053122797806171,1.0
TIAM1,0.11895339,1.4725239,0.9053122797806171,1.0
RP11-134P9.3,0.11895339,1.5619649,0.9053122797806171,1.0
LGALS4,0.11895339,1.4618336,0.9053122797806171,1.0
ACSL1,0.11895339,1.6224214,0.9053122797806171,1.0
KLF7,0.11895339,1.7171118,0.9053122797806171,1.0
LINC00843,0.11895339,1.5649123,0.9053122797806171,1.0
RTKN2,0.11895339,1.5926402,0.9053122797806171,1.0
SERAC1,0.11895339,1.5017903,0.9053122797806171,1.0
KIF9,0.11895339,1.9515276,0.9053122797806171,1.0
EMILIN2,0.11895339,1.463493,0.9053122797806171,1.0
ZSCAN21,0.11895339,1.6579051,0.9053122797806171,1.0
CSTA,0.11895339,1.5497273,0.9053122797806171,1.0
KRT72,0.11895339,1.6279206,0.9053122797806171,1.0
TAF10,0.11895339,0.3087217,0.9053122797806171,1.0
PHLDA3,0.11895339,1.6011769,0.9053122797806171,1.0
FAM185A,0.11895339,1.7184954,0.9053122797806171,1.0
RCBTB1,0.11895339,1.5061668,0.9053122797806171,1.0
ALG11,0.11895339,1.5516351,0.9053122797806171,1.0
SMURF2,0.11895339,1.8153825,0.9053122797806171,1.0
CYP27A1,0.11895339,1.5333109,0.9053122797806171,1.0
PANX1,0.11895339,1.7399225,0.9053122797806171,1.0
FBXL18,0.11895339,1.926171,0.9053122797806171,1.0
PBX3,0.11895339,1.5274,0.9053122797806171,1.0
C21orf119,0.11895339,1.8264561,0.9053122797806171,1.0
MED18,0.11895339,1.477862,0.9053122797806171,1.0
MBNL3,0.11895339,1.4772462,0.9053122797806171,1.0
CAPS,0.11895339,1.5651038,0.9053122797806171,1.0
THAP8,0.11895339,1.6466767,0.9053122797806171,1.0
RP11-73O6.3,0.11895339,1.5450537,0.9053122797806171,1.0
ZNF575,0.11895339,1.570785,0.9053122797806171,1.0
FAM122C,0.11895339,1.4803354,0.9053122797806171,1.0
MASTL,0.11895339,1.7200445,0.9053122797806171,1.0
ATRIP,0.11895339,1.7570165,0.9053122797806171,1.0
C17orf58,0.11895339,1.564061,0.9053122797806171,1.0
CRYBG3-1,0.11895339,1.6441969,0.9053122797806171,1.0
HACE1,0.11895339,1.5013756,0.9053122797806171,1.0
ZHX1-C8ORF76,0.11895339,1.5755203,0.9053122797806171,1.0
TRMT12,0.11895339,1.4550778,0.9053122797806171,1.0
TRAF3IP2,0.11895339,1.548337,0.9053122797806171,1.0
CENPP,0.11895339,2.1057842,0.9053122797806171,1.0
RILP,0.11895339,1.6801312,0.9053122797806171,1.0
ZNF175,0.11895339,1.5361757,0.9053122797806171,1.0
FCGR2B,0.11895339,1.8295095,0.9053122797806171,1.0
FAM101B,0.11895339,1.6298656,0.9053122797806171,1.0
HIATL2,0.11895339,1.415419,0.9053122797806171,1.0
IL2RA,0.11895339,1.9619167,0.9053122797806171,1.0
FKBP1C,0.11895339,1.6319335,0.9053122797806171,1.0
SPRYD4,0.11895339,1.5890996,0.9053122797806171,1.0
ST6GALNAC2,0.11895339,1.5335413,0.9053122797806171,1.0
PKD1,0.11895339,1.5135695,0.9053122797806171,1.0
MXD3,0.11895339,2.057126,0.9053122797806171,1.0
STX1A,0.11895339,1.6608828,0.9053122797806171,1.0
KLHDC10,0.11895339,1.6808795,0.9053122797806171,1.0
DHCR7,0.11895339,1.4425241,0.9053122797806171,1.0
ZG16B,0.11895339,1.6304694,0.9053122797806171,1.0
AVPI1,0.11895339,1.5325317,0.9053122797806171,1.0
SCLY,0.11895339,1.5004492,0.9053122797806171,1.0
FMO5,0.11895339,2.2562885,0.9053122797806171,1.0
IGFBP4,0.11895339,1.8291771,0.9053122797806171,1.0
AGAP1,0.11895339,1.6416191,0.9053122797806171,1.0
KIAA0556,0.11895339,2.1877153,0.9053122797806171,1.0
SLC12A2,0.11895339,1.6924512,0.9053122797806171,1.0
SAMD10,0.11895339,1.4433957,0.9053122797806171,1.0
RP11-350N15.5,0.11895339,1.7442257,0.9053122797806171,1.0
GPR153,0.11895339,1.6398536,0.9053122797806171,1.0
SPATA24,0.11895339,1.890008,0.9053122797806171,1.0
RP11-635N19.1,0.11895339,1.5266325,0.9053122797806171,1.0
TMEM80,0.11856967,0.30392408,0.9056162930168282,1.0
SLC30A9,0.11856967,0.41733366,0.9056162930168282,1.0
VWA9,0.11856967,0.60788316,0.9056162930168282,1.0
XPR1,0.11818595,1.5380243,0.9059203200852353,1.0
KMO,0.11818595,1.3837855,0.9059203200852353,1.0
CREB3L2,0.11818595,0.30955374,0.9059203200852353,1.0
BZRAP1,0.11818595,1.3929204,0.9059203200852353,1.0
SETD8,0.11818595,1.5084202,0.9059203200852353,1.0
NIPA1,0.11818595,1.3370415,0.9059203200852353,1.0
RNF31,0.11818595,1.4594501,0.9059203200852353,1.0
SOS2,0.11818595,1.4189662,0.9059203200852353,1.0
INTS7,0.11818595,1.3912808,0.9059203200852353,1.0
PUS3,0.11818595,1.4210346,0.9059203200852353,1.0
PARP9,0.11818595,0.16618721,0.9059203200852353,1.0
HELLS,0.11818595,1.4324634,0.9059203200852353,1.0
PRICKLE3,0.11818595,1.5083412,0.9059203200852353,1.0
ZBTB20-AS1,0.11818595,1.4064364,0.9059203200852353,1.0
WDSUB1,0.11818595,0.3174104,0.9059203200852353,1.0
PPP4R1L,0.11818595,1.4118485,0.9059203200852353,1.0
IQCE,0.11818595,1.4417107,0.9059203200852353,1.0
UBQLN4,0.11818595,1.3908966,0.9059203200852353,1.0
NAGLU,0.11818595,1.4007156,0.9059203200852353,1.0
CSNK1E,0.11818595,1.3633293,0.9059203200852353,1.0
HK3,0.11818595,1.3090564,0.9059203200852353,1.0
PQLC2,0.11818595,1.4966377,0.9059203200852353,1.0
PAQR4,0.11818595,1.3069801,0.9059203200852353,1.0
TMEM176B,0.11818595,1.4659739,0.9059203200852353,1.0
DMWD,0.11818595,1.3821695,0.9059203200852353,1.0
AC023490.1,0.11818595,1.5770644,0.9059203200852353,1.0
CHST10,0.11818595,1.3824826,0.9059203200852353,1.0
STAP2,0.11818595,1.5382159,0.9059203200852353,1.0
ULK2,0.11818595,1.3872358,0.9059203200852353,1.0
CD300LF,0.11818595,1.5010531,0.9059203200852353,1.0
KHDC1,0.11818595,1.4250106,0.9059203200852353,1.0
LIMA1,0.11818595,1.5189375,0.9059203200852353,1.0
SEPN1,0.11818595,1.3981867,0.9059203200852353,1.0
FUT4,0.11818595,1.5183799,0.9059203200852353,1.0
PRR12,0.11818595,1.4095471,0.9059203200852353,1.0
SNIP1,0.11818595,1.4794018,0.9059203200852353,1.0
POLA2,0.11818595,1.4583925,0.9059203200852353,1.0
MFSD7,0.11818595,1.3685246,0.9059203200852353,1.0
PCSK5,0.11818595,1.4776006,0.9059203200852353,1.0
FAM216A,0.11818595,1.1502703,0.9059203200852353,1.0
RP11-796G6.2,0.11818595,1.3934762,0.9059203200852353,1.0
NDC1,0.11818595,1.38036,0.9059203200852353,1.0
CRY2,0.11818595,1.4647676,0.9059203200852353,1.0
RINT1,0.11818595,1.4235996,0.9059203200852353,1.0
CTD-2562J15.6,0.11818595,1.3934567,0.9059203200852353,1.0
SBF2,0.11818595,1.4497144,0.9059203200852353,1.0
STAP1,0.11818595,1.3779136,0.9059203200852353,1.0
NME2,0.11818595,1.2357732,0.9059203200852353,1.0
RP11-545I5.3,0.11818595,2.0913286,0.9059203200852353,1.0
IPO4,0.11818595,1.5668592,0.9059203200852353,1.0
CHST7,0.11818595,1.3892921,0.9059203200852353,1.0
IPPK,0.11818595,1.4129084,0.9059203200852353,1.0
EOGT,0.11818595,1.4110533,0.9059203200852353,1.0
RAB30,0.11818595,1.3988006,0.9059203200852353,1.0
TM9SF1,0.11818595,1.4786502,0.9059203200852353,1.0
ARHGEF37,0.11818595,1.4395269,0.9059203200852353,1.0
NDUFB2-AS1,0.11818595,1.5319734,0.9059203200852353,1.0
BARD1,0.11818595,1.4420526,0.9059203200852353,1.0
CLIC4,0.11818595,1.4921834,0.9059203200852353,1.0
ZNF714,0.11818595,1.5252908,0.9059203200852353,1.0
NEK1,0.11818595,1.51707,0.9059203200852353,1.0
AGBL3,0.11818595,1.1906222,0.9059203200852353,1.0
ZNF235,0.11818595,1.4094458,0.9059203200852353,1.0
AC002467.7,0.11818595,1.3600972,0.9059203200852353,1.0
TGIF2,0.11818595,1.3726807,0.9059203200852353,1.0
DAPK2,0.11818595,1.5190749,0.9059203200852353,1.0
AC015849.19,0.11818595,1.1989781,0.9059203200852353,1.0
MPZL1,0.11818595,1.5239428,0.9059203200852353,1.0
MICU3,0.11818595,1.4838506,0.9059203200852353,1.0
ZNF418,0.11818595,1.3390087,0.9059203200852353,1.0
PLEKHM2,0.11818595,1.4321837,0.9059203200852353,1.0
CASZ1,0.11818595,1.3863401,0.9059203200852353,1.0
RP11-434C1.1,0.11818595,1.4347242,0.9059203200852353,1.0
CTD-2267D19.2,0.11818595,1.4739293,0.9059203200852353,1.0
RHOBTB2,0.11818595,1.4336797,0.9059203200852353,1.0
POLI,0.11818595,1.4240478,0.9059203200852353,1.0
RP1-202O8.3,0.11818595,1.4043609,0.9059203200852353,1.0
CLEC12A,0.11818595,1.4467558,0.9059203200852353,1.0
PIGN,0.11818595,1.3929416,0.9059203200852353,1.0
SUMF1,0.11780223,0.37304613,0.9062243609417002,1.0
MUL1,0.11780223,0.43123966,0.9062243609417002,1.0
SLC39A6,0.11780223,0.553806,0.9062243609417002,1.0
HP1BP3,0.11780223,0.15075211,0.9062243609417002,1.0
FAAH,0.11780223,0.451605,0.9062243609417002,1.0
TDP1,0.11780223,0.42606333,0.9062243609417002,1.0
AFG3L2,0.11780223,0.4493149,0.9062243609417002,1.0
RP11-14N7.2,0.11741851,1.0503081,0.9065284155420789,1.0
RP11-119F19.2,0.11741851,1.3158984,0.9065284155420789,1.0
BYSL,0.11741851,0.9568925,0.9065284155420789,1.0
NPTN,0.11741851,1.323506,0.9065284155420789,1.0
L3HYPDH,0.11741851,1.3325648,0.9065284155420789,1.0
CTD-2186M15.3,0.11741851,1.1421399,0.9065284155420789,1.0
AIM2,0.11741851,-0.122725196,0.9065284155420789,1.0
VEGFB,0.11741851,1.0797777,0.9065284155420789,1.0
CCDC41,0.11741851,1.0919536,0.9065284155420789,1.0
BOK,0.11741851,0.9004107,0.9065284155420789,1.0
CTD-2210P24.4,0.11741851,1.0477315,0.9065284155420789,1.0
FAM229A,0.11741851,0.97961885,0.9065284155420789,1.0
IFT80,0.11741851,1.3359826,0.9065284155420789,1.0
BACH1,0.11741851,1.1083099,0.9065284155420789,1.0
B4GALT6,0.11741851,1.3044856,0.9065284155420789,1.0
AP1S3,0.11741851,1.2117348,0.9065284155420789,1.0
FANCI,0.11741851,1.1747211,0.9065284155420789,1.0
PINK1-AS,0.11741851,1.1854323,0.9065284155420789,1.0
IGF1R,0.11741851,0.95225203,0.9065284155420789,1.0
BMP2K,0.11741851,1.298104,0.9065284155420789,1.0
TRAM2,0.11741851,1.2826511,0.9065284155420789,1.0
ZNF510,0.11741851,1.1563354,0.9065284155420789,1.0
CUL7,0.11741851,1.1309795,0.9065284155420789,1.0
PAIP2B,0.11741851,1.3584614,0.9065284155420789,1.0
ADAMTS10,0.11741851,0.9779911,0.9065284155420789,1.0
FCGR2A,0.11741851,1.0345237,0.9065284155420789,1.0
RPPH1,0.11741851,0.738651,0.9065284155420789,1.0
KIFC2,0.11741851,0.85469955,0.9065284155420789,1.0
ZNF501,0.11741851,1.0687333,0.9065284155420789,1.0
RP11-318E3.9,0.11741851,1.3044626,0.9065284155420789,1.0
HEATR2,0.11741851,1.2069888,0.9065284155420789,1.0
ZNF616,0.11741851,1.2143742,0.9065284155420789,1.0
FXYD1,0.11741851,1.3348588,0.9065284155420789,1.0
DDX31,0.11741851,0.8646542,0.9065284155420789,1.0
RP11-539L10.3,0.11741851,1.2303765,0.9065284155420789,1.0
SIRT1,0.11741851,1.1640432,0.9065284155420789,1.0
FAM109A,0.11741851,0.83021253,0.9065284155420789,1.0
RP11-395A13.2,0.11741851,1.1174201,0.9065284155420789,1.0
LRP1,0.11741851,1.2720578,0.9065284155420789,1.0
SGK3,0.11741851,1.3478526,0.9065284155420789,1.0
GINS4,0.11741851,1.372643,0.9065284155420789,1.0
MYOM2,0.11741851,0.6680241,0.9065284155420789,1.0
PLEKHG1,0.11741851,0.8788126,0.9065284155420789,1.0
BTBD8,0.11741851,1.3585162,0.9065284155420789,1.0
E2F6,0.11741851,1.3325144,0.9065284155420789,1.0
B9D1,0.11741851,1.0238615,0.9065284155420789,1.0
BNC2,0.11741851,0.9151567,0.9065284155420789,1.0
QPCT,0.11741851,1.1780117,0.9065284155420789,1.0
ZNF213,0.11741851,0.71321094,0.9065284155420789,1.0
DNLZ,0.11741851,1.2518983,0.9065284155420789,1.0
PLCXD1,0.11741851,1.0290346,0.9065284155420789,1.0
LINC01136,0.11741851,1.3680528,0.9065284155420789,1.0
ERCC2,0.11741851,1.344091,0.9065284155420789,1.0
EID2,0.11741851,0.8277182,0.9065284155420789,1.0
NDST2,0.11741851,1.1662143,0.9065284155420789,1.0
MSS51,0.11741851,1.1592494,0.9065284155420789,1.0
KLF8,0.11741851,0.75696355,0.9065284155420789,1.0
ZNF627,0.11741851,0.9691108,0.9065284155420789,1.0
GPR160,0.11741851,1.1054792,0.9065284155420789,1.0
C16orf52,0.11741851,1.3945246,0.9065284155420789,1.0
MEF2A,0.11703479,0.28105396,0.906832483842221,1.0
ATHL1,0.11703479,0.1810601,0.906832483842221,1.0
ODF2,0.11703479,0.37545824,0.906832483842221,1.0
FBXO22,0.11703479,0.40368846,0.906832483842221,1.0
RANBP3,0.116267346,0.20995997,0.9074406613651652,1.0
HEMK1,0.116267346,0.414497,0.9074406613651652,1.0
KIF21B,0.116267346,0.34083247,0.9074406613651652,1.0
DNAJC14,0.116267346,0.43527314,0.9074406613651652,1.0
EML2,0.116267346,0.5180624,0.9074406613651652,1.0
MAN2C1,0.116267346,0.43802726,0.9074406613651652,1.0
DNASE1L1,0.116267346,0.49196866,0.9074406613651652,1.0
IFRD2,0.115883626,0.3134282,0.9077447704996368,1.0
OGFR,0.115883626,0.16197416,0.9077447704996368,1.0
NUDT16L1,0.115883626,0.057946093,0.9077447704996368,1.0
KRIT1,0.115499906,0.4882525,0.9080488931572109,1.0
COQ2,0.115499906,0.37035176,0.9080488931572109,1.0
IRF5,0.115499906,0.37784368,0.9080488931572109,1.0
MAVS,0.115499906,0.4186238,0.9080488931572109,1.0
GCFC2,0.11511619,0.27710694,0.9083530292937076,1.0
FAM3C,0.11511619,0.3457743,0.9083530292937076,1.0
TMEM38B,0.11511619,0.26594955,0.9083530292937076,1.0
RNF170,0.11473247,0.41643688,0.908657178864941,1.0
TAF1C,0.11473247,0.44358417,0.908657178864941,1.0
PIGG,0.11473247,0.42705706,0.908657178864941,1.0
LINC00998,0.11473247,0.37813827,0.908657178864941,1.0
CDV3,0.11434875,0.12707412,0.9089613418267188,1.0
SLC38A2,0.11434875,0.1929855,0.9089613418267188,1.0
NUP54,0.11434875,0.17453213,0.9089613418267188,1.0
SIDT1,0.11396503,0.28775415,0.9092655181348435,1.0
SCAMP1,0.11396503,0.39597538,0.9092655181348435,1.0
MAP2K5,0.11396503,0.3381495,0.9092655181348435,1.0
C9orf114,0.11396503,0.20089659,0.9092655181348435,1.0
TTI1,0.11396503,0.30696943,0.9092655181348435,1.0
ELMOD2,0.11319759,0.24653342,0.9098739106133121,1.0
ZNF354A,0.11319759,0.3768641,0.9098739106133121,1.0
CCDC84,0.11319759,0.30618957,0.9098739106133121,1.0
HIST1H2BN,0.11319759,0.29769236,0.9098739106133121,1.0
PRPF3,0.11319759,0.3788127,0.9098739106133121,1.0
DCTN5,0.11319759,0.39552793,0.9098739106133121,1.0
ACTR6,0.11281387,0.23525836,0.9101781266952311,1.0
HACL1,0.11243014,0.1043984,0.9104823559466471,1.0
METTL13,0.11243014,0.34157926,0.9104823559466471,1.0
TPRA1,0.11243014,0.23848163,0.9104823559466471,1.0
C17orf70,0.11243014,0.3916003,0.9104823559466471,1.0
UBE2Q2,0.11204642,0.19421929,0.9107865983233326,1.0
VPRBP,0.1116627,0.41260484,0.9110908537810554,1.0
LIG1,0.1116627,0.3342875,0.9110908537810554,1.0
CDKN2AIPNL,0.1116627,0.2343725,0.9110908537810554,1.0
APAF1,0.1116627,0.37868735,0.9110908537810554,1.0
FAM111A,0.11127898,0.32992724,0.9113951222755765,1.0
GGA1,0.11127898,0.07313892,0.9113951222755765,1.0
C8orf76,0.11089526,0.10269004,0.9116994037626519,1.0
PIK3C3,0.11089526,0.26757094,0.9116994037626519,1.0
MRPS14,0.11051154,0.0430503,0.9120036981980316,1.0
NRD1,0.11051154,0.102272205,0.9120036981980316,1.0
HERC4,0.11051154,0.18251869,0.9120036981980316,1.0
EPS15L1,0.11012782,0.17440659,0.9123080055374598,1.0
KDM5A,0.1097441,0.094043486,0.9126123257366753,1.0
ANAPC10,0.1097441,0.24767284,0.9126123257366753,1.0
SMIM20,0.1097441,0.107498504,0.9126123257366753,1.0
CHRAC1,0.1097441,0.34273022,0.9126123257366753,1.0
APBA3,0.10936038,0.25772157,0.9129166587514108,1.0
FAIM,0.108592935,0.20668542,0.9135253630503465,1.0
SLC25A51,0.108592935,0.23716761,0.9135253630503465,1.0
RQCD1,0.107825495,0.051536143,0.9141341180800181,1.0
MTG2,0.107441776,0.25212243,0.9144385145081528,1.0
TOPORS-AS1,0.107441776,0.13667186,0.9144385145081528,1.0
F8A1,0.107058056,0.06831471,0.914742923486088,1.0
DDX3X,0.106674336,0.115997806,0.9150473449695175,1.0
RP11-220I1.1,0.106674336,0.30991888,0.9150473449695175,1.0
RPA3,0.106290616,0.13258119,0.9153517789141297,1.0
TRIM4,0.106290616,0.15948282,0.9153517789141297,1.0
MCM5,0.10513945,0.07678658,0.9162651550718646,1.0
RBX1,0.10513945,0.016638082,0.9162651550718646,1.0
NIPA2,0.10437201,0.18629535,0.9168741340036435,1.0
OGT,0.10360457,0.3051178,0.9174831617162122,1.0
KIAA0907,0.10283713,0.30234143,0.9180922378547529,1.0
CHD6,0.10283713,0.20075725,0.9180922378547529,1.0
BCL10,0.10283713,0.31975508,0.9180922378547529,1.0
SH3YL1,0.10245341,0.10315496,0.9183967939728588,1.0
SLC2A3,0.10206968,0.108182065,0.9187013620643625,1.0
KRBOX4,0.10206968,0.40918192,0.9187013620643625,1.0
MT1F,0.10206968,0.19821061,0.9187013620643625,1.0
PRPS2,0.10206968,-0.028592093,0.9187013620643625,1.0
COA6,0.10206968,0.20767976,0.9187013620643625,1.0
TIMM22,0.10168596,0.19706061,0.9190059420848878,1.0
VTI1A,0.101302244,0.09874768,0.9193105339900534,1.0
XRRA1,0.101302244,0.2271042,0.9193105339900534,1.0
FAM136A,0.101302244,0.19281729,0.9193105339900534,1.0
BEST1,0.100918524,0.12315716,0.9196151377354727,1.0
GIMAP5,0.100534804,-0.046817563,0.9199197532767537,1.0
KRAS,0.100534804,0.04724423,0.9199197532767537,1.0
RP11-139H15.1,0.100534804,0.111911416,0.9199197532767537,1.0
FAM96A,0.100534804,0.12619567,0.9199197532767537,1.0
SNW1,0.099767365,0.059678808,0.9205290195693085,1.0
DPP9,0.099767365,0.39225784,0.9205290195693085,1.0
GAB3,0.099767365,0.34701115,0.9205290195693085,1.0
MBIP,0.099767365,0.35566428,0.9205290195693085,1.0
MRPL48,0.099383645,0.08263799,0.9208336702317726,1.0
NUMB,0.098999925,0.18069243,0.9211383325124798,1.0
MOB3C,0.098999925,0.353331,0.9211383325124798,1.0
AGPAT1,0.098999925,0.3551545,0.9211383325124798,1.0
NIN,0.098999925,0.0072833956,0.9211383325124798,1.0
ALDH5A1,0.09823248,0.60425556,0.9217476917509476,1.0
NPC1,0.09823248,0.78506434,0.9217476917509476,1.0
FUCA2,0.09823248,0.63668686,0.9217476917509476,1.0
SCAMP2,0.09823248,0.16921514,0.9217476917509476,1.0
PI4KA,0.09823248,0.33056456,0.9217476917509476,1.0
ZMAT3,0.09823248,0.5659049,0.9217476917509476,1.0
OGFOD2,0.09823248,0.68860793,0.9217476917509476,1.0
NPEPPS,0.09746504,0.50108844,0.9223570969293103,1.0
BFAR,0.09746504,0.06980078,0.9223570969293103,1.0
EIF3B,0.09746504,0.33438152,0.9223570969293103,1.0
GDI2,0.09746504,0.04841967,0.9223570969293103,1.0
POMT1,0.09746504,0.61738974,0.9223570969293103,1.0
PPP1R11,0.0966976,0.038386907,0.9229665476920855,1.0
CBX7,0.0966976,0.18619947,0.9229665476920855,1.0
DDX28,0.0966976,0.3570167,0.9229665476920855,1.0
PRKAB1,0.0966976,0.56627625,0.9229665476920855,1.0
SMAP2,0.0966976,0.07265075,0.9229665476920855,1.0
MPST,0.0966976,0.088316016,0.9229665476920855,1.0
LINC00863,0.0966976,0.59844774,0.9229665476920855,1.0
TUFM,0.0966976,0.048071746,0.9229665476920855,1.0
PRR3,0.0966976,0.65148604,0.9229665476920855,1.0
CIC,0.09593016,0.49624234,0.9235760436837104,1.0
NCOA3,0.09593016,0.2470298,0.9235760436837104,1.0
P2RX4,0.09593016,0.6041355,0.9235760436837104,1.0
LINC00092,0.09593016,0.57410437,0.9235760436837104,1.0
R3HDM1,0.09593016,0.2602692,0.9235760436837104,1.0
DDX54,0.09593016,0.31278363,0.9235760436837104,1.0
ZFPL1,0.09593016,0.14229892,0.9235760436837104,1.0
MLX,0.09554644,0.21253271,0.9238808085292063,1.0
AC069513.4,0.09516271,22.991516,0.9241855845485424,1.0
MAP6D1,0.09516271,23.725054,0.9241855845485424,1.0
AD000090.2,0.09516271,23.192709,0.9241855845485424,1.0
AL133245.2,0.09516271,23.221504,0.9241855845485424,1.0
AC005253.2,0.09516271,23.290092,0.9241855845485424,1.0
KBTBD11,0.09516271,23.177631,0.9241855845485424,1.0
HOMER3,0.09516271,23.146877,0.9241855845485424,1.0
AC004447.2,0.09516271,23.319412,0.9241855845485424,1.0
ARHGEF40,0.09516271,23.26496,0.9241855845485424,1.0
RAB2B,0.09516271,23.244762,0.9241855845485424,1.0
TMEM30B,0.09516271,23.39068,0.9241855845485424,1.0
LRTOMT,0.09516271,23.270445,0.9241855845485424,1.0
CTA-217C2.1,0.09516271,23.249771,0.9241855845485424,1.0
SERINC2,0.09516271,23.271545,0.9241855845485424,1.0
CDT1,0.09516271,23.431465,0.9241855845485424,1.0
LINC00304,0.09516271,23.137583,0.9241855845485424,1.0
C6orf57,0.09516271,23.069479,0.9241855845485424,1.0
C9orf116,0.09516271,23.189337,0.9241855845485424,1.0
HMGN3-AS1,0.09516271,23.234825,0.9241855845485424,1.0
CLSPN,0.09516271,22.629951,0.9241855845485424,1.0
AARS2,0.09516271,23.268248,0.9241855845485424,1.0
C5orf42,0.09516271,23.047089,0.9241855845485424,1.0
E2F5,0.09516271,23.171005,0.9241855845485424,1.0
LCNL1,0.09516271,23.54452,0.9241855845485424,1.0
ATP1B1,0.09516271,23.175308,0.9241855845485424,1.0
F5,0.09516271,23.072462,0.9241855845485424,1.0
ALS2,0.09516271,23.209743,0.9241855845485424,1.0
RP11-505P4.6,0.09516271,23.260958,0.9241855845485424,1.0
RP11-309G3.3,0.09516271,23.17365,0.9241855845485424,1.0
DNASE1L3,0.09516271,23.142378,0.9241855845485424,1.0
KCTD21-AS1,0.09516271,23.206312,0.9241855845485424,1.0
RP11-474G23.3,0.09516271,23.209743,0.9241855845485424,1.0
ZNF155,0.09516271,23.131857,0.9241855845485424,1.0
GPHN,0.09516271,23.187656,0.9241855845485424,1.0
PM20D1,0.09516271,22.991516,0.9241855845485424,1.0
PVR,0.09516271,23.195076,0.9241855845485424,1.0
PTAFR,0.09516271,23.255527,0.9241855845485424,1.0
DHX34,0.09516271,23.172327,0.9241855845485424,1.0
ZNF541,0.09516271,23.047089,0.9241855845485424,1.0
RP11-245J9.4,0.09516271,23.418808,0.9241855845485424,1.0
TREML1,0.09516271,22.732622,0.9241855845485424,1.0
TREML2,0.09516271,23.173319,0.9241855845485424,1.0
TREM1,0.09516271,23.285606,0.9241855845485424,1.0
VPS9D1-AS1,0.09516271,23.418808,0.9241855845485424,1.0
RP11-793H13.3,0.09516271,23.271545,0.9241855845485424,1.0
RP11-707G14.1,0.09516271,23.177631,0.9241855845485424,1.0
C5AR2,0.09516271,23.127743,0.9241855845485424,1.0
CACNA2D3,0.09516271,23.19001,0.9241855845485424,1.0
DZANK1,0.09516271,23.376535,0.9241855845485424,1.0
RIN2,0.09516271,23.187656,0.9241855845485424,1.0
RP11-802O23.3,0.09516271,22.995665,0.9241855845485424,1.0
GSTA4,0.09516271,23.123959,0.9241855845485424,1.0
DNAH1,0.09516271,23.114254,0.9241855845485424,1.0
ACY1,0.09516271,23.22709,0.9241855845485424,1.0
P2RY13,0.09516271,23.341745,0.9241855845485424,1.0
RP11-46A10.5,0.09516271,23.072462,0.9241855845485424,1.0
NCEH1,0.09516271,23.047089,0.9241855845485424,1.0
KCNMB3,0.09516271,23.23271,0.9241855845485424,1.0
PTGS2,0.09516271,22.84508,0.9241855845485424,1.0
ADCY4,0.09516271,23.062355,0.9241855845485424,1.0
DARS2,0.09516271,23.168697,0.9241855845485424,1.0
TRPM4,0.09516271,23.146877,0.9241855845485424,1.0
RCN3,0.09516271,23.175308,0.9241855845485424,1.0
RP11-160H22.5,0.09516271,22.770885,0.9241855845485424,1.0
RP11-533E19.5,0.09516271,23.166065,0.9241855845485424,1.0
DSC2,0.09516271,23.120504,0.9241855845485424,1.0
ADTRP,0.09516271,23.146877,0.9241855845485424,1.0
RP11-274B18.2,0.09516271,23.344128,0.9241855845485424,1.0
CPAMD8,0.09516271,23.289343,0.9241855845485424,1.0
RP11-643M14.1,0.09516271,22.967505,0.9241855845485424,1.0
ATP11C,0.09516271,23.26496,0.9241855845485424,1.0
TP53INP2,0.09516271,23.329529,0.9241855845485424,1.0
AC009120.6,0.09516271,23.206312,0.9241855845485424,1.0
MARCKS,0.09516271,23.184637,0.9241855845485424,1.0
TRMT10A,0.09516271,23.199827,0.9241855845485424,1.0
CDC20,0.09516271,22.770885,0.9241855845485424,1.0
AP003774.6,0.09516271,23.248695,0.9241855845485424,1.0
RP5-1125A11.1,0.09516271,23.220114,0.9241855845485424,1.0
CENPW,0.09516271,22.629951,0.9241855845485424,1.0
PPIL6,0.09516271,23.307877,0.9241855845485424,1.0
FPR2,0.09516271,23.192709,0.9241855845485424,1.0
AKR1CL1,0.09516271,23.171005,0.9241855845485424,1.0
KIAA1683,0.09516271,23.17365,0.9241855845485424,1.0
RP4-813F11.4,0.09516271,22.84508,0.9241855845485424,1.0
SLC2A1-AS1,0.09516271,23.198467,0.9241855845485424,1.0
ZNF358,0.09516271,22.967505,0.9241855845485424,1.0
ALS2CR12,0.09516271,23.31478,0.9241855845485424,1.0
RP11-359K18.3,0.09516271,23.14978,0.9241855845485424,1.0
DAG1,0.09516271,23.200167,0.9241855845485424,1.0
TRAIP,0.09516271,22.770885,0.9241855845485424,1.0
RP11-600F24.7,0.09516271,23.197788,0.9241855845485424,1.0
RP11-1007O24.3,0.09516271,23.324846,0.9241855845485424,1.0
LONRF3,0.09516271,23.198467,0.9241855845485424,1.0
DCUN1D2,0.09516271,23.268248,0.9241855845485424,1.0
TVP23C,0.09516271,23.379429,0.9241855845485424,1.0
FSCN3,0.09516271,23.168697,0.9241855845485424,1.0
KB-1732A1.1,0.09516271,23.133444,0.9241855845485424,1.0
TIGD6,0.09516271,22.629951,0.9241855845485424,1.0
RP11-713M15.2,0.09516271,23.379429,0.9241855845485424,1.0
SPDYA,0.09516271,23.106186,0.9241855845485424,1.0
CDC42BPB,0.09516271,23.178963,0.9241855845485424,1.0
TNFAIP2,0.09516271,22.629951,0.9241855845485424,1.0
RP11-804H8.6,0.09516271,23.106806,0.9241855845485424,1.0
TXNDC5,0.09516271,23.137583,0.9241855845485424,1.0
C1orf112,0.09516271,23.72282,0.9241855845485424,1.0
NUDT6,0.09516271,22.770885,0.9241855845485424,1.0
PLK4,0.09516271,23.17365,0.9241855845485424,1.0
PELI3,0.09516271,23.340158,0.9241855845485424,1.0
RP3-508I15.22,0.09516271,23.271545,0.9241855845485424,1.0
AP003068.23,0.09516271,22.732622,0.9241855845485424,1.0
PAICS,0.09516271,22.84508,0.9241855845485424,1.0
CTC-366B18.2,0.09516271,22.990688,0.9241855845485424,1.0
REM2,0.09516271,23.146877,0.9241855845485424,1.0
DUSP19,0.09516271,23.123959,0.9241855845485424,1.0
ZNF205-AS1,0.09516271,23.25661,0.9241855845485424,1.0
DEPTOR,0.09516271,23.19001,0.9241855845485424,1.0
MTBP,0.09516271,23.21942,0.9241855845485424,1.0
IKZF4,0.09516271,23.189337,0.9241855845485424,1.0
FMN1,0.09516271,23.353727,0.9241855845485424,1.0
SSBP2,0.09516271,0.50063497,0.9241855845485424,1.0
CTD-3074O7.12,0.09516271,23.365057,0.9241855845485424,1.0
DLGAP3,0.09516271,23.23306,0.9241855845485424,1.0
XXbac-BPGBPG55C20.2,0.09516271,23.203918,0.9241855845485424,1.0
IER5L,0.09516271,23.255527,0.9241855845485424,1.0
ITGAV,0.09516271,23.189337,0.9241855845485424,1.0
CALCRL,0.09516271,23.254086,0.9241855845485424,1.0
EMR1,0.09516271,23.142378,0.9241855845485424,1.0
EPHA1-AS1,0.09516271,23.106806,0.9241855845485424,1.0
ZNF398,0.09516271,23.304064,0.9241855845485424,1.0
RP11-469M7.1,0.09516271,23.259506,0.9241855845485424,1.0
CTB-113I20.2,0.09516271,23.118626,0.9241855845485424,1.0
RP11-1191J2.5,0.09516271,23.238361,0.9241855845485424,1.0
RBM12B-AS1,0.09516271,23.17597,0.9241855845485424,1.0
RP11-787I22.3,0.09516271,23.14978,0.9241855845485424,1.0
ZBTB32,0.09516271,23.421846,0.9241855845485424,1.0
TRIB1,0.09516271,23.284863,0.9241855845485424,1.0
DMD,0.09516271,23.120504,0.9241855845485424,1.0
F12,0.09516271,23.086906,0.9241855845485424,1.0
ZRANB3,0.09516271,23.303682,0.9241855845485424,1.0
PTOV1-AS1,0.09516271,23.290092,0.9241855845485424,1.0
MANEA-AS1,0.09516271,23.114254,0.9241855845485424,1.0
GCSH,0.09516271,23.127743,0.9241855845485424,1.0
SOBP,0.09516271,23.310555,0.9241855845485424,1.0
RAD54B,0.09516271,23.21181,0.9241855845485424,1.0
ZSWIM6,0.09516271,23.310555,0.9241855845485424,1.0
DDX11-AS1,0.09516271,23.418808,0.9241855845485424,1.0
RP11-730K11.1,0.09516271,23.187656,0.9241855845485424,1.0
AP000783.1,0.09516271,23.268248,0.9241855845485424,1.0
RP11-434H6.6,0.09516271,23.284117,0.9241855845485424,1.0
DSEL,0.09516271,23.195076,0.9241855845485424,1.0
ZNF532,0.09516271,22.732622,0.9241855845485424,1.0
CDON,0.09516271,23.22604,0.9241855845485424,1.0
EPB41L3,0.09516271,23.090246,0.9241855845485424,1.0
RP11-589P10.5,0.09516271,23.054693,0.9241855845485424,1.0
STS,0.09516271,23.303303,0.9241855845485424,1.0
DKFZP761J1410,0.09516271,23.46785,0.9241855845485424,1.0
ANGPTL6,0.09516271,23.166395,0.9241855845485424,1.0
ZFP3,0.09516271,23.39068,0.9241855845485424,1.0
CHTF18,0.09516271,22.629951,0.9241855845485424,1.0
AC009961.3,0.09516271,23.178963,0.9241855845485424,1.0
SLC38A11,0.09516271,23.421846,0.9241855845485424,1.0
CXorf23,0.09516271,23.238361,0.9241855845485424,1.0
BCO2,0.09516271,23.329529,0.9241855845485424,1.0
PHLDB2,0.09516271,23.342539,0.9241855845485424,1.0
SRRM5,0.09516271,23.118626,0.9241855845485424,1.0
ZNF283,0.09516271,22.995665,0.9241855845485424,1.0
BSPRY,0.09516271,23.148489,0.9241855845485424,1.0
POLE2,0.09516271,22.629951,0.9241855845485424,1.0
WDHD1,0.09516271,23.246906,0.9241855845485424,1.0
ATG14,0.09516271,23.353727,0.9241855845485424,1.0
PAXIP1-AS2,0.09516271,23.137583,0.9241855845485424,1.0
PAXIP1,0.09516271,22.991516,0.9241855845485424,1.0
DEPDC1B,0.09516271,23.254086,0.9241855845485424,1.0
JARID2-AS1,0.09516271,23.069479,0.9241855845485424,1.0
CTC-297N7.8,0.09516271,23.220114,0.9241855845485424,1.0
AC012358.8,0.09516271,23.307877,0.9241855845485424,1.0
UBE2W,0.09516271,23.258781,0.9241855845485424,1.0
IL7,0.09516271,23.100332,0.9241855845485424,1.0
CTD-2547L16.1,0.09516271,23.175308,0.9241855845485424,1.0
SHF,0.09516271,23.19001,0.9241855845485424,1.0
RP11-158I9.5,0.09516271,23.166065,0.9241855845485424,1.0
MAP3K1,0.09516271,0.3886804,0.9241855845485424,1.0
SIRPA,0.09516271,23.044762,0.9241855845485424,1.0
TMEM44-AS1,0.09516271,23.236238,0.9241855845485424,1.0
NUGGC,0.09516271,23.146233,0.9241855845485424,1.0
CTIF,0.09516271,22.962122,0.9241855845485424,1.0
KLHL17,0.09516271,23.208714,0.9241855845485424,1.0
HES4,0.09516271,23.199827,0.9241855845485424,1.0
RHOQ,0.09516271,23.200506,0.9241855845485424,1.0
CTB-32O4.2,0.09516271,23.135033,0.9241855845485424,1.0
ZNF165,0.09516271,23.23271,0.9241855845485424,1.0
BCL2L14,0.09516271,23.135033,0.9241855845485424,1.0
C9orf91,0.09516271,23.209743,0.9241855845485424,1.0
LRRC3,0.09516271,23.090246,0.9241855845485424,1.0
NEURL4,0.09516271,23.184637,0.9241855845485424,1.0
PHLPP1,0.09516271,23.17365,0.9241855845485424,1.0
SERINC4,0.09516271,23.123959,0.9241855845485424,1.0
RP1-265C24.8,0.09516271,23.260595,0.9241855845485424,1.0
ZKSCAN4,0.09516271,23.21181,0.9241855845485424,1.0
CDK18,0.09516271,23.121445,0.9241855845485424,1.0
RP1-28O10.1,0.09516271,23.135033,0.9241855845485424,1.0
NEK2,0.09516271,23.353727,0.9241855845485424,1.0
TMEM52,0.09516271,23.074556,0.9241855845485424,1.0
FAM206A,0.09516271,23.142378,0.9241855845485424,1.0
CD3EAP,0.09516271,23.090246,0.9241855845485424,1.0
GRAMD1B,0.09516271,22.995665,0.9241855845485424,1.0
FGD4,0.09516271,23.257334,0.9241855845485424,1.0
NRGN,0.09516271,23.192709,0.9241855845485424,1.0
RP4-816N1.6,0.09516271,23.258781,0.9241855845485424,1.0
KIF1B,0.09516271,23.106186,0.9241855845485424,1.0
RP5-940J5.6,0.09516271,23.268248,0.9241855845485424,1.0
KCNAB3,0.09516271,22.770885,0.9241855845485424,1.0
RAB12,0.09516271,23.289343,0.9241855845485424,1.0
ESPN,0.09516271,23.203918,0.9241855845485424,1.0
RP11-271K21.11,0.09516271,23.192709,0.9241855845485424,1.0
AL627309.1,0.09516271,23.262411,0.9241855845485424,1.0
AC145212.1,0.09516271,23.100332,0.9241855845485424,1.0
KDM6B,0.09516271,0.50884265,0.9241855845485424,1.0
ZSCAN31,0.09516271,23.120504,0.9241855845485424,1.0
ZSCAN12,0.09516271,23.054693,0.9241855845485424,1.0
HCG14,0.09516271,23.304064,0.9241855845485424,1.0
DUSP4,0.09516271,23.195076,0.9241855845485424,1.0
TTC34,0.09516271,23.133444,0.9241855845485424,1.0
GLTSCR1,0.09516271,23.047089,0.9241855845485424,1.0
TRBV11-2,0.09516271,22.770885,0.9241855845485424,1.0
ABCA3,0.09516271,23.26496,0.9241855845485424,1.0
SMARCD3,0.09516271,23.106186,0.9241855845485424,1.0
FKBP7,0.09516271,23.21181,0.9241855845485424,1.0
RP11-216B9.6,0.09516271,23.192709,0.9241855845485424,1.0
PKN3,0.09516271,23.221504,0.9241855845485424,1.0
RP11-318C24.2,0.09516271,23.14978,0.9241855845485424,1.0
C17orf103,0.09516271,23.208714,0.9241855845485424,1.0
ATRN,0.09516271,23.200167,0.9241855845485424,1.0
SPTLC3,0.09516271,23.289343,0.9241855845485424,1.0
ZNF717,0.09516271,23.37695,0.9241855845485424,1.0
RP11-159G9.5,0.09516271,23.198467,0.9241855845485424,1.0
ZNF519,0.09516271,23.074556,0.9241855845485424,1.0
CYP4F35P,0.09516271,23.217684,0.9241855845485424,1.0
SYNM,0.09516271,23.146877,0.9241855845485424,1.0
RP11-309M23.1,0.09516271,23.197788,0.9241855845485424,1.0
RAB11FIP3,0.09516271,23.220114,0.9241855845485424,1.0
SSFA2,0.09516271,23.356546,0.9241855845485424,1.0
RBBP8,0.09516271,23.069479,0.9241855845485424,1.0
RP1-257A7.5,0.09516271,23.22709,0.9241855845485424,1.0
GATM,0.09516271,23.236238,0.9241855845485424,1.0
SLC36A1,0.09516271,23.054693,0.9241855845485424,1.0
PTPDC1,0.09516271,23.146877,0.9241855845485424,1.0
ZNF486,0.09516271,23.090246,0.9241855845485424,1.0
ZNF738,0.09516271,22.770885,0.9241855845485424,1.0
RP11-793H13.11,0.09516271,23.135033,0.9241855845485424,1.0
RP11-793H13.10,0.09516271,23.200506,0.9241855845485424,1.0
CCDC125,0.09516271,23.249771,0.9241855845485424,1.0
NUP188,0.09516271,23.193722,0.9241855845485424,1.0
MAPK11,0.09516271,23.168697,0.9241855845485424,1.0
SETBP1,0.09516271,23.22604,0.9241855845485424,1.0
LINC00886,0.09516271,23.072462,0.9241855845485424,1.0
CTA-384D8.36,0.09516271,23.17597,0.9241855845485424,1.0
PDE2A,0.09516271,23.127743,0.9241855845485424,1.0
PSMD6-AS2,0.09516271,23.054987,0.9241855845485424,1.0
RGL1,0.09516271,23.118626,0.9241855845485424,1.0
LARP4,0.09516271,23.17365,0.9241855845485424,1.0
MSH5,0.09516271,22.967505,0.9241855845485424,1.0
MOV10L1,0.09516271,23.30673,0.9241855845485424,1.0
CPNE5,0.09516271,23.193722,0.9241855845485424,1.0
SLC4A4,0.09516271,22.84508,0.9241855845485424,1.0
TROAP,0.09516271,22.770885,0.9241855845485424,1.0
ATP6V0E2-AS1,0.09516271,23.072462,0.9241855845485424,1.0
TMEM27,0.09516271,23.25661,0.9241855845485424,1.0
ZBTB26,0.09516271,23.062355,0.9241855845485424,1.0
IRF2BP1,0.09516271,23.2871,0.9241855845485424,1.0
CTB-12A17.3,0.09516271,23.107733,0.9241855845485424,1.0
KIAA0391-1,0.09516271,23.248695,0.9241855845485424,1.0
CTD-2325M2.1,0.09516271,23.271545,0.9241855845485424,1.0
TMEM176A,0.09516271,23.047089,0.9241855845485424,1.0
NOS3,0.09516271,23.704887,0.9241855845485424,1.0
WFIKKN1,0.09516271,23.143661,0.9241855845485424,1.0
SPATA21,0.09516271,23.14978,0.9241855845485424,1.0
RP4-798A10.4,0.09516271,23.234825,0.9241855845485424,1.0
TCP10L,0.09516271,23.175308,0.9241855845485424,1.0
AF131217.1,0.09516271,23.284117,0.9241855845485424,1.0
TMEM220,0.09516271,23.365057,0.9241855845485424,1.0
KIF13A,0.09516271,23.123959,0.9241855845485424,1.0
LINC00996,0.09516271,23.426205,0.9241855845485424,1.0
RP13-638C3.4,0.09516271,23.212152,0.9241855845485424,1.0
RP11-203J24.8,0.09516271,23.26132,0.9241855845485424,1.0
SRXN1,0.09516271,23.262411,0.9241855845485424,1.0
ANKEF1,0.09516271,23.273752,0.9241855845485424,1.0
TRPV3,0.09516271,23.172327,0.9241855845485424,1.0
RP11-513I15.6,0.09516271,23.26132,0.9241855845485424,1.0
STK35,0.09516271,23.46785,0.9241855845485424,1.0
KRT2,0.09516271,23.19001,0.9241855845485424,1.0
DYNC2H1,0.09516271,23.23306,0.9241855845485424,1.0
ARL6,0.09516271,23.14978,0.9241855845485424,1.0
ZNF232,0.09516271,23.146877,0.9241855845485424,1.0
RP11-190C22.8,0.09516271,23.258781,0.9241855845485424,1.0
CELA1,0.09516271,23.303303,0.9241855845485424,1.0
POU2AF1,0.09516271,23.234825,0.9241855845485424,1.0
IL18,0.09516271,23.168697,0.9241855845485424,1.0
RAPGEF3,0.09516271,23.142378,0.9241855845485424,1.0
E2F2,0.09516271,22.967505,0.9241855845485424,1.0
AP000476.1,0.09516271,23.107733,0.9241855845485424,1.0
UPK2,0.09516271,23.367914,0.9241855845485424,1.0
CD200,0.09516271,22.732622,0.9241855845485424,1.0
CCDC138,0.09516271,22.991516,0.9241855845485424,1.0
ZXDA,0.09516271,23.199827,0.9241855845485424,1.0
STARD8,0.09516271,23.192034,0.9241855845485424,1.0
STON2,0.09516271,23.324846,0.9241855845485424,1.0
LINC01146,0.09516271,23.197788,0.9241855845485424,1.0
FOCAD,0.09516271,22.732622,0.9241855845485424,1.0
WDR66,0.09516271,23.213879,0.9241855845485424,1.0
RP11-326C3.11,0.09516271,23.106806,0.9241855845485424,1.0
PINLYP,0.09516271,23.271545,0.9241855845485424,1.0
SORBS1,0.09516271,23.059107,0.9241855845485424,1.0
FRY,0.09516271,23.142378,0.9241855845485424,1.0
ARHGAP19,0.09516271,23.054987,0.9241855845485424,1.0
EFNA3,0.09516271,23.106497,0.9241855845485424,1.0
MYCBPAP,0.09516271,23.259506,0.9241855845485424,1.0
CTD-2256P15.2,0.09516271,23.338575,0.9241855845485424,1.0
RP11-422P24.11,0.09516271,23.213879,0.9241855845485424,1.0
SLC9B1,0.09516271,23.497759,0.9241855845485424,1.0
ADAT3,0.09516271,23.12176,0.9241855845485424,1.0
SIRT4,0.09516271,23.184637,0.9241855845485424,1.0
RP11-195F19.5,0.09516271,23.121445,0.9241855845485424,1.0
DNAJB5,0.09516271,23.197788,0.9241855845485424,1.0
ZNF441,0.09516271,23.431906,0.9241855845485424,1.0
SPOPL,0.09516271,23.090246,0.9241855845485424,1.0
IQSEC2,0.09516271,23.21181,0.9241855845485424,1.0
USP51,0.09516271,23.054987,0.9241855845485424,1.0
LINC00511,0.09516271,23.259506,0.9241855845485424,1.0
CEP55,0.09516271,23.27118,0.9241855845485424,1.0
AC008443.1,0.09516271,22.991516,0.9241855845485424,1.0
LRRC34,0.09516271,23.195076,0.9241855845485424,1.0
RP11-157J24.2,0.09516271,23.329529,0.9241855845485424,1.0
FBXL19,0.09516271,23.31478,0.9241855845485424,1.0
RP11-452L6.5,0.09516271,23.248695,0.9241855845485424,1.0
DTHD1,0.09516271,0.58299005,0.9241855845485424,1.0
NREP,0.09516271,23.17597,0.9241855845485424,1.0
ZNF135,0.09516271,23.284863,0.9241855845485424,1.0
MTURN,0.09516271,22.629951,0.9241855845485424,1.0
PPP1R17,0.09516271,23.197788,0.9241855845485424,1.0
PRSS36,0.09516271,22.84508,0.9241855845485424,1.0
RP11-532F6.3,0.09516271,23.333845,0.9241855845485424,1.0
TMEM63C,0.09516271,23.200506,0.9241855845485424,1.0
POMT2,0.09516271,23.200167,0.9241855845485424,1.0
DND1,0.09516271,23.341745,0.9241855845485424,1.0
C19orf54,0.09516271,22.990688,0.9241855845485424,1.0
SPAG5,0.09516271,23.319412,0.9241855845485424,1.0
RP11-815J21.2,0.09516271,23.199827,0.9241855845485424,1.0
USP27X,0.09516271,23.044762,0.9241855845485424,1.0
GP6,0.09516271,23.254086,0.9241855845485424,1.0
PLA2G1B,0.09516271,23.170015,0.9241855845485424,1.0
RP5-1159O4.1,0.09516271,23.069479,0.9241855845485424,1.0
ZSWIM4,0.09516271,23.342539,0.9241855845485424,1.0
IL1RN,0.09516271,23.208714,0.9241855845485424,1.0
GS1-393G12.13,0.09516271,22.629951,0.9241855845485424,1.0
ATG2B,0.09516271,23.21942,0.9241855845485424,1.0
TTC8,0.09516271,24.771322,0.9241855845485424,1.0
AC004381.6,0.09516271,23.19001,0.9241855845485424,1.0
DCUN1D3,0.09516271,23.177631,0.9241855845485424,1.0
NPIPB3,0.09516271,23.200167,0.9241855845485424,1.0
HOXA10,0.09516271,23.131857,0.9241855845485424,1.0
RP13-317D12.3,0.09516271,23.133444,0.9241855845485424,1.0
AC005082.12,0.09516271,23.199827,0.9241855845485424,1.0
RP11-415F23.4,0.09516271,23.107733,0.9241855845485424,1.0
EPDR1,0.09516271,22.770885,0.9241855845485424,1.0
TUSC1,0.09516271,23.120504,0.9241855845485424,1.0
IFT74,0.09516271,23.273752,0.9241855845485424,1.0
ZNF569,0.09516271,23.062355,0.9241855845485424,1.0
CTD-3064H18.1,0.09516271,23.431906,0.9241855845485424,1.0
ZNF490,0.09516271,23.184637,0.9241855845485424,1.0
HOXA9,0.09516271,23.054987,0.9241855845485424,1.0
GPT2,0.09516271,23.260595,0.9241855845485424,1.0
RP11-293A21.1,0.09516271,23.184637,0.9241855845485424,1.0
AC004463.6,0.09516271,23.431906,0.9241855845485424,1.0
DUSP8,0.09516271,23.0863,0.9241855845485424,1.0
CDKN1C,0.09516271,23.208714,0.9241855845485424,1.0
RP11-407G23.3,0.09516271,23.18163,0.9241855845485424,1.0
TTTY14,0.09516271,23.624832,0.9241855845485424,1.0
CECR5-AS1,0.09516271,22.84508,0.9241855845485424,1.0
SORT1,0.09516271,23.243336,0.9241855845485424,1.0
CTD-2192J16.22,0.09516271,23.260958,0.9241855845485424,1.0
RP11-875O11.1,0.09516271,23.344128,0.9241855845485424,1.0
RP11-312B8.1,0.09516271,23.298374,0.9241855845485424,1.0
PRDM15,0.09516271,23.395306,0.9241855845485424,1.0
ENO1-AS1,0.09516271,23.289343,0.9241855845485424,1.0
RTTN,0.09516271,23.260958,0.9241855845485424,1.0
DLG4,0.09516271,22.962122,0.9241855845485424,1.0
A2M,0.09516271,23.086906,0.9241855845485424,1.0
RP11-58B17.2,0.09516271,23.1833,0.9241855845485424,1.0
C19orf47,0.09516271,23.37695,0.9241855845485424,1.0
LNX2,0.09516271,23.107733,0.9241855845485424,1.0
SACS,0.09516271,23.290092,0.9241855845485424,1.0
PABPC3,0.09516271,23.077555,0.9241855845485424,1.0
GSTO2,0.09516271,23.209743,0.9241855845485424,1.0
ZNF512B,0.09516271,23.187656,0.9241855845485424,1.0
MIER2,0.09516271,23.21112,0.9241855845485424,1.0
KDM8,0.09516271,23.379429,0.9241855845485424,1.0
SEMA5A,0.09516271,23.133444,0.9241855845485424,1.0
GRAMD3,0.09516271,23.303682,0.9241855845485424,1.0
ZNF771,0.09516271,23.307877,0.9241855845485424,1.0
DRAXIN,0.09516271,23.630718,0.9241855845485424,1.0
BACE2,0.09516271,23.725054,0.9241855845485424,1.0
ATN1,0.09516271,23.111765,0.9241855845485424,1.0
ERP27,0.09516271,23.353727,0.9241855845485424,1.0
KIAA1467,0.09516271,23.365873,0.9241855845485424,1.0
RP11-359B12.2,0.09516271,23.208714,0.9241855845485424,1.0
AGRN,0.09516271,23.137583,0.9241855845485424,1.0
RP11-457M11.5,0.09516271,23.114254,0.9241855845485424,1.0
CTA-14H9.5,0.09516271,23.121445,0.9241855845485424,1.0
RP11-90P5.2,0.09516271,23.431906,0.9241855845485424,1.0
RP11-1348G14.5,0.09516271,23.206656,0.9241855845485424,1.0
KIAA1958,0.09516271,23.178629,0.9241855845485424,1.0
KLHDC1,0.09516271,22.990688,0.9241855845485424,1.0
PBK,0.09516271,22.770885,0.9241855845485424,1.0
PKD2L1,0.09516271,23.27818,0.9241855845485424,1.0
CCNE1,0.09516271,23.047089,0.9241855845485424,1.0
AGPAT5,0.09516271,23.260958,0.9241855845485424,1.0
XKR6,0.09516271,23.230598,0.9241855845485424,1.0
PPP2CB,0.09516271,23.30673,0.9241855845485424,1.0
RP11-80H8.4,0.09516271,23.178629,0.9241855845485424,1.0
SYCE1,0.09516271,22.629951,0.9241855845485424,1.0
ZNF768,0.09516271,23.213879,0.9241855845485424,1.0
LINC00174,0.09516271,23.285234,0.9241855845485424,1.0
ZNF304,0.09516271,23.074556,0.9241855845485424,1.0
ZNF772,0.09516271,23.217684,0.9241855845485424,1.0
TRIM33,0.09516271,0.6538735,0.9241855845485424,1.0
AFAP1L2,0.09516271,23.230598,0.9241855845485424,1.0
KIAA1598,0.09516271,23.508295,0.9241855845485424,1.0
AC005076.5,0.09516271,23.146877,0.9241855845485424,1.0
CHML,0.09516271,23.184637,0.9241855845485424,1.0
GVQW1,0.09516271,22.770885,0.9241855845485424,1.0
ACSBG1,0.09516271,23.197788,0.9241855845485424,1.0
ZMYM3,0.09516271,23.086906,0.9241855845485424,1.0
CACNA1A,0.09516271,23.026323,0.9241855845485424,1.0
PER2,0.09516271,23.049423,0.9241855845485424,1.0
RP11-85A1.3,0.09516271,23.047089,0.9241855845485424,1.0
MKI67,0.09516271,22.770885,0.9241855845485424,1.0
PAX5,0.09516271,23.324846,0.9241855845485424,1.0
CTTNBP2NL,0.09516271,22.991516,0.9241855845485424,1.0
CTD-2012J19.3,0.09516271,22.991516,0.9241855845485424,1.0
DCLRE1A,0.09516271,23.111765,0.9241855845485424,1.0
RPEL1,0.09516271,23.100332,0.9241855845485424,1.0
SUN3,0.09516271,23.166065,0.9241855845485424,1.0
AC131097.3,0.09516271,23.21181,0.9241855845485424,1.0
THAP9,0.09516271,23.22709,0.9241855845485424,1.0
SFTPD,0.09516271,23.133444,0.9241855845485424,1.0
MTMR11,0.09516271,23.118626,0.9241855845485424,1.0
ZFP28,0.09516271,22.962122,0.9241855845485424,1.0
TMEM40,0.09516271,23.283373,0.9241855845485424,1.0
ADAM22,0.09516271,23.178629,0.9241855845485424,1.0
CLDN12,0.09516271,23.044762,0.9241855845485424,1.0
TRAF3IP1,0.09516271,23.315935,0.9241855845485424,1.0
PDCD11,0.09516271,0.5678479,0.9241855845485424,1.0
LATS2,0.09516271,23.27818,0.9241855845485424,1.0
LATS2-AS1,0.09516271,23.173319,0.9241855845485424,1.0
CTD-2368P22.1,0.09516271,23.146877,0.9241855845485424,1.0
RP11-298J20.3,0.09516271,23.367914,0.9241855845485424,1.0
GPAM,0.09516271,23.431906,0.9241855845485424,1.0
RP11-426C22.5,0.09516271,23.21181,0.9241855845485424,1.0
TGM2,0.09516271,23.192709,0.9241855845485424,1.0
CTD-2033A16.3,0.09516271,23.187656,0.9241855845485424,1.0
MYCBP2-AS1,0.09516271,23.054987,0.9241855845485424,1.0
FITM2,0.09516271,23.23306,0.9241855845485424,1.0
TBXA2R,0.09516271,23.175308,0.9241855845485424,1.0
TJP3,0.09516271,23.238361,0.9241855845485424,1.0
ZCCHC6,0.09516271,0.4418807,0.9241855845485424,1.0
ARRDC4,0.09516271,23.234825,0.9241855845485424,1.0
ZNF354C,0.09516271,23.284863,0.9241855845485424,1.0
CENPU,0.09516271,23.1561,0.9241855845485424,1.0
C4orf47,0.09516271,23.324455,0.9241855845485424,1.0
MBTD1,0.09516271,23.31478,0.9241855845485424,1.0
WDFY4,0.09516271,22.732622,0.9241855845485424,1.0
KLHDC8B,0.09516271,23.284117,0.9241855845485424,1.0
ANKLE1,0.09516271,23.213879,0.9241855845485424,1.0
OCRL,0.09516271,23.329529,0.9241855845485424,1.0
ANKDD1A,0.09516271,22.629951,0.9241855845485424,1.0
PARP16,0.09516271,0.56796336,0.9241855845485424,1.0
ZNF81,0.09516271,23.118626,0.9241855845485424,1.0
MTFR2,0.09516271,22.770885,0.9241855845485424,1.0
PKIG,0.09516271,22.732622,0.9241855845485424,1.0
PABPC1L,0.09516271,23.14978,0.9241855845485424,1.0
ZDHHC14,0.09516271,23.118626,0.9241855845485424,1.0
DERL3,0.09516271,23.106186,0.9241855845485424,1.0
RP11-750H9.5,0.09516271,23.049423,0.9241855845485424,1.0
AGBL2,0.09516271,23.206656,0.9241855845485424,1.0
RP11-106M3.3,0.09516271,23.22604,0.9241855845485424,1.0
MFSD2B,0.09516271,22.629951,0.9241855845485424,1.0
CTH,0.09516271,23.069479,0.9241855845485424,1.0
RP11-20B24.5,0.09516271,23.19677,0.9241855845485424,1.0
UBTD2,0.09516271,23.142378,0.9241855845485424,1.0
CYB5RL,0.09516271,23.431906,0.9241855845485424,1.0
ACOT11,0.09516271,23.612368,0.9241855845485424,1.0
TCN2,0.09516271,23.2871,0.9241855845485424,1.0
RP11-511I2.2,0.09516271,23.100332,0.9241855845485424,1.0
RP11-142C4.6,0.09516271,23.146877,0.9241855845485424,1.0
ORC1,0.09516271,23.193722,0.9241855845485424,1.0
FGD6,0.09516271,23.137583,0.9241855845485424,1.0
CTD-2630F21.1,0.09516271,23.118626,0.9241855845485424,1.0
TMEM19,0.09516271,0.24377781,0.9241855845485424,1.0
FLJ45079,0.09516271,23.290092,0.9241855845485424,1.0
BIRC5,0.09516271,23.679234,0.9241855845485424,1.0
USP46-AS1,0.09516271,23.197788,0.9241855845485424,1.0
GCAT,0.09516271,23.213879,0.9241855845485424,1.0
COL9A2,0.09516271,23.090246,0.9241855845485424,1.0
TESK2,0.09516271,23.297995,0.9241855845485424,1.0
TMTC2,0.09516271,23.268248,0.9241855845485424,1.0
KIF23,0.09516271,23.219072,0.9241855845485424,1.0
PRR22,0.09516271,23.257334,0.9241855845485424,1.0
BAMBI,0.09516271,23.19001,0.9241855845485424,1.0
LYPD3,0.09516271,23.209743,0.9241855845485424,1.0
CLEC4E,0.09516271,23.199827,0.9241855845485424,1.0
DISP1,0.09516271,23.101255,0.9241855845485424,1.0
CNIH3,0.09516271,23.1833,0.9241855845485424,1.0
ITPKB-AS1,0.09516271,23.1833,0.9241855845485424,1.0
RP11-197P3.4,0.09516271,23.2871,0.9241855845485424,1.0
MAP3K9,0.09516271,23.168697,0.9241855845485424,1.0
RP11-212P7.2,0.09516271,23.29951,0.9241855845485424,1.0
ZNF578,0.09516271,23.172327,0.9241855845485424,1.0
FCRLA,0.09516271,23.219072,0.9241855845485424,1.0
LRRN3,0.09516271,23.298374,0.9241855845485424,1.0
RFX2,0.09516271,22.770885,0.9241855845485424,1.0
AC007383.3,0.09516271,23.137583,0.9241855845485424,1.0
NHSL1,0.09516271,23.284863,0.9241855845485424,1.0
RP11-390P2.4,0.09516271,23.255527,0.9241855845485424,1.0
GPR126,0.09516271,22.991516,0.9241855845485424,1.0
RP11-439L18.2,0.09516271,23.379429,0.9241855845485424,1.0
C1QTNF6,0.09516271,23.123959,0.9241855845485424,1.0
NT5M,0.09516271,23.18163,0.9241855845485424,1.0
BSCL2,0.09516271,22.995665,0.9241855845485424,1.0
RP11-617D20.1,0.09516271,23.172327,0.9241855845485424,1.0
TMPO-AS1,0.09516271,23.238361,0.9241855845485424,1.0
RAI1,0.09516271,23.192034,0.9241855845485424,1.0
RP11-428J1.5,0.09516271,23.069479,0.9241855845485424,1.0
SMIM10,0.09516271,23.208714,0.9241855845485424,1.0
SOWAHD,0.09516271,23.23306,0.9241855845485424,1.0
ARMCX4,0.09516271,23.324455,0.9241855845485424,1.0
ZNF624,0.09516271,23.100332,0.9241855845485424,1.0
RP11-1391J7.1,0.09516271,23.069479,0.9241855845485424,1.0
MCOLN3,0.09516271,23.187656,0.9241855845485424,1.0
SERPINE2,0.09516271,23.344128,0.9241855845485424,1.0
GOLIM4,0.09516271,23.137583,0.9241855845485424,1.0
WNT10A,0.09516271,23.187656,0.9241855845485424,1.0
AC008440.5,0.09516271,23.19001,0.9241855845485424,1.0
AF213884.2,0.09516271,23.600103,0.9241855845485424,1.0
C10orf105,0.09516271,23.178629,0.9241855845485424,1.0
RP11-135A24.4,0.09516271,23.187656,0.9241855845485424,1.0
LILRB3,0.09516271,23.367914,0.9241855845485424,1.0
LILRA6,0.09516271,23.074556,0.9241855845485424,1.0
CTD-2587H19.1,0.09516271,23.106497,0.9241855845485424,1.0
CTC-241N9.1,0.09516271,23.192034,0.9241855845485424,1.0
CTD-3088G3.8,0.09516271,23.127743,0.9241855845485424,1.0
CCNG2,0.09516271,0.32279196,0.9241855845485424,1.0
MDK,0.09516271,22.770885,0.9241855845485424,1.0
NPAS2,0.09516271,23.236238,0.9241855845485424,1.0
MORC4,0.09516271,23.199827,0.9241855845485424,1.0
CTD-3093M3.1,0.09516271,23.298374,0.9241855845485424,1.0
BGLAP,0.09516271,23.131857,0.9241855845485424,1.0
PTBP2,0.09516271,23.289343,0.9241855845485424,1.0
RP11-259K5.2,0.09516271,23.142378,0.9241855845485424,1.0
LINC00494,0.09516271,23.234825,0.9241855845485424,1.0
STX16-NPEPL1,0.09516271,23.133444,0.9241855845485424,1.0
SLC25A22,0.09516271,0.5682554,0.9241855845485424,1.0
DNHD1,0.09516271,23.283373,0.9241855845485424,1.0
KCNG1,0.09516271,23.137583,0.9241855845485424,1.0
RP11-327F22.2,0.09516271,23.431906,0.9241855845485424,1.0
AC009473.1,0.09516271,23.303682,0.9241855845485424,1.0
AC011747.4,0.09516271,23.230598,0.9241855845485424,1.0
SIPA1L3,0.09516271,22.732622,0.9241855845485424,1.0
C15orf26,0.09516271,23.044762,0.9241855845485424,1.0
USP13,0.09516271,23.062355,0.9241855845485424,1.0
BRWD3,0.09516271,23.127743,0.9241855845485424,1.0
APOOL,0.09516271,23.18163,0.9241855845485424,1.0
RP5-943J3.2,0.09516271,23.273752,0.9241855845485424,1.0
ZNF502,0.09516271,23.195076,0.9241855845485424,1.0
PLTP,0.09516271,23.192709,0.9241855845485424,1.0
GNAO1,0.09516271,23.100332,0.9241855845485424,1.0
CTD-2555C10.3,0.09516271,23.21112,0.9241855845485424,1.0
ZNF517,0.09516271,23.17597,0.9241855845485424,1.0
DICER1-AS1,0.09516271,23.353727,0.9241855845485424,1.0
RP11-6J24.6,0.09516271,23.047089,0.9241855845485424,1.0
MOK,0.09516271,23.137583,0.9241855845485424,1.0
PAX8,0.09516271,23.118626,0.9241855845485424,1.0
AC009404.2,0.09516271,23.39068,0.9241855845485424,1.0
SGSM1,0.09516271,22.962122,0.9241855845485424,1.0
VSIG1,0.09516271,23.198467,0.9241855845485424,1.0
SPAG8,0.09516271,23.195076,0.9241855845485424,1.0
VPS26A,0.09516271,0.11711397,0.9241855845485424,1.0
RP11-1055B8.4,0.09516271,23.30673,0.9241855845485424,1.0
SH3TC1,0.09516271,23.26496,0.9241855845485424,1.0
UBAC2-AS1,0.09516271,23.421846,0.9241855845485424,1.0
ARHGAP21,0.09516271,22.990688,0.9241855845485424,1.0
RP11-774O3.3,0.09516271,23.22709,0.9241855845485424,1.0
FAM53A,0.09516271,23.127743,0.9241855845485424,1.0
STX18-AS1,0.09516271,23.238361,0.9241855845485424,1.0
CLCN5,0.09516271,23.26132,0.9241855845485424,1.0
HMMR,0.09516271,22.770885,0.9241855845485424,1.0
NRBP2,0.09516271,22.991516,0.9241855845485424,1.0
RPS6KL1,0.09516271,23.184637,0.9241855845485424,1.0
C1orf145,0.09516271,23.166395,0.9241855845485424,1.0
EPHX1,0.09516271,23.1833,0.9241855845485424,1.0
AC124944.3,0.09516271,23.054987,0.9241855845485424,1.0
UBXN7-AS1,0.09516271,23.062355,0.9241855845485424,1.0
DPF3,0.09516271,23.488766,0.9241855845485424,1.0
RP11-758P17.3,0.09516271,23.206656,0.9241855845485424,1.0
SLC45A4,0.09516271,23.285606,0.9241855845485424,1.0
UBE2C,0.09516271,23.27118,0.9241855845485424,1.0
CMTM4,0.09516271,23.19001,0.9241855845485424,1.0
POMGNT2,0.09516271,23.17365,0.9241855845485424,1.0
CSNK2A3,0.09516271,23.203918,0.9241855845485424,1.0
ADORA2A-AS1,0.09516271,23.212152,0.9241855845485424,1.0
ANKS1B,0.09516271,23.37695,0.9241855845485424,1.0
TSPAN18,0.09516271,23.315935,0.9241855845485424,1.0
PRDM11,0.09516271,23.21181,0.9241855845485424,1.0
CTA-204B4.2,0.09516271,23.25661,0.9241855845485424,1.0
EPM2A,0.09516271,23.106806,0.9241855845485424,1.0
TGFBRAP1,0.09439527,0.97944623,0.9247951699308603,1.0
CHERP,0.09439527,0.2747505,0.9247951699308603,1.0
ADCK5,0.09439527,0.48054418,0.9247951699308603,1.0
NUP214,0.09439527,0.45418137,0.9247951699308603,1.0
ALDH18A1,0.09439527,0.5561956,0.9247951699308603,1.0
COL4A3BP,0.09439527,0.4909823,0.9247951699308603,1.0
EIF2AK1,0.09439527,0.07036263,0.9247951699308603,1.0
SAR1A,0.09439527,0.13677704,0.9247951699308603,1.0
PLEKHM1,0.09439527,0.52894145,0.9247951699308603,1.0
CLOCK,0.09439527,0.6115174,0.9247951699308603,1.0
BIN3,0.09439527,0.19179326,0.9247951699308603,1.0
PDLIM2,0.09439527,0.06765627,0.9247951699308603,1.0
WDR48,0.09439527,0.6676577,0.9247951699308603,1.0
HDHD1,0.09439527,0.6497075,0.9247951699308603,1.0
TXN,0.09401155,0.0047269044,0.925099979204892,1.0
PRRC1,0.09362783,0.5834705,0.925404799474864,1.0
AFTPH,0.09362783,0.2764058,0.925404799474864,1.0
C1orf228,0.09362783,0.588789,0.925404799474864,1.0
MARCH1,0.09362783,0.46334398,0.925404799474864,1.0
TCP11L1,0.09362783,0.5801561,0.925404799474864,1.0
VAC14,0.09362783,0.41817737,0.925404799474864,1.0
VPS33B,0.09362783,0.34007668,0.925404799474864,1.0
RP11-115C21.2,0.09362783,0.48532453,0.925404799474864,1.0
CTD-2336O2.1,0.09362783,0.20138687,0.925404799474864,1.0
CAPN7,0.09362783,0.52235085,0.925404799474864,1.0
BCDIN3D,0.09362783,0.4565114,0.925404799474864,1.0
PLBD2,0.09362783,0.4996152,0.925404799474864,1.0
THADA,0.09362783,0.499075,0.925404799474864,1.0
OSGEP,0.09324411,0.10552146,0.9257096306962892,1.0
MT-ND4L,0.09324411,0.09772566,0.9257096306962892,1.0
CEBPG,0.09324411,0.17747857,0.9257096306962892,1.0
GLRX3,0.09286039,0.09414171,0.9260144728246759,1.0
SNORD3B-1,0.09286039,0.44751126,0.9260144728246759,1.0
CSAD,0.09286039,0.5156822,0.9260144728246759,1.0
WDYHV1,0.09286039,0.43866494,0.9260144728246759,1.0
MED25,0.09286039,0.30697215,0.9260144728246759,1.0
NCOA6,0.09286039,0.3498066,0.9260144728246759,1.0
HAUS5,0.09286039,0.43867388,0.9260144728246759,1.0
ID1,0.09286039,0.321912,0.9260144728246759,1.0
CHMP4B,0.09286039,0.038010363,0.9260144728246759,1.0
NBAS,0.09286039,0.45070368,0.9260144728246759,1.0
MON1B,0.09286039,0.43736663,0.9260144728246759,1.0
GALNT10,0.09286039,0.24899466,0.9260144728246759,1.0
SLC25A33,0.09286039,0.24820359,0.9260144728246759,1.0
RABL5,0.09286039,0.51693416,0.9260144728246759,1.0
DGKE,0.09247667,0.40845898,0.9263193258155269,1.0
ZFYVE27,0.09209295,0.42281374,0.926624189624341,1.0
SH3GLB2,0.09209295,0.3541528,0.926624189624341,1.0
NPEPL1,0.09209295,0.39137802,0.926624189624341,1.0
HIPK2,0.09209295,0.43093416,0.926624189624341,1.0
NAT6,0.09209295,0.49513796,0.926624189624341,1.0
PREPL,0.09209295,0.51785606,0.926624189624341,1.0
PUS1,0.09209295,0.505657,0.926624189624341,1.0
TRAF4,0.09209295,0.38637963,0.926624189624341,1.0
TUBG1,0.09209295,0.41019246,0.926624189624341,1.0
TAB2,0.09209295,0.36132294,0.926624189624341,1.0
AKT2,0.09209295,0.17896076,0.926624189624341,1.0
RPP30,0.09209295,0.10782136,0.926624189624341,1.0
CKMT2-AS1,0.09209295,0.42291698,0.926624189624341,1.0
PSMD10,0.09209295,0.2783124,0.926624189624341,1.0
ELOVL6,0.09132551,0.31109944,0.927233949517828,1.0
IRAK4,0.09132551,-0.038761627,0.927233949517828,1.0
GOLGA3,0.09132551,0.34108236,0.927233949517828,1.0
KLHL22,0.09132551,0.4136978,0.927233949517828,1.0
MAEA,0.09094179,0.10103021,0.9275388455134742,1.0
MCFD2,0.09055807,0.2808527,0.9278437521490297,1.0
TEX261,0.09055807,0.31165558,0.9278437521490297,1.0
GPD1L,0.09055807,0.2785707,0.9278437521490297,1.0
ZUFSP,0.09055807,0.23626858,0.9278437521490297,1.0
WRB,0.09055807,0.32110375,0.9278437521490297,1.0
SEC61A1,0.09055807,0.19010432,0.9278437521490297,1.0
BLVRB,0.09055807,0.15238304,0.9278437521490297,1.0
EPS8L2,0.09055807,0.1884908,0.9278437521490297,1.0
CDKN2AIP,0.09055807,0.16146705,0.9278437521490297,1.0
LAP3,0.09017435,0.1056153,0.9281486693799692,1.0
DNAJC4,0.09017435,0.119560495,0.9281486693799692,1.0
TFG,0.08979063,0.1551296,0.9284535971617631,1.0
ALG3,0.08979063,0.21896215,0.9284535971617631,1.0
LRRC57,0.08979063,0.26734844,0.9284535971617631,1.0
ATP6V0A2,0.08979063,0.34572503,0.9284535971617631,1.0
METTL6,0.08979063,0.25378558,0.9284535971617631,1.0
IMPAD1,0.08979063,0.4143759,0.9284535971617631,1.0
MAP3K6,0.08979063,0.26983348,0.9284535971617631,1.0
SPIN2B,0.08979063,0.24263895,0.9284535971617631,1.0
RHBDD3,0.08979063,0.3539546,0.9284535971617631,1.0
LINC01004,0.08979063,0.30891326,0.9284535971617631,1.0
SPATA2L,0.08979063,0.3252049,0.9284535971617631,1.0
MARCH6,0.08979063,0.165989,0.9284535971617631,1.0
NECAP1,0.08940691,0.10525718,0.9287585354498769,1.0
ELK3,0.08902319,0.23222226,0.9290634841997711,1.0
UBE2T,0.08902319,0.2840652,0.9290634841997711,1.0
RNF121,0.08902319,0.24674001,0.9290634841997711,1.0
OSBPL7,0.08902319,0.1547019,0.9290634841997711,1.0
MED30,0.08902319,0.06755033,0.9290634841997711,1.0
TWF1,0.08902319,0.3516273,0.9290634841997711,1.0
CENPC,0.08825574,0.17890656,0.9296734129067223,1.0
DDX47,0.08825574,0.19655003,0.9296734129067223,1.0
TMEM129,0.08825574,0.23340103,0.9296734129067223,1.0
KNOP1,0.08825574,0.18311825,0.9296734129067223,1.0
MEF2C,0.08825574,0.21937332,0.9296734129067223,1.0
RUFY1,0.08825574,0.24584459,0.9296734129067223,1.0
BTBD7,0.08825574,0.35069856,0.9296734129067223,1.0
ZNF330,0.08825574,0.13789077,0.9296734129067223,1.0
OCIAD1,0.08787202,0.072223,0.9299783927746781,1.0
MSRB1,0.0874883,0.13680539,0.9302833829262119,1.0
KIF2A,0.0874883,0.1585357,0.9302833829262119,1.0
ITFG2,0.0874883,0.09988082,0.9302833829262119,1.0
CCDC130,0.0874883,0.13128571,0.9302833829262119,1.0
C7orf43,0.0874883,0.22569181,0.9302833829262119,1.0
HIRIP3,0.0874883,0.17255408,0.9302833829262119,1.0
PYURF,0.08710458,0.002941817,0.9305883833167622,1.0
FASTK,0.08672086,0.1617046,0.9308933939017623,1.0
ZNF480,0.08672086,0.17705412,0.9308933939017623,1.0
TCL1A,0.08672086,0.014366645,0.9308933939017623,1.0
TRAPPC3,0.08672086,-0.063218035,0.9308933939017623,1.0
ECI1,0.08672086,0.15069227,0.9308933939017623,1.0
RALGAPB,0.08595342,0.18968832,0.9315034454768236,1.0
MAP3K7,0.08595342,-0.13502914,0.9315034454768236,1.0
GABPB2,0.08595342,0.13064179,0.9315034454768236,1.0
TBC1D20,0.08518598,0.16039401,0.9321135372947744,1.0
FRYL,0.08518598,0.14691249,0.9321135372947744,1.0
CRTAM,0.08518598,0.1170151,0.9321135372947744,1.0
CDK5RAP3,0.084418535,0.06088909,0.9327236689989226,1.0
FAM172A,0.083651096,0.09277195,0.9333338402325054,1.0
MRPS18B,0.083267376,0.089785,0.9336389405613276,1.0
DIS3L2,0.083267376,0.2105165,0.9336389405613276,1.0
SPTSSA,0.08211622,0.06538223,0.9345542998605771,1.0
MED27,0.08211622,0.066673,0.9345542998605771,1.0
GNPDA2,0.08211622,0.0054714098,0.9345542998605771,1.0
CNIH4,0.08211622,0.10007078,0.9345542998605771,1.0
BUB3,0.0817325,0.010392764,0.934859438915858,1.0
NBN,0.08134877,0.17912872,0.935164587541195,1.0
RNF44,0.08134877,0.18450278,0.935164587541195,1.0
MRPL43,0.08096505,0.050813496,0.9354697456919566,1.0
SAFB2,0.08058133,0.16409867,0.9357749133235067,1.0
BSDC1,0.08058133,0.20739615,0.9357749133235067,1.0
SLBP,0.08058133,0.088264756,0.9357749133235067,1.0
MALSU1,0.07904645,0.09547201,0.936995677764726,1.0
ZMYM2,0.07904645,0.081616014,0.936995677764726,1.0
ZNF32,0.07904645,0.23787229,0.936995677764726,1.0
TFIP11,0.07904645,0.50785124,0.936995677764726,1.0
B4GALT1,0.07904645,0.20845976,0.936995677764726,1.0
PRKAG2,0.07904645,0.3553911,0.936995677764726,1.0
PLEKHA2,0.07827901,0.09776639,0.9376061157092253,1.0
NUCB1,0.07827901,0.057846062,0.9376061157092253,1.0
GGA2,0.07789528,0.27149034,0.9379113484561381,1.0
CDC37,0.077511564,-0.010442272,0.9382165903266027,1.0
GPR18,0.077511564,0.39087296,0.9382165903266027,1.0
AURKAIP1,0.077127844,0.030114962,0.9385218412759461,1.0
DDX49,0.077127844,0.21129227,0.9385218412759461,1.0
CHD9,0.076744124,0.22953242,0.9388271012594912,1.0
RP11-473M20.9,0.075209245,0.24624567,0.9400482306420131,1.0
ZNF394,0.0744418,0.06862784,0.9406588483765946,1.0
HNRNPA1L2,0.0744418,0.38019466,0.9406588483765946,1.0
TMEM42,0.07405808,0.2022529,0.9409641703482671,1.0
ABI2,0.07367436,0.44591925,0.9412695009965845,1.0
AHCYL1,0.07367436,0.39456338,0.9412695009965845,1.0
BCLAF1,0.07367436,0.07314519,0.9412695009965845,1.0
DUSP10,0.07290692,0.4282197,0.9418801881443016,1.0
DPM1,0.07290692,0.20681567,0.9418801881443016,1.0
C19orf68,0.0725232,0.69041044,0.942185544554266,1.0
NDFIP2,0.0725232,0.76615405,0.942185544554266,1.0
MAFB,0.0725232,0.57479876,0.942185544554266,1.0
C18orf25,0.0725232,0.92924374,0.942185544554266,1.0
SHQ1,0.0725232,0.5703369,0.942185544554266,1.0
C2orf43,0.0725232,0.6738074,0.942185544554266,1.0
NCAPG2,0.0725232,0.54276544,0.942185544554266,1.0
LCORL,0.0725232,0.5083404,0.942185544554266,1.0
USP12,0.0725232,0.46087688,0.942185544554266,1.0
TRUB1,0.0725232,0.65184355,0.942185544554266,1.0
SKI,0.0725232,0.47377244,0.942185544554266,1.0
KLHL18,0.0725232,0.5823481,0.942185544554266,1.0
BTBD11,0.0725232,0.78949034,0.942185544554266,1.0
LILRA5,0.0725232,0.5909865,0.942185544554266,1.0
CDC37L1,0.0725232,0.16003071,0.942185544554266,1.0
AC016586.1,0.0725232,0.49089992,0.942185544554266,1.0
MBLAC2,0.0725232,0.5814652,0.942185544554266,1.0
AKIRIN1,0.07213948,0.035144996,0.9424909094620042,1.0
SEC31A,0.07213948,0.08660166,0.9424909094620042,1.0
EID2B,0.07213948,0.2693312,0.9424909094620042,1.0
ZFP14,0.07213948,0.23795298,0.9424909094620042,1.0
PIGU,0.07213948,0.34290242,0.9424909094620042,1.0
ZNF514,0.07175576,0.5104411,0.9427962828227892,1.0
DLL1,0.07175576,0.74819994,0.9427962828227892,1.0
CTDSPL2,0.07175576,0.48977607,0.9427962828227892,1.0
NEO1,0.07175576,0.47154135,0.9427962828227892,1.0
LZTFL1,0.07175576,0.5711262,0.9427962828227892,1.0
FRAT1,0.07175576,0.5342676,0.9427962828227892,1.0
SGCB,0.07175576,0.7875103,0.9427962828227892,1.0
ATG9A,0.07175576,0.7305532,0.9427962828227892,1.0
TNFRSF9,0.07175576,0.92412055,0.9427962828227892,1.0
LINC00909,0.07137204,0.27666613,0.9431016645918899,1.0
LMF1,0.07137204,0.2944247,0.9431016645918899,1.0
BEX5,0.07137204,0.22505446,0.9431016645918899,1.0
HRAS,0.07137204,0.1911142,0.9431016645918899,1.0
NCF2,0.07137204,0.21008037,0.9431016645918899,1.0
SF3B1,0.07098831,0.042633217,0.9434070547245719,1.0
KIAA1731,0.07098831,0.5229183,0.9434070547245719,1.0
ZNF296,0.07098831,0.61921835,0.9434070547245719,1.0
RBM19,0.07098831,0.68743074,0.9434070547245719,1.0
TKTL1,0.07098831,1.0107125,0.9434070547245719,1.0
PPP2R5B,0.07098831,0.54587406,0.9434070547245719,1.0
ZMIZ1,0.07098831,0.5245816,0.9434070547245719,1.0
MORN3,0.07098831,0.6486205,0.9434070547245719,1.0
MTA1,0.07098831,0.18329366,0.9434070547245719,1.0
ADHFE1,0.07098831,0.45832276,0.9434070547245719,1.0
ZNF784,0.07098831,0.6567917,0.9434070547245719,1.0
NOP14-AS1,0.07098831,0.5091845,0.9434070547245719,1.0
CEACAM21,0.07098831,0.52161044,0.9434070547245719,1.0
RP11-143J12.2,0.07098831,0.51558006,0.9434070547245719,1.0
UHRF1BP1L,0.07098831,0.4772104,0.9434070547245719,1.0
CDR2,0.07098831,0.5319983,0.9434070547245719,1.0
LACTB2,0.07098831,0.47379625,0.9434070547245719,1.0
MS4A6A,0.07098831,0.6727232,0.9434070547245719,1.0
NSUN6,0.07098831,0.5204685,0.9434070547245719,1.0
GIMAP2,0.07060459,0.012012562,0.9437124531760969,1.0
PRDX4,0.07060459,0.06862698,0.9437124531760969,1.0
INTS3,0.07022087,0.5134098,0.9440178599017229,1.0
WWP2,0.07022087,0.46718162,0.9440178599017229,1.0
CLCC1,0.07022087,0.48166245,0.9440178599017229,1.0
ICAM1,0.07022087,0.50962436,0.9440178599017229,1.0
TMCC1,0.07022087,0.48621646,0.9440178599017229,1.0
SLC35D2,0.07022087,0.5041371,0.9440178599017229,1.0
RP11-488L18.10,0.07022087,0.5146692,0.9440178599017229,1.0
H6PD,0.07022087,0.60039276,0.9440178599017229,1.0
GIN1,0.07022087,0.45826674,0.9440178599017229,1.0
UBA5,0.07022087,0.14287505,0.9440178599017229,1.0
TSGA10,0.07022087,0.5330923,0.9440178599017229,1.0
UGP2,0.07022087,0.059346117,0.9440178599017229,1.0
PGAP3,0.07022087,0.43967283,0.9440178599017229,1.0
WASL,0.07022087,0.499213,0.9440178599017229,1.0
FAF2,0.07022087,0.6268699,0.9440178599017229,1.0
USP25,0.07022087,0.5214962,0.9440178599017229,1.0
ZMAT1,0.07022087,0.4341468,0.9440178599017229,1.0
GTF2E1,0.07022087,0.55589616,0.9440178599017229,1.0
MDM2,0.07022087,0.44390357,0.9440178599017229,1.0
TMF1,0.06983715,0.15867199,0.9443232748567044,1.0
CTSB,0.06983715,0.13124448,0.9443232748567044,1.0
ACTR3B,0.06983715,0.40913853,0.9443232748567044,1.0
ZNF75A,0.06983715,0.25461054,0.9443232748567044,1.0
UCK1,0.06983715,0.31249455,0.9443232748567044,1.0
RP1-40E16.12,0.06945343,0.47045812,0.944628697996292,1.0
ZNF773,0.06945343,0.474484,0.944628697996292,1.0
MYO15B,0.06945343,0.45371374,0.944628697996292,1.0
DNAL1,0.06945343,0.5144587,0.944628697996292,1.0
PIK3C2A,0.06945343,0.48830944,0.944628697996292,1.0
ZNF561,0.06945343,0.29351214,0.944628697996292,1.0
KANSL3,0.06945343,0.39374262,0.944628697996292,1.0
ATAD2,0.06945343,0.60621697,0.944628697996292,1.0
LAX1,0.06945343,0.56325763,0.944628697996292,1.0
CCDC117,0.06945343,0.47264734,0.944628697996292,1.0
ENO3,0.06945343,0.4830609,0.944628697996292,1.0
ALYREF,0.06945343,0.4368408,0.944628697996292,1.0
MTOR,0.06945343,0.47837305,0.944628697996292,1.0
RAB28,0.06945343,0.123985395,0.944628697996292,1.0
ZBTB37,0.06945343,0.5233056,0.944628697996292,1.0
KIFC3,0.06945343,0.30284393,0.944628697996292,1.0
CTBP1-AS2,0.06945343,0.30357164,0.944628697996292,1.0
NDUFAF5,0.06945343,0.40993038,0.944628697996292,1.0
MGA,0.06945343,0.33040896,0.944628697996292,1.0
TOMM70A,0.06945343,0.34124732,0.944628697996292,1.0
NF2,0.06945343,0.3888936,0.944628697996292,1.0
ETV3,0.06945343,0.49890426,0.944628697996292,1.0
FCRL1,0.06945343,0.4920293,0.944628697996292,1.0
ASCC3,0.06906971,0.21475548,0.9449341292757331,1.0
FAM174A,0.06906971,0.27432385,0.9449341292757331,1.0
COMMD9,0.06906971,0.12093771,0.9449341292757331,1.0
TUBGCP6,0.06868599,0.5114511,0.945239568650271,1.0
RP11-254F7.2,0.06868599,0.4077129,0.945239568650271,1.0
RABL2A,0.06868599,0.32114413,0.945239568650271,1.0
MAST4,0.06868599,0.4628545,0.945239568650271,1.0
DNASE1,0.06868599,0.37363255,0.945239568650271,1.0
ATF3,0.06868599,0.3989496,0.945239568650271,1.0
OXSM,0.06868599,0.35213155,0.945239568650271,1.0
NUP43,0.06868599,0.33573288,0.945239568650271,1.0
SLC20A2,0.06868599,0.29677212,0.945239568650271,1.0
ZNF230,0.06868599,0.3808036,0.945239568650271,1.0
C17orf72,0.06868599,0.30540583,0.945239568650271,1.0
GDPD1,0.06868599,0.41745964,0.945239568650271,1.0
PER3,0.06868599,0.3772593,0.945239568650271,1.0
ALDH6A1,0.06868599,0.38441667,0.945239568650271,1.0
PLBD1,0.06868599,0.40403998,0.945239568650271,1.0
NRM,0.06868599,0.3294221,0.945239568650271,1.0
LANCL2,0.06868599,0.38139072,0.945239568650271,1.0
BRMS1L,0.06868599,0.41666043,0.945239568650271,1.0
DENND5A,0.06868599,0.51115465,0.945239568650271,1.0
COX11,0.06868599,-0.0072215036,0.945239568650271,1.0
MRPL4,0.068302274,0.06209724,0.9455450160751458,1.0
ABLIM1,0.068302274,0.118646786,0.9455450160751458,1.0
DPYD,0.068302274,0.24171121,0.9455450160751458,1.0
PDZD8,0.067918554,0.236389,0.9458504715055942,1.0
DHDDS,0.067918554,0.3521753,0.9458504715055942,1.0
HIST1H1D,0.067918554,0.30913734,0.9458504715055942,1.0
FHIT,0.067918554,0.30233857,0.9458504715055942,1.0
FOXO4,0.067918554,0.28434217,0.9458504715055942,1.0
PIK3R3,0.067918554,0.24632297,0.9458504715055942,1.0
HCCS,0.067918554,0.3551156,0.9458504715055942,1.0
SLC2A6,0.067918554,0.4012662,0.9458504715055942,1.0
ZFP1,0.067918554,0.27176324,0.9458504715055942,1.0
CTA-292E10.6,0.067918554,0.31914,0.9458504715055942,1.0
NCAPD2,0.067918554,0.2745263,0.9458504715055942,1.0
SCD5,0.067918554,0.5371762,0.9458504715055942,1.0
FAM220A,0.067918554,0.32514673,0.9458504715055942,1.0
NPIPA1,0.067918554,0.45711327,0.9458504715055942,1.0
HEATR3,0.067918554,0.2285039,0.9458504715055942,1.0
CTD-3138B18.5,0.067918554,0.37059787,0.9458504715055942,1.0
ZNF671,0.067918554,0.3825301,0.9458504715055942,1.0
ZCCHC2,0.067918554,0.21049911,0.9458504715055942,1.0
FCER1A,0.067918554,0.35387293,0.9458504715055942,1.0
MCOLN2,0.067918554,0.34829885,0.9458504715055942,1.0
LAMP2,0.06753483,0.088169664,0.9461559348968488,1.0
ST20,0.06753483,0.24306871,0.9461559348968488,1.0
PGM2L1,0.06715111,0.19150294,0.9464614062041392,1.0
PPM1F,0.06715111,0.26587164,0.9464614062041392,1.0
ARHGAP12,0.06715111,0.31810445,0.9464614062041392,1.0
ZKSCAN3,0.06715111,0.29988143,0.9464614062041392,1.0
TNFAIP8L1,0.06715111,0.33367962,0.9464614062041392,1.0
PTCH1,0.06715111,0.28557435,0.9464614062041392,1.0
ST7,0.06715111,0.29293782,0.9464614062041392,1.0
IL18BP,0.06715111,0.33013153,0.9464614062041392,1.0
SLC35B4,0.06715111,0.32797644,0.9464614062041392,1.0
DMAP1,0.06676739,0.09048843,0.9467668853826913,1.0
HSCB,0.06676739,0.19653374,0.9467668853826913,1.0
DEAF1,0.06676739,0.22366785,0.9467668853826913,1.0
BRAT1,0.06676739,0.20140238,0.9467668853826913,1.0
ZNF644,0.06676739,0.20463338,0.9467668853826913,1.0
GSAP,0.06676739,0.10462079,0.9467668853826913,1.0
LSM12,0.06638367,0.286286,0.9470723723877273,1.0
POP1,0.06638367,0.25282526,0.9470723723877273,1.0
PKN2,0.06638367,0.18780768,0.9470723723877273,1.0
ZNF292,0.06638367,0.08314968,0.9470723723877273,1.0
SERPINH1,0.06638367,0.25600195,0.9470723723877273,1.0
AC016629.8,0.06638367,0.22483851,0.9470723723877273,1.0
PIP5K1A,0.06638367,0.3243335,0.9470723723877273,1.0
LRR1,0.06638367,0.09232957,0.9470723723877273,1.0
DDX3Y,0.06638367,0.1107734,0.9470723723877273,1.0
SPTBN1,0.06599995,0.15827917,0.9473778671744667,1.0
ZNF136,0.06599995,0.20738578,0.9473778671744667,1.0
RAD1,0.06599995,0.09691434,0.9473778671744667,1.0
MRPL41,0.06561623,0.011859878,0.9476833696981246,1.0
PXN-AS1,0.06561623,0.23989192,0.9476833696981246,1.0
CDA,0.06561623,0.26620963,0.9476833696981246,1.0
NQO1,0.06561623,0.2728575,0.9476833696981246,1.0
UTS2,0.06561623,0.27661774,0.9476833696981246,1.0
SLC16A11,0.06561623,0.29946828,0.9476833696981246,1.0
TTC37,0.06523251,0.12611872,0.9479888799139133,1.0
TCOF1,0.06484879,0.07173527,0.9482943977770417,1.0
DDX58,0.06446507,0.07646833,0.948599923242715,1.0
LYRM7,0.06446507,0.06404935,0.948599923242715,1.0
GCA,0.06446507,0.150461,0.948599923242715,1.0
DGKD,0.06446507,0.18846601,0.948599923242715,1.0
SF3B2,0.06446507,0.031511873,0.948599923242715,1.0
KAT8,0.06408134,0.12576331,0.9489054562661354,1.0
CA5B,0.06408134,0.228392,0.9489054562661354,1.0
ANKRD12,0.06408134,0.0010202504,0.9489054562661354,1.0
WBP4,0.06369762,0.16703857,0.9492109968025015,1.0
MIS18A,0.06369762,0.040101867,0.9492109968025015,1.0
TJAP1,0.06369762,0.1190629,0.9492109968025015,1.0
CTB-58E17.1,0.06369762,0.09916991,0.9492109968025015,1.0
PDCL,0.0633139,0.13748255,0.9495165448070086,1.0
U2AF1L4,0.0633139,0.05419226,0.9495165448070086,1.0
CPQ,0.062162742,-0.056565907,0.9504332331812813,1.0
GSR,0.062162742,0.04835901,0.9504332331812813,1.0
ERN1,0.062162742,0.15214513,0.9504332331812813,1.0
PCGF1,0.062162742,0.19953917,0.9504332331812813,1.0
ZFYVE21,0.062162742,0.13287474,0.9504332331812813,1.0
HNRNPC,0.0613953,0.010999224,0.9510443952832699,1.0
ATG5,0.0613953,0.04477305,0.9510443952832699,1.0
SMAD3,0.0613953,0.0646554,0.9510443952832699,1.0
RP3-395M20.12,0.06101158,0.17139849,0.9513499871555436,1.0
ALDOC,0.06062786,-0.028251238,0.9516555861822351,1.0
PGPEP1,0.059860416,0.11188051,0.952266805519546,1.0
NINJ1,0.059860416,0.051705245,0.952266805519546,1.0
PUF60,0.059860416,0.042148072,0.952266805519546,1.0
DNM1L,0.059860416,0.028604485,0.952266805519546,1.0
PDS5A,0.059476696,0.06584696,0.9525724257404954,1.0
SCO1,0.059092976,0.025765589,0.952878052936522,1.0
SNAP47,0.059092976,0.12701456,0.952878052936522,1.0
ATP11B,0.059092976,0.22035588,0.952878052936522,1.0
C7orf55-LUC7L2,0.058709256,0.03361616,0.953183687062783,1.0
FBXW2,0.058325537,0.14881676,0.9534893280744324,1.0
PRDX6,0.057941813,-0.0022979772,0.9537949759266215,1.0
MED29,0.057558093,0.10138715,0.9541006305744981,1.0
TOR2A,0.056790654,0.021752268,0.9547119600778915,1.0
COMMD2,0.056790654,0.045698073,0.9547119600778915,1.0
LTBP3,0.056790654,0.27654606,0.9547119600778915,1.0
AP1G2,0.056790654,-0.01957965,0.9547119600778915,1.0
ALKBH4,0.056790654,0.09930081,0.9547119600778915,1.0
PRPF8,0.056406934,0.1495853,0.9550176348436893,1.0
CCDC28A,0.05602321,0.05393377,0.9553233162257371,1.0
BTBD1,0.05525577,0.257275,0.9559346986591126,1.0
ZNF226,0.054488327,0.057411548,0.9565461070190494,1.0
CDK13,0.054488327,0.37521213,0.9565461070190494,1.0
SLA,0.054104608,-0.015823498,0.956851820809288,1.0
TCHP,0.053720888,0.36974397,0.957157540946533,1.0
SDHA,0.052569725,-0.031838767,0.9580747389914536,1.0
GSPT1,0.052186005,0.1982091,0.9583804840678577,1.0
RAP1GAP2,0.052186005,0.174718,0.9583804840678577,1.0
EMC7,0.052186005,0.023664685,0.9583804840678577,1.0
HNRNPDL,0.051802285,-0.088339165,0.9586862352668212,1.0
SCFD1,0.051802285,-0.029024813,0.9586862352668212,1.0
SLC25A26,0.051418565,0.111078836,0.9589919925434467,1.0
PUSL1,0.051418565,0.36083844,0.9589919925434467,1.0
DXO,0.051418565,0.11767389,0.9589919925434467,1.0
KIDINS220,0.051418565,0.3224632,0.9589919925434467,1.0
APPL1,0.051418565,0.2188413,0.9589919925434467,1.0
CDADC1,0.050651122,0.37878868,0.9596035251500796,1.0
COX6C,0.050267402,-0.01588625,0.9599093003902786,1.0
HCFC1,0.049883682,0.26641852,0.9602150815285226,1.0
DYRK2,0.049883682,0.20771728,0.9602150815285226,1.0
AIMP1,0.049499962,0.08724577,0.9605208685199008,1.0
VAMP5,0.049499962,-0.042401455,0.9605208685199008,1.0
MTO1,0.04911624,0.34887582,0.9608266613195,1.0
ZNF699,0.04911624,0.30993247,0.9608266613195,1.0
ABHD10,0.04911624,0.34011188,0.9608266613195,1.0
PLEKHO2,0.04911624,0.21149135,0.9608266613195,1.0
PAK1IP1,0.04911624,0.2370472,0.9608266613195,1.0
ARID5B,0.04873252,0.049594436,0.961132459882404,1.0
CLK4,0.0483488,0.19709785,0.9614382641636946,1.0
CNEP1R1,0.0483488,0.19307925,0.9614382641636946,1.0
DCUN1D1,0.0483488,0.269813,0.9614382641636946,1.0
ADAL,0.0483488,0.20827919,0.9614382641636946,1.0
POU2F2,0.047581356,0.15277693,0.9620498897017487,1.0
PRMT6,0.047581356,0.7892701,0.9620498897017487,1.0
CLEC7A,0.047581356,0.83640087,0.9620498897017487,1.0
SLC35E2B,0.047581356,0.21997231,0.9620498897017487,1.0
CD36,0.047581356,0.5759041,0.9620498897017487,1.0
NEIL1,0.047581356,0.84923506,0.9620498897017487,1.0
CXorf65,0.047581356,0.5564885,0.9620498897017487,1.0
VWA8,0.047581356,0.7116053,0.9620498897017487,1.0
TEPP,0.047581356,0.5189865,0.9620498897017487,1.0
PFKFB3,0.047581356,0.698829,0.9620498897017487,1.0
SLC30A6,0.047581356,0.7280114,0.9620498897017487,1.0
DCLRE1C,0.047581356,0.16553229,0.9620498897017487,1.0
HYPK,0.047581356,0.48295918,0.9620498897017487,1.0
LCLAT1,0.047581356,0.62744355,0.9620498897017487,1.0
RALGPS2,0.047581356,0.70479,0.9620498897017487,1.0
FAM76A,0.047581356,0.7685933,0.9620498897017487,1.0
MDN1,0.047581356,0.5451279,0.9620498897017487,1.0
DBR1,0.047581356,0.50362283,0.9620498897017487,1.0
GALK2,0.047581356,0.12490884,0.9620498897017487,1.0
KHK,0.047581356,0.9120028,0.9620498897017487,1.0
CCDC58,0.047581356,0.8533785,0.9620498897017487,1.0
CADM1,0.047581356,0.58134997,0.9620498897017487,1.0
ARMC5,0.047581356,0.8101215,0.9620498897017487,1.0
KIAA1279,0.047581356,0.9608503,0.9620498897017487,1.0
GPAT2,0.047581356,0.56139857,0.9620498897017487,1.0
INSIG2,0.047581356,0.12486287,0.9620498897017487,1.0
RNASEL,0.047581356,0.6110323,0.9620498897017487,1.0
FSIP1,0.047581356,0.56268466,0.9620498897017487,1.0
LDOC1L,0.047581356,0.59695375,0.9620498897017487,1.0
SETD1A,0.047581356,0.58741724,0.9620498897017487,1.0
RP11-572O17.1,0.047581356,0.54727316,0.9620498897017487,1.0
WDR81,0.047581356,1.0109756,0.9620498897017487,1.0
TRIOBP,0.047581356,0.6210564,0.9620498897017487,1.0
FSD1,0.047581356,0.934301,0.9620498897017487,1.0
SLC7A7,0.047581356,0.49728245,0.9620498897017487,1.0
CPSF2,0.047581356,0.19154526,0.9620498897017487,1.0
SCRIB,0.047581356,0.554614,0.9620498897017487,1.0
RP11-620J15.3,0.047581356,0.3247752,0.9620498897017487,1.0
DHRS11,0.047581356,0.5019296,0.9620498897017487,1.0
RP11-386I14.4,0.047581356,0.5856807,0.9620498897017487,1.0
AEBP2,0.047581356,0.564686,0.9620498897017487,1.0
CEP41,0.047581356,0.598415,0.9620498897017487,1.0
TBL3,0.047581356,0.16645336,0.9620498897017487,1.0
ACBD4,0.047581356,0.77802396,0.9620498897017487,1.0
BTBD6,0.047581356,0.6998697,0.9620498897017487,1.0
VPS13B,0.047581356,0.67709607,0.9620498897017487,1.0
WDR36,0.047581356,0.71838003,0.9620498897017487,1.0
HIST4H4,0.047581356,0.60337865,0.9620498897017487,1.0
SLC27A1,0.047581356,0.6692372,0.9620498897017487,1.0
TBKBP1,0.047581356,0.65717196,0.9620498897017487,1.0
AP1S1,0.047581356,0.2696445,0.9620498897017487,1.0
TBCK,0.047581356,0.45640385,0.9620498897017487,1.0
CFL2,0.047581356,0.7313854,0.9620498897017487,1.0
ZER1,0.047581356,0.48731697,0.9620498897017487,1.0
CCDC86,0.047581356,0.43076098,0.9620498897017487,1.0
NUAK2,0.047581356,0.70375043,0.9620498897017487,1.0
SP1,0.047581356,0.8188975,0.9620498897017487,1.0
PI4KB,0.047581356,0.07143048,0.9620498897017487,1.0
LENG8-AS1,0.047581356,0.6217891,0.9620498897017487,1.0
PTPRK,0.047581356,0.6398355,0.9620498897017487,1.0
RDH5,0.047581356,0.6986707,0.9620498897017487,1.0
ANKS6,0.047581356,0.51119775,0.9620498897017487,1.0
ZNF808,0.047581356,0.9427425,0.9620498897017487,1.0
ZNF785,0.047581356,0.64505064,0.9620498897017487,1.0
FICD,0.046813916,0.4510185,0.9626615375742643,1.0
RIC8B,0.046813916,0.61065924,0.9626615375742643,1.0
ZNF551,0.046813916,0.533014,0.9626615375742643,1.0
GNPNAT1,0.046813916,0.49020457,0.9626615375742643,1.0
DFNB31,0.046813916,0.43783867,0.9626615375742643,1.0
TNPO2,0.046813916,0.569567,0.9626615375742643,1.0
ZNF700,0.046813916,0.42510048,0.9626615375742643,1.0
ABHD8,0.046813916,0.48513138,0.9626615375742643,1.0
C12orf61,0.046813916,0.4458166,0.9626615375742643,1.0
ZNF18,0.046813916,0.506525,0.9626615375742643,1.0
RP11-262H14.3,0.046813916,0.48983952,0.9626615375742643,1.0
INO80B,0.046813916,0.48289177,0.9626615375742643,1.0
ZNF250,0.046813916,0.48683354,0.9626615375742643,1.0
ZNF34,0.046813916,0.5127485,0.9626615375742643,1.0
VPS18,0.046813916,0.42180762,0.9626615375742643,1.0
ETV2,0.046813916,0.5247514,0.9626615375742643,1.0
GTF3C2,0.046813916,0.42678198,0.9626615375742643,1.0
SFMBT2,0.046813916,0.631374,0.9626615375742643,1.0
CNR2,0.046813916,0.5849023,0.9626615375742643,1.0
ZNF781,0.046813916,0.49186578,0.9626615375742643,1.0
RP3-428L16.2,0.046813916,0.46770552,0.9626615375742643,1.0
HELB,0.046813916,0.798029,0.9626615375742643,1.0
RP11-295P9.3,0.046813916,0.599475,0.9626615375742643,1.0
MROH6,0.046813916,0.50088274,0.9626615375742643,1.0
ZSCAN30,0.046813916,0.49110138,0.9626615375742643,1.0
HMGCR,0.046813916,0.54301786,0.9626615375742643,1.0
IFNL1,0.046813916,0.5306333,0.9626615375742643,1.0
CPD,0.046813916,0.43494403,0.9626615375742643,1.0
DIAPH2,0.046813916,0.4245896,0.9626615375742643,1.0
RPAP2,0.046813916,0.15452103,0.9626615375742643,1.0
FAM13A,0.046813916,0.5264805,0.9626615375742643,1.0
PPP1R13L,0.046813916,0.48651853,0.9626615375742643,1.0
SMG8,0.046813916,0.699857,0.9626615375742643,1.0
CLDN15,0.046813916,0.5408049,0.9626615375742643,1.0
CAMTA2,0.046813916,0.5000705,0.9626615375742643,1.0
RFC3,0.046813916,0.46346876,0.9626615375742643,1.0
BTAF1,0.046813916,0.4792678,0.9626615375742643,1.0
GSTM4,0.046813916,0.4317621,0.9626615375742643,1.0
MIB1,0.046813916,0.5036319,0.9626615375742643,1.0
ZNF701,0.046813916,0.5514145,0.9626615375742643,1.0
P2RX7,0.046813916,0.5925234,0.9626615375742643,1.0
PCNT,0.046813916,0.5210045,0.9626615375742643,1.0
ZNF549,0.046813916,0.5927179,0.9626615375742643,1.0
POLD1,0.046813916,0.4196254,0.9626615375742643,1.0
AC009133.14,0.046813916,0.50418115,0.9626615375742643,1.0
ATF5,0.046813916,0.4276028,0.9626615375742643,1.0
RP11-326K13.4,0.046813916,0.4696766,0.9626615375742643,1.0
DENND4B,0.046430197,0.022876648,0.9629673697736225,1.0
APOL6,0.046430197,0.17086959,0.9629673697736225,1.0
HIST1H2AE,0.046046477,0.37180623,0.9632732074218042,1.0
LINC01023,0.046046477,0.284935,0.9632732074218042,1.0
GGH,0.046046477,0.26937845,0.9632732074218042,1.0
SULF2,0.046046477,0.38993627,0.9632732074218042,1.0
AGBL5,0.046046477,0.34834093,0.9632732074218042,1.0
TSC1,0.046046477,0.2929857,0.9632732074218042,1.0
C19orf40,0.046046477,0.31336066,0.9632732074218042,1.0
RBM12B,0.046046477,0.3162218,0.9632732074218042,1.0
FOXP4,0.046046477,0.36656368,0.9632732074218042,1.0
CPT1A,0.046046477,0.39054012,0.9632732074218042,1.0
HMOX1,0.046046477,0.29772696,0.9632732074218042,1.0
ZNF410,0.046046477,0.28615394,0.9632732074218042,1.0
AL139099.1,0.046046477,0.3830203,0.9632732074218042,1.0
ENOX2,0.046046477,0.42266205,0.9632732074218042,1.0
DNAJC16,0.046046477,0.45859063,0.9632732074218042,1.0
CCSAP,0.046046477,0.42519435,0.9632732074218042,1.0
RYK,0.046046477,0.29942167,0.9632732074218042,1.0
SLC9A9,0.046046477,0.28463364,0.9632732074218042,1.0
STAMBPL1,0.046046477,0.37270576,0.9632732074218042,1.0
TMEM97,0.046046477,0.3773417,0.9632732074218042,1.0
LINC00299,0.046046477,0.57698095,0.9632732074218042,1.0
IRAK1BP1,0.046046477,0.39931688,0.9632732074218042,1.0
AC009065.1,0.046046477,0.38242382,0.9632732074218042,1.0
NFXL1,0.046046477,0.5573525,0.9632732074218042,1.0
RP11-138A9.2,0.046046477,0.32542604,0.9632732074218042,1.0
AC132872.2,0.046046477,0.4351648,0.9632732074218042,1.0
ARMCX5,0.046046477,0.41385034,0.9632732074218042,1.0
DNAJB12,0.046046477,0.27025285,0.9632732074218042,1.0
PCNXL2,0.046046477,0.41887248,0.9632732074218042,1.0
AKAP1,0.046046477,0.5392791,0.9632732074218042,1.0
YWHAG,0.046046477,0.52579945,0.9632732074218042,1.0
AC008964.1,0.046046477,0.4420782,0.9632732074218042,1.0
LTC4S,0.046046477,0.3882465,0.9632732074218042,1.0
MT-ATP8,0.046046477,0.41020346,0.9632732074218042,1.0
AC006116.20,0.046046477,0.4798826,0.9632732074218042,1.0
MPZ,0.046046477,0.29976913,0.9632732074218042,1.0
KIF1C,0.046046477,0.38410008,0.9632732074218042,1.0
PPT2,0.046046477,0.23059902,0.9632732074218042,1.0
USP32,0.046046477,0.43336987,0.9632732074218042,1.0
NAPA-AS1,0.046046477,0.61400276,0.9632732074218042,1.0
XPO5,0.046046477,0.41103837,0.9632732074218042,1.0
SH3PXD2A,0.046046477,0.6607331,0.9632732074218042,1.0
PBX2,0.046046477,0.22139391,0.9632732074218042,1.0
AP001816.1,0.046046477,0.35615486,0.9632732074218042,1.0
SLC9B2,0.046046477,0.4514516,0.9632732074218042,1.0
MFSD3,0.046046477,0.34524384,0.9632732074218042,1.0
INTS4,0.046046477,0.44622672,0.9632732074218042,1.0
AC062017.1,0.046046477,0.4157999,0.9632732074218042,1.0
ZNF197,0.046046477,0.24391137,0.9632732074218042,1.0
TMEM177,0.046046477,0.4661751,0.9632732074218042,1.0
SBNO2,0.046046477,0.40128857,0.9632732074218042,1.0
RALGPS1,0.046046477,0.36428985,0.9632732074218042,1.0
ZNF12,0.046046477,0.6033729,0.9632732074218042,1.0
AC147651.4,0.046046477,0.3965771,0.9632732074218042,1.0
ZNF407,0.046046477,0.39278027,0.9632732074218042,1.0
NKRF,0.046046477,0.35735506,0.9632732074218042,1.0
GPR180,0.046046477,0.43861648,0.9632732074218042,1.0
MAPK6,0.046046477,0.45066208,0.9632732074218042,1.0
RP11-74E22.3,0.046046477,0.45450333,0.9632732074218042,1.0
AC022182.3,0.046046477,0.2996091,0.9632732074218042,1.0
DHX35,0.046046477,0.5300063,0.9632732074218042,1.0
C5orf66,0.046046477,0.41540724,0.9632732074218042,1.0
AC021188.4,0.046046477,0.5094893,0.9632732074218042,1.0
RP1-197B17.3,0.046046477,0.32342654,0.9632732074218042,1.0
NRL,0.046046477,0.3874742,0.9632732074218042,1.0
FAIM3,0.045662753,-0.011445729,0.9635790504738735,1.0
KMT2D,0.045279033,0.19185022,0.9638848988848923,1.0
CFD,0.045279033,0.09270447,0.9638848988848923,1.0
PIP5K1C,0.045279033,0.20092425,0.9638848988848923,1.0
PIAS3,0.045279033,0.1989889,0.9638848988848923,1.0
SYCE1L,0.045279033,0.16263643,0.9638848988848923,1.0
AC093627.10,0.045279033,0.22685188,0.9638848988848923,1.0
ROPN1L,0.045279033,0.34296545,0.9638848988848923,1.0
ZNF408,0.045279033,0.006172473,0.9638848988848923,1.0
TRIO,0.045279033,0.35118952,0.9638848988848923,1.0
UGCG,0.045279033,0.22585072,0.9638848988848923,1.0
CNNM3,0.045279033,-0.0012988015,0.9638848988848923,1.0
ZNF614,0.045279033,0.20589949,0.9638848988848923,1.0
ALDH2,0.045279033,0.33366525,0.9638848988848923,1.0
ZNF117,0.045279033,0.29598033,0.9638848988848923,1.0
AC009133.12,0.045279033,0.36483926,0.9638848988848923,1.0
MPP6,0.045279033,0.27990827,0.9638848988848923,1.0
FLCN,0.045279033,0.14824802,0.9638848988848923,1.0
TRRAP,0.045279033,0.28540045,0.9638848988848923,1.0
SLC38A9,0.045279033,0.35620862,0.9638848988848923,1.0
ATP13A2,0.045279033,0.06437571,0.9638848988848923,1.0
NVL,0.045279033,0.30914426,0.9638848988848923,1.0
BCOR,0.045279033,0.2573726,0.9638848988848923,1.0
LRRC29,0.045279033,0.32468012,0.9638848988848923,1.0
BCKDHB,0.045279033,0.1291155,0.9638848988848923,1.0
NUP205,0.045279033,0.2958526,0.9638848988848923,1.0
ACOT7,0.045279033,0.17474802,0.9638848988848923,1.0
RP11-85F14.5,0.045279033,0.27459615,0.9638848988848923,1.0
HIST1H2AG,0.045279033,0.32932708,0.9638848988848923,1.0
PTS,0.045279033,0.15336442,0.9638848988848923,1.0
LINC00528,0.045279033,0.37944353,0.9638848988848923,1.0
RP11-421L21.3,0.045279033,0.18203829,0.9638848988848923,1.0
ZDHHC13,0.045279033,0.16582006,0.9638848988848923,1.0
SREBF1,0.045279033,0.32271868,0.9638848988848923,1.0
SGK1,0.045279033,0.3596136,0.9638848988848923,1.0
AHSA2,0.045279033,0.09362465,0.9638848988848923,1.0
SPIN4,0.045279033,0.35631013,0.9638848988848923,1.0
SMG6,0.045279033,0.35769877,0.9638848988848923,1.0
GEMIN5,0.045279033,0.20392515,0.9638848988848923,1.0
SGSH,0.044511594,0.22992077,0.9644966116040143,1.0
XXYLT1,0.044511594,0.03499441,0.9644966116040143,1.0
TIRAP,0.044511594,-0.09653792,0.9644966116040143,1.0
PPBP,0.044511594,-0.58390033,0.9644966116040143,1.0
STYXL1,0.044511594,0.1344961,0.9644966116040143,1.0
APPL2,0.044511594,0.11741965,0.9644966116040143,1.0
HIP1,0.044511594,0.15623847,0.9644966116040143,1.0
TBC1D10B,0.044511594,0.22080396,0.9644966116040143,1.0
SF3B14,0.044511594,0.012824401,0.9644966116040143,1.0
RP11-727F15.9,0.044511594,0.2806779,0.9644966116040143,1.0
MFSD6,0.044511594,0.34987113,0.9644966116040143,1.0
CD22,0.044511594,0.13592917,0.9644966116040143,1.0
EFCAB11,0.044511594,-0.030626994,0.9644966116040143,1.0
INVS,0.044511594,0.33455655,0.9644966116040143,1.0
C9orf41,0.044511594,0.17504773,0.9644966116040143,1.0
EXO5,0.044511594,0.16798209,0.9644966116040143,1.0
ZNF799,0.044511594,0.21585813,0.9644966116040143,1.0
DCAF4,0.044511594,0.22304411,0.9644966116040143,1.0
TDRD7,0.044511594,0.1138303,0.9644966116040143,1.0
GATSL3,0.044511594,0.3462646,0.9644966116040143,1.0
CDC23,0.044511594,0.30581346,0.9644966116040143,1.0
TCEA3,0.044511594,0.14675158,0.9644966116040143,1.0
CCDC7,0.044511594,0.32902077,0.9644966116040143,1.0
ARSK,0.044511594,0.015484853,0.9644966116040143,1.0
FBXO31,0.044511594,0.05573298,0.9644966116040143,1.0
C10orf2,0.044511594,0.24296696,0.9644966116040143,1.0
EXOC8,0.044511594,0.06668819,0.9644966116040143,1.0
SLC25A53,0.044511594,0.112336,0.9644966116040143,1.0
NUDT15,0.044511594,0.20638967,0.9644966116040143,1.0
PHRF1,0.044511594,0.30516738,0.9644966116040143,1.0
NT5C,0.044511594,0.12813617,0.9644966116040143,1.0
CWF19L1,0.044511594,0.3461176,0.9644966116040143,1.0
IGJ,0.044511594,0.26905996,0.9644966116040143,1.0
CRAMP1L,0.044511594,0.28786358,0.9644966116040143,1.0
NMNAT1,0.044511594,0.34774494,0.9644966116040143,1.0
CCT8,0.04412787,-0.013108027,0.9648024758222296,1.0
SART3,0.04374415,0.13985656,0.9651083452196185,1.0
HM13,0.04374415,0.016705574,0.9651083452196185,1.0
KIF13B,0.04374415,0.17526697,0.9651083452196185,1.0
RITA1,0.04374415,0.14875646,0.9651083452196185,1.0
TRIM44,0.04374415,0.14039074,0.9651083452196185,1.0
CCDC152,0.04374415,0.020749617,0.9651083452196185,1.0
ABCB8,0.04374415,0.19683069,0.9651083452196185,1.0
VAMP1,0.04297671,0.1369152,0.965720099372116,1.0
AGA,0.04297671,-0.021612255,0.965720099372116,1.0
HLTF,0.04297671,0.14889044,0.965720099372116,1.0
TANGO2,0.04297671,0.204012,0.965720099372116,1.0
CRKL,0.04297671,0.22079447,0.965720099372116,1.0
CDPF1,0.04297671,0.1670045,0.965720099372116,1.0
TFRC,0.042209268,0.14123055,0.9663318737018821,1.0
MLLT11,0.042209268,0.44348884,0.9663318737018821,1.0
CENPV,0.042209268,0.07812125,0.9663318737018821,1.0
ISCA2,0.041825548,-0.0053741895,0.9666377683208482,1.0
MMADHC,0.041825548,0.016675744,0.9666377683208482,1.0
TRAF3,0.041441828,0.082449,0.966943667849256,1.0
ZBTB7B,0.041441828,0.058040515,0.966943667849256,1.0
DDX10,0.041441828,0.15527605,0.966943667849256,1.0
TFPT,0.041441828,0.014733214,0.966943667849256,1.0
ATP2A2,0.041441828,0.1387129,0.966943667849256,1.0
MAN2B2,0.041441828,0.016623953,0.966943667849256,1.0
RFK,0.041441828,0.1307689,0.966943667849256,1.0
ARHGEF9,0.041441828,0.0584326,0.966943667849256,1.0
ANAPC15,0.04105811,0.030113222,0.9672495722421425,1.0
SLC25A17,0.040674385,0.06413454,0.9675554814545423,1.0
CYC1,0.040674385,0.0016794348,0.9675554814545423,1.0
DGKA,0.040674385,0.046540804,0.9675554814545423,1.0
SMEK1,0.040674385,0.07824465,0.9675554814545423,1.0
PGRMC1,0.040674385,0.18999477,0.9675554814545423,1.0
AKT1,0.040674385,-0.00594353,0.9675554814545423,1.0
ELP2,0.040290665,0.09467587,0.9678613954414882,1.0
TMEM70,0.040290665,0.06951162,0.9678613954414882,1.0
RPF1,0.040290665,0.089897364,0.9678613954414882,1.0
RABL2B,0.039906945,-0.19788511,0.9681673141580109,1.0
RFFL,0.039906945,0.039851073,0.9681673141580109,1.0
RAP2C,0.039139505,0.13929465,0.9687791655998982,1.0
LRWD1,0.039139505,-0.042071536,0.9687791655998982,1.0
IK,0.038755782,-0.01584207,0.9690850982353136,1.0
MXD1,0.038372062,0.03430535,0.9693910354204074,1.0
SLC25A46,0.038372062,-0.02228704,0.9693910354204074,1.0
KHNYN,0.038372062,0.13231024,0.9693910354204074,1.0
SCYL3,0.038372062,0.0021370354,0.9693910354204074,1.0
CHUK,0.037988342,0.03213614,0.9696969771101999,1.0
BCL7B,0.037604623,-0.015349441,0.9700029232597094,1.0
CREM,0.037604623,-0.007028588,0.9700029232597094,1.0
FAM127B,0.03683718,-0.043573517,0.970614828757943,1.0
METTL3,0.03683718,-0.18105747,0.970614828757943,1.0
COQ6,0.03683718,0.0847288,0.970614828757943,1.0
MORF4L1,0.03683718,-0.03560708,0.970614828757943,1.0
TMEM218,0.03683718,0.041004784,0.970614828757943,1.0
LACTB,0.03645346,0.29533938,0.9709207880166941,1.0
CALHM2,0.03606974,0.056110773,0.9712267515552162,1.0
ADSL,0.03606974,0.017625248,0.9712267515552162,1.0
ZNF638,0.03606974,0.09307627,0.9712267515552162,1.0
CREBBP,0.035302296,0.18199533,0.9718386912916059,1.0
NARF,0.035302296,0.0740666,0.9718386912916059,1.0
CBX3,0.034534857,-0.023454392,0.9724506476071598,1.0
CHPT1,0.034151137,0.034279782,0.9727566318696299,1.0
RAB1B,0.033767413,0.056902952,0.9730626201418956,1.0
C7orf26,0.033767413,0.11146825,0.9730626201418956,1.0
ERV3-1,0.033767413,0.021522237,0.9730626201418956,1.0
MT-ND3,0.033383694,-0.07570936,0.9733686123789546,1.0
PTPN1,0.032999974,-0.05550107,0.9736746085358029,1.0
NRBF2,0.032999974,0.047039706,0.9736746085358029,1.0
MECP2,0.032616254,0.029893,0.9739806085674347,1.0
TRIM14,0.032616254,0.16998519,0.9739806085674347,1.0
AAED1,0.03184881,0.24696349,0.9745926200750181,1.0
CBWD1,0.03146509,0.022767663,0.9748986314609497,1.0
GAK,0.031081371,0.09921776,0.9752046465416251,1.0
C1orf123,0.03069765,0.0520514,0.9755106652720305,1.0
NDUFA7-1,0.03069765,0.0113419015,0.9755106652720305,1.0
ATXN3,0.029930208,-0.2833915,0.9761227135019663,1.0
FH,0.029546488,0.21745689,0.976428742911461,1.0
PTOV1,0.029546488,0.07489845,0.976428742911461,1.0
BAZ2B,0.028779047,0.19411875,0.9770408120944013,1.0
MFAP1,0.028779047,0.09230824,0.9770408120944013,1.0
HCFC1R1,0.028395327,0.027347442,0.9773468517778017,1.0
TRPC4AP,0.028011605,0.012033935,0.9776528947957897,1.0
EHBP1,0.027627885,0.21982834,0.9779589411033386,1.0
SNX27,0.027627885,0.25133383,0.9779589411033386,1.0
ANAPC4,0.027244164,0.045892328,0.9782649906554207,1.0
FBXO8,0.026860444,0.12326703,0.9785710434070068,1.0
DHRS1,0.026860444,0.0044922656,0.9785710434070068,1.0
SYNE2,0.026860444,-0.009560428,0.9785710434070068,1.0
CLN6,0.026860444,0.39270112,0.9785710434070068,1.0
KLHL7,0.026093002,0.2863428,0.9791831583285668,1.0
NAT10,0.026093002,0.32107413,0.9791831583285668,1.0
C1orf85,0.026093002,0.27949873,0.9791831583285668,1.0
PARP6,0.026093002,0.35980976,0.9791831583285668,1.0
GMIP,0.025709283,0.121414386,0.9794892204084751,1.0
TOR1A,0.025709283,0.028088905,0.9794892204084751,1.0
EFTUD2,0.025709283,-0.08052901,0.9794892204084751,1.0
ARMC1,0.025709283,0.070647135,0.9794892204084751,1.0
PTCD3,0.025325561,0.07449175,0.9797952855077562,1.0
LAMTOR4,0.025325561,-0.05736826,0.9797952855077562,1.0
TTI2,0.025325561,0.19982964,0.9797952855077562,1.0
CYBB,0.025325561,0.19143292,0.9797952855077562,1.0
CCT3,0.025325561,-0.036074866,0.9797952855077562,1.0
TSR3,0.025325561,0.040468633,0.9797952855077562,1.0
SSH2,0.02455812,0.046507504,0.9804074245842913,1.0
DFFA,0.02455812,0.11333366,0.9804074245842913,1.0
TMEM127,0.02455812,0.28384888,0.9804074245842913,1.0
RP11-4F5.2,0.02455812,0.21068907,0.9804074245842913,1.0
CRK,0.02455812,0.22346707,0.9804074245842913,1.0
ABTB1,0.02455812,0.06857586,0.9804074245842913,1.0
RP11-83A24.2,0.02455812,0.2478361,0.9804074245842913,1.0
CTD-2037K23.2,0.0241744,0.09225608,0.980713498471469,1.0
MID1IP1,0.0241744,0.022920389,0.980713498471469,1.0
ADAP1,0.0241744,0.09037289,0.980713498471469,1.0
THOC7,0.0241744,0.0193883,0.980713498471469,1.0
BRI3BP,0.023790678,0.29113564,0.9810195751978673,1.0
PDCD4-AS1,0.023790678,0.16464669,0.9810195751978673,1.0
C11orf49,0.023790678,0.2703831,0.9810195751978673,1.0
P2RY8,0.023790678,0.017900297,0.9810195751978673,1.0
TRIM13,0.023790678,0.16627406,0.9810195751978673,1.0
ITGA3,0.023406958,0.5534359,0.9813256547184448,1.0
GM2A,0.023406958,0.56395316,0.9813256547184448,1.0
IRAK3,0.023406958,0.49051094,0.9813256547184448,1.0
LINC00264,0.023406958,0.5666758,0.9813256547184448,1.0
C1R,0.023406958,0.6058358,0.9813256547184448,1.0
ADORA2A,0.023406958,0.6119158,0.9813256547184448,1.0
CTD-2288F12.1,0.023406958,0.48672774,0.9813256547184448,1.0
CCNA2,0.023406958,0.7796121,0.9813256547184448,1.0
ATAD3C,0.023406958,1.360116,0.9813256547184448,1.0
VARS2,0.023406958,0.6085682,0.9813256547184448,1.0
C7orf25,0.023406958,0.46808293,0.9813256547184448,1.0
ZNF689,0.023406958,0.76057214,0.9813256547184448,1.0
APOM,0.023406958,0.67926,0.9813256547184448,1.0
C6orf25,0.023406958,0.50345486,0.9813256547184448,1.0
CPM,0.023406958,0.4358513,0.9813256547184448,1.0
RAD51AP1,0.023406958,0.6308811,0.9813256547184448,1.0
TRIM66,0.023406958,1.2750698,0.9813256547184448,1.0
CTD-2035E11.4,0.023406958,0.53017557,0.9813256547184448,1.0
SLC37A1,0.023406958,0.48465016,0.9813256547184448,1.0
C4orf36,0.023406958,0.5331502,0.9813256547184448,1.0
ZNF71,0.023406958,0.61925304,0.9813256547184448,1.0
TANC2,0.023406958,0.5187022,0.9813256547184448,1.0
KBTBD6,0.023406958,0.742465,0.9813256547184448,1.0
TAF5L,0.023406958,0.46016046,0.9813256547184448,1.0
MEIG1,0.023406958,0.66908956,0.9813256547184448,1.0
RP11-146F11.1,0.023406958,0.46090457,0.9813256547184448,1.0
FNIP2,0.023406958,0.5361813,0.9813256547184448,1.0
LMBRD2,0.023406958,0.7776587,0.9813256547184448,1.0
RP11-700H6.1,0.023406958,0.4781433,0.9813256547184448,1.0
ZNF565,0.023406958,1.24771,0.9813256547184448,1.0
NBPF12,0.023406958,0.5375089,0.9813256547184448,1.0
NUDT17,0.023406958,0.53083223,0.9813256547184448,1.0
FAM173B,0.023406958,0.45834145,0.9813256547184448,1.0
METTL15,0.023406958,0.7806784,0.9813256547184448,1.0
IFT140,0.023406958,0.5553937,0.9813256547184448,1.0
AC061992.2,0.023406958,0.49000415,0.9813256547184448,1.0
UNKL,0.023406958,0.46266595,0.9813256547184448,1.0
AL592284.1,0.023406958,0.7180043,0.9813256547184448,1.0
SDCCAG3,0.023406958,0.8219805,0.9813256547184448,1.0
CDK3,0.023406958,0.6517814,0.9813256547184448,1.0
DOPEY1,0.023406958,1.3208338,0.9813256547184448,1.0
USP46,0.023406958,0.4453962,0.9813256547184448,1.0
GTF3C4,0.023406958,0.42909798,0.9813256547184448,1.0
ANKHD1-EIF4EBP3,0.023406958,0.5985435,0.9813256547184448,1.0
DECR2,0.023406958,0.6007796,0.9813256547184448,1.0
WFS1,0.023406958,0.56665426,0.9813256547184448,1.0
DOK7,0.023406958,0.62795776,0.9813256547184448,1.0
QSOX2,0.023406958,0.483434,0.9813256547184448,1.0
AE000662.92,0.023406958,0.40479147,0.9813256547184448,1.0
NLK,0.023406958,1.0620565,0.9813256547184448,1.0
GBA,0.023406958,0.6974692,0.9813256547184448,1.0
LILRA3,0.023406958,0.46340233,0.9813256547184448,1.0
RP11-307C12.12,0.023406958,0.41122448,0.9813256547184448,1.0
AZI1,0.023406958,0.9163658,0.9813256547184448,1.0
IL3RA,0.023406958,0.45775974,0.9813256547184448,1.0
PPP2R3B,0.023406958,0.5476612,0.9813256547184448,1.0
CTC-534A2.2,0.023406958,0.5984324,0.9813256547184448,1.0
ICA1,0.023406958,0.78890276,0.9813256547184448,1.0
ZNF674-AS1,0.023406958,0.6444603,0.9813256547184448,1.0
BST1,0.023406958,0.4959204,0.9813256547184448,1.0
HUS1B,0.023406958,0.45443103,0.9813256547184448,1.0
SLC26A1,0.023406958,0.6131025,0.9813256547184448,1.0
ZNF253,0.023406958,0.6152041,0.9813256547184448,1.0
ADRBK2,0.023406958,0.44775906,0.9813256547184448,1.0
ABL1,0.023406958,0.54897094,0.9813256547184448,1.0
METTL1,0.023406958,0.44665766,0.9813256547184448,1.0
PRMT5-AS1,0.023406958,0.45298597,0.9813256547184448,1.0
ALMS1,0.023406958,0.5350244,0.9813256547184448,1.0
INSL3,0.023406958,0.44162267,0.9813256547184448,1.0
EGLN3,0.023406958,0.5814512,0.9813256547184448,1.0
TNKS2-AS1,0.023406958,0.42445263,0.9813256547184448,1.0
PDP2,0.023406958,0.50910324,0.9813256547184448,1.0
SPIRE1,0.023406958,0.5105611,0.9813256547184448,1.0
KIF11,0.023406958,0.41654366,0.9813256547184448,1.0
IFITM10,0.023406958,0.55123466,0.9813256547184448,1.0
CD1C,0.023406958,1.1006665,0.9813256547184448,1.0
ZNF665,0.023406958,0.75989175,0.9813256547184448,1.0
ZNF347,0.023406958,0.55592155,0.9813256547184448,1.0
TFE3,0.023406958,0.6516955,0.9813256547184448,1.0
GINS3,0.023406958,0.47203502,0.9813256547184448,1.0
NAGS,0.023406958,0.44060853,0.9813256547184448,1.0
CCDC120,0.023406958,0.56326383,0.9813256547184448,1.0
GTF2H2C,0.023406958,0.9057469,0.9813256547184448,1.0
SLC51A,0.023406958,0.5580481,0.9813256547184448,1.0
TWSG1,0.023406958,0.67387474,0.9813256547184448,1.0
HEATR5A,0.023406958,0.548623,0.9813256547184448,1.0
MED26,0.023406958,0.45043114,0.9813256547184448,1.0
CHEK2,0.023406958,0.9818087,0.9813256547184448,1.0
EMR2,0.023406958,0.6096498,0.9813256547184448,1.0
FIZ1,0.023406958,0.52485615,0.9813256547184448,1.0
KIAA0355,0.023406958,0.42568213,0.9813256547184448,1.0
RP11-252A24.3,0.023406958,0.525602,0.9813256547184448,1.0
LILRA2,0.023406958,0.73033357,0.9813256547184448,1.0
LACE1,0.023406958,0.45514134,0.9813256547184448,1.0
CLN5,0.023406958,0.46095178,0.9813256547184448,1.0
ZNF438,0.023406958,0.48483065,0.9813256547184448,1.0
OTUD7B,0.023406958,0.6844533,0.9813256547184448,1.0
RP4-561L24.3,0.023406958,0.9339555,0.9813256547184448,1.0
ZNF324B,0.023406958,0.45991609,0.9813256547184448,1.0
SLC16A1-AS1,0.023406958,0.42910108,0.9813256547184448,1.0
ARHGEF19,0.023406958,0.41903335,0.9813256547184448,1.0
LRRK2,0.023406958,0.86066604,0.9813256547184448,1.0
RP11-538P18.2,0.023406958,0.7478998,0.9813256547184448,1.0
ADPGK-AS1,0.023406958,1.0135452,0.9813256547184448,1.0
RP11-108P20.1,0.023406958,0.61293346,0.9813256547184448,1.0
PELI2,0.023406958,0.5975162,0.9813256547184448,1.0
C14orf182,0.023406958,0.47761458,0.9813256547184448,1.0
UGGT1,0.023406958,0.67518216,0.9813256547184448,1.0
TMEM163,0.023406958,0.54186165,0.9813256547184448,1.0
RP1-315G1.3,0.023406958,0.70233697,0.9813256547184448,1.0
CTD-2666L21.1,0.023406958,0.54503477,0.9813256547184448,1.0
FRS3,0.023406958,0.5696664,0.9813256547184448,1.0
EPB41L5,0.023406958,0.7030791,0.9813256547184448,1.0
WNK3,0.023406958,0.41357198,0.9813256547184448,1.0
TMEM164,0.023406958,0.94086695,0.9813256547184448,1.0
RP11-279F6.3,0.023406958,0.4855959,0.9813256547184448,1.0
SOCS6,0.023406958,0.67754453,0.9813256547184448,1.0
MID2,0.023406958,0.42446518,0.9813256547184448,1.0
MORN4,0.023406958,0.44364548,0.9813256547184448,1.0
RP11-319G6.1,0.023406958,0.77128285,0.9813256547184448,1.0
PLEKHG4,0.023406958,0.40983808,0.9813256547184448,1.0
CHKA,0.023406958,0.52390695,0.9813256547184448,1.0
ZNF823,0.023406958,0.7413,0.9813256547184448,1.0
PHF2,0.023406958,0.57727563,0.9813256547184448,1.0
C9orf3,0.023406958,0.81944776,0.9813256547184448,1.0
NFIL3,0.023406958,1.1247296,0.9813256547184448,1.0
DPH1,0.023406958,1.0665349,0.9813256547184448,1.0
RP11-181C3.1,0.023406958,0.73587143,0.9813256547184448,1.0
SEC14L2,0.023406958,0.53854245,0.9813256547184448,1.0
ANKRD52,0.023406958,0.42750454,0.9813256547184448,1.0
GPA33,0.023406958,0.72309303,0.9813256547184448,1.0
UBXN10,0.023406958,0.75602716,0.9813256547184448,1.0
TTC30A,0.023406958,1.1391858,0.9813256547184448,1.0
TTC30B,0.023406958,0.48160064,0.9813256547184448,1.0
DNMBP,0.023406958,0.5014895,0.9813256547184448,1.0
ZFHX3,0.023406958,0.9786124,0.9813256547184448,1.0
CSF1,0.023406958,1.1600052,0.9813256547184448,1.0
ERLIN1,0.023406958,0.47393864,0.9813256547184448,1.0
PSPN,0.023406958,0.48649997,0.9813256547184448,1.0
TCAP,0.023406958,0.7062163,0.9813256547184448,1.0
FAM19A1,0.023406958,0.831992,0.9813256547184448,1.0
MARS2,0.023406958,0.94269747,0.9813256547184448,1.0
GLT1D1,0.023406958,0.43424085,0.9813256547184448,1.0
DHX37,0.023406958,0.41530234,0.9813256547184448,1.0
SLC27A2,0.023406958,0.45898825,0.9813256547184448,1.0
RP4-594I10.3,0.023406958,1.0835109,0.9813256547184448,1.0
ZNF654,0.023406958,0.60661286,0.9813256547184448,1.0
ANGEL1,0.023406958,0.5429751,0.9813256547184448,1.0
ARRDC5,0.023406958,0.40943763,0.9813256547184448,1.0
SLC25A35,0.023406958,0.73797643,0.9813256547184448,1.0
RP11-686O6.2,0.023406958,0.57151777,0.9813256547184448,1.0
RP11-105N14.1,0.023406958,0.42544776,0.9813256547184448,1.0
IKZF2,0.023406958,0.48557374,0.9813256547184448,1.0
KIAA1432,0.023406958,0.6789227,0.9813256547184448,1.0
RP3-325F22.5,0.023406958,0.48305482,0.9813256547184448,1.0
NFYC-AS1,0.023406958,0.7241236,0.9813256547184448,1.0
C2CD3,0.023406958,0.89259404,0.9813256547184448,1.0
PDPR,0.023406958,0.41985565,0.9813256547184448,1.0
RP11-861A13.4,0.023406958,0.5504217,0.9813256547184448,1.0
C20orf194,0.023406958,0.44438186,0.9813256547184448,1.0
TPTEP1,0.023406958,0.738699,0.9813256547184448,1.0
ZNF563,0.023406958,0.56707996,0.9813256547184448,1.0
RP5-1085F17.3,0.023406958,0.55914414,0.9813256547184448,1.0
RP11-265N6.1,0.023406958,0.60464805,0.9813256547184448,1.0
EPB42,0.023406958,0.56902695,0.9813256547184448,1.0
SNX24,0.023406958,0.57725096,0.9813256547184448,1.0
ZNF329,0.023406958,0.6189103,0.9813256547184448,1.0
NANP,0.023406958,0.8993137,0.9813256547184448,1.0
RP11-52J3.3,0.023406958,0.43301982,0.9813256547184448,1.0
HIST1H4H,0.023406958,0.4526578,0.9813256547184448,1.0
SMARCA5-AS1,0.023406958,0.80810654,0.9813256547184448,1.0
EIF3C,0.023406958,0.47892126,0.9813256547184448,1.0
KNSTRN,0.023406958,0.73184776,0.9813256547184448,1.0
MAPKBP1,0.023406958,0.5928019,0.9813256547184448,1.0
TRIM16L,0.023406958,0.812913,0.9813256547184448,1.0
MAK16,0.023406958,0.4513493,0.9813256547184448,1.0
NR3C2,0.023406958,0.46808293,0.9813256547184448,1.0
GANC,0.023406958,0.7707175,0.9813256547184448,1.0
IRS1,0.023406958,1.1935114,0.9813256547184448,1.0
JUP,0.023406958,0.8535714,0.9813256547184448,1.0
ZNF251,0.023406958,0.45355526,0.9813256547184448,1.0
GNG7,0.023406958,0.46922347,0.9813256547184448,1.0
RP11-1017G21.5,0.023406958,0.85980076,0.9813256547184448,1.0
RP5-864K19.4,0.023406958,0.6841214,0.9813256547184448,1.0
IZUMO4,0.023406958,0.5256154,0.9813256547184448,1.0
TECPR2,0.023406958,0.5813195,0.9813256547184448,1.0
FSTL3,0.023406958,0.7910063,0.9813256547184448,1.0
RP11-809O17.1,0.023406958,0.40925112,0.9813256547184448,1.0
FAM160B1,0.023406958,0.59512717,0.9813256547184448,1.0
RP11-629O1.2,0.023406958,0.6225252,0.9813256547184448,1.0
PRKAR2A-AS1,0.023406958,0.48708844,0.9813256547184448,1.0
CTD-2007H13.3,0.023406958,0.42685738,0.9813256547184448,1.0
GMPPB,0.023406958,0.6225513,0.9813256547184448,1.0
EEF2K,0.023406958,0.6058358,0.9813256547184448,1.0
NOD1,0.023406958,0.47861704,0.9813256547184448,1.0
CARD6,0.023406958,0.49075255,0.9813256547184448,1.0
ANKRD34A,0.023406958,0.6876354,0.9813256547184448,1.0
SGCE,0.023406958,0.43199253,0.9813256547184448,1.0
BLOC1S3,0.023406958,0.5594783,0.9813256547184448,1.0
ZHX2,0.023406958,0.5517734,0.9813256547184448,1.0
SS18L1,0.023406958,0.77904963,0.9813256547184448,1.0
GHRL,0.023406958,0.54613304,0.9813256547184448,1.0
AP000442.1,0.023406958,0.6305247,0.9813256547184448,1.0
B4GALT5,0.023406958,0.49071243,0.9813256547184448,1.0
ZC3H12D,0.023406958,0.8117266,0.9813256547184448,1.0
PLAGL1,0.023406958,0.54250646,0.9813256547184448,1.0
C5orf30,0.023406958,0.44391972,0.9813256547184448,1.0
ZNF852,0.023406958,0.41488644,0.9813256547184448,1.0
SNX16,0.023406958,0.4089733,0.9813256547184448,1.0
TMEM143,0.023406958,0.9061078,0.9813256547184448,1.0
PSPH,0.023406958,0.5267103,0.9813256547184448,1.0
AC022400.2,0.023406958,0.5283641,0.9813256547184448,1.0
PYGM,0.023406958,0.45078984,0.9813256547184448,1.0
RP11-464F9.20,0.023406958,0.5206907,0.9813256547184448,1.0
AC074183.4,0.023406958,0.67278016,0.9813256547184448,1.0
RSBN1L-AS1,0.023406958,0.93554425,0.9813256547184448,1.0
KLRK1,0.023406958,0.9163658,0.9813256547184448,1.0
DNAJC3-AS1,0.023406958,0.47436523,0.9813256547184448,1.0
RP11-277P12.20,0.023406958,0.42710727,0.9813256547184448,1.0
AP001062.7,0.023406958,0.63595587,0.9813256547184448,1.0
RP11-442H21.2,0.023406958,0.79754734,0.9813256547184448,1.0
WDFY2,0.023406958,0.45069474,0.9813256547184448,1.0
CDC7,0.023406958,1.1744931,0.9813256547184448,1.0
SLC29A1,0.023406958,0.44713125,0.9813256547184448,1.0
ZNF134,0.023406958,0.6020863,0.9813256547184448,1.0
STXBP4,0.023406958,1.1305842,0.9813256547184448,1.0
TASP1,0.023023238,0.13526241,0.981631736988159,1.0
XPO7,0.023023238,0.16285641,0.981631736988159,1.0
GPS1,0.023023238,0.14892378,0.981631736988159,1.0
ING2,0.023023238,0.0747746,0.981631736988159,1.0
CLIP4,0.023023238,0.14608711,0.981631736988159,1.0
AC009403.2,0.023023238,0.38694537,0.981631736988159,1.0
MTHFD1,0.023023238,0.13557099,0.981631736988159,1.0
SLC22A17,0.023023238,0.40128082,0.981631736988159,1.0
RP11-166O4.6,0.022639517,0.32345656,0.9819378219619662,1.0
CYB5D1,0.022639517,0.39034635,0.9819378219619662,1.0
RP1-102H19.8,0.022639517,0.06681988,0.9819378219619662,1.0
TRPM2,0.022639517,0.1402861,0.9819378219619662,1.0
RBM26-AS1,0.022639517,-0.12376171,0.9819378219619662,1.0
AGAP5,0.022639517,0.33121446,0.9819378219619662,1.0
PLEKHG2,0.022639517,0.24343814,0.9819378219619662,1.0
FKBP1B,0.022639517,0.36445966,0.9819378219619662,1.0
TOP3B,0.022639517,0.07718278,0.9819378219619662,1.0
NFAM1,0.022639517,0.33675325,0.9819378219619662,1.0
POU6F1,0.022639517,0.15173282,0.9819378219619662,1.0
ZMYM4,0.022639517,0.372028,0.9819378219619662,1.0
KIAA0125,0.022639517,-0.07754613,0.9819378219619662,1.0
INF2,0.022639517,0.3052304,0.9819378219619662,1.0
LSM14B,0.022639517,0.38134846,0.9819378219619662,1.0
RP11-37B2.1,0.022639517,0.258529,0.9819378219619662,1.0
SLCO4C1,0.022639517,0.24117382,0.9819378219619662,1.0
RP11-1100L3.8,0.022639517,0.24996619,0.9819378219619662,1.0
POLR3B,0.022639517,0.13071516,0.9819378219619662,1.0
SLC43A2,0.022639517,0.3724711,0.9819378219619662,1.0
LIME1,0.022639517,0.38850382,0.9819378219619662,1.0
IL17RE,0.022639517,0.33109516,0.9819378219619662,1.0
KDM5B,0.022639517,0.3444066,0.9819378219619662,1.0
ZNF10,0.022639517,0.36344433,0.9819378219619662,1.0
CTRL,0.022639517,0.3396093,0.9819378219619662,1.0
FYCO1,0.022639517,-0.047377393,0.9819378219619662,1.0
ZNF589,0.022639517,0.023936272,0.9819378219619662,1.0
LOH12CR2,0.022639517,0.11976779,0.9819378219619662,1.0
CCR10,0.022639517,0.39436093,0.9819378219619662,1.0
RAD18,0.022639517,-0.219911,0.9819378219619662,1.0
ZFAT,0.022639517,0.1893946,0.9819378219619662,1.0
DKFZP434E1119,0.022639517,0.3042406,0.9819378219619662,1.0
ADSSL1,0.022639517,0.31483668,0.9819378219619662,1.0
AC129492.6,0.022639517,0.38599563,0.9819378219619662,1.0
SOX4,0.022639517,0.2843948,0.9819378219619662,1.0
AIM1L,0.022639517,0.07303876,0.9819378219619662,1.0
TBX19,0.022639517,0.3435405,0.9819378219619662,1.0
HYAL3,0.022639517,0.37128234,0.9819378219619662,1.0
ADAM9,0.022639517,0.31675607,0.9819378219619662,1.0
KLF16,0.022639517,-0.039119594,0.9819378219619662,1.0
FAM135A,0.022639517,0.39029956,0.9819378219619662,1.0
C11orf74,0.022639517,-0.2064793,0.9819378219619662,1.0
LAYN,0.022639517,0.30151254,0.9819378219619662,1.0
IL21R-AS1,0.022639517,0.00752986,0.9819378219619662,1.0
RP3-380B8.4,0.022639517,0.3931377,0.9819378219619662,1.0
WNT10B,0.022639517,0.3977879,0.9819378219619662,1.0
PNOC,0.022639517,-0.05075068,0.9819378219619662,1.0
PLK1,0.022639517,-0.07503964,0.9819378219619662,1.0
MST1,0.022639517,0.22119644,0.9819378219619662,1.0
RLN1,0.022639517,0.2728315,0.9819378219619662,1.0
PROK2,0.022639517,0.36948863,0.9819378219619662,1.0
CDAN1,0.022639517,-0.0018436487,0.9819378219619662,1.0
POC1A,0.022639517,0.31672978,0.9819378219619662,1.0
RP11-390F4.3,0.022639517,0.28653315,0.9819378219619662,1.0
PWWP2B,0.022639517,0.35138735,0.9819378219619662,1.0
MGLL,0.022639517,0.3996131,0.9819378219619662,1.0
LIPC,0.022639517,0.3490312,0.9819378219619662,1.0
ARHGEF39,0.022639517,0.22051713,0.9819378219619662,1.0
TMEM200A,0.022639517,0.3670992,0.9819378219619662,1.0
GS1-124K5.11,0.022639517,0.31476027,0.9819378219619662,1.0
RASD1,0.022639517,0.10776123,0.9819378219619662,1.0
CHRNE,0.022639517,0.34105825,0.9819378219619662,1.0
PAK4,0.022639517,0.15223797,0.9819378219619662,1.0
PLD6,0.022639517,0.33407697,0.9819378219619662,1.0
BOLA2B,0.022639517,0.2709018,0.9819378219619662,1.0
TUFT1,0.022639517,0.28505415,0.9819378219619662,1.0
HSF2BP,0.022639517,0.024883758,0.9819378219619662,1.0
SBF2-AS1,0.022639517,0.26195505,0.9819378219619662,1.0
RP11-342K6.1,0.022639517,0.33279124,0.9819378219619662,1.0
SLC16A13,0.022639517,0.36553353,0.9819378219619662,1.0
DDX11,0.022639517,0.30829257,0.9819378219619662,1.0
KLHL26,0.022639517,0.22062352,0.9819378219619662,1.0
RIN1,0.022639517,0.19248503,0.9819378219619662,1.0
FANCB,0.022639517,0.22764492,0.9819378219619662,1.0
ZFPM1,0.022639517,0.36131522,0.9819378219619662,1.0
MED14,0.022639517,0.14987582,0.9819378219619662,1.0
RP11-493L12.4,0.022639517,0.38895676,0.9819378219619662,1.0
DAPK1,0.022639517,0.21057779,0.9819378219619662,1.0
RP6-91H8.3,0.022639517,0.24029963,0.9819378219619662,1.0
H1FX-AS1,0.022639517,0.29285187,0.9819378219619662,1.0
FNIP1,0.022639517,0.319008,0.9819378219619662,1.0
HHAT,0.022639517,0.25471762,0.9819378219619662,1.0
RP11-805J14.5,0.022639517,-0.050735455,0.9819378219619662,1.0
CARM1,0.022639517,0.04410675,0.9819378219619662,1.0
RBFOX2,0.022639517,0.23449038,0.9819378219619662,1.0
ZNF169,0.022639517,0.37411425,0.9819378219619662,1.0
ZNF69,0.022639517,0.12532154,0.9819378219619662,1.0
RP11-175O19.4,0.022639517,0.060672455,0.9819378219619662,1.0
GOLGA7B,0.022639517,0.13192673,0.9819378219619662,1.0
CTD-2616J11.2,0.022639517,0.3071978,0.9819378219619662,1.0
HABP4,0.022639517,0.08715612,0.9819378219619662,1.0
PVRL1,0.022639517,0.37330806,0.9819378219619662,1.0
RP11-79P5.9,0.022639517,-0.18938485,0.9819378219619662,1.0
TMOD2,0.022639517,0.010873673,0.9819378219619662,1.0
SIGLEC1,0.022639517,0.1967363,0.9819378219619662,1.0
ZBTB11-AS1,0.022639517,0.27189264,0.9819378219619662,1.0
EPB41L2,0.022639517,0.00387049,0.9819378219619662,1.0
ZNF79,0.022639517,0.19137727,0.9819378219619662,1.0
FANCM,0.022639517,0.3768944,0.9819378219619662,1.0
GDF11,0.022639517,0.30714452,0.9819378219619662,1.0
DOK6,0.022639517,0.11884889,0.9819378219619662,1.0
INCENP,0.022639517,0.30263877,0.9819378219619662,1.0
MSANTD3,0.022639517,0.34041178,0.9819378219619662,1.0
VPS9D1,0.022639517,0.32135567,0.9819378219619662,1.0
NCBP1,0.022639517,0.2810479,0.9819378219619662,1.0
RP11-87C12.2,0.022639517,0.10284027,0.9819378219619662,1.0
CCDC15,0.022639517,0.12839721,0.9819378219619662,1.0
GNB4,0.022639517,0.2413558,0.9819378219619662,1.0
RP13-188A5.1,0.022639517,0.28481895,0.9819378219619662,1.0
RP11-418J17.1,0.022639517,0.3714321,0.9819378219619662,1.0
HCFC2,0.022639517,0.24633145,0.9819378219619662,1.0
ZNF202,0.022639517,0.37315592,0.9819378219619662,1.0
SIAE,0.022639517,-0.0015717973,0.9819378219619662,1.0
EIF2B5,0.022639517,0.075065196,0.9819378219619662,1.0
PIK3R2,0.022639517,0.29409802,0.9819378219619662,1.0
ZNF618,0.022639517,0.16957287,0.9819378219619662,1.0
ZNF404,0.022639517,0.18591432,0.9819378219619662,1.0
SPATA6,0.022639517,0.2391912,0.9819378219619662,1.0
RP11-690G19.3,0.022639517,-0.026063941,0.9819378219619662,1.0
HAUS8,0.022639517,0.30477402,0.9819378219619662,1.0
TCEANC2,0.022639517,-0.109289266,0.9819378219619662,1.0
SUSD4,0.022639517,0.2884541,0.9819378219619662,1.0
RNF103,0.022639517,0.19296536,0.9819378219619662,1.0
L3MBTL4,0.022639517,0.12981057,0.9819378219619662,1.0
ZNF615,0.022639517,0.36201155,0.9819378219619662,1.0
FRMPD3,0.022639517,0.38437578,0.9819378219619662,1.0
ZNF415,0.022639517,0.2662483,0.9819378219619662,1.0
TNFRSF11A,0.022639517,0.13593915,0.9819378219619662,1.0
IFT122,0.022639517,0.3758534,0.9819378219619662,1.0
ZNF383,0.022639517,0.13650723,0.9819378219619662,1.0
ZNF570,0.022639517,0.39382982,0.9819378219619662,1.0
STK19,0.022639517,0.026883837,0.9819378219619662,1.0
TBC1D24,0.022639517,0.31366357,0.9819378219619662,1.0
MRPS24,0.022639517,0.3146117,0.9819378219619662,1.0
RASGRP3,0.022639517,0.3069369,0.9819378219619662,1.0
CEBPA,0.022639517,0.40026414,0.9819378219619662,1.0
EHD3,0.022639517,0.35141373,0.9819378219619662,1.0
PDE9A,0.022639517,0.34039488,0.9819378219619662,1.0
RP11-499P20.2,0.022639517,-0.07685844,0.9819378219619662,1.0
RP4-803J11.2,0.022639517,0.23350959,0.9819378219619662,1.0
MED14-AS1,0.022639517,0.27704063,0.9819378219619662,1.0
SCML1,0.022639517,-0.43651527,0.9819378219619662,1.0
BLM,0.022639517,0.36215964,0.9819378219619662,1.0
FASN,0.022639517,0.29659373,0.9819378219619662,1.0
CAPRIN2,0.022639517,0.283719,0.9819378219619662,1.0
CCDC78,0.022639517,0.06956274,0.9819378219619662,1.0
RP11-344P13.6,0.022639517,0.14595355,0.9819378219619662,1.0
AP5B1,0.022639517,0.055412855,0.9819378219619662,1.0
ZNRF1,0.022639517,0.094754875,0.9819378219619662,1.0
LCN8,0.022639517,0.3199203,0.9819378219619662,1.0
KIAA1841,0.022639517,0.33317843,0.9819378219619662,1.0
AC069363.1,0.022639517,0.16710477,0.9819378219619662,1.0
LRP5L,0.022639517,0.34110087,0.9819378219619662,1.0
LINC00623,0.022639517,0.1054681,0.9819378219619662,1.0
CNTNAP2,0.022639517,0.37677875,0.9819378219619662,1.0
SPSB1,0.022639517,0.15590167,0.9819378219619662,1.0
RP11-490M8.1,0.022639517,-0.19833323,0.9819378219619662,1.0
NUDT19,0.022639517,0.36998972,0.9819378219619662,1.0
PPFIBP2,0.022639517,0.37326747,0.9819378219619662,1.0
KIAA0753,0.022639517,0.27069914,0.9819378219619662,1.0
C17orf100,0.022639517,0.23199517,0.9819378219619662,1.0
C5orf22,0.022639517,0.38809332,0.9819378219619662,1.0
CTD-2135D7.5,0.022639517,0.29599026,0.9819378219619662,1.0
FBF1,0.022639517,0.3924701,0.9819378219619662,1.0
AMACR,0.022639517,0.15839256,0.9819378219619662,1.0
CYSLTR2,0.022639517,0.21139856,0.9819378219619662,1.0
RP11-401F2.3,0.022639517,-0.20704527,0.9819378219619662,1.0
SLC26A2,0.022639517,0.16121916,0.9819378219619662,1.0
GAN,0.022639517,0.31324697,0.9819378219619662,1.0
TRIM24,0.022639517,0.19371274,0.9819378219619662,1.0
CTB-152G17.6,0.022639517,0.18413188,0.9819378219619662,1.0
TANGO6,0.022255797,0.13460355,0.9822439095948216,1.0
NARS2,0.022255797,0.2634505,0.9822439095948216,1.0
FAM210B,0.022255797,0.12456126,0.9822439095948216,1.0
WDR76,0.022255797,0.14888653,0.9822439095948216,1.0
ZNF268,0.022255797,0.1268552,0.9822439095948216,1.0
AACS,0.022255797,0.11275775,0.9822439095948216,1.0
SMIM13,0.022255797,0.2669295,0.9822439095948216,1.0
TLK2,0.022255797,0.15164734,0.9822439095948216,1.0
MEX3C,0.022255797,0.192475,0.9822439095948216,1.0
LEAP2,0.022255797,0.16045994,0.9822439095948216,1.0
PURA,0.021872075,0.08564863,0.9825499998416789,1.0
YEATS4,0.021872075,0.062372617,0.9825499998416789,1.0
PAXIP1-AS1,0.021872075,0.11851176,0.9825499998416789,1.0
SUPT6H,0.021488355,0.1237216,0.9828560926574909,1.0
DSTYK,0.021488355,0.12045342,0.9828560926574909,1.0
NAPRT1,0.021488355,-0.013951911,0.9828560926574909,1.0
TVP23B,0.021488355,0.17156035,0.9828560926574909,1.0
ZDHHC5,0.021488355,0.17719713,0.9828560926574909,1.0
WDR75,0.021488355,0.1786469,0.9828560926574909,1.0
ETAA1,0.021488355,0.11915891,0.9828560926574909,1.0
EXOSC2,0.021488355,0.017397685,0.9828560926574909,1.0
NUP98,0.021488355,0.10807221,0.9828560926574909,1.0
SNAI3,0.021104634,0.11064919,0.9831621879972093,1.0
CUL1,0.021104634,0.12025863,0.9831621879972093,1.0
HERPUD2,0.020720914,0.017435793,0.9834682858157845,1.0
GLTSCR1L,0.020720914,-0.008901033,0.9834682858157845,1.0
VPS13D,0.020720914,0.22324088,0.9834682858157845,1.0
MED1,0.020720914,0.21268794,0.9834682858157845,1.0
PRKACA,0.020720914,0.1031581,0.9834682858157845,1.0
UBA6-AS1,0.020720914,0.13027987,0.9834682858157845,1.0
RP5-940J5.9,0.020720914,0.14602812,0.9834682858157845,1.0
GBF1,0.020720914,0.11291931,0.9834682858157845,1.0
SNX13,0.019953473,0.051370904,0.9840804887093021,1.0
MED23,0.019953473,-0.008192339,0.9840804887093021,1.0
FAM24B,0.019953473,0.042264733,0.9840804887093021,1.0
PTPN11,0.019953473,0.19105782,0.9840804887093021,1.0
PIK3CG,0.019953473,0.21947947,0.9840804887093021,1.0
URGCP,0.019953473,0.08608147,0.9840804887093021,1.0
ZNF584,0.019953473,0.113334596,0.9840804887093021,1.0
RELB,0.019953473,0.10238094,0.9840804887093021,1.0
PHF10,0.019953473,0.114377365,0.9840804887093021,1.0
AMPD2,0.019953473,0.054324046,0.9840804887093021,1.0
TNRC6C,0.019569753,0.056748208,0.98438659369414,1.0
PPP6R3,0.019569753,0.013517793,0.98438659369414,1.0
UBR1,0.019186031,0.044151016,0.9846927009776261,1.0
FLYWCH1,0.019186031,0.05106099,0.9846927009776261,1.0
GALNS,0.019186031,-0.07222514,0.9846927009776261,1.0
NELFB,0.019186031,-0.35025477,0.9846927009776261,1.0
SLC25A25,0.019186031,-0.011901516,0.9846927009776261,1.0
SNX19,0.019186031,-0.0024011228,0.9846927009776261,1.0
EIF1AX,0.019186031,0.06640471,0.9846927009776261,1.0
MOV10,0.019186031,0.059533913,0.9846927009776261,1.0
N4BP1,0.019186031,0.123623185,0.9846927009776261,1.0
SMCO4,0.019186031,0.029462488,0.9846927009776261,1.0
FARSA,0.019186031,0.03355673,0.9846927009776261,1.0
ANKRD27,0.019186031,0.05904743,0.9846927009776261,1.0
POLG2,0.018802311,0.03336015,0.9849988105147055,1.0
SPTAN1,0.018802311,0.015449951,0.9849988105147055,1.0
UBAP2L,0.018802311,0.049806245,0.9849988105147055,1.0
HAUS3,0.018802311,0.04213093,0.9849988105147055,1.0
DCAF12,0.01841859,0.039476354,0.9853049222603224,1.0
GRPEL1,0.01841859,0.040910736,0.9853049222603224,1.0
FAM222B,0.01841859,0.008604758,0.9853049222603224,1.0
ACBD5,0.01803487,-0.044564456,0.9856110361694201,1.0
ZMPSTE24,0.01803487,0.03760741,0.9856110361694201,1.0
MALT1,0.01803487,-0.013901825,0.9856110361694201,1.0
DNAJC7,0.01803487,-0.03645019,0.9856110361694201,1.0
IPO11,0.017651148,0.00609084,0.9859171521969411,1.0
LMAN2L,0.017651148,-0.08658686,0.9859171521969411,1.0
NCOA7,0.017267428,0.0028595612,0.9862232702978264,1.0
UNC119,0.017267428,0.061513733,0.9862232702978264,1.0
LPCAT4,0.017267428,-0.039138637,0.9862232702978264,1.0
DUS2,0.016883707,-0.06825943,0.9865293904270167,1.0
ANKRD49,0.016883707,-0.135385,0.9865293904270167,1.0
MON1A,0.016883707,0.007803983,0.9865293904270167,1.0
TRMT10C,0.016883707,-0.0047882064,0.9865293904270167,1.0
ABHD16A,0.016883707,-0.0012336994,0.9865293904270167,1.0
ESRRA,0.016883707,0.029612202,0.9865293904270167,1.0
CDIP1,0.016499987,0.028777985,0.9868355125394515,1.0
FBL,0.016499987,-0.008665487,0.9868355125394515,1.0
CXorf40A,0.016116267,-0.12601075,0.9871416365900694,1.0
MSRA,0.016116267,-0.008522116,0.9871416365900694,1.0
TRIB3,0.016116267,0.023660762,0.9871416365900694,1.0
OXCT1,0.015732545,0.036375184,0.9874477625338082,1.0
IPCEF1,0.015732545,0.025183374,0.9874477625338082,1.0
ARL1,0.015348825,0.0027543502,0.987753890325605,1.0
TCTEX1D2,0.014965104,-0.041632436,0.9880600199203959,1.0
C10orf32,0.014197663,-0.022308627,0.988672284338701,1.0
HMGN4,0.014197663,0.0446799,0.988672284338701,1.0
MTMR2,0.013813943,-0.12739491,0.9889784190720834,1.0
MESDC2,0.013813943,-0.016997948,0.9889784190720834,1.0
RAB1A,0.013813943,0.048695996,0.9889784190720834,1.0
C6orf211,0.013430222,-0.0067286016,0.9892845554281969,1.0
SIDT1-AS1,0.013046501,0.17390992,0.9895906933619738,1.0
JMJD8,0.0126627805,-0.02300944,0.9898968328283458,1.0
MAPKAP1,0.01227906,0.23949338,0.990202973782244,1.0
C20orf27,0.01227906,0.06965314,0.990202973782244,1.0
C12orf44,0.011895339,-0.023458509,0.9905091161785986,1.0
INTS6,0.011895339,-0.038126417,0.9905091161785986,1.0
RPF2,0.011895339,-0.030810863,0.9905091161785986,1.0
DLGAP4,0.011895339,-0.016999776,0.9905091161785986,1.0
YY1AP1,0.011511619,0.020280229,0.9908152599723393,1.0
SUGT1,0.0111278985,0.036489442,0.9911214051183954,1.0
C1orf52,0.010744178,0.088941395,0.9914275515716953,1.0
NFAT5,0.010744178,0.166524,0.9914275515716953,1.0
ASXL1,0.010744178,0.18816654,0.9914275515716953,1.0
FAM219B,0.010360457,-0.035916872,0.9917336992871668,1.0
PCED1B,0.009976736,-0.038069073,0.9920398482197375,1.0
ZCRB1,0.009593016,0.086759746,0.992345998324334,1.0
UPF3A,0.009593016,-0.049538102,0.992345998324334,1.0
RSBN1L,0.009209295,-0.009321564,0.9926521495558828,1.0
VPS11,0.008441853,0.24269618,0.9932644552195397,1.0
ERP44,0.008441853,-0.023964474,0.9932644552195397,1.0
FAM105A,0.0076744123,0.060010426,0.9938767648501091,1.0
PIP4K2A,0.0076744123,0.14542626,0.9938767648501091,1.0
PIGK,0.007290692,-0.051024705,0.9941829210402969,1.0
PMAIP1,0.0065232506,0.0048989295,0.9947952359450968,1.0
STX16,0.00613953,0.009226878,0.9951013945695549,1.0
ARL4A,0.005372089,0.0006811713,0.9957137139372005,1.0
SMAD2,0.005372089,-0.0613403,0.9957137139372005,1.0
ZNF720,0.005372089,0.07912884,0.9957137139372005,1.0
TMUB2,0.005372089,0.06130532,0.9957137139372005,1.0
MPV17,0.0046046474,0.20677139,0.9963260358292986,1.0
XRN2,0.0046046474,0.09782507,0.9963260358292986,1.0
SNX11,0.0038372062,0.10693282,0.9969383598852212,1.0
MRPL33,0.0038372062,-0.023030153,0.9969383598852212,1.0
MAP4K4,0.0038372062,0.11068577,0.9969383598852212,1.0
C12orf29,0.003069765,0.0616037,0.9975506857443369,1.0
RP11-356I2.4,0.003069765,0.19333872,0.9975506857443369,1.0
BRD3,0.003069765,0.11630619,0.9975506857443369,1.0
IL18RAP,0.003069765,0.08753059,0.9975506857443369,1.0
YPEL3,0.003069765,0.02403051,0.9975506857443369,1.0
GEMIN2,0.003069765,0.06752239,0.9975506857443369,1.0
C7orf50,0.0026860444,0.036657423,0.9978568492373938,1.0
SNX20,0.0026860444,0.01863908,0.9978568492373938,1.0
UBALD1,0.0019186031,0.103731394,0.9984691771251081,1.0
STRN,0.0015348825,0.28127992,0.9987753414296058,1.0
A2M-AS1,0.0015348825,0.13689403,0.9987753414296058,1.0
TEP1,0.0015348825,0.16844125,0.9987753414296058,1.0
TXNL4B,0.0015348825,0.12896231,0.9987753414296058,1.0
PYGO2,0.0015348825,0.17564511,0.9987753414296058,1.0
PLA2G6,0.0015348825,0.18297783,0.9987753414296058,1.0
CTSF,0.0015348825,-0.08756387,0.9987753414296058,1.0
TRIM32,0.0015348825,0.1952966,0.9987753414296058,1.0
FAM114A2,0.0015348825,0.2529473,0.9987753414296058,1.0
FAM76B,0.0015348825,0.5106548,0.9987753414296058,1.0
NFRKB,0.0015348825,0.09782053,0.9987753414296058,1.0
DIABLO,0.00076744123,0.028878994,0.9993876705344823,1.0
VEZF1,0.00076744123,0.04858659,0.9993876705344823,1.0
PNMA1,0.00076744123,0.22714168,0.9993876705344823,1.0
DNAJC11,0.00076744123,0.27613372,0.9993876705344823,1.0
KIAA2013,0.00076744123,0.1884921,0.9993876705344823,1.0
GNB1L,0.00076744123,0.13526392,0.9993876705344823,1.0
NIPAL3,0.00076744123,0.10440457,0.9993876705344823,1.0
RP3-395M20.9,0.0,0.0,1.0,1.0
FAM20C,0.0,0.0,1.0,1.0
AC147651.3,0.0,0.0,1.0,1.0
SEPT4,0.0,0.0,1.0,1.0
RP5-1103G7.4,0.0,0.0,1.0,1.0
CTD-3154N5.1,0.0,0.0,1.0,1.0
HGD,0.0,0.0,1.0,1.0
KIAA0895L,0.0,0.0,1.0,1.0
RP11-1151B14.4,0.0,0.0,1.0,1.0
ZBED3,0.0,0.0,1.0,1.0
B3GNT9,0.0,0.0,1.0,1.0
HSF4,0.0,0.0,1.0,1.0
NOL3,0.0,0.0,1.0,1.0
RP11-403I13.4,0.0,0.0,1.0,1.0
NEDD4L,0.0,0.0,1.0,1.0
MTX3,0.0,0.0,1.0,1.0
KIAA0101,0.0,0.0,1.0,1.0
NAPSA,0.0,0.0,1.0,1.0
SLC14A1,0.0,0.0,1.0,1.0
FAM127C,0.0,0.0,1.0,1.0
MLLT4,0.0,0.0,1.0,1.0
HIC1,0.0,0.0,1.0,1.0
RP11-514O12.4,0.0,0.0,1.0,1.0
RPS6KA2,0.0,0.0,1.0,1.0
ARMCX1,0.0,0.0,1.0,1.0
TCEAL2,0.0,0.0,1.0,1.0
CCNB2,0.0,0.0,1.0,1.0
ARMCX2,0.0,0.0,1.0,1.0
MYO1E,0.0,0.0,1.0,1.0
MYLK,0.0,0.0,1.0,1.0
RP11-17M16.1,0.0,0.0,1.0,1.0
CRHBP,0.0,0.0,1.0,1.0
RP1-168L15.5,0.0,0.0,1.0,1.0
BRCA1,0.0,0.0,1.0,1.0
AL590822.2,0.0,0.0,1.0,1.0
RP11-314N13.3,0.0,0.0,1.0,1.0
SIRPD,0.0,0.0,1.0,1.0
AQP9,0.0,0.0,1.0,1.0
RP11-484K9.4,0.0,0.0,1.0,1.0
RP4-684O24.5,0.0,0.0,1.0,1.0
NKD1,0.0,0.0,1.0,1.0
PVRL3,0.0,0.0,1.0,1.0
RP11-128M1.1,0.0,0.0,1.0,1.0
PDK4,0.0,0.0,1.0,1.0
RP11-817O13.8,0.0,0.0,1.0,1.0
ARHGAP31,0.0,0.0,1.0,1.0
ZNF185,0.0,0.0,1.0,1.0
OXT,0.0,0.0,1.0,1.0
PDIA5,0.0,0.0,1.0,1.0
PNMA3,0.0,0.0,1.0,1.0
CPT1B,0.0,0.0,1.0,1.0
URB1,0.0,0.0,1.0,1.0
FAM81A,0.0,0.0,1.0,1.0
RP11-190C22.9,0.0,0.0,1.0,1.0
FCGR1A,0.0,0.0,1.0,1.0
GAS2,0.0,0.0,1.0,1.0
MEOX1,0.0,0.0,1.0,1.0
TEX14,0.0,0.0,1.0,1.0
RP4-607J23.2,0.0,0.0,1.0,1.0
HCG27,0.0,0.0,1.0,1.0
EXOC3L1,0.0,0.0,1.0,1.0
SOX12,0.0,0.0,1.0,1.0
SYTL4,0.0,0.0,1.0,1.0
HMGN5,0.0,0.0,1.0,1.0
CHM,0.0,0.0,1.0,1.0
AC099850.1,0.0,0.0,1.0,1.0
RP11-361D15.2,0.0,0.0,1.0,1.0
RP11-219B17.1,0.0,0.0,1.0,1.0
GRAMD1C,0.0,0.0,1.0,1.0
ZNF711,0.0,0.0,1.0,1.0
PLXNA3,0.0,0.0,1.0,1.0
HCFC1-AS1,0.0,0.0,1.0,1.0
SDCBP2,0.0,0.0,1.0,1.0
RPA4,0.0,0.0,1.0,1.0
RP11-326C3.12,0.0,0.0,1.0,1.0
LRRC56,0.0,0.0,1.0,1.0
RP11-496I9.1,0.0,0.0,1.0,1.0
HPD,0.0,0.0,1.0,1.0
MORF4L2-AS1,0.0,0.0,1.0,1.0
NMNAT3,0.0,0.0,1.0,1.0
GPRASP1,0.0,0.0,1.0,1.0
ATP8B1,0.0,0.0,1.0,1.0
BFSP2,0.0,0.0,1.0,1.0
CDH20,0.0,0.0,1.0,1.0
RP11-879F14.2,0.0,0.0,1.0,1.0
RP11-666A20.4,0.0,0.0,1.0,1.0
SIRPB2,0.0,0.0,1.0,1.0
MCAM,0.0,0.0,1.0,1.0
TXNRD3,0.0,0.0,1.0,1.0
GLCE,0.0,0.0,1.0,1.0
UACA,0.0,0.0,1.0,1.0
SENP8,0.0,0.0,1.0,1.0
GTSCR1,0.0,0.0,1.0,1.0
IL13RA1,0.0,0.0,1.0,1.0
RP11-502I4.3,0.0,0.0,1.0,1.0
TMCC1-AS1,0.0,0.0,1.0,1.0
CCDC153,0.0,0.0,1.0,1.0
ACAD11,0.0,0.0,1.0,1.0
USP3-AS1,0.0,0.0,1.0,1.0
CHST13,0.0,0.0,1.0,1.0
RP11-91G21.1,0.0,0.0,1.0,1.0
KCNE1L,0.0,0.0,1.0,1.0
SPESP1,0.0,0.0,1.0,1.0
GCNT4,0.0,0.0,1.0,1.0
ANKRD31,0.0,0.0,1.0,1.0
F2RL1,0.0,0.0,1.0,1.0
S100Z,0.0,0.0,1.0,1.0
SERPINB2,0.0,0.0,1.0,1.0
LINC00920,0.0,0.0,1.0,1.0
MRAS,0.0,0.0,1.0,1.0
GPER1,0.0,0.0,1.0,1.0
WBP5,0.0,0.0,1.0,1.0
CCDC62,0.0,0.0,1.0,1.0
SCGB1C1,0.0,0.0,1.0,1.0
ABCB9,0.0,0.0,1.0,1.0
PITPNM2,0.0,0.0,1.0,1.0
RP11-282O18.3,0.0,0.0,1.0,1.0
CDK2AP1,0.0,0.0,1.0,1.0
KLK1,0.0,0.0,1.0,1.0
VSIG10L,0.0,0.0,1.0,1.0
RP1-224A6.3,0.0,0.0,1.0,1.0
BEX1,0.0,0.0,1.0,1.0
FXYD6,0.0,0.0,1.0,1.0
TMPRSS13,0.0,0.0,1.0,1.0
HCAR3,0.0,0.0,1.0,1.0
ELMO3,0.0,0.0,1.0,1.0
RP11-379F4.9,0.0,0.0,1.0,1.0
NKAPL,0.0,0.0,1.0,1.0
BACE1,0.0,0.0,1.0,1.0
AF127936.7,0.0,0.0,1.0,1.0
MIR155HG,0.0,0.0,1.0,1.0
CTA-384D8.34,0.0,0.0,1.0,1.0
SYCE3,0.0,0.0,1.0,1.0
PLXNA1,0.0,0.0,1.0,1.0
GATA2,0.0,0.0,1.0,1.0
SLC24A1,0.0,0.0,1.0,1.0
RAP2C-AS1,0.0,0.0,1.0,1.0
RP11-432J24.2,0.0,0.0,1.0,1.0
FBXL22,0.0,0.0,1.0,1.0
VENTX,0.0,0.0,1.0,1.0
CTD-2545M3.2,0.0,0.0,1.0,1.0
XXbac-BPG181B23.7,0.0,0.0,1.0,1.0
RP11-206L10.2,0.0,0.0,1.0,1.0
RP11-206L10.9,0.0,0.0,1.0,1.0
TAS2R30,0.0,0.0,1.0,1.0
MANSC1,0.0,0.0,1.0,1.0
RP11-90D4.3,0.0,0.0,1.0,1.0
CLEC4D,0.0,0.0,1.0,1.0
RIMKLB,0.0,0.0,1.0,1.0
PBX1,0.0,0.0,1.0,1.0
KCNC3,0.0,0.0,1.0,1.0
UTF1,0.0,0.0,1.0,1.0
CALML4,0.0,0.0,1.0,1.0
ALPL,0.0,0.0,1.0,1.0
HSPG2,0.0,0.0,1.0,1.0
RP11-466F5.8,0.0,0.0,1.0,1.0
SIGLEC12,0.0,0.0,1.0,1.0
AC018755.1,0.0,0.0,1.0,1.0
RP11-110I1.13,0.0,0.0,1.0,1.0
SIGLEC5,0.0,0.0,1.0,1.0
RP11-110I1.14,0.0,0.0,1.0,1.0
FCGR3B,0.0,0.0,1.0,1.0
RP11-267N12.3,0.0,0.0,1.0,1.0
RP1-100J12.1,0.0,0.0,1.0,1.0
AC139100.2,0.0,0.0,1.0,1.0
EPHB2,0.0,0.0,1.0,1.0
RP1-266L20.2,0.0,0.0,1.0,1.0
C1orf213,0.0,0.0,1.0,1.0
HIST1H4I,0.0,0.0,1.0,1.0
ZNF391,0.0,0.0,1.0,1.0
HIST1H2AL,0.0,0.0,1.0,1.0
APP,0.0,0.0,1.0,1.0
MINOS1-NBL1,0.0,0.0,1.0,1.0
KIFC1,0.0,0.0,1.0,1.0
RP1-43E13.2,0.0,0.0,1.0,1.0
GP9,0.0,0.0,1.0,1.0
RP11-862L9.3,0.0,0.0,1.0,1.0
C1QB,0.0,0.0,1.0,1.0
JMJD7-PLA2G4B,0.0,0.0,1.0,1.0
CTD-2544N14.3,0.0,0.0,1.0,1.0
RP13-131K19.6,0.0,0.0,1.0,1.0
SOGA1,0.0,0.0,1.0,1.0
RBL1-1,0.0,0.0,1.0,1.0
SRC,0.0,0.0,1.0,1.0
RP5-1157M23.2,0.0,0.0,1.0,1.0
IDO1,0.0,0.0,1.0,1.0
RNF122,0.0,0.0,1.0,1.0
HTRA1,0.0,0.0,1.0,1.0
CUZD1,0.0,0.0,1.0,1.0
RP11-930P14.2,0.0,0.0,1.0,1.0
AL353354.2,0.0,0.0,1.0,1.0
SKA1,0.0,0.0,1.0,1.0
ARHGAP42,0.0,0.0,1.0,1.0
RP11-315O6.1,0.0,0.0,1.0,1.0
KCNH3,0.0,0.0,1.0,1.0
PRPF40B,0.0,0.0,1.0,1.0
RACGAP1,0.0,0.0,1.0,1.0
RP1-159A19.4,0.0,0.0,1.0,1.0
C22orf26,0.0,0.0,1.0,1.0
CASP5,0.0,0.0,1.0,1.0
FAM212A,0.0,0.0,1.0,1.0
SNORD3A,0.0,0.0,1.0,1.0
EPN2,0.0,0.0,1.0,1.0
RP11-863K10.7,0.0,0.0,1.0,1.0
PTRF,0.0,0.0,1.0,1.0
CTD-3193K9.4,0.0,0.0,1.0,1.0
BIK,0.0,0.0,1.0,1.0
ZNF417,0.0,0.0,1.0,1.0
LDLRAD3,0.0,0.0,1.0,1.0
ZNF256,0.0,0.0,1.0,1.0
C19orf18,0.0,0.0,1.0,1.0
TMEM86A,0.0,0.0,1.0,1.0
CTD-2012K14.7,0.0,0.0,1.0,1.0
MSANTD4,0.0,0.0,1.0,1.0
RND1,0.0,0.0,1.0,1.0
GTSE1,0.0,0.0,1.0,1.0
CELSR1,0.0,0.0,1.0,1.0
HIST1H2BH,0.0,0.0,1.0,1.0
DNM3,0.0,0.0,1.0,1.0
TNFSF4,0.0,0.0,1.0,1.0
OIP5,0.0,0.0,1.0,1.0
SLC5A10,0.0,0.0,1.0,1.0
TRAM2-AS1,0.0,0.0,1.0,1.0
DST,0.0,0.0,1.0,1.0
RAB23,0.0,0.0,1.0,1.0
KHDRBS2,0.0,0.0,1.0,1.0
CRISPLD2,0.0,0.0,1.0,1.0
GAB1,0.0,0.0,1.0,1.0
SMAD1,0.0,0.0,1.0,1.0
USP31,0.0,0.0,1.0,1.0
RP11-372K14.2,0.0,0.0,1.0,1.0
TRIM2,0.0,0.0,1.0,1.0
RP11-362F19.3,0.0,0.0,1.0,1.0
RP11-540O11.6,0.0,0.0,1.0,1.0
HYAL2,0.0,0.0,1.0,1.0
SLC6A16,0.0,0.0,1.0,1.0
CDC25A,0.0,0.0,1.0,1.0
TNNC2,0.0,0.0,1.0,1.0
SNX21,0.0,0.0,1.0,1.0
GPR133,0.0,0.0,1.0,1.0
MMP17,0.0,0.0,1.0,1.0
RP11-101E13.5,0.0,0.0,1.0,1.0
ASPM,0.0,0.0,1.0,1.0
C1orf53,0.0,0.0,1.0,1.0
RP5-1098D14.1,0.0,0.0,1.0,1.0
RASIP1,0.0,0.0,1.0,1.0
HSD17B14,0.0,0.0,1.0,1.0
PLEKHA4,0.0,0.0,1.0,1.0
ARHGAP11A,0.0,0.0,1.0,1.0
DPEP3,0.0,0.0,1.0,1.0
DHDH,0.0,0.0,1.0,1.0
TSKS,0.0,0.0,1.0,1.0
AC018766.4,0.0,0.0,1.0,1.0
WDR11-AS1,0.0,0.0,1.0,1.0
CACNA1I,0.0,0.0,1.0,1.0
UPK3A,0.0,0.0,1.0,1.0
RP11-442N24__B.1,0.0,0.0,1.0,1.0
TMEM200B,0.0,0.0,1.0,1.0
MATN1,0.0,0.0,1.0,1.0
SLC4A8,0.0,0.0,1.0,1.0
PIWIL4,0.0,0.0,1.0,1.0
ZNF35,0.0,0.0,1.0,1.0
ZSWIM1,0.0,0.0,1.0,1.0
SLC12A5,0.0,0.0,1.0,1.0
LY96,0.0,0.0,1.0,1.0
RP11-96D1.11,0.0,0.0,1.0,1.0
CTD-2215E18.1,0.0,0.0,1.0,1.0
RGMB,0.0,0.0,1.0,1.0
RP11-163N6.2,0.0,0.0,1.0,1.0
AC022182.1,0.0,0.0,1.0,1.0
ASPH,0.0,0.0,1.0,1.0
RP11-111A22.1,0.0,0.0,1.0,1.0
RP11-532F12.5,0.0,0.0,1.0,1.0
AC090186.1,0.0,0.0,1.0,1.0
ANK1,0.0,0.0,1.0,1.0
TGS1,0.0,0.055239122,1.0,1.0
RP13-131K19.2,0.0,0.0,1.0,1.0
RP13-131K19.7,0.0,0.0,1.0,1.0
MYBL2,0.0,0.0,1.0,1.0
KIF9-AS1,0.0,0.0,1.0,1.0
CAMP,0.0,0.0,1.0,1.0
PFKFB4,0.0,0.0,1.0,1.0
CELSR3,0.0,0.0,1.0,1.0
NCKIPSD,0.0,0.0,1.0,1.0
RP11-446E9.2,0.0,0.0,1.0,1.0
PLAG1,0.0,0.0,1.0,1.0
LINC00968,0.0,0.0,1.0,1.0
FAM110B,0.0,0.0,1.0,1.0
RP11-531A24.5,0.0,0.0,1.0,1.0
RP11-707M3.3,0.0,0.0,1.0,1.0
CTD-2532N20.1,0.0,0.0,1.0,1.0
DNAJC5B,0.0,0.0,1.0,1.0
RP11-159H10.3,0.0,0.0,1.0,1.0
RP11-1008C21.1,0.0,0.0,1.0,1.0
TOX2,0.0,0.0,1.0,1.0
SCARB1,0.0,0.0,1.0,1.0
PIWIL1,0.0,0.0,1.0,1.0
SLC19A2,0.0,0.0,1.0,1.0
SELP,0.0,0.0,1.0,1.0
PRRG2,0.0,0.0,1.0,1.0
B3GNT4,0.0,0.0,1.0,1.0
FANK1,0.0,0.0,1.0,1.0
LINC00959,0.0,0.0,1.0,1.0
CLDN23,0.0,0.0,1.0,1.0
THBD,0.0,0.0,1.0,1.0
SOX7,0.0,0.0,1.0,1.0
CRYBG3,0.0,0.0,1.0,1.0
ST3GAL6,0.0,0.0,1.0,1.0
ZNF587B,0.0,0.0,1.0,1.0
BTBD3,0.0,0.0,1.0,1.0
FAM167A,0.0,0.0,1.0,1.0
RP11-481A20.11,0.0,0.0,1.0,1.0
RP11-252C15.1,0.0,0.0,1.0,1.0
DLC1,0.0,0.0,1.0,1.0
MTUS1,0.0,0.0,1.0,1.0
RP11-156K13.3,0.0,0.0,1.0,1.0
MACROD2,0.0,0.0,1.0,1.0
CTD-2201I18.1,0.0,0.0,1.0,1.0
COLCA2,0.0,0.0,1.0,1.0
VDR,0.0,0.0,1.0,1.0
C12orf68,0.0,0.0,1.0,1.0
CTC-459I6.1,0.0,0.0,1.0,1.0
ATP6AP1L,0.0,0.0,1.0,1.0
SLX4IP,0.0,0.0,1.0,1.0
RP5-894D12.3,0.0,0.0,1.0,1.0
RP11-221J22.2,0.0,0.0,1.0,1.0
ALCAM,0.0,0.0,1.0,1.0
MTCP1,0.0,0.0,1.0,1.0
CMC4,0.0,0.0,1.0,1.0
RP11-56B16.4,0.0,0.0,1.0,1.0
DYX1C1,0.0,0.0,1.0,1.0
NEDD4,0.0,0.0,1.0,1.0
MYO5C,0.0,0.0,1.0,1.0
SMOX,0.0,0.0,1.0,1.0
LNP1,0.0,0.0,1.0,1.0
CLIC2,0.0,0.0,1.0,1.0
ZNF596,0.0,0.0,1.0,1.0
CTD-2541M15.1,0.0,0.0,1.0,1.0
ARHGEF10,0.0,0.0,1.0,1.0
LAMP5,0.0,0.0,1.0,1.0
PROS1,0.0,0.0,1.0,1.0
ATP8B4,0.0,0.0,1.0,1.0
RP3-465N24.6,0.0,0.0,1.0,1.0
RP1-187B23.1,0.0,0.0,1.0,1.0
TEX12,0.0,0.0,1.0,1.0
HTR3A,0.0,0.0,1.0,1.0
RP11-350F4.2,0.0,0.0,1.0,1.0
CTD-2015H6.3,0.0,0.0,1.0,1.0
FAM151B,0.0,0.0,1.0,1.0
PAQR7,0.0,0.0,1.0,1.0
CNKSR1,0.0,0.0,1.0,1.0
RBM11,0.0,0.0,1.0,1.0
TDRP,0.0,0.0,1.0,1.0
CTD-2012K14.6,0.0,0.0,1.0,1.0
C1orf172,0.0,0.0,1.0,1.0
TRNP1,0.0,0.0,1.0,1.0
LOXL2,0.0,0.0,1.0,1.0
HESX1,0.0,0.0,1.0,1.0
RP11-78O7.2,0.0,0.0,1.0,1.0
BCL2L15,0.0,0.0,1.0,1.0
DENND2C,0.0,0.0,1.0,1.0
SERPING1,0.0,0.0,1.0,1.0
SLC22A15,0.0,0.0,1.0,1.0
SOX15,0.0,0.0,1.0,1.0
C5orf27,0.0,0.0,1.0,1.0
CTD-2260A17.1,0.0,0.0,1.0,1.0
RP11-288H12.4,0.0,0.0,1.0,1.0
CAPN3,0.0,0.0,1.0,1.0
TLR9,0.0,0.0,1.0,1.0
RP11-277B15.3,0.0,0.0,1.0,1.0
RP3-455J7.4,0.0,0.0,1.0,1.0
RP11-243J16.7,0.0,0.0,1.0,1.0
TPX2,0.0,0.0,1.0,1.0
ESCO2,0.0,0.0,1.0,1.0
SCARA5,0.0,0.0,1.0,1.0
AC145110.1,0.0,0.0,1.0,1.0
STAB1,0.0,0.0,1.0,1.0
HSF5,0.0,0.0,1.0,1.0
FAM63A,0.0,0.0,1.0,1.0
RP3-473L9.4,0.0,0.0,1.0,1.0
F13A1,0.0,0.0,1.0,1.0
DOCK3,0.0,0.0,1.0,1.0
PARK2,0.0,0.0,1.0,1.0
CTC-428H11.2,0.0,0.0,1.0,1.0
GFRA2,0.0,0.0,1.0,1.0
NPM2,0.0,0.0,1.0,1.0
SORD,0.0,0.0,1.0,1.0
DUOX1,0.0,0.0,1.0,1.0
SPATA5L1,0.0,0.0,1.0,1.0
SLC30A4,0.0,0.0,1.0,1.0
MITF,0.0,0.0,1.0,1.0
RP11-154H23.3,0.0,0.0,1.0,1.0
NLGN4Y,0.0,0.0,1.0,1.0
OVGP1,0.0,0.0,1.0,1.0
ADORA3,0.0,0.0,1.0,1.0
FAM212B,0.0,0.0,1.0,1.0
RP11-732M18.3,0.0,0.0,1.0,1.0
ACOX2,0.0,0.0,1.0,1.0
FAM3D,0.0,0.0,1.0,1.0
RP11-582J16.5,0.0,0.0,1.0,1.0
TNFRSF10D,0.0,0.0,1.0,1.0
LINC00656,0.0,0.0,1.0,1.0
MAP1A,0.0,0.0,1.0,1.0
PPIP5K1,0.0,0.0,1.0,1.0
TMEM88,0.0,0.0,1.0,1.0
RP1-29C18.10,0.0,0.0,1.0,1.0
BRD1,0.0,0.0,1.0,1.0
NT5DC2,0.0,0.0,1.0,1.0
ITIH4,0.0,0.0,1.0,1.0
RP11-213H15.1,0.0,0.0,1.0,1.0
LUCAT1,0.0,0.0,1.0,1.0
RP11-359I18.5,0.0,0.0,1.0,1.0
PKD2,0.0,0.0,1.0,1.0
SMIM5,0.0,0.0,1.0,1.0
AC073072.5,0.0,0.0,1.0,1.0
IL6,0.0,0.0,1.0,1.0
MOB1B,0.0,0.0,1.0,1.0
ZNF205,0.0,0.0,1.0,1.0
RP11-473M20.16,0.0,0.0,1.0,1.0
RP11-634H22.1,0.0,0.0,1.0,1.0
RP11-692D12.1,0.0,0.0,1.0,1.0
RP3-462E2.5,0.0,0.0,1.0,1.0
CTB-61M7.2,0.0,0.0,1.0,1.0
C2CD4D,0.0,0.0,1.0,1.0
S100A5,0.0,0.0,1.0,1.0
CIB2,0.0,0.0,1.0,1.0
GPR157,0.0,0.0,1.0,1.0
AP001058.3,0.0,0.0,1.0,1.0
NPHP4,0.0,0.0,1.0,1.0
RP11-351I24.1,0.0,0.0,1.0,1.0
ADM,0.0,0.0,1.0,1.0
TNNT1,0.0,0.0,1.0,1.0
TMEM150B,0.0,0.0,1.0,1.0
COX6B2,0.0,0.0,1.0,1.0
RASSF6,0.0,0.0,1.0,1.0
CXCL3,0.0,0.0,1.0,1.0
C1orf200,0.0,0.0,1.0,1.0
RP11-558F24.4,0.0,0.0,1.0,1.0
PPFIBP1,0.0,0.0,1.0,1.0
RP11-1060J15.4,0.0,0.0,1.0,1.0
RPH3A,0.0,0.0,1.0,1.0
RP11-392P7.6,0.0,0.0,1.0,1.0
PLEKHG5,0.0,0.0,1.0,1.0
CPA5,0.0,0.0,1.0,1.0
MEST,0.0,0.0,1.0,1.0
PARM1,0.0,0.0,1.0,1.0
CXCL10,0.0,0.0,1.0,1.0
RP11-95P2.1,0.0,0.0,1.0,1.0
MGST1,0.0,0.0,1.0,1.0
C12orf39,0.0,0.0,1.0,1.0
RP5-1115A15.1,0.0,0.0,1.0,1.0
CA6,0.0,0.0,1.0,1.0
SLC2A5,0.0,0.0,1.0,1.0
CTD-2366F13.1,0.0,0.0,1.0,1.0
ARHGAP24,0.0,0.0,1.0,1.0
AC004540.4,0.0,0.0,1.0,1.0
NOD2,0.0,0.0,1.0,1.0
RNF207,0.0,0.0,1.0,1.0
PKMYT1,0.0,0.0,1.0,1.0
FAM47E,0.0,0.0,1.0,1.0
LINC01094,0.0,0.0,1.0,1.0
RP11-212I21.4,0.0,0.0,1.0,1.0
CTD-2031P19.3,0.0,0.0,1.0,1.0
CTD-2227I18.1,0.0,0.0,1.0,1.0
FZD2,0.0,0.0,1.0,1.0
DBF4B,0.0,0.0,1.0,1.0
CTA-293F17.1,0.0,0.0,1.0,1.0
SEC14L5,0.0,0.0,1.0,1.0
RP11-775D22.2,0.0,0.0,1.0,1.0
IGF2BP3,0.0,0.0,1.0,1.0
ZNF777,0.0,0.0,1.0,1.0
ACTR3C,0.0,0.0,1.0,1.0
NIPAL1,0.0,0.0,1.0,1.0
C7orf13,0.0,0.0,1.0,1.0
RNF32,0.0,0.0,1.0,1.0
AC011899.9,0.0,0.0,1.0,1.0
PACRGL,0.0,0.0,1.0,1.0
KCNH2,0.0,0.0,1.0,1.0
RP11-713P17.3,0.0,0.0,1.0,1.0
RP4-635E18.8,0.0,0.0,1.0,1.0
AP001412.1,0.0,0.0,1.0,1.0
RAD52,0.0,0.0,1.0,1.0
ERC1,0.0,0.0,1.0,1.0
CACNA1C-AS1,0.0,0.0,1.0,1.0
BCAT1,0.0,0.0,1.0,1.0
SSPN,0.0,0.0,1.0,1.0
NPPA-AS1,0.0,0.0,1.0,1.0
AFMID,0.0,0.0,1.0,1.0
FCAR,0.0,0.0,1.0,1.0
DCHS1,0.0,0.0,1.0,1.0
CTD-2516F10.2,0.0,0.0,1.0,1.0
CYB5R2,0.0,0.0,1.0,1.0
N4BP2,0.0,0.0,1.0,1.0
CBX2,0.0,0.0,1.0,1.0
CBX8,0.0,0.0,1.0,1.0
AGAP3,0.0,0.0,1.0,1.0
RP4-548D19.3,0.0,0.0,1.0,1.0
RP11-161M6.2,0.0,0.0,1.0,1.0
WNT5B,0.0,0.0,1.0,1.0
FOXM1,0.0,0.0,1.0,1.0
RBP7,0.0,0.0,1.0,1.0
SLC45A1,0.0,0.0,1.0,1.0
STEAP1B,0.0,0.0,1.0,1.0
FAM3B,0.0,0.0,1.0,1.0
TMPRSS3,0.0,0.0,1.0,1.0
ST6GALNAC1,0.0,0.0,1.0,1.0
RP11-318A15.2,0.0,0.0,1.0,1.0
RP5-894A10.2,0.0,0.0,1.0,1.0
CLCN1,0.0,0.0,1.0,1.0
ZACN,0.0,0.0,1.0,1.0
GALR2,0.0,0.0,1.0,1.0
RNF157-AS1,0.0,0.0,1.0,1.0
BRICD5,0.0,0.0,1.0,1.0
RP11-46J23.1,0.0,0.0,1.0,1.0
LNX1,0.0,0.0,1.0,1.0
QRICH2,0.0,0.0,1.0,1.0
SPHK1,0.0,0.0,1.0,1.0
CEMP1,0.0,0.0,1.0,1.0
FAM114A1,0.0,0.0,1.0,1.0
KLHL5,0.0,0.0,1.0,1.0
RP5-1136G13.2,0.0,0.0,1.0,1.0
PRCD,0.0,0.0,1.0,1.0
AC195454.1,0.0,0.0,1.0,1.0
NSUN7,0.0,0.0,1.0,1.0
APBB2,0.0,0.0,1.0,1.0
UCHL1,0.0,0.0,1.0,1.0
BEND4,0.0,0.0,1.0,1.0
UGT2B17,0.0,0.0,1.0,1.0
MRVI1,0.0,0.0,1.0,1.0
IFT81,0.0,0.0,1.0,1.0
AC007228.5,0.0,0.0,1.0,1.0
CTC-444N24.6,0.0,0.0,1.0,1.0
ITGB3,0.0,0.0,1.0,1.0
EFCAB13,0.0,0.0,1.0,1.0
RP11-580I16.2,0.0,0.0,1.0,1.0
RPL34-AS1,0.0,0.0,1.0,1.0
SEC24B-AS1,0.0,0.0,1.0,1.0
SYT17,0.0,0.0,1.0,1.0
SERPINE1,0.0,0.0,1.0,1.0
CTD-2583P5.3,0.0,0.0,1.0,1.0
CLEC4C,0.0,0.0,1.0,1.0
GPR162,0.0,0.0,1.0,1.0
AP001053.11,0.0,0.0,1.0,1.0
MILR1,0.0,0.0,1.0,1.0
RP11-166B2.8,0.0,0.0,1.0,1.0
TNFRSF17,0.0,0.0,1.0,1.0
PRKAR2B,0.0,0.0,1.0,1.0
P2RX5-TAX1BP3,0.0,0.0,1.0,1.0
CAMKK1,0.0,0.0,1.0,1.0
P2RX1,0.0,0.0,1.0,1.0
AC004069.2,0.0,0.0,1.0,1.0
GSTCD,0.0,0.0,1.0,1.0
SGMS2,0.0,0.0,1.0,1.0
TMEM238,0.0,0.0,1.0,1.0
RP11-126K1.6,0.0,0.0,1.0,1.0
SSC5D,0.0,0.0,1.0,1.0
TAS2R14,0.0,0.0,1.0,1.0
COL6A1,0.0,0.0,1.0,1.0
MXRA8,0.0,0.0,1.0,1.0
AL354822.1,0.0,0.0,1.0,1.0
PRSS53,0.0,0.0,1.0,1.0
RP11-196G11.2,0.0,0.0,1.0,1.0
INHBA-AS1,0.0,0.0,1.0,1.0
SUGCT,0.0,0.0,1.0,1.0
HOXB3,0.0,0.0,1.0,1.0
RP11-279O9.4,0.0,0.0,1.0,1.0
NPIPB11,0.0,0.0,1.0,1.0
SULT1A4,0.0,0.0,1.0,1.0
ABTB2,0.0,0.0,1.0,1.0
RP11-89F3.2,0.0,0.0,1.0,1.0
MRVI1-AS1,0.0,0.0,1.0,1.0
RP11-347C12.1,0.0,0.0,1.0,1.0
NOG,0.0,0.0,1.0,1.0
AC093157.1,0.0,0.0,1.0,1.0
RP11-869B15.1,0.0,0.0,1.0,1.0
RP11-637A17.2,0.0,0.0,1.0,1.0
RP11-294J22.6,0.0,0.0,1.0,1.0
RP11-215G15.5,0.0,0.0,1.0,1.0
RP11-420A6.2,0.0,0.0,1.0,1.0
LY6G5B,0.0,0.0,1.0,1.0
LY6G6F,0.0,0.0,1.0,1.0
ZMYND15,0.0,0.0,1.0,1.0
TLR3,0.0,0.0,1.0,1.0
AC110771.1,0.0,0.0,1.0,1.0
RP11-54O7.17,0.0,0.0,1.0,1.0
NBPF20,0.0,0.0,1.0,1.0
CCSER1,0.0,0.0,1.0,1.0
RP11-1299A16.3,0.0,0.0,1.0,1.0
MEGF6,0.0,0.0,1.0,1.0
AP001046.6,0.0,0.0,1.0,1.0
EMP1,0.0,0.0,1.0,1.0
U47924.30,0.0,0.0,1.0,1.0
CPED1,0.0,0.0,1.0,1.0
WNT16,0.0,0.0,1.0,1.0
AASS,0.0,0.0,1.0,1.0
CD300LB,0.0,0.0,1.0,1.0
ITGA1,0.0,0.0,1.0,1.0
CTD-2319I12.2,0.0,0.0,1.0,1.0
PCOLCE,0.0,0.0,1.0,1.0
ZNF579,0.0,0.0,1.0,1.0
RP11-126L15.4,0.0,0.0,1.0,1.0
TRIP6,0.0,0.0,1.0,1.0
ABCC6,0.0,0.0,1.0,1.0
RPGRIP1L,0.0,0.0,1.0,1.0
LPCAT2,0.0,0.0,1.0,1.0
CTD-2006K23.2,0.0,0.0,1.0,1.0
MIR3615,0.0,0.0,1.0,1.0
SLC16A5,0.0,0.0,1.0,1.0
WDFY3,0.0,0.0,1.0,1.0
HILPDA,0.0,0.0,1.0,1.0
CCDC136,0.0,0.0,1.0,1.0
AHCYL2,0.0,0.0,1.0,1.0
CAV1,0.0,0.0,1.0,1.0
ACRBP,0.0,0.0,1.0,1.0
GIGYF1,0.0,0.15265433,1.0,1.0
DOCK4,0.0,0.0,1.0,1.0
TFEC,0.0,0.0,1.0,1.0
RP11-77H9.2,0.0,0.0,1.0,1.0
RP11-77H9.8,0.0,0.0,1.0,1.0
CDC42EP4,0.0,0.0,1.0,1.0
SDK2,0.0,0.0,1.0,1.0
CTD-2514K5.2,0.0,0.0,1.0,1.0
TVP23A,0.0,0.0,1.0,1.0
RP11-876N24.2,0.0,0.0,1.0,1.0
ADAMTSL4,0.0,0.0,1.0,1.0
CTSK,0.0,0.0,1.0,1.0
RP11-286E11.1,0.0,0.0,1.0,1.0
RASA4B,0.0,0.0,1.0,1.0
MMRN1,0.0,0.0,1.0,1.0
ACE,0.0,0.0,1.0,1.0
TEX2,0.0,0.0,1.0,1.0
CTD-2576D5.4,0.0,0.0,1.0,1.0
LRRC37A2,0.0,0.0,1.0,1.0
AC004540.5,0.0,0.0,1.0,1.0
HOXA-AS2,0.0,0.0,1.0,1.0
CREB5,0.0,0.0,1.0,1.0
AC007285.6,0.0,0.0,1.0,1.0
RP11-42I10.1,0.0,0.0,1.0,1.0
ARL17A,0.0,0.0,1.0,1.0
NRCAM,0.0,0.0,1.0,1.0
AXIN2,0.0,0.0,1.0,1.0
CENPE,0.0,0.0,1.0,1.0
CTD-2006K23.1,0.0,0.0,1.0,1.0
RP11-876N24.4,0.0,0.0,1.0,1.0
OSCAR,0.0,0.0,1.0,1.0
FCRL2,0.0,0.0,1.0,1.0
CD1A,0.0,0.0,1.0,1.0
CD1B,0.0,0.0,1.0,1.0
KRTAP5-AS1,0.0,0.0,1.0,1.0
RP11-258C19.7,0.0,0.0,1.0,1.0
RP11-761I4.3,0.0,0.0,1.0,1.0
MEX3B,0.0,0.0,1.0,1.0
LPP-AS2,0.0,0.0,1.0,1.0
RP13-270P17.1,0.0,0.0,1.0,1.0
DLGAP1-AS2,0.0,0.0,1.0,1.0
B3GNT5,0.0,0.0,1.0,1.0
KLHL6,0.0,0.0,1.0,1.0
RP11-161M6.3,0.0,0.0,1.0,1.0
RP11-158M2.3,0.0,0.0,1.0,1.0
MAGIX,0.0,0.0,1.0,1.0
SYP,0.0,0.0,1.0,1.0
RP11-348F1.2,0.0,0.0,1.0,1.0
EPHB3,0.0,0.0,1.0,1.0
PRICKLE1,0.0,0.0,1.0,1.0
GDAP2,0.0,0.24000254,1.0,1.0
REG4,0.0,0.0,1.0,1.0
RP11-114O18.1,0.0,0.0,1.0,1.0
RP11-389O22.1,0.0,0.0,1.0,1.0
RP11-677M14.7,0.0,0.0,1.0,1.0
SLC37A2,0.0,0.0,1.0,1.0
JAM3,0.0,0.0,1.0,1.0
RP11-598F7.3,0.0,0.0,1.0,1.0
RP11-820I16.4,0.0,0.0,1.0,1.0
TPRG1-AS1,0.0,0.0,1.0,1.0
TMEM51,0.0,0.0,1.0,1.0
CLEC10A,0.0,0.0,1.0,1.0
HCG25,0.0,0.0,1.0,1.0
AC068580.6,0.0,0.0,1.0,1.0
CTB-129O4.1,0.0,0.0,1.0,1.0
HRASLS,0.0,0.0,1.0,1.0
ATP13A4,0.0,0.0,1.0,1.0
HES1,0.0,0.0,1.0,1.0
GP5,0.0,0.0,1.0,1.0
LINC00884,0.0,0.0,1.0,1.0
ZNF41,0.0,0.0,1.0,1.0
ZNF182,0.0,0.0,1.0,1.0
KLHDC9,0.0,0.0,1.0,1.0
MUC20,0.0,0.0,1.0,1.0
NLN,0.0,0.0,1.0,1.0
RP11-527L4.5,0.0,0.0,1.0,1.0
OCM,0.0,0.0,1.0,1.0
RP11-677M14.2,0.0,0.0,1.0,1.0
VSIG2,0.0,0.0,1.0,1.0
IGF2BP2,0.0,0.0,1.0,1.0
DGKG,0.0,0.0,1.0,1.0
C15orf38,0.0,0.0,1.0,1.0
GDPGP1,0.0,0.0,1.0,1.0
RP11-211G3.2,0.0,0.0,1.0,1.0
SCT,0.0,0.0,1.0,1.0
EFCAB4A,0.0,0.0,1.0,1.0
ITLN1,0.0,0.0,1.0,1.0
ANPEP,0.0,0.0,1.0,1.0
OSBPL1A,0.0,0.0,1.0,1.0
PSMA8,0.0,0.0,1.0,1.0
PADI2,0.0,0.0,1.0,1.0
OLIG1,0.0,0.0,1.0,1.0
OAF,0.0,0.0,1.0,1.0
TBCEL,0.0,0.0,1.0,1.0
C11orf63,0.0,0.0,1.0,1.0
CPNE8,0.0,0.0,1.0,1.0
ARHGEF10L,0.0,0.0,1.0,1.0
AC007036.6,0.0,0.0,1.0,1.0
GS1-114I9.1,0.0,0.0,1.0,1.0
FKBP9,0.0,0.0,1.0,1.0
C5orf51,0.0,0.0,1.0,1.0
SLC6A12,0.0,0.0,1.0,1.0
GATS,0.0,0.0,1.0,1.0
DTNA,0.0,0.0,1.0,1.0
HYKK,0.0,0.0,1.0,1.0
RP11-873E20.1,0.0,0.0,1.0,1.0
RP11-362K14.6,0.0,0.0,1.0,1.0
RP11-379K17.4,0.0,0.0,1.0,1.0
RP11-379K17.12,0.0,0.0,1.0,1.0
RP11-305K5.1,0.0,0.0,1.0,1.0
RP11-6F2.5,0.0,0.0,1.0,1.0
RP11-16N11.2,0.0,0.0,1.0,1.0
ATP7A,0.0,0.0,1.0,1.0
P2RY12,0.0,0.0,1.0,1.0
P2RY1,0.0,0.0,1.0,1.0
SLC14A2,0.0,0.0,1.0,1.0
STAG3,0.0,0.0,1.0,1.0
ARHGAP32,0.0,0.0,1.0,1.0
AMZ1,0.0,0.0,1.0,1.0
FSCN1,0.0,0.0,1.0,1.0
PLLP,0.0,0.0,1.0,1.0
ITGA2B,0.0,0.0,1.0,1.0
MAP1B,0.0,0.0,1.0,1.0
RP11-145M9.4,0.0,0.0,1.0,1.0
ALDH4A1,0.0,0.0,1.0,1.0
RSG1,0.0,0.0,1.0,1.0
RP4-798A10.7,0.0,0.0,1.0,1.0
KLHL14,0.0,0.0,1.0,1.0
FAM154B,0.0,0.0,1.0,1.0
CABLES1,0.0,0.0,1.0,1.0
VSIG4,0.0,0.0,1.0,1.0
HDGFRP3,0.0,0.0,1.0,1.0
PAGE5,0.0,0.0,1.0,1.0
AMER1,0.0,0.0,1.0,1.0
C1QTNF4,0.0,0.0,1.0,1.0
NT5DC3,0.0,0.0,1.0,1.0
SLC41A2,0.0,0.0,1.0,1.0
CTD-2619J13.14,0.0,0.0,1.0,1.0
CD101,0.0,0.0,1.0,1.0
PTX3,0.0,0.0,1.0,1.0
RP11-317J10.2,0.0,0.0,1.0,1.0
DNAJA4,0.0,0.0,1.0,1.0
NHSL2,0.0,0.0,1.0,1.0
RGAG4,0.0,0.0,1.0,1.0
NAP1L2,0.0,0.0,1.0,1.0
RP11-403A21.1,0.0,0.0,1.0,1.0
METTL20,0.0,0.0,1.0,1.0
RP11-428G5.5,0.0,0.0,1.0,1.0
TMEM45B,0.0,0.0,1.0,1.0
NLRP12,0.0,0.0,1.0,1.0
SDS,0.0,0.0,1.0,1.0
HRK,0.0,0.0,1.0,1.0
TRIM34,0.0,0.0,1.0,1.0
PRKCDBP,0.0,0.0,1.0,1.0
LENG9,0.0,0.0,1.0,1.0
IGSF9B,0.0,0.0,1.0,1.0
RP11-452C13.1,0.0,0.0,1.0,1.0
LINC00106,0.0,0.0,1.0,1.0
ASMTL-AS1,0.0,0.0,1.0,1.0
LINC01063,0.0,0.0,1.0,1.0
CETP,0.0,0.0,1.0,1.0
MAP3K14-AS1,0.0,0.0,1.0,1.0
BEND2,0.0,0.0,1.0,1.0
CDKL5,0.0,0.0,1.0,1.0
LYSMD4,0.0,0.0,1.0,1.0
CTD-2054N24.2,0.0,0.0,1.0,1.0
RP11-66B24.2,0.0,0.0,1.0,1.0
POLN,0.0,0.0,1.0,1.0
ARSE,0.0,0.0,1.0,1.0
CLCN4,0.0,0.0,1.0,1.0
ARHGAP6,0.0,0.0,1.0,1.0
TLR7,0.0,0.0,1.0,1.0
TLR8,0.0,0.0,1.0,1.0
ASB9,0.0,0.0,1.0,1.0
VWDE,0.0,0.0,1.0,1.0
RP11-334C17.5,0.0,0.0,1.0,1.0
RHBDL1,0.0,0.0,1.0,1.0
BAIAP3,0.0,0.0,1.0,1.0
CCDC154,0.0,0.0,1.0,1.0
PRDM10,0.0,0.0,1.0,1.0
ST14,0.0,0.0,1.0,1.0
GPR125,0.0,0.0,1.0,1.0
CCDC149,0.0,0.0,1.0,1.0
LINC00482,0.0,0.0,1.0,1.0
TMEM105,0.0,0.0,1.0,1.0
RP11-1055B8.7,0.0,0.0,1.0,1.0
ABLIM2,0.0,0.0,1.0,1.0
FCGR1B,0.0,0.0,1.0,1.0
DENND5B,0.0,0.0,1.0,1.0
RP11-782C8.1,0.0,0.0,1.0,1.0
RP6-206I17.1,0.0,0.0,1.0,1.0
RP6-206I17.2,0.0,0.0,1.0,1.0
RP11-458D21.6,0.0,0.0,1.0,1.0
S100P,0.0,0.0,1.0,1.0
CCDC96,0.0,0.0,1.0,1.0
BAIAP2-AS1,0.0,0.0,1.0,1.0
AATK,0.0,0.0,1.0,1.0
SLC2A9,0.0,0.0,1.0,1.0
HS3ST1,0.0,0.0,1.0,1.0
AC040977.1,0.0,0.0,1.0,1.0
TNFRSF8,0.0,0.0,1.0,1.0
ITSN1,0.0,0.0,1.0,1.0
KCNE1,0.0,0.0,1.0,1.0
RP11-423O2.5,0.0,0.0,1.0,1.0
TBC1D9,0.0,0.0,1.0,1.0
ITPRIPL2,0.0,0.0,1.0,1.0
BBS12,0.0,0.0,1.0,1.0
TRIM31,0.0,0.0,1.0,1.0
RP11-863P13.2,0.0,0.0,1.0,1.0
PLA2G7,0.0,0.0,1.0,1.0
TNFRSF21,0.0,0.0,1.0,1.0
CTC-338M12.6,0.0,0.0,1.0,1.0
SMCR8,0.0,0.0,1.0,1.0
ZNF286B,0.0,0.0,1.0,1.0
WRNIP1,0.0,0.0,1.0,1.0
RP11-336K24.12,0.0,0.0,1.0,1.0
LRRK1,0.0,0.0,1.0,1.0
RASAL1,0.0,0.0,1.0,1.0
YY2,0.0,0.0,1.0,1.0
RP13-314C10.5,0.0,0.0,1.0,1.0
FGFRL1,0.0,0.0,1.0,1.0
EHHADH,0.0,0.0,1.0,1.0
RAB25,0.0,0.0,1.0,1.0
KCNQ1,0.0,0.0,1.0,1.0
SLC22A18AS,0.0,0.0,1.0,1.0
PYCR1,0.0,0.0,1.0,1.0
RAC3,0.0,0.0,1.0,1.0
FAM174B,0.0,0.0,1.0,1.0
RP11-76E17.3,0.0,0.0,1.0,1.0
GPR34,0.0,0.0,1.0,1.0
RP6-99M1.2,0.0,0.0,1.0,1.0
SLC9A7,0.0,0.0,1.0,1.0
CNKSR2,0.0,0.0,1.0,1.0
TTC24,0.0,0.0,1.0,1.0
ANKRD50,0.0,0.0,1.0,1.0
CRYM,0.0,0.0,1.0,1.0
OTOA,0.0,0.0,1.0,1.0
GAL3ST4,0.0,0.0,1.0,1.0
ALPK1,0.0,0.0,1.0,1.0
UGT8,0.0,0.0,1.0,1.0
PDE5A,0.0,0.0,1.0,1.0
RP11-178C3.2,0.0,0.0,1.0,1.0
RP11-350G8.5,0.0,0.0,1.0,1.0
RP11-498C9.2,0.0,0.0,1.0,1.0
RP11-498C9.15,0.0,0.0,1.0,1.0
RGS12,0.0,0.0,1.0,1.0
RP11-425I13.3,0.0,0.0,1.0,1.0
REPS2,0.0,0.0,1.0,1.0
NHS,0.0,0.0,1.0,1.0
RNF212,0.0,0.0,1.0,1.0
CRIPAK,0.0,0.0,1.0,1.0
PIGZ,0.0,0.0,1.0,1.0
RP13-516M14.1,0.0,0.0,1.0,1.0
OVCH1-AS1,0.0,0.0,1.0,1.0
TMTC1,0.0,0.0,1.0,1.0
AC024940.1,0.0,0.0,1.0,1.0
CBR3,0.0,0.0,1.0,1.0
IQCK,0.0,0.0,1.0,1.0
ERI2,0.0,0.0,1.0,1.0
RP11-342I1.2,0.0,0.0,1.0,1.0
MAML3,0.0,0.0,1.0,1.0
EVC,0.0,0.0,1.0,1.0
GFI1B,0.0,0.0,1.0,1.0
GBGT1,0.0,0.0,1.0,1.0
AC016700.5,0.0,0.0,1.0,1.0
CD248,0.0,0.0,1.0,1.0
SLC29A2,0.0,0.0,1.0,1.0
FIBCD1,0.0,0.0,1.0,1.0
SPR,0.0,0.0,1.0,1.0
RAB11FIP5,0.0,0.0,1.0,1.0
LIPN,0.0,0.0,1.0,1.0
AMY2B,0.0,0.0,1.0,1.0
TUBA8,0.0,0.0,1.0,1.0
AC026471.6,0.0,0.0,1.0,1.0
RP11-452L6.7,0.0,0.0,1.0,1.0
PCBP3,0.0,0.0,1.0,1.0
RP11-46D6.1,0.0,0.0,1.0,1.0
CTD-2353F22.1,0.0,0.0,1.0,1.0
LRRC46,0.0,0.0,1.0,1.0
RAPGEF2,0.0,0.0,1.0,1.0
TRIM61,0.0,0.0,1.0,1.0
SEPT5,0.0,0.0,1.0,1.0
VAV3-AS1,0.0,0.0,1.0,1.0
RP11-356N1.2,0.0,0.0,1.0,1.0
ANKRD22,0.0,0.0,1.0,1.0
PLCE1,0.0,0.0,1.0,1.0
FA2H,0.0,0.0,1.0,1.0
CTA-445C9.14,0.0,0.0,1.0,1.0
WLS,0.0,0.0,1.0,1.0
LRRIQ3,0.0,0.0,1.0,1.0
SHCBP1,0.0,0.0,1.0,1.0
RP11-755F10.1,0.0,0.0,1.0,1.0
FAM177B,0.0,0.0,1.0,1.0
LCN2,0.0,0.0,1.0,1.0
SLC27A4,0.0,0.0,1.0,1.0
AC005932.1,0.0,0.0,1.0,1.0
CBLN3,0.0,0.0,1.0,1.0
COCH,0.0,0.0,1.0,1.0
MEF2BNB-MEF2B,0.0,0.0,1.0,1.0
LOXL3,0.0,0.0,1.0,1.0
GNG3,0.0,0.0,1.0,1.0
ZBTB3,0.0,0.0,1.0,1.0
BBS10,0.0,0.0,1.0,1.0
CSRP2,0.0,0.0,1.0,1.0
CLTCL1,0.0,0.0,1.0,1.0
AK8,0.0,0.0,1.0,1.0
CLDN5,0.0,0.0,1.0,1.0
RP11-247A12.2,0.0,0.0,1.0,1.0
RP11-65J3.1,0.0,0.0,1.0,1.0
FITM1,0.0,0.0,1.0,1.0
MMP14,0.0,0.0,1.0,1.0
C2orf81,0.0,0.0,1.0,1.0
LBX2-AS1,0.0,0.0,1.0,1.0
DYSF,0.0,0.0,1.0,1.0
TSSK6,0.0,0.0,1.0,1.0
CEBPE,0.0,0.0,1.0,1.0
SLC16A10,0.0,0.0,1.0,1.0
RP5-1112D6.4,0.0,0.0,1.0,1.0
EIF4EBP3,0.0,0.0,1.0,1.0
PEX12,0.0,0.0,1.0,1.0
CDC45,0.0,0.0,1.0,1.0
CTC-209H22.3,0.0,0.0,1.0,1.0
RP11-960L18.1,0.0,0.0,1.0,1.0
SDR42E1,0.0,0.0,1.0,1.0
RP11-483P21.2,0.0,0.0,1.0,1.0
OSGIN1,0.0,0.0,1.0,1.0
CYP2S1,0.0,0.0,1.0,1.0
AXL,0.0,0.0,1.0,1.0
CTC-260E6.6,0.0,0.0,1.0,1.0
C9orf96,0.0,0.0,1.0,1.0
CACFD1,0.0,0.0,1.0,1.0
VAV2,0.0,0.0,1.0,1.0
BMPR1A,0.0,0.0,1.0,1.0
ADIRF,0.0,0.0,1.0,1.0
ST6GALNAC3,0.0,0.0,1.0,1.0
CTC-507E2.1,0.0,0.0,1.0,1.0
MMP28,0.0,0.0,1.0,1.0
RP1-191J18.66,0.0,0.0,1.0,1.0
DDO,0.0,0.0,1.0,1.0
PRELID2,0.0,0.0,1.0,1.0
SCGB3A2,0.0,0.0,1.0,1.0
CCL2,0.0,0.0,1.0,1.0
CTD-2085J24.4,0.0,0.0,1.0,1.0
RP11-191L17.1,0.0,0.0,1.0,1.0
RP11-477N3.1,0.0,0.0,1.0,1.0
ZNF492,0.0,0.0,1.0,1.0
ZNF724P,0.0,0.0,1.0,1.0
EGFL7,0.0,0.0,1.0,1.0
RP11-560J1.2,0.0,0.0,1.0,1.0
PAPSS2,0.0,0.0,1.0,1.0
KCNK7,0.0,0.0,1.0,1.0
NEXN,0.0,0.0,1.0,1.0
RAVER2,0.0,0.0,1.0,1.0
RP11-474G23.2,0.0,0.0,1.0,1.0
WBSCR27,0.0,0.0,1.0,1.0
CLIP2,0.0,0.0,1.0,1.0
GTF2IRD1,0.0,0.0,1.0,1.0
CTD-2517O10.6,0.0,0.0,1.0,1.0
RP11-379H18.1,0.0,0.0,1.0,1.0
TGFB1I1,0.0,0.0,1.0,1.0
RNASE2,0.0,0.0,1.0,1.0
AC074289.1,0.0,0.0,1.0,1.0
LINC00309,0.0,0.0,1.0,1.0
LGALSL,0.0,0.0,1.0,1.0
WDPCP,0.0,0.0,1.0,1.0
SALL2,0.0,0.0,1.0,1.0
ABHD4,0.0,0.0,1.0,1.0
OLFM1,0.0,0.0,1.0,1.0
PPP1R26,0.0,0.0,1.0,1.0
RP11-83N9.5,0.0,0.0,1.0,1.0
ZNF208,0.0,0.0,1.0,1.0
ADD2,0.0,0.0,1.0,1.0
RP11-467P9.1,0.0,0.0,1.0,1.0
AC007386.2,0.0,0.0,1.0,1.0
RP1-151F17.1,0.0,0.0,1.0,1.0
MYH10,0.0,0.0,1.0,1.0
CCDC183,0.0,0.0,1.0,1.0
FAM161A,0.0,0.0,1.0,1.0
AC107081.5,0.0,0.0,1.0,1.0
ZNF219,0.0,0.0,1.0,1.0
hsa-mir-1199,0.0,0.0,1.0,1.0
MYOF,0.0,0.0,1.0,1.0
CCNJ,0.0,0.0,1.0,1.0
BLNK,0.0,0.0,1.0,1.0
CENPF,0.0,0.0,1.0,1.0
KCTD3,0.0,0.0,1.0,1.0
C1orf115,0.0,0.0,1.0,1.0
RP11-119D9.1,0.0,0.0,1.0,1.0
PIK3R6,0.0,0.0,1.0,1.0
AC000003.2,0.0,0.0,1.0,1.0
MYH3,0.0,0.0,1.0,1.0
MARC1,0.0,0.0,1.0,1.0
HLX,0.0,0.0,1.0,1.0
SRGAP1,0.0,0.0,1.0,1.0
SLC46A1,0.0,0.0,1.0,1.0
FAM153B,0.0,0.0,1.0,1.0
SLC46A2,0.0,0.0,1.0,1.0
CDC26,0.0,0.0,1.0,1.0
AC017002.1,0.0,0.0,1.0,1.0
EPHX3,0.0,0.0,1.0,1.0
AC004257.3,0.0,0.0,1.0,1.0
CYP4F22,0.0,0.0,1.0,1.0
IL1R2,0.0,0.0,1.0,1.0
IL1RL2,0.0,0.0,1.0,1.0
ATL1,0.0,0.0,1.0,1.0
C5,0.0,0.0,1.0,1.0
CNNM4,0.0,0.0,1.0,1.0
FAM178B,0.0,0.0,1.0,1.0
CTB-96E2.7,0.0,0.0,1.0,1.0
RTN1,0.0,0.0,1.0,1.0
NIPSNAP3B,0.0,0.0,1.0,1.0
ABCA1,0.0,0.0,1.0,1.0
FSD1L,0.0,0.0,1.0,1.0
STEAP3,0.0,0.0,1.0,1.0
FBXW9,0.0,0.0,1.0,1.0
CTD-2659N19.9,0.0,0.0,1.0,1.0
CABP4,0.0,0.0,1.0,1.0
HEMGN,0.0,0.0,1.0,1.0
CORO2A,0.0,0.0,1.0,1.0
VNN3,0.0,0.0,1.0,1.0
PKIB,0.0,0.0,1.0,1.0
UNC5CL,0.0,0.0,1.0,1.0
AC137932.6,0.0,0.0,1.0,1.0
NPHP1,0.0,0.0,1.0,1.0
MERTK,0.0,0.0,1.0,1.0
CTC-425F1.4,0.0,0.0,1.0,1.0
NFIX,0.0,0.0,1.0,1.0
KTN1-AS1,0.0,0.0,1.0,1.0
C9orf147,0.0,0.0,1.0,1.0
TXNDC16,0.0,0.0,1.0,1.0
RP11-841O20.2,0.0,0.0,1.0,1.0
AC016683.5,0.0,0.0,1.0,1.0
USP12-AS2,0.0,0.0,1.0,1.0
SMPDL3A,0.0,0.0,1.0,1.0
RNF217,0.0,0.0,1.0,1.0
AC104655.3,0.0,0.0,1.0,1.0
C2orf40,0.0,0.0,1.0,1.0
SEPT10,0.0,0.0,1.0,1.0
CTC-297N7.5,0.0,0.0,1.0,1.0
DAB1,0.0,0.0,1.0,1.0
RP4-794H19.1,0.0,0.0,1.0,1.0
HOOK1,0.0,0.0,1.0,1.0
CYP2J2,0.0,0.0,1.0,1.0
L1TD1,0.0,0.0,1.0,1.0
ZFYVE9,0.0,0.0,1.0,1.0
COA7,0.0,0.0,1.0,1.0
NXPH4,0.0,0.0,1.0,1.0
HK2,0.0,0.0,1.0,1.0
DNAH6,0.0,0.0,1.0,1.0
PDE4C,0.0,0.0,1.0,1.0
RP11-176H8.1,0.0,0.0,1.0,1.0
AC015971.2,0.0,0.0,1.0,1.0
C19orf44,0.0,0.0,1.0,1.0
THNSL2,0.0,0.0,1.0,1.0
AC103563.8,0.0,0.0,1.0,1.0
CTD-3131K8.2,0.0,0.0,1.0,1.0
TBC1D12,0.0,0.0,1.0,1.0
CH25H,0.0,0.0,1.0,1.0
PANK1,0.0,0.0,1.0,1.0
LINC00865,0.0,0.0,1.0,1.0
LHFP,0.0,0.0,1.0,1.0
RP11-504P24.8,0.0,0.0,1.0,1.0
RP11-504P24.6,0.0,0.0,1.0,1.0
CTA-407F11.8,0.0,0.0,1.0,1.0
SEZ6L,0.0,0.0,1.0,1.0
ASPHD2,0.0,0.0,1.0,1.0
DPY19L2,0.0,0.0,1.0,1.0
RGPD2,0.0,0.0,1.0,1.0
RP11-658F2.8,0.0,0.0,1.0,1.0
PC,0.0,0.0,1.0,1.0
RHOD,0.0,0.0,1.0,1.0
RP4-784A16.5,0.0,0.0,1.0,1.0
RP11-117D22.2,0.0,0.0,1.0,1.0
CTA-373H7.7,0.0,0.0,1.0,1.0
TTC28,0.0,0.0,1.0,1.0
SMTN,0.0,0.0,1.0,1.0
TAL1,0.0,0.0,1.0,1.0
MARC2,0.0,0.0,1.0,1.0
LTB4R2-1,0.0,0.0,1.0,1.0
FAM129B,0.0,0.0,1.0,1.0
FOXD2-AS1,0.0,0.0,1.0,1.0
CABP7,0.0,0.0,1.0,1.0
GAS2L1,0.0,0.0,1.0,1.0
CACNB1,0.0,0.0,1.0,1.0
TIFAB,0.0,0.0,1.0,1.0
KLHL3,0.0,0.0,1.0,1.0
RP11-381K20.2,0.0,0.0,1.0,1.0
RP3-399L15.3,0.0,0.0,1.0,1.0
RP3-486I3.7,0.0,0.0,1.0,1.0
PLVAP,0.0,0.0,1.0,1.0
RP11-317N8.5,0.0,0.0,1.0,1.0
PRR19,0.0,0.0,1.0,1.0
RP11-378J18.3,0.0,0.0,1.0,1.0
STAC3,0.0,0.0,1.0,1.0
RP11-571M6.7,0.0,0.0,1.0,1.0
GLS2,0.0,0.0,1.0,1.0
RBMS2,0.0,0.0,1.0,1.0
EMR3,0.0,0.0,1.0,1.0
FAM228A,0.0,0.0,1.0,1.0
DNAJC27,0.0,0.0,1.0,1.0
AC012074.2,0.0,0.0,1.0,1.0
CTB-113P19.5,0.0,0.0,1.0,1.0
FAXDC2,0.0,0.0,1.0,1.0
SEZ6,0.0,0.0,1.0,1.0
GPR63,0.0,0.0,1.0,1.0
KLHL32,0.0,0.0,1.0,1.0
RP11-98I9.4,0.0,0.0,1.0,1.0
KIAA1107,0.0,0.0,1.0,1.0
EVI5,0.0,0.0,1.0,1.0
C19orf33,0.0,0.0,1.0,1.0
AC026806.2,0.0,0.0,1.0,1.0
EML6,0.0,0.0,1.0,1.0
GEN1,0.0,0.0,1.0,1.0
RP11-111J6.2,0.0,0.0,1.0,1.0
FAM21C,0.0,0.0,1.0,1.0
RP11-292F22.7,0.0,0.0,1.0,1.0
PGBD3,0.0,0.0,1.0,1.0
AGAP6,0.0,0.0,1.0,1.0
KLHL29,0.0,0.0,1.0,1.0
RASGRP4,0.0,0.0,1.0,1.0
ASAP2,0.0,0.0,1.0,1.0
RP11-214N9.1,0.0,0.0,1.0,1.0
CTB-47B11.3,0.0,0.0,1.0,1.0
RP11-505K9.1,0.0,0.0,1.0,1.0
DNAAF1,0.0,0.0,1.0,1.0
ANKRD6,0.0,0.0,1.0,1.0
ZNF365,0.0,0.0,1.0,1.0
UGGT2,0.0,0.0,1.0,1.0
C10ORF68,0.0,0.0,1.0,1.0
CTD-2162K18.4,0.0,0.0,1.0,1.0
RET,0.0,0.0,1.0,1.0
RP11-351D16.3,0.0,0.0,1.0,1.0
RP11-517P14.2,0.0,0.0,1.0,1.0
C10orf25,0.0,0.0,1.0,1.0
XXbac-B135H6.15,0.0,0.0,1.0,1.0
AIFM3,0.0,0.0,1.0,1.0
TSTD3,0.0,0.0,1.0,1.0
ZNF571-AS1,0.0,0.0,1.0,1.0
AP003774.4,0.0,0.0,1.0,1.0
LL22NC03-86G7.1,0.0,0.0,1.0,1.0
VPREB1,0.0,0.0,1.0,1.0
TP53I3,0.0,0.0,1.0,1.0
BATF2,0.0,0.0,1.0,1.0
CDCA5,0.0,0.0,1.0,1.0
ZFAND4,0.0,0.13092963,1.0,1.0
NID1,0.0,0.0,1.0,1.0
DNAJC9-AS1,0.0,0.0,1.0,1.0
USP54,0.0,0.0,1.0,1.0
RP11-290D2.3,0.0,0.0,1.0,1.0
ZBTB18,0.0,0.0,1.0,1.0
DLL3,0.0,0.0,1.0,1.0
RP11-95D17.1,0.0,0.0,1.0,1.0
IPMK,0.0,0.0,1.0,1.0
MAP10,0.0,0.0,1.0,1.0
SLC35F3,0.0,0.0,1.0,1.0
SLC25A30,0.0,0.0,1.0,1.0
ZNF280B,0.0,0.0,1.0,1.0
CTD-2165H16.4,0.0,0.0,1.0,1.0
RP11-313P13.5,0.0,0.0,1.0,1.0
AC109333.10,0.0,0.0,1.0,1.0
FCGBP,0.0,0.0,1.0,1.0
ZNF546,0.0,0.0,1.0,1.0
C1orf101,0.0,0.0,1.0,1.0
RP11-11N7.4,0.0,0.0,1.0,1.0
MED4-AS1,0.0,0.0,1.0,1.0
RP11-443B7.3,0.0,0.0,1.0,1.0
XXbac-BPG252P9.10,0.0,0.0,1.0,1.0
PRRT1,0.0,0.0,1.0,1.0
NOTCH4,0.0,0.0,1.0,1.0
HLA-DQB1-AS1,0.0,0.0,1.0,1.0
C5orf54,0.0,0.0,1.0,1.0
TRIP13,0.0,0.0,1.0,1.0
RP11-480D4.6,0.0,0.0,1.0,1.0
C21orf58,0.0,0.0,1.0,1.0
SAMD14,0.0,0.0,1.0,1.0
SGCA,0.0,0.0,1.0,1.0
ABCC3,0.0,0.0,1.0,1.0
AEBP1,0.0,0.0,1.0,1.0
C16orf93,0.0,0.0,1.0,1.0
ZNF629,0.0,0.0,1.0,1.0
NUPR1L,0.0,0.0,1.0,1.0
SLX1A,0.0,0.0,1.0,1.0
AP001469.9,0.0,0.0,1.0,1.0
RP11-54O7.11,0.0,0.0,1.0,1.0
CTD-2083E4.6,0.0,0.0,1.0,1.0
MYO10,0.0,0.0,1.0,1.0
CTB-178M22.2,0.0,0.0,1.0,1.0
RHOBTB1,0.0,0.0,1.0,1.0
CTD-2086O20.3,0.0,0.0,1.0,1.0
CTB-102L5.4,0.0,0.0,1.0,1.0
FRS2,0.0,0.048847523,1.0,1.0
FNBP1L,0.0,0.0,1.0,1.0
ARHGAP29,0.0,0.0,1.0,1.0
CNN3,0.0,0.0,1.0,1.0
RP5-1007M22.2,0.0,0.0,1.0,1.0
RP5-884G6.2,0.0,0.0,1.0,1.0
AC006547.15,0.0,0.0,1.0,1.0
PAWR,0.0,0.0,1.0,1.0
LIN7A,0.0,0.0,1.0,1.0
LGALS12,0.0,0.0,1.0,1.0
RP11-178L8.7,0.0,0.0,1.0,1.0
RP4-549L20.3,0.0,0.0,1.0,1.0
PBLD,0.0,0.0,1.0,1.0
HKDC1,0.0,0.0,1.0,1.0
TACR2,0.0,0.0,1.0,1.0
NLRP3,0.0,0.0,1.0,1.0
AC116614.1,0.0,0.0,1.0,1.0
CTD-2540F13.2,0.0,0.0,1.0,1.0
DLEU7,0.0,0.0,1.0,1.0
NBPF15,0.0,0.0,1.0,1.0
RP11-420G6.4,0.0,0.0,1.0,1.0
PXDC1,0.0,0.0,1.0,1.0
TNFRSF13B,0.0,0.0,1.0,1.0
RSPH9,0.0,0.0,1.0,1.0
RP1-244F24.1,0.0,0.0,1.0,1.0
SCARF2,0.0,0.0,1.0,1.0
AKR1E2,0.0,0.0,1.0,1.0
MCF2L,0.0,0.0,1.0,1.0
PLEKHH2,0.0,0.0,1.0,1.0
RP11-559M23.1,0.0,0.0,1.0,1.0
SLC3A1,0.0,0.0,1.0,1.0
PRKCE,0.0,0.0,1.0,1.0
RP11-417F21.1,0.0,0.0,1.0,1.0
MAP4K3,0.0,0.0,1.0,1.0
SLC8A1,0.0,0.0,1.0,1.0
AC083949.1,0.0,0.0,1.0,1.0
LRP3,0.0,0.0,1.0,1.0
RP11-701P16.2,0.0,0.0,1.0,1.0
RP11-701P16.5,0.0,0.0,1.0,1.0
AC002116.7,0.0,0.0,1.0,1.0
SCRG1,0.0,0.0,1.0,1.0
GPM6A,0.0,0.0,1.0,1.0
GDPD3,0.0,0.0,1.0,1.0
TRIM74,0.0,0.0,1.0,1.0
TMEM255B,0.0,0.0,1.0,1.0
GAS6,0.0,0.0,1.0,1.0
ANKRD16,0.0,0.0,1.0,1.0
RP11-536K7.3,0.0,0.0,1.0,1.0
CYP1B1,0.0,0.0,1.0,1.0
LIG4,0.0,0.0,1.0,1.0
FRMD4A,0.0,0.0,1.0,1.0
RP11-398C13.6,0.0,0.0,1.0,1.0
FAM171A1,0.0,0.0,1.0,1.0
ZNF300,0.0,0.0,1.0,1.0
RP11-10K16.1,0.0,0.0,1.0,1.0
SAPCD2,0.0,0.0,1.0,1.0
UAP1L1,0.0,0.0,1.0,1.0
LRRC26,0.0,0.0,1.0,1.0
TPRN,0.0,0.0,1.0,1.0
RNASE4,0.0,0.0,1.0,1.0
AC073283.7,0.0,0.0,1.0,1.0
AC079807.2,0.0,0.0,1.0,1.0
ANG,0.0,0.0,1.0,1.0
RNASE1,0.0,0.0,1.0,1.0
RNASE3,0.0,0.0,1.0,1.0
RP11-84C10.2,0.0,0.0,1.0,1.0
RP11-338I21.1,0.0,0.0,1.0,1.0
CEBPA-AS1,0.0,0.0,1.0,1.0
C9orf169,0.0,0.0,1.0,1.0
GMPR,0.0,0.0,1.0,1.0
CELF2-AS1,0.0,0.0,1.0,1.0
KDELC1,0.0,0.0,1.0,1.0
RP11-421M1.8,0.0,0.0,1.0,1.0
TMEM170B,0.0,0.0,1.0,1.0
GUCA1B,0.0,0.0,1.0,1.0
PTCRA,0.0,0.0,1.0,1.0
RP3-475N16.1,0.0,0.0,1.0,1.0
RP5-1142A6.2,0.0,0.0,1.0,1.0
RP5-1142A6.8,0.0,0.0,1.0,1.0
AL441883.1,0.0,0.0,1.0,1.0
MYO16,0.0,0.0,1.0,1.0
RP11-138I18.2,0.0,0.0,1.0,1.0
ECHDC3,0.0,0.0,1.0,1.0
DHTKD1,0.0,0.0,1.0,1.0
PNPLA7,0.0,0.0,1.0,1.0
SCN1B,0.0,0.0,1.0,1.0
FFAR3,0.0,0.0,1.0,1.0
GPR42,0.0,0.0,1.0,1.0
FFAR2,0.0,0.0,1.0,1.0
TMEM262,0.0,0.0,1.0,1.0
AP003068.9,0.0,0.0,1.0,1.0
GNAZ,0.0,0.0,1.0,1.0
RP5-887A10.1,0.0,0.0,1.0,1.0
RP11-475O6.1,0.0,0.0,1.0,1.0
C22orf15,0.0,0.0,1.0,1.0
MMP11,0.0,0.0,1.0,1.0
DDTL,0.0,0.0,1.0,1.0
RP11-290L1.3,0.0,0.0,1.0,1.0
MSRB3,0.0,0.0,1.0,1.0
GPX3,0.0,0.0,1.0,1.0
AP000769.1,0.0,0.0,1.0,1.0
IFT172,0.0,0.0,1.0,1.0
FGF14-AS2,0.0,0.0,1.0,1.0
ENKUR,0.0,0.0,1.0,1.0
AD000671.6,0.0,0.0,1.0,1.0
RP11-324I22.4,0.0,0.0,1.0,1.0
RP11-472N13.3,0.0,0.0,1.0,1.0
RNF219-AS1,0.0,0.0,1.0,1.0
RP11-295G20.2,0.0,0.0,1.0,1.0
SIPA1L2,0.0,0.0,1.0,1.0
AC104699.1,0.0,0.0,1.0,1.0
AC013449.1,0.0,0.0,1.0,1.0
OTOF,0.0,0.0,1.0,1.0
ABHD1,0.0,0.0,1.0,1.0
CDC42EP2,0.0,0.0,1.0,1.0
ATAD5,0.0,0.0,1.0,1.0
ADAP2,0.0,0.0,1.0,1.0
OMG,0.0,0.0,1.0,1.0
RP11-264L1.4,0.0,0.0,1.0,1.0
CDYL2,0.0,0.0,1.0,1.0
ZNF594,0.0,0.0,1.0,1.0
RP11-333E1.1,0.0,0.0,1.0,1.0
VMO1,0.0,0.0,1.0,1.0
RP11-81A22.5,0.0,0.0,1.0,1.0
PLD2,0.0,0.0,1.0,1.0
C2,0.0,0.0,1.0,1.0
RP11-314O13.1,0.0,0.0,1.0,1.0
ARHGAP33,0.0,0.0,1.0,1.0
CUBN,0.0,0.0,1.0,1.0
CTB-114C7.4,0.0,0.0,1.0,1.0
SPERT,0.0,0.0,1.0,1.0
RP11-178G16.4,0.0,0.0,1.0,1.0
ZNF503,0.0,0.0,1.0,1.0
KCNMA1,0.0,0.0,1.0,1.0
RP4-781K5.2,0.0,0.0,1.0,1.0
RP11-443B7.1,0.0,0.0,1.0,1.0
RP11-552D4.1,0.0,0.0,1.0,1.0
ZCCHC24,0.0,0.0,1.0,1.0
TMEM254-AS1,0.0,0.0,1.0,1.0
CCDC3,0.0,0.0,1.0,1.0
NLRC4,0.0,0.0,1.0,1.0
MCM10,0.0,0.0,1.0,1.0
WDR62,0.0,0.0,1.0,1.0
TLCD1,0.0,0.0,1.0,1.0
PTPLA,0.0,0.0,1.0,1.0
RP4-789D17.5,0.0,0.0,1.0,1.0
ABHD16B,0.0,0.0,1.0,1.0
POU5F1B,0.0,0.0,1.0,1.0
CCDC26,0.0,0.0,1.0,1.0
AC083843.2,0.0,0.0,1.0,1.0
C20orf201,0.0,0.0,1.0,1.0
SRGAP3,0.0,0.0,1.0,1.0
RP11-266J6.2,0.0,0.0,1.0,1.0
PTK6,0.0,0.0,1.0,1.0
MADCAM1,0.0,0.0,1.0,1.0
AZU1,0.0,0.0,1.0,1.0
ELANE,0.0,0.0,1.0,1.0
GPR20,0.0,0.0,1.0,1.0
MARCO,0.0,0.0,1.0,1.0
LYPD2,0.0,0.0,1.0,1.0
LYNX1,0.0,0.0,1.0,1.0
RP11-273G15.2,0.0,0.0,1.0,1.0
RP11-805I24.1,0.0,0.0,1.0,1.0
RP5-1148A21.3,0.0,0.0,1.0,1.0
RP3-525N10.2,0.0,0.0,1.0,1.0
XRCC3,0.0,0.0,1.0,1.0
KISS1R,0.0,0.0,1.0,1.0
C8orf31,0.0,0.0,1.0,1.0
ZFP41,0.0,0.0,1.0,1.0
RP11-661A12.5,0.0,0.0,1.0,1.0
MEG3,0.0,0.0,1.0,1.0
RP11-8L8.2,0.0,0.0,1.0,1.0
CTD-2017C7.1,0.0,0.0,1.0,1.0
ARC,0.0,0.0,1.0,1.0
SH3D21,0.0,0.0,1.0,1.0
OSCP1,0.0,0.0,1.0,1.0
LRRC16A,0.0,0.0,1.0,1.0
U91328.19,0.0,0.0,1.0,1.0
HIST1H4A,0.0,0.0,1.0,1.0
SCARF1,0.0,0.0,1.0,1.0
LINC00852,0.0,0.0,1.0,1.0
NEURL1,0.0,0.0,1.0,1.0
FKRP,0.0,0.0,1.0,1.0
SHISA4,0.0,0.0,1.0,1.0
PPP1R12B,0.0,0.0,1.0,1.0
RP11-416N2.4,0.0,0.0,1.0,1.0
COL17A1,0.0,0.0,1.0,1.0
RP11-525A16.4,0.0,0.0,1.0,1.0
RP4-583P15.10,0.0,0.0,1.0,1.0
DSCC1,0.0,0.0,1.0,1.0
ZNF84,0.0,0.0,1.0,1.0
RP11-553K8.2,0.0,0.0,1.0,1.0
LAMC1,0.0,0.0,1.0,1.0
CTD-2571L23.8,0.0,0.0,1.0,1.0
ZRSR1,0.0,0.0,1.0,1.0
CTC-428G20.3,0.0,0.0,1.0,1.0
KLHL11,0.0,0.0,1.0,1.0
CDH1,0.0,0.0,1.0,1.0
CTC-428G20.6,0.0,0.0,1.0,1.0
FEM1C,0.0,0.0,1.0,1.0
DTWD2,0.0,0.0,1.0,1.0
CDC6,0.0,0.0,1.0,1.0
TOP2A,0.0,0.0,1.0,1.0
RP11-46H11.3,0.0,0.0,1.0,1.0
RP11-429J17.2,0.0,0.0,1.0,1.0
EPPK1,0.0,0.0,1.0,1.0
AC016757.3,0.0,0.0,1.0,1.0
KRT23,0.0,0.0,1.0,1.0
RP11-517I3.1,0.0,0.0,1.0,1.0
RP11-529K1.4,0.0,0.0,1.0,1.0
MTSS1L,0.0,0.0,1.0,1.0
MYB,0.0,0.0,1.0,1.0
AC137934.1,0.0,0.0,1.0,1.0
GPR55,0.0,0.0,1.0,1.0
PCSK4,0.0,0.0,1.0,1.0
OPLAH,0.0,0.0,1.0,1.0
BOP1,0.0,0.0,1.0,1.0
AC104809.3,0.0,0.0,1.0,1.0
C14orf132,0.0,0.0,1.0,1.0
RP11-433J8.1,0.0,0.0,1.0,1.0
ADAMTSL5,0.0,0.0,1.0,1.0
SPEG,0.0,0.0,1.0,1.0
LINGO3,0.0,0.0,1.0,1.0
C2orf62,0.0,0.0,1.0,1.0
RP11-378A13.2,0.0,0.0,1.0,1.0
VIL1,0.0,0.0,1.0,1.0
RP11-33O4.1,0.0,0.0,1.0,1.0
AC005944.2,0.0,0.0,1.0,1.0
COL4A3,0.0,0.0,1.0,1.0
C19orf77,0.0,0.0,1.0,1.0
SLC23A3,0.0,0.0,1.0,1.0
RP11-1070N10.3,0.0,0.0,1.0,1.0
GS1-393G12.14,0.0,0.0,1.0,1.0
SNED1,0.0,0.0,1.0,1.0
EFHD1,0.0,0.0,1.0,1.0
DGAT2,0.0,0.0,1.0,1.0
AP001189.4,0.0,0.0,1.0,1.0
AC005306.3,0.0,0.0,1.0,1.0
JSRP1,0.0,0.0,1.0,1.0
AC009950.2,0.0,0.0,1.0,1.0
KRT7,0.0,0.0,1.0,1.0
RP11-641A6.2,0.0,0.0,1.0,1.0
DMC1,0.0,0.0,1.0,1.0
RP3-508I15.21,0.0,0.0,1.0,1.0
RP11-69E11.4,0.0,0.0,1.0,1.0
RP5-1042K10.10,0.0,0.0,1.0,1.0
C17orf51,0.0,0.0,1.0,1.0
RP11-661A12.12,0.0,0.0,1.0,1.0
RP11-138P22.1,0.0,0.0,1.0,1.0
FAM153A,0.0,0.0,1.0,1.0
RP11-423H2.3,0.0,0.0,1.0,1.0
DIRAS1,0.0,0.0,1.0,1.0
LRRC24,0.0,0.0,1.0,1.0
SGPP2,0.0,0.0,1.0,1.0
COL4A4,0.0,0.0,1.0,1.0
COL19A1,0.0,0.0,1.0,1.0
N4BP3,0.0,0.0,1.0,1.0
ZFP2,0.0,0.0,1.0,1.0
PPP5D1,0.0,0.0,1.0,1.0
PTGIR,0.0,0.0,1.0,1.0
RP11-225H22.7,0.0,0.0,1.0,1.0
RP11-661A12.14,0.0,0.0,1.0,1.0
RP11-173M1.8,0.0,0.0,1.0,1.0
PI16,0.0,0.0,1.0,1.0
HIST1H2BF,0.0,0.0,1.0,1.0
NUDT12,0.0,0.0,1.0,1.0
RP3-466P17.1,0.0,0.0,1.0,1.0
SUMO4,0.0,0.0,1.0,1.0
NRN1L,0.0,0.0,1.0,1.0
SNAI1,0.0,0.0,1.0,1.0
CTDSPL,0.0,0.0,1.0,1.0
ACVR2B,0.0,0.0,1.0,1.0
FAM92A1,0.0,0.0,1.0,1.0
TMEM67,0.0,0.0,1.0,1.0
DTX4,0.0,0.0,1.0,1.0
MS4A14,0.0,0.0,1.0,1.0
LRP12,0.0,0.0,1.0,1.0
ZNF286A,0.0,0.0,1.0,1.0
CBFA2T3,0.0,0.0,1.0,1.0
RP11-830F9.6,0.0,0.0,1.0,1.0
ZNF778,0.0,0.0,1.0,1.0
RP5-914P20.5,0.0,0.0,1.0,1.0
ATP9A,0.0,0.0,1.0,1.0
TSHZ2,0.0,0.0,1.0,1.0
CCR4,0.0,0.0,1.0,1.0
RP11-10C24.1,0.0,0.0,1.0,1.0
TSPYL5,0.0,0.0,1.0,1.0
LAPTM4B,0.0,0.0,1.0,1.0
OSR2,0.0,0.0,1.0,1.0
RP11-22P6.3,0.0,0.0,1.0,1.0
RUNDC3B,0.0,0.0,1.0,1.0
PMP22,0.0,0.0,1.0,1.0
SPOCD1,0.0,0.0,1.0,1.0
CCR9,0.0,0.0,1.0,1.0
CCRL2,0.0,0.0,1.0,1.0
TMIE,0.0,0.0,1.0,1.0
SPRED1,0.0,0.0,1.0,1.0
RP11-275I4.1,0.0,0.0,1.0,1.0
LINC00984,0.0,0.0,1.0,1.0
RP11-382J12.1,0.0,0.0,1.0,1.0
OTUD7A,0.0,0.0,1.0,1.0
RP11-1000B6.3,0.0,0.0,1.0,1.0
AC123768.4,0.0,0.0,1.0,1.0
MIR378D2,0.0,0.0,1.0,1.0
RP11-391M1.4,0.0,0.0,1.0,1.0
ZNF619,0.0,0.0,1.0,1.0
SERPINF1,0.0,0.0,1.0,1.0
CCDC13,0.0,0.0,1.0,1.0
NDN,0.0,0.0,1.0,1.0
PKIA,0.0,0.0,1.0,1.0
ZC2HC1A,0.0,0.0,1.0,1.0
RP11-92K15.3,0.0,0.0,1.0,1.0
Y_RNA,0.0,0.0,1.0,1.0
RP11-1149M10.2,0.0,0.0,1.0,1.0
RP11-219B4.7,0.0,0.0,1.0,1.0
RP11-70C1.1,0.0,0.0,1.0,1.0
RP11-424N24.2,0.0,0.0,1.0,1.0
LINC00694,0.0,0.0,1.0,1.0
ZKSCAN7,0.0,0.0,1.0,1.0
PMEPA1,0.0,0.0,1.0,1.0
SERPINF2,0.0,0.0,1.0,1.0
ZNF620,0.0,0.0,1.0,1.0
ZFYVE20,0.0,0.0,1.0,1.0
ANKRD28,0.0,0.04408305,1.0,1.0
SYCP2,0.0,0.0,1.0,1.0
TMEM121,0.0,0.0,1.0,1.0
AL928742.12,0.0,0.0,1.0,1.0
AL928768.3,0.0,0.0,1.0,1.0
PKHD1L1,0.0,0.0,1.0,1.0
EXT1,0.0,0.0,1.0,1.0
CDH26,0.0,0.0,1.0,1.0
SAMD12,0.0,0.0,1.0,1.0
PTK7,0.0,0.0,1.0,1.0
AC015922.6,0.0,0.0,1.0,1.0
ADORA2B,0.0,0.0,1.0,1.0
OSBPL10,0.0,0.0,1.0,1.0
STEAP4,0.0,0.0,1.0,1.0
COL9A3,0.0,0.0,1.0,1.0
TCFL5,0.0,0.0,1.0,1.0
FBLN2,0.0,0.0,1.0,1.0
RTEL1-TNFRSF6B,0.0,0.0,1.0,1.0
TDRD9,0.0,0.0,1.0,1.0
ZBTB42,0.0,0.0,1.0,1.0
CEP170B,0.0,0.0,1.0,1.0
C14orf79,0.0,0.0,1.0,1.0
ZGPAT,0.0,0.0,1.0,1.0
RP4-583P15.15,0.0,0.0,1.0,1.0
KRT8,0.0,0.0,1.0,1.0
RP11-16E12.2,0.0,0.0,1.0,1.0
KB-1507C5.4,0.0,0.0,1.0,1.0
FZD6,0.0,0.0,1.0,1.0
SLCO4A1,0.0,0.0,1.0,1.0
FZD1,0.0,0.0,1.0,1.0
CTD-2196E14.4,0.0,0.0,1.0,1.0
CTD-3203P2.2,0.0,0.0,1.0,1.0
CUEDC1,0.0,0.0,1.0,1.0
RP11-159D12.5,0.0,0.0,1.0,1.0
RP11-223C24.1,0.0,0.0,1.0,1.0
SERHL2,0.0,0.0,1.0,1.0
ACO2,0.0,0.027231766,1.0,1.0
RP11-452H21.4,0.0,0.0,1.0,1.0
TNFRSF13C,0.0,0.0,1.0,1.0
ZBTB8A,0.0,0.0,1.0,1.0
CTNND1,0.0,0.0,1.0,1.0
FAM65C,0.0,0.0,1.0,1.0
RP11-410L14.2,0.0,0.0,1.0,1.0
TEX22,0.0,0.0,1.0,1.0
RP5-1043L13.1,0.0,0.0,1.0,1.0
RP11-429E11.3,0.0,0.0,1.0,1.0
RP11-415F23.2,0.0,0.0,1.0,1.0
SGOL1,0.0,0.0,1.0,1.0
CASS4,0.0,0.0,1.0,1.0
FAM209A,0.0,0.0,1.0,1.0
RP11-16E12.1,0.0,0.0,1.0,1.0
GNAI1,0.0,0.0,1.0,1.0
HGF,0.0,0.0,1.0,1.0
IL27,0.0,0.0,1.0,1.0
TMEM144,0.0,0.0,1.0,1.0
RNF175,0.0,0.0,1.0,1.0
ATP2A1,0.0,0.0,1.0,1.0
RP11-395G23.3,0.0,0.0,1.0,1.0
KB-1460A1.5,0.0,0.0,1.0,1.0
DHRS9,0.0,0.0,1.0,1.0
KLHL23,0.0,0.0,1.0,1.0
FRMD3,0.0,0.0,1.0,1.0
PKP4,0.0,0.0,1.0,1.0
RP11-575L7.8,0.0,0.0,1.0,1.0
C9orf47,0.0,0.0,1.0,1.0
S1PR3,0.0,0.0,1.0,1.0
AC009506.1,0.0,0.0,1.0,1.0
RP11-72M17.1,0.0,0.0,1.0,1.0
ZNF484,0.0,0.0,1.0,1.0
FANCC,0.0,0.0,1.0,1.0
GALNT12,0.0,0.0,1.0,1.0
RP11-60I3.5,0.0,0.0,1.0,1.0
TCL1B,0.0,0.0,1.0,1.0
LARGE,0.0,0.0,1.0,1.0
CTTN,0.0,0.0,1.0,1.0
GPR84,0.0,0.0,1.0,1.0
BTBD19,0.0,0.0,1.0,1.0
SLFNL1,0.0,0.0,1.0,1.0
RP11-644F5.16,0.0,0.0,1.0,1.0
FOLR2,0.0,0.0,1.0,1.0
ICAM4,0.0,0.0,1.0,1.0
ZGLP1,0.0,0.0,1.0,1.0
AC011893.3,0.0,0.0,1.0,1.0
KIF18A,0.0,0.0,1.0,1.0
HIST2H2BF,0.0,0.0,1.0,1.0
RP11-196G18.24,0.0,0.0,1.0,1.0
SV2A,0.0,0.0,1.0,1.0
DEPDC5,0.0,0.0,1.0,1.0
KCNC4,0.0,0.0,1.0,1.0
LAMTOR5-AS1,0.0,0.0,1.0,1.0
PTGDR2,0.0,0.0,1.0,1.0
SLC15A3,0.0,0.0,1.0,1.0
VPS37C,0.0,0.0,1.0,1.0
RP11-438L19.1,0.0,0.0,1.0,1.0
CD302,0.0,0.0,1.0,1.0
USP44,0.0,0.0,1.0,1.0
AMDHD1,0.0,0.0,1.0,1.0
C1orf186,0.0,0.0,1.0,1.0
VNN1,0.0,0.0,1.0,1.0
CLEC4G,0.0,0.0,1.0,1.0
EVI5L,0.0,0.0,1.0,1.0
TGFBR3L,0.0,0.0,1.0,1.0
COBLL1,0.0,0.0,1.0,1.0
RP11-262H14.1,0.0,0.0,1.0,1.0
RP11-764K9.1,0.0,0.0,1.0,1.0
CBWD6,0.0,0.0,1.0,1.0
AC010894.5,0.0,0.0,1.0,1.0
ZNF558,0.0,0.0,1.0,1.0
PIP5K1B,0.0,0.0,1.0,1.0
ALDH1A1,0.0,0.0,1.0,1.0
ACVR2A,0.0,0.0,1.0,1.0
C19orf38,0.0,0.0,1.0,1.0
SLC10A1,0.0,0.0,1.0,1.0
RP11-305L7.7,0.0,0.0,1.0,1.0
CCDC141,0.0,0.0,1.0,1.0
RETN,0.0,0.0,1.0,1.0
C19orf59,0.0,0.0,1.0,1.0
ANKRD18A,0.0,0.0,1.0,1.0
ZNF709,0.0,0.0,1.0,1.0
ARHGEF4,0.0,0.0,1.0,1.0
C2orf27A,0.0,0.0,1.0,1.0
PROC,0.0,0.0,1.0,1.0
MYO7B,0.0,0.0,1.0,1.0
RP5-935K16.1,0.0,0.0,1.0,1.0
ZNF433,0.0,0.0,1.0,1.0
ZNF625,0.0,0.0,1.0,1.0
ESR2,0.0,0.0,1.0,1.0
BRCA2,0.0,0.0,1.0,1.0
UBTD1,0.0,0.0,1.0,1.0
MARVELD1,0.0,0.0,1.0,1.0
KCNQ5,0.0,0.0,1.0,1.0
C1orf51,0.0,0.0,1.0,1.0
GPSM2,0.0,0.0,1.0,1.0
CECR6,0.0,0.0,1.0,1.0
KIAA1324,0.0,0.0,1.0,1.0
CELSR2,0.0,0.0,1.0,1.0
PSRC1,0.0,0.0,1.0,1.0
AMIGO1,0.0,0.0,1.0,1.0
GPR61,0.0,0.0,1.0,1.0
RP11-421L21.2,0.0,0.0,1.0,1.0
RP1-234P15.4,0.0,0.0,1.0,1.0
HPDL,0.0,0.0,1.0,1.0
CCND1,0.0,0.0,1.0,1.0
SUOX,0.0,0.0,1.0,1.0
PHLPP2,0.0,0.0,1.0,1.0
HP,0.0,0.0,1.0,1.0
HAL,0.0,0.0,1.0,1.0
ZNF667,0.0,0.0,1.0,1.0
ZNF667-AS1,0.0,0.0,1.0,1.0
RP11-337C18.8,0.0,0.0,1.0,1.0
HSPA2,0.0,0.0,1.0,1.0
RAB15,0.0,0.0,1.0,1.0
NEB,0.0,0.0,1.0,1.0
STAM2,0.0,0.0,1.0,1.0
FMNL2,0.0,0.0,1.0,1.0
ERMN,0.0,0.0,1.0,1.0
CCNT2-AS1,0.0,0.0,1.0,1.0
CCDC151,0.0,0.0,1.0,1.0
RP11-338C15.3,0.0,0.0,1.0,1.0
BATF3,0.0,0.0,1.0,1.0
YOD1,0.0,0.0,1.0,1.0
CCDC24,0.0,0.0,1.0,1.0
C4BPB,0.0,0.0,1.0,1.0
CR1,0.0,0.0,1.0,1.0
HSD11B1,0.0,0.0,1.0,1.0
RP11-441O15.3,0.0,0.0,1.0,1.0
CCDC180,0.0,0.0,1.0,1.0
FAM218A,0.0,0.0,1.0,1.0
TRIM60,0.0,0.0,1.0,1.0
SH3RF1,0.0,0.0,1.0,1.0
SRCRB4D,0.0,0.0,1.0,1.0
C1orf233,0.0,0.0,1.0,1.0
RP11-345P4.9,0.0,0.0,1.0,1.0
BDNF-AS,0.0,0.0,1.0,1.0
MAST2,0.0,0.0,1.0,1.0
PDZK1IP1,0.0,0.0,1.0,1.0
PFKFB2,0.0,0.0,1.0,1.0
SLC24A4,0.0,0.0,1.0,1.0
CNTLN,0.0,0.0,1.0,1.0
RP11-513M16.7,0.0,0.0,1.0,1.0
RP11-343H5.6,0.0,0.0,1.0,1.0
IL10,0.0,0.0,1.0,1.0
RP11-656E20.5,0.0,0.0,1.0,1.0
MPO,0.0,0.0,1.0,1.0
GUCY1A3,0.0,0.0,1.0,1.0
GUCY1B3,0.0,0.0,1.0,1.0
PDGFC,0.0,0.0,1.0,1.0
FAM198B,0.0,0.0,1.0,1.0
RP11-597D13.9,0.0,0.0,1.0,1.0
RP5-899E9.1,0.0,0.0,1.0,1.0
RP4-773N10.4,0.0,0.0,1.0,1.0
GIPR,0.0,0.0,1.0,1.0
FAM72A,0.0,0.0,1.0,1.0
EML5,0.0,0.0,1.0,1.0
FOXN3-AS1,0.0,0.0,1.0,1.0
TMEM169,0.0,0.0,1.0,1.0
AC024592.12,0.0,0.0,1.0,1.0
P2RY6,0.0,0.0,1.0,1.0
RP11-809N8.4,0.0,0.0,1.0,1.0
RP11-342M1.3,0.0,0.0,1.0,1.0
WDR65,0.0,0.0,1.0,1.0
RP1-92O14.3,0.0,0.0,1.0,1.0
FOXRED2,0.0,0.0,1.0,1.0
PVALB,0.0,0.0,1.0,1.0
TST,0.0,0.0,1.0,1.0
ELOVL3,0.0,0.0,1.0,1.0
RP11-164H13.1,0.0,0.0,1.0,1.0
ZNF252P-AS1,0.0,0.0,1.0,1.0
KANK1,0.0,0.0,1.0,1.0
RP11-509J21.2,0.0,0.0,1.0,1.0
GLB1L,0.0,0.0,1.0,1.0
ZNF225,0.0,0.0,1.0,1.0
CTB-129P6.4,0.0,0.0,1.0,1.0
FLT3,0.0,0.0,1.0,1.0
SEMA4G,0.0,0.0,1.0,1.0
CKM,0.0,0.0,1.0,1.0
KAZALD1,0.0,0.0,1.0,1.0
MOCS1,0.0,0.0,1.0,1.0
RNF222,0.0,0.0,1.0,1.0
MYCL,0.0,0.0,1.0,1.0
RP11-260M2.1,0.0,0.0,1.0,1.0
CDC42EP1,0.0,0.0,1.0,1.0
KCNE3,0.0,0.0,1.0,1.0
MICALL1,0.0,0.0,1.0,1.0
MAP7,0.0,0.0,1.0,1.0
TNS1,0.0,0.0,1.0,1.0
EBI3,0.0,0.0,1.0,1.0
AC007879.7,0.0,0.0,1.0,1.0
MPND,0.0,0.0,1.0,1.0
PLIN5,0.0,0.0,1.0,1.0
LRG1,0.0,0.0,1.0,1.0
CDKN2B,0.0,0.0,1.0,1.0
MOB3B,0.0,0.0,1.0,1.0
GNA11,0.0,0.0,1.0,1.0
PLEKHM3,0.0,0.0,1.0,1.0
MFSD2A,0.0,0.0,1.0,1.0
RP11-950C14.3,0.0,0.0,1.0,1.0
PLCL1,0.0,0.0,1.0,1.0
TUBB4A,0.0,0.0,1.0,1.0
C3,0.0,0.0,1.0,1.0
BTBD9,0.0,0.08627559,1.0,1.0
DBNDD1,0.0,0.0,1.0,1.0
GAS8,0.0,0.0,1.0,1.0
ZNF804A,0.0,0.0,1.0,1.0
AC008174.3,0.0,0.0,1.0,1.0
AC097500.2,0.0,0.0,1.0,1.0
INSR,0.0,0.0,1.0,1.0
RP11-293M10.5,0.0,0.0,1.0,1.0
JDP2,0.0,0.0,1.0,1.0
RP11-297B17.3,0.0,0.0,1.0,1.0
ZNF547,0.0,0.0,1.0,1.0
FBXO10,0.0,0.0,1.0,1.0
PEX11G,0.0,0.0,1.0,1.0
SLC22A4,0.0,0.0,1.0,1.0
AC116366.6,0.0,0.0,1.0,1.0
SEPT8,0.0,0.0,1.0,1.0
CCL27,0.0,0.0,1.0,1.0
RP11-195F19.9,0.0,0.0,1.0,1.0
SHROOM1,0.0,0.0,1.0,1.0
AC004158.2,0.0,0.0,1.0,1.0
CTAGE9,0.0,0.0,1.0,1.0
LINC01013,0.0,0.0,1.0,1.0
ENTPD7,0.0,0.0,1.0,1.0
ATP8A2,0.0,0.0,1.0,1.0
GCNT2,0.0,0.0,1.0,1.0
ZBTB5,0.0,0.0,1.0,1.0
CCDC73,0.0,0.0,1.0,1.0
PRRG4,0.0,0.0,1.0,1.0
SLC35E2,0.0,0.0,1.0,1.0
RP1-140A9.1,0.0,0.0,1.0,1.0
AIRE,0.0,0.0,1.0,1.0
CLECL1,0.0,0.0,1.0,1.0
RP11-356C4.3,0.0,0.0,1.0,1.0
ANKRD18B,0.0,0.0,1.0,1.0
RAPH1,0.0,0.0,1.0,1.0
NRP2,0.0,0.0,1.0,1.0
ZDBF2,0.0,0.0,1.0,1.0
ADAM23,0.0,0.0,1.0,1.0
TRIP10,0.0,0.0,1.0,1.0
HSD11B1L,0.0,0.0,1.0,1.0
PGF,0.0,0.0,1.0,1.0
ENHO,0.0,0.0,1.0,1.0
SEMA6B,0.0,0.0,1.0,1.0
AC005523.2,0.0,0.0,1.0,1.0
CTC-518P12.6,0.0,0.0,1.0,1.0
CCNYL1,0.0,0.0,1.0,1.0
AC096772.6,0.0,0.0,1.0,1.0
FLVCR2,0.0,0.0,1.0,1.0
TGFB3,0.0,0.0,1.0,1.0
VASH1,0.0,0.0,1.0,1.0
PCP2,0.0,0.0,1.0,1.0
OSGEPL1-AS1,0.0,0.0,1.0,1.0
C2orf88,0.0,0.0,1.0,1.0
MYO1B,0.0,0.0,1.0,1.0
NPR2,0.0,0.0,1.0,1.0
SPATA7,0.0,0.0,1.0,1.0
PTPN22,-0.00038372062,-0.07277636,0.999693835244701,1.0
CLEC16A,-0.00076744123,0.12554958,0.9993876705344823,1.0
PNPLA4,-0.00076744123,0.10466088,0.9993876705344823,1.0
KDM6A,-0.00076744123,0.101408936,0.9993876705344823,1.0
CHP1,-0.00076744123,0.074845076,0.9993876705344823,1.0
JRKL,-0.00076744123,0.120977566,0.9993876705344823,1.0
AZI2,-0.00076744123,0.037491307,0.9993876705344823,1.0
XXcos-LUCA11.4,-0.00076744123,0.32917073,0.9993876705344823,1.0
JMY,-0.00076744123,0.07491744,0.9993876705344823,1.0
C16orf70,-0.00076744123,0.033241544,0.9993876705344823,1.0
NXT2,-0.00076744123,0.17590088,0.9993876705344823,1.0
ABCB7,-0.00076744123,0.15597323,0.9993876705344823,1.0
COL6A2,-0.00076744123,0.06809357,0.9993876705344823,1.0
SYNJ2BP,-0.00076744123,0.10684218,0.9993876705344823,1.0
OSGEPL1,-0.00076744123,0.23926292,0.9993876705344823,1.0
TTC7A,-0.00076744123,0.071742214,0.9993876705344823,1.0
PCK2,-0.00076744123,0.2843841,0.9993876705344823,1.0
ZC3H3,-0.00076744123,0.13081318,0.9993876705344823,1.0
SPRYD3,-0.0015348825,0.04052648,0.9987753414296058,1.0
WDR12,-0.0015348825,0.1176468,0.9987753414296058,1.0
ARHGEF7,-0.0015348825,0.11385391,0.9987753414296058,1.0
SOS1,-0.0015348825,0.03896503,0.9987753414296058,1.0
FBXO33,-0.0015348825,0.023126809,0.9987753414296058,1.0
STK24,-0.0015348825,0.045843206,0.9987753414296058,1.0
SEC31B,-0.0015348825,0.13077275,0.9987753414296058,1.0
HHEX,-0.0015348825,0.13596424,0.9987753414296058,1.0
BRD8,-0.0015348825,0.09973982,0.9987753414296058,1.0
TOP2B,-0.0015348825,0.09427939,0.9987753414296058,1.0
ACAD10,-0.0015348825,0.049168345,0.9987753414296058,1.0
COMMD8,-0.0015348825,0.09714737,0.9987753414296058,1.0
METTL4,-0.0015348825,0.21598528,0.9987753414296058,1.0
RNF26,-0.0015348825,-0.005355515,0.9987753414296058,1.0
HMCES,-0.0015348825,-0.007410303,0.9987753414296058,1.0
RGL2,-0.0015348825,0.05541614,0.9987753414296058,1.0
AMIGO2,-0.0015348825,0.08440891,0.9987753414296058,1.0
ACVR1,-0.0015348825,0.029850025,0.9987753414296058,1.0
AC027763.2,-0.0015348825,0.06481629,0.9987753414296058,1.0
MFN2,-0.0023023237,0.0053448244,0.9981630130460108,1.0
OAS3,-0.0023023237,0.033679303,0.9981630130460108,1.0
KIAA0226,-0.0023023237,0.0492995,0.9981630130460108,1.0
CLCN6,-0.0023023237,-0.02789111,0.9981630130460108,1.0
METTL2A,-0.0023023237,-0.00035934433,0.9981630130460108,1.0
FAM213B,-0.0023023237,0.054684117,0.9981630130460108,1.0
CPVL,-0.0023023237,-0.123211764,0.9981630130460108,1.0
TNFAIP1,-0.0023023237,0.050554898,0.9981630130460108,1.0
REEP3,-0.0023023237,0.0015871451,0.9981630130460108,1.0
CEP57L1,-0.0023023237,-0.030574962,0.9981630130460108,1.0
NMT2,-0.0023023237,0.028087424,0.9981630130460108,1.0
CBX6,-0.0023023237,0.12587748,0.9981630130460108,1.0
SZT2,-0.0023023237,0.042271063,0.9981630130460108,1.0
EDEM1,-0.0023023237,0.04280065,0.9981630130460108,1.0
CA13,-0.0023023237,-0.024503205,0.9981630130460108,1.0
FMR1,-0.0023023237,-0.12582392,0.9981630130460108,1.0
CHIC1,-0.0023023237,0.004672666,0.9981630130460108,1.0
MPEG1,-0.0023023237,0.11530097,0.9981630130460108,1.0
LXN,-0.0023023237,0.041998427,0.9981630130460108,1.0
PWP2,-0.0023023237,0.057168916,0.9981630130460108,1.0
ZNF664,-0.0023023237,0.032062244,0.9981630130460108,1.0
SLC36A4,-0.0023023237,0.07429031,0.9981630130460108,1.0
NUDT22,-0.003069765,0.022784224,0.9975506857443369,1.0
CTPS1,-0.003069765,-0.01680305,0.9975506857443369,1.0
CARS2,-0.003069765,-0.044395234,0.9975506857443369,1.0
N6AMT2,-0.003069765,0.08695587,0.9975506857443369,1.0
HIST1H2BC,-0.003069765,0.029024972,0.9975506857443369,1.0
PRKAR1B,-0.003069765,-0.037127145,0.9975506857443369,1.0
ZCCHC8,-0.003069765,0.04415144,0.9975506857443369,1.0
FUT10,-0.003069765,0.08667906,0.9975506857443369,1.0
PARD6A,-0.003069765,-0.070331536,0.9975506857443369,1.0
ZNF787,-0.003069765,-0.0038017898,0.9975506857443369,1.0
COG5,-0.003069765,0.19074254,0.9975506857443369,1.0
ZFX,-0.003069765,-0.0415351,0.9975506857443369,1.0
ZNF585B,-0.003069765,-0.0505218,0.9975506857443369,1.0
FAM35A,-0.003069765,0.0740645,0.9975506857443369,1.0
RNF219,-0.003069765,-0.05219121,0.9975506857443369,1.0
HIATL1,-0.003069765,-0.066737935,0.9975506857443369,1.0
CTNNA1,-0.003069765,-0.04363653,0.9975506857443369,1.0
ALG14,-0.0034534857,-0.014279924,0.9972445226119195,1.0
TRIM28,-0.0038372062,-0.03610474,0.9969383598852212,1.0
ENTPD1-AS1,-0.0038372062,-0.08949252,0.9969383598852212,1.0
DGCR6,-0.0038372062,-0.114932835,0.9969383598852212,1.0
PDK1,-0.0038372062,-0.027029885,0.9969383598852212,1.0
DPH2,-0.0038372062,0.12379527,0.9969383598852212,1.0
GLTPD1,-0.0038372062,-0.050424088,0.9969383598852212,1.0
GSPT2,-0.0038372062,-0.03634051,0.9969383598852212,1.0
ADAM17,-0.0038372062,-0.16137849,0.9969383598852212,1.0
HDAC4,-0.0038372062,-0.044040814,0.9969383598852212,1.0
TBC1D31,-0.0038372062,-0.11251877,0.9969383598852212,1.0
AHDC1,-0.0038372062,-0.022739243,0.9969383598852212,1.0
MGAT4B,-0.0038372062,-0.10807766,0.9969383598852212,1.0
FTX,-0.0038372062,-0.027311536,0.9969383598852212,1.0
DIS3,-0.0038372062,-0.08497522,0.9969383598852212,1.0
ACACA,-0.0038372062,0.005126956,0.9969383598852212,1.0
ATR,-0.0038372062,-0.02780397,0.9969383598852212,1.0
PAPD5,-0.0038372062,0.014385698,0.9969383598852212,1.0
TSC22D2,-0.0038372062,-0.08316959,0.9969383598852212,1.0
PLK2,-0.0038372062,-0.036148664,0.9969383598852212,1.0
ACLY,-0.0046046474,0.025831811,0.9963260358292986,1.0
CENPM,-0.0046046474,-0.13640435,0.9963260358292986,1.0
SMAD4,-0.0046046474,-0.14551283,0.9963260358292986,1.0
TNFRSF4,-0.0046046474,0.057268918,0.9963260358292986,1.0
SLC35A5,-0.0046046474,-0.033765156,0.9963260358292986,1.0
DDX20,-0.0046046474,-0.16537835,0.9963260358292986,1.0
TTLL5,-0.0046046474,-0.16010615,0.9963260358292986,1.0
RPL26L1,-0.0046046474,-0.006343719,0.9963260358292986,1.0
HECTD4,-0.005372089,-0.14613049,0.9957137139372005,1.0
KIAA0232,-0.005372089,-0.10139991,0.9957137139372005,1.0
CAMK1D,-0.005372089,-0.08271048,0.9957137139372005,1.0
NUP93,-0.005372089,0.0077047055,0.9957137139372005,1.0
XRCC6BP1,-0.005372089,-0.133374,0.9957137139372005,1.0
NR4A1,-0.005372089,-0.04356814,0.9957137139372005,1.0
NSMAF,-0.005372089,-0.11486568,0.9957137139372005,1.0
GFOD2,-0.005372089,-0.18109167,0.9957137139372005,1.0
GTF2H5,-0.005372089,0.050144076,0.9957137139372005,1.0
POC5,-0.005372089,-0.117985435,0.9957137139372005,1.0
THUMPD2,-0.005372089,-0.12552556,0.9957137139372005,1.0
HEATR5B,-0.005372089,-0.22319047,0.9957137139372005,1.0
FCHO1,-0.005372089,-0.047915425,0.9957137139372005,1.0
SLC30A1,-0.005372089,-0.14717937,0.9957137139372005,1.0
FRA10AC1,-0.005372089,0.067747876,0.9957137139372005,1.0
PPP1R16B,-0.00613953,-0.23563229,0.9951013945695549,1.0
TMEM256-PLSCR3,-0.00613953,-0.3427294,0.9951013945695549,1.0
RNF4,-0.00613953,0.04201692,0.9951013945695549,1.0
RABEP1,-0.00613953,-0.020577606,0.9951013945695549,1.0
SWSAP1,-0.00613953,-0.17261656,0.9951013945695549,1.0
NFKBID,-0.00613953,-0.3084236,0.9951013945695549,1.0
PAPOLG,-0.00613953,-0.19018504,0.9951013945695549,1.0
PDSS2,-0.00613953,-0.140114,0.9951013945695549,1.0
TNKS2,-0.00613953,-0.047755864,0.9951013945695549,1.0
SFT2D3,-0.00613953,-0.2543932,0.9951013945695549,1.0
ERAP2,-0.00613953,0.038795058,0.9951013945695549,1.0
SNTB1,-0.00613953,-0.4190391,0.9951013945695549,1.0
DNAJB2,-0.00613953,0.019148676,0.9951013945695549,1.0
ANAPC16,-0.0065232506,-0.041767832,0.9947952359450968,1.0
DNAJC30,-0.0069069713,-0.04285305,0.9944890780869851,1.0
RP11-455F5.5,-0.0069069713,-0.20760056,0.9944890780869851,1.0
STRADA,-0.0069069713,-0.14315963,0.9944890780869851,1.0
COX10,-0.0069069713,-0.27320448,0.9944890780869851,1.0
GPR65,-0.007290692,0.031170063,0.9941829210402969,1.0
CBWD2,-0.0076744123,-0.08092156,0.9938767648501091,1.0
MDM4,-0.0076744123,0.013376121,0.9938767648501091,1.0
WRAP53,-0.0076744123,-0.11067111,0.9938767648501091,1.0
ECSIT,-0.008058134,0.15892996,0.993570609561498,1.0
AIMP2,-0.008441853,-0.08314864,0.9932644552195397,1.0
RNF138,-0.008441853,0.0474281,0.9932644552195397,1.0
EHMT2,-0.008441853,-0.022953033,0.9932644552195397,1.0
WDR41,-0.008441853,-0.07270447,0.9932644552195397,1.0
HSPA1A,-0.008441853,-0.050028045,0.9932644552195397,1.0
SHFM1,-0.009209295,-0.01593847,0.9926521495558828,1.0
ERCC5,-0.009209295,-0.12900794,0.9926521495558828,1.0
DUSP12,-0.009209295,0.03441649,0.9926521495558828,1.0
EXOC3,-0.009976736,-0.049649097,0.9920398482197375,1.0
RBPJ,-0.010360457,0.25579786,0.9917336992871668,1.0
PCIF1,-0.010744178,-0.090834364,0.9914275515716953,1.0
ZNF721,-0.011511619,-0.13231814,0.9908152599723393,1.0
HSPA13,-0.01227906,-0.10167487,0.990202973782244,1.0
PIN1,-0.01227906,-0.042335447,0.990202973782244,1.0
GNPAT,-0.0126627805,0.058207612,0.9898968328283458,1.0
FEZ2,-0.013046501,-0.035000462,0.9895906933619738,1.0
XIAP,-0.013046501,-0.065654926,0.9895906933619738,1.0
ATXN7,-0.013046501,-0.12443148,0.9895906933619738,1.0
USP14,-0.013046501,-0.035355013,0.9895906933619738,1.0
GPI,-0.013046501,0.03351699,0.9895906933619738,1.0
BET1L,-0.013046501,-0.1920269,0.9895906933619738,1.0
ATRX,-0.013430222,-0.055649627,0.9892845554281969,1.0
PCGF5,-0.013430222,-0.0072157294,0.9892845554281969,1.0
AUH,-0.013813943,0.06526003,0.9889784190720834,1.0
CAPN12,-0.014197663,0.07578418,0.988672284338701,1.0
YKT6,-0.014581384,0.108658,0.9883661512731164,1.0
SLC4A7,-0.014581384,-0.13005224,0.9883661512731164,1.0
FGFR1OP2,-0.015348825,-0.016443647,0.987753890325605,1.0
ERGIC2,-0.015732545,-0.070910364,0.9874477625338082,1.0
DNPEP,-0.015732545,0.0031521975,0.9874477625338082,1.0
LYPLA1,-0.016116267,-0.07427083,0.9871416365900694,1.0
ST3GAL1,-0.016499987,0.0046926136,0.9868355125394515,1.0
NDEL1,-0.016499987,0.006639559,0.9868355125394515,1.0
SQRDL,-0.016883707,-0.006885132,0.9865293904270167,1.0
TNIK,-0.016883707,-0.0441502,0.9865293904270167,1.0
GORASP2,-0.01803487,0.07090012,0.9856110361694201,1.0
RER1,-0.01841859,0.010378782,0.9853049222603224,1.0
SP3,-0.01841859,-0.07062321,0.9853049222603224,1.0
HADHA,-0.019186031,-0.03225547,0.9846927009776261,1.0
MICA,-0.019569753,0.024090752,0.98438659369414,1.0
SPIDR,-0.020337192,0.06059402,0.983774386068166,1.0
FBXO4,-0.020720914,0.06441677,0.9834682858157845,1.0
HIGD2A,-0.020720914,-0.008132444,0.9834682858157845,1.0
RABGGTB,-0.020720914,0.08169525,0.9834682858157845,1.0
CTBS,-0.021104634,0.055932567,0.9831621879972093,1.0
RAB35,-0.021488355,0.03985188,0.9828560926574909,1.0
MUS81,-0.021872075,-0.03654664,0.9825499998416789,1.0
CLPX,-0.022255797,0.007637823,0.9822439095948216,1.0
RP1-3J17.3,-0.023406958,0.033877015,0.9813256547184448,1.0
OSER1-AS1,-0.023406958,-0.04974759,0.9813256547184448,1.0
ZNF227,-0.023790678,0.13630146,0.9810195751978673,1.0
NOC3L,-0.023790678,-0.07458435,0.9810195751978673,1.0
HDAC6,-0.023790678,0.08562969,0.9810195751978673,1.0
DNAJB9,-0.023790678,-0.025405686,0.9810195751978673,1.0
DIP2B,-0.023790678,-0.09445458,0.9810195751978673,1.0
POGK,-0.023790678,0.027416997,0.9810195751978673,1.0
CPEB3,-0.023790678,0.0437833,0.9810195751978673,1.0
FAM195B,-0.023790678,-0.053064067,0.9810195751978673,1.0
CLCN7,-0.023790678,-0.009066389,0.9810195751978673,1.0
RAB11FIP2,-0.023790678,-0.03161612,0.9810195751978673,1.0
ENGASE,-0.023790678,-0.084454395,0.9810195751978673,1.0
GORAB,-0.023790678,-0.08448411,0.9810195751978673,1.0
ZNF275,-0.023790678,0.21442436,0.9810195751978673,1.0
ABHD6,-0.023790678,-0.0032409206,0.9810195751978673,1.0
ZNF345,-0.023790678,0.16243048,0.9810195751978673,1.0
SGPL1,-0.023790678,0.101163715,0.9810195751978673,1.0
STT3A,-0.023790678,0.19231912,0.9810195751978673,1.0
H3F3C,-0.023790678,-0.072436586,0.9810195751978673,1.0
AGPAT3,-0.023790678,-0.03901678,0.9810195751978673,1.0
C2orf47,-0.023790678,0.08602914,0.9810195751978673,1.0
RAB3D,-0.023790678,-0.083009675,0.9810195751978673,1.0
ENG,-0.023790678,0.10718961,0.9810195751978673,1.0
ENTPD3-AS1,-0.023790678,-0.011777,0.9810195751978673,1.0
SGK223,-0.023790678,0.10932658,0.9810195751978673,1.0
CCDC34,-0.023790678,-0.106620744,0.9810195751978673,1.0
CENPQ,-0.023790678,0.24521466,0.9810195751978673,1.0
PSMD2,-0.0241744,0.059568778,0.980713498471469,1.0
EDF1,-0.0241744,-0.06811924,0.980713498471469,1.0
CGGBP1,-0.0241744,0.018766783,0.980713498471469,1.0
GAMT,-0.0241744,0.0060390574,0.980713498471469,1.0
MARCH8,-0.0241744,0.04522296,0.980713498471469,1.0
KATNB1,-0.0241744,0.14766306,0.980713498471469,1.0
CREBZF,-0.0241744,-0.012812297,0.980713498471469,1.0
TIPARP-AS1,-0.02455812,0.0017024251,0.9804074245842913,1.0
ZNF445,-0.02455812,-0.05203574,0.9804074245842913,1.0
ATP2B4,-0.02455812,0.025543813,0.9804074245842913,1.0
LDB1,-0.02455812,0.23939401,0.9804074245842913,1.0
TUBGCP3,-0.02455812,-0.01644903,0.9804074245842913,1.0
C3orf58,-0.02455812,-0.05302272,0.9804074245842913,1.0
IQCB1,-0.02455812,-0.11778673,0.9804074245842913,1.0
NRG2,-0.02455812,-0.071886845,0.9804074245842913,1.0
CCDC132,-0.02455812,-0.0017181658,0.9804074245842913,1.0
MAP3K12,-0.02455812,0.17873853,0.9804074245842913,1.0
FBLIM1,-0.02455812,0.03764708,0.9804074245842913,1.0
C2CD2L,-0.02455812,-0.13744329,0.9804074245842913,1.0
RP11-367G6.3,-0.02455812,-0.041449375,0.9804074245842913,1.0
CTNS,-0.02455812,-0.11785494,0.9804074245842913,1.0
XXbac-BPG252P9.9,-0.02455812,0.1043912,0.9804074245842913,1.0
NCOA2,-0.02455812,0.14402743,0.9804074245842913,1.0
KIF3B,-0.02455812,-0.11247679,0.9804074245842913,1.0
EBLN2,-0.02455812,-0.02922184,0.9804074245842913,1.0
MED13L,-0.02455812,-0.07330323,0.9804074245842913,1.0
CLK2,-0.02455812,-0.030438386,0.9804074245842913,1.0
LIPE,-0.02455812,-0.13526908,0.9804074245842913,1.0
TPCN1,-0.02455812,-0.08998441,0.9804074245842913,1.0
RP11-544A12.8,-0.02455812,-0.033674892,0.9804074245842913,1.0
RCOR1,-0.02455812,-0.106303714,0.9804074245842913,1.0
ZNF672,-0.024941841,0.012785772,0.9801013535813741,1.0
VKORC1L1,-0.024941841,-0.0825252,0.9801013535813741,1.0
BBIP1,-0.024941841,-0.0017372812,0.9801013535813741,1.0
CUL2,-0.024941841,-0.01382309,0.9801013535813741,1.0
MIR4458HG,-0.025325561,-0.060165063,0.9797952855077562,1.0
DHFR,-0.025325561,-0.2545987,0.9797952855077562,1.0
DHX8,-0.025325561,0.039712735,0.9797952855077562,1.0
BAG4,-0.025325561,-0.15850677,0.9797952855077562,1.0
TCF12,-0.025325561,-0.13337637,0.9797952855077562,1.0
QTRTD1,-0.025325561,-0.15801582,0.9797952855077562,1.0
CBY1,-0.025325561,-0.12787007,0.9797952855077562,1.0
PAQR3,-0.025325561,0.09043936,0.9797952855077562,1.0
RP11-386G11.10,-0.025325561,-0.13040926,0.9797952855077562,1.0
RP11-18H21.1,-0.025325561,-0.15361819,0.9797952855077562,1.0
NINJ2,-0.025325561,-0.092040144,0.9797952855077562,1.0
RP11-291B21.2,-0.025325561,-0.0048532262,0.9797952855077562,1.0
SRP14-AS1,-0.025325561,-0.15162972,0.9797952855077562,1.0
PCED1A,-0.025325561,-0.14600764,0.9797952855077562,1.0
SNX25,-0.025325561,-0.104938485,0.9797952855077562,1.0
ZNF124,-0.025325561,-0.08317639,0.9797952855077562,1.0
EFHC2,-0.025325561,-0.023529379,0.9797952855077562,1.0
MYO6,-0.025325561,-0.2243744,0.9797952855077562,1.0
FGD2,-0.025325561,-0.0865596,0.9797952855077562,1.0
ZNF740,-0.025325561,-0.14811043,0.9797952855077562,1.0
GTPBP1,-0.025325561,-0.041232824,0.9797952855077562,1.0
LIPT2,-0.025325561,-0.07510289,0.9797952855077562,1.0
FAM214A,-0.025325561,-0.11387151,0.9797952855077562,1.0
PFN2,-0.025325561,-0.1704692,0.9797952855077562,1.0
CEP85L,-0.025325561,-0.13701348,0.9797952855077562,1.0
HOMEZ,-0.025325561,-0.09528836,0.9797952855077562,1.0
ICA1L,-0.025325561,-0.03209552,0.9797952855077562,1.0
RP11-58E21.3,-0.025325561,-0.18137687,0.9797952855077562,1.0
ANO10,-0.025325561,-0.01903354,0.9797952855077562,1.0
RARA,-0.025325561,-0.23566608,0.9797952855077562,1.0
CFH,-0.025325561,-0.17754456,0.9797952855077562,1.0
KIAA0195,-0.025325561,-0.13285092,0.9797952855077562,1.0
BCAT2,-0.025325561,-0.063138045,0.9797952855077562,1.0
SLC29A3,-0.025325561,-0.12086295,0.9797952855077562,1.0
COQ3,-0.025325561,-0.27737132,0.9797952855077562,1.0
RUFY2,-0.025325561,-0.03265641,0.9797952855077562,1.0
ZCCHC18,-0.025325561,-0.12859555,0.9797952855077562,1.0
NUDT7,-0.025325561,-0.068807945,0.9797952855077562,1.0
POLD3,-0.025325561,-0.14546183,0.9797952855077562,1.0
MAML1,-0.025325561,-0.11405277,0.9797952855077562,1.0
USP47,-0.025325561,-0.029829657,0.9797952855077562,1.0
FAM189B,-0.025325561,0.17916141,0.9797952855077562,1.0
SH2B3,-0.025325561,-0.1786214,0.9797952855077562,1.0
TMEM191C,-0.025325561,-0.15362933,0.9797952855077562,1.0
SRF,-0.025325561,-0.06616324,0.9797952855077562,1.0
NBPF9,-0.025325561,-0.0006035675,0.9797952855077562,1.0
EFTUD1,-0.025325561,-0.10682528,0.9797952855077562,1.0
RNASEH2B,-0.025325561,-0.019638974,0.9797952855077562,1.0
GPR137,-0.025325561,-0.2882361,0.9797952855077562,1.0
BMPR2,-0.025325561,-0.60361,0.9797952855077562,1.0
ALKBH2,-0.025709283,0.014066774,0.9794892204084751,1.0
PPHLN1,-0.025709283,-0.0075182267,0.9794892204084751,1.0
ABR,-0.025709283,0.02261056,0.9794892204084751,1.0
ZBED4,-0.026093002,-0.10754844,0.9791831583285668,1.0
TM2D2,-0.026093002,0.031620763,0.9791831583285668,1.0
ZWILCH,-0.026093002,-0.1859264,0.9791831583285668,1.0
WDR25,-0.026093002,-0.22652194,0.9791831583285668,1.0
PITPNM1,-0.026093002,-0.26729557,0.9791831583285668,1.0
METTL22,-0.026093002,-0.18300857,0.9791831583285668,1.0
EVA1B,-0.026093002,-0.10597588,0.9791831583285668,1.0
C4orf29,-0.026093002,-0.17558405,0.9791831583285668,1.0
ITGB3BP,-0.026093002,-0.17877138,0.9791831583285668,1.0
PAXBP1,-0.026093002,-0.10630627,0.9791831583285668,1.0
C2orf42,-0.026093002,-0.27397308,0.9791831583285668,1.0
G6PC3,-0.026093002,-0.46596196,0.9791831583285668,1.0
MAGED1,-0.026093002,-0.16354765,0.9791831583285668,1.0
AREG,-0.026093002,-0.19272155,0.9791831583285668,1.0
AC016831.7,-0.026093002,-0.16733484,0.9791831583285668,1.0
ZNF577,-0.026093002,-0.2096189,0.9791831583285668,1.0
NAA16,-0.026093002,-0.0040676584,0.9791831583285668,1.0
DUSP7,-0.026093002,-0.0498479,0.9791831583285668,1.0
PCBP4,-0.026093002,-0.3353373,0.9791831583285668,1.0
ZNF217,-0.026093002,-0.39914805,0.9791831583285668,1.0
ALG1L,-0.026093002,-0.21004865,0.9791831583285668,1.0
CTAGE5,-0.026093002,-0.24360888,0.9791831583285668,1.0
DCAF17,-0.026093002,-0.20958889,0.9791831583285668,1.0
JAKMIP2,-0.026093002,-0.12464267,0.9791831583285668,1.0
TSTD2,-0.026093002,-0.16662456,0.9791831583285668,1.0
ZMIZ2,-0.026093002,-0.14444914,0.9791831583285668,1.0
BAHD1,-0.026093002,-0.2921982,0.9791831583285668,1.0
ALG12,-0.026476724,-0.043663923,0.9788770993130662,1.0
ALG1,-0.026476724,-0.005821834,0.9788770993130662,1.0
MUTYH,-0.026476724,-0.084916376,0.9788770993130662,1.0
ZFP62,-0.026476724,-0.024062106,0.9788770993130662,1.0
PIBF1,-0.026476724,0.060227405,0.9788770993130662,1.0
EEFSEC,-0.026476724,-0.0009998579,0.9788770993130662,1.0
ZNF107,-0.026860444,-0.28632292,0.9785710434070068,1.0
PADI4,-0.026860444,-0.22167541,0.9785710434070068,1.0
SYNGAP1,-0.026860444,-0.4073609,0.9785710434070068,1.0
CRNKL1,-0.026860444,0.021088984,0.9785710434070068,1.0
RP11-819C21.1,-0.026860444,-0.23154184,0.9785710434070068,1.0
AP000692.10,-0.026860444,-0.3380804,0.9785710434070068,1.0
TMEM135,-0.026860444,-0.23347493,0.9785710434070068,1.0
BCL6,-0.026860444,-0.30218253,0.9785710434070068,1.0
FAM188A,-0.026860444,-0.17869158,0.9785710434070068,1.0
FLJ20306,-0.026860444,-0.325368,0.9785710434070068,1.0
FBXO30,-0.026860444,-0.102805465,0.9785710434070068,1.0
PDS5B,-0.026860444,-0.2743307,0.9785710434070068,1.0
PMS2,-0.026860444,-0.24737455,0.9785710434070068,1.0
ZSCAN32,-0.026860444,-0.3032461,0.9785710434070068,1.0
NDUFAF2,-0.026860444,-0.12826595,0.9785710434070068,1.0
SLC17A5,-0.026860444,-0.18986577,0.9785710434070068,1.0
C10orf91,-0.026860444,-0.4357397,0.9785710434070068,1.0
CCR1,-0.026860444,-0.16942708,0.9785710434070068,1.0
UBXN2B,-0.026860444,-0.23844233,0.9785710434070068,1.0
DMXL2,-0.026860444,-0.29448155,0.9785710434070068,1.0
EXTL2,-0.026860444,-0.40634078,0.9785710434070068,1.0
TAF6L,-0.026860444,-0.23331459,0.9785710434070068,1.0
ZNF865,-0.026860444,-0.1846625,0.9785710434070068,1.0
PHF7,-0.026860444,-0.2856766,0.9785710434070068,1.0
IGLL5,-0.026860444,-0.22699963,0.9785710434070068,1.0
SPATA33,-0.026860444,-0.36794293,0.9785710434070068,1.0
ABCA5,-0.026860444,-0.46268615,0.9785710434070068,1.0
AGO2,-0.026860444,-0.20414035,0.9785710434070068,1.0
ZBTB49,-0.026860444,-0.20456989,0.9785710434070068,1.0
GS1-124K5.4,-0.026860444,-0.1653286,0.9785710434070068,1.0
AC078883.3,-0.026860444,-0.16184649,0.9785710434070068,1.0
MSH6,-0.026860444,-0.36294708,0.9785710434070068,1.0
STOML1,-0.026860444,-0.41362634,0.9785710434070068,1.0
CEP250,-0.027244164,-0.06721835,0.9782649906554207,1.0
MOCS2,-0.027244164,0.4556093,0.9782649906554207,1.0
USP37,-0.027627885,-0.48116106,0.9779589411033386,1.0
TADA2A,-0.027627885,-0.39593956,0.9779589411033386,1.0
CTD-2341M24.1,-0.027627885,-0.20767458,0.9779589411033386,1.0
ARHGAP35,-0.027627885,-0.37775794,0.9779589411033386,1.0
SCAF8,-0.027627885,-0.22542813,0.9779589411033386,1.0
MT1X,-0.027627885,-0.035166897,0.9779589411033386,1.0
PRIM1,-0.027627885,-0.34246305,0.9779589411033386,1.0
THOC6,-0.027627885,0.02825686,0.9779589411033386,1.0
NOL9,-0.027627885,-0.47730017,0.9779589411033386,1.0
HLA-F,-0.027627885,-0.040543843,0.9779589411033386,1.0
KIAA0922,-0.027627885,-0.35673362,0.9779589411033386,1.0
ZFYVE1,-0.027627885,-0.27394897,0.9779589411033386,1.0
TBC1D4,-0.027627885,-0.38108665,0.9779589411033386,1.0
NDUFAF7,-0.028011605,-0.0025252195,0.9776528947957897,1.0
TEX30,-0.028011605,-0.06291751,0.9776528947957897,1.0
FIG4,-0.028395327,-0.4055809,0.9773468517778017,1.0
GSK3A,-0.028395327,-0.7829699,0.9773468517778017,1.0
ZNF180,-0.028395327,-0.33758867,0.9773468517778017,1.0
RASSF3,-0.028395327,-0.03137086,0.9773468517778017,1.0
MIEF2,-0.028395327,-0.30132434,0.9773468517778017,1.0
ENDOG,-0.028395327,-0.87000626,0.9773468517778017,1.0
C9orf40,-0.028395327,-0.5875567,0.9773468517778017,1.0
PIGP,-0.028395327,-0.03211847,0.9773468517778017,1.0
NCDN,-0.028395327,-0.36985347,0.9773468517778017,1.0
FXYD7,-0.028779047,-0.07555293,0.9770408120944013,1.0
PRRC2A,-0.028779047,-0.036849566,0.9770408120944013,1.0
PCGF6,-0.028779047,-0.026317181,0.9770408120944013,1.0
RABIF,-0.028779047,0.12733823,0.9770408120944013,1.0
TRAP1,-0.029546488,-0.09883651,0.976428742911461,1.0
EIF5A2,-0.029546488,-0.114261,0.976428742911461,1.0
ZZZ3,-0.029546488,-0.11978431,0.976428742911461,1.0
HELQ,-0.029546488,-0.1026657,0.976428742911461,1.0
ZBED1,-0.029546488,-0.12561265,0.976428742911461,1.0
AKAP8L,-0.029930208,-0.00033522624,0.9761227135019663,1.0
PSMD12,-0.029930208,-0.03097771,0.9761227135019663,1.0
KANSL2,-0.029930208,-0.047295846,0.9761227135019663,1.0
EIF5A,-0.029930208,-0.028203433,0.9761227135019663,1.0
HOOK3,-0.029930208,-0.00176271,0.9761227135019663,1.0
CLNS1A,-0.03031393,-0.063204676,0.9758166876071499,1.0
DNAJA2,-0.03031393,-0.03063988,0.9758166876071499,1.0
ZNF3,-0.03031393,-0.23685436,0.9758166876071499,1.0
CDKL3,-0.03031393,-0.068980604,0.9758166876071499,1.0
RNMT,-0.03031393,-0.14736077,0.9758166876071499,1.0
ANKRD46,-0.03031393,-0.09047456,0.9758166876071499,1.0
CLCN3,-0.03069765,-0.03689785,0.9755106652720305,1.0
RARS,-0.03069765,-0.0028353012,0.9755106652720305,1.0
BLOC1S6,-0.031081371,0.00634269,0.9752046465416251,1.0
GTSF1,-0.031081371,-0.21388584,0.9752046465416251,1.0
CS,-0.031081371,-0.09472908,0.9752046465416251,1.0
ATF7IP,-0.031081371,-0.13146178,0.9752046465416251,1.0
ZNF429,-0.031081371,-0.105789885,0.9752046465416251,1.0
CNPY4,-0.03184881,-0.18875639,0.9745926200750181,1.0
CYB5D2,-0.03184881,-0.04072258,0.9745926200750181,1.0
TSR1,-0.03184881,-0.1687442,0.9745926200750181,1.0
APPBP2,-0.03184881,-0.1379477,0.9745926200750181,1.0
IFNGR2,-0.03184881,-0.1411666,0.9745926200750181,1.0
RFT1,-0.032616254,-0.22407745,0.9739806085674347,1.0
PDCD2,-0.032999974,5.292905e-05,0.9736746085358029,1.0
H2AFX,-0.033383694,-0.1738742,0.9733686123789546,1.0
RANGAP1,-0.033383694,-0.23126394,0.9733686123789546,1.0
ARHGAP4,-0.033383694,0.034968507,0.9733686123789546,1.0
SLC6A6,-0.034151137,-0.1462872,0.9727566318696299,1.0
WDR77,-0.034151137,-0.05759095,0.9727566318696299,1.0
PI4K2B,-0.034151137,-0.17808284,0.9727566318696299,1.0
SLC39A7,-0.034534857,-0.051953916,0.9724506476071598,1.0
PHIP,-0.034534857,0.011189477,0.9724506476071598,1.0
GSK3B,-0.034918576,0.027280487,0.9721446673994856,1.0
RPA2,-0.034918576,-0.036288764,0.9721446673994856,1.0
TMEM242,-0.035302296,-0.057258543,0.9718386912916059,1.0
OXA1L,-0.035302296,0.027955148,0.9718386912916059,1.0
FUBP3,-0.035302296,-0.1544016,0.9718386912916059,1.0
GNB1,-0.035302296,-0.0149201695,0.9718386912916059,1.0
SNRPC,-0.03568602,-0.03550443,0.9715327193285178,1.0
PHF19,-0.03568602,-0.1920611,0.9715327193285178,1.0
DCK,-0.03606974,-0.030005068,0.9712267515552162,1.0
JADE1,-0.03606974,0.17425603,0.9712267515552162,1.0
ERICH1,-0.03645346,-0.027870363,0.9709207880166941,1.0
NDUFB5,-0.03645346,0.020722147,0.9709207880166941,1.0
VGLL4,-0.03683718,-0.016683938,0.970614828757943,1.0
IRF3,-0.03683718,-0.01136158,0.970614828757943,1.0
ELAVL1,-0.03683718,-0.040736876,0.970614828757943,1.0
ZNF836,-0.0372209,0.0007924041,0.9703088738239523,1.0
NNT,-0.037604623,-0.30074653,0.9700029232597094,1.0
RBM6,-0.037604623,-0.037528053,0.9700029232597094,1.0
STX11,-0.037604623,-0.116817914,0.9700029232597094,1.0
SMARCC1,-0.038372062,-0.11692635,0.9693910354204074,1.0
PIK3CD,-0.039139505,0.061405323,0.9687791655998982,1.0
GARS,-0.039139505,-0.21126133,0.9687791655998982,1.0
RCOR3,-0.039139505,0.01811842,0.9687791655998982,1.0
HCLS1,-0.039523225,-0.042291764,0.9684732375591387,1.0
RHEB,-0.04105811,-0.028154913,0.9672495722421425,1.0
CORO1B,-0.041441828,-0.014340227,0.966943667849256,1.0
NFKBIZ,-0.042209268,-0.057419203,0.9663318737018821,1.0
DNAJC19,-0.042209268,-0.049375083,0.9663318737018821,1.0
NDUFA5,-0.04336043,-0.01709856,0.9654142197512313,1.0
PREB,-0.04374415,-0.01409594,0.9651083452196185,1.0
TATDN3,-0.044511594,-0.061857756,0.9644966116040143,1.0
TTC19,-0.044511594,-0.013591557,0.9644966116040143,1.0
SWI5,-0.044511594,-0.05919841,0.9644966116040143,1.0
PARVG,-0.044511594,-0.00074060075,0.9644966116040143,1.0
TMEM161B-AS1,-0.044511594,-0.02712957,0.9644966116040143,1.0
NMRK1,-0.044895314,-0.1346407,0.9641907526099202,1.0
ING3,-0.044895314,-0.13473625,0.9641907526099202,1.0
KRR1,-0.044895314,0.04296667,0.9641907526099202,1.0
GTPBP3,-0.045279033,0.043227736,0.9638848988848923,1.0
FAM13B,-0.045279033,-0.081745826,0.9638848988848923,1.0
RNFT1,-0.045279033,-0.045413155,0.9638848988848923,1.0
MORF4L2,-0.045662753,-0.077807896,0.9635790504738735,1.0
PIK3R5,-0.046046477,-0.005706038,0.9632732074218042,1.0
LEO1,-0.046046477,0.0048970543,0.9632732074218042,1.0
LINC00094,-0.046046477,0.043524783,0.9632732074218042,1.0
BTD,-0.046813916,-0.05636509,0.9626615375742643,1.0
NGRN,-0.046813916,0.057526495,0.9626615375742643,1.0
CRY1,-0.046813916,0.017308159,0.9626615375742643,1.0
EMC2,-0.046813916,0.21053848,0.9626615375742643,1.0
UBE2R2,-0.046813916,-0.10997085,0.9626615375742643,1.0
LPIN2,-0.046813916,-0.03677809,0.9626615375742643,1.0
SENP5,-0.046813916,-0.06066493,0.9626615375742643,1.0
VEZT,-0.047581356,-0.072274916,0.9620498897017487,1.0
UBLCP1,-0.047581356,-0.07495524,0.9620498897017487,1.0
RP13-1032I1.7,-0.047581356,-0.10459874,0.9620498897017487,1.0
GPATCH2L,-0.047581356,-0.12236359,0.9620498897017487,1.0
USP38,-0.047581356,-0.08252198,0.9620498897017487,1.0
RBM41,-0.047581356,0.048099414,0.9620498897017487,1.0
SCYL2,-0.047581356,-0.16227317,0.9620498897017487,1.0
SLC5A6,-0.047581356,-0.055281,0.9620498897017487,1.0
RP11-222K16.2,-0.047581356,-0.05096379,0.9620498897017487,1.0
EIF3F,-0.04796508,-0.07700091,0.9617440741184506,1.0
GEMIN4,-0.0483488,-0.5052913,0.9614382641636946,1.0
ZBTB33,-0.0483488,-0.21750449,0.9614382641636946,1.0
CTC1,-0.0483488,-0.5160258,0.9614382641636946,1.0
EAF2,-0.0483488,-0.05291797,0.9614382641636946,1.0
PIK3R4,-0.0483488,-0.47218385,0.9614382641636946,1.0
NLRX1,-0.0483488,-0.48700655,0.9614382641636946,1.0
KCTD9,-0.0483488,-0.3881626,0.9614382641636946,1.0
IGSF6,-0.0483488,-0.37053427,0.9614382641636946,1.0
DFFB,-0.0483488,-0.4640935,0.9614382641636946,1.0
C1RL-AS1,-0.0483488,-0.3735879,0.9614382641636946,1.0
RP3-467K16.4,-0.0483488,-0.26238173,0.9614382641636946,1.0
GABBR1,-0.0483488,-0.45191693,0.9614382641636946,1.0
TNK1,-0.0483488,-0.5318389,0.9614382641636946,1.0
ENTPD5,-0.0483488,-0.5047758,0.9614382641636946,1.0
IKBKAP,-0.0483488,-0.45918268,0.9614382641636946,1.0
NOL6,-0.0483488,-0.5179774,0.9614382641636946,1.0
STK36,-0.0483488,-0.5465957,0.9614382641636946,1.0
RANBP6,-0.0483488,-0.29541826,0.9614382641636946,1.0
RFX3,-0.0483488,-0.5064593,0.9614382641636946,1.0
ALG9,-0.0483488,-0.56972104,0.9614382641636946,1.0
PPP1R3B,-0.0483488,-0.5145496,0.9614382641636946,1.0
NPIPB5,-0.0483488,-0.52151275,0.9614382641636946,1.0
CYP51A1,-0.0483488,-0.47358176,0.9614382641636946,1.0
AP1AR,-0.0483488,-0.3959318,0.9614382641636946,1.0
CHPF,-0.0483488,-0.2709039,0.9614382641636946,1.0
METAP1D,-0.0483488,0.14749514,0.9614382641636946,1.0
RP11-297N6.4,-0.0483488,-0.4766632,0.9614382641636946,1.0
PHC2,-0.0483488,-0.45982146,0.9614382641636946,1.0
GOLM1,-0.0483488,-0.098708004,0.9614382641636946,1.0
PHOSPHO2,-0.0483488,-0.481459,0.9614382641636946,1.0
ARMCX6,-0.0483488,-0.40518707,0.9614382641636946,1.0
PTCD2,-0.0483488,-0.4866316,0.9614382641636946,1.0
HMG20A,-0.0483488,-0.50403684,0.9614382641636946,1.0
PEAK1,-0.0483488,-0.33450726,0.9614382641636946,1.0
FAAH2,-0.0483488,-0.3906631,0.9614382641636946,1.0
DHODH,-0.0483488,-0.52396834,0.9614382641636946,1.0
KIAA0930,-0.0483488,-0.4783984,0.9614382641636946,1.0
ZNF93,-0.0483488,-0.5149748,0.9614382641636946,1.0
DNAJC18,-0.0483488,-0.52928513,0.9614382641636946,1.0
NACC2,-0.0483488,-0.3079775,0.9614382641636946,1.0
POGLUT1,-0.0483488,-0.065954864,0.9614382641636946,1.0
SPIRE2,-0.0483488,-0.32989424,0.9614382641636946,1.0
LETM2,-0.0483488,0.35658816,0.9614382641636946,1.0
ZNF621,-0.0483488,-0.30022258,0.9614382641636946,1.0
FAM86A,-0.0483488,-0.084973775,0.9614382641636946,1.0
RP5-1024G6.7,-0.0483488,-0.3739181,0.9614382641636946,1.0
FBXO48,-0.0483488,-0.5062702,0.9614382641636946,1.0
IGHMBP2,-0.0483488,-0.31526354,0.9614382641636946,1.0
DENND1A,-0.0483488,-0.4705255,0.9614382641636946,1.0
AC159540.1,-0.0483488,-0.53639936,0.9614382641636946,1.0
SLC31A1,-0.0483488,-0.52049905,0.9614382641636946,1.0
TBC1D8,-0.0483488,-0.42411923,0.9614382641636946,1.0
GNL3L,-0.0483488,-0.55423117,0.9614382641636946,1.0
MCF2L2,-0.0483488,-0.35744423,0.9614382641636946,1.0
DLEC1,-0.0483488,-0.50741386,0.9614382641636946,1.0
TRAK1,-0.0483488,-0.34064764,0.9614382641636946,1.0
VANGL1,-0.0483488,-0.33307844,0.9614382641636946,1.0
RP11-385D13.3,-0.0483488,-0.13142776,0.9614382641636946,1.0
KB-1208A12.3,-0.0483488,-0.39706737,0.9614382641636946,1.0
SMYD5,-0.0483488,-0.38264552,0.9614382641636946,1.0
TULP4,-0.0483488,-0.57256067,0.9614382641636946,1.0
LINC00893,-0.0483488,-0.4135046,0.9614382641636946,1.0
RFX7,-0.0483488,-0.3558025,0.9614382641636946,1.0
CES4A,-0.0483488,-0.31269747,0.9614382641636946,1.0
RAP2A,-0.0483488,-0.24000214,0.9614382641636946,1.0
RAB20,-0.0483488,-0.29928133,0.9614382641636946,1.0
GPATCH11,-0.0483488,-0.5395858,0.9614382641636946,1.0
KCNK12,-0.0483488,-0.29879767,0.9614382641636946,1.0
MAP1S,-0.0483488,-0.034539476,0.9614382641636946,1.0
NFE2L3,-0.0483488,-0.55793613,0.9614382641636946,1.0
RP11-849F2.8,-0.0483488,-0.42150465,0.9614382641636946,1.0
IPP,-0.0483488,-0.43623066,0.9614382641636946,1.0
AC079305.10,-0.0483488,-0.19129106,0.9614382641636946,1.0
CAPN10-AS1,-0.0483488,-0.2885703,0.9614382641636946,1.0
VSTM1,-0.0483488,-0.3184909,0.9614382641636946,1.0
GYS1,-0.0483488,-0.3594401,0.9614382641636946,1.0
LRFN1,-0.0483488,-0.51005805,0.9614382641636946,1.0
CTC-338M12.4,-0.0483488,-0.32539544,0.9614382641636946,1.0
RP11-158K1.3,-0.0483488,-0.334839,0.9614382641636946,1.0
ZSCAN5A,-0.0483488,-0.0045000277,0.9614382641636946,1.0
COX18,-0.0483488,-0.043666605,0.9614382641636946,1.0
SCARB2,-0.0483488,-0.11477472,0.9614382641636946,1.0
RP5-1065J22.8,-0.0483488,-0.24561834,0.9614382641636946,1.0
RP11-109G23.3,-0.0483488,-0.26365545,0.9614382641636946,1.0
MAFG,-0.0483488,-0.54727656,0.9614382641636946,1.0
ZNF674,-0.0483488,-0.5670665,0.9614382641636946,1.0
B3GALNT2,-0.0483488,-0.33875242,0.9614382641636946,1.0
CD180,-0.0483488,-0.45028925,0.9614382641636946,1.0
RP11-152N13.5,-0.0483488,-0.45509222,0.9614382641636946,1.0
ZBTB41,-0.0483488,-0.5743063,0.9614382641636946,1.0
DMPK,-0.0483488,-0.5004608,0.9614382641636946,1.0
TBL1X,-0.0483488,-0.42825675,0.9614382641636946,1.0
BAG3,-0.0483488,-0.41693243,0.9614382641636946,1.0
ATP10D,-0.0483488,-0.3177333,0.9614382641636946,1.0
UBE2O,-0.0483488,-0.45739558,0.9614382641636946,1.0
BMF,-0.0483488,-0.26446438,0.9614382641636946,1.0
ZNF746,-0.0483488,-0.32814863,0.9614382641636946,1.0
MT3,-0.0483488,-0.4123076,0.9614382641636946,1.0
NHLRC4,-0.0483488,-0.16282307,0.9614382641636946,1.0
AC010761.8,-0.0483488,-0.24256845,0.9614382641636946,1.0
ZNF678,-0.0483488,-0.39027715,0.9614382641636946,1.0
SLC25A15,-0.0483488,-0.31992158,0.9614382641636946,1.0
KATNAL1,-0.0483488,-0.37748495,0.9614382641636946,1.0
CAMK1,-0.0483488,-0.46846947,0.9614382641636946,1.0
RP11-23P13.6,-0.0483488,-0.5098652,0.9614382641636946,1.0
AKAP11,-0.0483488,-0.06291833,0.9614382641636946,1.0
MAP3K10,-0.0483488,-0.22945721,0.9614382641636946,1.0
C1orf198,-0.0483488,-0.237168,0.9614382641636946,1.0
SUFU,-0.0483488,-0.107634306,0.9614382641636946,1.0
DOK3,-0.0483488,-0.3492032,0.9614382641636946,1.0
CNNM2,-0.0483488,-0.5971101,0.9614382641636946,1.0
DPCD,-0.0483488,-0.5183599,0.9614382641636946,1.0
NOLC1,-0.0483488,-0.052211024,0.9614382641636946,1.0
SAP30,-0.0483488,-0.20047988,0.9614382641636946,1.0
LRP2BP,-0.0483488,-0.56762433,0.9614382641636946,1.0
GS1-124K5.3,-0.0483488,-0.28506973,0.9614382641636946,1.0
MAPK1IP1L,-0.04873252,0.09663956,0.961132459882404,1.0
LINC00115,-0.04911624,-0.54716533,0.9608266613195,1.0
ATAT1,-0.04911624,-0.86972463,0.9608266613195,1.0
ZNF346,-0.04911624,-0.6353402,0.9608266613195,1.0
RNF123,-0.04911624,-0.6347271,0.9608266613195,1.0
C10orf12,-0.04911624,-0.61748457,0.9608266613195,1.0
RP11-15A1.7,-0.04911624,-0.6200856,0.9608266613195,1.0
FBXL17,-0.04911624,-0.777156,0.9608266613195,1.0
ZSWIM3,-0.04911624,-0.36088887,0.9608266613195,1.0
CYP3A5,-0.04911624,-0.7932941,0.9608266613195,1.0
AC073115.7,-0.04911624,-0.59774053,0.9608266613195,1.0
AP001055.6,-0.04911624,-0.7262155,0.9608266613195,1.0
TRIM23,-0.04911624,-0.58218986,0.9608266613195,1.0
FAM115C,-0.04911624,-0.5370948,0.9608266613195,1.0
RP11-166P13.4,-0.04911624,-0.57578224,0.9608266613195,1.0
RP11-362F19.1,-0.04911624,-0.61912143,0.9608266613195,1.0
RP11-166P13.3,-0.04911624,-0.61798114,0.9608266613195,1.0
ZNF765,-0.04911624,-0.5992071,0.9608266613195,1.0
TCEANC,-0.04911624,-0.5155553,0.9608266613195,1.0
LINC00925,-0.04911624,-0.27637717,0.9608266613195,1.0
RP11-533E19.7,-0.04911624,-0.6468105,0.9608266613195,1.0
MYPOP,-0.04911624,-0.5866253,0.9608266613195,1.0
ZC3H4,-0.04911624,-0.41348413,0.9608266613195,1.0
SLC35C1,-0.04911624,-0.6034679,0.9608266613195,1.0
HSPA6,-0.04911624,-0.33631164,0.9608266613195,1.0
SPAG4,-0.04911624,-0.70452344,0.9608266613195,1.0
EDARADD,-0.04911624,-0.6272641,0.9608266613195,1.0
TLE2,-0.04911624,-0.7005687,0.9608266613195,1.0
CXCR5,-0.04911624,-0.423878,0.9608266613195,1.0
HIST1H2AM,-0.04911624,-0.5801516,0.9608266613195,1.0
ZBTB9,-0.04911624,-0.5749736,0.9608266613195,1.0
BICD1,-0.04911624,-0.50942284,0.9608266613195,1.0
N6AMT1,-0.04911624,-0.6523478,0.9608266613195,1.0
ALG10,-0.04911624,-0.69006467,0.9608266613195,1.0
EFCAB7,-0.04911624,-0.7608199,0.9608266613195,1.0
ZC3H10,-0.04911624,-0.49160677,0.9608266613195,1.0
ZNF687,-0.04911624,-0.5417246,0.9608266613195,1.0
MOCS3,-0.04911624,-0.65024406,0.9608266613195,1.0
PCNXL3,-0.04911624,-0.5869279,0.9608266613195,1.0
ACCS,-0.04911624,-0.43716025,0.9608266613195,1.0
KIF3C,-0.04911624,-0.44138592,0.9608266613195,1.0
TTLL4,-0.04911624,-0.67053443,0.9608266613195,1.0
PTCHD3P1,-0.04911624,-0.7010357,0.9608266613195,1.0
GGACT,-0.04911624,-0.53569984,0.9608266613195,1.0
RNF144A,-0.04911624,-0.7410221,0.9608266613195,1.0
UTP20,-0.04911624,-0.77667177,0.9608266613195,1.0
NUAK1,-0.04911624,-0.6505098,0.9608266613195,1.0
ACP2,-0.04911624,-0.56960505,0.9608266613195,1.0
LRRC37B,-0.04911624,-0.44339967,0.9608266613195,1.0
ATP6V1C2,-0.04911624,-0.71075094,0.9608266613195,1.0
ZNF793,-0.04911624,-0.5626992,0.9608266613195,1.0
GMEB2,-0.04911624,-0.5970048,0.9608266613195,1.0
RP11-127B20.3,-0.04911624,-0.6175707,0.9608266613195,1.0
SARS2,-0.04911624,-0.6087563,0.9608266613195,1.0
IRF4,-0.04911624,-0.4576266,0.9608266613195,1.0
ZNF28,-0.04911624,-0.6088553,0.9608266613195,1.0
TSPAN13,-0.04911624,-0.54927146,0.9608266613195,1.0
ERCC8,-0.04911624,-0.64119893,0.9608266613195,1.0
RUFY3,-0.04911624,-0.4978982,0.9608266613195,1.0
ZNF780B,-0.04911624,-0.5511641,0.9608266613195,1.0
FRMD4B,-0.04911624,-0.56053627,0.9608266613195,1.0
PDGFB,-0.04911624,-0.71006083,0.9608266613195,1.0
ZFR2,-0.04911624,-0.4591374,0.9608266613195,1.0
DHFRL1,-0.04911624,-0.7417789,0.9608266613195,1.0
RP11-582J16.4,-0.04911624,-0.7141288,0.9608266613195,1.0
LINC00910,-0.04911624,-0.648924,0.9608266613195,1.0
RPP25,-0.04911624,-0.4967313,0.9608266613195,1.0
CAMK2N1,-0.04911624,-0.6000663,0.9608266613195,1.0
SEC24D,-0.04911624,-0.64319754,0.9608266613195,1.0
NCKAP5L,-0.04911624,-0.6039629,0.9608266613195,1.0
CD19,-0.04911624,-0.60704744,0.9608266613195,1.0
SPATA5,-0.04911624,-0.72775215,0.9608266613195,1.0
TTLL12,-0.04911624,-0.6188992,0.9608266613195,1.0
ANO6,-0.04911624,-0.57405657,0.9608266613195,1.0
XRCC4,-0.04911624,-0.71941125,0.9608266613195,1.0
ZNF337-AS1,-0.04911624,-0.6918672,0.9608266613195,1.0
ARL15,-0.04911624,-0.81427085,0.9608266613195,1.0
RP3-402G11.26,-0.04911624,-0.62100965,0.9608266613195,1.0
ZNF75D,-0.04911624,-0.66291493,0.9608266613195,1.0
RP3-322G13.5,-0.04911624,-0.6159375,0.9608266613195,1.0
SEC24A,-0.04911624,-0.57960016,0.9608266613195,1.0
INTS2,-0.04911624,-0.5449474,0.9608266613195,1.0
RNF144B,-0.04911624,-0.54133743,0.9608266613195,1.0
CSRNP2,-0.04911624,-0.6607876,0.9608266613195,1.0
HDLBP,-0.04911624,-0.05948224,0.9608266613195,1.0
SNN,-0.04911624,-0.6381148,0.9608266613195,1.0
SPAST,-0.04911624,-0.50575054,0.9608266613195,1.0
FBXO11,-0.04911624,-0.10332233,0.9608266613195,1.0
IRGM,-0.04911624,-0.5880514,0.9608266613195,1.0
CSF1R,-0.04911624,-0.63477874,0.9608266613195,1.0
GSTM1,-0.04911624,-0.61824757,0.9608266613195,1.0
RRP36,-0.04911624,-0.54830474,0.9608266613195,1.0
RP11-339B21.13,-0.04911624,-0.5463931,0.9608266613195,1.0
TUBGCP4,-0.04911624,-0.61989707,0.9608266613195,1.0
RAB3IP,-0.04911624,-0.32017684,0.9608266613195,1.0
AC131056.3,-0.04911624,-0.58415735,0.9608266613195,1.0
RP11-553L6.5,-0.04911624,-0.543402,0.9608266613195,1.0
TIGD1,-0.04911624,-0.5718222,0.9608266613195,1.0
ZBTB6,-0.04911624,-0.5697931,0.9608266613195,1.0
C11orf84,-0.04911624,-0.48703012,0.9608266613195,1.0
ATP8B3,-0.04911624,-0.6574251,0.9608266613195,1.0
SCMH1,-0.04911624,-0.5189395,0.9608266613195,1.0
APOL1,-0.04911624,-0.60382515,0.9608266613195,1.0
NUP133,-0.049883682,-0.9220084,0.9602150815285226,1.0
ZNF841,-0.049883682,-0.9264603,0.9602150815285226,1.0
B3GAT2,-0.049883682,-0.6536913,0.9602150815285226,1.0
IL24,-0.049883682,-0.7573645,0.9602150815285226,1.0
NDC80,-0.049883682,-0.7658927,0.9602150815285226,1.0
ZNF92,-0.049883682,-0.23141946,0.9602150815285226,1.0
SLC23A2,-0.049883682,-0.94285333,0.9602150815285226,1.0
ANGPT2,-0.049883682,-0.66732603,0.9602150815285226,1.0
LTBR,-0.049883682,-0.8797714,0.9602150815285226,1.0
ADARB1,-0.049883682,-0.63732404,0.9602150815285226,1.0
TCF19,-0.049883682,-1.0768049,0.9602150815285226,1.0
SRGAP2,-0.049883682,-0.76754224,0.9602150815285226,1.0
KLRC4,-0.049883682,-0.73361695,0.9602150815285226,1.0
FAM200A,-0.049883682,-1.1893624,0.9602150815285226,1.0
EARS2,-0.049883682,-0.68920916,0.9602150815285226,1.0
FIGNL1,-0.049883682,-0.66510886,0.9602150815285226,1.0
SMG9,-0.049883682,-0.8511448,0.9602150815285226,1.0
ZNF576,-0.049883682,-1.0273238,0.9602150815285226,1.0
MARK4,-0.049883682,-0.6642396,0.9602150815285226,1.0
TSC22D1,-0.049883682,-0.16967185,0.9602150815285226,1.0
OBSCN,-0.049883682,-0.8438715,0.9602150815285226,1.0
ACO1,-0.049883682,-0.70561737,0.9602150815285226,1.0
CTC-503J8.6,-0.049883682,-0.7044875,0.9602150815285226,1.0
SGSM2,-0.049883682,-1.2128732,0.9602150815285226,1.0
EBF1,-0.049883682,-0.7306305,0.9602150815285226,1.0
CTD-2270L9.4,-0.049883682,-0.8618422,0.9602150815285226,1.0
MACROD1,-0.049883682,-0.73545235,0.9602150815285226,1.0
AC109826.1,-0.049883682,-0.89106387,0.9602150815285226,1.0
RXRA,-0.049883682,-0.87147826,0.9602150815285226,1.0
FAM131A,-0.049883682,-0.80893195,0.9602150815285226,1.0
DAGLB,-0.049883682,-0.6669242,0.9602150815285226,1.0
GPR107,-0.049883682,-0.70714223,0.9602150815285226,1.0
MTMR1,-0.049883682,-0.6373551,0.9602150815285226,1.0
GFPT1,-0.049883682,-0.12529245,0.9602150815285226,1.0
ZNF80,-0.049883682,-0.80048007,0.9602150815285226,1.0
CARD9,-0.049883682,-1.0011404,0.9602150815285226,1.0
RP11-603J24.5,-0.049883682,-0.8834888,0.9602150815285226,1.0
RP11-802E16.3,-0.049883682,-0.73457897,0.9602150815285226,1.0
C22orf29,-0.049883682,-1.3087437,0.9602150815285226,1.0
SLC25A16,-0.049883682,-0.80317193,0.9602150815285226,1.0
NLRP2,-0.049883682,-0.83833694,0.9602150815285226,1.0
C12orf42,-0.049883682,-0.7170054,0.9602150815285226,1.0
ZFP91,-0.049883682,-0.8672677,0.9602150815285226,1.0
ZNF582-AS1,-0.049883682,-0.786935,0.9602150815285226,1.0
ZNF248,-0.049883682,-0.6129273,0.9602150815285226,1.0
ATAD2B,-0.049883682,-0.8616889,0.9602150815285226,1.0
RN7SL832P,-0.049883682,-1.0763357,0.9602150815285226,1.0
NAIP,-0.049883682,-0.82839817,0.9602150815285226,1.0
ZBTB45,-0.049883682,-0.80334246,0.9602150815285226,1.0
RP11-390B4.5,-0.049883682,-0.9022786,0.9602150815285226,1.0
ERCC6,-0.049883682,-0.64517695,0.9602150815285226,1.0
LIG3,-0.049883682,-0.85094833,0.9602150815285226,1.0
PF4,-0.049883682,-1.193053,0.9602150815285226,1.0
ST6GALNAC4,-0.049883682,-1.3936995,0.9602150815285226,1.0
NOP9,-0.049883682,-0.90408623,0.9602150815285226,1.0
CHAMP1,-0.049883682,-1.1766447,0.9602150815285226,1.0
PCBD2,-0.049883682,-0.7525949,0.9602150815285226,1.0
CENPBD1,-0.049883682,-0.66672796,0.9602150815285226,1.0
ADPRH,-0.049883682,-1.1428125,0.9602150815285226,1.0
VAT1,-0.049883682,-1.0007439,0.9602150815285226,1.0
TTLL11,-0.049883682,-0.78289187,0.9602150815285226,1.0
GMNN,-0.049883682,-0.9160849,0.9602150815285226,1.0
ABCG2,-0.049883682,-1.1502559,0.9602150815285226,1.0
GALNT6,-0.049883682,-0.67380244,0.9602150815285226,1.0
USP40,-0.049883682,-0.86173284,0.9602150815285226,1.0
RP11-160O5.1,-0.049883682,-0.71535033,0.9602150815285226,1.0
HFE,-0.049883682,-0.74291193,0.9602150815285226,1.0
PIAS2,-0.049883682,-0.657953,0.9602150815285226,1.0
PSMG3-AS1,-0.049883682,-0.8711237,0.9602150815285226,1.0
MAP3K7CL,-0.049883682,-1.0032564,0.9602150815285226,1.0
LONRF1,-0.049883682,-0.9707144,0.9602150815285226,1.0
TNFRSF10A,-0.049883682,-0.72553504,0.9602150815285226,1.0
EIF3J-AS1,-0.049883682,-0.06889558,0.9602150815285226,1.0
CHST14,-0.049883682,-0.899746,0.9602150815285226,1.0
UTP15,-0.049883682,-1.4637338,0.9602150815285226,1.0
FXR2,-0.049883682,-0.6580301,0.9602150815285226,1.0
C11orf71,-0.049883682,-0.9454868,0.9602150815285226,1.0
ARL17B,-0.049883682,-0.992674,0.9602150815285226,1.0
SCRN1,-0.049883682,-0.63875073,0.9602150815285226,1.0
SENP1,-0.049883682,-1.0831141,0.9602150815285226,1.0
PTRH2,-0.049883682,-0.6817021,0.9602150815285226,1.0
GTF2IRD2,-0.049883682,-0.11004878,0.9602150815285226,1.0
C4orf46,-0.049883682,-1.1174693,0.9602150815285226,1.0
C5orf55,-0.049883682,-0.72913337,0.9602150815285226,1.0
DTX2,-0.049883682,-0.63284856,0.9602150815285226,1.0
ZNF160,-0.050651122,-0.1635034,0.9596035251500796,1.0
GPR68,-0.050651122,-0.18628056,0.9596035251500796,1.0
DNAJC10,-0.050651122,-0.033163935,0.9596035251500796,1.0
NUMA1,-0.050651122,-0.042930424,0.9596035251500796,1.0
CHAC2,-0.050651122,-0.22431995,0.9596035251500796,1.0
THAP1,-0.050651122,-0.06792426,0.9596035251500796,1.0
CASP6,-0.050651122,-0.04916844,0.9596035251500796,1.0
AGFG2,-0.05103484,-0.17952059,0.9592977558528337,1.0
GBAS,-0.05103484,0.044771608,0.9592977558528337,1.0
SMN1,-0.051418565,-0.049010113,0.9589919925434467,1.0
ZC3H15,-0.051418565,-0.072288334,0.9589919925434467,1.0
EIF2D,-0.051418565,-0.04423525,0.9589919925434467,1.0
DPP8,-0.051418565,-0.058091205,0.9589919925434467,1.0
AHI1,-0.051418565,-0.1391736,0.9589919925434467,1.0
C1orf216,-0.052186005,-0.21422967,0.9583804840678577,1.0
HPS3,-0.052186005,-0.04970535,0.9583804840678577,1.0
PROSER1,-0.052186005,-0.20489109,0.9583804840678577,1.0
TMEM209,-0.052186005,-0.2875853,0.9583804840678577,1.0
PLA2G12A,-0.052186005,-0.04829738,0.9583804840678577,1.0
TMEM170A,-0.052186005,-0.07463961,0.9583804840678577,1.0
PTRH1,-0.052186005,-0.052357826,0.9583804840678577,1.0
PEX1,-0.052186005,-0.22003795,0.9583804840678577,1.0
IL10RA,-0.05295345,-0.08325799,0.9577690000825038,1.0
OXSR1,-0.05295345,-0.19353564,0.9577690000825038,1.0
MYO9A,-0.05295345,-0.19103512,0.9577690000825038,1.0
FBXO28,-0.05295345,-0.3207245,0.9577690000825038,1.0
CCNT1,-0.05295345,-0.16105147,0.9577690000825038,1.0
POT1,-0.05295345,-0.28200325,0.9577690000825038,1.0
CTC-241F20.3,-0.05295345,-0.08404751,0.9577690000825038,1.0
AASDH,-0.05295345,-0.075198635,0.9577690000825038,1.0
TBL2,-0.05295345,-0.18226574,0.9577690000825038,1.0
C16orf80,-0.053720888,-0.18177582,0.957157540946533,1.0
GLCCI1,-0.053720888,-0.22250064,0.957157540946533,1.0
RIF1,-0.053720888,-0.21966396,0.957157540946533,1.0
ZNF626,-0.053720888,-0.30805475,0.957157540946533,1.0
DUSP5,-0.053720888,-0.36608866,0.957157540946533,1.0
SMAD5,-0.053720888,-0.22573961,0.957157540946533,1.0
FBXO44,-0.053720888,-0.044304434,0.957157540946533,1.0
TRAF2,-0.053720888,-0.27086136,0.957157540946533,1.0
ARCN1,-0.053720888,-0.045857456,0.957157540946533,1.0
AKIRIN2,-0.054104608,-0.08130288,0.956851820809288,1.0
POLL,-0.054488327,-0.25637144,0.9565461070190494,1.0
C22orf46,-0.054488327,-0.2506425,0.9565461070190494,1.0
TMEM62,-0.054488327,-0.3235089,0.9565461070190494,1.0
PAFAH2,-0.054488327,-0.3979147,0.9565461070190494,1.0
CSPP1,-0.054488327,-0.2525977,0.9565461070190494,1.0
CCDC18,-0.054488327,-0.26124436,0.9565461070190494,1.0
HSPD1,-0.05487205,-0.045495216,0.9562403996206982,1.0
HIST1H2BD,-0.05525577,-0.24247853,0.9559346986591126,1.0
TSPAN31,-0.05525577,-0.116802886,0.9559346986591126,1.0
TPM1,-0.05525577,-0.32188925,0.9559346986591126,1.0
NUFIP1,-0.05525577,-0.23700623,0.9559346986591126,1.0
CKS1B,-0.05525577,-0.06130288,0.9559346986591126,1.0
RNF111,-0.05525577,-0.2977089,0.9559346986591126,1.0
RMND5A,-0.05563949,-0.20157328,0.955629004179168,1.0
ING1,-0.05602321,-0.28647673,0.9553233162257371,1.0
PRKRIR,-0.05602321,-0.39316407,0.9553233162257371,1.0
UGDH,-0.05602321,-0.3337376,0.9553233162257371,1.0
TMEM159,-0.05602321,-0.116663426,0.9553233162257371,1.0
YWHAE,-0.05602321,-0.019587405,0.9553233162257371,1.0
TXNDC12,-0.056406934,-0.041399356,0.9550176348436893,1.0
SNRPB2,-0.056406934,-0.071411714,0.9550176348436893,1.0
FOXP1,-0.056790654,0.012255119,0.9547119600778915,1.0
JMJD1C,-0.056790654,-0.039022453,0.9547119600778915,1.0
CD2AP,-0.056790654,-0.35589427,0.9547119600778915,1.0
BEX2,-0.057558093,0.083457135,0.9541006305744981,1.0
MAPKAPK2,-0.057558093,-0.24861504,0.9541006305744981,1.0
CTSZ,-0.057558093,-0.312584,0.9541006305744981,1.0
CASC3,-0.059092976,-0.15747528,0.952878052936522,1.0
RNF20,-0.059092976,-0.037772443,0.952878052936522,1.0
UBE4A,-0.059092976,-0.38659966,0.952878052936522,1.0
MTMR4,-0.059092976,-0.4226403,0.952878052936522,1.0
SPCS3,-0.059092976,-0.15914463,0.952878052936522,1.0
MTAP,-0.059860416,-0.15320171,0.952266805519546,1.0
MICU1,-0.06062786,-0.23433746,0.9516555861822351,1.0
USP7,-0.06062786,-0.20223711,0.9516555861822351,1.0
ITSN2,-0.06101158,-0.031418893,0.9513499871555436,1.0
LPAR5,-0.0613953,-0.3059873,0.9510443952832699,1.0
ACYP2,-0.061779022,-0.01593713,0.9507388106102411,1.0
MGAT2,-0.062162742,-0.05642358,0.9504332331812813,1.0
C12orf49,-0.062162742,-0.15439518,0.9504332331812813,1.0
TM9SF3,-0.062162742,-0.20513573,0.9504332331812813,1.0
C7orf55,-0.062162742,-0.046072867,0.9504332331812813,1.0
DNAJC1,-0.062162742,-0.08528715,0.9504332331812813,1.0
SS18L2,-0.062162742,-0.059277073,0.9504332331812813,1.0
NIPSNAP1,-0.06254646,0.0067864284,0.9501276630412113,1.0
SEP15,-0.06293018,-0.020576341,0.949822100234849,1.0
TRMT13,-0.06293018,-0.20674936,0.949822100234849,1.0
UBL4A,-0.06369762,-0.10560959,0.9492109968025015,1.0
COX20,-0.06523251,-0.10729649,0.9479888799139133,1.0
DYNC1H1,-0.06638367,-0.005079689,0.9470723723877273,1.0
ZC3H7A,-0.06676739,-0.06834052,0.9467668853826913,1.0
CD46,-0.06676739,-0.06309608,0.9467668853826913,1.0
NIFK-AS1,-0.06676739,-0.054956026,0.9467668853826913,1.0
CCT2,-0.06715111,-0.016939664,0.9464614062041392,1.0
BLCAP,-0.06753483,-0.067098595,0.9461559348968488,1.0
SPSB2,-0.06753483,-0.24677306,0.9461559348968488,1.0
NSMCE4A,-0.06753483,0.13682969,0.9461559348968488,1.0
PITPNA-AS1,-0.06753483,-0.17208807,0.9461559348968488,1.0
CECR5,-0.068302274,-0.25985816,0.9455450160751458,1.0
CHID1,-0.06868599,-0.07386636,0.945239568650271,1.0
ELF2,-0.06868599,-0.02887612,0.945239568650271,1.0
MOSPD3,-0.06906971,-0.15551049,0.9449341292757331,1.0
DDX42,-0.06945343,-0.039792072,0.944628697996292,1.0
ELMSAN1,-0.06945343,0.053583317,0.944628697996292,1.0
ARSA,-0.06983715,-0.19452734,0.9443232748567044,1.0
HIBADH,-0.06983715,-0.101837136,0.9443232748567044,1.0
AMDHD2,-0.06983715,-0.048609607,0.9443232748567044,1.0
PBX4,-0.06983715,-0.032023992,0.9443232748567044,1.0
DIRC2,-0.07022087,-0.1614648,0.9440178599017229,1.0
SURF6,-0.07022087,-0.16625889,0.9440178599017229,1.0
SLC30A5,-0.07060459,-0.015858924,0.9437124531760969,1.0
NUP50,-0.07098831,-0.4098218,0.9434070547245719,1.0
CD72,-0.07098831,-0.14298965,0.9434070547245719,1.0
VRK2,-0.07098831,-0.051231973,0.9434070547245719,1.0
VWA5A,-0.07098831,-0.12853065,0.9434070547245719,1.0
AP006621.5,-0.07098831,-0.17716278,0.9434070547245719,1.0
MAPK8,-0.07098831,-0.20924549,0.9434070547245719,1.0
MTA2,-0.07098831,-0.2190045,0.9434070547245719,1.0
ZNF786,-0.07098831,-0.18342242,0.9434070547245719,1.0
SIAH1,-0.07098831,-0.17875578,0.9434070547245719,1.0
LRCH1,-0.07098831,-0.19822021,0.9434070547245719,1.0
AGPAT4,-0.07137204,-0.11509142,0.9431016645918899,1.0
KIAA0141,-0.07137204,-0.07802828,0.9431016645918899,1.0
HEBP1,-0.07175576,-0.21916054,0.9427962828227892,1.0
PCBP1,-0.07175576,-0.04584205,0.9427962828227892,1.0
C1orf109,-0.07175576,-0.04328521,0.9427962828227892,1.0
RP11-473M20.14,-0.07175576,-0.2283687,0.9427962828227892,1.0
LINC00402,-0.07175576,-0.2502236,0.9427962828227892,1.0
CD99L2,-0.07175576,-0.1042195,0.9427962828227892,1.0
ZNF574,-0.07175576,-0.27344975,0.9427962828227892,1.0
SEL1L3,-0.07175576,-0.25315318,0.9427962828227892,1.0
RFXAP,-0.07175576,-0.1153197,0.9427962828227892,1.0
GPR137B,-0.07175576,-0.18543947,0.9427962828227892,1.0
PLGLB1,-0.07213948,-22.800585,0.9424909094620042,1.0
AC092667.2,-0.07213948,-22.914127,0.9424909094620042,1.0
ASTN2,-0.07213948,-22.441761,0.9424909094620042,1.0
TLR4,-0.07213948,-22.628944,0.9424909094620042,1.0
YPEL4,-0.07213948,-22.866882,0.9424909094620042,1.0
TMSB4Y,-0.07213948,-22.916824,0.9424909094620042,1.0
PIFO,-0.07213948,-23.132036,0.9424909094620042,1.0
PARPBP,-0.07213948,-22.811544,0.9424909094620042,1.0
FAM111B,-0.07213948,-22.454304,0.9424909094620042,1.0
CTNNAL1,-0.07213948,-22.774052,0.9424909094620042,1.0
CTB-55O6.4,-0.07213948,-23.082426,0.9424909094620042,1.0
ZNF883,-0.07213948,-22.648598,0.9424909094620042,1.0
SLC10A7,-0.07213948,-22.796507,0.9424909094620042,1.0
RP11-102N12.3,-0.07213948,-22.454304,0.9424909094620042,1.0
C1QA,-0.07213948,-22.749846,0.9424909094620042,1.0
C1QC,-0.07213948,-22.692432,0.9424909094620042,1.0
RPH3AL,-0.07213948,-22.95749,0.9424909094620042,1.0
KRBA2,-0.07213948,-22.702234,0.9424909094620042,1.0
RP11-849F2.7,-0.07213948,-22.848429,0.9424909094620042,1.0
HIST1H3A,-0.07213948,-22.693348,0.9424909094620042,1.0
CCDC176,-0.07213948,-22.628658,0.9424909094620042,1.0
LIMK2,-0.07213948,-22.724964,0.9424909094620042,1.0
RP3-400N23.6,-0.07213948,-22.54381,0.9424909094620042,1.0
CTB-133G6.2,-0.07213948,-22.761873,0.9424909094620042,1.0
RP11-647K16.1,-0.07213948,-22.74662,0.9424909094620042,1.0
TTC4,-0.07213948,-22.71931,0.9424909094620042,1.0
BBS1,-0.07213948,-23.25719,0.9424909094620042,1.0
TMEM38A,-0.07213948,-22.72654,0.9424909094620042,1.0
KIAA1211L,-0.07213948,-22.737007,0.9424909094620042,1.0
C2ORF15,-0.07213948,-22.810167,0.9424909094620042,1.0
MRPL30,-0.07213948,-23.090881,0.9424909094620042,1.0
LYG1,-0.07213948,-22.9391,0.9424909094620042,1.0
CHN1,-0.07213948,-22.665665,0.9424909094620042,1.0
AL591479.1,-0.07213948,-22.828226,0.9424909094620042,1.0
CBWD3,-0.07213948,-22.76712,0.9424909094620042,1.0
TJP2,-0.07213948,-23.105652,0.9424909094620042,1.0
SHPK-1,-0.07213948,-23.171743,0.9424909094620042,1.0
MIR497HG,-0.07213948,-22.534618,0.9424909094620042,1.0
RP11-492E3.2,-0.07213948,-22.810167,0.9424909094620042,1.0
NTNG2,-0.07213948,-22.845924,0.9424909094620042,1.0
C9orf9,-0.07213948,-22.71058,0.9424909094620042,1.0
GNE,-0.07213948,-22.792446,0.9424909094620042,1.0
RP1-261D10.2,-0.07213948,-22.667746,0.9424909094620042,1.0
TTN-AS1,-0.07213948,-22.812578,0.9424909094620042,1.0
CERKL,-0.07213948,-22.604338,0.9424909094620042,1.0
RP11-315I20.1,-0.07213948,-22.18496,0.9424909094620042,1.0
ZNF543,-0.07213948,-22.18496,0.9424909094620042,1.0
RP11-566K11.5,-0.07213948,-22.84521,0.9424909094620042,1.0
AC009501.4,-0.07213948,-23.110474,0.9424909094620042,1.0
RP11-568N6.1,-0.07213948,-22.867615,0.9424909094620042,1.0
AP001610.5,-0.07213948,-22.488064,0.9424909094620042,1.0
C2CD2,-0.07213948,-23.168097,0.9424909094620042,1.0
PTPRO,-0.07213948,-22.776041,0.9424909094620042,1.0
EPS8,-0.07213948,-22.776041,0.9424909094620042,1.0
RP11-104N10.1,-0.07213948,-22.886086,0.9424909094620042,1.0
ATXN7L2,-0.07213948,-22.848429,0.9424909094620042,1.0
CKAP4,-0.07213948,-22.418737,0.9424909094620042,1.0
CNRIP1,-0.07213948,-23.132036,0.9424909094620042,1.0
AC007880.1,-0.07213948,-22.743727,0.9424909094620042,1.0
SLC1A4,-0.07213948,-22.675808,0.9424909094620042,1.0
MEIS1,-0.07213948,-22.984566,0.9424909094620042,1.0
MLTK,-0.07213948,-22.70841,0.9424909094620042,1.0
NCKAP1,-0.07213948,-23.227451,0.9424909094620042,1.0
CHRNA1,-0.07213948,-22.693653,0.9424909094620042,1.0
RP11-513M16.8,-0.07213948,-22.701927,0.9424909094620042,1.0
RP11-566E18.3,-0.07213948,-23.029015,0.9424909094620042,1.0
CD274,-0.07213948,-22.675808,0.9424909094620042,1.0
ERMP1,-0.07213948,-22.798544,0.9424909094620042,1.0
CRB3,-0.07213948,-22.888702,0.9424909094620042,1.0
FTCDNL1,-0.07213948,-23.132036,0.9424909094620042,1.0
C9orf24,-0.07213948,-22.64017,0.9424909094620042,1.0
NBPF14,-0.07213948,-22.720879,0.9424909094620042,1.0
RP11-666A1.5,-0.07213948,-22.863235,0.9424909094620042,1.0
ASRGL1,-0.07213948,-22.817766,0.9424909094620042,1.0
PHACTR1,-0.07213948,-22.454304,0.9424909094620042,1.0
RP1-223E5.4,-0.07213948,-22.64017,0.9424909094620042,1.0
CTD-2547L24.4,-0.07213948,-22.475374,0.9424909094620042,1.0
AC104532.4,-0.07213948,-22.825775,0.9424909094620042,1.0
RP11-326F20.5,-0.07213948,-22.690605,0.9424909094620042,1.0
SARDH,-0.07213948,-22.631523,0.9424909094620042,1.0
ZNF554,-0.07213948,-22.648598,0.9424909094620042,1.0
CCDC85C,-0.07213948,-22.848429,0.9424909094620042,1.0
TONSL,-0.07213948,-22.734777,0.9424909094620042,1.0
KDM4A-AS1,-0.07213948,-22.798544,0.9424909094620042,1.0
PRR14L,-0.07213948,-22.668043,0.9424909094620042,1.0
CCDC163P,-0.07213948,-23.123146,0.9424909094620042,1.0
LRP5,-0.07213948,-22.651226,0.9424909094620042,1.0
AC079767.4,-0.07213948,-22.454304,0.9424909094620042,1.0
LGMN,-0.07213948,-22.849863,0.9424909094620042,1.0
RP3-510H16.3,-0.07213948,-22.418737,0.9424909094620042,1.0
KIF2C,-0.07213948,-22.798544,0.9424909094620042,1.0
BEST4,-0.07213948,-22.84521,0.9424909094620042,1.0
C9orf66,-0.07213948,-22.825775,0.9424909094620042,1.0
RP1-151F17.2,-0.07213948,-22.810167,0.9424909094620042,1.0
AC137932.1,-0.07213948,-22.932793,0.9424909094620042,1.0
CRIP3,-0.07213948,-22.800924,0.9424909094620042,1.0
AK4,-0.07213948,-22.720879,0.9424909094620042,1.0
LEPR,-0.07213948,-23.000542,0.9424909094620042,1.0
TIGD5,-0.07213948,-22.911821,0.9424909094620042,1.0
PID1,-0.07213948,-22.70841,0.9424909094620042,1.0
FBXO36,-0.07213948,-22.752758,0.9424909094620042,1.0
CTD-3065J16.9,-0.07213948,-22.888702,0.9424909094620042,1.0
ZNF43,-0.07213948,-22.705935,0.9424909094620042,1.0
INPP5E,-0.07213948,-22.386562,0.9424909094620042,1.0
RP11-408A13.4,-0.07213948,-22.730333,0.9424909094620042,1.0
GNA15,-0.07213948,-22.611067,0.9424909094620042,1.0
HIST2H2AB,-0.07213948,-22.810167,0.9424909094620042,1.0
ZNF470,-0.07213948,-22.693348,0.9424909094620042,1.0
AURKC,-0.07213948,-22.747265,0.9424909094620042,1.0
GNMT,-0.07213948,-22.693653,0.9424909094620042,1.0
RP11-214O1.3,-0.07213948,-22.747908,0.9424909094620042,1.0
TRIM16,-0.07213948,-22.825426,0.9424909094620042,1.0
CLIC5,-0.07213948,-22.531746,0.9424909094620042,1.0
ZNF805,-0.07213948,-22.749846,0.9424909094620042,1.0
AC097713.4,-0.07213948,-22.803995,0.9424909094620042,1.0
ZNF839,-0.07213948,-22.675507,0.9424909094620042,1.0
AMN,-0.07213948,-22.808792,0.9424909094620042,1.0
ARID3A,-0.07213948,-22.73924,0.9424909094620042,1.0
RP11-680A11.5,-0.07213948,-22.418737,0.9424909094620042,1.0
RFPL2,-0.07213948,-22.986233,0.9424909094620042,1.0
CLMN,-0.07213948,-22.746943,0.9424909094620042,1.0
ZNF57,-0.07213948,-22.628658,0.9424909094620042,1.0
RLN2,-0.07213948,-23.164986,0.9424909094620042,1.0
STON1,-0.07213948,-22.805706,0.9424909094620042,1.0
DLEU2L,-0.07213948,-23.073593,0.9424909094620042,1.0
RP1-90J20.12,-0.07213948,-22.800924,0.9424909094620042,1.0
GTPBP2,-0.07213948,-23.335915,0.9424909094620042,1.0
VEGFA,-0.07213948,-22.79549,0.9424909094620042,1.0
RP11-126K1.2,-0.07213948,-22.675808,0.9424909094620042,1.0
RP11-258F1.1,-0.07213948,-22.800585,0.9424909094620042,1.0
FAM106A,-0.07213948,-22.986233,0.9424909094620042,1.0
CNOT6,-0.07213948,-22.023294,0.9424909094620042,1.0
LINC01119,-0.07213948,-23.11241,0.9424909094620042,1.0
AC093642.3,-0.07213948,-23.147076,0.9424909094620042,1.0
FOLR3,-0.07213948,-22.85418,0.9424909094620042,1.0
P2RY2,-0.07213948,-22.941479,0.9424909094620042,1.0
OPRL1,-0.07213948,-23.182253,0.9424909094620042,1.0
MROH1,-0.07213948,-22.674309,0.9424909094620042,1.0
DGAT1,-0.07213948,-22.292719,0.9424909094620042,1.0
RP11-872J21.3,-0.07213948,-22.696709,0.9424909094620042,1.0
ZNF696,-0.07213948,-22.940685,0.9424909094620042,1.0
TMEM201,-0.07213948,-22.743727,0.9424909094620042,1.0
CACNA1C,-0.07213948,-22.971745,0.9424909094620042,1.0
SNAI3-AS1,-0.07213948,-22.705935,0.9424909094620042,1.0
LRRC1,-0.07213948,-22.801266,0.9424909094620042,1.0
RPS4Y2,-0.07213948,-22.729067,0.9424909094620042,1.0
PPP1R32,-0.07213948,-22.71806,0.9424909094620042,1.0
ASB13,-0.07213948,-22.676407,0.9424909094620042,1.0
TMEM65,-0.07213948,-22.534618,0.9424909094620042,1.0
LAMA5,-0.07213948,-22.800585,0.9424909094620042,1.0
AC023590.1,-0.07213948,-22.609661,0.9424909094620042,1.0
CABLES2,-0.07213948,-22.559486,0.9424909094620042,1.0
TSEN2,-0.07213948,-23.229698,0.9424909094620042,1.0
CSF2RB,-0.07213948,-22.750168,0.9424909094620042,1.0
SSTR3,-0.07213948,-22.303053,0.9424909094620042,1.0
FARP2,-0.07213948,-22.933578,0.9424909094620042,1.0
AC009005.2,-0.07213948,-22.801266,0.9424909094620042,1.0
FOSL1,-0.07213948,-22.75926,0.9424909094620042,1.0
RP11-867G23.4,-0.07213948,-22.74052,0.9424909094620042,1.0
FADS3,-0.07213948,-22.834913,0.9424909094620042,1.0
KIAA0513,-0.07213948,-22.674309,0.9424909094620042,1.0
CTD-2350C19.2,-0.07213948,-22.81189,0.9424909094620042,1.0
RP11-192H23.4,-0.07213948,-22.911821,0.9424909094620042,1.0
RP4-536B24.3,-0.07213948,-22.71806,0.9424909094620042,1.0
SCGB1B2P,-0.07213948,-22.915668,0.9424909094620042,1.0
CRIP1-1,-0.07213948,-22.747585,0.9424909094620042,1.0
NR2C2,-0.07213948,-22.764494,0.9424909094620042,1.0
CYFIP1,-0.07213948,-22.488064,0.9424909094620042,1.0
RIMS3,-0.07213948,-22.736689,0.9424909094620042,1.0
HAR1B,-0.07213948,-22.66834,0.9424909094620042,1.0
RP11-894P9.1,-0.07213948,-22.531746,0.9424909094620042,1.0
CTD-2538C1.2,-0.07213948,-22.72875,0.9424909094620042,1.0
NDOR1,-0.07213948,-23.170177,0.9424909094620042,1.0
NOXA1,-0.07213948,-22.810167,0.9424909094620042,1.0
ZMYND19,-0.07213948,-22.611067,0.9424909094620042,1.0
FAM83G,-0.07213948,-22.812578,0.9424909094620042,1.0
CRIM1,-0.07213948,-22.534618,0.9424909094620042,1.0
HRH2,-0.07213948,-22.85418,0.9424909094620042,1.0
ARL10,-0.07213948,-22.986233,0.9424909094620042,1.0
OOEP,-0.07213948,-22.454304,0.9424909094620042,1.0
SH3BGRL2,-0.07213948,-22.810167,0.9424909094620042,1.0
LINC00211,-0.07213948,-22.732553,0.9424909094620042,1.0
ZNF860,-0.07213948,-22.773722,0.9424909094620042,1.0
PWAR6,-0.07213948,-22.840935,0.9424909094620042,1.0
RP11-932O9.7,-0.07213948,-22.648598,0.9424909094620042,1.0
FAN1,-0.07213948,-22.819849,0.9424909094620042,1.0
CAND2,-0.07213948,-22.303053,0.9424909094620042,1.0
HDAC11,-0.07213948,-22.534618,0.9424909094620042,1.0
AC093495.4,-0.07213948,-22.73924,0.9424909094620042,1.0
HAAO,-0.07213948,-22.933578,0.9424909094620042,1.0
PRR7-AS1,-0.07213948,-23.169136,0.9424909094620042,1.0
PDLIM7,-0.07213948,-22.867615,0.9424909094620042,1.0
AC025335.1,-0.07213948,-22.693653,0.9424909094620042,1.0
ZNF322,-0.07213948,-22.729383,0.9424909094620042,1.0
HIST1H2BJ,-0.07213948,-22.800585,0.9424909094620042,1.0
HIST1H4K,-0.07213948,-22.776041,0.9424909094620042,1.0
SMIM1,-0.07213948,-22.764166,0.9424909094620042,1.0
LINC00663,-0.07213948,-22.71058,0.9424909094620042,1.0
RP11-522I20.3,-0.07213948,-22.303053,0.9424909094620042,1.0
GKAP1,-0.07213948,-22.801266,0.9424909094620042,1.0
KIF27,-0.07213948,-22.418737,0.9424909094620042,1.0
CYBRD1,-0.07213948,-22.705935,0.9424909094620042,1.0
PDE1B,-0.07213948,-22.725279,0.9424909094620042,1.0
RP11-110A12.2,-0.07213948,-23.22689,0.9424909094620042,1.0
RP4-800J21.3,-0.07213948,-23.182781,0.9424909094620042,1.0
KB-431C1.4,-0.07213948,-22.749846,0.9424909094620042,1.0
NET1,-0.07213948,-22.72654,0.9424909094620042,1.0
C10orf111,-0.07213948,-22.799562,0.9424909094620042,1.0
PARD6B,-0.07213948,-22.863235,0.9424909094620042,1.0
AP001372.2,-0.07213948,-22.9391,0.9424909094620042,1.0
CCNE2,-0.07213948,-22.801266,0.9424909094620042,1.0
TP53INP1,-0.07213948,-22.680313,0.9424909094620042,1.0
C8orf37,-0.07213948,-22.771406,0.9424909094620042,1.0
MTERFD1,-0.07213948,-0.19109324,0.9424909094620042,1.0
RP11-563N4.1,-0.07213948,-22.757305,0.9424909094620042,1.0
DSCR9,-0.07213948,-23.000542,0.9424909094620042,1.0
FBXL14,-0.07213948,-22.64423,0.9424909094620042,1.0
NAT14,-0.07213948,-22.534618,0.9424909094620042,1.0
CTD-2537I9.12,-0.07213948,-22.746943,0.9424909094620042,1.0
RP11-98D18.3,-0.07213948,-22.862507,0.9424909094620042,1.0
CDNF,-0.07213948,-22.454304,0.9424909094620042,1.0
VPS13A-AS1,-0.07213948,-22.747265,0.9424909094620042,1.0
RP11-339B21.11,-0.07213948,-22.386562,0.9424909094620042,1.0
RP11-544A12.4,-0.07213948,-22.849863,0.9424909094620042,1.0
KRT73,-0.07213948,-22.734777,0.9424909094620042,1.0
MMP9,-0.07213948,-22.915668,0.9424909094620042,1.0
XYLB,-0.07213948,-22.743727,0.9424909094620042,1.0
TTC21A,-0.07213948,-22.746943,0.9424909094620042,1.0
HPCAL4,-0.07213948,-22.674309,0.9424909094620042,1.0
BRSK1,-0.07213948,-22.71931,0.9424909094620042,1.0
RP11-393I2.4,-0.07213948,-22.752758,0.9424909094620042,1.0
RRAGD,-0.07213948,-22.651226,0.9424909094620042,1.0
HLCS,-0.07213948,-22.70841,0.9424909094620042,1.0
LRRC69,-0.07213948,-22.991676,0.9424909094620042,1.0
TRIQK,-0.07213948,-22.531746,0.9424909094620042,1.0
GEM,-0.07213948,-22.023294,0.9424909094620042,1.0
AVEN,-0.07213948,-22.609661,0.9424909094620042,1.0
PRTFDC1,-0.07213948,-22.611067,0.9424909094620042,1.0
PLB1,-0.07213948,-22.690605,0.9424909094620042,1.0
LRRC7,-0.07213948,-22.693653,0.9424909094620042,1.0
WNT11,-0.07213948,-22.867615,0.9424909094620042,1.0
RP11-111M22.2,-0.07213948,-22.728436,0.9424909094620042,1.0
C15orf52,-0.07213948,-22.893204,0.9424909094620042,1.0
L3MBTL1,-0.07213948,-22.872013,0.9424909094620042,1.0
ALS2CL,-0.07213948,-22.690605,0.9424909094620042,1.0
FAM98B,-0.07213948,-22.785717,0.9424909094620042,1.0
TIMD4,-0.07213948,-22.730333,0.9424909094620042,1.0
LSM11,-0.07213948,-22.71806,0.9424909094620042,1.0
TMEM9B-AS1,-0.07213948,-22.736689,0.9424909094620042,1.0
S100A13,-0.07213948,-22.66834,0.9424909094620042,1.0
RAB13,-0.07213948,-22.770746,0.9424909094620042,1.0
C15orf41,-0.07213948,-22.452608,0.9424909094620042,1.0
SSSCA1-AS1,-0.07213948,-22.747585,0.9424909094620042,1.0
EFEMP2,-0.07213948,-22.609661,0.9424909094620042,1.0
AVIL,-0.07213948,-22.79549,0.9424909094620042,1.0
ZNF513,-0.07213948,-22.9391,0.9424909094620042,1.0
STK33,-0.07213948,-23.090881,0.9424909094620042,1.0
RP13-753N3.1,-0.07213948,-22.761873,0.9424909094620042,1.0
C16orf46,-0.07213948,-22.386562,0.9424909094620042,1.0
RP3-477O4.16,-0.07213948,-22.817766,0.9424909094620042,1.0
SNTA1,-0.07213948,-22.651226,0.9424909094620042,1.0
CCDC121,-0.07213948,-22.88945,0.9424909094620042,1.0
KRT1,-0.07213948,-22.346233,0.9424909094620042,1.0
CDCA8,-0.07213948,-22.71931,0.9424909094620042,1.0
CASC5,-0.07213948,-22.725279,0.9424909094620042,1.0
SPINT1,-0.07213948,-22.810167,0.9424909094620042,1.0
SAP30L,-0.07213948,-22.452608,0.9424909094620042,1.0
MYO18A,-0.07213948,-22.80948,0.9424909094620042,1.0
NUFIP2,-0.07213948,-0.029848646,0.9424909094620042,1.0
RP3-467N11.1,-0.07213948,-22.303053,0.9424909094620042,1.0
KCNMB1,-0.07213948,-22.686052,0.9424909094620042,1.0
TLDC2,-0.07213948,-23.155212,0.9424909094620042,1.0
RCAN1,-0.07213948,-22.737007,0.9424909094620042,1.0
RP11-890B15.3,-0.07213948,-23.105652,0.9424909094620042,1.0
RP11-996F15.2,-0.07213948,-22.915668,0.9424909094620042,1.0
RNFT2,-0.07213948,-22.782703,0.9424909094620042,1.0
ZNF133,-0.07213948,-22.800585,0.9424909094620042,1.0
FZD3,-0.07213948,-22.70285,0.9424909094620042,1.0
ZNF485,-0.07213948,-22.76712,0.9424909094620042,1.0
ZNF790,-0.07213948,-22.680313,0.9424909094620042,1.0
CTC-454I21.3,-0.07213948,-22.686052,0.9424909094620042,1.0
U73166.2,-0.07213948,-22.454304,0.9424909094620042,1.0
NUSAP1,-0.07213948,-22.628944,0.9424909094620042,1.0
RP11-23P13.7,-0.07213948,-22.609661,0.9424909094620042,1.0
GPR124,-0.07213948,-22.702234,0.9424909094620042,1.0
AQP10,-0.07213948,-22.825775,0.9424909094620042,1.0
RP11-307C12.13,-0.07213948,-23.102772,0.9424909094620042,1.0
LILRB4,-0.07213948,-23.229698,0.9424909094620042,1.0
DPYSL2,-0.07213948,-22.559486,0.9424909094620042,1.0
THBS3,-0.07213948,-23.029015,0.9424909094620042,1.0
CDK5R1,-0.07213948,-22.940685,0.9424909094620042,1.0
MYO1D,-0.07213948,-22.798203,0.9424909094620042,1.0
UNC45B,-0.07213948,-22.834206,0.9424909094620042,1.0
PPARGC1B,-0.07213948,-23.182781,0.9424909094620042,1.0
ARAP3,-0.07213948,-22.74052,0.9424909094620042,1.0
NEU3,-0.07213948,-22.696709,0.9424909094620042,1.0
CD93,-0.07213948,-22.809135,0.9424909094620042,1.0
CTD-2541M15.4,-0.07213948,-22.715559,0.9424909094620042,1.0
BMP1,-0.07213948,-22.730333,0.9424909094620042,1.0
DOCK9-AS2,-0.07213948,-22.776041,0.9424909094620042,1.0
ABCC4,-0.07213948,-22.848429,0.9424909094620042,1.0
NRG1,-0.07213948,-22.534618,0.9424909094620042,1.0
ZNF337,-0.07213948,-22.702234,0.9424909094620042,1.0
DONSON,-0.07213948,-22.418737,0.9424909094620042,1.0
THTPA,-0.07213948,-22.74662,0.9424909094620042,1.0
AP003419.16,-0.07213948,-23.170177,0.9424909094620042,1.0
ACY3,-0.07213948,-22.943464,0.9424909094620042,1.0
TNFSF13,-0.07213948,-22.80948,0.9424909094620042,1.0
SENP3,-0.07213948,-22.715559,0.9424909094620042,1.0
QSER1,-0.07213948,-22.943464,0.9424909094620042,1.0
HARBI1,-0.07213948,-22.729383,0.9424909094620042,1.0
CDK20,-0.07213948,-22.955475,0.9424909094620042,1.0
CTD-2369P2.2,-0.07213948,-22.72654,0.9424909094620042,1.0
FOXD2,-0.07213948,-22.770746,0.9424909094620042,1.0
CTD-2623N2.11,-0.07213948,-22.648598,0.9424909094620042,1.0
RP4-647C14.3,-0.07213948,-22.79549,0.9424909094620042,1.0
C3orf14,-0.07213948,-22.800924,0.9424909094620042,1.0
LCMT2,-0.07213948,-23.029015,0.9424909094620042,1.0
NUDT18,-0.07213948,-0.1463108,0.9424909094620042,1.0
RP11-624C23.1,-0.07213948,-22.811544,0.9424909094620042,1.0
BTLA,-0.07213948,-22.675507,0.9424909094620042,1.0
C15orf48,-0.07213948,-22.834913,0.9424909094620042,1.0
LMOD3,-0.07213948,-23.13303,0.9424909094620042,1.0
ARMC2,-0.07213948,-22.628944,0.9424909094620042,1.0
RP11-425D10.10,-0.07213948,-22.872013,0.9424909094620042,1.0
TRAF3IP2-AS1,-0.07213948,-22.798544,0.9424909094620042,1.0
RUSC1-AS1,-0.07213948,-22.62011,0.9424909094620042,1.0
CTC-550B14.7,-0.07213948,-22.633247,0.9424909094620042,1.0
GPR27,-0.07213948,-22.57894,0.9424909094620042,1.0
KCTD21,-0.07213948,-22.62011,0.9424909094620042,1.0
PCDH9,-0.07213948,-22.798203,0.9424909094620042,1.0
WDR35,-0.07213948,-22.418737,0.9424909094620042,1.0
AC092295.7,-0.07213948,-22.724964,0.9424909094620042,1.0
RP11-154J22.1,-0.07213948,-22.736689,0.9424909094620042,1.0
CEP152,-0.07213948,-22.701927,0.9424909094620042,1.0
ICOSLG,-0.07213948,-23.059832,0.9424909094620042,1.0
TMCC3,-0.07213948,-22.984566,0.9424909094620042,1.0
LDHD,-0.07213948,-22.023294,0.9424909094620042,1.0
FBXL20,-0.07213948,-23.082426,0.9424909094620042,1.0
ZWINT,-0.07213948,-22.44296,0.9424909094620042,1.0
RP11-803B1.8,-0.07213948,-22.838451,0.9424909094620042,1.0
IKBKG,-0.07213948,-22.757305,0.9424909094620042,1.0
DSE,-0.07213948,-22.805706,0.9424909094620042,1.0
HBEGF,-0.07213948,-22.81189,0.9424909094620042,1.0
CTB-43P18.1,-0.07213948,-22.799562,0.9424909094620042,1.0
CCL3L1,-0.07213948,-22.604338,0.9424909094620042,1.0
DCBLD2,-0.07213948,-22.73924,0.9424909094620042,1.0
CHGB,-0.07213948,-23.132036,0.9424909094620042,1.0
AGAP4,-0.07213948,-23.06875,0.9424909094620042,1.0
ARHGAP22,-0.07213948,-22.901136,0.9424909094620042,1.0
IGFBP6,-0.07213948,-22.810167,0.9424909094620042,1.0
C3orf52,-0.07213948,-22.696709,0.9424909094620042,1.0
CTD-2410N18.3,-0.07213948,-22.531746,0.9424909094620042,1.0
RP4-575N6.4,-0.07213948,-22.792446,0.9424909094620042,1.0
MYLK-AS1,-0.07213948,-22.639301,0.9424909094620042,1.0
RP11-162A12.2,-0.07213948,-22.845924,0.9424909094620042,1.0
LINC00894,-0.07213948,-22.628658,0.9424909094620042,1.0
SNPH,-0.07213948,-23.227451,0.9424909094620042,1.0
SLC15A2,-0.07213948,-22.705935,0.9424909094620042,1.0
PPP1R14A,-0.07213948,-22.793121,0.9424909094620042,1.0
EGR2,-0.07213948,-22.991676,0.9424909094620042,1.0
FAM19A2,-0.07213948,-22.773722,0.9424909094620042,1.0
ZMYM6NB,-0.07213948,-22.628944,0.9424909094620042,1.0
PNMA5,-0.07213948,-22.441761,0.9424909094620042,1.0
MBOAT2,-0.07213948,-22.893204,0.9424909094620042,1.0
KLF5,-0.07213948,-22.800585,0.9424909094620042,1.0
LMO7,-0.07213948,-22.346233,0.9424909094620042,1.0
RP11-511B23.1,-0.07213948,-23.243319,0.9424909094620042,1.0
RMI1,-0.07213948,-22.701927,0.9424909094620042,1.0
ZNF763,-0.07213948,-22.729383,0.9424909094620042,1.0
AC093391.2,-0.07213948,-22.940685,0.9424909094620042,1.0
HNMT,-0.07213948,-22.940685,0.9424909094620042,1.0
RFPL1S,-0.07213948,-22.886086,0.9424909094620042,1.0
NEFH,-0.07213948,-22.729383,0.9424909094620042,1.0
DHCR24,-0.07213948,-22.80948,0.9424909094620042,1.0
LINC01135,-0.07213948,-22.475374,0.9424909094620042,1.0
DOCK7,-0.07213948,-22.628658,0.9424909094620042,1.0
CMTM5,-0.07213948,-22.72875,0.9424909094620042,1.0
PPT2-EGFL8,-0.07213948,-23.123146,0.9424909094620042,1.0
ASGR2,-0.07213948,-22.781368,0.9424909094620042,1.0
CLDN7,-0.07213948,-22.675507,0.9424909094620042,1.0
ZNF449,-0.07213948,-22.812578,0.9424909094620042,1.0
DDX26B,-0.07213948,-23.102772,0.9424909094620042,1.0
FSTL1,-0.07213948,-23.195591,0.9424909094620042,1.0
TEF,-0.07213948,-23.25982,0.9424909094620042,1.0
C11orf82,-0.07213948,-22.941479,0.9424909094620042,1.0
CCDC134,-0.07213948,-22.74052,0.9424909094620042,1.0
CTA-250D10.23,-0.07213948,-22.685446,0.9424909094620042,1.0
C1orf61,-0.07213948,-22.693348,0.9424909094620042,1.0
ZNF813,-0.07213948,-22.901136,0.9424909094620042,1.0
C11orf95,-0.07213948,-22.785046,0.9424909094620042,1.0
SPA17,-0.07213948,-22.834206,0.9424909094620042,1.0
ESAM,-0.07213948,-22.454304,0.9424909094620042,1.0
RP11-432I5.1,-0.07213948,-23.684858,0.9424909094620042,1.0
ZDHHC9,-0.07213948,-22.737007,0.9424909094620042,1.0
BCORL1,-0.07213948,-22.680313,0.9424909094620042,1.0
ME3,-0.07213948,-22.690605,0.9424909094620042,1.0
PAK3,-0.07213948,-22.798544,0.9424909094620042,1.0
TENM1,-0.07213948,-22.628658,0.9424909094620042,1.0
ACVR1C,-0.07213948,-22.72875,0.9424909094620042,1.0
RP11-327P2.5,-0.07213948,-23.077301,0.9424909094620042,1.0
TRAPPC12-AS1,-0.07213948,-22.915668,0.9424909094620042,1.0
UBAP1L,-0.07213948,-22.818808,0.9424909094620042,1.0
CCDC102B,-0.07213948,-23.328804,0.9424909094620042,1.0
PLS3,-0.07213948,-22.818808,0.9424909094620042,1.0
AP000350.4,-0.07213948,-23.407663,0.9424909094620042,1.0
SH3BP5L,-0.07213948,-22.785717,0.9424909094620042,1.0
TPO,-0.07213948,-22.54381,0.9424909094620042,1.0
PAPL,-0.07213948,-22.614166,0.9424909094620042,1.0
CTC-246B18.10,-0.07213948,-22.58963,0.9424909094620042,1.0
AC009120.10,-0.07213948,-22.696709,0.9424909094620042,1.0
ZNF19,-0.07213948,-22.986233,0.9424909094620042,1.0
ALDH7A1,-0.07213948,-22.737007,0.9424909094620042,1.0
MARCH3,-0.07213948,-23.100859,0.9424909094620042,1.0
SEMA4A,-0.07213948,-22.825426,0.9424909094620042,1.0
WBP2NL,-0.07213948,-23.182253,0.9424909094620042,1.0
ADAT2,-0.07213948,-22.984566,0.9424909094620042,1.0
TIAM2,-0.07213948,-23.147076,0.9424909094620042,1.0
CD1E,-0.07213948,-23.123146,0.9424909094620042,1.0
RNU11,-0.07213948,-22.675808,0.9424909094620042,1.0
ACVR1B,-0.07213948,-22.914127,0.9424909094620042,1.0
ZNF516,-0.07213948,-22.386562,0.9424909094620042,1.0
ACPP,-0.07213948,-22.71806,0.9424909094620042,1.0
PPP2R3A,-0.07213948,-22.818808,0.9424909094620042,1.0
RP11-731C17.2,-0.07213948,-22.793121,0.9424909094620042,1.0
TNNI2,-0.07213948,-22.66834,0.9424909094620042,1.0
PHLDA2,-0.07213948,-22.720879,0.9424909094620042,1.0
SMPD3,-0.07213948,-22.865788,0.9424909094620042,1.0
HAS3,-0.07213948,-22.834913,0.9424909094620042,1.0
AC010226.4,-0.07213948,-22.692432,0.9424909094620042,1.0
CTD-2287O16.5,-0.07213948,-22.85418,0.9424909094620042,1.0
LRRC20,-0.07213948,-22.639301,0.9424909094620042,1.0
SLAMF8,-0.07213948,-22.92848,0.9424909094620042,1.0
C1orf204,-0.07213948,-22.58963,0.9424909094620042,1.0
VSIG8,-0.07213948,-22.805706,0.9424909094620042,1.0
ZNF320,-0.07213948,-22.955475,0.9424909094620042,1.0
LINC00880,-0.07213948,-23.102772,0.9424909094620042,1.0
RP5-1091N2.9,-0.07213948,-22.862507,0.9424909094620042,1.0
ACRC,-0.07213948,-22.901136,0.9424909094620042,1.0
SPIN3,-0.07213948,-23.343754,0.9424909094620042,1.0
MTMR8,-0.07213948,-22.729383,0.9424909094620042,1.0
IL12A,-0.07213948,-22.452608,0.9424909094620042,1.0
CDH23,-0.07213948,-22.728436,0.9424909094620042,1.0
CXorf57,-0.07213948,-23.059832,0.9424909094620042,1.0
NUP62CL,-0.07213948,-22.692432,0.9424909094620042,1.0
LINC00630,-0.07213948,-22.44296,0.9424909094620042,1.0
ARHGEF11,-0.07213948,-23.229698,0.9424909094620042,1.0
MCC,-0.07213948,-22.825775,0.9424909094620042,1.0
GPR150,-0.07213948,-22.64017,0.9424909094620042,1.0
ELL2,-0.07213948,-22.986233,0.9424909094620042,1.0
ATP6V0A1,-0.07213948,-22.454304,0.9424909094620042,1.0
ARID1B,-0.07213948,-22.454304,0.9424909094620042,1.0
AP000769.7,-0.07213948,-22.674309,0.9424909094620042,1.0
RP11-486G15.2,-0.07213948,-22.886086,0.9424909094620042,1.0
SSX2IP,-0.07213948,-22.866882,0.9424909094620042,1.0
SNX33,-0.07213948,-22.881247,0.9424909094620042,1.0
ZNF396,-0.07213948,-22.559486,0.9424909094620042,1.0
PLD1,-0.07213948,-22.84521,0.9424909094620042,1.0
KDM4D,-0.07213948,-22.753405,0.9424909094620042,1.0
LGALS8-AS1,-0.07213948,-22.18496,0.9424909094620042,1.0
RP11-385F5.5,-0.07213948,-22.94705,0.9424909094620042,1.0
GREM2,-0.07213948,-22.799562,0.9424909094620042,1.0
RP11-261C10.3,-0.07213948,-22.54381,0.9424909094620042,1.0
CIT,-0.07213948,-22.84521,0.9424909094620042,1.0
DET1,-0.07213948,-22.783373,0.9424909094620042,1.0
TAF4B,-0.07213948,-22.710892,0.9424909094620042,1.0
SYDE2,-0.07213948,-22.668043,0.9424909094620042,1.0
RP11-131L23.1,-0.07213948,-22.737007,0.9424909094620042,1.0
RP11-588G21.2,-0.07213948,-22.614166,0.9424909094620042,1.0
MEN1,-0.07213948,-22.863235,0.9424909094620042,1.0
HSD17B1,-0.07213948,-22.18496,0.9424909094620042,1.0
TUBG2,-0.07213948,-22.838451,0.9424909094620042,1.0
SLC12A4,-0.07213948,-22.955475,0.9424909094620042,1.0
CAHM,-0.07213948,-23.13303,0.9424909094620042,1.0
PAXBP1-AS1,-0.07213948,-22.770746,0.9424909094620042,1.0
TRIM59,-0.07213948,-22.834206,0.9424909094620042,1.0
B3GALNT1,-0.07213948,-22.749846,0.9424909094620042,1.0
EDA,-0.07213948,-23.15368,0.9424909094620042,1.0
IL10RB-AS1,-0.07213948,-22.642487,0.9424909094620042,1.0
TMEM136,-0.07213948,-22.76712,0.9424909094620042,1.0
IFI30,-0.07213948,-22.668043,0.9424909094620042,1.0
RAB3A,-0.07213948,-23.18916,0.9424909094620042,1.0
SAMD4A,-0.07213948,-22.680313,0.9424909094620042,1.0
FAM72B,-0.07213948,-22.651226,0.9424909094620042,1.0
C17orf107,-0.07213948,-22.71931,0.9424909094620042,1.0
ALOX12,-0.07213948,-23.15368,0.9424909094620042,1.0
LINC00937,-0.07213948,-22.800924,0.9424909094620042,1.0
PLEK2,-0.07213948,-22.674309,0.9424909094620042,1.0
DACT1,-0.07213948,-22.820196,0.9424909094620042,1.0
WDR89,-0.07213948,-22.668043,0.9424909094620042,1.0
TMOD1,-0.07213948,-22.803995,0.9424909094620042,1.0
FNTB,-0.07213948,-22.781368,0.9424909094620042,1.0
KIF5C,-0.07213948,-22.730333,0.9424909094620042,1.0
PP13439,-0.07213948,-22.70285,0.9424909094620042,1.0
RAB31,-0.07213948,-22.825426,0.9424909094620042,1.0
KLHL25,-0.07213948,-22.718685,0.9424909094620042,1.0
C21orf49,-0.07213948,-22.84521,0.9424909094620042,1.0
CRYGS,-0.07213948,-23.110474,0.9424909094620042,1.0
ZNF710,-0.07213948,-22.782703,0.9424909094620042,1.0
SEMA4B,-0.07213948,-22.639301,0.9424909094620042,1.0
HOMER2,-0.07213948,-22.628658,0.9424909094620042,1.0
LAMP3,-0.07213948,-24.25687,0.9424909094620042,1.0
C6orf99,-0.07213948,-22.865788,0.9424909094620042,1.0
ZDHHC1,-0.07213948,-23.105652,0.9424909094620042,1.0
ENKD1,-0.07213948,-22.867615,0.9424909094620042,1.0
RANBP10,-0.07213948,-22.800924,0.9424909094620042,1.0
C11orf35,-0.07213948,-22.955475,0.9424909094620042,1.0
RP11-404F10.2,-0.07213948,-22.346233,0.9424909094620042,1.0
SIGLEC14,-0.07213948,-22.662998,0.9424909094620042,1.0
DVL3,-0.07213948,-22.692432,0.9424909094620042,1.0
RP5-1092A3.4,-0.07213948,-23.029015,0.9424909094620042,1.0
SEMA4F,-0.07213948,-22.730333,0.9424909094620042,1.0
MYOM1,-0.07213948,-22.782703,0.9424909094620042,1.0
FOXP3,-0.07213948,-22.303053,0.9424909094620042,1.0
PPP1R3F,-0.07213948,-22.75926,0.9424909094620042,1.0
IMPA2,-0.07213948,-22.531746,0.9424909094620042,1.0
CEP76,-0.07213948,-22.651226,0.9424909094620042,1.0
LINC00562,-0.07213948,-22.690605,0.9424909094620042,1.0
KNTC1,-0.07213948,-22.747908,0.9424909094620042,1.0
HCAR2,-0.07213948,-23.082426,0.9424909094620042,1.0
RP1-111C20.4,-0.07213948,-22.702234,0.9424909094620042,1.0
RP11-13P5.1,-0.07213948,-22.84807,0.9424909094620042,1.0
PDE8B,-0.07213948,-22.72654,0.9424909094620042,1.0
LHFPL2,-0.07213948,-22.773722,0.9424909094620042,1.0
MCTP1,-0.07213948,-22.834913,0.9424909094620042,1.0
DLG5,-0.07213948,-22.675808,0.9424909094620042,1.0
AC006129.1,-0.07213948,-22.793121,0.9424909094620042,1.0
AC006129.4,-0.07213948,-22.693653,0.9424909094620042,1.0
IDUA,-0.07213948,-22.559486,0.9424909094620042,1.0
HIST3H2A,-0.07213948,-22.023294,0.9424909094620042,1.0
RHOU,-0.07213948,-22.798203,0.9424909094620042,1.0
RP11-573D15.9,-0.07213948,-22.611067,0.9424909094620042,1.0
AC022498.1,-0.07213948,-23.195591,0.9424909094620042,1.0
RP11-386G11.5,-0.07213948,-22.631523,0.9424909094620042,1.0
PTPRM,-0.07213948,-22.81189,0.9424909094620042,1.0
ANKRD34B,-0.07213948,-22.696709,0.9424909094620042,1.0
MICALL2,-0.07213948,-22.85418,0.9424909094620042,1.0
RILPL1,-0.07213948,-22.915668,0.9424909094620042,1.0
BCL7A,-0.07213948,-22.72654,0.9424909094620042,1.0
MB21D2,-0.07213948,-22.902275,0.9424909094620042,1.0
UXT-AS1,-0.07213948,-23.059832,0.9424909094620042,1.0
ZNF630,-0.07213948,-22.418737,0.9424909094620042,1.0
TSPAN7,-0.07213948,-23.105652,0.9424909094620042,1.0
RP11-265P11.2,-0.07213948,-22.702234,0.9424909094620042,1.0
TLR5,-0.07213948,-22.782703,0.9424909094620042,1.0
PCSK6,-0.07213948,-22.850222,0.9424909094620042,1.0
FBXO45,-0.07213948,-22.805706,0.9424909094620042,1.0
SECTM1,-0.07213948,-22.819849,0.9424909094620042,1.0
CXorf21,-0.07213948,-22.803995,0.9424909094620042,1.0
TAB3,-0.07213948,-22.72875,0.9424909094620042,1.0
FAM89A,-0.07213948,-22.611067,0.9424909094620042,1.0
RP11-506M13.3,-0.07213948,-22.808792,0.9424909094620042,1.0
DOK4,-0.07213948,-22.901136,0.9424909094620042,1.0
FCHO2,-0.07213948,-22.676407,0.9424909094620042,1.0
TPPP3,-0.07213948,-22.812578,0.9424909094620042,1.0
CTPS2,-0.07213948,-22.738922,0.9424909094620042,1.0
ZNF718,-0.07213948,-23.005222,0.9424909094620042,1.0
CPLX1,-0.07213948,-22.728436,0.9424909094620042,1.0
KLHL15,-0.07213948,-22.18496,0.9424909094620042,1.0
POLA1,-0.07213948,-22.72654,0.9424909094620042,1.0
RP11-367J11.2,-0.07213948,-22.800924,0.9424909094620042,1.0
RP11-367J11.3,-0.07213948,-22.799562,0.9424909094620042,1.0
BAIAP2,-0.07213948,-22.454304,0.9424909094620042,1.0
FBXL16,-0.07213948,-23.123146,0.9424909094620042,1.0
TRMT44,-0.07213948,-22.77571,0.9424909094620042,1.0
TAPT1,-0.07213948,-22.73924,0.9424909094620042,1.0
RP11-5C23.1,-0.07213948,-22.968058,0.9424909094620042,1.0
LACC1,-0.07213948,-22.58963,0.9424909094620042,1.0
ENAH,-0.07213948,-22.88945,0.9424909094620042,1.0
RP11-326C3.2,-0.07213948,-22.690605,0.9424909094620042,1.0
GPR146,-0.07213948,-22.18496,0.9424909094620042,1.0
CEACAM4,-0.07213948,-22.81396,0.9424909094620042,1.0
CEACAM3,-0.07213948,-22.665665,0.9424909094620042,1.0
FLJ27365,-0.07213948,-22.749846,0.9424909094620042,1.0
SLC35F2,-0.07213948,-22.746943,0.9424909094620042,1.0
PHKA2,-0.07213948,-22.840935,0.9424909094620042,1.0
AC144652.1,-0.07213948,-23.169136,0.9424909094620042,1.0
TAPT1-AS1,-0.07213948,-22.812578,0.9424909094620042,1.0
RP3-402G11.25,-0.07213948,-22.80948,0.9424909094620042,1.0
CTD-2047H16.4,-0.07213948,-22.023294,0.9424909094620042,1.0
RP11-36B15.1,-0.07213948,-22.761873,0.9424909094620042,1.0
TLR10,-0.07213948,-22.454304,0.9424909094620042,1.0
CEACAM1,-0.07213948,-22.303053,0.9424909094620042,1.0
RP11-402D21.2,-0.07213948,-22.685446,0.9424909094620042,1.0
SLC35G1,-0.07213948,-22.914127,0.9424909094620042,1.0
NOP14,-0.07213948,-22.738922,0.9424909094620042,1.0
GRK4,-0.07213948,-22.834913,0.9424909094620042,1.0
CTD-2020K17.4,-0.07213948,-22.676407,0.9424909094620042,1.0
NBL1,-0.07213948,-22.611067,0.9424909094620042,1.0
CHST15,-0.07213948,-22.717434,0.9424909094620042,1.0
NUF2,-0.07213948,-22.68696,0.9424909094620042,1.0
CITF22-92A6.1,-0.07213948,-22.737965,0.9424909094620042,1.0
TLR6,-0.07213948,-23.073593,0.9424909094620042,1.0
WDR19,-0.07213948,-22.803995,0.9424909094620042,1.0
KLB,-0.07213948,-22.680313,0.9424909094620042,1.0
AL020996.1,-0.07213948,-22.818808,0.9424909094620042,1.0
INPP5A,-0.07213948,-22.940685,0.9424909094620042,1.0
SPIB,-0.07213948,-22.651226,0.9424909094620042,1.0
SCIN,-0.07213948,-22.71806,0.9424909094620042,1.0
NETO2,-0.07213948,-22.872013,0.9424909094620042,1.0
ZNF467,-0.07213948,-22.628658,0.9424909094620042,1.0
ZNF223-1,-0.07213948,-22.303053,0.9424909094620042,1.0
ZNF284,-0.07213948,-22.796507,0.9424909094620042,1.0
OTUD3,-0.07213948,-22.454304,0.9424909094620042,1.0
ANKRD55,-0.07213948,-22.809135,0.9424909094620042,1.0
SETD9,-0.07213948,-22.785717,0.9424909094620042,1.0
LIPE-AS1,-0.07213948,-22.941479,0.9424909094620042,1.0
SEC14L1,-0.07213948,-0.18906607,0.9424909094620042,1.0
ZNF189,-0.07213948,-22.628658,0.9424909094620042,1.0
RP11-977G19.12,-0.07213948,-22.786053,0.9424909094620042,1.0
HMGA1P4,-0.07213948,-22.454304,0.9424909094620042,1.0
PLCH2,-0.07213948,-22.879765,0.9424909094620042,1.0
MMEL1,-0.07213948,-22.748232,0.9424909094620042,1.0
AP001046.5,-0.07213948,-23.029015,0.9424909094620042,1.0
U47924.31,-0.07213948,-23.182781,0.9424909094620042,1.0
CD163,-0.07213948,-22.811201,0.9424909094620042,1.0
CTD-3195I5.1,-0.07213948,-22.893204,0.9424909094620042,1.0
RP11-430H10.1,-0.07213948,-22.662998,0.9424909094620042,1.0
SYCP3,-0.07213948,-22.73924,0.9424909094620042,1.0
AL136376.1,-0.07213948,-23.155212,0.9424909094620042,1.0
ZSCAN22,-0.07213948,-22.798203,0.9424909094620042,1.0
TGM1,-0.07213948,-22.023294,0.9424909094620042,1.0
RP11-61J19.4,-0.07213948,-22.74052,0.9424909094620042,1.0
TLL2,-0.07213948,-22.559486,0.9424909094620042,1.0
RASL11A,-0.07213948,-23.179611,0.9424909094620042,1.0
SCD,-0.07213948,-23.17698,0.9424909094620042,1.0
CR2,-0.07213948,-22.454304,0.9424909094620042,1.0
SLC45A3,-0.07213948,-23.073593,0.9424909094620042,1.0
JHDM1D-AS1,-0.07213948,-22.812578,0.9424909094620042,1.0
TEC,-0.07213948,-22.732553,0.9424909094620042,1.0
ZNF425,-0.07213948,-23.005222,0.9424909094620042,1.0
RP11-413H22.2,-0.07213948,-23.123146,0.9424909094620042,1.0
NT5C3A,-0.07213948,-0.078664914,0.9424909094620042,1.0
SEPP1,-0.07213948,-22.74052,0.9424909094620042,1.0
RP11-798G7.6,-0.07213948,-22.85418,0.9424909094620042,1.0
ZNF282,-0.07213948,-23.182781,0.9424909094620042,1.0
TMPRSS11E,-0.07213948,-22.346233,0.9424909094620042,1.0
MMP25,-0.07213948,-22.611067,0.9424909094620042,1.0
FAM129C,-0.07213948,-22.454304,0.9424909094620042,1.0
STXBP1,-0.07213948,-22.760893,0.9424909094620042,1.0
LINC00957,-0.07213948,-22.75926,0.9424909094620042,1.0
ZNF646,-0.07213948,-22.733189,0.9424909094620042,1.0
RP11-1079K10.4,-0.07213948,-22.84807,0.9424909094620042,1.0
CTD-2023M8.1,-0.07213948,-22.984566,0.9424909094620042,1.0
FAM47E-STBD1-1,-0.07213948,-23.102772,0.9424909094620042,1.0
TIGD7,-0.07213948,-22.871279,0.9424909094620042,1.0
MXRA7,-0.07213948,-22.793121,0.9424909094620042,1.0
CXCL9,-0.07213948,-22.796507,0.9424909094620042,1.0
HOXA5,-0.07213948,-22.18496,0.9424909094620042,1.0
FKBP14,-0.07213948,-22.886086,0.9424909094620042,1.0
LINC00265,-0.07213948,-22.665665,0.9424909094620042,1.0
RP11-452L6.1,-0.07213948,-22.915668,0.9424909094620042,1.0
ZNRF2,-0.07213948,-22.863235,0.9424909094620042,1.0
CALD1,-0.07213948,-22.901136,0.9424909094620042,1.0
EPHB6,-0.07213948,-22.746943,0.9424909094620042,1.0
CCNF,-0.07213948,-23.123146,0.9424909094620042,1.0
IGFBP3,-0.07213948,-23.123146,0.9424909094620042,1.0
BASP1,-0.07213948,-22.454304,0.9424909094620042,1.0
AP000254.8,-0.07213948,-22.738922,0.9424909094620042,1.0
RP5-930J4.4,-0.07213948,-22.720879,0.9424909094620042,1.0
RTN4R,-0.07213948,-22.866882,0.9424909094620042,1.0
PSD,-0.07213948,-22.724964,0.9424909094620042,1.0
TMEM180,-0.07213948,-22.696709,0.9424909094620042,1.0
C19orf83,-0.07213948,-22.749846,0.9424909094620042,1.0
RP11-448A19.1,-0.07213948,-22.70841,0.9424909094620042,1.0
RP11-179B2.2,-0.07213948,-22.773722,0.9424909094620042,1.0
LZTS2,-0.07213948,-22.303053,0.9424909094620042,1.0
PDZD7,-0.07213948,-22.798544,0.9424909094620042,1.0
C22orf43,-0.07213948,-22.737965,0.9424909094620042,1.0
MEFV,-0.07213948,-22.845924,0.9424909094620042,1.0
SVOPL,-0.07213948,-22.943464,0.9424909094620042,1.0
CXCL2,-0.07213948,-22.916824,0.9424909094620042,1.0
ZNF837,-0.07213948,-22.668043,0.9424909094620042,1.0
FAM132A,-0.07213948,-22.76712,0.9424909094620042,1.0
FAM66C,-0.07213948,-22.66834,0.9424909094620042,1.0
WNT2B,-0.07213948,-22.68696,0.9424909094620042,1.0
RP11-426L16.3,-0.07213948,-22.818808,0.9424909094620042,1.0
PPM1J,-0.07213948,-22.696709,0.9424909094620042,1.0
LPHN1,-0.07213948,-22.292719,0.9424909094620042,1.0
RP11-803D5.4,-0.07213948,-23.155212,0.9424909094620042,1.0
RP11-1399P15.1,-0.07213948,-22.88945,0.9424909094620042,1.0
EIF2AK3,-0.07213948,-22.023294,0.9424909094620042,1.0
AC005253.4,-0.07213948,-22.633247,0.9424909094620042,1.0
SLX4,-0.07213948,-22.628658,0.9424909094620042,1.0
LIN54,-0.07213948,-23.20072,0.9424909094620042,1.0
HPSE,-0.07213948,-22.783373,0.9424909094620042,1.0
RP11-274B21.10,-0.07213948,-23.110474,0.9424909094620042,1.0
ZNF70,-0.07213948,-23.155212,0.9424909094620042,1.0
PTPN13,-0.07213948,-22.845924,0.9424909094620042,1.0
RP11-22N19.2,-0.07213948,-22.81396,0.9424909094620042,1.0
TTYH2,-0.07213948,-22.834913,0.9424909094620042,1.0
CAPS2,-0.07213948,-22.872013,0.9424909094620042,1.0
RP3-329E20.2,-0.07213948,-22.781368,0.9424909094620042,1.0
XYLT2,-0.07213948,-23.082426,0.9424909094620042,1.0
GPRC5C,-0.07213948,-22.761873,0.9424909094620042,1.0
THAP5,-0.07213948,-22.867615,0.9424909094620042,1.0
SOX13,-0.07213948,-23.691057,0.9424909094620042,1.0
TMCC2,-0.07213948,-22.94705,0.9424909094620042,1.0
MFSD4,-0.07213948,-22.668043,0.9424909094620042,1.0
FGF9,-0.07213948,-22.71806,0.9424909094620042,1.0
CCDC157,-0.07213948,-22.023294,0.9424909094620042,1.0
PODN,-0.07213948,-22.817766,0.9424909094620042,1.0
ZBTB39,-0.07213948,-22.867615,0.9424909094620042,1.0
A1BG-AS1,-0.07213948,-22.718685,0.9424909094620042,1.0
IPO9-AS1,-0.07213948,-22.76712,0.9424909094620042,1.0
RNF43,-0.07213948,-22.44296,0.9424909094620042,1.0
PALB2,-0.07213948,-22.696709,0.9424909094620042,1.0
INTU,-0.07213948,-22.828226,0.9424909094620042,1.0
NPIPB4,-0.07213948,-22.720879,0.9424909094620042,1.0
RP11-680G24.5,-0.07213948,-22.023294,0.9424909094620042,1.0
RP11-728F11.4,-0.07213948,-22.933578,0.9424909094620042,1.0
RP11-388M20.6,-0.07213948,-22.732235,0.9424909094620042,1.0
RP11-388M20.1,-0.07213948,-22.850222,0.9424909094620042,1.0
RP11-56G10.2,-0.07213948,-22.702234,0.9424909094620042,1.0
CEP112,-0.07213948,-22.718685,0.9424909094620042,1.0
RP11-73K9.2,-0.07213948,-22.728436,0.9424909094620042,1.0
RP11-395B7.4,-0.07213948,-23.15368,0.9424909094620042,1.0
SH2B2,-0.07213948,-22.728436,0.9424909094620042,1.0
UFSP1,-0.07213948,-22.803995,0.9424909094620042,1.0
XYLT1,-0.07213948,-22.71931,0.9424909094620042,1.0
WWC2,-0.07213948,-22.64017,0.9424909094620042,1.0
RP5-1057J7.6,-0.07213948,-22.955475,0.9424909094620042,1.0
PRR11,-0.07213948,-22.75926,0.9424909094620042,1.0
YPEL2,-0.07213948,-22.798544,0.9424909094620042,1.0
SFXN2,-0.07213948,-22.733505,0.9424909094620042,1.0
RP11-57H14.2,-0.07213948,-22.692432,0.9424909094620042,1.0
CTC-273B12.10,-0.07213948,-22.888702,0.9424909094620042,1.0
CAMSAP2,-0.07213948,-22.834913,0.9424909094620042,1.0
RP11-134G8.7,-0.07213948,-22.73924,0.9424909094620042,1.0
RPS10P7,-0.07213948,-22.809135,0.9424909094620042,1.0
NAV1,-0.07213948,-22.834913,0.9424909094620042,1.0
TNS3,-0.07213948,-22.825426,0.9424909094620042,1.0
GRB10,-0.07213948,-22.838451,0.9424909094620042,1.0
KIAA0947,-0.07213948,-0.15860549,0.9424909094620042,1.0
PRRT2,-0.07213948,-22.72654,0.9424909094620042,1.0
PAGR1,-0.07213948,-22.718685,0.9424909094620042,1.0
XXbac-B135H6.18,-0.07213948,-22.810167,0.9424909094620042,1.0
ZNF2,-0.07213948,-22.820196,0.9424909094620042,1.0
LINC00342,-0.07213948,-23.168097,0.9424909094620042,1.0
NCAPH,-0.07213948,-22.72875,0.9424909094620042,1.0
ANKRD23,-0.07213948,-22.764494,0.9424909094620042,1.0
PTGS1,-0.07213948,-23.195591,0.9424909094620042,1.0
CLEC1B,-0.07213948,-22.441761,0.9424909094620042,1.0
AP006222.2,-0.07213948,-22.475374,0.9424909094620042,1.0
LRP6,-0.07213948,-22.800585,0.9424909094620042,1.0
DVL1,-0.07213948,-22.696709,0.9424909094620042,1.0
MS4A4A,-0.07213948,-22.68696,0.9424909094620042,1.0
RP5-1074L1.4,-0.07213948,-22.771406,0.9424909094620042,1.0
USP9Y,-0.07213948,-22.023294,0.9424909094620042,1.0
RP5-892K4.1,-0.07213948,-23.072206,0.9424909094620042,1.0
ARHGAP5-AS1,-0.07213948,-22.346233,0.9424909094620042,1.0
KCNN1,-0.07213948,-22.81189,0.9424909094620042,1.0
CLEC17A,-0.07213948,-22.303053,0.9424909094620042,1.0
STRN3,-0.07213948,-23.110716,0.9424909094620042,1.0
B3GALT2,-0.07213948,-22.748232,0.9424909094620042,1.0
CRB1,-0.07213948,-22.62011,0.9424909094620042,1.0
MIR4453,-0.07213948,-22.696709,0.9424909094620042,1.0
CDK14,-0.07213948,-22.737965,0.9424909094620042,1.0
PHLDB1,-0.07213948,-22.70285,0.9424909094620042,1.0
RP11-159D12.2,-0.07213948,-22.680313,0.9424909094620042,1.0
HIC2,-0.07213948,-22.692432,0.9424909094620042,1.0
KCNMB4,-0.07213948,-22.805706,0.9424909094620042,1.0
TULP2,-0.07213948,-22.773722,0.9424909094620042,1.0
KIAA1324L,-0.07213948,-22.901136,0.9424909094620042,1.0
NPIPB6,-0.07213948,-22.888702,0.9424909094620042,1.0
CASD1,-0.07213948,-22.44296,0.9424909094620042,1.0
PLA2G4C,-0.07213948,-22.800585,0.9424909094620042,1.0
KCNJ14,-0.07213948,-23.343754,0.9424909094620042,1.0
RUSC1,-0.0725232,-0.20589335,0.942185544554266,1.0
METTL25,-0.0725232,-0.21849668,0.942185544554266,1.0
TEFM,-0.0725232,-0.15244055,0.942185544554266,1.0
CCL3L3,-0.0725232,-0.25532404,0.942185544554266,1.0
SPATA20,-0.07290692,-0.14992726,0.9418801881443016,1.0
TBC1D14,-0.07290692,-0.14253101,0.9418801881443016,1.0
PTPLB,-0.07329064,-0.23592816,0.9415748402768346,1.0
GMDS-AS1,-0.07329064,-0.3015981,0.9415748402768346,1.0
MYO19,-0.07329064,-0.43858162,0.9415748402768346,1.0
STK11,-0.07329064,-0.27604052,0.9415748402768346,1.0
EFHC1,-0.07329064,-0.26822224,0.9415748402768346,1.0
RMND5B,-0.07329064,-0.31289628,0.9415748402768346,1.0
ZZEF1,-0.07329064,-0.3176249,0.9415748402768346,1.0
AVL9,-0.07329064,-0.20327856,0.9415748402768346,1.0
PEX7,-0.07329064,-0.2240768,0.9415748402768346,1.0
AQR,-0.07329064,-0.37043184,0.9415748402768346,1.0
ID3,-0.07329064,-0.2777865,0.9415748402768346,1.0
RPS6KA4,-0.07367436,-0.1523686,0.9412695009965845,1.0
CYP4V2,-0.07367436,-0.2361615,0.9412695009965845,1.0
HSPH1,-0.07405808,-0.27116507,0.9409641703482671,1.0
GTF2H2,-0.07405808,-0.59955513,0.9409641703482671,1.0
C12orf66,-0.07405808,-0.31352657,0.9409641703482671,1.0
KDM7A,-0.07405808,-0.33194327,0.9409641703482671,1.0
ZBTB11,-0.07405808,-0.38299346,0.9409641703482671,1.0
LBH,-0.07405808,-0.057597447,0.9409641703482671,1.0
INTS8,-0.07405808,-0.32263967,0.9409641703482671,1.0
MLYCD,-0.07405808,-0.25719157,0.9409641703482671,1.0
ZNF792,-0.07405808,-0.3324398,0.9409641703482671,1.0
PPIP5K2,-0.07405808,-0.30879945,0.9409641703482671,1.0
ASXL2,-0.07405808,-0.18117931,0.9409641703482671,1.0
C14orf93,-0.07405808,-0.28740257,0.9409641703482671,1.0
FAM199X,-0.07405808,-0.28014225,0.9409641703482671,1.0
LMBR1L,-0.0744418,-0.1934655,0.9406588483765946,1.0
FAM120B,-0.0744418,-0.12831913,0.9406588483765946,1.0
ZDHHC7,-0.0744418,-0.16428374,0.9406588483765946,1.0
EEA1,-0.0744418,-0.32774687,0.9406588483765946,1.0
TMCO4,-0.074825525,-0.2532375,0.9403535351262752,1.0
ATF2,-0.074825525,-0.3455721,0.9403535351262752,1.0
MBTPS1,-0.074825525,-0.07749198,0.9403535351262752,1.0
MRI1,-0.074825525,-0.30742303,0.9403535351262752,1.0
POLG,-0.074825525,-0.04140544,0.9403535351262752,1.0
TOM1L2,-0.074825525,-0.3404088,0.9403535351262752,1.0
MVB12A,-0.074825525,-0.066084065,0.9403535351262752,1.0
PDE6B,-0.074825525,-0.43860522,0.9403535351262752,1.0
CISD2,-0.075209245,-0.118788876,0.9400482306420131,1.0
FCHSD1,-0.075209245,-0.40471053,0.9400482306420131,1.0
SYTL2,-0.075209245,-0.20270401,0.9400482306420131,1.0
TMEM41A,-0.075209245,-0.06662752,0.9400482306420131,1.0
OPN3,-0.075592965,-0.31054154,0.939742934968509,1.0
ODF3B,-0.075592965,-0.5177814,0.939742934968509,1.0
ZFP82,-0.075592965,-0.43695283,0.939742934968509,1.0
NAA25,-0.075592965,-0.5349379,0.939742934968509,1.0
ORMDL3,-0.075976685,-0.028259732,0.9394376481504595,1.0
SLC31A2,-0.076360404,-0.38291895,0.9391323702325574,1.0
MYCBP,-0.076360404,-0.13061339,0.9391323702325574,1.0
PELP1,-0.076360404,-0.36911613,0.9391323702325574,1.0
KMT2B,-0.076360404,-0.566245,0.9391323702325574,1.0
OTUD6B,-0.076360404,-0.40011534,0.9391323702325574,1.0
BICD2,-0.076360404,-0.43434507,0.9391323702325574,1.0
PPAP2A,-0.076360404,-0.428831,0.9391323702325574,1.0
G2E3,-0.076360404,-0.32053864,0.9391323702325574,1.0
PATZ1,-0.076360404,-0.3944903,0.9391323702325574,1.0
SMUG1,-0.076744124,-0.1586929,0.9388271012594912,1.0
MORC3,-0.076744124,-0.19471262,0.9388271012594912,1.0
ATP1A1,-0.076744124,-0.021383027,0.9388271012594912,1.0
NOC4L,-0.077127844,-0.18488215,0.9385218412759461,1.0
SFXN4,-0.077127844,-0.35093984,0.9385218412759461,1.0
GOT1,-0.077127844,-0.46002758,0.9385218412759461,1.0
MTMR6,-0.07789528,-0.37588915,0.9379113484561381,1.0
RP6-109B7.3,-0.07789528,-0.5637127,0.9379113484561381,1.0
ZNF222,-0.07789528,-0.44608644,0.9379113484561381,1.0
NAA30,-0.07789528,-0.45247245,0.9379113484561381,1.0
MPI,-0.07827901,-0.15107603,0.9376061157092253,1.0
LINC00324,-0.07827901,-0.14424092,0.9376061157092253,1.0
C12orf65,-0.07827901,-0.099676184,0.9376061157092253,1.0
TMEM101,-0.07827901,-0.05936695,0.9376061157092253,1.0
AGPS,-0.07866273,-0.52469,0.9373008921305329,1.0
TARBP1,-0.07866273,-0.664992,0.9373008921305329,1.0
C2orf74,-0.07866273,-0.62451017,0.9373008921305329,1.0
DCTN1,-0.07904645,-0.19890042,0.936995677764726,1.0
CNOT6L,-0.07904645,-0.053256687,0.936995677764726,1.0
SHPRH,-0.07904645,-0.18543793,0.936995677764726,1.0
TAOK3,-0.07904645,-0.11504024,0.936995677764726,1.0
BBS4,-0.07904645,-0.4573914,0.936995677764726,1.0
TXNRD1,-0.07943017,-0.57034254,0.9366904726564653,1.0
TUBB2A,-0.07943017,-0.46617225,0.9366904726564653,1.0
ZNF568,-0.07943017,-0.67369986,0.9366904726564653,1.0
RP11-94L15.2,-0.07981389,-0.06286311,0.9363852768504074,1.0
C9orf156,-0.07981389,-0.21200742,0.9363852768504074,1.0
CD79A,-0.08019761,-0.66984767,0.936080090391205,1.0
RARG,-0.08096505,-0.43010283,0.9354697456919566,1.0
CDCA7,-0.08096505,-0.8273234,0.9354697456919566,1.0
THAP9-AS1,-0.08134877,-0.022779046,0.935164587541195,1.0
TFDP1,-0.08134877,-0.2519875,0.935164587541195,1.0
TBCD,-0.08211622,-0.25480196,0.9345542998605771,1.0
GINM1,-0.08211622,-0.1975004,0.9345542998605771,1.0
TMEM115,-0.08211622,-0.2636593,0.9345542998605771,1.0
EXOC4,-0.082499936,-0.10952044,0.9342491704199803,1.0
EXT2,-0.082499936,-0.2821485,0.9342491704199803,1.0
PHF1,-0.082883656,-0.10050796,0.9339440506386908,1.0
RGS2,-0.082883656,-0.10751208,0.9339440506386908,1.0
MFSD11,-0.082883656,0.061131395,0.9339440506386908,1.0
C16orf87,-0.083267376,-0.13812599,0.9336389405613276,1.0
TMEM204,-0.083651096,-0.029765151,0.9333338402325054,1.0
TMEM57,-0.083651096,-0.2839889,0.9333338402325054,1.0
SCAMP3,-0.084418535,-0.09646731,0.9327236689989226,1.0
HDAC2,-0.084418535,-0.08748127,0.9327236689989226,1.0
RICTOR,-0.084802255,-0.096449316,0.9324185981833698,1.0
UBE2K,-0.08518598,-0.04409142,0.9321135372947744,1.0
SERBP1,-0.08518598,-0.054791667,0.9321135372947744,1.0
TCTN3,-0.08672086,-0.08032978,0.9308933939017623,1.0
COMMD5,-0.08710458,-0.13270994,0.9305883833167622,1.0
KMT2E-AS1,-0.0874883,-0.0033841631,0.9302833829262119,1.0
POLE4,-0.0874883,-0.059609998,0.9302833829262119,1.0
BIRC3,-0.08825574,-0.011950001,0.9296734129067223,1.0
CEPT1,-0.08979063,-0.13487925,0.9284535971617631,1.0
IVD,-0.08979063,-0.09225019,0.9284535971617631,1.0
S100A4,-0.08979063,-0.013101296,0.9284535971617631,1.0
CBR4,-0.08979063,-0.34953538,0.9284535971617631,1.0
BTN2A1,-0.09055807,-0.18982849,0.9278437521490297,1.0
RAP1GDS1,-0.09055807,-0.20587312,0.9278437521490297,1.0
TBC1D9B,-0.09055807,-0.045421403,0.9278437521490297,1.0
TREX1,-0.09055807,0.010005096,0.9278437521490297,1.0
MAP4K1,-0.09055807,-0.047769442,0.9278437521490297,1.0
PLEKHF2,-0.09094179,-0.3216374,0.9275388455134742,1.0
DARS,-0.09132551,-0.09531562,0.927233949517828,1.0
KLHL36,-0.09170923,-0.18487091,0.9269290642066117,1.0
COG2,-0.09170923,-0.15441519,0.9269290642066117,1.0
CDK17,-0.09170923,-0.1949686,0.9269290642066117,1.0
CDKN1B,-0.09209295,-0.1736306,0.926624189624341,1.0
MOSPD1,-0.09209295,-0.084188454,0.926624189624341,1.0
ANKRD13C,-0.09209295,-0.12551986,0.926624189624341,1.0
ZNF652,-0.09209295,-0.21244755,0.926624189624341,1.0
SCOC,-0.09247667,-0.114757724,0.9263193258155269,1.0
UBXN2A,-0.09286039,-0.05446477,0.9260144728246759,1.0
ANKH,-0.09286039,-0.1050626,0.9260144728246759,1.0
PIGF,-0.09362783,-0.21434535,0.925404799474864,1.0
TAF15,-0.09362783,-0.050344184,0.925404799474864,1.0
QRICH1,-0.09362783,-0.22660191,0.925404799474864,1.0
ZNF263,-0.09362783,-0.19577834,0.925404799474864,1.0
ZCCHC11,-0.09439527,-0.13323152,0.9247951699308603,1.0
FOXJ3,-0.09439527,-0.19412433,0.9247951699308603,1.0
ISG20L2,-0.09439527,-0.1803385,0.9247951699308603,1.0
CETN3,-0.09516271,-0.4204031,0.9241855845485424,1.0
DDX52,-0.09516271,-0.09590856,0.9241855845485424,1.0
HEXIM2,-0.09516271,-0.484121,0.9241855845485424,1.0
TFCP2,-0.09516271,-0.37195814,0.9241855845485424,1.0
FABP5,-0.09516271,-0.38476428,0.9241855845485424,1.0
POLB,-0.09516271,-0.37482914,0.9241855845485424,1.0
TBC1D2,-0.09516271,-0.23458993,0.9241855845485424,1.0
C3orf62,-0.09516271,-0.52193457,0.9241855845485424,1.0
GGT1,-0.09516271,-0.43141553,0.9241855845485424,1.0
ANKZF1,-0.09516271,-0.14229895,0.9241855845485424,1.0
ZNF583,-0.09516271,-0.24698108,0.9241855845485424,1.0
NUPL1,-0.09516271,-0.5254931,0.9241855845485424,1.0
APITD1,-0.09516271,-0.38544288,0.9241855845485424,1.0
DUS4L,-0.09516271,-0.43734175,0.9241855845485424,1.0
PPP1R16A,-0.09516271,-0.40503612,0.9241855845485424,1.0
TNKS,-0.09516271,-0.492804,0.9241855845485424,1.0
SLC35E1,-0.09516271,-0.05752007,0.9241855845485424,1.0
PLD4,-0.09516271,-0.34679845,0.9241855845485424,1.0
RP11-296O14.3,-0.09516271,-0.5182969,0.9241855845485424,1.0
SLC40A1,-0.09516271,-0.28112006,0.9241855845485424,1.0
ZXDC,-0.09593016,-0.44423532,0.9235760436837104,1.0
METRNL,-0.09593016,-0.4285445,0.9235760436837104,1.0
ZNF747,-0.09593016,-0.48380214,0.9235760436837104,1.0
MAPK8IP3,-0.09593016,-0.49934426,0.9235760436837104,1.0
LCOR,-0.09593016,-0.24573737,0.9235760436837104,1.0
FAM221A,-0.09593016,-0.5071904,0.9235760436837104,1.0
RC3H1,-0.09593016,-0.3597712,0.9235760436837104,1.0
ZNF354B,-0.09593016,-0.313158,0.9235760436837104,1.0
GZF1,-0.09593016,-0.35307673,0.9235760436837104,1.0
SLC8B1,-0.09593016,-0.37750015,0.9235760436837104,1.0
MTMR12,-0.09593016,-0.43734267,0.9235760436837104,1.0
OTUD1,-0.09593016,-0.13424781,0.9235760436837104,1.0
SSU72,-0.09631388,-0.014447757,0.9232712900565175,1.0
PWWP2A,-0.0966976,-0.095988944,0.9229665476920855,1.0
BACH2,-0.0966976,-0.19240126,0.9229665476920855,1.0
STX6,-0.0966976,-0.5700955,0.9229665476920855,1.0
CAMKK2,-0.0966976,-0.48378336,0.9229665476920855,1.0
ZBTB24,-0.0966976,-0.48971206,0.9229665476920855,1.0
VPS39,-0.0966976,-0.51154834,0.9229665476920855,1.0
ZBTB44,-0.0966976,-0.19324537,0.9229665476920855,1.0
PACSIN1,-0.0966976,-0.47162482,0.9229665476920855,1.0
FAM161B,-0.0966976,-0.5276087,0.9229665476920855,1.0
MCOLN1,-0.0966976,-0.6310405,0.9229665476920855,1.0
AGO1,-0.0966976,-0.58711356,0.9229665476920855,1.0
LINC01137,-0.0966976,-0.37803644,0.9229665476920855,1.0
LEPREL4,-0.0966976,-0.55786484,0.9229665476920855,1.0
TOP1MT,-0.0966976,-0.37816763,0.9229665476920855,1.0
RP11-343N15.5,-0.0966976,-0.5266756,0.9229665476920855,1.0
ENTPD1,-0.0966976,-0.54488987,0.9229665476920855,1.0
TTTY15,-0.0966976,-0.56915826,0.9229665476920855,1.0
ATAD3B,-0.0966976,-0.45349652,0.9229665476920855,1.0
TMEM206,-0.0966976,-0.5186006,0.9229665476920855,1.0
PAQR8,-0.0966976,-0.576916,0.9229665476920855,1.0
SAMD8,-0.0966976,-0.4867793,0.9229665476920855,1.0
C19orf82,-0.0966976,-0.49000406,0.9229665476920855,1.0
UBP1,-0.0966976,-0.56675225,0.9229665476920855,1.0
WDR27,-0.0966976,-0.56943625,0.9229665476920855,1.0
ZNF397,-0.0966976,-0.78085023,0.9229665476920855,1.0
ZFYVE26,-0.0966976,-0.4040534,0.9229665476920855,1.0
ZNF419,-0.0966976,-0.4275395,0.9229665476920855,1.0
PAFAH1B1,-0.0966976,-0.1450235,0.9229665476920855,1.0
WDR11,-0.0966976,-0.31011376,0.9229665476920855,1.0
TBCCD1,-0.0966976,-0.5105477,0.9229665476920855,1.0
HKR1,-0.0966976,-0.50695723,0.9229665476920855,1.0
MAP1LC3A,-0.0966976,-0.55527115,0.9229665476920855,1.0
RP11-398K22.12,-0.09746504,-0.55268353,0.9223570969293103,1.0
RP5-1073O3.7,-0.09746504,-0.43029037,0.9223570969293103,1.0
IKZF3,-0.09746504,-0.58102274,0.9223570969293103,1.0
ZNF141,-0.09746504,-0.58522266,0.9223570969293103,1.0
MYL5,-0.09746504,-0.45257884,0.9223570969293103,1.0
CTC-301O7.4,-0.09746504,-0.47826362,0.9223570969293103,1.0
ZNF512,-0.09746504,-0.5073309,0.9223570969293103,1.0
MZB1,-0.09746504,-0.5420363,0.9223570969293103,1.0
P2RY11,-0.09746504,-0.57520807,0.9223570969293103,1.0
SENP2,-0.09746504,-0.70820177,0.9223570969293103,1.0
TNFSF14,-0.09746504,-0.2960815,0.9223570969293103,1.0
RP5-1068E13.7,-0.09746504,-0.5078026,0.9223570969293103,1.0
PRICKLE4,-0.09746504,-0.5321302,0.9223570969293103,1.0
MSH3,-0.09746504,-0.26235408,0.9223570969293103,1.0
C8orf82,-0.09746504,-0.5185867,0.9223570969293103,1.0
CD200R1,-0.09746504,-0.65235186,0.9223570969293103,1.0
ZNF280D,-0.09746504,-0.5689385,0.9223570969293103,1.0
SERINC5,-0.09746504,-0.5323368,0.9223570969293103,1.0
CCP110,-0.09746504,-0.31233087,0.9223570969293103,1.0
AKT1S1,-0.09746504,-0.5220528,0.9223570969293103,1.0
EHBP1L1,-0.09746504,-0.4919181,0.9223570969293103,1.0
BTBD2,-0.09746504,-0.6227503,0.9223570969293103,1.0
SNX9,-0.09746504,-0.47079274,0.9223570969293103,1.0
TMEM63B,-0.09746504,-0.63820815,0.9223570969293103,1.0
MGAT5,-0.09746504,-0.44127738,0.9223570969293103,1.0
ITGA4,-0.09784876,-0.03879865,0.9220523886198579,1.0
APC,-0.09784876,-0.58399177,0.9220523886198579,1.0
PUS7L,-0.09823248,-0.64439464,0.9217476917509476,1.0
DNAJC25,-0.09823248,-0.5246699,0.9217476917509476,1.0
SLC43A3,-0.09823248,-0.5934874,0.9217476917509476,1.0
RP11-936I5.1,-0.09823248,-0.7284669,0.9217476917509476,1.0
NR1D1,-0.09823248,-0.5777725,0.9217476917509476,1.0
ORC2,-0.09823248,-0.54441327,0.9217476917509476,1.0
ZNF550,-0.09823248,-0.4993394,0.9217476917509476,1.0
KDM3B,-0.09823248,-0.6268384,0.9217476917509476,1.0
MAP3K3,-0.09823248,-0.5510326,0.9217476917509476,1.0
DOCK9,-0.09823248,-0.6525506,0.9217476917509476,1.0
EDC4,-0.09823248,-0.4686303,0.9217476917509476,1.0
SNHG10,-0.09823248,-0.66697174,0.9217476917509476,1.0
PMS1,-0.09823248,-0.16788349,0.9217476917509476,1.0
AGO4,-0.09823248,0.049264368,0.9217476917509476,1.0
NFYA,-0.09823248,-0.5779463,0.9217476917509476,1.0
WDR5,-0.09823248,-0.54247296,0.9217476917509476,1.0
FCF1,-0.09823248,-0.5945971,0.9217476917509476,1.0
AC002117.1,-0.09823248,-0.615884,0.9217476917509476,1.0
RP11-383H13.1,-0.09823248,-0.60787344,0.9217476917509476,1.0
HIF1AN,-0.09823248,-0.5841773,0.9217476917509476,1.0
FAM227B,-0.09823248,-0.61721975,0.9217476917509476,1.0
SMARCA4,-0.09823248,-0.0902021,0.9217476917509476,1.0
CCDC14,-0.09823248,-0.17882717,0.9217476917509476,1.0
PPOX,-0.09823248,-0.49207443,0.9217476917509476,1.0
PICK1,-0.09823248,-0.7188148,0.9217476917509476,1.0
SNAPC1,-0.09823248,-0.61150867,0.9217476917509476,1.0
HNRNPU-AS1,-0.09823248,-0.6164123,0.9217476917509476,1.0
NUDT4,-0.09823248,-0.58105063,0.9217476917509476,1.0
E4F1,-0.09823248,-0.522922,0.9217476917509476,1.0
PPM1D,-0.09823248,-0.16145746,0.9217476917509476,1.0
PIGB,-0.09823248,-0.6237588,0.9217476917509476,1.0
STK11IP,-0.09823248,-0.77070004,0.9217476917509476,1.0
RFNG,-0.098999925,-1.2888343,0.9211383325124798,1.0
DUS1L,-0.098999925,-0.24407685,0.9211383325124798,1.0
PTP4A3,-0.098999925,-0.8027827,0.9211383325124798,1.0
GSDMB,-0.098999925,-0.6713363,0.9211383325124798,1.0
ZNF181,-0.098999925,-0.67322713,0.9211383325124798,1.0
SLC35F6,-0.098999925,-0.88369346,0.9211383325124798,1.0
MCM2,-0.098999925,-0.78210914,0.9211383325124798,1.0
LMNA,-0.098999925,-0.16333166,0.9211383325124798,1.0
GSTZ1,-0.098999925,-0.6015782,0.9211383325124798,1.0
SLC27A5,-0.098999925,-0.2380075,0.9211383325124798,1.0
TOMM40L,-0.098999925,-0.7158955,0.9211383325124798,1.0
CCDC90B,-0.099383645,-0.14447764,0.9208336702317726,1.0
NAF1,-0.099767365,-0.81698245,0.9205290195693085,1.0
TATDN2,-0.099767365,-0.67718744,0.9205290195693085,1.0
PIKFYVE,-0.099767365,-0.73458225,0.9205290195693085,1.0
ARL4D,-0.099767365,-1.0012617,0.9205290195693085,1.0
FAM84B,-0.099767365,-0.6572534,0.9205290195693085,1.0
DMKN,-0.099767365,-0.7363019,0.9205290195693085,1.0
ZBED5-AS1,-0.099767365,-0.77172446,0.9205290195693085,1.0
PSD4,-0.099767365,-0.14467794,0.9205290195693085,1.0
SETD4,-0.099767365,-0.4101951,0.9205290195693085,1.0
NSF,-0.099767365,-0.76467323,0.9205290195693085,1.0
KLHL9,-0.099767365,-0.70663685,0.9205290195693085,1.0
SMC6,-0.099767365,-0.74565786,0.9205290195693085,1.0
OMA1,-0.099767365,-0.29878357,0.9205290195693085,1.0
PELO,-0.099767365,-0.24804537,0.9205290195693085,1.0
ZNF431,-0.099767365,-0.6229673,0.9205290195693085,1.0
SELO,-0.099767365,-0.5899919,0.9205290195693085,1.0
ITGB1,-0.099767365,-0.13777936,0.9205290195693085,1.0
TNFRSF10B,-0.100151084,-0.8708332,0.9202243805694997,1.0
COX16,-0.100151084,-0.0139821,0.9202243805694997,1.0
BIVM,-0.100534804,-0.9074638,0.9199197532767537,1.0
LHPP,-0.100534804,-0.76025975,0.9199197532767537,1.0
PRUNE,-0.100534804,-0.8155751,0.9199197532767537,1.0
AC091729.9,-0.100534804,-0.7566566,0.9199197532767537,1.0
ZHX1,-0.100534804,-0.70538276,0.9199197532767537,1.0
HAUS1,-0.100534804,-0.2671938,0.9199197532767537,1.0
RP11-277L2.3,-0.100534804,-0.25120497,0.9199197532767537,1.0
GTF2B,-0.100534804,-0.032857914,0.9199197532767537,1.0
ARL5A,-0.100534804,-0.030229783,0.9199197532767537,1.0
DZIP3,-0.100534804,-0.90944815,0.9199197532767537,1.0
FOPNL,-0.100534804,-0.23810054,0.9199197532767537,1.0
DERA,-0.100918524,-0.119835906,0.9196151377354727,1.0
CHD2,-0.100918524,-0.092403725,0.9196151377354727,1.0
SPEF2,-0.101302244,-0.7116959,0.9193105339900534,1.0
WDR73,-0.101302244,-0.33567798,0.9193105339900534,1.0
RPS6KB2,-0.101302244,-0.06920147,0.9193105339900534,1.0
TYW3,-0.101302244,-0.9000014,0.9193105339900534,1.0
APH1B,-0.101302244,-0.22177058,0.9193105339900534,1.0
HAUS4,-0.10206968,-0.2746044,0.9187013620643625,1.0
FBXO9,-0.10245341,-0.20395692,0.9183967939728588,1.0
DMXL1,-0.10283713,-0.17171854,0.9180922378547529,1.0
MED4,-0.10283713,-0.018474726,0.9180922378547529,1.0
ANKLE2,-0.10283713,-0.26740697,0.9180922378547529,1.0
NHP2,-0.10322085,-0.017130598,0.9177876937544155,1.0
RPUSD1,-0.10322085,0.0105625335,0.9177876937544155,1.0
IKBKE,-0.10360457,-0.18211533,0.9174831617162122,1.0
C15orf57,-0.10360457,-0.106930025,0.9174831617162122,1.0
AGPAT2,-0.10360457,-0.17232211,0.9174831617162122,1.0
TAF8,-0.10437201,-0.39245406,0.9168741340036435,1.0
PAN3,-0.10513945,-0.35123017,0.9162651550718646,1.0
MAP2K6,-0.10513945,-0.38994765,0.9162651550718646,1.0
RALBP1,-0.10513945,-0.10122145,0.9162651550718646,1.0
GFM1,-0.10513945,-0.35801458,0.9162651550718646,1.0
RP11-1094M14.11,-0.10552317,-0.06532958,0.9159606840096285,1.0
MSRB2,-0.10552317,-0.36840704,0.9159606840096285,1.0
HGSNAT,-0.1059069,-0.23001757,0.9156562252756074,1.0
OGDH,-0.1059069,-0.23879102,0.9156562252756074,1.0
FBXW5,-0.106290616,-0.015270442,0.9153517789141297,1.0
RANBP2,-0.106674336,-0.33799082,0.9150473449695175,1.0
SART1,-0.106674336,-0.13579299,0.9150473449695175,1.0
RASA2,-0.107441776,-0.3772195,0.9144385145081528,1.0
GABARAPL1,-0.108209215,-0.07035859,0.9138297342459843,1.0
RNF115,-0.108592935,-0.14229496,0.9135253630503465,1.0
RBM26,-0.108976655,-0.4403934,0.9132210045373941,1.0
USP30-AS1,-0.10936038,-0.11776747,0.9129166587514108,1.0
GNS,-0.1097441,-0.45326182,0.9126123257366753,1.0
TBC1D1,-0.11127898,-0.25824818,0.9113951222755765,1.0
LASP1,-0.11127898,-0.06686177,0.9113951222755765,1.0
SEPT1,-0.11127898,-0.083626926,0.9113951222755765,1.0
FARS2,-0.11281387,-0.24532177,0.9101781266952311,1.0
HYOU1,-0.11319759,-0.14370508,0.9098739106133121,1.0
PHYH,-0.11319759,-0.115309834,0.9098739106133121,1.0
UQCC2,-0.11358131,-0.105787955,0.909569707745111,1.0
RP5-1180E21.5,-0.11434875,-0.14525466,0.9089613418267188,1.0
TPP2,-0.11473247,-0.23542024,0.908657178864941,1.0
SPAG7,-0.11473247,-0.022582518,0.908657178864941,1.0
CDK6,-0.11511619,-0.21295756,0.9083530292937076,1.0
ZNF37A,-0.11511619,-0.17923693,0.9083530292937076,1.0
HDAC8,-0.116267346,-0.29087833,0.9074406613651652,1.0
MKLN1,-0.11703479,-0.18374504,0.906832483842221,1.0
TSC2,-0.11703479,-0.19662334,0.906832483842221,1.0
UBXN4,-0.11741851,-0.017845517,0.9065284155420789,1.0
ARF1,-0.11780223,-0.035279777,0.9062243609417002,1.0
TUBD1,-0.11780223,-0.29980192,0.9062243609417002,1.0
TOR1AIP1,-0.11818595,-0.14634301,0.9059203200852353,1.0
UBBP4,-0.11856967,-0.16501151,0.9056162930168282,1.0
SLC38A5,-0.11895339,-0.30705377,0.9053122797806171,1.0
GAPVD1,-0.11895339,-0.242254,0.9053122797806171,1.0
RP11-290D2.6,-0.11933711,-0.18637566,0.9050082804207341,1.0
RUNDC1,-0.11972083,-0.32380962,0.904704294981305,1.0
RP11-500C11.3,-0.11972083,-0.22194028,0.904704294981305,1.0
SPTSSB,-0.11972083,-0.17261373,0.904704294981305,1.0
POLR1E,-0.11972083,-0.21704464,0.904704294981305,1.0
MED20,-0.12010456,-0.64550865,0.9044003235064496,1.0
OGFRL1,-0.12010456,-0.99440163,0.9044003235064496,1.0
NICN1,-0.12010456,-0.66614157,0.9044003235064496,1.0
NUBPL,-0.12010456,-0.9620361,0.9044003235064496,1.0
PTPRJ,-0.12010456,-1.008588,0.9044003235064496,1.0
RP11-661A12.7,-0.12010456,-0.8858281,0.9044003235064496,1.0
STX3,-0.12010456,-1.0022079,0.9044003235064496,1.0
KCNK6,-0.12010456,-1.0191073,0.9044003235064496,1.0
KLC2,-0.12010456,-0.98321676,0.9044003235064496,1.0
ICK,-0.12010456,-1.0144064,0.9044003235064496,1.0
GATC,-0.12010456,-0.6469872,0.9044003235064496,1.0
WDR4,-0.12010456,-0.8017182,0.9044003235064496,1.0
DCUN1D4,-0.12010456,-0.98783165,0.9044003235064496,1.0
TRIM68,-0.12010456,-1.0448433,0.9044003235064496,1.0
MCM4,-0.12010456,-0.94929403,0.9044003235064496,1.0
PRC1,-0.12010456,-1.0101076,0.9044003235064496,1.0
CTU1,-0.12010456,-0.64165944,0.9044003235064496,1.0
ZNF507,-0.12010456,-0.6365639,0.9044003235064496,1.0
DNAJC27-AS1,-0.12010456,-0.6644615,0.9044003235064496,1.0
EXOC6B,-0.12010456,-0.98610896,0.9044003235064496,1.0
ZNF526,-0.12010456,-1.1452824,0.9044003235064496,1.0
YEATS2,-0.12010456,-1.1274642,0.9044003235064496,1.0
RBBP5,-0.12010456,-1.1210247,0.9044003235064496,1.0
HIST1H3D,-0.12010456,-1.1122593,0.9044003235064496,1.0
MPZL3,-0.12010456,-1.0081134,0.9044003235064496,1.0
ACTR5,-0.12010456,-0.90513533,0.9044003235064496,1.0
CTC-378H22.1,-0.12010456,-0.19525816,0.9044003235064496,1.0
PFKM,-0.12010456,-1.0531373,0.9044003235064496,1.0
PPM1L,-0.12010456,-0.9368092,0.9044003235064496,1.0
ZXDB,-0.12010456,-1.0943589,0.9044003235064496,1.0
CEP19,-0.12010456,-1.0306598,0.9044003235064496,1.0
HHLA3,-0.12010456,-1.0139816,0.9044003235064496,1.0
FAM117B,-0.12010456,-1.0668867,0.9044003235064496,1.0
RASGRF2,-0.12010456,-0.8844478,0.9044003235064496,1.0
GDPD5,-0.12010456,-0.91557384,0.9044003235064496,1.0
APLF,-0.12010456,-1.1524222,0.9044003235064496,1.0
RP11-262H14.4,-0.12010456,-0.85101354,0.9044003235064496,1.0
MMD,-0.12010456,-0.74839205,0.9044003235064496,1.0
ABCD1,-0.12010456,-0.8962638,0.9044003235064496,1.0
PLXNC1,-0.12010456,-0.91760635,0.9044003235064496,1.0
IBA57,-0.12010456,-0.87537897,0.9044003235064496,1.0
ABCC1,-0.12010456,-0.9998416,0.9044003235064496,1.0
ASB7,-0.12010456,-0.5883582,0.9044003235064496,1.0
UBOX5,-0.12010456,-0.93600523,0.9044003235064496,1.0
CEP170,-0.12010456,-1.0127332,0.9044003235064496,1.0
PIK3CB,-0.12010456,-1.0293189,0.9044003235064496,1.0
WDR59,-0.12010456,-1.0879632,0.9044003235064496,1.0
ZBTB40,-0.12010456,-0.5989404,0.9044003235064496,1.0
COG7,-0.12010456,-1.0544416,0.9044003235064496,1.0
PROCA1,-0.12010456,-0.8219716,0.9044003235064496,1.0
WIZ,-0.12010456,-0.96503544,0.9044003235064496,1.0
SLC35G2,-0.12010456,-1.0182495,0.9044003235064496,1.0
MIR181A2HG,-0.12010456,-0.99571574,0.9044003235064496,1.0
B3GNT1,-0.12010456,-0.89515156,0.9044003235064496,1.0
CEP120,-0.12048828,-0.14619717,0.9040963660402815,1.0
ZMYND8,-0.12048828,-0.37665066,0.9040963660402815,1.0
CCDC66,-0.12048828,-0.30814132,0.9040963660402815,1.0
ALAS1,-0.12048828,-0.24815771,0.9040963660402815,1.0
SPATS2,-0.12048828,-0.3737844,0.9040963660402815,1.0
C9orf38,-0.12048828,-1.0945245,0.9040963660402815,1.0
PARG,-0.120872,-1.073552,0.9037924226269084,1.0
ZNF599,-0.120872,-1.0641792,0.9037924226269084,1.0
ZNF564,-0.120872,-1.0360835,0.9037924226269084,1.0
ZNF609,-0.120872,-1.1522872,0.9037924226269084,1.0
CCHCR1,-0.120872,-1.0867347,0.9037924226269084,1.0
ZNF827,-0.120872,-1.0308288,0.9037924226269084,1.0
POPDC2,-0.120872,-1.1245567,0.9037924226269084,1.0
SMAD7,-0.120872,-1.127846,0.9037924226269084,1.0
SIRPB1,-0.120872,-1.071645,0.9037924226269084,1.0
DDX43,-0.120872,-1.1903101,0.9037924226269084,1.0
RP11-706O15.1,-0.120872,-1.3093776,0.9037924226269084,1.0
MIR181A1HG,-0.120872,-1.1981599,0.9037924226269084,1.0
CDC14B,-0.120872,-1.2639455,0.9037924226269084,1.0
NR4A3,-0.120872,-1.0752345,0.9037924226269084,1.0
CD70,-0.120872,-1.1269573,0.9037924226269084,1.0
IL1RAP,-0.120872,-1.1561538,0.9037924226269084,1.0
MYO5A,-0.120872,-1.1585059,0.9037924226269084,1.0
SNX29,-0.120872,-1.1439351,0.9037924226269084,1.0
HCG11,-0.120872,-1.2011056,0.9037924226269084,1.0
C2CD5,-0.120872,-1.0889478,0.9037924226269084,1.0
ARHGEF12,-0.120872,-1.095978,0.9037924226269084,1.0
CORO1C,-0.120872,-1.2098238,0.9037924226269084,1.0
AMT,-0.120872,-1.3275164,0.9037924226269084,1.0
AMBRA1,-0.120872,-1.0534925,0.9037924226269084,1.0
PORCN,-0.120872,-1.1658112,0.9037924226269084,1.0
EIF4ENIF1,-0.120872,-1.1213322,0.9037924226269084,1.0
C1orf159,-0.120872,-1.1588572,0.9037924226269084,1.0
DNAJC13,-0.120872,-1.1333706,0.9037924226269084,1.0
TMEM39B,-0.120872,-1.1375531,0.9037924226269084,1.0
TOMM34,-0.120872,-1.1357524,0.9037924226269084,1.0
JAK3,-0.120872,-1.2762831,0.9037924226269084,1.0
STAU2,-0.120872,-0.23333739,0.9037924226269084,1.0
NHLRC1,-0.120872,-1.2035187,0.9037924226269084,1.0
DKFZP779L1853,-0.120872,-1.2669207,0.9037924226269084,1.0
CTD-2017D11.1,-0.120872,-1.1367328,0.9037924226269084,1.0
SYNJ1,-0.120872,-1.1610565,0.9037924226269084,1.0
POFUT1,-0.120872,-1.1740084,0.9037924226269084,1.0
EXTL3,-0.120872,-1.1591171,0.9037924226269084,1.0
GRPEL2,-0.120872,-1.0062062,0.9037924226269084,1.0
RAD51D,-0.120872,-0.87599486,0.9037924226269084,1.0
PTCH2,-0.120872,-1.1503726,0.9037924226269084,1.0
PPFIA1,-0.120872,-1.209065,0.9037924226269084,1.0
USP35,-0.120872,-1.1230824,0.9037924226269084,1.0
NAB1,-0.120872,-1.1172093,0.9037924226269084,1.0
RP11-147L13.2,-0.120872,-0.9914318,0.9037924226269084,1.0
SERPINI1,-0.120872,-1.1565495,0.9037924226269084,1.0
LEKR1,-0.120872,-0.9963912,0.9037924226269084,1.0
RABGEF1,-0.120872,-1.0485498,0.9037924226269084,1.0
FAM229B,-0.120872,-1.0679239,0.9037924226269084,1.0
DDB1,-0.12125572,-0.11001666,0.9034884933104314,1.0
RABEPK,-0.12125572,-0.39165854,0.9034884933104314,1.0
C4orf27,-0.12125572,-0.14969993,0.9034884933104314,1.0
ROGDI,-0.12125572,-0.28649053,0.9034884933104314,1.0
SRSF10,-0.12125572,-0.12598424,0.9034884933104314,1.0
C14orf2,-0.12125572,-0.12946597,0.9034884933104314,1.0
ST3GAL2,-0.12163944,-1.4343141,0.9031845781349457,1.0
DHX57,-0.12163944,-1.3361193,0.9031845781349457,1.0
RP11-773D16.1,-0.12163944,-1.2368282,0.9031845781349457,1.0
ZNF816,-0.12163944,-1.1829706,0.9031845781349457,1.0
FGFBP3,-0.12163944,-1.3137934,0.9031845781349457,1.0
L2HGDH,-0.12163944,-1.4214466,0.9031845781349457,1.0
RMDN2,-0.12163944,-1.1187224,0.9031845781349457,1.0
MAGEE1,-0.12163944,-1.4304051,0.9031845781349457,1.0
GSE1,-0.12163944,-1.2263702,0.9031845781349457,1.0
MTHFSD,-0.12163944,-1.2234088,0.9031845781349457,1.0
ADAMTS6,-0.12163944,-1.3376005,0.9031845781349457,1.0
TRIM7,-0.12163944,-1.2546173,0.9031845781349457,1.0
EP400NL,-0.12163944,-1.3758159,0.9031845781349457,1.0
SLC25A13,-0.12163944,-1.2436118,0.9031845781349457,1.0
PPP1R9B,-0.12163944,-1.2235503,0.9031845781349457,1.0
HOMER1,-0.12163944,-1.2006034,0.9031845781349457,1.0
FAM169A,-0.12163944,-1.3463807,0.9031845781349457,1.0
ACER3,-0.12163944,-1.262934,0.9031845781349457,1.0
LY75,-0.12163944,-1.2415082,0.9031845781349457,1.0
C17orf67,-0.12163944,-1.2700014,0.9031845781349457,1.0
AP4E1,-0.12163944,-1.3342268,0.9031845781349457,1.0
YTHDF3-AS1,-0.12163944,-1.2748079,0.9031845781349457,1.0
MRM1,-0.12163944,-1.2053103,0.9031845781349457,1.0
PMM2,-0.12163944,-1.221496,0.9031845781349457,1.0
RALGAPA2,-0.12163944,-1.2504356,0.9031845781349457,1.0
AHR,-0.12163944,-1.2615551,0.9031845781349457,1.0
IFT46,-0.12163944,-1.2243551,0.9031845781349457,1.0
SLC39A11,-0.12163944,-1.1855172,0.9031845781349457,1.0
SNAPC4,-0.12163944,-1.3719369,0.9031845781349457,1.0
KRTCAP3,-0.12163944,-1.1855761,0.9031845781349457,1.0
SLC39A14,-0.12163944,-1.4260074,0.9031845781349457,1.0
PPAPDC2,-0.12163944,-1.1610582,0.9031845781349457,1.0
SLC43A1,-0.12163944,-1.2609718,0.9031845781349457,1.0
SLC2A13,-0.12163944,-1.3724314,0.9031845781349457,1.0
ZNF23,-0.12163944,-1.449555,0.9031845781349457,1.0
CUL9,-0.12163944,-1.2287983,0.9031845781349457,1.0
ATXN7L3,-0.12163944,-1.2914886,0.9031845781349457,1.0
TMEM171,-0.12163944,-1.3389533,0.9031845781349457,1.0
PGBD4,-0.12163944,-1.2482998,0.9031845781349457,1.0
ITPRIPL1,-0.12163944,-1.2304232,0.9031845781349457,1.0
LEMD3,-0.12202316,-0.39138874,0.9028806771445401,1.0
COX15,-0.12202316,-0.431333,0.9028806771445401,1.0
UPRT,-0.12202316,-0.3857596,0.9028806771445401,1.0
PPP3CA,-0.12202316,-0.39559284,0.9028806771445401,1.0
INPP1,-0.12202316,-0.33214685,0.9028806771445401,1.0
TMEM156,-0.12202316,-0.37728512,0.9028806771445401,1.0
ACAD9,-0.12202316,-0.4192752,0.9028806771445401,1.0
LARP1B,-0.12202316,-0.36268058,0.9028806771445401,1.0
OR2A1-AS1,-0.12240688,-1.4752393,0.9025767903832974,1.0
ANO9,-0.12240688,-1.2418782,0.9025767903832974,1.0
FAM86C1,-0.12240688,-1.3094325,0.9025767903832974,1.0
FAM21B,-0.12240688,-1.5409653,0.9025767903832974,1.0
UBR3,-0.12240688,-1.4966007,0.9025767903832974,1.0
SIDT2,-0.12240688,-1.4260674,0.9025767903832974,1.0
RGS16,-0.12240688,-1.5732776,0.9025767903832974,1.0
KCTD12,-0.12240688,-1.3360803,0.9025767903832974,1.0
RPAP1,-0.12240688,-1.5197637,0.9025767903832974,1.0
PLRG1,-0.12240688,-0.15561742,0.9025767903832974,1.0
RP11-611L7.1,-0.12240688,-1.289751,0.9025767903832974,1.0
CD9,-0.12240688,-1.5011426,0.9025767903832974,1.0
HSPA1B,-0.12240688,-1.3520504,0.9025767903832974,1.0
ZNF121,-0.12240688,-1.4453304,0.9025767903832974,1.0
LONP1,-0.12240688,-1.6297448,0.9025767903832974,1.0
LYSMD3,-0.12240688,-1.379694,0.9025767903832974,1.0
DOT1L,-0.12240688,-1.3329809,0.9025767903832974,1.0
AMPD3,-0.12240688,-1.6655204,0.9025767903832974,1.0
RP11-345J4.5,-0.12240688,-1.3556004,0.9025767903832974,1.0
ZDHHC2,-0.12240688,-1.3097672,0.9025767903832974,1.0
TBC1D32,-0.12240688,-1.4365208,0.9025767903832974,1.0
RP11-672L10.6,-0.12240688,-1.3398045,0.9025767903832974,1.0
CHAF1A,-0.12240688,-1.4571127,0.9025767903832974,1.0
HDAC9,-0.12240688,-1.5520248,0.9025767903832974,1.0
SOCS5,-0.12240688,-1.5231119,0.9025767903832974,1.0
SLC25A24,-0.12240688,-0.25522408,0.9025767903832974,1.0
IFT88,-0.12240688,-1.4426104,0.9025767903832974,1.0
MCMBP,-0.12240688,-0.14305128,0.9025767903832974,1.0
CEP70,-0.12240688,-1.2310134,0.9025767903832974,1.0
FAM129A,-0.12240688,-0.2757472,0.9025767903832974,1.0
OSBPL11,-0.12240688,-1.494521,0.9025767903832974,1.0
TMEM194A,-0.12240688,-1.7535583,0.9025767903832974,1.0
AL645728.1,-0.12240688,-1.304627,0.9025767903832974,1.0
IL17RC,-0.12240688,-1.3655235,0.9025767903832974,1.0
ALDH1B1,-0.12240688,-1.7567352,0.9025767903832974,1.0
NR1H3,-0.12240688,-1.379216,0.9025767903832974,1.0
NKIRAS1,-0.12240688,-1.2535082,0.9025767903832974,1.0
CUL4A,-0.1227906,-0.16663401,0.9022729178952941,1.0
ERAP1,-0.1227906,-0.39127553,0.9022729178952941,1.0
APBB1,-0.1227906,-0.39908656,0.9022729178952941,1.0
AP001258.4,-0.1227906,-0.48351118,0.9022729178952941,1.0
PDE4B,-0.1227906,-0.37943113,0.9022729178952941,1.0
ATXN2,-0.1227906,-0.28734195,0.9022729178952941,1.0
SECISBP2L,-0.1227906,-0.3603504,0.9022729178952941,1.0
BPNT1,-0.1227906,-0.43622607,0.9022729178952941,1.0
HMGA1,-0.12317432,-0.10666443,0.9019690597246001,1.0
ZNF567,-0.123558044,-0.58872306,0.9016652159152794,1.0
EBPL,-0.123558044,-0.08245236,0.9016652159152794,1.0
RBM28,-0.123558044,-0.39446533,0.9016652159152794,1.0
MCM3AP,-0.123558044,-0.37655184,0.9016652159152794,1.0
LTN1,-0.123558044,-0.43371242,0.9016652159152794,1.0
GUSB,-0.123558044,-0.08864029,0.9016652159152794,1.0
MMGT1,-0.123558044,-0.39793056,0.9016652159152794,1.0
NEIL2,-0.123558044,-0.3811881,0.9016652159152794,1.0
CDK11B,-0.123558044,-0.37220052,0.9016652159152794,1.0
STX12,-0.123558044,-0.16969486,0.9016652159152794,1.0
SLC20A1,-0.123558044,-0.11580895,0.9016652159152794,1.0
ZNF22,-0.123941764,-0.07080566,0.9013613865113895,1.0
RANBP1,-0.123941764,-0.102866784,0.9013613865113895,1.0
STK17B,-0.124325484,-0.095822245,0.9010575715569817,1.0
TRMT61A,-0.124325484,-0.4728007,0.9010575715569817,1.0
RP1-8B1.4,-0.124325484,-0.46336222,0.9010575715569817,1.0
TMEM120B,-0.124325484,-0.42332923,0.9010575715569817,1.0
URI1,-0.124325484,-0.12518734,0.9010575715569817,1.0
ETFB,-0.12509292,-0.06743858,0.9004499851727852,1.0
BANP,-0.12509292,-0.43530208,0.9004499851727852,1.0
NDNL2,-0.12509292,-0.06439665,0.9004499851727852,1.0
CBX1,-0.12509292,-0.15707327,0.9004499851727852,1.0
RILPL2,-0.12547664,-0.0856082,0.900146213831067,1.0
TMX4,-0.12586036,-0.08900793,0.899842457114972,1.0
THEM6,-0.12586036,-0.5201787,0.899842457114972,1.0
COQ10A,-0.12624408,-0.22263354,0.8995387150685195,1.0
USP5,-0.12624408,-0.25491095,0.8995387150685195,1.0
SPOP,-0.1266278,-0.11593671,0.8992349877357222,1.0
ZNF48,-0.1266278,-0.4310537,0.8992349877357222,1.0
NOP2,-0.1266278,-0.49446127,0.8992349877357222,1.0
KLHDC7B,-0.1266278,-0.39584282,0.8992349877357222,1.0
FAHD1,-0.1266278,-0.4334926,0.8992349877357222,1.0
AKAP9,-0.1266278,-0.100088604,0.8992349877357222,1.0
CNOT4,-0.12701152,-0.22680198,0.8989312751605865,1.0
TRAPPC5,-0.12739524,-0.5002989,0.8986275773871122,1.0
EFCAB2,-0.12739524,-0.4574037,0.8986275773871122,1.0
C2orf69,-0.12739524,-0.5336864,0.8986275773871122,1.0
KMT2A,-0.12739524,-0.096954376,0.8986275773871122,1.0
SEPHS1,-0.12739524,-0.49752206,0.8986275773871122,1.0
STIM1,-0.12816268,-0.52473265,0.898020226421115,1.0
EID3,-0.12816268,-0.48665676,0.898020226421115,1.0
BET1,-0.12893014,-0.2778069,0.8974129351895993,1.0
YARS2,-0.12931386,-0.34425968,0.8971093120842022,1.0
MARCH7,-0.12931386,-0.15967764,0.8971093120842022,1.0
BNIP3,-0.12969758,-0.49135175,0.8968057040443286,1.0
FBP1,-0.12969758,-0.5433298,0.8968057040443286,1.0
ARID4B,-0.1300813,-0.06515615,0.8965021111139323,1.0
NDUFB11,-0.1300813,-0.08590984,0.8965021111139323,1.0
DPH5,-0.1300813,-0.13562024,0.8965021111139323,1.0
FBLN5,-0.13046502,-0.6296589,0.8961985333369609,1.0
DDX60L,-0.13046502,-0.5472466,0.8961985333369609,1.0
HMG20B,-0.13084874,-0.20590933,0.8958949707573547,1.0
NOA1,-0.13123246,-0.14379232,0.895591423419048,1.0
SMEK2,-0.13123246,-0.068568006,0.895591423419048,1.0
UBA7,-0.13161618,-0.29459095,0.8952878913659678,1.0
RBM14,-0.1319999,-0.13786066,0.8949843746420348,1.0
ADIPOR2,-0.13276733,-0.6966814,0.8943773873572594,1.0
DNAJC2,-0.13276733,0.03748821,0.8943773873572594,1.0
GPR82,-0.13276733,-0.61331797,0.8943773873572594,1.0
USP1,-0.13276733,-0.27500913,0.8943773873572594,1.0
ULK3,-0.13353477,-0.093816444,0.8937704619159509,1.0
GATAD2A,-0.13353477,-0.22591841,0.8937704619159509,1.0
TSNAX,-0.1339185,-0.07507419,0.8934670224963264,1.0
AP3M2,-0.13430221,-0.64967215,0.8931635986692305,1.0
WIPI2,-0.13506965,-0.13337304,0.8925567979681098,1.0
LPIN1,-0.13698827,-0.22023632,0.891040072154829,1.0
MRPL44,-0.13737199,-0.2191663,0.8907367746468127,1.0
ISOC1,-0.13737199,-0.3675979,0.8907367746468127,1.0
METTL10,-0.1377557,-0.38498008,0.8904334931259337,1.0
ARL3,-0.13813943,-0.23828298,0.8901302276360025,1.0
ETF1,-0.13813943,-0.20986098,0.8901302276360025,1.0
BTN3A3,-0.13852315,-0.1702161,0.8898269782208228,1.0
SF3A2,-0.13890687,-0.15622444,0.889523744924191,1.0
SUPT5H,-0.13890687,-0.17979589,0.889523744924191,1.0
EXOSC6,-0.13890687,-0.2938685,0.889523744924191,1.0
ZNF106,-0.13929059,-0.4775473,0.8892205277898964,1.0
PDK3,-0.1396743,-0.16030928,0.8889173268617214,1.0
C19orf53,-0.1396743,-0.04515739,0.8889173268617214,1.0
KDM2A,-0.14005803,-0.44446477,0.8886141421834414,1.0
PRMT10,-0.14044175,-0.14218035,0.8883109737988241,1.0
FASTKD2,-0.14044175,-0.2304,0.8883109737988241,1.0
NEMF,-0.14044175,-0.13366312,0.8883109737988241,1.0
MTDH,-0.14044175,-0.10175857,0.8883109737988241,1.0
SPAG16,-0.14044175,-0.39387044,0.8883109737988241,1.0
RTN3,-0.14082547,-0.11856118,0.8880078217516307,1.0
USP3,-0.14120919,-0.26656827,0.8877046860856148,1.0
MIA3,-0.14120919,-0.20665243,0.8877046860856148,1.0
HUWE1,-0.14120919,-0.25787252,0.8877046860856148,1.0
UTP3,-0.1415929,-0.07418581,0.8874015668445231,1.0
SSBP4,-0.1415929,-0.036156464,0.8874015668445231,1.0
RAB10,-0.1415929,-0.11045672,0.8874015668445231,1.0
TSEN15,-0.14197662,-0.1759233,0.8870984640720949,1.0
PLIN3,-0.14197662,-0.28703046,0.8870984640720949,1.0
CMAS,-0.14197662,-0.19878934,0.8870984640720949,1.0
AC004951.6,-0.14197662,-0.270352,0.8870984640720949,1.0
SCCPDH,-0.14236036,-0.20560403,0.8867953778120623,1.0
MTMR10,-0.14274408,-0.41061747,0.8864923081081502,1.0
TRIM65,-0.14274408,-0.42447773,0.8864923081081502,1.0
LGALS2,-0.14274408,-0.43547148,0.8864923081081502,1.0
KDM5D,-0.14274408,-0.44133905,0.8864923081081502,1.0
BTBD10,-0.14274408,-0.59770924,0.8864923081081502,1.0
CSGALNACT2,-0.14274408,-0.3529669,0.8864923081081502,1.0
SFXN3,-0.14274408,-0.424717,0.8864923081081502,1.0
CTNNBL1,-0.14274408,-0.11732819,0.8864923081081502,1.0
MBD6,-0.14274408,-0.485614,0.8864923081081502,1.0
PRR24,-0.14351152,-0.34092695,0.8858862185435507,1.0
COG8,-0.14351152,-0.41832286,0.8858862185435507,1.0
LMBR1,-0.14351152,-0.46885636,0.8858862185435507,1.0
PLEKHA5,-0.14351152,-0.47058874,0.8858862185435507,1.0
GPATCH1,-0.14351152,-0.5044473,0.8858862185435507,1.0
FAF1,-0.14351152,-0.26399088,0.8858862185435507,1.0
SLC2A8,-0.14351152,-0.45238176,0.8858862185435507,1.0
MINOS1,-0.14389524,-0.03323198,0.8855831987702767,1.0
CTD-2162K18.5,-0.14427896,-23.780895,0.8852801957279498,1.0
VPREB3,-0.14427896,-23.605013,0.8852801957279498,1.0
TSPAN33,-0.14427896,-23.987045,0.8852801957279498,1.0
HID1,-0.14427896,-23.794445,0.8852801957279498,1.0
TP73-AS1,-0.14427896,-23.816671,0.8852801957279498,1.0
HIST1H2AH,-0.14427896,-24.078741,0.8852801957279498,1.0
ANKS1A,-0.14427896,-23.892797,0.8852801957279498,1.0
CCDC142,-0.14427896,-23.475315,0.8852801957279498,1.0
MTHFD1L,-0.14427896,-23.774649,0.8852801957279498,1.0
CCDC122,-0.14427896,-23.765327,0.8852801957279498,1.0
KIAA0754,-0.14427896,-23.825844,0.8852801957279498,1.0
RP3-508I15.19,-0.14427896,-23.913069,0.8852801957279498,1.0
RDH10,-0.14427896,-23.845951,0.8852801957279498,1.0
VIPR1,-0.14427896,-23.558195,0.8852801957279498,1.0
DPY19L4,-0.14427896,-23.790375,0.8852801957279498,1.0
CTC-459F4.3,-0.14427896,-23.759607,0.8852801957279498,1.0
ZNF239,-0.14427896,-23.61068,0.8852801957279498,1.0
DGUOK-AS1,-0.14427896,-23.792427,0.8852801957279498,1.0
FBXO41,-0.14427896,-23.821255,0.8852801957279498,1.0
AC009948.5,-0.14427896,-23.675364,0.8852801957279498,1.0
CBWD5,-0.14427896,-23.909088,0.8852801957279498,1.0
FAM201A,-0.14427896,-23.689991,0.8852801957279498,1.0
TCTN2,-0.14427896,-23.992895,0.8852801957279498,1.0
ZNF737,-0.14427896,-23.709743,0.8852801957279498,1.0
NCOA5,-0.14427896,-0.50171345,0.8852801957279498,1.0
ZNF829,-0.14427896,-23.853548,0.8852801957279498,1.0
MAN2A2,-0.14427896,-23.469389,0.8852801957279498,1.0
AC093818.1,-0.14427896,-23.795948,0.8852801957279498,1.0
CSRP2BP,-0.14427896,-0.41128117,0.8852801957279498,1.0
RP11-755B10.4,-0.14427896,-23.871122,0.8852801957279498,1.0
RP4-610C12.3,-0.14427896,-23.705402,0.8852801957279498,1.0
DMTN,-0.14427896,-23.970798,0.8852801957279498,1.0
ADCY3,-0.14427896,-23.695667,0.8852801957279498,1.0
AC003075.4,-0.14427896,-23.713892,0.8852801957279498,1.0
LARS2,-0.14427896,-23.774057,0.8852801957279498,1.0
FOXO3,-0.14427896,-0.45814,0.8852801957279498,1.0
MFHAS1,-0.14427896,-23.683994,0.8852801957279498,1.0
RBBP9,-0.14427896,-23.810827,0.8852801957279498,1.0
APOBEC3B,-0.14427896,-23.87703,0.8852801957279498,1.0
CCT6B,-0.14427896,-23.776905,0.8852801957279498,1.0
AC009299.3,-0.14427896,-23.74121,0.8852801957279498,1.0
ARG2,-0.14427896,-23.738441,0.8852801957279498,1.0
ACACB,-0.14427896,-23.748,0.8852801957279498,1.0
IL11RA,-0.14427896,-23.678644,0.8852801957279498,1.0
ACP6,-0.14427896,-23.674007,0.8852801957279498,1.0
RP11-138I1.4,-0.14427896,-23.823174,0.8852801957279498,1.0
RP11-734K2.4,-0.14427896,-23.596628,0.8852801957279498,1.0
TMTC3,-0.14427896,-23.71659,0.8852801957279498,1.0
TTC26,-0.14427896,-23.483751,0.8852801957279498,1.0
LL22NC03-2H8.5,-0.14427896,-23.919886,0.8852801957279498,1.0
ECT2,-0.14427896,-23.610554,0.8852801957279498,1.0
ZNF529,-0.14427896,-23.850471,0.8852801957279498,1.0
RP11-137H2.4,-0.14427896,-23.905943,0.8852801957279498,1.0
MC1R,-0.14427896,-23.651648,0.8852801957279498,1.0
MBOAT1,-0.14427896,-24.104446,0.8852801957279498,1.0
RP11-693J15.5,-0.14427896,-23.7002,0.8852801957279498,1.0
ZC4H2,-0.14427896,-23.71484,0.8852801957279498,1.0
GAB2,-0.14427896,-23.588312,0.8852801957279498,1.0
GNAQ,-0.14427896,-24.037653,0.8852801957279498,1.0
SMURF1,-0.14427896,-23.881048,0.8852801957279498,1.0
CTD-2260A17.2,-0.14427896,-24.07573,0.8852801957279498,1.0
ZNF14,-0.14427896,-23.949017,0.8852801957279498,1.0
GORASP1,-0.14427896,-23.328588,0.8852801957279498,1.0
SUV39H2,-0.14427896,-24.021385,0.8852801957279498,1.0
RP11-98D18.9,-0.14427896,-23.592178,0.8852801957279498,1.0
RP1-317E23.3,-0.14427896,-23.847904,0.8852801957279498,1.0
USP49,-0.14427896,-23.738064,0.8852801957279498,1.0
CTLA4,-0.14427896,-23.615475,0.8852801957279498,1.0
ADCK1,-0.14427896,-23.62692,0.8852801957279498,1.0
THNSL1,-0.14427896,-23.540817,0.8852801957279498,1.0
ITGA6,-0.14427896,-23.750875,0.8852801957279498,1.0
MIR146A,-0.14427896,-23.742506,0.8852801957279498,1.0
AC011558.5,-0.14427896,-23.877625,0.8852801957279498,1.0
DUSP28,-0.14427896,-0.15461633,0.8852801957279498,1.0
NEUROD2,-0.14427896,-23.775042,0.8852801957279498,1.0
CCNI2,-0.14427896,-23.767773,0.8852801957279498,1.0
ZNF845,-0.14427896,-23.817102,0.8852801957279498,1.0
RP11-299J3.8,-0.14427896,-23.757801,0.8852801957279498,1.0
RYR1,-0.14427896,-23.819715,0.8852801957279498,1.0
TIGD3,-0.14427896,-23.500137,0.8852801957279498,1.0
SLC4A5,-0.14427896,-23.749887,0.8852801957279498,1.0
GNG5P2,-0.14427896,-23.957527,0.8852801957279498,1.0
NEK11,-0.14427896,-23.859184,0.8852801957279498,1.0
AIFM2,-0.14427896,-23.9693,0.8852801957279498,1.0
NGFRAP1,-0.14427896,-0.3589012,0.8852801957279498,1.0
NDRG2,-0.14427896,-23.663477,0.8852801957279498,1.0
CTD-3214H19.4,-0.14427896,-23.802305,0.8852801957279498,1.0
RP11-302B13.5,-0.14427896,-24.011053,0.8852801957279498,1.0
SYNJ2,-0.14427896,-23.845339,0.8852801957279498,1.0
MDM1,-0.14427896,-0.43220925,0.8852801957279498,1.0
NSUN4,-0.14427896,-23.760418,0.8852801957279498,1.0
FANCE,-0.14427896,-24.077612,0.8852801957279498,1.0
PPARD,-0.14427896,-23.842194,0.8852801957279498,1.0
C6orf229,-0.14427896,-23.78442,0.8852801957279498,1.0
ABAT,-0.14427896,-23.648544,0.8852801957279498,1.0
FAM13A-AS1,-0.14427896,-23.470203,0.8852801957279498,1.0
TMEM25,-0.14427896,-23.696102,0.8852801957279498,1.0
POMK,-0.14427896,-23.768473,0.8852801957279498,1.0
ABCA7,-0.14427896,-23.77632,0.8852801957279498,1.0
ENC1,-0.14427896,-23.765327,0.8852801957279498,1.0
GGT7,-0.14427896,-23.957785,0.8852801957279498,1.0
CMTM2,-0.14427896,-23.829525,0.8852801957279498,1.0
MAFK,-0.14427896,-23.444822,0.8852801957279498,1.0
CASK,-0.14427896,-23.740557,0.8852801957279498,1.0
C11orf80,-0.14427896,-23.812742,0.8852801957279498,1.0
GPR35,-0.14427896,-23.568447,0.8852801957279498,1.0
ERMAP,-0.14427896,-23.682215,0.8852801957279498,1.0
ADAM12,-0.14427896,-23.696592,0.8852801957279498,1.0
RSPH3,-0.14427896,-23.803804,0.8852801957279498,1.0
CCDC71L,-0.14427896,-23.969238,0.8852801957279498,1.0
NAA60-1,-0.14427896,-23.732151,0.8852801957279498,1.0
C10orf95,-0.14427896,-23.810339,0.8852801957279498,1.0
TRIM54,-0.14427896,-23.724508,0.8852801957279498,1.0
CTD-2371O3.2,-0.14427896,-23.841753,0.8852801957279498,1.0
CTD-2256P15.4,-0.14427896,-23.837288,0.8852801957279498,1.0
AC004854.4,-0.14427896,-23.859486,0.8852801957279498,1.0
ARSB,-0.14427896,-23.79697,0.8852801957279498,1.0
RP11-242D8.1,-0.14427896,-23.802393,0.8852801957279498,1.0
URB2,-0.14427896,-24.338236,0.8852801957279498,1.0
FN3K,-0.14427896,-23.905958,0.8852801957279498,1.0
TMEM8B,-0.14427896,-23.649271,0.8852801957279498,1.0
RP11-112J3.16,-0.14427896,-23.993582,0.8852801957279498,1.0
SLC16A4,-0.14427896,-23.710756,0.8852801957279498,1.0
XXbac-B476C20.9,-0.14427896,-23.550129,0.8852801957279498,1.0
KIAA0226L,-0.14427896,-23.862026,0.8852801957279498,1.0
CD300E,-0.14427896,-23.84725,0.8852801957279498,1.0
NBPF3,-0.14427896,-23.634306,0.8852801957279498,1.0
RWDD3,-0.14427896,-23.576246,0.8852801957279498,1.0
LINC00422,-0.14427896,-23.794958,0.8852801957279498,1.0
TAF5,-0.14427896,-23.967672,0.8852801957279498,1.0
TMEM81,-0.14427896,-23.771223,0.8852801957279498,1.0
PIK3C2B,-0.14427896,-23.857111,0.8852801957279498,1.0
RP11-479G22.8,-0.14427896,-23.862019,0.8852801957279498,1.0
SLC35E4,-0.14427896,-23.591537,0.8852801957279498,1.0
RP11-162G10.5,-0.14427896,-23.51128,0.8852801957279498,1.0
MFAP3,-0.14427896,-23.729813,0.8852801957279498,1.0
SPARC,-0.14427896,-23.728342,0.8852801957279498,1.0
LRFN3,-0.14427896,-23.91467,0.8852801957279498,1.0
ZNF341,-0.14427896,-23.808767,0.8852801957279498,1.0
ITPR2,-0.14427896,-23.724743,0.8852801957279498,1.0
ATP8B2,-0.14427896,-23.704573,0.8852801957279498,1.0
ACSS2,-0.14427896,-23.820644,0.8852801957279498,1.0
FGFR1,-0.14427896,-23.532694,0.8852801957279498,1.0
TMEM110,-0.14427896,-23.732248,0.8852801957279498,1.0
NDST1,-0.14427896,-23.541395,0.8852801957279498,1.0
CTC-338M12.5,-0.14427896,-23.710302,0.8852801957279498,1.0
RP11-542M13.3,-0.14427896,-23.504425,0.8852801957279498,1.0
CPEB2,-0.14427896,-23.931387,0.8852801957279498,1.0
PRKAG2-AS1,-0.14427896,-0.44182485,0.8852801957279498,1.0
WWC3,-0.14427896,-23.866781,0.8852801957279498,1.0
AC010883.5,-0.14427896,-23.903767,0.8852801957279498,1.0
WNT7A,-0.14427896,-23.753529,0.8852801957279498,1.0
RP11-446N19.1,-0.14427896,-23.990364,0.8852801957279498,1.0
PRKCI,-0.14427896,-23.731354,0.8852801957279498,1.0
PIP4K2B,-0.14427896,-23.556005,0.8852801957279498,1.0
RP11-215P8.3,-0.14427896,-23.963408,0.8852801957279498,1.0
SEMA7A,-0.14427896,-23.582346,0.8852801957279498,1.0
RP11-156E8.1,-0.14427896,-23.701952,0.8852801957279498,1.0
TET1,-0.14427896,-23.650038,0.8852801957279498,1.0
WDR5B,-0.14427896,-23.702755,0.8852801957279498,1.0
SDCBP2-AS1,-0.14427896,-24.013287,0.8852801957279498,1.0
C20orf96,-0.14427896,-23.776045,0.8852801957279498,1.0
ZNF436,-0.14427896,-24.59082,0.8852801957279498,1.0
ZDHHC23,-0.14427896,-23.744757,0.8852801957279498,1.0
RP11-1114A5.4,-0.14427896,-23.706852,0.8852801957279498,1.0
AC142528.1,-0.14427896,-23.831287,0.8852801957279498,1.0
LILRA4,-0.14427896,-23.800945,0.8852801957279498,1.0
FCRL5,-0.14427896,-23.831131,0.8852801957279498,1.0
RP1-20N2.6,-0.14427896,-23.883755,0.8852801957279498,1.0
ZNF367,-0.14427896,-23.895172,0.8852801957279498,1.0
CTD-2555O16.4,-0.14427896,-23.779228,0.8852801957279498,1.0
CDCA7L,-0.14427896,-23.747545,0.8852801957279498,1.0
RP11-141B14.1,-0.14427896,-23.947876,0.8852801957279498,1.0
MCF2L-AS1,-0.14427896,-23.516182,0.8852801957279498,1.0
RP11-483I13.5,-0.14427896,-23.719898,0.8852801957279498,1.0
TULP3,-0.14427896,-23.965977,0.8852801957279498,1.0
APOA1,-0.14427896,-23.778435,0.8852801957279498,1.0
ST8SIA1,-0.14427896,-23.700668,0.8852801957279498,1.0
KRBA1,-0.14427896,-23.86342,0.8852801957279498,1.0
RBM47,-0.14427896,-23.849882,0.8852801957279498,1.0
C12orf60,-0.14427896,-23.845747,0.8852801957279498,1.0
RP11-96K19.5,-0.14427896,-23.825188,0.8852801957279498,1.0
RP11-284N8.3,-0.14427896,-23.8162,0.8852801957279498,1.0
RP11-867G23.8,-0.14427896,-23.601269,0.8852801957279498,1.0
RP5-1180C10.2,-0.14427896,-23.7969,0.8852801957279498,1.0
TNKS1BP1,-0.14427896,-23.849358,0.8852801957279498,1.0
CXCL16,-0.14427896,-23.79083,0.8852801957279498,1.0
TMEM79,-0.14427896,-23.845793,0.8852801957279498,1.0
DTX1,-0.14427896,-23.66555,0.8852801957279498,1.0
CD1D,-0.14427896,-23.56686,0.8852801957279498,1.0
KCTD7,-0.14427896,-23.841415,0.8852801957279498,1.0
AC004893.11,-0.14427896,-24.010973,0.8852801957279498,1.0
LMTK2,-0.14427896,-23.79809,0.8852801957279498,1.0
PZP,-0.14427896,-24.00687,0.8852801957279498,1.0
SSH3,-0.14427896,-23.827934,0.8852801957279498,1.0
RP11-705O1.8,-0.14427896,-23.704573,0.8852801957279498,1.0
IGSF22,-0.14427896,-23.637293,0.8852801957279498,1.0
BZW2,-0.14427896,-0.25267872,0.8852801957279498,1.0
ZNF483,-0.14427896,-23.713362,0.8852801957279498,1.0
CTB-118N6.3,-0.14427896,-23.591112,0.8852801957279498,1.0
HSPB9,-0.14427896,-23.726646,0.8852801957279498,1.0
FBLN7,-0.14427896,-23.352463,0.8852801957279498,1.0
MAGI3,-0.14427896,-23.167645,0.8852801957279498,1.0
DUSP16,-0.14427896,-23.907743,0.8852801957279498,1.0
DDX19A,-0.14427896,-0.24248022,0.8852801957279498,1.0
STARD10,-0.14427896,-23.857767,0.8852801957279498,1.0
PCAT1,-0.14427896,-24.046017,0.8852801957279498,1.0
NR2F6,-0.14427896,-23.603928,0.8852801957279498,1.0
PTK2,-0.14427896,-23.714603,0.8852801957279498,1.0
ANKRD9,-0.14427896,-23.918821,0.8852801957279498,1.0
TIMP2,-0.14427896,-23.85718,0.8852801957279498,1.0
DCAF16,-0.14427896,-0.47468892,0.8852801957279498,1.0
LINC00544,-0.14427896,-23.64952,0.8852801957279498,1.0
SLC7A1,-0.14427896,-23.982275,0.8852801957279498,1.0
LA16c-358B7.3,-0.14427896,-23.819084,0.8852801957279498,1.0
RP11-649E7.5,-0.14427896,-23.749424,0.8852801957279498,1.0
RP11-89K10.1,-0.14427896,-23.682053,0.8852801957279498,1.0
NAP1L6,-0.14427896,-23.949694,0.8852801957279498,1.0
FAM21A,-0.14427896,-23.66972,0.8852801957279498,1.0
ROCK2,-0.14427896,-23.822075,0.8852801957279498,1.0
ANK3,-0.14427896,-23.730486,0.8852801957279498,1.0
RASSF2,-0.14427896,-23.720987,0.8852801957279498,1.0
RP11-192H23.6,-0.14427896,-23.713362,0.8852801957279498,1.0
RP11-89K11.1,-0.14427896,-23.928423,0.8852801957279498,1.0
CAPN8,-0.14427896,-23.764658,0.8852801957279498,1.0
RP11-50E11.3,-0.14427896,-23.867352,0.8852801957279498,1.0
EPHA4,-0.14427896,-23.622662,0.8852801957279498,1.0
ZCCHC14,-0.14427896,-23.827728,0.8852801957279498,1.0
LINC00877,-0.14427896,-23.775736,0.8852801957279498,1.0
AC025171.1,-0.14427896,-23.733204,0.8852801957279498,1.0
EPHA1,-0.14427896,-23.384583,0.8852801957279498,1.0
ZBED6CL,-0.14427896,-23.7011,0.8852801957279498,1.0
SNURF,-0.14427896,-23.84722,0.8852801957279498,1.0
RP11-290F20.3,-0.14427896,-23.571703,0.8852801957279498,1.0
ST3GAL3,-0.14427896,-23.580603,0.8852801957279498,1.0
GADD45G,-0.14427896,-23.527205,0.8852801957279498,1.0
RBM23,-0.14427896,-0.14662,0.8852801957279498,1.0
TP53I11,-0.14427896,-23.790709,0.8852801957279498,1.0
ALKBH8,-0.14427896,-23.751022,0.8852801957279498,1.0
RBAK,-0.14427896,-23.712812,0.8852801957279498,1.0
TTYH3,-0.14427896,-23.732853,0.8852801957279498,1.0
CSNK2A2,-0.14427896,-23.837967,0.8852801957279498,1.0
PPME1,-0.14427896,-23.913845,0.8852801957279498,1.0
MAN1A1,-0.14427896,-23.95804,0.8852801957279498,1.0
RP11-15H20.7,-0.14427896,-23.833567,0.8852801957279498,1.0
MIR940,-0.14427896,-23.756538,0.8852801957279498,1.0
PLEKHA8,-0.14427896,-24.04071,0.8852801957279498,1.0
PGM3,-0.14427896,-23.645992,0.8852801957279498,1.0
MSTO1,-0.14427896,-23.766346,0.8852801957279498,1.0
EXD2,-0.14427896,-23.505472,0.8852801957279498,1.0
ZEB2-AS1,-0.14427896,-24.104446,0.8852801957279498,1.0
NBPF1,-0.14427896,-23.83572,0.8852801957279498,1.0
C5orf34,-0.14427896,-23.759361,0.8852801957279498,1.0
HSPA1L,-0.14427896,-24.018116,0.8852801957279498,1.0
KCNH8,-0.14427896,-23.72842,0.8852801957279498,1.0
RP11-656D10.3,-0.14427896,-23.708853,0.8852801957279498,1.0
H1F0,-0.14427896,-23.682558,0.8852801957279498,1.0
KB-1507C5.2,-0.14427896,-23.92229,0.8852801957279498,1.0
ZNF555,-0.14427896,-23.912983,0.8852801957279498,1.0
CTD-2035E11.5,-0.14427896,-23.857595,0.8852801957279498,1.0
AFAP1,-0.14427896,-23.829405,0.8852801957279498,1.0
NUMBL,-0.14427896,-23.800924,0.8852801957279498,1.0
IRGQ,-0.14427896,-23.97212,0.8852801957279498,1.0
ROM1,-0.14427896,-23.735765,0.8852801957279498,1.0
DIP2C,-0.14427896,-23.912495,0.8852801957279498,1.0
GP1BA,-0.14427896,-23.549227,0.8852801957279498,1.0
ACSM3,-0.14427896,-23.791622,0.8852801957279498,1.0
ZCWPW1,-0.14427896,-23.807547,0.8852801957279498,1.0
MBLAC1,-0.14427896,-24.057125,0.8852801957279498,1.0
TRIM3,-0.14427896,-23.820995,0.8852801957279498,1.0
ABCD2,-0.14427896,-23.611525,0.8852801957279498,1.0
RP11-536C5.7,-0.14427896,-23.774893,0.8852801957279498,1.0
PIGM,-0.14427896,-23.987637,0.8852801957279498,1.0
CROCC,-0.14427896,-23.542976,0.8852801957279498,1.0
ZNF552,-0.14427896,-23.489353,0.8852801957279498,1.0
HLA-DOA,-0.14427896,-23.867668,0.8852801957279498,1.0
DDR1,-0.14427896,-23.809425,0.8852801957279498,1.0
ZNF776,-0.14427896,-23.810892,0.8852801957279498,1.0
NFIA,-0.14427896,-24.067383,0.8852801957279498,1.0
LIMS2,-0.14427896,-23.775238,0.8852801957279498,1.0
RP11-498P14.5,-0.14427896,-23.748154,0.8852801957279498,1.0
LOXL1,-0.14427896,-23.774708,0.8852801957279498,1.0
RP11-47A8.5,-0.14427896,-23.55575,0.8852801957279498,1.0
POLE,-0.14427896,-23.979132,0.8852801957279498,1.0
RP11-227D13.4,-0.14427896,-23.7618,0.8852801957279498,1.0
KRT18,-0.14427896,-23.690044,0.8852801957279498,1.0
ARL11,-0.14427896,-23.80023,0.8852801957279498,1.0
GPR174,-0.14427896,-23.768322,0.8852801957279498,1.0
GRASP,-0.14427896,-23.219788,0.8852801957279498,1.0
ZNF440,-0.14427896,-23.60875,0.8852801957279498,1.0
NUBP1,-0.14466268,-0.36990008,0.8849772094602586,1.0
ASMTL,-0.14466268,-0.19738796,0.8849772094602586,1.0
ETV6,-0.1450464,-0.5211659,0.884674240010884,1.0
NFE2L1,-0.1450464,-0.48840997,0.884674240010884,1.0
RMDN1,-0.1450464,-0.2890538,0.884674240010884,1.0
TAOK2,-0.1450464,-0.082747184,0.884674240010884,1.0
PLXND1,-0.1450464,-0.4855849,0.884674240010884,1.0
TIMM21,-0.1450464,-0.6278442,0.884674240010884,1.0
AC079922.3,-0.1450464,-0.5171069,0.884674240010884,1.0
GOLGA2,-0.1450464,-0.5449194,0.884674240010884,1.0
BUD13,-0.14581384,-0.5120553,0.8840683517417719,1.0
ACTN1,-0.14581384,-0.5228767,0.8840683517417719,1.0
LRRC42,-0.14581384,-0.5794717,0.8840683517417719,1.0
SNORD3D,-0.14581384,-0.5721413,0.8840683517417719,1.0
NDUFA10,-0.14581384,-0.118805714,0.8840683517417719,1.0
CAPN15,-0.14581384,-0.52982193,0.8840683517417719,1.0
TMEM161A,-0.14581384,-0.30494577,0.8840683517417719,1.0
AP003733.1,-0.14581384,-0.80258584,0.8840683517417719,1.0
POFUT2,-0.14658128,-0.6352627,0.8834625312699136,1.0
COPS8,-0.14658128,-0.15159526,0.8834625312699136,1.0
IER3,-0.14658128,-0.25847208,0.8834625312699136,1.0
SERGEF,-0.14658128,-0.31911305,0.8834625312699136,1.0
TTC31,-0.14658128,-0.7075207,0.8834625312699136,1.0
GLRX5,-0.14658128,-0.15107574,0.8834625312699136,1.0
SBF1,-0.14658128,-0.2922141,0.8834625312699136,1.0
UTY,-0.14658128,-0.38949057,0.8834625312699136,1.0
C4orf32,-0.14658128,-0.6204274,0.8834625312699136,1.0
BCL2L11,-0.14658128,-0.5793368,0.8834625312699136,1.0
MFNG,-0.146965,-0.13045359,0.8831596465670785,1.0
KHDRBS1,-0.146965,-0.11854286,0.8831596465670785,1.0
LETM1,-0.14734872,-0.6967569,0.8828567789444906,1.0
COG3,-0.14734872,-0.5684161,0.8828567789444906,1.0
NDFIP1,-0.14734872,-0.0513101,0.8828567789444906,1.0
ANKMY1,-0.14734872,-0.6369771,0.8828567789444906,1.0
TATDN1,-0.14734872,-0.63786906,0.8828567789444906,1.0
NCAPH2,-0.14734872,-0.27953067,0.8828567789444906,1.0
GOLGA1,-0.14734872,-0.58076966,0.8828567789444906,1.0
PJA1,-0.14734872,-0.6434612,0.8828567789444906,1.0
PRDM4,-0.14811616,-0.61991596,0.8822510951145645,1.0
ESCO1,-0.14811616,-0.72300094,0.8822510951145645,1.0
DRAM2,-0.14811616,-0.14353329,0.8822510951145645,1.0
ASH1L,-0.14811616,-0.35165414,0.8822510951145645,1.0
ATG4C,-0.14811616,-0.59183604,0.8822510951145645,1.0
CXorf40B,-0.14811616,-0.30931172,0.8822510951145645,1.0
VPS45,-0.14811616,-0.63921434,0.8822510951145645,1.0
RBMS1,-0.14811616,-0.13897723,0.8822510951145645,1.0
TRAPPC2,-0.1488836,-0.33431464,0.8816454801290771,1.0
NFKBIE,-0.1488836,-0.5971507,0.8816454801290771,1.0
RP11-640M9.1,-0.1488836,-0.72793394,0.8816454801290771,1.0
ZNF326,-0.1488836,-0.2952334,0.8816454801290771,1.0
RSL24D1,-0.14926733,-0.07296664,0.8813426985620091,1.0
RFC1,-0.14965105,-0.20544517,0.8810399343368491,1.0
CDKN1A,-0.15041849,-0.7939816,0.8804344580865804,1.0
ABCG1,-0.15041849,-0.70103,0.8804344580865804,1.0
KAT2A,-0.15041849,-0.85993105,0.8804344580865804,1.0
DYNC2LI1,-0.15041849,-0.83556235,0.8804344580865804,1.0
PRIM2,-0.15118593,-0.8410268,0.8798290517268481,1.0
CCDC137,-0.15118593,-0.3866202,0.8798290517268481,1.0
METTL8,-0.15118593,-0.68563277,0.8798290517268481,1.0
CHURC1,-0.15156965,-0.069115475,0.8795263748648303,1.0
PCGF3,-0.15195337,-0.70834196,0.8792237156061076,1.0
PPM1N,-0.15195337,-0.8188279,0.8792237156061076,1.0
ATIC,-0.15233709,-0.1811956,0.8789210739942177,1.0
RBM12,-0.15272081,-0.8825046,0.8786184500726906,1.0
COMMD3,-0.15310453,-0.25722846,0.8783158438850482,1.0
CIZ1,-0.15348825,-0.40172303,0.878013255474805,1.0
RAD9A,-0.15348825,-0.072765395,0.878013255474805,1.0
CTC-444N24.11,-0.15348825,-0.87588245,0.878013255474805,1.0
TAMM41,-0.15425569,-0.39878297,0.8774081321605349,1.0
TUBB4B,-0.15502313,-0.10485155,0.8768030804778388,1.0
RP11-489E7.4,-0.15540685,-0.29657084,0.8765005816070339,1.0
SLMAP,-0.15694174,-0.25622395,0.8752907669415801,1.0
CCDC88C,-0.15694174,-0.061863445,0.8752907669415801,1.0
IRF2BP2,-0.15694174,-0.13989608,0.8752907669415801,1.0
ZNF277,-0.15732546,-0.2656774,0.8749883586968958,1.0
STAT3,-0.15770918,-0.08896308,0.8746859687077504,1.0
ATXN2L,-0.15770918,-0.14549771,0.8746859687077504,1.0
TFB1M,-0.15770918,-0.19957797,0.8746859687077504,1.0
COPS5,-0.15847662,-0.065457046,0.8740812436697468,1.0
TAF9,-0.15886034,-0.1382176,0.8737789087077039,1.0
DNAL4,-0.15886034,-0.40978375,0.8737789087077039,1.0
EGLN1,-0.15886034,-0.6180469,0.8737789087077039,1.0
MRPL53,-0.15886034,-0.31314266,0.8737789087077039,1.0
GPBP1L1,-0.15924406,-0.19701147,0.8734765921748301,1.0
SFT2D1,-0.15924406,-0.12127317,0.8734765921748301,1.0
TMEM5,-0.15962778,-0.47120917,0.8731742941145131,1.0
PET117,-0.15962778,-0.07395992,0.8731742941145131,1.0
USP48,-0.15962778,-0.32836792,0.8731742941145131,1.0
THOC3,-0.16039522,-0.530163,0.8725697535850585,1.0
MIER1,-0.16077894,-0.23277088,0.8722675112026553,1.0
TCEAL3,-0.16077894,-0.12049365,0.8722675112026553,1.0
CPSF1,-0.16077894,-0.2190649,0.8722675112026553,1.0
RUVBL1,-0.16116266,-0.20452254,0.8719652874662775,1.0
PNRC1,-0.16154638,-0.052290507,0.8716630824192722,1.0
PCBP2,-0.16154638,-0.056621157,0.8716630824192722,1.0
FUBP1,-0.16154638,-0.17001267,0.8716630824192722,1.0
HNRNPK,-0.16231382,-0.06595878,0.8710587285667244,1.0
DNMT1,-0.16231382,-0.17907256,0.8710587285667244,1.0
DHX36,-0.16269754,-0.20861284,0.8707565798478346,1.0
VMAC,-0.16308126,-0.107587494,0.8704544499916225,1.0
BCL9L,-0.16308126,-0.2995793,0.8704544499916225,1.0
TOMM5,-0.163465,-0.21027128,0.8701523390413934,1.0
RAPGEF1,-0.16384871,-0.36813194,0.8698502470404451,1.0
MGEA5,-0.16423243,-0.16675834,0.8695481740320665,1.0
C6orf226,-0.16499987,-0.25717592,0.8689440851661338,1.0
HUS1,-0.16538359,-0.315841,0.868642069395116,1.0
KLF3,-0.16538359,-0.15158612,0.868642069395116,1.0
YTHDC2,-0.16538359,-0.32369205,0.868642069395116,1.0
SRP68,-0.16576731,-0.14956,0.8683400727897415,1.0
ZDHHC3,-0.16576731,-0.27838326,0.8683400727897415,1.0
NDE1,-0.16576731,-0.26492804,0.8683400727897415,1.0
NUDT3,-0.16576731,-0.22320911,0.8683400727897415,1.0
LRIF1,-0.16615103,-0.16348161,0.8680380953932572,1.0
RYBP,-0.16653475,-0.69393504,0.8677361372489023,1.0
YAE1D1,-0.16653475,-0.8779755,0.8677361372489023,1.0
UQCR11-1,-0.16653475,-0.092537604,0.8677361372489023,1.0
ATG16L1,-0.16653475,-0.73814946,0.8677361372489023,1.0
SF3A1,-0.16691847,-0.20830026,0.8674341983999072,1.0
C16orf98,-0.16730219,-0.62598306,0.8671322788894942,1.0
GTDC1,-0.16730219,-0.66936636,0.8671322788894942,1.0
USP8,-0.16730219,-0.06362069,0.8671322788894942,1.0
IL1B,-0.16730219,-0.82235336,0.8671322788894942,1.0
LINC00426,-0.16730219,-0.7259147,0.8671322788894942,1.0
SRRD,-0.16730219,-0.7476329,0.8671322788894942,1.0
AK9,-0.16730219,-0.6517109,0.8671322788894942,1.0
NDUFAF1,-0.16806963,-0.30337882,0.8665284980572602,1.0
RP11-589C21.6,-0.16806963,-0.6194832,0.8665284980572602,1.0
GBA2,-0.16806963,-0.8218927,0.8665284980572602,1.0
APEH,-0.16806963,-0.24176963,0.8665284980572602,1.0
KBTBD2,-0.16806963,-0.7745398,0.8665284980572602,1.0
KLHL21,-0.16806963,-0.75766313,0.8665284980572602,1.0
KIAA0100,-0.16806963,-0.7395718,0.8665284980572602,1.0
GSTT1,-0.16806963,-0.69685656,0.8665284980572602,1.0
KCNQ1OT1,-0.16806963,-0.8419767,0.8665284980572602,1.0
C10orf88,-0.16806963,-0.8014114,0.8665284980572602,1.0
HRSP12,-0.16806963,-0.70984644,0.8665284980572602,1.0
LINC00954,-0.16806963,-0.76017374,0.8665284980572602,1.0
MAP3K2,-0.16806963,-0.8475636,0.8665284980572602,1.0
ATG7,-0.16806963,-0.7389408,0.8665284980572602,1.0
RFX1,-0.16806963,-0.7338326,0.8665284980572602,1.0
AC113189.5,-0.16806963,-0.24313584,0.8665284980572602,1.0
CAMK2G,-0.16845335,-0.12368378,0.866226636821841,1.0
ELP3,-0.16845335,-0.466533,0.866226636821841,1.0
MRPS27,-0.16845335,-0.42175043,0.866226636821841,1.0
GOSR2,-0.16845335,-0.2494645,0.866226636821841,1.0
GPR132,-0.16883707,-0.6943466,0.8659247950978075,1.0
C11orf68,-0.16883707,-0.7782282,0.8659247950978075,1.0
SNX29P2,-0.16883707,-0.8683744,0.8659247950978075,1.0
ITPR1,-0.16883707,-0.816051,0.8659247950978075,1.0
ZEB1,-0.16883707,-0.75982046,0.8659247950978075,1.0
RP5-827C21.4,-0.16883707,-0.78936505,0.8659247950978075,1.0
FASTKD1,-0.16883707,-1.0421122,0.8659247950978075,1.0
SLC35B1,-0.16883707,-0.16805539,0.8659247950978075,1.0
CCL28,-0.16883707,-0.8584467,0.8659247950978075,1.0
FOXO1,-0.16883707,-0.75659734,0.8659247950978075,1.0
MED21,-0.16883707,-0.8408368,0.8659247950978075,1.0
STX2,-0.16883707,-0.92501885,0.8659247950978075,1.0
KDM3A,-0.16883707,-0.84959257,0.8659247950978075,1.0
EPHX2,-0.16883707,-0.84359586,0.8659247950978075,1.0
PHTF2,-0.16883707,-0.77278835,0.8659247950978075,1.0
PRKCA,-0.16883707,-0.76233596,0.8659247950978075,1.0
TBK1,-0.16922079,-0.3248095,0.8656229729283391,1.0
NABP1,-0.16922079,-0.3130531,0.8656229729283391,1.0
PTPN9,-0.16922079,-0.33999044,0.8656229729283391,1.0
TRIM25,-0.16922079,-0.43350604,0.8656229729283391,1.0
FHL1,-0.16960451,-1.2670857,0.8653211703566069,1.0
ARIH1,-0.16960451,-0.8818413,0.8653211703566069,1.0
ZNF25,-0.16960451,-0.9145578,0.8653211703566069,1.0
FAM73B,-0.16960451,-0.9133367,0.8653211703566069,1.0
NRIP1,-0.16960451,-0.88046277,0.8653211703566069,1.0
ZSWIM8,-0.16960451,-0.9619389,0.8653211703566069,1.0
APBB1IP,-0.16960451,-0.16743289,0.8653211703566069,1.0
TMEM222,-0.16960451,-0.167085,0.8653211703566069,1.0
CTD-3184A7.4,-0.16960451,-0.26892447,0.8653211703566069,1.0
SNORD3B-2,-0.16960451,-0.90934575,0.8653211703566069,1.0
SENP7,-0.16960451,-0.8890358,0.8653211703566069,1.0
TFAP4,-0.16960451,-0.68702674,0.8653211703566069,1.0
MICAL1,-0.16998823,-0.32252747,0.8650193874257734,1.0
MFGE8,-0.17037196,-0.9897661,0.8647176241789927,1.0
TAOK1,-0.17037196,-0.82071054,0.8647176241789927,1.0
RP11-332H14.2,-0.17037196,-1.0120922,0.8647176241789927,1.0
ZNF85,-0.17037196,-0.9403083,0.8647176241789927,1.0
PDDC1,-0.17037196,-0.8641384,0.8647176241789927,1.0
MANEA,-0.17037196,-0.94092625,0.8647176241789927,1.0
RPS17,-0.17037196,-0.7615648,0.8647176241789927,1.0
EVA1C,-0.17037196,-0.90812343,0.8647176241789927,1.0
MLKL,-0.17037196,-0.27139622,0.8647176241789927,1.0
TSPYL4,-0.17037196,-0.8588943,0.8647176241789927,1.0
SLC25A19,-0.17037196,-1.0362678,0.8647176241789927,1.0
TGFBI,-0.17037196,-0.8620876,0.8647176241789927,1.0
ZNF33B,-0.17037196,-0.933714,0.8647176241789927,1.0
DHX32,-0.17075568,-0.9205672,0.8644158806594097,1.0
SLC25A36,-0.17075568,-0.38860416,0.8644158806594097,1.0
POLR2A,-0.17075568,-0.21797514,0.8644158806594097,1.0
PNPLA8,-0.17075568,-0.3983805,0.8644158806594097,1.0
POLRMT,-0.1711394,-0.95253205,0.8641141569101611,1.0
SLC37A4,-0.1711394,-1.0019985,0.8641141569101611,1.0
KHSRP,-0.1711394,-0.9993242,0.8641141569101611,1.0
LILRB2,-0.1711394,-0.9221839,0.8641141569101611,1.0
SERTAD2,-0.1711394,-0.85660326,0.8641141569101611,1.0
DAXX,-0.1711394,-0.15920906,0.8641141569101611,1.0
ZYG11B,-0.1711394,-1.0421795,0.8641141569101611,1.0
IPO7,-0.1711394,-1.0074769,0.8641141569101611,1.0
CTB-133G6.1,-0.1711394,-0.9060508,0.8641141569101611,1.0
ZNF708,-0.1711394,-0.9664155,0.8641141569101611,1.0
ZNF333,-0.1711394,-1.1991147,0.8641141569101611,1.0
NDRG1,-0.17152312,-0.42172584,0.8638124529743751,1.0
TMEM189,-0.17152312,-0.47240648,0.8638124529743751,1.0
USP9X,-0.17152312,-0.47370714,0.8638124529743751,1.0
UBIAD1,-0.17152312,-0.3756372,0.8638124529743751,1.0
CXorf24,-0.17190684,-1.0012821,0.8635107688951709,1.0
ANKRD26,-0.17190684,-1.1308714,0.8635107688951709,1.0
TARS2,-0.17190684,-0.9829789,0.8635107688951709,1.0
GPATCH3,-0.17190684,-0.9518298,0.8635107688951709,1.0
NME7,-0.17190684,-1.1243638,0.8635107688951709,1.0
FAM91A1,-0.17190684,-1.0977447,0.8635107688951709,1.0
ADO,-0.17190684,-1.1312338,0.8635107688951709,1.0
SVIL,-0.17190684,-0.95443124,0.8635107688951709,1.0
DDX59,-0.17229056,-0.5493113,0.863209104715659,1.0
ADPRM,-0.17229056,-0.50851166,0.863209104715659,1.0
ZNF582,-0.17267428,-1.1401939,0.8629074604789416,1.0
STK38L,-0.17267428,-1.11692,0.8629074604789416,1.0
ABL2,-0.17267428,-0.9851188,0.8629074604789416,1.0
PPP1R10,-0.17267428,-0.11536675,0.8629074604789416,1.0
LINS,-0.17267428,-0.12940574,0.8629074604789416,1.0
HSD17B12,-0.17267428,-1.1558987,0.8629074604789416,1.0
IBTK,-0.173058,-0.51575184,0.8626058362281118,1.0
ADAM15,-0.17344172,-1.216415,0.8623042320062541,1.0
ZC3H8,-0.17382544,-0.5674858,0.862002647856444,1.0
INTS12,-0.17382544,-0.5089981,0.862002647856444,1.0
PLGRKT,-0.17382544,-0.1657541,0.862002647856444,1.0
USP11,-0.17420916,-0.29153305,0.8617010838217487,1.0
CCDC25,-0.17420916,-0.1416707,0.8617010838217487,1.0
SNRNP25,-0.17420916,-0.26378432,0.8617010838217487,1.0
TK1,-0.17420916,-1.1584389,0.8617010838217487,1.0
LUZP1,-0.17459288,-0.47489786,0.8613995399452262,1.0
GLT8D1,-0.1749766,-0.17733316,0.861098016269926,1.0
SAMD9,-0.1749766,-0.3219854,0.861098016269926,1.0
SLC46A3,-0.17536032,-0.50577414,0.8607965128388884,1.0
C9orf69,-0.17536032,-0.1542279,0.8607965128388884,1.0
ACOT13,-0.17536032,-0.53242916,0.8607965128388884,1.0
PSPC1,-0.17574404,-0.12741108,0.860495029695145,1.0
HTATIP2,-0.17574404,-0.11709599,0.860495029695145,1.0
VPS35,-0.17612776,-0.29456884,0.8601935668817187,1.0
PTEN,-0.17612776,-0.49485195,0.8601935668817187,1.0
BROX,-0.17612776,-0.54116476,0.8601935668817187,1.0
GATA3,-0.17612776,-0.15183318,0.8601935668817187,1.0
TP53TG1,-0.17727894,-0.12628505,0.8592893008534367,1.0
ZNF384,-0.17766266,-0.6280055,0.8589879197913284,1.0
ZNF639,-0.17766266,-0.47065428,0.8589879197913284,1.0
USP36,-0.17766266,-0.60765,0.8589879197913284,1.0
METTL9,-0.17766266,-0.12928084,0.8589879197913284,1.0
AKAP17A,-0.17804638,-0.36037558,0.8586865592745174,1.0
RP11-35G9.3,-0.17881382,-0.36005238,0.8580839000486548,1.0
STIM2,-0.17881382,-0.3628567,0.8580839000486548,1.0
RBM5,-0.17881382,-0.3380124,0.8580839000486548,1.0
BRD2,-0.17919753,-0.0821811,0.8577826014255144,1.0
SNRNP27,-0.17958125,-0.36609128,0.857481323519494,1.0
IAH1,-0.17958125,-0.029645758,0.857481323519494,1.0
AGL,-0.17996497,-0.6702976,0.8571800663735265,1.0
TIMM50,-0.1803487,-0.36313224,0.8568788300305359,1.0
GNL3,-0.1803487,-0.16842154,0.8568788300305359,1.0
RUNX1,-0.18111613,-0.20353127,0.8562764199251359,1.0
GTPBP8,-0.18111613,-0.17202078,0.8562764199251359,1.0
GRN,-0.18149985,-0.10150647,0.855975246248529,1.0
NUCKS1,-0.1822673,-0.15877102,0.855372961861939,1.0
ATP13A1,-0.18265101,-0.23144539,0.8550718512377035,1.0
ZNF880,-0.18303473,-0.6253152,0.8547707617166572,1.0
ELAC2,-0.1841859,-0.34307268,0.8538676202011158,1.0
ASNSD1,-0.18495335,-0.17556986,0.8532656321587189,1.0
SNRPA1,-0.18533707,-0.08245505,0.8529646701563507,1.0
CTNNB1,-0.18533707,-0.37871674,0.8529646701563507,1.0
COLQ,-0.18572079,-0.42939845,0.8526637295569325,1.0
RASGRP1,-0.18648823,-0.41621274,0.8520619127380797,1.0
GGNBP2,-0.18648823,-0.17155433,0.8520619127380797,1.0
TMEM185B,-0.18725567,-0.36678773,0.8514601820443339,1.0
TAF3,-0.18879054,-0.50718045,0.8502569804001042,1.0
HINT3,-0.18879054,-0.6082161,0.8502569804001042,1.0
SLAIN2,-0.18955798,-0.38603288,0.8496555101332123,1.0
RPS6KB1,-0.18955798,-0.34533936,0.8496555101332123,1.0
P4HTM,-0.19032542,-0.40704733,0.8490541273586106,1.0
SS18,-0.19032542,-0.45107588,0.8490541273586106,1.0
OPA1,-0.19032542,-0.46461076,0.8490541273586106,1.0
CYLD,-0.19032542,-0.1498556,0.8490541273586106,1.0
CACNA2D4,-0.19032542,-0.36846143,0.8490541273586106,1.0
EXOSC10,-0.19032542,-0.25615644,0.8490541273586106,1.0
PPP1R37,-0.19109288,-0.54345787,0.8484528324177147,1.0
PRR14,-0.19109288,-0.21251968,0.8484528324177147,1.0
KPNA1,-0.19109288,0.08761193,0.8484528324177147,1.0
NOM1,-0.19109288,-0.545675,0.8484528324177147,1.0
RNF34,-0.1914766,-0.10473933,0.8481522179915568,1.0
SRSF1,-0.1914766,-0.09684075,0.8481522179915568,1.0
TIPIN,-0.19186032,-1.1878797,0.8478516256517866,1.0
ZRANB1,-0.19186032,-1.4861581,0.8478516256517866,1.0
FANCA,-0.19186032,-1.1474922,0.8478516256517866,1.0
IDE,-0.19186032,-1.5659226,0.8478516256517866,1.0
C9orf72,-0.19186032,-1.0486115,0.8478516256517866,1.0
MTL5,-0.19186032,-1.350485,0.8478516256517866,1.0
ELK1,-0.19186032,-1.477342,0.8478516256517866,1.0
RP11-445H22.3,-0.19186032,-1.4941119,0.8478516256517866,1.0
GIT1,-0.19186032,-1.3297669,0.8478516256517866,1.0
ZNF184,-0.19186032,-1.3855563,0.8478516256517866,1.0
ZNF382,-0.19186032,-1.3057008,0.8478516256517866,1.0
COL18A1,-0.19186032,-1.5246476,0.8478516256517866,1.0
ZKSCAN8,-0.19186032,-1.514756,0.8478516256517866,1.0
NAIF1,-0.19186032,-1.4324378,0.8478516256517866,1.0
IPO8,-0.19186032,-1.4144855,0.8478516256517866,1.0
DHX33,-0.19186032,-1.0513313,0.8478516256517866,1.0
PLXDC1,-0.19186032,-1.3769246,0.8478516256517866,1.0
LINC00116,-0.19186032,-0.19988066,0.8478516256517866,1.0
PLCD1,-0.19186032,-0.9889142,0.8478516256517866,1.0
SLC9A8,-0.19186032,-1.4899651,0.8478516256517866,1.0
POU2F1,-0.19186032,-1.2265553,0.8478516256517866,1.0
MGST3,-0.19186032,-0.10431951,0.8478516256517866,1.0
ZNF766,-0.19186032,-0.3859899,0.8478516256517866,1.0
ANKRD40,-0.19186032,-1.3846384,0.8478516256517866,1.0
FBXW8,-0.19262776,-1.4319803,0.8472505074019345,1.0
FAM20B,-0.19262776,-1.5781326,0.8472505074019345,1.0
ASNS,-0.19262776,-1.6045142,0.8472505074019345,1.0
HYI,-0.19262776,-1.4469811,0.8472505074019345,1.0
LINC00176,-0.19262776,-1.4776431,0.8472505074019345,1.0
RP11-252A24.7,-0.19262776,-1.4718097,0.8472505074019345,1.0
ALOX5,-0.19262776,-1.5010358,0.8472505074019345,1.0
FAM65A,-0.19262776,-1.4773362,0.8472505074019345,1.0
ZSCAN2,-0.19262776,-1.5966028,0.8472505074019345,1.0
PSKH1,-0.19262776,-1.5875883,0.8472505074019345,1.0
F8,-0.19262776,-1.5131041,0.8472505074019345,1.0
NOL8,-0.19262776,-0.51055855,0.8472505074019345,1.0
AC093388.3,-0.19262776,-1.5954887,0.8472505074019345,1.0
UBE2Q1,-0.19262776,-1.5248957,0.8472505074019345,1.0
TRIM35,-0.19262776,-0.47110444,0.8472505074019345,1.0
TAF2,-0.19262776,-1.6017987,0.8472505074019345,1.0
RP11-44N11.2,-0.19262776,-1.4474018,0.8472505074019345,1.0
FBXL6,-0.19262776,-1.6008072,0.8472505074019345,1.0
ATP13A3,-0.19262776,-1.5769888,0.8472505074019345,1.0
TADA2B,-0.19262776,-1.3917787,0.8472505074019345,1.0
FAM126A,-0.19262776,-1.4493414,0.8472505074019345,1.0
C6orf120,-0.19262776,-1.4972551,0.8472505074019345,1.0
RP11-427H3.3,-0.19262776,-0.5051499,0.8472505074019345,1.0
THG1L,-0.19262776,-1.5287392,0.8472505074019345,1.0
RLF,-0.19262776,-1.5831143,0.8472505074019345,1.0
RFTN1,-0.19262776,-0.38374498,0.8472505074019345,1.0
CREG1,-0.19262776,-0.52602047,0.8472505074019345,1.0
TOE1,-0.19262776,-1.576176,0.8472505074019345,1.0
ULK4,-0.19262776,-1.5291891,0.8472505074019345,1.0
SLC25A28,-0.19262776,-1.4749286,0.8472505074019345,1.0
RPP40,-0.19262776,-1.5298473,0.8472505074019345,1.0
RAB34,-0.19262776,-1.8921437,0.8472505074019345,1.0
UVSSA,-0.19262776,-1.4879538,0.8472505074019345,1.0
MIOS,-0.19262776,-1.5911855,0.8472505074019345,1.0
FAM193A,-0.19262776,-1.4903628,0.8472505074019345,1.0
ANKRD42,-0.19262776,-1.5285993,0.8472505074019345,1.0
DDHD1,-0.19262776,-0.5323484,0.8472505074019345,1.0
RSU1,-0.19301148,-0.12770739,0.8469499815770911,1.0
KCNA3,-0.1933952,-0.35523963,0.8466494780091122,1.0
PATL1,-0.1933952,-1.518027,0.8466494780091122,1.0
ZSCAN25,-0.1933952,-1.6516036,0.8466494780091122,1.0
KIAA1147,-0.1933952,-1.682614,0.8466494780091122,1.0
ZNF681,-0.1933952,-1.6787037,0.8466494780091122,1.0
PIGL,-0.1933952,-1.660838,0.8466494780091122,1.0
RP5-886K2.3,-0.1933952,-1.6338034,0.8466494780091122,1.0
PCMTD2,-0.1933952,-0.50495386,0.8466494780091122,1.0
CTSL,-0.1933952,-1.5322545,0.8466494780091122,1.0
FAM120C,-0.1933952,-1.7130424,0.8466494780091122,1.0
BLZF1,-0.1933952,-0.65146184,0.8466494780091122,1.0
MAN2A1,-0.1933952,-1.6751486,0.8466494780091122,1.0
RNF24,-0.1933952,-1.7231482,0.8466494780091122,1.0
LINC01024,-0.1933952,-1.5559845,0.8466494780091122,1.0
IL15,-0.1933952,-1.6901861,0.8466494780091122,1.0
CAMSAP1,-0.1933952,-1.4928213,0.8466494780091122,1.0
MBNL1-AS1,-0.1933952,-1.7448266,0.8466494780091122,1.0
AKT3,-0.1933952,-1.5598518,0.8466494780091122,1.0
MSC,-0.1933952,-1.6178741,0.8466494780091122,1.0
MICAL3,-0.1933952,-1.6758871,0.8466494780091122,1.0
DUSP3,-0.1933952,-1.675041,0.8466494780091122,1.0
KSR1,-0.1933952,-1.6399883,0.8466494780091122,1.0
KLHL8,-0.1933952,-1.615041,0.8466494780091122,1.0
MTRF1,-0.1933952,-1.599201,0.8466494780091122,1.0
GNG11,-0.1933952,-1.5651199,0.8466494780091122,1.0
RP13-516M14.4,-0.1933952,-1.5183066,0.8466494780091122,1.0
TMEM116,-0.1933952,-0.682949,0.8466494780091122,1.0
CTA-384D8.35,-0.1933952,-1.6151347,0.8466494780091122,1.0
ACOX3,-0.1933952,-1.5873618,0.8466494780091122,1.0
CCDC88A,-0.1933952,-1.6408547,0.8466494780091122,1.0
ZNF518B,-0.1933952,-1.5781851,0.8466494780091122,1.0
TAB1,-0.1933952,-1.6463902,0.8466494780091122,1.0
SLC26A6,-0.1933952,-1.5832946,0.8466494780091122,1.0
SULT1A3,-0.19416264,-1.7111695,0.8460485378141183,1.0
ZNF628,-0.19416264,-1.9804672,0.8460485378141183,1.0
ASB2,-0.19416264,-1.6184894,0.8460485378141183,1.0
LRRC25,-0.19416264,-1.6707104,0.8460485378141183,1.0
FUK,-0.19416264,-1.7854097,0.8460485378141183,1.0
FBRSL1,-0.19416264,-1.7664695,0.8460485378141183,1.0
RP11-70P17.1,-0.19416264,-1.7873886,0.8460485378141183,1.0
XAB2,-0.19416264,-0.41280264,0.8460485378141183,1.0
CCDC71,-0.19416264,-0.46483955,0.8460485378141183,1.0
RP13-270P17.3,-0.19416264,-1.8087934,0.8460485378141183,1.0
FASTKD3,-0.19416264,-1.7366055,0.8460485378141183,1.0
TLDC1,-0.19416264,-1.4930383,0.8460485378141183,1.0
DAPP1,-0.19416264,-1.7469947,0.8460485378141183,1.0
ZNF100,-0.19416264,-1.7043556,0.8460485378141183,1.0
CTA-445C9.15,-0.19416264,-1.7077475,0.8460485378141183,1.0
RP11-407N17.5,-0.19416264,-1.8232636,0.8460485378141183,1.0
FAR2,-0.19416264,-1.6224785,0.8460485378141183,1.0
ZMYND11,-0.19416264,-0.5595263,0.8460485378141183,1.0
MYSM1,-0.19416264,-1.6830121,0.8460485378141183,1.0
ZNRD1-AS1,-0.19416264,-1.578966,0.8460485378141183,1.0
PEX13,-0.19416264,-1.6182226,0.8460485378141183,1.0
TCTN1,-0.19416264,-1.7759522,0.8460485378141183,1.0
ARHGAP11B,-0.19416264,-1.7716042,0.8460485378141183,1.0
LDLRAD4,-0.19416264,-1.6298227,0.8460485378141183,1.0
GCNT1,-0.19416264,-1.8469176,0.8460485378141183,1.0
PLAA,-0.19493008,-0.58124757,0.8454476871575958,1.0
GTF2H3,-0.19493008,-1.8185037,0.8454476871575958,1.0
CEP192,-0.19493008,-1.6952446,0.8454476871575958,1.0
ZNF451,-0.19493008,-0.5445109,0.8454476871575958,1.0
BCL9,-0.19493008,-1.7292248,0.8454476871575958,1.0
WDR86,-0.19493008,-1.8449389,0.8454476871575958,1.0
BBS2,-0.19493008,-0.2331758,0.8454476871575958,1.0
LYL1,-0.19493008,-2.1110375,0.8454476871575958,1.0
SWAP70,-0.19493008,-1.9110383,0.8454476871575958,1.0
PPP1R12C,-0.19493008,-1.8975991,0.8454476871575958,1.0
PCYOX1,-0.19493008,-1.8046426,0.8454476871575958,1.0
PARP2,-0.19493008,-1.6334202,0.8454476871575958,1.0
ZDHHC17,-0.19493008,-1.8913597,0.8454476871575958,1.0
PPP1R13B,-0.19493008,-2.1552305,0.8454476871575958,1.0
CCR6,-0.19493008,-2.2000675,0.8454476871575958,1.0
GPR75-ASB3,-0.19493008,-0.5724484,0.8454476871575958,1.0
MON2,-0.19493008,-1.7365745,0.8454476871575958,1.0
LRMP,-0.19493008,-0.3480813,0.8454476871575958,1.0
RAB3GAP2,-0.19569752,-0.5860796,0.8448469263800316,1.0
TM9SF2,-0.19569752,-0.17092726,0.8448469263800316,1.0
UBE3C,-0.19569752,-0.63413256,0.8448469263800316,1.0
TMEM259,-0.19569752,-0.13322988,0.8448469263800316,1.0
HIST2H2AC,-0.19569752,-0.6717459,0.8448469263800316,1.0
ENTPD4,-0.19569752,-0.57504195,0.8448469263800316,1.0
IKZF5,-0.19569752,-0.6113092,0.8448469263800316,1.0
ARPP19,-0.19569752,-0.09967707,0.8448469263800316,1.0
PHF21A,-0.19569752,-0.6171704,0.8448469263800316,1.0
SPTLC2,-0.19608124,-0.33631188,0.844546579802218,1.0
ZRSR2,-0.19608124,-0.30987194,0.844546579802218,1.0
C16orf62,-0.19646496,-0.54009074,0.8442462558217556,1.0
YTHDF3,-0.19646496,-0.5912251,0.8442462558217556,1.0
DHX9,-0.19684868,-0.28940895,0.8439459544811608,1.0
NPRL2,-0.1972324,-0.031218033,0.8436456758229406,1.0
TBC1D2B,-0.1972324,-0.63578403,0.8436456758229406,1.0
CHORDC1,-0.19799985,-0.40928167,0.8430451867236012,1.0
ASUN,-0.19799985,-0.65510964,0.8430451867236012,1.0
PPDPF,-0.19799985,-0.012654162,0.8430451867236012,1.0
PIEZO1,-0.19876729,-0.6764635,0.8424447888635935,1.0
ST13,-0.19876729,-0.1073222,0.8424447888635935,1.0
MEPCE,-0.19876729,-0.6938988,0.8424447888635935,1.0
TFB2M,-0.19876729,-0.6805388,0.8424447888635935,1.0
RAB11FIP4,-0.19953473,-0.46442875,0.8418444825826147,1.0
PTER,-0.19953473,-0.40539956,0.8418444825826147,1.0
TRAPPC13,-0.19953473,-0.5933746,0.8418444825826147,1.0
ANTXR2,-0.20030217,-0.64015377,0.8412442682202022,1.0
DDX60,-0.20030217,-0.6539188,0.8412442682202022,1.0
PCMTD1,-0.20030217,-0.38002747,0.8412442682202022,1.0
ABCA2,-0.20106961,-0.6846883,0.8406441461157328,1.0
LUC7L,-0.20106961,-0.52326834,0.8406441461157328,1.0
HAUS2,-0.20106961,-0.73677814,0.8406441461157328,1.0
SRP19,-0.20145333,-0.10431421,0.8403441197662385,1.0
RNH1,-0.20222077,-0.14788817,0.8397441366846643,1.0
CLINT1,-0.2029882,-0.43893316,0.8391442467087715,1.0
FAM50A,-0.2029882,-0.15248618,0.8391442467087715,1.0
FAM43A,-0.20337193,-0.41345516,0.8388443367413405,1.0
GOSR1,-0.20337193,-0.35522306,0.8388443367413405,1.0
ITGB2-AS1,-0.20375565,-0.16128549,0.8385444501773717,1.0
KIAA0319L,-0.20375565,-0.43059936,0.8385444501773717,1.0
CLPTM1,-0.20413937,-0.30206814,0.8382445870591908,1.0
PNKP,-0.20413937,-0.16012816,0.8382445870591908,1.0
MYEOV2,-0.20413937,-0.122781135,0.8382445870591908,1.0
ADRBK1,-0.20567426,-0.3797291,0.8370453698905097,1.0
GLUL,-0.20567426,-0.106015466,0.8370453698905097,1.0
CSDE1,-0.20605798,-0.081960954,0.836745624635801,1.0
NFKB2,-0.2064417,-0.14469273,0.8364459030806214,1.0
MSL3,-0.20720914,-0.4546262,0.8358465312378552,1.0
SLC52A2,-0.20720914,-0.3404769,0.8358465312378552,1.0
VNN2,-0.20797658,-0.52380186,0.8352472547001205,1.0
DAP3,-0.20797658,-0.18715481,0.8352472547001205,1.0
PPP1CC,-0.20797658,-0.087576516,0.8352472547001205,1.0
BDP1,-0.20874402,-0.30490792,0.8346480738051598,1.0
SFR1,-0.20951146,-0.28939793,0.8340489888905501,1.0
ATP6V0E2,-0.20951146,-0.11179125,0.8340489888905501,1.0
CRIPT,-0.20951146,-0.24217896,0.8340489888905501,1.0
TOR3A,-0.2102789,-0.1603926,0.8334500002937004,1.0
PNO1,-0.21104634,-0.27604204,0.8328511083518526,1.0
NMRAL1,-0.2118138,-0.3472168,0.8322523134020798,1.0
RAF1,-0.2118138,-0.24018519,0.8322523134020798,1.0
C18orf32,-0.21219751,-0.19094656,0.8319529524045111,1.0
LYPLAL1,-0.21296495,-0.555292,0.8313543035744941,1.0
S100A9,-0.21373239,-0.15454578,0.8307557525784961,1.0
MAP3K13,-0.21411611,-0.38097385,0.8304565138734108,1.0
ZNF138,-0.21449983,-0.5922189,0.8301572997529968,1.0
CNOT11,-0.21526727,-0.70803833,0.8295589454343054,1.0
SIK1,-0.21526727,-0.6621279,0.8295589454343054,1.0
ALG8,-0.21526727,-0.6977274,0.8295589454343054,1.0
DDB2,-0.21565099,-0.09124148,0.8292598053200624,1.0
POLR2M,-0.21565099,-0.31467688,0.8292598053200624,1.0
LINC00657,-0.21603471,-0.3510236,0.8289606899585598,1.0
RP11-22P6.2,-0.21641843,-24.511654,0.8286615993917876,1.0
LRRC23,-0.21641843,-24.301308,0.8286615993917876,1.0
WDR53,-0.21641843,-24.186523,0.8286615993917876,1.0
AFF3,-0.21641843,-24.226973,0.8286615993917876,1.0
ITGA10,-0.21641843,-24.35068,0.8286615993917876,1.0
CHSY1,-0.21641843,-24.415594,0.8286615993917876,1.0
MMS22L,-0.21641843,-24.434235,0.8286615993917876,1.0
USP45,-0.21641843,-24.358595,0.8286615993917876,1.0
MATN1-AS1,-0.21641843,-24.4605,0.8286615993917876,1.0
C16orf74,-0.21641843,-24.26654,0.8286615993917876,1.0
DNAJB4,-0.21641843,-24.26022,0.8286615993917876,1.0
UTP14C,-0.21641843,-24.46981,0.8286615993917876,1.0
FOXJ2,-0.21641843,-24.471344,0.8286615993917876,1.0
MTM1,-0.21641843,-24.343754,0.8286615993917876,1.0
CATSPERG,-0.21641843,-24.562622,0.8286615993917876,1.0
PGLYRP2,-0.21641843,-24.514519,0.8286615993917876,1.0
TMSB15B,-0.21641843,-24.375702,0.8286615993917876,1.0
SEC61A2,-0.21641843,-24.541052,0.8286615993917876,1.0
CYTH3,-0.21641843,-24.495935,0.8286615993917876,1.0
FMO4,-0.21641843,-24.578758,0.8286615993917876,1.0
C10orf35,-0.21641843,-24.260004,0.8286615993917876,1.0
SLC25A43,-0.21641843,-24.541122,0.8286615993917876,1.0
H2AFY2,-0.21641843,-24.393957,0.8286615993917876,1.0
LL21NC02-1C16.2,-0.21641843,-24.314497,0.8286615993917876,1.0
ADNP2,-0.21641843,-24.353203,0.8286615993917876,1.0
ZP3,-0.21641843,-24.195135,0.8286615993917876,1.0
ZNF726,-0.21641843,-24.53921,0.8286615993917876,1.0
DLG3,-0.21641843,-24.287476,0.8286615993917876,1.0
RP11-108M9.6,-0.21641843,-24.475069,0.8286615993917876,1.0
RP11-53I6.3,-0.21641843,-24.425879,0.8286615993917876,1.0
METTL21B,-0.21641843,-24.333267,0.8286615993917876,1.0
PAPD7,-0.21641843,-24.37234,0.8286615993917876,1.0
C16orf95,-0.21641843,-24.359774,0.8286615993917876,1.0
ZNF500,-0.21641843,-24.16767,0.8286615993917876,1.0
ZNF74,-0.21641843,-24.441978,0.8286615993917876,1.0
SLC25A23,-0.21641843,-24.330395,0.8286615993917876,1.0
CIPC,-0.21641843,-24.111826,0.8286615993917876,1.0
ZNF473,-0.21641843,-24.47829,0.8286615993917876,1.0
WDR24,-0.21641843,-24.4113,0.8286615993917876,1.0
C8orf44,-0.21641843,-24.36973,0.8286615993917876,1.0
CTC-378H22.2,-0.21641843,-24.333086,0.8286615993917876,1.0
ZNF30,-0.21641843,-24.301083,0.8286615993917876,1.0
EAF1-AS1,-0.21641843,-24.342968,0.8286615993917876,1.0
CENPB,-0.21641843,-24.541426,0.8286615993917876,1.0
FKTN,-0.21641843,-24.49744,0.8286615993917876,1.0
RP11-308N19.1,-0.21641843,-24.581635,0.8286615993917876,1.0
HDX,-0.21641843,-24.304737,0.8286615993917876,1.0
ASAH2B,-0.21641843,-24.173845,0.8286615993917876,1.0
NEK4,-0.21641843,-24.513775,0.8286615993917876,1.0
KCNN4,-0.21641843,-24.54421,0.8286615993917876,1.0
RHPN1,-0.21641843,-24.29169,0.8286615993917876,1.0
AGPAT9,-0.21641843,-24.455212,0.8286615993917876,1.0
RP11-110G21.1,-0.21641843,-24.203312,0.8286615993917876,1.0
ASAH2,-0.21641843,-24.216774,0.8286615993917876,1.0
LINC00926,-0.21641843,-24.315172,0.8286615993917876,1.0
SLC9A6,-0.21641843,-24.300001,0.8286615993917876,1.0
FLVCR1-AS1,-0.21641843,-24.201519,0.8286615993917876,1.0
ZNF385A,-0.21641843,-24.343346,0.8286615993917876,1.0
ZSCAN29,-0.21641843,-24.350855,0.8286615993917876,1.0
CRTC1,-0.21641843,-24.399403,0.8286615993917876,1.0
REEP6,-0.21641843,-24.599028,0.8286615993917876,1.0
TUBB1,-0.21641843,-24.336567,0.8286615993917876,1.0
RP11-383C5.4,-0.21641843,-24.42707,0.8286615993917876,1.0
ZNF174,-0.21641843,-24.496693,0.8286615993917876,1.0
KIAA0825,-0.21641843,-24.16894,0.8286615993917876,1.0
TRIM46,-0.21641843,-24.449097,0.8286615993917876,1.0
TMEM237,-0.21641843,-24.454226,0.8286615993917876,1.0
MIR29A,-0.21641843,-24.392912,0.8286615993917876,1.0
UNC119B,-0.21641843,-24.605206,0.8286615993917876,1.0
AC115618.1,-0.21641843,-24.461426,0.8286615993917876,1.0
PUS7,-0.21641843,-24.4032,0.8286615993917876,1.0
TET3,-0.21641843,-24.388489,0.8286615993917876,1.0
EREG,-0.21641843,-24.500967,0.8286615993917876,1.0
ALKBH1,-0.21641843,-24.267317,0.8286615993917876,1.0
AC006994.2,-0.21641843,-24.408705,0.8286615993917876,1.0
CEP128,-0.21641843,-24.223764,0.8286615993917876,1.0
LZTS1,-0.21641843,-24.35126,0.8286615993917876,1.0
VPS54,-0.21641843,-24.284529,0.8286615993917876,1.0
RP11-488L18.8,-0.21641843,-24.376577,0.8286615993917876,1.0
P2RY14,-0.21641843,-24.424522,0.8286615993917876,1.0
RP11-11N9.4,-0.21641843,-24.521114,0.8286615993917876,1.0
KANSL1L,-0.21641843,-24.379805,0.8286615993917876,1.0
DDX51,-0.21641843,-24.48929,0.8286615993917876,1.0
IFNLR1,-0.21641843,-24.380928,0.8286615993917876,1.0
STPG1,-0.21641843,-24.633095,0.8286615993917876,1.0
EYA3,-0.21641843,-24.39846,0.8286615993917876,1.0
ADC,-0.21641843,-24.291784,0.8286615993917876,1.0
ZNF343,-0.21641843,-24.305235,0.8286615993917876,1.0
RPRD1B,-0.21641843,-24.598337,0.8286615993917876,1.0
UBXN10-AS1,-0.21641843,-24.374386,0.8286615993917876,1.0
HAR1A,-0.21641843,-24.483334,0.8286615993917876,1.0
NSMF,-0.21641843,-24.532694,0.8286615993917876,1.0
ZNF653,-0.21641843,-24.351126,0.8286615993917876,1.0
FAM168A,-0.21641843,-24.147581,0.8286615993917876,1.0
ZNF525,-0.21641843,-24.380007,0.8286615993917876,1.0
ZNF540,-0.21641843,-24.298414,0.8286615993917876,1.0
PRMT3,-0.21641843,-24.367233,0.8286615993917876,1.0
ZNF605,-0.21641843,-24.402761,0.8286615993917876,1.0
FPR1,-0.21641843,-24.296947,0.8286615993917876,1.0
ZNF432,-0.21641843,-24.338196,0.8286615993917876,1.0
TNIP3,-0.21641843,-24.350164,0.8286615993917876,1.0
FER,-0.21641843,-24.224329,0.8286615993917876,1.0
BEND5,-0.21641843,-24.501568,0.8286615993917876,1.0
TAGLN,-0.21641843,-24.262411,0.8286615993917876,1.0
ZNF443,-0.21641843,-24.388222,0.8286615993917876,1.0
ZNF530,-0.21641843,-24.572128,0.8286615993917876,1.0
RP11-498C9.3,-0.21641843,-24.324749,0.8286615993917876,1.0
KIF16B,-0.21641843,-24.366066,0.8286615993917876,1.0
RAB39B,-0.21641843,-24.329165,0.8286615993917876,1.0
ME1,-0.21641843,-24.317709,0.8286615993917876,1.0
NT5E,-0.21641843,-24.33318,0.8286615993917876,1.0
SPINK2,-0.21641843,-24.044119,0.8286615993917876,1.0
RP11-849H4.2,-0.21641843,-24.310097,0.8286615993917876,1.0
ZNF749,-0.21641843,-24.273088,0.8286615993917876,1.0
CLUH,-0.21641843,-24.48133,0.8286615993917876,1.0
IPO13,-0.21641843,-24.216904,0.8286615993917876,1.0
LINC00341,-0.21641843,-24.582962,0.8286615993917876,1.0
GYLTL1B,-0.21641843,-24.400864,0.8286615993917876,1.0
ZNF587,-0.21641843,-24.451973,0.8286615993917876,1.0
RP11-403A21.2,-0.21641843,-24.464018,0.8286615993917876,1.0
GALNT3,-0.21641843,-24.41833,0.8286615993917876,1.0
PGAM5,-0.21641843,-24.326471,0.8286615993917876,1.0
GAPT,-0.21641843,-24.239264,0.8286615993917876,1.0
TMEM182,-0.21641843,-24.297203,0.8286615993917876,1.0
FRY-AS1,-0.21641843,-24.147997,0.8286615993917876,1.0
SLC5A2,-0.21641843,-24.381363,0.8286615993917876,1.0
RRP12,-0.21641843,-24.357815,0.8286615993917876,1.0
SIK2,-0.21641843,-24.307652,0.8286615993917876,1.0
ZFP30,-0.21641843,-24.199242,0.8286615993917876,1.0
CREBRF,-0.21641843,-0.3642508,0.8286615993917876,1.0
RNLS,-0.21641843,-24.330128,0.8286615993917876,1.0
TPBG,-0.21641843,-24.299606,0.8286615993917876,1.0
RWDD2A,-0.21641843,-24.373323,0.8286615993917876,1.0
AGMAT,-0.21641843,-24.157282,0.8286615993917876,1.0
RP11-467D6.1,-0.21641843,-24.33917,0.8286615993917876,1.0
CSNK1G1,-0.21641843,-24.203178,0.8286615993917876,1.0
RIPK1,-0.21680215,-0.38093323,0.8283625336617257,1.0
DLAT,-0.21680215,-0.70135343,0.8283625336617257,1.0
GIGYF2,-0.21680215,-0.7290663,0.8283625336617257,1.0
HAUS7,-0.21680215,-0.8188074,0.8283625336617257,1.0
B9D2,-0.21680215,-0.6886759,0.8283625336617257,1.0
PLCB2,-0.21718587,-0.44706833,0.8280634928103427,1.0
FAM104B,-0.21718587,-0.39642146,0.8280634928103427,1.0
UBA6,-0.21718587,-0.46847025,0.8280634928103427,1.0
PHF12,-0.21718587,-0.45070758,0.8280634928103427,1.0
AHCY,-0.21756959,-0.7333561,0.8277644768795966,1.0
SAMD4B,-0.21756959,-0.99057305,0.8277644768795966,1.0
AC062029.1,-0.21756959,-0.82935256,0.8277644768795966,1.0
SRSF10-1,-0.21833703,-0.8931574,0.8271665199477928,1.0
MED13,-0.21833703,-0.80480224,0.8271665199477928,1.0
IMMP1L,-0.21872076,-0.4603814,0.8268675790305966,1.0
ACTR2,-0.21872076,-0.17152464,0.8268675790305966,1.0
PIM1,-0.21872076,-0.07768102,0.8268675790305966,1.0
SKAP2,-0.21910448,-0.10302468,0.8265686632017608,1.0
CLASRP,-0.21910448,-0.92377377,0.8265686632017608,1.0
IFI27,-0.21910448,-0.7794069,0.8265686632017608,1.0
DEXI,-0.2194882,-0.2012808,0.8262697725031886,1.0
UTP18,-0.2194882,-0.45137274,0.8262697725031886,1.0
DLG1,-0.21987192,-0.86582446,0.8259709069767729,1.0
OGFOD1,-0.21987192,-0.9083762,0.8259709069767729,1.0
CNOT3,-0.21987192,-0.88797283,0.8259709069767729,1.0
DPH6,-0.21987192,-0.8093794,0.8259709069767729,1.0
UNC93B1,-0.21987192,-0.8622793,0.8259709069767729,1.0
MIIP,-0.22025564,-0.47657067,0.8256720666643955,1.0
BRAF,-0.22063936,-0.6898447,0.8253732516079271,1.0
SH3GL1,-0.22063936,-0.87450236,0.8253732516079271,1.0
EZH1,-0.22063936,-0.7571482,0.8253732516079271,1.0
PPIF,-0.22063936,-0.9576911,0.8253732516079271,1.0
CTD-2020K17.1,-0.22063936,-1.0217493,0.8253732516079271,1.0
ANKHD1,-0.22063936,-0.85526776,0.8253732516079271,1.0
LRPPRC,-0.22063936,-0.9621076,0.8253732516079271,1.0
ACBD6,-0.22102308,-0.42744705,0.8250744618492274,1.0
IP6K2,-0.22102308,-0.20322663,0.8250744618492274,1.0
USP20,-0.2214068,-0.8360781,0.8247756974301454,1.0
SPAG9,-0.2214068,-0.84173775,0.8247756974301454,1.0
BAG5,-0.22179052,-0.48530433,0.8244769583925188,1.0
CLK3,-0.22179052,-0.27224442,0.8244769583925188,1.0
PPP2R2B,-0.22179052,-0.5217925,0.8244769583925188,1.0
RANGRF,-0.22255796,-0.17349567,0.8238795566289279,1.0
C1orf50,-0.22255796,-0.31463087,0.8238795566289279,1.0
WARS,-0.22294168,-0.35597998,0.823580893986584,1.0
PDE4D,-0.22294168,-1.0107636,0.823580893986584,1.0
ENTPD6,-0.22294168,-0.95160544,0.823580893986584,1.0
POGZ,-0.22294168,-0.9469084,0.823580893986584,1.0
PSEN1,-0.22294168,-0.91951543,0.823580893986584,1.0
PHF14,-0.2233254,0.07009153,0.8232822568929361,1.0
EIF5B,-0.2233254,-0.06969157,0.8232822568929361,1.0
RABL6,-0.2233254,-0.52692604,0.8232822568929361,1.0
CCPG1,-0.2233254,-0.21272743,0.8232822568929361,1.0
ARAF,-0.22370912,-0.3750401,0.8229836453897671,1.0
BRF2,-0.22370912,-1.0266123,0.8229836453897671,1.0
RP11-349A22.5,-0.22447656,-0.20291972,0.8223864993219392,1.0
RCSD1,-0.22486028,-0.056186605,0.8220879648407897,1.0
PWP1,-0.22486028,-0.33161074,0.8220879648407897,1.0
METTL16,-0.225244,-0.88418967,0.8217894561171375,1.0
CREB1,-0.225244,-0.42499992,0.8217894561171375,1.0
AP3S2,-0.225244,-0.9270119,0.8217894561171375,1.0
SRA1,-0.22562774,-0.17061435,0.8214909731927093,1.0
SCAF11,-0.22562774,-0.120150745,0.8214909731927093,1.0
PACS1,-0.22831377,-0.4578346,0.8194023186026713,1.0
C19orf60,-0.2286975,-0.09449187,0.8191040435728492,1.0
RFWD2,-0.2286975,-0.51051533,0.8191040435728492,1.0
SAT1,-0.22908121,-0.035689656,0.8188057947172853,1.0
RCE1,-0.22946493,-0.5422328,0.8185075720775937,1.0
PES1,-0.22946493,-0.5378358,0.8185075720775937,1.0
CPSF4,-0.23023237,-0.2858686,0.817911205612226,1.0
MRPS30,-0.23023237,-0.13668057,0.817911205612226,1.0
STX17,-0.23099981,-0.21389565,0.8173149445094291,1.0
FAM177A1,-0.23291843,-0.16174851,0.8158247548952686,1.0
SETD5-AS1,-0.23330215,-0.17769875,0.8155267967005526,1.0
PARVB,-0.23330215,-0.34720987,0.8155267967005526,1.0
ZNF76,-0.23406959,-0.4097637,0.8149309603712084,1.0
CRTC3,-0.23483703,-0.28114596,0.814335231065098,1.0
JOSD1,-0.23483703,-0.43198577,0.814335231065098,1.0
PARL,-0.23560447,-0.14032014,0.8137396091137995,1.0
WTAP,-0.23560447,-0.13925673,0.8137396091137995,1.0
SUPT16H,-0.23560447,-0.26733664,0.8137396091137995,1.0
RPS6KA5,-0.23560447,-0.4918212,0.8137396091137995,1.0
MRP63,-0.23598818,-0.15674593,0.8134418384997718,1.0
TMEM50B,-0.23713934,-0.2651643,0.8125486886010176,1.0
ZNF430,-0.23752306,-0.28845796,0.8122510260871526,1.0
DNAJC9,-0.23752306,-0.20530514,0.8122510260871526,1.0
KIAA1377,-0.23790678,-0.7644881,0.8119533907017566,1.0
SETD6,-0.23790678,-0.84668636,0.8119533907017566,1.0
SUDS3,-0.23790678,-0.7754407,0.8119533907017566,1.0
IFT43,-0.23790678,-0.49869838,0.8119533907017566,1.0
PCNX,-0.23867422,-0.55537057,0.8113582014817515,1.0
ACSL4,-0.23867422,-1.0920472,0.8113582014817515,1.0
BCL3,-0.23944166,-1.1589264,0.8107631212716435,1.0
CTD-2035E11.3,-0.23944166,-0.2786326,0.8107631212716435,1.0
SMG7,-0.23944166,-0.9453213,0.8107631212716435,1.0
IL16,-0.23944166,-0.1864353,0.8107631212716435,1.0
ZBTB38,-0.23944166,-0.47420108,0.8107631212716435,1.0
TUG1,-0.23944166,-1.059141,0.8107631212716435,1.0
WBSCR16,-0.23944166,-1.1216378,0.8107631212716435,1.0
USPL1,-0.23944166,-0.99031085,0.8107631212716435,1.0
LINC00685,-0.23944166,-1.0962098,0.8107631212716435,1.0
PHF8,-0.23944166,-1.0396814,0.8107631212716435,1.0
MIEF1,-0.23944166,-1.1977634,0.8107631212716435,1.0
EEPD1,-0.23944166,-1.1096104,0.8107631212716435,1.0
CSGALNACT1,-0.23944166,-0.9172724,0.8107631212716435,1.0
TRAK2,-0.24020912,-1.0168581,0.8101681504018848,1.0
RLTPR,-0.24020912,-1.0428951,0.8101681504018848,1.0
CDK19,-0.24020912,-1.1485214,0.8101681504018848,1.0
KIAA1328,-0.24020912,-1.1129835,0.8101681504018848,1.0
SMS,-0.24020912,-0.19550525,0.8101681504018848,1.0
SLC37A3,-0.24020912,-1.0141824,0.8101681504018848,1.0
RP11-1398P2.1,-0.24020912,-0.9609051,0.8101681504018848,1.0
TMEM99,-0.24097656,-1.1487987,0.8095732892027386,1.0
MXI1,-0.24097656,-1.1908581,0.8095732892027386,1.0
TMEM8A,-0.24097656,-0.9791782,0.8095732892027386,1.0
SEC16A,-0.24097656,-1.1022776,0.8095732892027386,1.0
NUDT9,-0.24097656,-0.58861035,0.8095732892027386,1.0
CTD-3185P2.1,-0.24097656,-1.1498036,0.8095732892027386,1.0
NAGK,-0.24097656,-0.28089935,0.8095732892027386,1.0
MTFMT,-0.24097656,-1.1118934,0.8095732892027386,1.0
LYRM5,-0.24136028,-0.525101,0.8092758998328002,1.0
TMEM161B,-0.241744,-1.2689013,0.8089785380042775,1.0
ANAPC1,-0.241744,-1.1453212,0.8089785380042775,1.0
LST1,-0.241744,-0.21225958,0.8089785380042775,1.0
EIF4EBP1,-0.241744,-0.34347522,0.8089785380042775,1.0
LIMD1,-0.241744,-1.1384295,0.8089785380042775,1.0
MARK2,-0.241744,-1.1161731,0.8089785380042775,1.0
NCF1,-0.241744,-1.1495327,0.8089785380042775,1.0
C11orf1,-0.241744,-1.2080388,0.8089785380042775,1.0
ING5,-0.241744,-1.1089299,0.8089785380042775,1.0
FOXRED1,-0.241744,-1.2336946,0.8089785380042775,1.0
RWDD4,-0.24251144,-0.44011232,0.8083838971363839,1.0
PPP1R15B,-0.24251144,-1.2298898,0.8083838971363839,1.0
GPCPD1,-0.24251144,-0.4406021,0.8083838971363839,1.0
LRIG1,-0.24251144,-1.1812102,0.8083838971363839,1.0
POLR3D,-0.24251144,-0.59149504,0.8083838971363839,1.0
CASC7,-0.24251144,-1.207094,0.8083838971363839,1.0
NTHL1,-0.24251144,-0.5451035,0.8083838971363839,1.0
SLCO3A1,-0.24251144,-1.1684048,0.8083838971363839,1.0
RUNX2,-0.24251144,-1.2170649,0.8083838971363839,1.0
HN1L,-0.24251144,-1.2130619,0.8083838971363839,1.0
RRAGB,-0.24251144,-1.2670051,0.8083838971363839,1.0
WDR37,-0.24327888,-0.5601382,0.8077893669287488,1.0
AP3B1,-0.24327888,-0.36776033,0.8077893669287488,1.0
ARMCX3,-0.24327888,-0.3468076,0.8077893669287488,1.0
RREB1,-0.24327888,-1.2976887,0.8077893669287488,1.0
RBM15B,-0.24327888,-0.6047871,0.8077893669287488,1.0
ERO1LB,-0.24327888,-1.1962606,0.8077893669287488,1.0
GRAP,-0.24327888,-1.3557589,0.8077893669287488,1.0
VPS37A,-0.2436626,-0.3115806,0.8074921434255042,1.0
SAYSD1,-0.2436626,-0.25190213,0.8074921434255042,1.0
TRIM52-AS1,-0.24404632,-0.6339915,0.8071949477108717,1.0
PPARA,-0.24404632,-1.2909023,0.8071949477108717,1.0
MTIF2,-0.24404632,-1.2992092,0.8071949477108717,1.0
ZNF623,-0.24404632,-1.4032431,0.8071949477108717,1.0
IL8,-0.24404632,-1.2710279,0.8071949477108717,1.0
DCAF6,-0.24404632,-1.3265891,0.8071949477108717,1.0
CCDC101,-0.24404632,-0.21690482,0.8071949477108717,1.0
ARHGEF18,-0.24404632,-1.3268633,0.8071949477108717,1.0
BCAS3,-0.24404632,-1.3345574,0.8071949477108717,1.0
GAA,-0.24404632,-1.3918788,0.8071949477108717,1.0
TCF3,-0.24404632,-1.2229946,0.8071949477108717,1.0
NAPG,-0.24481376,-1.301412,0.8066006398120598,1.0
TP53BP2,-0.24481376,-1.5420008,0.8066006398120598,1.0
PRPF4B,-0.24481376,-0.48224056,0.8066006398120598,1.0
TMOD3,-0.24481376,-0.2833843,0.8066006398120598,1.0
PDE7A,-0.24481376,-0.64235,0.8066006398120598,1.0
GLS,-0.24481376,-0.59418106,0.8066006398120598,1.0
CREB3,-0.24481376,-0.19493257,0.8066006398120598,1.0
GPANK1,-0.24481376,-0.32055363,0.8066006398120598,1.0
PPTC7,-0.24481376,-1.3755398,0.8066006398120598,1.0
SND1,-0.24596491,-0.28248528,0.8057093874069738,1.0
BZRAP1-AS1,-0.24634863,-0.23528457,0.8054123592878955,1.0
TMEM126A,-0.24634863,-0.33654788,0.8054123592878955,1.0
CES2,-0.24634863,-0.6408997,0.8054123592878955,1.0
DGUOK,-0.24673237,-0.099364914,0.8051153592452771,1.0
NFYB,-0.24711609,-0.63837665,0.8048183873201914,1.0
ZNF200,-0.24711609,-1.6298186,0.8048183873201914,1.0
AP1S2,-0.24711609,-0.122264,0.8048183873201914,1.0
NDUFAF4,-0.24788353,-0.14772333,0.8042245279868478,1.0
RNF130,-0.24788353,-0.28124017,0.8042245279868478,1.0
MTX2,-0.24865097,-0.59453523,0.8036307816162026,1.0
SZRD1,-0.24903469,-0.13464457,0.803333950894444,1.0
OAT,-0.24941841,-0.41187978,0.8030371485363981,1.0
CHD4,-0.24941841,-0.20738219,0.8030371485363981,1.0
CKLF,-0.24941841,-0.12599257,0.8030371485363981,1.0
NELFA,-0.24941841,-0.69362515,0.8030371485363981,1.0
ARFGAP3,-0.24941841,-0.1935804,0.8030371485363981,1.0
BCL7C,-0.25018585,-0.14489855,0.8024436290753805,1.0
DDA1,-0.25056958,-0.28672487,0.8021469120543463,1.0
PCSK7,-0.25056958,-0.06697095,0.8021469120543463,1.0
CTC-523E23.11,-0.25133702,-0.3451299,0.8015535636359779,1.0
WWP1,-0.25172073,-0.6302151,0.8012569323205074,1.0
PRR7,-0.25248817,-0.32366452,0.8006637556815592,1.0
MIS18BP1,-0.2532556,-0.46478567,0.8000706939712119,1.0
ZNF259,-0.25479048,-0.3279141,0.7988849166439509,1.0
KIAA2026,-0.25555792,-0.41612956,0.7982922016803549,1.0
PPAN,-0.25555792,-0.5606336,0.7982922016803549,1.0
ENY2,-0.25594166,-0.080167,0.7979958877663801,1.0
ARGLU1,-0.25632536,-0.22902194,0.797699602951993,1.0
UIMC1,-0.2567091,-0.43897066,0.7974033472779571,1.0
MRPS16,-0.25747654,-0.19972073,0.796810923513929,1.0
ZNF274,-0.25747654,-0.4659515,0.796810923513929,1.0
BCL11B,-0.25747654,-0.018294683,0.796810923513929,1.0
IWS1,-0.25786027,-0.55862933,0.7965147555054007,1.0
SLC35A2,-0.25786027,-0.79528147,0.7965147555054007,1.0
NCOA1,-0.25824398,-0.4233365,0.7962186168001513,1.0
PTDSS1,-0.25824398,-0.31611693,0.7962186168001513,1.0
BCL2,-0.2586277,-0.52342695,0.7959225074388805,1.0
HSPB1,-0.25939515,-0.20255163,0.7953303769110137,1.0
CAT,-0.25939515,-0.24444884,0.7953303769110137,1.0
TAGLN2,-0.2601626,-0.09907398,0.7947383642471488,1.0
POR,-0.2601626,-0.63045466,0.7947383642471488,1.0
RPRD2,-0.2605463,-0.43006632,0.794442402215833,1.0
PACSIN2,-0.26093003,-0.6795148,0.794146469772431,1.0
PHB,-0.26131374,-0.17167297,0.7938505669575541,1.0
QTRT1,-0.26131374,-0.46090588,0.7938505669575541,1.0
PSMD3,-0.26131374,-0.24096495,0.7938505669575541,1.0
MRPS2,-0.26169747,-0.3333297,0.7935546938118008,1.0
VPS13A,-0.26169747,-0.31410918,0.7935546938118008,1.0
XPO6,-0.26169747,-0.71079093,0.7935546938118008,1.0
TXNDC9,-0.2624649,-0.24163422,0.7929630366899946,1.0
ANAPC13,-0.2624649,-0.19819556,0.7929630366899946,1.0
SLC39A10,-0.2624649,-0.72900975,0.7929630366899946,1.0
CD82,-0.2624649,-0.545194,0.7929630366899946,1.0
ATPAF2,-0.2624649,-0.63994676,0.7929630366899946,1.0
METAP2,-0.26284862,-0.19626382,0.7926672527950743,1.0
MRPL38,-0.26323235,-0.682117,0.7923714987315432,1.0
BLOC1S5,-0.26323235,-0.545542,0.7923714987315432,1.0
MCCC2,-0.26323235,-0.70230985,0.7923714987315432,1.0
ZNF586,-0.26323235,-0.68764687,0.7923714987315432,1.0
ERCC6L2,-0.26361606,-1.0587742,0.7920757745399354,1.0
DOLPP1,-0.26361606,-1.6747514,0.7920757745399354,1.0
HOOK2,-0.26361606,-1.7689093,0.7920757745399354,1.0
SLC25A37,-0.26361606,-1.791536,0.7920757745399354,1.0
DDI2,-0.26361606,-1.7512767,0.7920757745399354,1.0
GTF2A1,-0.26361606,-1.7406688,0.7920757745399354,1.0
LLGL1,-0.26361606,-1.7931792,0.7920757745399354,1.0
RPGR,-0.26361606,-1.7565205,0.7920757745399354,1.0
KIAA2018,-0.26361606,-1.5234123,0.7920757745399354,1.0
RABL3,-0.26361606,-1.7599977,0.7920757745399354,1.0
CLYBL,-0.26361606,-1.7882161,0.7920757745399354,1.0
GOLGA8A,-0.26361606,-1.8003223,0.7920757745399354,1.0
RSF1,-0.2639998,-0.19696504,0.7917800802607722,1.0
SLC39A13,-0.26438352,-1.8474654,0.7914844159345619,1.0
PSAT1,-0.26438352,-1.827016,0.7914844159345619,1.0
NUTM2A-AS1,-0.26438352,-1.7420213,0.7914844159345619,1.0
CLDND2,-0.26438352,-1.8503798,0.7914844159345619,1.0
RP13-977J11.2,-0.26438352,-1.9484912,0.7914844159345619,1.0
RECK,-0.26438352,-1.8391908,0.7914844159345619,1.0
PPP2R1B,-0.26438352,-1.8515449,0.7914844159345619,1.0
PDP1,-0.26438352,-1.8277631,0.7914844159345619,1.0
LINC00526,-0.26438352,-1.7102937,0.7914844159345619,1.0
SUCO,-0.26438352,-1.6311938,0.7914844159345619,1.0
PLK3,-0.26476723,-0.6590869,0.7911887816018002,1.0
ABCF1,-0.26476723,-0.19008073,0.7911887816018002,1.0
KLHL42,-0.26515096,-1.8561003,0.7908931773029696,1.0
CTC-250I14.6,-0.26515096,-1.914164,0.7908931773029696,1.0
NUP35,-0.26515096,-1.9673431,0.7908931773029696,1.0
RP11-473I1.5,-0.26515096,-1.9488888,0.7908931773029696,1.0
FBXW7,-0.26515096,-1.8428154,0.7908931773029696,1.0
NCOR2,-0.26515096,-1.9356762,0.7908931773029696,1.0
SLC16A1,-0.26515096,-1.9258195,0.7908931773029696,1.0
TADA1,-0.26515096,-1.9942898,0.7908931773029696,1.0
SATB1,-0.26515096,-0.33873516,0.7908931773029696,1.0
LILRB1,-0.26515096,-1.9652728,0.7908931773029696,1.0
SLC25A42,-0.26515096,-1.9287944,0.7908931773029696,1.0
MPV17L2,-0.26515096,-1.9232183,0.7908931773029696,1.0
PGAP2,-0.26515096,-1.7964164,0.7908931773029696,1.0
KIAA1919,-0.26515096,-1.9709274,0.7908931773029696,1.0
WIPF2,-0.26515096,-0.46990073,0.7908931773029696,1.0
SLC25A44,-0.26515096,-1.8791757,0.7908931773029696,1.0
ESF1,-0.26515096,-2.024941,0.7908931773029696,1.0
C17orf89,-0.26553467,-0.20028928,0.7905976030785397,1.0
ARHGAP10,-0.26553467,-0.59399354,0.7905976030785397,1.0
UBE2J1,-0.26553467,-0.3294374,0.7905976030785397,1.0
NAT1,-0.2659184,-1.9234312,0.7903020589689671,1.0
CITED4,-0.2659184,-1.8867829,0.7903020589689671,1.0
PEX6,-0.2659184,-1.9212612,0.7903020589689671,1.0
MBOAT7,-0.2659184,-1.9612352,0.7903020589689671,1.0
USP42,-0.2659184,-2.0929663,0.7903020589689671,1.0
C8orf59,-0.2659184,-0.5077758,0.7903020589689671,1.0
RAD51B,-0.2659184,-2.3503234,0.7903020589689671,1.0
C3orf33,-0.2659184,-2.0609338,0.7903020589689671,1.0
SESN3,-0.2659184,-1.9680585,0.7903020589689671,1.0
AP2A2,-0.2659184,-1.977246,0.7903020589689671,1.0
PRPF39,-0.2663021,-0.78436655,0.7900065450146956,1.0
PAPOLA,-0.2663021,-0.09846689,0.7900065450146956,1.0
PSMD11,-0.2663021,-0.25315416,0.7900065450146956,1.0
SCML4,-0.2663021,-0.3504621,0.7900065450146956,1.0
PITPNA,-0.26668584,-2.0675623,0.7897110612561558,1.0
HSDL1,-0.26668584,-2.0353491,0.7897110612561558,1.0
KIAA1468,-0.26668584,-2.0881438,0.7897110612561558,1.0
RCCD1,-0.26668584,-2.0799434,0.7897110612561558,1.0
CASP2,-0.26668584,-2.3626409,0.7897110612561558,1.0
FBXL4,-0.26668584,-2.0346968,0.7897110612561558,1.0
MTMR3,-0.26668584,-1.9619268,0.7897110612561558,1.0
KLC4,-0.26668584,-2.2843134,0.7897110612561558,1.0
LOXL1-AS1,-0.26668584,-1.9668181,0.7897110612561558,1.0
ACOT9,-0.26668584,-0.49414107,0.7897110612561558,1.0
SORBS3,-0.26706955,-0.80769604,0.7894156077337651,1.0
RBMX2,-0.26706955,-0.25266758,0.7894156077337651,1.0
FGFR1OP,-0.26706955,-0.8154299,0.7894156077337651,1.0
AC084018.1,-0.26745328,-2.1803148,0.7891201844879282,1.0
TMEM181,-0.26745328,-2.2366621,0.7891201844879282,1.0
SEC22A,-0.26745328,-2.2991977,0.7891201844879282,1.0
SLC25A10-1,-0.26745328,-2.1358273,0.7891201844879282,1.0
TMED8,-0.26745328,-2.1416585,0.7891201844879282,1.0
EP400,-0.26745328,-2.4768462,0.7891201844879282,1.0
UNC45A,-0.26745328,-0.5966245,0.7891201844879282,1.0
SEH1L,-0.26745328,-2.1613035,0.7891201844879282,1.0
TTPAL,-0.26745328,-2.6316066,0.7891201844879282,1.0
RP1-39G22.7,-0.26745328,-2.197702,0.7891201844879282,1.0
MLH3,-0.267837,-0.77593446,0.7888247915590367,1.0
ILVBL,-0.267837,-0.78729993,0.7888247915590367,1.0
RPUSD4,-0.26822072,-0.8492182,0.7885294289874691,1.0
PIM3,-0.26822072,-0.50057256,0.7885294289874691,1.0
EEF1E1,-0.26822072,-0.4814176,0.7885294289874691,1.0
TDP2,-0.26860443,-0.13945156,0.7882340968135906,1.0
MED12,-0.26860443,-0.7552592,0.7882340968135906,1.0
BOLA1,-0.26898816,-0.56269294,0.7879387950777534,1.0
DCAF5,-0.26937187,-0.30446133,0.7876435238202969,1.0
SMDT1,-0.26937187,-0.1417207,0.7876435238202969,1.0
PSTPIP1,-0.2697556,-0.14672564,0.7873482830815468,1.0
NME1,-0.2697556,-0.49962324,0.7873482830815468,1.0
PNPT1,-0.2701393,-0.83549964,0.7870530729018161,1.0
TRMT6,-0.2701393,-0.66840786,0.7870530729018161,1.0
KAT7,-0.2701393,-0.7740742,0.7870530729018161,1.0
WDR46,-0.2701393,-0.38489485,0.7870530729018161,1.0
NOL10,-0.2701393,-0.8545556,0.7870530729018161,1.0
YBX3,-0.27090678,-0.8582059,0.7864627443805984,1.0
SGSM3,-0.27129048,-0.5103292,0.7861676261196711,1.0
MRPL2,-0.27167422,-0.47534856,0.7858725385788826,1.0
ST6GAL1,-0.27167422,-0.40048662,0.7858725385788826,1.0
MAPK3,-0.27167422,-0.88449115,0.7858725385788826,1.0
OSBPL9,-0.27205792,-0.54064655,0.7855774817984799,1.0
CAMLG,-0.27205792,-0.057041936,0.7855774817984799,1.0
KLHL12,-0.27244166,-0.9044472,0.7852824558186963,1.0
FGD5-AS1,-0.27282536,-0.5048177,0.7849874606797522,1.0
ARMC10,-0.27282536,-0.51011324,0.7849874606797522,1.0
PPIL2,-0.2732091,-0.863507,0.7846924964218548,1.0
FCGRT,-0.2735928,-0.54182696,0.7843975630851976,1.0
RNF14,-0.27397653,-1.0138323,0.784102660709961,1.0
HERC1,-0.27436024,-0.34449428,0.7838077893363121,1.0
PPM1A,-0.27512768,-0.5049931,0.7832181397543789,1.0
GOLPH3,-0.27666256,-0.52657545,0.782039214375431,1.0
RBM25,-0.2770463,-0.1409093,0.7817445611364499,1.0
BCL2L13,-0.2770463,-0.35141623,0.7817445611364499,1.0
POLDIP2,-0.27819747,-0.39194387,0.7808607895143307,1.0
PRKAA1,-0.27819747,-0.5361109,0.7808607895143307,1.0
GCH1,-0.27819747,-0.26126993,0.7808607895143307,1.0
ITK,-0.27819747,-0.38551125,0.7808607895143307,1.0
RDH11,-0.27819747,-0.17693833,0.7808607895143307,1.0
FTSJ2,-0.27858117,-0.44684225,0.7805662618053417,1.0
MTHFS,-0.27973235,-0.22150563,0.7796828677336076,1.0
IQSEC1,-0.28011605,-0.54673606,0.7793884661947026,1.0
CCBL2,-0.28011605,-0.5093565,0.7793884661947026,1.0
FANCF,-0.28011605,-0.47541827,0.7793884661947026,1.0
NR3C1,-0.2808835,-0.1833093,0.7787997580841315,1.0
TXNDC15,-0.2808835,-0.23912404,0.7787997580841315,1.0
CECR1,-0.2808835,-0.31105232,0.7787997580841315,1.0
RP11-169K16.9,-0.28241837,-0.7424585,0.7776227228497272,1.0
UBTF,-0.2828021,-0.6891186,0.7773285436460754,1.0
KIAA1430,-0.2828021,-0.6422942,0.7773285436460754,1.0
PRPF4,-0.2831858,-0.7540608,0.7770343963641355,1.0
MED31,-0.28395325,-0.8103834,0.7764461977247463,1.0
DGKZ,-0.28472072,-0.22915171,0.7758581272501316,1.0
TBC1D19,-0.28472072,-0.83352286,0.7758581272501316,1.0
CCDC57,-0.28472072,-0.3286588,0.7758581272501316,1.0
DIS3L,-0.2862556,-0.47603258,0.7746823720684118,1.0
ALG5,-0.2862556,-0.26430738,0.7746823720684118,1.0
AC013264.2,-0.28702304,-1.0369595,0.7740946879973469,1.0
MMAB,-0.28702304,-0.4255903,0.7740946879973469,1.0
TRAPPC2P1,-0.28702304,-0.58848625,0.7740946879973469,1.0
ATG10,-0.28779048,-0.9735694,0.773507133363136,1.0
TPRG1L,-0.28779048,-0.94182426,0.773507133363136,1.0
HAGHL,-0.28779048,-0.48471925,0.773507133363136,1.0
CPNE7,-0.28855792,-24.829777,0.7729197084832441,1.0
PGAP1,-0.28855792,-24.843737,0.7729197084832441,1.0
OSBP,-0.28855792,-24.855423,0.7729197084832441,1.0
PTPN23,-0.28855792,-24.665903,0.7729197084832441,1.0
FKBPL,-0.28855792,-24.834375,0.7729197084832441,1.0
TTF2,-0.28855792,-24.812296,0.7729197084832441,1.0
FTO,-0.28855792,-24.775217,0.7729197084832441,1.0
ZBTB21,-0.28855792,-24.564146,0.7729197084832441,1.0
UBE2V1,-0.28855792,-24.84955,0.7729197084832441,1.0
AC020571.3,-0.28855792,-24.74057,0.7729197084832441,1.0
DRAM1,-0.28855792,-24.749926,0.7729197084832441,1.0
POU5F2,-0.28855792,-24.94219,0.7729197084832441,1.0
RASA1,-0.28855792,-24.827639,0.7729197084832441,1.0
KBTBD8,-0.28855792,-24.744919,0.7729197084832441,1.0
ZNF649,-0.28855792,-24.84111,0.7729197084832441,1.0
CYP2U1,-0.28855792,-24.80127,0.7729197084832441,1.0
CDKL1,-0.28855792,-24.728014,0.7729197084832441,1.0
PQLC1,-0.28855792,-24.752111,0.7729197084832441,1.0
CDK8,-0.28855792,-24.904932,0.7729197084832441,1.0
TAF1A,-0.28855792,-24.991222,0.7729197084832441,1.0
HRASLS2,-0.28855792,-24.78631,0.7729197084832441,1.0
RP11-385F7.1,-0.28855792,-24.72635,0.7729197084832441,1.0
RAB6B,-0.28855792,-24.77292,0.7729197084832441,1.0
WDR91,-0.28855792,-24.829971,0.7729197084832441,1.0
SLC22A5,-0.28855792,-24.733469,0.7729197084832441,1.0
AC015987.2,-0.28855792,-24.815434,0.7729197084832441,1.0
SLC19A1,-0.28855792,-24.634325,0.7729197084832441,1.0
SPRY1,-0.28855792,-25.029167,0.7729197084832441,1.0
TP53BP1,-0.28855792,-24.692049,0.7729197084832441,1.0
WRN,-0.28855792,-24.769564,0.7729197084832441,1.0
HMBS,-0.28855792,-24.880754,0.7729197084832441,1.0
KLHL2,-0.28855792,-24.7579,0.7729197084832441,1.0
TTC9,-0.28855792,-24.48441,0.7729197084832441,1.0
AC007246.3,-0.28855792,-24.650879,0.7729197084832441,1.0
WDR92,-0.28855792,-24.830387,0.7729197084832441,1.0
GOLGA8B,-0.28855792,-24.787174,0.7729197084832441,1.0
PLEKHA7,-0.28855792,-24.827677,0.7729197084832441,1.0
RP11-798M19.6,-0.28855792,-24.752449,0.7729197084832441,1.0
USP30,-0.28855792,-24.702349,0.7729197084832441,1.0
IL23R,-0.28855792,-24.802553,0.7729197084832441,1.0
EBAG9,-0.28855792,-0.5044708,0.7729197084832441,1.0
COPRS,-0.28855792,-24.75933,0.7729197084832441,1.0
PIGA,-0.28855792,-24.663296,0.7729197084832441,1.0
LRRC8B,-0.28855792,-24.794939,0.7729197084832441,1.0
ZNF528,-0.28855792,-24.64638,0.7729197084832441,1.0
SYNC,-0.28855792,-24.888363,0.7729197084832441,1.0
RTN4IP1,-0.28855792,-24.71119,0.7729197084832441,1.0
B3GNT8,-0.28855792,-24.614506,0.7729197084832441,1.0
SOCS4,-0.28855792,-24.757183,0.7729197084832441,1.0
TAF9B,-0.28855792,-24.783533,0.7729197084832441,1.0
TMCO6,-0.28855792,-24.636492,0.7729197084832441,1.0
DISC1,-0.28855792,-24.742296,0.7729197084832441,1.0
STRBP,-0.28855792,-24.756433,0.7729197084832441,1.0
MYO1C,-0.28855792,-24.820316,0.7729197084832441,1.0
HIST1H2BG,-0.28855792,-24.724497,0.7729197084832441,1.0
RP11-463J10.3,-0.28855792,-24.900179,0.7729197084832441,1.0
DGKH,-0.28855792,-24.84608,0.7729197084832441,1.0
SLFN11,-0.28855792,-24.90192,0.7729197084832441,1.0
IL6R,-0.28855792,-24.81378,0.7729197084832441,1.0
FLNB,-0.28855792,-24.767899,0.7729197084832441,1.0
RP11-390E23.6,-0.28855792,-24.810102,0.7729197084832441,1.0
YIPF2,-0.28855792,-24.747805,0.7729197084832441,1.0
METRN,-0.28855792,-24.756596,0.7729197084832441,1.0
SGMS1,-0.28855792,-24.892992,0.7729197084832441,1.0
KIAA1009,-0.28855792,-25.01592,0.7729197084832441,1.0
PM20D2,-0.28855792,-24.973946,0.7729197084832441,1.0
MSANTD2,-0.28855792,-24.744837,0.7729197084832441,1.0
SAV1,-0.28855792,-24.783632,0.7729197084832441,1.0
SYS1,-0.28932536,-0.36676997,0.7723324136749131,1.0
PNRC2-1,-0.28932536,-0.47300938,0.7723324136749131,1.0
DPAGT1,-0.28932536,-0.93920374,0.7723324136749131,1.0
LIPT1,-0.28932536,-1.0006284,0.7723324136749131,1.0
PSMB5,-0.28970906,-0.3190697,0.7720388151466603,1.0
FAM211A,-0.2900928,-0.9984429,0.7717452492551621,1.0
ATP6V1A,-0.2900928,-0.96254325,0.7717452492551621,1.0
AEN,-0.2900928,-0.9848894,0.7717452492551621,1.0
HSF2,-0.2900928,-1.0649757,0.7717452492551621,1.0
SNTB2,-0.2900928,-1.0935892,0.7717452492551621,1.0
SPSB3,-0.2900928,-0.14602867,0.7717452492551621,1.0
HECA,-0.29086024,-0.55304337,0.7711582155407857,1.0
CNST,-0.29086024,-0.9949124,0.7711582155407857,1.0
PER1,-0.29086024,-1.0307422,0.7711582155407857,1.0
FDX1L,-0.29086024,-0.88998944,0.7711582155407857,1.0
PSMG4,-0.29086024,-0.61138666,0.7711582155407857,1.0
CHPF2,-0.29162768,-1.0442407,0.770571312848354,1.0
ZDHHC16,-0.29162768,-1.0470822,0.770571312848354,1.0
ARL8B,-0.29162768,-0.6551786,0.770571312848354,1.0
VIM-AS1,-0.29162768,-0.29570144,0.770571312848354,1.0
TMCO3,-0.29162768,-1.034686,0.770571312848354,1.0
DPH7,-0.29162768,-1.0317025,0.770571312848354,1.0
CDCA4,-0.29162768,-1.0756046,0.770571312848354,1.0
SIK3,-0.29162768,-0.9020106,0.770571312848354,1.0
FYN,-0.2920114,-0.114783436,0.7702779107342342,1.0
PSTK,-0.2923951,-1.0196381,0.7699845414942125,1.0
HARS2,-0.2923951,-1.0738668,0.7699845414942125,1.0
ZBTB14,-0.2923951,-1.0576005,0.7699845414942125,1.0
BRAP,-0.2923951,-0.55905753,0.7699845414942125,1.0
POLR3F,-0.29316255,-1.0565878,0.769397901794481,1.0
GEMIN8,-0.29316255,-1.0153937,0.769397901794481,1.0
CHD7,-0.29316255,-1.3018306,0.769397901794481,1.0
PRPSAP2,-0.2935463,-0.32038638,0.7691046314137444,1.0
SIRT6,-0.29393,-1.3217175,0.768811394065053,1.0
ATG2A,-0.29393,-0.26847762,0.768811394065053,1.0
IER5,-0.29431373,-0.2846192,0.768518189787858,1.0
FBXO21,-0.29469743,-1.2506628,0.7682250186215963,1.0
GTF2H1,-0.29469743,-0.5520686,0.7682250186215963,1.0
TNIP2,-0.29469743,-0.34905282,0.7682250186215963,1.0
R3HDM2,-0.29546487,-1.1883485,0.767638775779551,1.0
CEP290,-0.29546487,-1.1241152,0.767638775779551,1.0
NXF1,-0.29546487,-0.36584827,0.767638775779551,1.0
ATXN7L3B,-0.29546487,-1.188133,0.767638775779551,1.0
RANBP9,-0.29546487,-1.08808,0.767638775779551,1.0
DTWD1,-0.29546487,-0.65092206,0.767638775779551,1.0
ZFP64,-0.29546487,-1.0958018,0.767638775779551,1.0
CAPZA1,-0.2958486,-0.19115551,0.7673457041825704,1.0
PAPD4,-0.2962323,-0.36469617,0.7670526658541298,1.0
HLA-G,-0.2962323,-1.1044524,0.7670526658541298,1.0
MED16,-0.29699975,-0.73701614,0.7664666891603178,1.0
PPP4R2,-0.29699975,-0.57551575,0.7664666891603178,1.0
SCYL1,-0.2977672,-0.43206823,0.7658808460128709,1.0
C6orf47,-0.2977672,-0.6037992,0.7658808460128709,1.0
PSMA1,-0.29815093,-0.10910227,0.7655879746173331,1.0
CCDC91,-0.29853466,-0.4281729,0.7652951367263165,1.0
SLC25A45,-0.29853466,-0.53926814,0.7652951367263165,1.0
RNF113A,-0.29853466,-0.14575206,0.7652951367263165,1.0
TIPARP,-0.30045325,-0.5655971,0.7638314512133482,1.0
FXYD5,-0.30045325,-0.13909627,0.7638314512133482,1.0
TNFAIP8,-0.30045325,-0.1412414,0.7638314512133482,1.0
RNASEH1,-0.30083698,-0.53540945,0.7635388151738353,1.0
PMM1,-0.30083698,-0.4273782,0.7635388151738353,1.0
EIF4E,-0.30083698,-0.45075142,0.7635388151738353,1.0
MSMO1,-0.30083698,-0.36711657,0.7635388151738353,1.0
CCDC59,-0.3012207,-0.20419347,0.7632462129135014,1.0
PRPF31,-0.30198812,-0.14067073,0.762661109887072,1.0
PPM1B,-0.30237186,-0.27664423,0.7623686091992914,1.0
CLIP1,-0.30275556,-0.55520785,0.7620761424473189,1.0
TANK,-0.3031393,-0.29490757,0.7617837096702756,1.0
REEP5,-0.30429044,-0.17288163,0.7609066155797135,1.0
RAB5B,-0.30429044,-0.6267809,0.7609066155797135,1.0
ANKRD36C,-0.30505788,-0.7689083,0.7603220567772151,1.0
KCTD20,-0.3065928,-0.44847763,0.7591533499964589,1.0
PPM1K,-0.30774394,-0.26608607,0.7582771806103876,1.0
MARS,-0.30851138,-0.4403432,0.7576932400322961,1.0
CNTRL,-0.30851138,-0.40543148,0.7576932400322961,1.0
RAB40B,-0.31004626,-1.2197065,0.756525773906982,1.0
POP5,-0.31004626,-0.2773045,0.756525773906982,1.0
YIF1B,-0.31004626,-0.43571812,0.756525773906982,1.0
ARFRP1,-0.31004626,-0.3356009,0.756525773906982,1.0
NQO2,-0.31043,-0.39771816,0.756233994067147,1.0
TTC22,-0.3108137,-1.2170172,0.755942248981586,1.0
EGR1,-0.3108137,-1.3378705,0.755942248981586,1.0
SMC1A,-0.3108137,-1.319484,0.755942248981586,1.0
C5AR1,-0.3108137,-1.29924,0.755942248981586,1.0
UFSP2,-0.3108137,-0.44706538,0.755942248981586,1.0
TPT1-AS1,-0.31119743,-0.6726311,0.7556505386891113,1.0
MAL,-0.31158113,-1.126649,0.7553588632285199,1.0
POLR3E,-0.31158113,-1.3740548,0.7553588632285199,1.0
RRP9,-0.31196487,-0.73696184,0.7550672226385945,1.0
QKI,-0.31234857,-1.2916976,0.7547756169581027,1.0
PPP2R5D,-0.31234857,-1.3209285,0.7547756169581027,1.0
NPHP3,-0.31234857,-1.6379972,0.7547756169581027,1.0
ZNF140,-0.31234857,-1.2605326,0.7547756169581027,1.0
DENND4C,-0.31234857,-1.362269,0.7547756169581027,1.0
PGGT1B,-0.31234857,-1.3346435,0.7547756169581027,1.0
ZNF350,-0.31234857,-1.3264683,0.7547756169581027,1.0
TNFSF13B,-0.3127323,-0.7069748,0.7544840462257971,1.0
NXT1,-0.31311604,-0.21942526,0.7541925104804155,1.0
ITM2C,-0.31311604,-1.555091,0.7541925104804155,1.0
C5orf45,-0.31311604,-1.3672105,0.7541925104804155,1.0
RP11-545E17.3,-0.31311604,-1.3989581,0.7541925104804155,1.0
CD68,-0.31349975,-0.7575172,0.7539010097606806,1.0
C10orf76,-0.31388348,-1.310858,0.7536095441053001,1.0
RP4-539M6.22,-0.31388348,-1.4456553,0.7536095441053001,1.0
ZFAND2B,-0.3142672,-0.45057112,0.7533181135529671,1.0
JMJD4,-0.31465092,-1.420311,0.7530267181423591,1.0
ZNF318,-0.31465092,-1.4595826,0.7530267181423591,1.0
AIDA,-0.31465092,-1.4388779,0.7530267181423591,1.0
SH2B1,-0.31465092,-1.4366924,0.7530267181423591,1.0
TRAPPC9,-0.31465092,-1.466275,0.7530267181423591,1.0
SNX15,-0.31465092,-1.4265729,0.7530267181423591,1.0
TUBGCP5,-0.31465092,-1.3746966,0.7530267181423591,1.0
KIF3A,-0.31541836,-1.6548798,0.752444032900955,1.0
ZC3H7B,-0.31541836,-1.4722016,0.752444032900955,1.0
D2HGDH,-0.31541836,-1.5186521,0.752444032900955,1.0
HCK,-0.31541836,-1.4479039,0.752444032900955,1.0
IL23A,-0.31541836,-1.4568213,0.752444032900955,1.0
BORA,-0.31541836,-1.5162874,0.752444032900955,1.0
HERC5,-0.3161858,-1.4216111,0.7518614886902097,1.0
RSAD1,-0.3161858,-0.5440021,0.7518614886902097,1.0
GCN1L1,-0.3161858,-1.544187,0.7518614886902097,1.0
NOC2L,-0.3165695,-0.27990207,0.7515702695678691,1.0
SAC3D1,-0.31695324,-1.5666602,0.7512790858190046,1.0
CENPT,-0.31695324,-0.42818964,0.7512790858190046,1.0
RP11-539L10.2,-0.31733695,-0.7385411,0.750987937482189,1.0
CHCHD1,-0.31772068,-0.38316354,0.7506968245959793,1.0
ZNF770,-0.31772068,-1.5798541,0.7506968245959793,1.0
PPP1R35,-0.31848812,-0.4365141,0.7501147053295316,1.0
DCUN1D5,-0.31887183,-0.38082212,0.7498236990263325,1.0
ECE1,-0.31925556,-1.5757201,0.7495327283278171,1.0
CIDEB,-0.3196393,-0.92906797,0.749241793272467,1.0
PHTF1,-0.3196393,-0.77402806,0.749241793272467,1.0
SFI1,-0.320023,-0.5240658,0.7489508938987484,1.0
LOH12CR1,-0.32040673,-0.83564377,0.7486600302451122,1.0
ARIH2OS,-0.32040673,-0.81769156,0.7486600302451122,1.0
IFI44L,-0.32155788,-0.1706332,0.7477876539889811,1.0
DNAJA3,-0.3219416,-0.91357744,0.7474969335998807,1.0
CALCOCO2,-0.32232532,-0.25121865,0.747206249122889,1.0
RP11-403I13.8,-0.32270905,-0.897271,0.7469156005963659,1.0
R3HCC1,-0.32309276,-0.53258914,0.7466249880586548,1.0
CDS2,-0.3234765,-0.31618983,0.746334411548085,1.0
RAB14,-0.3238602,-0.23068814,0.7460438711029694,1.0
TMEM261,-0.3238602,-0.23514885,0.7460438711029694,1.0
NUTF2,-0.3238602,-0.18623765,0.7460438711029694,1.0
PRRC2C,-0.32462764,-0.11817129,0.745462898562278,1.0
UROD,-0.32501137,-0.34837836,0.7451724665432519,1.0
SERPINA1,-0.32539508,-0.4712745,0.7448820707427796,1.0
MKNK2,-0.32693,-0.41214153,0.7437208504909234,1.0
RIC8A,-0.32769743,-0.23214625,0.7431404586697283,1.0
TARSL2,-0.32769743,-0.29900995,0.7431404586697283,1.0
PRKD2,-0.32808113,-0.19947667,0.7428503174688837,1.0
INTS5,-0.32808113,-1.008676,0.7428503174688837,1.0
TIAL1,-0.32846487,-0.26522818,0.7425602127920501,1.0
CHKB,-0.33038345,-0.5323048,0.7411102386014317,1.0
NOP16,-0.33076718,-0.82729846,0.7408203538684766,1.0
KLHDC4,-0.33076718,-0.6422646,0.7408203538684766,1.0
SLC7A6,-0.33153462,-0.8475981,0.7402406948119784,1.0
MRPL15,-0.33230206,-0.4242175,0.7396611832213041,1.0
RPP21,-0.3330695,-0.70922774,0.739081819400164,1.0
ZNF83,-0.33383694,-0.40850192,0.738502603652017,1.0
PAAF1,-0.33422068,-0.87391955,0.738213051400078,1.0
STX18,-0.33422068,-0.69988817,0.738213051400078,1.0
XPNPEP3,-0.33460438,-0.9092768,0.7379235362800699,1.0
CEP72,-0.33537182,-1.9770309,0.737344617587277,1.0
MITD1,-0.33537182,-0.4099676,0.737344617587277,1.0
TRAPPC11,-0.33537182,-2.0066879,0.737344617587277,1.0
POLD2,-0.33537182,-0.56494045,0.737344617587277,1.0
XPO1,-0.33537182,-0.89007044,0.737344617587277,1.0
MNDA,-0.33537182,-2.0289364,0.737344617587277,1.0
TMEM39A,-0.33537182,-1.8971438,0.737344617587277,1.0
SLC25A3,-0.33537182,-0.1477525,0.737344617587277,1.0
HPS6,-0.33613926,-0.85224134,0.7367658478763398,1.0
ARL16,-0.33613926,-0.46169743,0.7367658478763398,1.0
DTD1,-0.33613926,-0.25103238,0.7367658478763398,1.0
CTD-2228K2.5,-0.33613926,-2.0213482,0.7367658478763398,1.0
TBCE,-0.33613926,-2.08099,0.7367658478763398,1.0
ZNF566,-0.33613926,-2.002035,0.7367658478763398,1.0
DAK,-0.33613926,-2.091621,0.7367658478763398,1.0
PRKCZ,-0.33613926,-2.0911064,0.7367658478763398,1.0
BMI1,-0.33613926,-2.1278543,0.7367658478763398,1.0
PHLDB3,-0.33613926,-2.0446649,0.7367658478763398,1.0
CLCF1,-0.33613926,-2.1646385,0.7367658478763398,1.0
EAF1,-0.33613926,-2.0842004,0.7367658478763398,1.0
RP11-664D1.1,-0.33613926,-1.914022,0.7367658478763398,1.0
GTF2I,-0.33613926,-2.0120351,0.7367658478763398,1.0
GABARAPL2,-0.336523,-0.12436771,0.736476518983592,1.0
SURF4,-0.336523,-0.24268234,0.736476518983592,1.0
DENND4A,-0.3369067,-2.2642128,0.7361872274497065,1.0
EPM2AIP1,-0.3369067,-0.70154554,0.7361872274497065,1.0
PURB,-0.3369067,-2.2211864,0.7361872274497065,1.0
CTA-211A9.5,-0.3369067,-2.1915863,0.7361872274497065,1.0
C12orf43,-0.3369067,-0.920931,0.7361872274497065,1.0
ABCC10,-0.3369067,-2.4627812,0.7361872274497065,1.0
NCBP2-AS2,-0.3369067,-0.23864302,0.7361872274497065,1.0
DUSP14,-0.3369067,-2.1808658,0.7361872274497065,1.0
APOBEC3F,-0.3369067,-2.036928,0.7361872274497065,1.0
UEVLD,-0.3369067,-2.0849452,0.7361872274497065,1.0
MYADM,-0.33729044,-0.36869273,0.7358979733124495,1.0
KDELC2,-0.33767414,-2.1552694,0.7356087566095715,1.0
MAP3K4,-0.33767414,-2.1644704,0.7356087566095715,1.0
NPL,-0.33767414,-2.2024932,0.7356087566095715,1.0
ATP11A,-0.33767414,-2.29786,0.7356087566095715,1.0
POLM,-0.33767414,-0.87547797,0.7356087566095715,1.0
KANSL1-AS1,-0.33767414,-2.2848947,0.7356087566095715,1.0
ABCC5,-0.33767414,-2.178066,0.7356087566095715,1.0
CIRH1A,-0.33805788,-0.6207159,0.735319577378807,1.0
PDIK1L,-0.33844158,-2.4013443,0.7350304356578746,1.0
HMGXB3,-0.33844158,-2.3098562,0.7350304356578746,1.0
RNF141,-0.33844158,-0.93710566,0.7350304356578746,1.0
TRAF7,-0.33844158,-0.9270129,0.7350304356578746,1.0
DNAJB14,-0.33882532,-0.57552856,0.7347413314844772,1.0
RGS18,-0.33920902,-2.4045079,0.7344522648963012,1.0
CCBL1,-0.33920902,-2.4664736,0.7344522648963012,1.0
ATMIN,-0.33920902,-2.2712846,0.7344522648963012,1.0
TRAF5,-0.33959275,-0.5570106,0.7341632359310177,1.0
GRIPAP1,-0.33997646,-0.9386522,0.7338742446262813,1.0
CRCP,-0.33997646,-2.5195506,0.7338742446262813,1.0
KBTBD3,-0.33997646,-0.9208664,0.7338742446262813,1.0
GPM6B,-0.33997646,-2.6388245,0.7338742446262813,1.0
IER3IP1-1,-0.3403602,-0.24001943,0.7335852910197308,1.0
NAA38,-0.3403602,-0.20555499,0.7335852910197308,1.0
MRPL9,-0.34112763,-0.19389811,0.7330074970516629,1.0
THAP2,-0.34151137,-0.5809864,0.7327186567653428,1.0
ARF3,-0.34189507,-0.39482316,0.7324298543276035,1.0
XPOT,-0.3422788,-0.9620038,0.7321410897760037,1.0
CTSO,-0.3422788,-0.6348126,0.7321410897760037,1.0
TPGS2,-0.3422788,-0.6277617,0.7321410897760037,1.0
CHD1,-0.34304625,-0.73028183,0.7315636744813763,1.0
MED7,-0.34304625,-1.0359331,0.7315636744813763,1.0
S100PBP,-0.34304625,-0.9709482,0.7315636744813763,1.0
ANKRD32,-0.3438137,-1.0557481,0.7309864111816076,1.0
REST,-0.34573227,-0.27874628,0.7295439198770757,1.0
LINC00861,-0.346116,-0.23436256,0.7292555362490475,1.0
SMIM14,-0.346116,-0.470077,0.7292555362490475,1.0
RGS1,-0.3464997,-0.3990968,0.7289671909192387,1.0
ZNF267,-0.34688345,-0.989675,0.7286788839250137,1.0
TSTA3,-0.34803462,-0.33625004,0.727814193329245,1.0
C11orf83,-0.34918576,-0.51941335,0.7269498490972968,1.0
N4BP2L1,-0.35072064,-0.2327558,0.7257979306484611,1.0
RRM1,-0.35072064,-0.6275761,0.7257979306484611,1.0
EED,-0.35148808,-0.51265323,0.7252222037483594,1.0
PFKP,-0.35187182,-0.46898296,0.7249343985094923,1.0
RBBP6,-0.35225552,-0.38239148,0.7246466321276006,1.0
RAP1A,-0.3534067,-0.16519809,0.7237835664948895,1.0
TMEM87A,-0.3537904,-0.16393661,0.7234959559119283,1.0
B3GNT2,-0.3537904,-0.5985466,0.7234959559119283,1.0
GBP1,-0.3537904,-0.11753379,0.7234959559119283,1.0
SLC25A32,-0.35494158,-1.0790352,0.7226333585656186,1.0
C15orf39,-0.35494158,-1.0787922,0.7226333585656186,1.0
NUP37,-0.35609275,-0.6287162,0.7217711136004218,1.0
ARFGAP2,-0.35647646,-0.23327152,0.7214837770915046,1.0
ORAOV1,-0.3572439,-1.1277324,0.7209092220145423,1.0
MOGS,-0.3572439,-1.0504578,0.7209092220145423,1.0
ATP5O,-0.35762763,-0.15540117,0.720622003520322,1.0
KLRB1,-0.35801134,-0.19990046,0.7203348244381309,1.0
CRTC2,-0.35801134,-1.1426144,0.7203348244381309,1.0
GIMAP8,-0.35801134,-1.0802939,0.7203348244381309,1.0
EPB41L4A-AS1,-0.35877877,-0.2838443,0.7197605846573032,1.0
AKAP8,-0.35877877,-1.107864,0.7197605846573032,1.0
FOXN3,-0.35877877,-0.3047898,0.7197605846573032,1.0
KCMF1,-0.3595462,-0.8963829,0.719186502966825,1.0
UBASH3A,-0.3595462,-1.1561251,0.719186502966825,1.0
QSOX1,-0.3595462,-1.1558589,0.719186502966825,1.0
LRRC40,-0.3595462,-1.0756111,0.719186502966825,1.0
CCDC93,-0.3595462,-1.0125827,0.719186502966825,1.0
RP11-326I11.3,-0.3595462,-1.1083333,0.719186502966825,1.0
RNF169,-0.36031365,-1.1580852,0.718612579661195,1.0
UCKL1,-0.36031365,-0.44115424,0.718612579661195,1.0
AIG1,-0.3606974,-25.026562,0.7183256774946556,1.0
CA2,-0.3606974,-25.09468,0.7183256774946556,1.0
MYBBP1A,-0.3606974,-25.163029,0.7183256774946556,1.0
RP13-580F15.2,-0.3606974,-25.297224,0.7183256774946556,1.0
PYGL,-0.3606974,-25.132303,0.7183256774946556,1.0
TOLLIP-AS1,-0.3606974,-25.102505,0.7183256774946556,1.0
RP5-821D11.7,-0.3606974,-25.292868,0.7183256774946556,1.0
ICOS,-0.3606974,-25.233286,0.7183256774946556,1.0
DBT,-0.3606974,-24.908068,0.7183256774946556,1.0
LMNB2,-0.3606974,-25.074041,0.7183256774946556,1.0
AC074138.3,-0.3606974,-25.195978,0.7183256774946556,1.0
APOBEC3A,-0.3606974,-25.004742,0.7183256774946556,1.0
SLC4A2,-0.3606974,-25.166866,0.7183256774946556,1.0
GCSAM,-0.3606974,-25.254948,0.7183256774946556,1.0
ZBTB43,-0.3606974,-25.036367,0.7183256774946556,1.0
CDC25B,-0.3606974,-0.29421514,0.7183256774946556,1.0
RP11-66N24.3,-0.3606974,-25.141975,0.7183256774946556,1.0
MVB12B,-0.3606974,-25.02458,0.7183256774946556,1.0
OLFM2,-0.3606974,-25.178745,0.7183256774946556,1.0
LZTR1,-0.3606974,-25.043968,0.7183256774946556,1.0
MCM9,-0.3606974,-24.938974,0.7183256774946556,1.0
NR2C1,-0.3606974,-25.023266,0.7183256774946556,1.0
MAML2,-0.3606974,-25.289011,0.7183256774946556,1.0
TTLL1,-0.3606974,-25.00002,0.7183256774946556,1.0
LY6G5C,-0.3606974,-25.025112,0.7183256774946556,1.0
SP110,-0.3606974,-0.17471516,0.7183256774946556,1.0
ZNF592,-0.3606974,-25.242767,0.7183256774946556,1.0
ADAT1,-0.3606974,-25.00762,0.7183256774946556,1.0
TRPS1,-0.3606974,-25.076748,0.7183256774946556,1.0
KIAA1586,-0.3606974,-25.017675,0.7183256774946556,1.0
PRRT3,-0.3606974,-25.307423,0.7183256774946556,1.0
ANKRA2,-0.3606974,-0.8088798,0.7183256774946556,1.0
ZNF260,-0.3606974,-25.119612,0.7183256774946556,1.0
NECAB3,-0.3606974,-25.182758,0.7183256774946556,1.0
ZBED6,-0.3606974,-25.063019,0.7183256774946556,1.0
SETD7,-0.3606974,-25.17955,0.7183256774946556,1.0
HAPLN3,-0.3606974,-24.779213,0.7183256774946556,1.0
CCL20,-0.3606974,-25.05198,0.7183256774946556,1.0
FCN1,-0.36108112,-0.26515976,0.7180388150346438,1.0
TMEM33,-0.36108112,-1.063426,0.7180388150346438,1.0
ZSCAN18,-0.36184856,-1.1648338,0.7174652093811342,1.0
TMEM154,-0.36184856,-1.1339864,0.7174652093811342,1.0
TMEM68,-0.36184856,-1.2322462,0.7174652093811342,1.0
L3MBTL2,-0.36184856,-1.1871215,0.7174652093811342,1.0
PGD,-0.36184856,-1.1668191,0.7174652093811342,1.0
CWF19L2,-0.36223227,-0.709711,0.7171784662610599,1.0
RP11-304L19.5,-0.362616,-1.136521,0.7168917629943601,1.0
TNRC6A,-0.362616,-1.2848835,0.7168917629943601,1.0
ZNF493,-0.362616,-1.2060843,0.7168917629943601,1.0
MANBAL,-0.36338344,-1.2979124,0.7163184761677459,1.0
EOMES,-0.36338344,-0.31737527,0.7163184761677459,1.0
RGP1,-0.36338344,-1.1490339,0.7163184761677459,1.0
RP11-412D9.4,-0.36338344,-1.2107732,0.7163184761677459,1.0
YLPM1,-0.36415088,-1.1748887,0.7157453491944471,1.0
FAM53B,-0.36415088,-1.2334764,0.7157453491944471,1.0
BLOC1S4,-0.3645346,-0.19065097,0.715458845744328,1.0
PDE6D,-0.3645346,-0.70283604,0.715458845744328,1.0
SYNRG,-0.36491832,-0.39138466,0.7151723823673488,1.0
FBXO18,-0.36491832,-1.1977307,0.7151723823673488,1.0
METTL17,-0.36530203,-0.6781509,0.7148859591000774,1.0
TPRKB,-0.36530203,-0.41532746,0.7148859591000774,1.0
ELMO1,-0.36568576,-0.51971245,0.7145995759790655,1.0
DNAJC21,-0.36568576,-1.2538326,0.7145995759790655,1.0
BMS1,-0.3664532,-1.3888214,0.7140269303219412,1.0
FAM195A,-0.3664532,-1.2450956,0.7140269303219412,1.0
RPUSD2,-0.36722064,-1.5173689,0.7134544456880483,1.0
CCDC85B,-0.36722064,-0.08867822,0.7134544456880483,1.0
SLC2A4RG,-0.36798808,-0.464097,0.7128821223691877,1.0
SUN1,-0.36798808,-1.337799,0.7128821223691877,1.0
ISG20,-0.36875552,-0.1457923,0.7123099606568875,1.0
VCP,-0.36913925,-0.2580998,0.7120239404942257,1.0
UBAP1,-0.36913925,-0.5190876,0.7120239404942257,1.0
POLR2C,-0.36913925,-0.22691901,0.7120239404942257,1.0
FUS,-0.36952296,-0.19459885,0.7117379608424037,1.0
TBC1D15,-0.3699067,-0.7853643,0.711452021737786,1.0
H1FX,-0.3699067,-0.25497058,0.711452021737786,1.0
LYRM1,-0.3699067,-0.3941107,0.711452021737786,1.0
MRPS31,-0.3699067,-0.3569485,0.711452021737786,1.0
CAPRIN1,-0.37182528,-0.5307166,0.7100229356943106,1.0
GSTK1,-0.37182528,-0.1433883,0.7100229356943106,1.0
PNISR,-0.37259272,-0.12284091,0.7094515863781827,1.0
EIF1B,-0.3737439,-0.2435633,0.708594868775737,1.0
CAPN2,-0.3756625,-0.09527094,0.7071678255083041,1.0
CYB5R1,-0.3760462,-0.67585075,0.7068825400905053,1.0
RIC3,-0.37681365,-0.84517395,0.7063120927792739,1.0
HPCAL1,-0.37796482,-0.26929972,0.7054567311638995,1.0
C3orf38,-0.37873226,-0.6157572,0.704886696741327,1.0
MAP2K1,-0.37911597,-0.3040258,0.7046017416342469,1.0
ZBTB25,-0.37911597,-0.52733105,0.7046017416342469,1.0
ZNF706,-0.3794997,-0.19330603,0.7043168279778873,1.0
PRRC2B,-0.38065085,-0.7307977,0.7034623360721979,1.0
TGDS,-0.3814183,-1.318303,0.7028928827133241,1.0
CARKD,-0.3814183,-1.2732965,0.7028928827133241,1.0
CINP,-0.38218576,-0.59354055,0.702323596018237,1.0
THAP7-AS1,-0.38218576,-1.4582529,0.702323596018237,1.0
MRTO4,-0.3829532,-0.80836576,0.7017544762733505,1.0
PASK,-0.3829532,-1.4920081,0.7017544762733505,1.0
C1orf35,-0.3833369,-0.49310687,0.7014699790966602,1.0
CDC14A,-0.38372064,-1.6024579,0.7011855237647984,1.0
STAT5B,-0.38372064,-1.4999051,0.7011855237647984,1.0
RBM43,-0.38372064,-1.5454569,0.7011855237647984,1.0
LANCL1,-0.38372064,-1.4900895,0.7011855237647984,1.0
BNIP1,-0.38372064,-0.8542228,0.7011855237647984,1.0
RPAP3,-0.38372064,-1.5505058,0.7011855237647984,1.0
RMND1,-0.38448808,-1.548738,0.7006167387784332,1.0
PDHX,-0.38448808,-0.80128026,0.7006167387784332,1.0
GCC1,-0.38448808,-1.492989,0.7006167387784332,1.0
MRPS33,-0.38487178,-0.45280316,0.7003324091953227,1.0
BIRC6,-0.38487178,-0.4036329,0.7003324091953227,1.0
KLHDC2,-0.38487178,-0.40470207,0.7003324091953227,1.0
HSD17B8,-0.38525552,-0.86864275,0.700048121599826,1.0
MAPKAPK5,-0.38525552,-0.86826164,0.700048121599826,1.0
STRADB,-0.38525552,-1.5973654,0.700048121599826,1.0
PPP6R2,-0.38525552,-0.8348394,0.700048121599826,1.0
TMEM187,-0.38525552,-1.5831207,0.700048121599826,1.0
ZMYM6,-0.38525552,-1.5396479,0.700048121599826,1.0
TNF,-0.38525552,-1.5219545,0.700048121599826,1.0
MAP9,-0.38602296,-1.5396029,0.6994796725142665,1.0
APTX,-0.38602296,-0.5230169,0.6994796725142665,1.0
LIN7C,-0.38602296,-1.4942399,0.6994796725142665,1.0
LATS1,-0.3867904,-1.6998473,0.698911391806761,1.0
NUDCD1,-0.3867904,-1.6459639,0.698911391806761,1.0
SNHG12,-0.3867904,-0.9107177,0.698911391806761,1.0
DUS3L,-0.3867904,-0.45840535,0.698911391806761,1.0
MLLT3,-0.3867904,-1.7670362,0.698911391806761,1.0
TESPA1,-0.38755783,-0.65418565,0.698343279762034,1.0
DENR,-0.38794154,-0.25617167,0.6980592870771114,1.0
RNPC3,-0.38832527,-1.7668794,0.6977753366645266,1.0
HGS,-0.38832527,-1.6645281,0.6977753366645266,1.0
RRP1B,-0.38832527,-0.9036477,0.6977753366645266,1.0
PRKAB2,-0.38832527,-1.6088604,0.6977753366645266,1.0
DDX27,-0.38870898,-0.34630078,0.6974914285597906,1.0
HSD17B4,-0.3890927,-1.8240361,0.6972075627983962,1.0
MFF,-0.3890927,-0.16443196,0.6972075627983962,1.0
NPDC1,-0.3890927,-0.99460644,0.6972075627983962,1.0
ZNF460,-0.3890927,-1.7011201,0.6972075627983962,1.0
TMEM258,-0.38947645,-0.15023601,0.696923739415819,1.0
RIOK1,-0.38986015,-1.0631534,0.6966399584475165,1.0
ACADSB,-0.38986015,-1.8312099,0.6966399584475165,1.0
ERCC4,-0.38986015,-1.9076891,0.6966399584475165,1.0
PPP2R5E,-0.3906276,-0.8921304,0.6960725238954764,1.0
DESI1,-0.3906276,-0.9312071,0.6960725238954764,1.0
EIF2AK2,-0.39101133,-0.28431404,0.6957888703825648,1.0
SEC22C,-0.39101133,-0.55853933,0.6957888703825648,1.0
GYG1,-0.39139503,-0.28205168,0.69550525942558,1.0
MYCBP2,-0.39139503,-0.42001417,0.69550525942558,1.0
EPRS,-0.39139503,-0.37376264,0.69550525942558,1.0
BAG6,-0.39216247,-0.21011448,0.6949381653208467,1.0
ZCCHC9,-0.39216247,-0.922804,0.6949381653208467,1.0
HMGB1,-0.3925462,-0.12816863,0.6946546822437816,1.0
EXOSC1,-0.3929299,-0.2952001,0.6943712418640098,1.0
PBDC1,-0.3929299,-0.25846925,0.6943712418640098,1.0
DNAAF2,-0.3929299,-0.4306496,0.6943712418640098,1.0
MBNL2,-0.3929299,-0.9947195,0.6943712418640098,1.0
GLE1,-0.3944648,-0.90595734,0.6932379080235282,1.0
ACSF3,-0.39484853,-0.5880142,0.69295468165932,1.0
LRBA,-0.39523223,-0.6614513,0.6926714982039183,1.0
ARRDC1,-0.39561597,-0.4281584,0.6923883576925123,1.0
JKAMP,-0.39561597,-0.88054305,0.6923883576925123,1.0
MX2,-0.3963834,-0.4586533,0.6918222056423555,1.0
XXbac-BPG299F13.17,-0.39676714,-0.2024008,0.6915391941738933,1.0
SAMSN1,-0.39715084,-0.3943823,0.6912562257900043,1.0
PHACTR2,-0.39753458,-0.91307694,0.6909733005257881,1.0
RCAN3,-0.39906946,-0.8745743,0.6898420313670037,1.0
NGLY1,-0.40252292,-0.3738786,0.6872992119184761,1.0
MKNK1,-0.40290666,-0.90994865,0.6870168940049763,1.0
USP15,-0.4032904,-0.3694134,0.6867346197354662,1.0
PPP2CA,-0.4036741,-0.21921499,0.686452389144755,1.0
ZC3H14,-0.4036741,-0.9788869,0.686452389144755,1.0
OTUD5,-0.4036741,-0.6473911,0.686452389144755,1.0
SEC63,-0.4036741,-0.47169206,0.686452389144755,1.0
METTL5,-0.40405783,-0.34504884,0.6861702022676336,1.0
PAG1,-0.40444154,-0.6723428,0.6858880591388745,1.0
RAB4A,-0.40482527,-0.2863816,0.6856059597932318,1.0
NAMPT,-0.40482527,-0.6880516,0.6856059597932318,1.0
FAS,-0.40520898,-1.0276444,0.6853239042654418,1.0
STAU1,-0.40520898,-1.0005237,0.6853239042654418,1.0
AAMDC,-0.40674385,-0.47950318,0.6841961210268861,1.0
LAT,-0.4071276,-0.18762922,0.6839142851087578,1.0
RPS27L,-0.4071276,-0.20377201,0.6839142851087578,1.0
P2RX5,-0.4071276,-2.2042155,0.6839142851087578,1.0
GOT2,-0.4071276,-1.073716,0.6839142851087578,1.0
PEX26,-0.4071276,-2.1583567,0.6839142851087578,1.0
USP10,-0.4075113,-1.073815,0.6836324932165134,1.0
RBFA,-0.40789503,-2.291608,0.6833507453847607,1.0
CARF,-0.40789503,-2.3762944,0.6833507453847607,1.0
C1orf54,-0.40789503,-2.2678914,0.6833507453847607,1.0
DLGAP1-AS1,-0.40827873,-1.0101855,0.6830690416480885,1.0
ZNF783,-0.4094299,-2.4756322,0.6822241953541734,1.0
NFE2L2,-0.4094299,-0.95412356,0.6822241953541734,1.0
CCR5,-0.4094299,-2.4147673,0.6822241953541734,1.0
SUV420H2,-0.4094299,-2.704189,0.6822241953541734,1.0
MPP7,-0.41019735,-2.5210924,0.6816611856002752,1.0
IFNG-AS1,-0.4109648,-2.4685037,0.6810983530552771,1.0
PDLIM5,-0.41134852,-1.1354935,0.6808170033222544,1.0
TNFSF8,-0.41173223,-2.715282,0.6805356979947865,1.0
NHLRC2,-0.41173223,-2.600862,0.6805356979947865,1.0
NAPEPLD,-0.41249967,-2.609065,0.6799732206941154,1.0
THAP6,-0.41249967,-2.785357,0.6799732206941154,1.0
NMT1,-0.41365084,-0.52935356,0.6791298386442861,1.0
LTBP4,-0.41441828,-1.1877406,0.6785678069457077,1.0
TCEAL4,-0.41441828,-1.0876105,0.6785678069457077,1.0
PHACTR4,-0.41480199,-0.93175596,0.6782868580996912,1.0
TRAPPC2L,-0.41480199,-0.24177277,0.6782868580996912,1.0
IRF2,-0.41518572,-0.40783447,0.6780059539682046,1.0
RALB,-0.41518572,-0.5818191,0.6780059539682046,1.0
SLC25A4,-0.41556942,-0.7497904,0.6777250945854849,1.0
RAN,-0.41633686,-0.12502915,0.6771635102032045,1.0
ZNF444,-0.4167206,-1.2288008,0.6768827852720258,1.0
WBP11,-0.4167206,-0.32226998,0.6768827852720258,1.0
YTHDC1,-0.41710433,-0.761595,0.6766021052263784,1.0
CNIH1,-0.41902292,-0.34520587,0.675199379475506,1.0
NSFL1C,-0.41940665,-0.40984088,0.674918969459422,1.0
SRPK1,-0.41979036,-1.2756733,0.6746386045674866,1.0
RHOB,-0.4201741,-0.80030084,0.6743582848337131,1.0
TIFA,-0.42094153,-0.7578303,0.6737977809766104,1.0
FUT7,-0.42094153,-1.2600728,0.6737977809766104,1.0
HNRNPUL1,-0.42132524,-0.23808122,0.6735175969212137,1.0
AIP,-0.42132524,-0.22658636,0.6735175969212137,1.0
STARD7,-0.4236276,-0.5596053,0.6718374449499127,1.0
PBRM1,-0.4240113,-0.8193164,0.6715575786643486,1.0
TOMM40,-0.4240113,-0.9081186,0.6715575786643486,1.0
UHRF2,-0.42516246,-1.1044527,0.6707182531291795,1.0
GTF2F2,-0.4259299,-0.7616565,0.6701589308779708,1.0
PPP6C,-0.42669734,-0.617432,0.6695997914259912,1.0
EMB,-0.42708105,-0.50237864,0.6693202903339313,1.0
QRSL1,-0.42746478,-1.2558476,0.6690408350427037,1.0
PARP8,-0.4278485,-0.291618,0.668761425585944,1.0
BAG2,-0.42899966,-1.3267667,0.6679234725585406,1.0
KCTD18,-0.42899966,-1.2358295,0.6679234725585406,1.0
ENTHD2,-0.42899966,-1.3240838,0.6679234725585406,1.0
ANXA7,-0.4297671,-0.19580519,0.667365066995071,1.0
NEK9,-0.4297671,-1.325952,0.667365066995071,1.0
MT1E,-0.43053454,-1.2835059,0.6668068455751059,1.0
RP11-138A9.1,-0.43130198,-1.2951833,0.6662488085665854,1.0
ABHD14B,-0.43168572,-0.2632066,0.6659698593002649,1.0
RP11-51J9.5,-0.43206942,-0.4115618,0.6656909562371447,1.0
GTF3A,-0.43206942,-0.15524022,0.6656909562371447,1.0
GNAI3,-0.43206942,-0.27978194,0.6656909562371447,1.0
CTSH,-0.43206942,-0.7796334,0.6656909562371447,1.0
RAB3GAP1,-0.43283686,-25.42716,0.6651332888541124,1.0
RAB33B,-0.43283686,-25.37886,0.6651332888541124,1.0
MARCH9,-0.43283686,-25.462177,0.6651332888541124,1.0
RORC,-0.43283686,-25.41461,0.6651332888541124,1.0
SH3BP5-AS1,-0.43283686,-25.410103,0.6651332888541124,1.0
RNF19B,-0.43283686,-25.288889,0.6651332888541124,1.0
GOLGB1,-0.43283686,-25.285324,0.6651332888541124,1.0
RP11-111M22.3,-0.43283686,-25.489868,0.6651332888541124,1.0
HMGCS1,-0.43283686,-25.438969,0.6651332888541124,1.0
C6orf203,-0.43283686,-1.2762434,0.6651332888541124,1.0
LL22NC03-75H12.2,-0.43283686,-25.398674,0.6651332888541124,1.0
AMMECR1L,-0.43283686,-25.404787,0.6651332888541124,1.0
IL4I1,-0.43283686,-25.234608,0.6651332888541124,1.0
EDRF1,-0.43283686,-25.233006,0.6651332888541124,1.0
ALDH16A1,-0.43283686,-1.35654,0.6651332888541124,1.0
TLK1,-0.43283686,-25.420425,0.6651332888541124,1.0
DKK3,-0.43283686,-25.37784,0.6651332888541124,1.0
SGTB,-0.43283686,-25.240362,0.6651332888541124,1.0
MIR4519,-0.43283686,-25.438488,0.6651332888541124,1.0
CA11,-0.43283686,-25.357948,0.6651332888541124,1.0
PLEKHB1,-0.43283686,-25.408148,0.6651332888541124,1.0
KIAA1407,-0.43283686,-25.494259,0.6651332888541124,1.0
KIAA1033,-0.43283686,-1.2990204,0.6651332888541124,1.0
TRIM47,-0.43283686,-25.4126,0.6651332888541124,1.0
LTK,-0.43283686,-25.40236,0.6651332888541124,1.0
TRMT5,-0.43283686,-25.251574,0.6651332888541124,1.0
ASAP1,-0.43283686,-1.3283905,0.6651332888541124,1.0
SLC26A11,-0.43283686,-25.389889,0.6651332888541124,1.0
ATP8A1,-0.43283686,-25.352507,0.6651332888541124,1.0
RAB32,-0.43283686,-25.407778,0.6651332888541124,1.0
SNX2,-0.4332206,-0.34235862,0.6648545246009558,1.0
SURF1,-0.4336043,-0.2700999,0.6645758066845109,1.0
LEPROTL1,-0.4336043,-0.1844392,0.6645758066845109,1.0
TCEAL1,-0.4336043,-0.81993985,0.6645758066845109,1.0
LINC00662,-0.43437174,-0.5814762,0.6640185099950557,1.0
EFCAB14,-0.43475547,-0.8394724,0.6637399312886476,1.0
KPNA5,-0.43513918,-1.3538558,0.6634613990521554,1.0
RNF214,-0.43513918,-1.3633535,0.6634613990521554,1.0
ABCF2,-0.43590662,-0.82155615,0.6629044741219103,1.0
FAM104A,-0.43590662,-0.3803233,0.6629044741219103,1.0
SH2D3A,-0.43590662,-1.2170581,0.6629044741219103,1.0
CXXC1,-0.43629035,-0.57127005,0.6626260814946059,1.0
RSPRY1,-0.43667406,-1.3447461,0.6623477354701137,1.0
HDHD3,-0.43667406,-1.4296556,0.6623477354701137,1.0
RP11-140K17.3,-0.43744153,-1.3537005,0.66179118336225,1.0
TMEM55A,-0.43782523,-1.417906,0.6615129773451724,1.0
KIAA0040,-0.43820897,-1.4492285,0.661234818063495,1.0
ACN9,-0.43859267,-0.35993904,0.6609567055503164,1.0
ACTR1B,-0.4389764,-0.42652953,0.6606786398387159,1.0
APOL2,-0.43974385,-1.5047731,0.66012264895247,1.0
PEX16,-0.43974385,-0.21229063,0.66012264895247,1.0
ZNF821,-0.43974385,-0.8327783,0.66012264895247,1.0
ATPIF1,-0.44012755,-0.21079832,0.6598447238438865,1.0
CYSTM1,-0.4405113,-1.4332361,0.6595668456690051,1.0
MRPL12,-0.44127873,-0.46683195,0.6590112302522588,1.0
LYST,-0.4431973,-0.4160604,0.6576230153565763,1.0
RNF145,-0.4462671,-0.4784136,0.655404327471883,1.0
GALK1,-0.4466508,-0.9746805,0.6551272047086341,1.0
CWC27,-0.44703454,-0.40713704,0.6548501294371434,1.0
ARHGAP15,-0.44856942,-0.18545677,0.6537423039214895,1.0
UBL3,-0.44933686,-0.51267743,0.6531886769622091,1.0
MLEC,-0.4501043,-0.5943895,0.6526352408825253,1.0
SNRK,-0.450488,-0.67831725,0.6523585945038042,1.0
TNFSF12,-0.450488,-0.730701,0.6523585945038042,1.0
TRABD,-0.45163918,-0.27974236,0.651528942401757,1.0
SH2D1A,-0.45163918,-0.20767234,0.651528942401757,1.0
HLA-DMB,-0.4520229,-0.6620612,0.6512524874872299,1.0
RPS17L,-0.45240662,-0.87904084,0.6509760805197895,1.0
UFM1,-0.45317405,-0.53869873,0.6504234105556521,1.0
ZNF544,-0.4535578,-1.7101889,0.6501471476236473,1.0
WDR20,-0.4535578,-0.95654494,0.6501471476236473,1.0
TCEA1,-0.4535578,-0.24217926,0.6501471476236473,1.0
DHX16,-0.45432523,-1.6412721,0.6495947660213486,1.0
NDUFAF6,-0.45470893,-0.98334724,0.6493186474156283,1.0
MFSD10,-0.45470893,-0.25142434,0.6493186474156283,1.0
LGALS3BP,-0.45509267,-1.6298132,0.64904257698321,1.0
SNRPF,-0.45547637,-0.29401618,0.6487665547563312,1.0
AARSD1,-0.4558601,-1.7488644,0.6484905807672092,1.0
WAC,-0.4562438,-0.50155485,0.6482146550480421,1.0
CASC4,-0.45662755,-0.6285724,0.6479387776310073,1.0
PDPK1,-0.45701125,-0.95191795,0.647662948548263,1.0
SLC35B3,-0.45854616,-1.0167136,0.6465601162026544,1.0
DHX30,-0.4593136,-1.035262,0.6460089908702387,1.0
STAT2,-0.4593136,-1.0046082,0.6460089908702387,1.0
ZNF800,-0.4593136,-0.9728042,0.6460089908702387,1.0
SPATS2L,-0.4596973,-1.8941984,0.6457335010262807,1.0
BRF1,-0.4596973,-1.9848967,0.6457335010262807,1.0
NAT9,-0.46008104,-0.9723114,0.6454580597731607,1.0
TPR,-0.46046475,-0.23414151,0.6451826671428578,1.0
MINA,-0.46046475,-1.8063915,0.6451826671428578,1.0
BLVRA,-0.46084848,-0.48175102,0.6449073231673306,1.0
CWC15,-0.4612322,-0.3085942,0.6446320278785178,1.0
DPP7,-0.46161592,-0.22472493,0.6443567813083387,1.0
THEM4,-0.46199962,-0.66075414,0.6440815834886919,1.0
UBE2D1,-0.46276706,-0.5076813,0.643531334228491,1.0
TOMM20,-0.46276706,-0.24205898,0.643531334228491,1.0
NARG2,-0.4635345,-1.9557184,0.6429812803527057,1.0
VPS4A,-0.4635345,-0.42909765,0.6429812803527057,1.0
INPP4B,-0.46391824,-1.0404413,0.6427063267635034,1.0
DOCK10,-0.4666043,-0.51334417,0.6407830237783079,1.0
GMCL1,-0.4666043,-0.56762415,0.6407830237783079,1.0
FAM26F,-0.466988,-0.5513081,0.6405084626092631,1.0
RTCB,-0.46737173,-0.36958677,0.6402339506352297,1.0
FAM204A,-0.46737173,-0.32598472,0.6402339506352297,1.0
MRPL37,-0.46967405,-0.76184946,0.6385879136543273,1.0
NISCH,-0.4704415,-0.93845993,0.6380396296508595,1.0
TNIP1,-0.47120893,-0.28043595,0.6374915435620276,1.0
CTR9,-0.47120893,-0.53145534,0.6374915435620276,1.0
PRDM2,-0.4727438,-0.8572786,0.6363959661329315,1.0
POLR2I,-0.47389498,-0.36447546,0.635574804453312,1.0
C12orf23,-0.47504613,-1.0311918,0.6347540906196636,1.0
ACSL3,-0.47504613,-0.960761,0.6347540906196636,1.0
QDPR,-0.47504613,-0.60334337,0.6347540906196636,1.0
CXCR3,-0.47504613,-0.58706653,0.6347540906196636,1.0
MRPL10,-0.4781159,-0.31424674,0.6325677162696084,1.0
POMZP3,-0.47888333,-2.1486354,0.6320216230920634,1.0
HIPK3,-0.47888333,-2.436537,0.6320216230920634,1.0
ST7L,-0.47888333,-2.2930255,0.6320216230920634,1.0
CHD8,-0.47888333,-1.107522,0.6320216230920634,1.0
NFYC,-0.4796508,-0.57318175,0.6314757305749747,1.0
FAM78A,-0.4796508,-0.78290206,0.6314757305749747,1.0
XPO4,-0.4796508,-2.5256002,0.6314757305749747,1.0
ENO2,-0.48041824,-2.5662615,0.6309300389660044,1.0
CYB561,-0.48041824,-1.1207225,0.6309300389660044,1.0
ZBED5,-0.48041824,-2.5397382,0.6309300389660044,1.0
CRIP2,-0.48041824,-2.5388918,0.6309300389660044,1.0
PCSK1N,-0.48041824,-2.633126,0.6309300389660044,1.0
SLC2A1,-0.48041824,-2.46111,0.6309300389660044,1.0
ABHD15,-0.48041824,-2.553591,0.6309300389660044,1.0
B3GNTL1,-0.48118567,-2.5988207,0.6303845485124864,1.0
SFMBT1,-0.48118567,-2.6215007,0.6303845485124864,1.0
CSRNP1,-0.48156938,-0.6167329,0.630111878796224,1.0
TMEM183A,-0.4819531,-0.7962877,0.6298392594614264,1.0
PHF3,-0.4819531,-0.5793254,0.6298392594614264,1.0
NUS1,-0.4819531,-1.1582762,0.6298392594614264,1.0
POLR2D,-0.4819531,-1.192866,0.6298392594614264,1.0
ACSL6,-0.4819531,-2.6554334,0.6298392594614264,1.0
C12orf79,-0.48272055,-2.6599853,0.6292941720595022,1.0
FZR1,-0.48272055,-2.6902046,0.6292941720595022,1.0
GNAS,-0.48310426,-0.18002279,0.629021704053963,1.0
PRKRA,-0.483488,-0.84892076,0.6287492865530626,1.0
DBN1,-0.483488,-2.6823084,0.6287492865530626,1.0
SSB,-0.483488,-0.2763826,0.6287492865530626,1.0
SIVA1,-0.4838717,-0.054738738,0.6284769195875436,1.0
WDR3,-0.48425543,-2.7217655,0.6282046031881274,1.0
CCR2,-0.48425543,-2.7872865,0.6282046031881274,1.0
UTP23,-0.48502287,-2.9619706,0.6276601222103873,1.0
AC104820.2,-0.48502287,-3.0237541,0.6276601222103873,1.0
METTL18,-0.48502287,-0.64330983,0.6276601222103873,1.0
TRAPPC12,-0.48502287,-1.2144116,0.6276601222103873,1.0
BRD9,-0.48540658,-0.6667418,0.6273879576934034,1.0
VCAN,-0.4857903,-1.2001735,0.6271158438652027,1.0
DPM3,-0.4857903,-0.57332826,0.6271158438652027,1.0
TWISTNB,-0.4857903,-0.7962697,0.6271158438652027,1.0
ILF3,-0.4857903,-0.5267028,0.6271158438652027,1.0
PINX1,-0.4873252,-1.2238649,0.6260278960522944,1.0
USP19,-0.48809263,-1.3285941,0.6254842270736412,1.0
SLC35C2,-0.4892438,-0.5638822,0.6246691054518889,1.0
CSTF3,-0.4892438,-1.3072284,0.6246691054518889,1.0
CRIP1,-0.49077868,-0.21522304,0.6235829906811075,1.0
WDR54,-0.4911624,-0.4315438,0.6233115897014152,1.0
MRPL19,-0.49154612,-0.5606052,0.6230402398676125,1.0
WNK1,-0.49192983,-0.6186303,0.6227689412100077,1.0
GNL1,-0.49231356,-0.71020436,0.6224976937588875,1.0
COMTD1,-0.49269727,-0.8560442,0.6222264975445186,1.0
FAM107B,-0.49269727,-0.29843947,0.6222264975445186,1.0
PDCD5,-0.493081,-0.26094204,0.6219553525971463,1.0
PPP2R2A,-0.49423218,-0.89202636,0.6211422256591522,1.0
ATP2A3,-0.4965345,-0.6888041,0.6195173600658472,1.0
USP16,-0.49768564,-0.3819789,0.6187056230353523,1.0
LINC00987,-0.499988,-1.393077,0.617083544556019,1.0
NAP1L4,-0.5003717,-0.36065084,0.6168133794004962,1.0
NFX1,-0.50152284,-1.1707288,0.6160031952582767,1.0
NCK2,-0.5019066,-0.8481374,0.6157332377516049,1.0
TNRC6B,-0.5019066,-0.45518085,0.6157332377516049,1.0
ANKRD36,-0.50344145,-0.921288,0.6146539278882754,1.0
JPX,-0.5038252,-0.6536907,0.6143842306117366,1.0
FAM175B,-0.5038252,-1.464143,0.6143842306117366,1.0
GPRIN3,-0.5038252,-1.4922415,0.6143842306117366,1.0
HLA-DRB5,-0.5042089,-0.31752336,0.6141145854702231,1.0
UNK,-0.5045926,-1.4272201,0.6138449924933522,1.0
SEC24C,-0.5045926,-1.4689962,0.6138449924933522,1.0
ELOVL4,-0.50497633,-25.748886,0.6135754517107198,1.0
ETS2,-0.50497633,-25.767721,0.6135754517107198,1.0
NPLOC4,-0.50497633,-25.681622,0.6135754517107198,1.0
PDE8A,-0.50497633,-25.437044,0.6135754517107198,1.0
TRIP11,-0.50497633,-25.553167,0.6135754517107198,1.0
ACBD3,-0.50497633,-25.60501,0.6135754517107198,1.0
FXYD2,-0.50497633,-25.679941,0.6135754517107198,1.0
CCDC64,-0.50497633,-25.672735,0.6135754517107198,1.0
ZBTB17,-0.50497633,-25.579865,0.6135754517107198,1.0
PPP1R14B,-0.50497633,-25.586084,0.6135754517107198,1.0
LIN7B,-0.50497633,-25.614317,0.6135754517107198,1.0
MTRR,-0.50497633,-25.63467,0.6135754517107198,1.0
SDR42E2,-0.50497633,-25.448975,0.6135754517107198,1.0
TBC1D22B,-0.50497633,-25.675922,0.6135754517107198,1.0
IL4R,-0.50536007,-1.477442,0.6133059631519008,1.0
NDUFS1,-0.5057438,-1.6581904,0.6130365268464488,1.0
MPHOSPH10,-0.5057438,-0.57723695,0.6130365268464488,1.0
TIMM10,-0.5057438,-0.9374098,0.6130365268464488,1.0
SOD2,-0.5057438,-0.6981827,0.6130365268464488,1.0
RNF41,-0.50689495,-1.4958928,0.6122285317455172,1.0
RB1,-0.50689495,-1.4789054,0.6122285317455172,1.0
CWC22,-0.5076624,-1.5140592,0.6116901301526008,1.0
HNRNPH3,-0.5080461,-0.26383343,0.6114210079867984,1.0
TRAF1,-0.5084298,-1.5252831,0.6111519382806478,1.0
MTERFD2,-0.5091973,-0.6193959,0.6106139563648203,1.0
CD5,-0.5099647,-1.5341003,0.61007618463994,1.0
BOD1,-0.51111585,-0.9975193,0.609269921673486,1.0
RHNO1,-0.51111585,-0.6233387,0.609269921673486,1.0
ATP2B1,-0.51111585,-0.58025527,0.609269921673486,1.0
FUOM,-0.51226705,-1.6305119,0.6084641329541203,1.0
GTPBP4,-0.5134182,-0.9735575,0.60765881927007,1.0
C4orf48,-0.51456934,-0.5494435,0.6068539814078386,1.0
WDR74,-0.5149531,-0.55025405,0.6065858079943007,1.0
FAM63B,-0.5149531,-0.9465936,0.6065858079943007,1.0
RPS11,-0.5149531,-0.059335858,0.6065858079943007,1.0
AKTIP,-0.51572055,-0.9868641,0.6060496201522048,1.0
GON4L,-0.5161042,-0.49342135,0.6057816057816293,1.0
ORAI1,-0.51648796,-0.32571447,0.6055136444833216,1.0
ANKRD13A,-0.51802284,-1.0702615,0.6044423305912028,1.0
LETMD1,-0.5195577,-0.58872163,0.6033718681665443,1.0
PCNP,-0.5203252,-0.23743053,0.602836956830702,1.0
S100A10,-0.5214763,-0.1443358,0.6020349903191933,1.0
MAN1B1,-0.5226275,-1.0211881,0.6012335050866013,1.0
CTDSP2,-0.5245461,-0.40887973,0.5998987679720632,1.0
SENP6,-0.5249298,-1.0777038,0.5996319815469928,1.0
GPN2,-0.5249298,-1.0913539,0.5996319815469928,1.0
PDE3B,-0.5249298,-1.7914314,0.5996319815469928,1.0
PPT1,-0.52569723,-0.50504845,0.5990985699225444,1.0
AIF1,-0.52608097,-0.54555774,0.598831944780033,1.0
CBL,-0.5264647,-1.0162443,0.5985653734552057,1.0
TTF1,-0.5264647,-1.046843,0.5985653734552057,1.0
NOP56,-0.52684844,-0.30806386,0.5982988559764416,1.0
ORC5,-0.52953446,-1.8392195,0.5964347436942061,1.0
RALGAPA1,-0.52953446,-1.9047766,0.5964347436942061,1.0
PROSC,-0.52953446,-0.6707896,0.5964347436942061,1.0
TACC3,-0.5303019,-2.006305,0.5959026264123344,1.0
ZNF317,-0.5303019,-1.9670446,0.5959026264123344,1.0
MLLT10,-0.5306856,-1.0907071,0.595636648950321,1.0
WAPAL,-0.53106934,-1.0811435,0.5953707256451183,1.0
NDUFB4,-0.5314531,-0.24620081,0.5951048565248463,1.0
FDX1,-0.5314531,-0.34316456,0.5951048565248463,1.0
SESN1,-0.5326042,-1.9484327,0.5943075745544883,1.0
MINK1,-0.5326042,-1.995288,0.5943075745544883,1.0
CUX1,-0.53490657,-1.1117146,0.592714477393321,1.0
ZFC3H1,-0.53490657,-1.1503438,0.592714477393321,1.0
SMN2,-0.53490657,-2.074213,0.592714477393321,1.0
DENND1B,-0.535674,-1.1062852,0.5921838804278452,1.0
BTN3A1,-0.53644145,-0.5732539,0.5916535015450498,1.0
AP5Z1,-0.5368252,-0.9114029,0.5913883939542371,1.0
DALRD3,-0.53720886,-0.6942434,0.5911233409675467,1.0
DNPH1,-0.53874373,-1.1450496,0.5900636756171194,1.0
PRDX1,-0.53874373,-0.19522335,0.5900636756171194,1.0
HCG18,-0.53989494,-0.7543127,0.5892695013062325,1.0
RSRC1,-0.5402786,-1.26727,0.5890048861504777,1.0
FBXO7,-0.5402786,-0.38824537,0.5890048861504777,1.0
SNX5,-0.54066235,-0.40802053,0.5887403258480073,1.0
DEGS1,-0.5410461,-0.42520273,0.5884758204263962,1.0
LYRM4,-0.54258096,-0.46489772,0.5874183480992894,1.0
ERP29,-0.5437321,-0.1746962,0.5866258214509226,1.0
PRKCQ-AS1,-0.54411584,-0.3630235,0.5863617560662748,1.0
ZC3H11A,-0.5471856,-1.2681929,0.5842512198941427,1.0
DHPS,-0.5471856,-0.47512993,0.5842512198941427,1.0
PNKD,-0.5471856,-0.3756361,0.5842512198941427,1.0
PPP1CB,-0.5471856,-0.8574467,0.5842512198941427,1.0
NIT1,-0.5487205,-1.1884675,0.5831972792467817,1.0
TBC1D10A,-0.54948795,-0.6529519,0.5826706415438281,1.0
ZCCHC10,-0.54948795,-1.1746857,0.5826706415438281,1.0
STK4,-0.54948795,-0.23173648,0.5826706415438281,1.0
MAF,-0.55025536,-1.2081934,0.58214422587701,1.0
MAGOHB,-0.5510228,-0.6567623,0.5816180324626247,1.0
FTL,-0.55140656,-0.029378,0.5813550191675907,1.0
CD84,-0.55140656,-0.94783926,0.5813550191675907,1.0
ARID3B,-0.552174,-2.795914,0.58082915953664,1.0
ZNF506,-0.552174,-2.779379,0.58082915953664,1.0
SMC5,-0.552174,-2.5851693,0.58082915953664,1.0
C11orf57,-0.55294144,-2.7129216,0.5803035226973203,1.0
PRKAR1A,-0.55294144,-0.3031159,0.5803035226973203,1.0
NT5C3B,-0.55294144,-2.7536674,0.5803035226973203,1.0
ATP5G2,-0.5533251,-0.03391362,0.5800407878917424,1.0
SLC7A5,-0.55370885,-2.891091,0.5797781088646923,1.0
SIPA1L1,-0.55370885,-2.7973619,0.5797781088646923,1.0
ADCK2,-0.55370885,-2.703522,0.5797781088646923,1.0
SVIP,-0.55370885,-0.37410995,0.5797781088646923,1.0
PPIL4,-0.5540926,-1.3072696,0.5795154856429972,1.0
FAM200B,-0.5540926,-0.50216573,0.5795154856429972,1.0
CLU,-0.5544763,-2.8301241,0.5792529182534625,1.0
TSPAN15,-0.55524373,-3.2009103,0.5787279510779836,1.0
FBXO32,-0.55562747,-1.3889767,0.5784655513455391,1.0
FNDC3A,-0.5567786,-2.9574556,0.5776786878899172,1.0
SPINT2,-0.5567786,-3.103668,0.5776786878899172,1.0
FBXW11,-0.5575461,-2.9864075,0.5771543923042624,1.0
KMT2E,-0.5583135,-0.19172905,0.5766303210082233,1.0
TMEM63A,-0.5594647,-1.3797884,0.5758446350721129,1.0
S1PR4,-0.5609996,-0.19063108,0.5747978408187078,1.0
NSRP1,-0.56406933,-0.64760035,0.5727069569182521,1.0
DRG2,-0.56675535,-0.9834077,0.5708804004095058,1.0
FAM173A,-0.5671391,-0.4212743,0.5706196903736824,1.0
ZNF524,-0.5671391,-0.7917692,0.5706196903736824,1.0
ABCE1,-0.56867397,-0.95657426,0.5695774177937083,1.0
ALKBH7,-0.57020885,-0.28734112,0.5685360545618834,1.0
THUMPD1,-0.57020885,-0.79125077,0.5685360545618834,1.0
HPRT1,-0.5705926,-0.49718815,0.568275856033974,1.0
SNRPN,-0.5732786,-1.5474591,0.5664560627681035,1.0
MYNN,-0.57634836,-1.5253146,0.5643797281857379,1.0
EIF2A,-0.57634836,-0.27862865,0.5643797281857379,1.0
TRAPPC8,-0.57711583,-25.749304,0.5638612175167684,1.0
PDCD1,-0.57711583,-25.97425,0.5638612175167684,1.0
ATP9B,-0.57711583,-26.015615,0.5638612175167684,1.0
CSNK1G2,-0.57711583,-1.6017941,0.5638612175167684,1.0
ASTE1,-0.57711583,-25.621834,0.5638612175167684,1.0
TECPR1,-0.57711583,-25.867998,0.5638612175167684,1.0
NDUFV2,-0.57749957,-0.22319677,0.5636020482691116,1.0
FAM207A,-0.57788324,-1.054154,0.563342936446604,1.0
RBMXL1,-0.5786507,-1.6440412,0.5628248851786921,1.0
TPRG1,-0.5786507,-1.634347,0.5628248851786921,1.0
TRNT1,-0.5786507,-1.6398313,0.5628248851786921,1.0
PLCG1,-0.5794181,-1.6452179,0.5623070639161194,1.0
SLC12A9,-0.5824879,-1.6938506,0.5602380829683076,1.0
TMC8,-0.5836391,-0.36332148,0.5594631673585302,1.0
SOD1,-0.5836391,-0.13192537,0.5594631673585302,1.0
HTRA2,-0.5840228,-1.1038712,0.5592049777801301,1.0
TRMT10B,-0.5847902,-1.7750056,0.5586887722110003,1.0
CUTA,-0.5863251,-0.17665786,0.5576570561236225,1.0
POLR3K,-0.58786,-0.7361958,0.5566262681011402,1.0
DNAJC5,-0.58786,-1.1483991,0.5566262681011402,1.0
SLC25A38,-0.59016234,-0.52300066,0.5550818296686547,1.0
PRNP,-0.59208095,-0.39479825,0.5537963993453057,1.0
MEAF6,-0.59284836,-0.2381208,0.553282635670068,1.0
RERE,-0.594767,-1.8606595,0.5519992493355199,1.0
LSMD1,-0.5955344,-0.3255927,0.5514863044569311,1.0
RNASET2,-0.5959181,-0.2608734,0.5512299198985415,1.0
YAF2,-0.59630185,-0.5454979,0.5509735939599003,1.0
RRS1,-0.5966856,-0.7953687,0.5507173266653378,1.0
LINC00847,-0.597453,-1.2391132,0.550204968105656,1.0
COX7A2,-0.5993716,-0.25664657,0.5489250996765584,1.0
NME1-NME2,-0.59975535,-1.1685368,0.5486693024077776,1.0
SMPD1,-0.60052276,-1.1510038,0.5481578844803894,1.0
PUM1,-0.6009065,-2.0763962,0.5479022638699628,1.0
ZNF33A,-0.6009065,-0.85666704,0.5479022638699628,1.0
POLR3H,-0.6012902,-1.2165047,0.5476467021937965,1.0
HIST1H1C,-0.60205764,-0.69425815,0.5471357557403556,1.0
PCID2,-0.6024414,-0.5358294,0.5468803710110779,1.0
RNU12,-0.6028251,-1.1724763,0.546625045312056,1.0
ATF7,-0.60397625,-2.2065234,0.5458594226358228,1.0
NFKB1,-0.60397625,-2.0750718,0.5458594226358228,1.0
MRPL3,-0.60512745,-0.57208955,0.5450943320924058,1.0
CHMP2B,-0.6055111,-0.5610091,0.5448394202742488,1.0
PSIP1,-0.607046,-0.43768972,0.543820365450534,1.0
TGIF1,-0.6078135,-0.6350933,0.5433111938400722,1.0
DAZAP2,-0.6081972,-0.24045162,0.5430566970680415,1.0
SRPRB,-0.6081972,-1.3210132,0.5430566970680415,1.0
DKC1,-0.6085809,-0.92737263,0.5428022596829783,1.0
EIF4G1,-0.6085809,-2.3163202,0.5428022596829783,1.0
SIAH2,-0.6097321,-0.6596231,0.5420393040854502,1.0
LENG8,-0.61011577,-0.65071255,0.5417851044839981,1.0
WDR18,-0.6116507,-0.9091868,0.5407689013601207,1.0
DCAF13,-0.6116507,-0.6355666,0.5407689013601207,1.0
PHF20,-0.6120344,-0.5093033,0.5405149995168712,1.0
ZNF511,-0.61280185,-0.47642484,0.5400073747194456,1.0
POLR1D,-0.6131856,-0.35556895,0.5397536518119797,1.0
PRKRIP1,-0.61472046,-0.91939473,0.5387393573343098,1.0
EIF3J,-0.6174065,-0.5316079,0.5369666446114982,1.0
RSL1D1,-0.6177902,-0.29300547,0.5367136395397951,1.0
CDK9,-0.6177902,-0.9465962,0.5367136395397951,1.0
GS1-251I9.4,-0.6200925,-0.7745648,0.53519686928408,1.0
PIK3R1,-0.62047625,-0.92908084,0.5349442844848626,1.0
SPNS1,-0.62239486,-2.7680776,0.5336822629051715,1.0
UXT,-0.6227786,-0.14716786,0.5334300392321977,1.0
ATF7IP2,-0.62392974,-0.837366,0.5326737299087813,1.0
PAFAH1B3,-0.62469715,-2.908884,0.5321698253329962,1.0
HIVEP2,-0.6254646,-2.8737857,0.5316661622804167,1.0
RP11-285F7.2,-0.6262321,-3.0288522,0.5311627409317783,1.0
NDRG3,-0.62930185,-1.4257942,0.5291514761783385,1.0
HNRNPR,-0.63006926,-0.31377104,0.5286492660474309,1.0
HNRNPH1,-0.630453,-0.4359049,0.5283982520135407,1.0
CD59,-0.6308367,-0.7582959,0.5281472986970717,1.0
FAM46C,-0.6308367,-1.4742515,0.5281472986970717,1.0
ATXN1,-0.633139,-1.5480907,0.526642855108753,1.0
FAM102A,-0.6346739,-1.6109898,0.525641109875119,1.0
ZRANB2,-0.6358251,-0.834781,0.5248904409625368,1.0
KRT10,-0.63774365,-0.26531994,0.5236405469375012,1.0
NAAA,-0.6392786,-0.4976869,0.5226417320389068,1.0
CYP20A1,-0.640046,-0.99344724,0.522142691842902,1.0
DDX18,-0.64119714,-0.4596769,0.521394591104049,1.0
ADAM10,-0.64119714,-0.88707495,0.521394591104049,1.0
BAD,-0.6438832,-0.5387092,0.5196511703308222,1.0
R3HDM4,-0.6454181,-0.6307768,0.5186562820299181,1.0
LINC00649,-0.6454181,-1.1816826,0.5186562820299181,1.0
IL18R1,-0.64580184,-1.6744134,0.5184077138214522,1.0
UBXN11,-0.64656925,-1.6695149,0.5179107621941256,1.0
ARID2,-0.64656925,-1.5126352,0.5179107621941256,1.0
IP6K1,-0.6473367,-1.7293448,0.5174140570949619,1.0
COMMD6,-0.6473367,-0.16005291,0.5174140570949619,1.0
SCGB3A1,-0.6492553,-26.022604,0.5161733740231196,1.0
DHRS12,-0.6492553,-25.998646,0.5161733740231196,1.0
CDKN2A,-0.6492553,-26.297379,0.5161733740231196,1.0
SCAPER,-0.6492553,-26.013948,0.5161733740231196,1.0
SSNA1,-0.6504065,-0.29323488,0.5154297053762975,1.0
DYNLT3,-0.6511739,-0.4339779,0.5149342354619366,1.0
CLN3-1,-0.6515576,-0.58298206,0.5146865933229314,1.0
CRTAP,-0.65194136,-1.9769957,0.5144390130907076,1.0
GBP5,-0.65194136,-0.35988405,0.5144390130907076,1.0
GRK6,-0.6550111,-0.41982743,0.512460602388424,1.0
PABPC4,-0.6557785,-0.92726046,0.5119666202430523,1.0
TRIM69,-0.65616226,-0.73130476,0.5117197223642257,1.0
FKBP4,-0.659232,-1.1616513,0.5097467787153981,1.0
GNL2,-0.6599995,-1.2273914,0.5092541656089846,1.0
ZKSCAN1,-0.66383666,-1.2291597,0.5067948451018544,1.0
LEF1,-0.66537154,-1.1654589,0.5058128676138678,1.0
HDHD2,-0.66537154,-1.2518721,0.5058128676138678,1.0
CCR7,-0.6669065,-1.8476253,0.5048318924751363,1.0
C9orf78,-0.66920877,-0.21570253,0.5033623119823564,1.0
GALM,-0.6695925,-0.8942356,0.5031176017485035,1.0
RGS14,-0.6695925,-0.51052314,0.5031176017485035,1.0
EEF1G,-0.67074364,-0.35840583,0.5023838483277772,1.0
PPAPDC1B,-0.67074364,-2.1569896,0.5023838483277772,1.0
PCM1,-0.6715111,-0.9267738,0.5018949939796477,1.0
CEP350,-0.6722785,-1.2760974,0.5014063914953997,1.0
ZFP36,-0.673046,-0.10397374,0.5009180410328915,1.0
FAM134B,-0.6745809,-2.2123678,0.49994209680263857,1.0
KPNA3,-0.6749646,-0.98462605,0.4996982685042676,1.0
C12orf10,-0.675732,-0.6066824,0.4992108013555241,1.0
MAZ,-0.6799529,-0.5349979,0.4965342537079934,1.0
PHAX,-0.68033665,-0.57954144,0.4962913111778714,1.0
CHCHD7,-0.68033665,-0.5187745,0.4962913111778714,1.0
FYB,-0.68302274,-0.31957424,0.49459249013554707,1.0
ZDHHC6,-0.68302274,-0.7075183,0.49459249013554707,1.0
PMPCB,-0.685325,-0.39280254,0.49313883593505514,1.0
ITM2A,-0.685325,-0.5404776,0.49313883593505514,1.0
TSG101,-0.6864762,-0.6313947,0.49241286801398365,1.0
EIF3D,-0.6883948,-0.23999144,0.49120419609846544,1.0
DIMT1,-0.68992966,-0.89534616,0.49023840707492616,1.0
GIMAP1,-0.6929994,-0.19659242,0.4883098967905649,1.0
EVI2A,-0.69338316,-0.5497843,0.48806912096933586,1.0
LSR,-0.6941506,-2.9351053,0.48758776150606675,1.0
C14orf64,-0.6956855,-3.0035846,0.4866258118104606,1.0
KDSR,-0.69606924,-1.5072936,0.4863854847498461,1.0
TMEM69,-0.69606924,-1.4943392,0.4863854847498461,1.0
EIF4G2,-0.6976041,-0.315458,0.48542481850805275,1.0
YRDC,-0.6979878,-3.1068413,0.48518481253872625,1.0
ANKRD11,-0.69875526,-1.0485106,0.48470499343642437,1.0
MAP4K2,-0.6995227,-3.2192445,0.484225431569858,1.0
CCT4,-0.7006739,-0.32565337,0.48350657140275577,1.0
NDUFC1,-0.7006739,-0.8048283,0.48350657140275577,1.0
ZNF420,-0.70105755,-3.270947,0.48326708012110065,1.0
ILF2,-0.7014413,-0.28173462,0.4830276532563905,1.0
RBM34,-0.701825,-3.6029406,0.48278829082654307,1.0
SET,-0.70297617,-0.4387579,0.4820705903249952,1.0
C18orf21,-0.7052785,-1.5828357,0.4806369314713572,1.0
MTFP1,-0.7052785,-0.7428467,0.4806369314713572,1.0
MSI2,-0.7060459,-1.6325083,0.4801595618997647,1.0
SUPT3H,-0.70642966,-1.1504556,0.4799209740771786,1.0
TSPYL1,-0.7137204,-1.1757641,0.47540011184766473,1.0
SIRPG,-0.7148715,-1.2556351,0.4746884333145259,1.0
TAZ,-0.71525526,-0.91389614,0.47445133720798305,1.0
CCDC104,-0.7190924,-1.137222,0.47208395746779586,1.0
RGL4,-0.72024363,-0.75519603,0.47137501482778255,1.0
VRK1,-0.7206273,-0.9825879,0.4711388311594049,1.0
CNOT2,-0.7206273,-0.7108907,0.4711388311594049,1.0
PSMC1,-0.7213948,-26.277035,0.47066665974048394,1.0
ARNT,-0.7213948,-26.088617,0.47066665974048394,1.0
CD4,-0.7213948,-26.142569,0.47066665974048394,1.0
PRR5,-0.7225459,-0.48973647,0.46995889265686674,1.0
C19orf25,-0.72292966,-0.6289108,0.4697231010408124,1.0
FAM60A,-0.7259994,-0.7581146,0.4678391239087901,1.0
SPG21,-0.727918,-0.59459347,0.4666637674571442,1.0
ERI3,-0.73060405,-0.9203322,0.46502102465005735,1.0
SORL1,-0.7336738,-0.48269284,0.46314754822756266,1.0
RBM38,-0.7352087,-0.57896286,0.4622123900222018,1.0
PSMF1,-0.7367436,-0.51910174,0.4612782865091246,1.0
RSBN1,-0.73751104,-0.6641787,0.4608116305776284,1.0
ISCU,-0.7386622,-0.24789192,0.4601121418148063,1.0
ZFP36L1,-0.7405808,-0.31566933,0.4589476486092725,1.0
ATF4,-0.74096453,-0.34679008,0.45871494831794646,1.0
IER2,-0.74134827,-0.19382703,0.45848231417934604,1.0
EIF3M,-0.74480176,-0.29999864,0.4563915863439296,1.0
NFIC,-0.74518543,-2.3440974,0.4561596145777156,1.0
NELL2,-0.74902266,-2.4468696,0.4538435470790042,1.0
SPNS3,-0.75055754,-2.4758015,0.4529189804514866,1.0
JAKMIP1,-0.7509413,-1.4235706,0.452688005086174,1.0
HNRNPA1,-0.751325,-0.033589154,0.4524570962672053,1.0
SRM,-0.7517087,-0.45962843,0.45222625400939764,1.0
C1QBP,-0.75324357,-0.29362664,0.45130355088527807,1.0
EVI2B,-0.75439477,-0.36416686,0.45061222315685523,1.0
CD81,-0.7551622,-0.7482019,0.45015167137434076,1.0
FNTA,-0.7605343,-0.47480354,0.44693528668225757,1.0
CD69,-0.7624529,-0.26947638,0.44578975402770504,1.0
TMEM248,-0.7628366,-0.46457148,0.44556084838163135,1.0
METTL12,-0.7643715,-1.4299699,0.4446458958836932,1.0
AMD1,-0.7659064,-0.7203516,0.4437320161970526,1.0
IRS2,-0.7682087,-3.127935,0.4423632101390439,1.0
SHOC2,-0.76897615,-1.6393397,0.44190747882173276,1.0
ZSWIM7,-0.77051103,-0.91816235,0.4409968228998272,1.0
CAMK4,-0.7728133,-1.10401,0.4396328574350852,1.0
ELL,-0.7728133,-3.483191,0.4396328574350852,1.0
SRRM1,-0.77511567,-0.48402557,0.43827131666961083,1.0
MICU2,-0.7770343,-0.92720765,0.43713855365462073,1.0
NPM3,-0.77741796,-1.8203044,0.43691220349731563,1.0
UBXN1,-0.7781854,-0.27495766,0.43645970573410364,1.0
TRAM1,-0.7797203,-0.39044142,0.43555552078123816,1.0
SECISBP2,-0.78087145,-0.95922273,0.43487809173054137,1.0
TRA2B,-0.78202266,-0.29243562,0.43420127135355435,1.0
ILKAP,-0.78432494,-0.6868893,0.4328494580155867,1.0
LAPTM4A,-0.78432494,-0.28455147,0.4328494580155867,1.0
SF1,-0.78432494,-0.37353906,0.4328494580155867,1.0
CACYBP,-0.7873947,-0.28568164,0.43105083448856785,1.0
GPX1,-0.7893133,-0.4804672,0.42992889941532675,1.0
EIF3L,-0.79046446,-0.2687978,0.42925655319127254,1.0
HNRNPLL,-0.79583657,-1.8758194,0.42612702855954343,1.0
ISCA1,-0.79660404,-0.96751493,0.425681042726228,1.0
KARS,-0.79737145,-0.41399884,0.42523532946157894,1.0
HADHB,-0.7996738,-0.5979545,0.42389982603539644,1.0
PGS1,-0.8023598,-2.093439,0.4223448436804246,1.0
TAF7,-0.8038947,-0.34843898,0.42145778510438625,1.0
SMC3,-0.80427843,-0.8046455,0.4212361913459256,1.0
U2AF2,-0.80811566,-1.3804212,0.4190240164049538,1.0
FXR1,-0.8088831,-0.8382757,0.4185824029497779,1.0
WDR43,-0.8127203,-2.3152082,0.41637844829331605,1.0
RHOH,-0.8146389,-0.43636805,0.41527904371099944,1.0
HPGD,-0.8150226,-2.3740735,0.4150593687901091,1.0
USMG5,-0.8161738,-0.38757154,0.4144007562144497,1.0
CITED2,-0.8184761,-0.38606727,0.41308538687604635,1.0
G3BP2,-0.8219296,-0.4816981,0.41111697672643244,1.0
TRIM39,-0.82883656,-1.6120951,0.40719690229815364,1.0
DOCK2,-0.8292203,-0.7666327,0.4069797759698798,1.0
LDLRAP1,-0.83113885,-1.1568327,0.4058951806706512,1.0
PFDN2,-0.8326737,-0.4465969,0.4050287486363926,1.0
IL27RA,-0.83382493,-0.69625396,0.4043796508100004,1.0
MPRIP,-0.83420867,-1.6060833,0.4041634232435808,1.0
SERP1,-0.8384296,-0.2870736,0.4017894895942662,1.0
FAM122B,-0.8422668,-3.3082256,0.3996386451970365,1.0
HLA-DQA2,-0.8430342,-3.451898,0.39920930884731365,1.0
ZNF90,-0.84418535,-1.6575733,0.3985658249990094,1.0
CLDND1,-0.84879005,-0.97957236,0.3959981423353739,1.0
SNHG9,-0.85377836,-0.84171563,0.3932277892232774,1.0
TMEM66,-0.855697,-0.12214047,0.39216540279251544,1.0
RP9,-0.8603016,-2.0093954,0.38962278768875425,1.0
PIK3IP1,-0.8614528,-0.48228374,0.3889887040455877,1.0
PSMC5,-0.8614528,-0.3241671,0.3889887040455877,1.0
PTMS,-0.86183655,-1.3354883,0.38877748248517907,1.0
OST4,-0.86260396,-0.24411316,0.3883552488934302,1.0
UBQLN1,-0.8649063,-1.4542705,0.3870902249228929,1.0
PERP,-0.8656737,-26.33055,0.3866691094111616,1.0
DIDO1,-0.8656737,-1.1553938,0.3866691094111616,1.0
TRABD2A,-0.8656737,-26.433018,0.3866691094111616,1.0
WDR82,-0.87181324,-0.77654433,0.3833102588369752,1.0
NOL12,-0.8733481,-1.1034256,0.3824733466139456,1.0
TSPO,-0.87373185,-0.28969693,0.38226429371462334,1.0
ACD,-0.87565047,-1.458588,0.38122008052098233,1.0
CNOT7,-0.87565047,-0.7444086,0.38122008052098233,1.0
NENF,-0.8787202,-0.62909,0.37955298567128515,1.0
CCNC,-0.8794877,-1.0877688,0.3791369135172906,1.0
ZNRD1,-0.87987137,-0.60999656,0.3789289827125527,1.0
EBNA1BP2,-0.88063884,-0.7404173,0.37851333168221646,1.0
NAP1L1,-0.8810226,-0.27793086,0.3783056114703979,1.0
ANXA11,-0.8821737,-0.28873038,0.377682872130533,1.0
HLA-DMA,-0.8821737,-0.9168232,0.377682872130533,1.0
CCSER2,-0.88332486,-0.9405095,0.37706076487680884,1.0
STAT1,-0.88601094,-0.7177691,0.3756116404163595,1.0
SDHAF1,-0.8875458,-0.94272953,0.3747851157155866,1.0
PHLDA1,-0.8909993,-2.6377754,0.37292954973916426,1.0
PNP,-0.8925342,-2.5837715,0.3721066833965523,1.0
HMGXB4,-0.8929179,-1.7108306,0.3719011428113763,1.0
UBE2D2,-0.8929179,-0.34220678,0.3719011428113763,1.0
LINC-PINT,-0.8933016,-0.9715274,0.37169567263871517,1.0
ERGIC3,-0.8952202,-0.46204698,0.3706693781766003,1.0
PTGES3,-0.8952202,-0.23780446,0.3706693781766003,1.0
ILF3-AS1,-0.89790624,-0.8033477,0.3692355249484893,1.0
LINC00152,-0.9021272,-0.5616555,0.36698930631360926,1.0
HLA-DQB1,-0.90251094,-1.2350842,0.3667855278254525,1.0
NR1H2,-0.9063481,-0.69217294,0.3647516245825897,1.0
PTPMT1,-0.91018534,-0.70147467,0.36272478264443087,1.0
VPS13C,-0.9132551,-1.7869251,0.36110839675156703,1.0
A1BG,-0.917476,-1.9145963,0.35889325538487027,1.0
RP11-660L16.2,-0.9213132,-1.0241747,0.35688691996458377,1.0
ZC3HAV1,-0.9213132,-0.78191555,0.35688691996458377,1.0
CNN2,-0.92169696,-0.348077,0.3566866757712783,1.0
EPB41,-0.92399925,-1.3548404,0.35548669774753394,1.0
AIM1,-0.92745274,-1.9205116,0.35369151234878526,1.0
ELOVL5,-0.9286039,-0.5508128,0.3530943927745308,1.0
GIMAP4,-0.933976,-0.24450608,0.3503162717868249,1.0
IFRD1,-0.9343597,-0.54916066,0.3501183664936989,1.0
CYB5A,-0.93973184,-0.7981819,0.34735514303999193,1.0
SNRPA,-0.9420341,-0.79685605,0.3461751634081198,1.0
ZFAND5,-0.94241786,-0.9195552,0.3459787486604551,1.0
WBP2,-0.94241786,-0.6304729,0.3459787486604551,1.0
CD37,-0.9454876,-0.18193635,0.34440998751136664,1.0
SP140,-0.94740623,-0.98832494,0.34343182051828414,1.0
UBE2G1,-0.9508597,-0.74924976,0.34167559669022707,1.0
ZNF331,-0.9523946,-1.0265334,0.3408969007634406,1.0
KTN1,-0.95546436,-0.71911144,0.33934292150734646,1.0
CCDC109B,-0.95546436,-0.46083763,0.33934292150734646,1.0
CXCR6,-0.95776665,-2.4740367,0.3381804237341324,1.0
CTA-29F11.1,-0.9593016,-1.6122371,0.3374068477351432,1.0
C1orf63,-0.96237135,-0.4631376,0.3358631104396246,1.0
RRAGC,-0.9635225,-1.1402829,0.3352853829382342,1.0
TPD52,-0.9639062,-1.6841298,0.3350929494223833,1.0
PBXIP1,-0.96467364,-0.50283843,0.33470829587974704,1.0
TMEM14C,-0.96659225,-1.2279702,0.33374790746772454,1.0
TRADD,-0.976569,-0.69242036,0.328782576428587,1.0
HSPA8,-0.97772014,-0.1902212,0.32821275106998193,1.0
GPN3,-0.97772014,-1.838105,0.32821275106998193,1.0
SLC38A1,-0.979255,-0.6862731,0.32745398101962164,1.0
CISH,-0.9807899,-1.773639,0.3266963505752004,1.0
SLAMF1,-0.9842434,-3.537216,0.32499584911631263,1.0
NEK7,-0.98539454,-1.0634646,0.3244302975562503,1.0
HLA-DQA1,-0.9869295,-1.339613,0.3236772261869366,1.0
GPR183,-0.9880806,-1.5171877,0.32311317071969503,1.0
PHC3,-0.98923177,-2.030056,0.3225497564673043,1.0
EMD,-0.98923177,-1.1159767,0.3225497564673043,1.0
FAM159A,-0.9946039,-1.3402805,0.3199289686900587,1.0
TNFAIP3,-0.995755,-0.6650065,0.3193691882562195,1.0
TRMT1,-1.0053481,-2.1345577,0.314729290807514,1.0
MRPL14,-1.012255,-0.68689334,0.31141613996227036,1.0
TNFRSF25,-1.012255,-1.1513271,0.31141613996227036,1.0
P2RY10,-1.0168597,-2.4057083,0.30922019710440507,1.0
ODF2L,-1.0245341,-0.52216643,0.30558308695739544,1.0
RPL36AL,-1.0268364,-0.17647727,0.3044975090251886,1.0
ASF1A,-1.0283713,-0.83724064,0.303775214530539,1.0
HSPB11,-1.0318247,-1.0857997,0.3021542169315351,1.0
DPP4,-1.0322084,-2.6916804,0.30197446203384715,1.0
JOSD2,-1.0329759,-1.2667565,0.30161516578622216,1.0
TTC39C,-1.0333596,-1.0379319,0.30143562443278016,1.0
OXNAD1,-1.0379643,-1.086323,0.2992866795357657,1.0
LAPTM5,-1.0441039,-0.23219872,0.296437357686678,1.0
KRTCAP2,-1.0441039,-0.36676645,0.296437357686678,1.0
CCNG1,-1.0483247,-0.6167905,0.2944890107351811,1.0
TMC6,-1.0502434,-0.6990321,0.2936062423903416,1.0
GRWD1,-1.0529294,-1.8181351,0.29237335196970404,1.0
OFD1,-1.0575341,-0.8696131,0.2902679258540557,1.0
PRDX2,-1.0575341,-0.4536538,0.2902679258540557,1.0
MZT2B,-1.0594527,-0.36845598,0.28939368383490804,1.0
AC006369.2,-1.0621387,-2.0707967,0.2881727273211606,1.0
APOL3,-1.0629061,-0.7133345,0.2878245215355082,1.0
HMGB2,-1.0709642,-0.40274903,0.28418549732828,1.0
PPP1R2,-1.071348,-0.47375524,0.28401299069749786,1.0
DDX21,-1.071348,-0.71036667,0.28401299069749786,1.0
EIF4B,-1.0728829,-0.57372785,0.2833236731627481,1.0
NDUFB10,-1.0774875,-0.34988266,0.2812625247554025,1.0
ZNF101,-1.080941,-2.3472018,0.2797233582049552,1.0
AC092580.4,-1.0820922,-0.8300888,0.2792115772885707,1.0
C21orf59,-1.0828596,-0.7958034,0.2788707439679886,1.0
PLIN2,-1.087848,-0.90990764,0.2766622269968413,1.0
RP11-796E2.4,-1.0897666,-1.2684817,0.27581598048919886,1.0
CUTC,-1.0966735,-1.0529506,0.27278412376501604,1.0
COA4,-1.097441,-1.272663,0.2724486635859896,1.0
PIAS1,-1.1005107,-1.6729355,0.27110964659140135,1.0
SSR1,-1.1039642,-0.8319413,0.26960865034353254,1.0
CPNE2,-1.104348,-2.6798618,0.2694422256273262,1.0
ANP32B,-1.1104875,-0.41935402,0.2667890157350131,1.0
NT5DC1,-1.1216154,-1.3805312,0.2620260057993462,1.0
STMN3,-1.1231502,-1.4071071,0.26137367866500516,1.0
HLA-DPB1,-1.1258364,-0.28852427,0.2602348095520157,1.0
HERPUD1,-1.1266037,-0.6843612,0.25991005008724355,1.0
COX7C,-1.1292897,-0.27252814,0.2587756018688593,1.0
TTC3,-1.1377317,-1.1729138,0.2552325511798509,1.0
EIF3H,-1.1415689,-0.32809573,0.25363327356002285,1.0
NOB1,-1.149627,-1.2693146,0.25029753505511876,1.0
UBE2I,-1.1511619,-0.38927057,0.24966564582380912,1.0
TSPYL2,-1.156534,-2.3911862,0.24746281486157684,1.0
REXO4,-1.1573014,-2.3525305,0.247149238997887,1.0
MZT2A,-1.1653595,-0.52189976,0.2438734876380969,1.0
MRPL32,-1.1672782,-1.0042832,0.24309806242159793,1.0
DUT,-1.1695805,-0.5822187,0.24216984181493195,1.0
CERK,-1.1703479,-1.84058,0.24186098972549785,1.0
TMEM55B,-1.1726502,-1.4184026,0.24093609685631745,1.0
XRCC5,-1.1772549,-0.43873143,0.23909379029829625,1.0
NUCB2,-1.1837782,-0.8078809,0.23650090167768034,1.0
LINC00936,-1.1856967,-1.0322666,0.235742085178829,1.0
ARL14EP,-1.1937549,-1.0364792,0.23257387143528574,1.0
SOCS3,-1.1952897,-1.9378672,0.2319738436102774,1.0
HLA-DRB1,-1.1960572,-0.4490586,0.23167424216786026,1.0
KIAA1551,-1.1979758,-1.2256804,0.23092644099124948,1.0
SNORA76,-1.1983595,-1.9744807,0.23077708681046294,1.0
TMEM147,-1.2002782,-0.75210047,0.2300313456523404,1.0
MCL1,-1.2010455,-0.4253354,0.2297335295573607,1.0
MYLIP,-1.2033479,-0.5661715,0.22884172724200758,1.0
DUSP1,-1.2037317,-0.14298363,0.22869333345773302,1.0
SELM,-1.204499,-1.1681467,0.22839675145965666,1.0
ANXA2R,-1.2052665,-0.49035543,0.22810044349002956,1.0
ACAP1,-1.2056502,-0.47913614,0.22795239224125807,1.0
SYPL1,-1.2144758,-1.245635,0.22456609312808817,1.0
TCEB1,-1.2148595,-0.7567442,0.22441968257800227,1.0
CD6,-1.232127,-1.0542134,0.21790167359419277,1.0
SUSD3,-1.2336618,-2.4782836,0.21732894981141604,1.0
TMED4,-1.2398013,-0.5891401,0.2150488820176123,1.0
SSR3,-1.2413362,-0.844253,0.21448156834821408,1.0
TMEM14B,-1.2478595,-0.6917744,0.21208252384802384,1.0
FOSB,-1.2532315,-0.480655,0.21012144632462693,1.0
TCF7,-1.2547665,-0.83416903,0.20956355674132565,1.0
GRAMD1A,-1.2616735,-1.2583437,0.2070663261912029,1.0
RORA,-1.266278,-0.7071975,0.20541354744521723,1.0
MT-ATP6,-1.2666618,-0.30699763,0.20527624990926086,1.0
SRSF5,-1.2762548,-0.24107476,0.20186546237684067,1.0
EML4,-1.2770222,-1.3696156,0.2015943949393959,1.0
RAD23A,-1.2770222,-0.7126572,0.2015943949393959,1.0
RGS10,-1.2873827,-0.6000117,0.19796093161407324,1.0
BLK,-1.2985106,-27.139345,0.1941119372995268,1.0
RPL41,-1.2996618,-0.3474084,0.19371692248258787,1.0
LGALS3,-1.3138595,-1.0894603,0.18889351630617612,1.0
EIF2S3,-1.3138595,-0.882619,0.18889351630617612,1.0
THEMIS,-1.3180803,-2.0250776,0.18747675206931402,1.0
HSP90AB1,-1.3223013,-0.41147998,0.18606784813230337,1.0
LY9,-1.3272897,-1.046599,0.18441288827388935,1.0
MT-CO2,-1.3276733,-0.28059584,0.18428603642893815,1.0
NUDCD2,-1.3664291,-1.1219676,0.17180430533309177,1.0
CD40LG,-1.37065,-27.189463,0.17048406511189618,1.0
ATP6V1G1,-1.3771733,-0.4205163,0.16845866684358124,1.0
SNHG7,-1.4028826,-0.85403264,0.16065184820950829,1.0
CLEC2D,-1.407871,-1.7090786,0.1591692790157906,1.0
NUDCD3,-1.4113245,-2.1573436,0.15814896511785115,1.0
CD28,-1.413243,-3.9474893,0.15758426843089957,1.0
SLC4A10,-1.4209175,-4.178215,0.15534075166407318,1.0
RTF1,-1.433964,-0.66677254,0.15158254276579353,1.0
MGAT4A,-1.488836,-1.1123674,0.1365305527522301,1.0
MRPS10,-1.5011151,-1.8420336,0.13332579718537874,1.0
ZFAS1,-1.514929,-0.5210615,0.1297903778256015,1.0
CCNL1,-1.5425569,-0.7081485,0.12293831861847791,1.0
HINT1,-1.5471616,-0.37669545,0.12182429208450342,1.0
LCMT1,-1.5598243,-4.261389,0.1188013971928871,1.0
SEPT9,-1.5636616,-0.57790333,0.11789707214808799,1.0
MYC,-1.5686499,-1.8034625,0.11672953434220928,1.0
SPOCK2,-1.5851499,-0.7908601,0.11293227935722777,1.0
UBAC2,-1.5889871,-1.2252524,0.11206330275601598,1.0
SNHG15,-1.5985801,-1.1723734,0.10991392853893016,1.0
S100A6,-1.6054871,-0.2972746,0.10838665042024741,1.0
YWHAH,-1.6308126,-1.0224091,0.10292985556024006,1.0
MT-ND5,-1.6342661,-0.4256859,0.1022029792297738,1.0
TMEM123,-1.6595917,-0.6044131,0.0969966180673451,1.0
SPCS1,-1.6603591,-0.50709623,0.0968422235058715,1.0
NSG1,-1.7148474,-2.0016174,0.08637319464191678,1.0
CMTM7,-1.7509172,-1.3059168,0.07996017108335085,1.0
ATG3,-1.7528359,-1.3814536,0.07963019309060779,1.0
MALAT1,-1.7582079,-0.11219899,0.07871214045470688,1.0
LAG3,-1.7620451,-1.3791845,0.07806167570107911,1.0
PKM,-1.7697195,-0.6845709,0.07677387560790021,1.0
CHCHD10,-1.7739404,-1.6210271,0.07607300064306186,1.0
ATP5H,-1.82958,-0.81986797,0.06731277520410663,1.0
PFDN5,-1.865266,-0.25928319,0.062144133876790617,1.0
CD3G,-1.9017195,-0.7842102,0.05720784557925796,1.0
COX4I1,-1.9093938,-0.31292582,0.056211305758595884,1.0
OCIAD2,-1.9331845,-0.83071095,0.05321347205321906,1.0
PPP1R15A,-1.9354868,-0.75725865,0.05293058259244239,1.0
GPR171,-1.94201,-3.1943872,0.052135879293613886,1.0
RGCC,-1.9493008,-1.8388066,0.05125951574377474,1.0
TOB1,-1.9493008,-1.4744893,0.05125951574377474,1.0
CCDC167,-1.9611961,-1.4650584,0.04985614962581724,1.0
EIF3K,-2.005324,-0.351325,0.04492842183466591,1.0
TRAF3IP3,-2.0091612,-0.4582663,0.044520041498555034,1.0
SLC25A6,-2.0256612,-0.40743652,0.042799517137467165,1.0
CD48,-2.0486844,-0.43124956,0.04049298365613996,1.0
CCNI,-2.0536728,-0.55943197,0.0400073719977508,1.0
EIF4A2,-2.0617309,-0.38439345,0.0392333609677949,1.0
LCK,-2.0621147,-0.55454963,0.039196822681917196,1.0
ANXA5,-2.0659518,-1.1652623,0.03883302646306665,1.0
GPX4,-2.0824518,-0.5765918,0.03730121797730304,1.0
FTH1,-2.0843704,-0.22571145,0.037126484672248695,1.0
SRSF7,-2.0966494,-0.54801506,0.036024614127876636,1.0
PDCD4,-2.1020217,-1.1215426,0.035551384868033636,1.0
EEF1B2,-2.1250448,-0.2257445,0.033582872833354885,1.0
NOSIP,-2.133103,-0.7243715,0.0329162812249308,1.0
NFKBIA,-2.1672542,-0.7390357,0.030215484803093173,1.0
NACA,-2.266254,-0.09343664,0.023435835201897355,0.9156667919054711
RPL39,-2.28544,-1.4426689,0.022287038127511177,0.8732698310876807
TSC22D3,-2.311533,-0.43520507,0.02080342989458109,0.8279235205976244
TC2N,-2.3276494,-1.6231664,0.019930732562824082,0.7992107203700861
TRAT1,-2.3299515,-1.7985082,0.019808707309989574,0.7989900354388147
SNHG8,-2.3717773,-1.1901621,0.017702762624625168,0.7334612889248022
FLT3LG,-2.3783004,-2.0986507,0.017392648525760376,0.7249932580008444
PLP2,-2.3936493,-1.6226273,0.016681692254784282,0.7060886653768877
KLRG1,-2.408998,-0.77504885,0.015996381808447483,0.6812868947858658
PABPC1,-2.4109168,-0.4746673,0.015912482720797136,0.6798248848380434
C6orf48,-2.441998,-0.8617024,0.01460622506592303,0.6379292055862053
CD8B,-2.4650214,-1.0632436,0.013700510737291017,0.6080543826899968
CCL5,-2.472312,-0.91814256,0.013424230374283351,0.6016336449441891
SIT1,-2.5033934,-1.7949921,0.012300874333496685,0.5567228399974887
BTF3,-2.506847,-0.35969362,0.01218134793814041,0.5550000186832478
CMPK1,-2.5471375,-0.77329737,0.010861062499389918,0.5083570345277588
TUBA4A,-2.5609515,-0.99429786,0.010438594105267582,0.4919411668716138
AQP3,-2.771614,-3.0263073,0.005577912345048814,0.2843698509293659
DUSP2,-2.8579512,-0.8943279,0.004263859341561218,0.2240404866290059
RPS24,-2.9454396,-0.36524293,0.003224961873743343,0.17481077919571625
RPL23,-3.0041487,-0.59445083,0.0026632505614876483,0.14907680898057799
JUN,-3.0183465,-0.5624656,0.002541581714450851,0.14284939193434004
RPL22,-3.095858,-0.65898037,0.001962443118711183,0.11260646414228104
DNAJB1,-3.1246371,-1.3285257,0.0017802456750810245,0.10345037791551343
EEF2,-3.1683812,-0.5858828,0.0015329038043587241,0.09022421790976629
PPA1,-3.1833463,-1.4039791,0.0014558337716461657,0.08605734631187723
SNRPD2,-3.2455091,-0.7580089,0.0011724083744065529,0.07051933529215555
MT-CO3,-3.2520323,-0.27068633,0.0011458299910970316,0.06922428413173873
UBA52,-3.3107417,-0.38489893,0.0009304910306106738,0.05696765175801241
PEBP1,-3.3268578,-1.198554,0.0008783117393283224,0.0542575098790478
CD27,-3.3491137,-2.1479437,0.000810705425987073,0.05030775661532452
RPL24,-3.3824973,-0.45506987,0.0007182998018083728,0.045186988449541395
EEF1D,-3.3886368,-0.42178124,0.0007024097009733497,0.04439099833708994
RPL7A,-3.425474,-0.28531465,0.0006137276162118368,0.03970122890909967
RPSAP58,-3.4987648,-0.67929834,0.0004674189380364559,0.030524682458247413
BTG1,-3.6487994,-0.5181641,0.0002634686972839417,0.01762541324171696
TOMM7,-3.6568575,-0.7025432,0.00025532616500464195,0.01716442660232186
RPS26,-3.6971483,-0.30639875,0.00021803504404732118,0.014876281562512252
CD44,-3.72516,-1.2081119,0.0001951915065406491,0.01345153929999227
AMICA1,-3.7746599,-2.9601033,0.00016022617648168714,0.011210927470764579
NBEAL1,-3.844497,-0.9651247,0.00012079998857876391,0.008583684162534551
NPM1,-3.952706,-0.66962504,7.727230275624708e-05,0.005666911016038355
FAU,-3.9592295,-0.29099193,7.519198189845194e-05,0.005543993762125645
ZFP36L2,-3.971892,-0.90077955,7.130398888184542e-05,0.005343513134019826
MT-ND4,-4.0870085,-0.47393754,4.3697133592005234e-05,0.00342435708617577
CXCR4,-4.0923805,-0.93795794,4.269673413042161e-05,0.003365189723359781
LYAR,-4.1637526,-1.0821339,3.1305945007800805e-05,0.0025254689990410603
RPL4,-4.2109504,-0.47887188,2.5429886742322792e-05,0.0021008763059290046
FOS,-4.233206,-0.6804573,2.3038335685409806e-05,0.0019213824099990227
CD2,-4.2351246,-1.3124177,2.28425067434574e-05,0.0019213824099990227
RPL38,-4.2366595,-0.7690344,2.2686985203411886e-05,0.0019205513276517939
RPS4Y1,-4.3122525,-0.72730356,1.6159981217627957e-05,0.0014026454583452518
RPS21,-4.3134036,-0.85905653,1.607602886708554e-05,0.0014026454583452518
COTL1,-4.519078,-1.5797386,6.210956815960988e-06,0.0005678470784939266
CD8A,-4.5194616,-1.5878102,6.199711185713784e-06,0.0005678470784939266
JUNB,-4.6909847,-0.76044476,2.7189337451231237e-06,0.0002571548784870243
LDHB,-4.738182,-1.085623,2.156437947081179e-06,0.00020826330990331894
RPL37,-4.791903,-0.6849954,1.6520663492148148e-06,0.00016183169937951408
MT-ND2,-4.805717,-0.7456898,1.5419779843089574e-06,0.00015213443220728806
GNB2L1,-4.8202987,-0.4705329,1.4334357760194835e-06,0.00014349006009000876
IL32,-4.999496,-1.4386976,5.748035553253989e-07,5.926959366716181e-05
CD52,-5.002566,-1.0177971,5.657226440490456e-07,5.877515409461069e-05
GLTSCR2,-5.080461,-0.86137646,3.765198668777405e-07,3.941674392642239e-05
RPL6,-5.121903,-0.4248442,3.024676269866128e-07,3.190800797303391e-05
RPL37A,-5.239321,-0.46795735,1.6116811838025668e-07,1.740361870446331e-05
CD3E,-5.348298,-1.2696866,8.878515519107575e-08,9.899183888539942e-06
VIM,-5.349833,-1.2532326,8.803544999649247e-08,9.896050502064736e-06
RPL31,-5.4699373,-0.4947711,4.501942620933713e-08,5.232172974871605e-06
RPL26,-5.5539722,-0.41036293,2.7924969684955208e-08,3.301405467754101e-06
MT-CYB,-5.6429954,-0.5549053,1.6711669700337245e-08,2.064719263697522e-06
RPL27,-5.662565,-0.728015,1.491266226002033e-08,1.8762591764579705e-06
RPL18,-5.8126,-0.46631098,6.150990329034786e-09,7.883615081531126e-07
RPS20,-5.8172045,-0.8260861,5.983985143103318e-09,7.741921910614991e-07
TPT1,-5.872844,-0.50281733,4.2838110382042356e-09,5.759625939013028e-07
RPS15,-5.8736115,-0.5017355,4.26401703538292e-09,5.759625939013028e-07
RPL29,-5.9304023,-0.5111162,3.021934093917699e-09,4.144280416398733e-07
RPL5,-5.9737625,-0.53510755,2.3184297128546296e-09,3.2116106143523627e-07
RPS3A,-6.083123,-0.47092167,1.178637994087502e-09,1.649371576624082e-07
RPL15,-6.10653,-0.37940857,1.0182048245554772e-09,1.4395526766962694e-07
MT-ND1,-6.1122856,-0.7986584,9.821405911875812e-10,1.4030287570360926e-07
RPS10,-6.355181,-0.57798964,2.0818134406279914e-10,3.244316991451395e-08
RPL34,-6.4227157,-0.9861162,1.3386425036941064e-10,2.110131413294365e-08
RPS19,-6.4998436,-0.55262196,8.040351687011778e-11,1.2821556166939478e-08
RPS7,-6.6280065,-0.51790655,3.402508015025803e-11,5.690487185129739e-09
RPL17,-6.6372156,-0.6585687,3.196637899245915e-11,5.4121842160812935e-09
RPL8,-6.6548667,-0.58699846,2.8355671791546067e-11,4.860871036865785e-09
RPL35,-6.670983,-0.73032224,2.5409552660963915e-11,4.4109696859804955e-09
RPL35A,-6.6809597,-0.6307997,2.3738232518253363e-11,4.17366821481188e-09
RPL7,-6.7469597,-0.7311152,1.509751241986311e-11,2.7243063858684565e-09
RPSA,-6.7776575,-0.59907347,1.2214004894493983e-11,2.233371508307873e-09
RPL10A,-6.860541,-0.62700707,6.8600219765938914e-12,1.288744402561762e-09
RPS8,-6.9023666,-0.6179352,5.1143237669013676e-12,9.7413661304563e-10
RPS28,-6.98832,-0.7418056,2.7819722830103914e-12,5.61058351311831e-10
RPS13,-7.425378,-0.8242203,1.1245843113515474e-13,2.4097733196679874e-11
RPS16,-7.501738,-0.81269836,6.297704451438424e-14,1.3709002991591515e-11
RPL14,-7.561982,-0.6946334,3.9697220435941525e-14,8.780769049330679e-12
RPL36,-7.603808,-1.020262,2.87541946087204e-14,6.464508604327731e-12
RPL9,-7.734657,-0.6711238,1.036825425082519e-14,2.410004047386723e-12
RPL19,-7.871645,-0.5617314,3.5000840587205803e-15,8.275888410567938e-13
RPL30,-7.941482,-0.7393681,1.9977959611037227e-15,4.806626984311659e-13
RPL36A,-7.9875283,-1.3694646,1.3767078906675282e-15,3.3714592879668717e-13
RPS4X,-8.1084,-0.6024862,5.129042318271805e-16,1.3271638934486704e-13
RPL12,-8.121063,-0.7013424,4.621168389940198e-16,1.2187442942238437e-13
RPS29,-8.177087,-1.0979521,2.907891916115279e-16,7.819378379922536e-14
CD3D,-8.191668,-2.3800533,2.5763066524985127e-16,7.06629388647292e-14
LTB,-8.221982,-2.7487097,2.001674962860935e-16,5.60223886544385e-14
RPS9,-8.301796,-0.7739563,1.0254941284918546e-16,2.9299221829452696e-14
IL7R,-8.401179,-3.4389904,4.420165975554866e-17,1.317786004103466e-14
EEF1A1,-8.446459,-0.6277054,3.0027289953516025e-17,9.358960327784517e-15
RPL21,-8.482144,-0.7317003,2.2108089514113626e-17,7.218817609441769e-15
RPL3,-8.506319,-0.5938071,1.795428083319253e-17,6.15562518366006e-15
RPLP1,-8.510923,-0.6767242,1.7255349455135863e-17,6.067688780198288e-15
RPLP0,-8.689354,-1.2414912,3.645075896241943e-18,1.4282448811732e-15
RPS3,-8.760726,-0.62437904,1.9399751876020448e-18,7.824946977286601e-16
RPS5,-8.84783,-0.96288574,8.923730026806719e-19,3.7084858662917374e-16
RPL11,-8.955656,-0.60365456,3.377224575011391e-19,1.4473518069283192e-16
RPL28,-9.044295,-0.6756128,1.5063382638808712e-19,6.88597431695409e-17
RPS23,-9.055423,-0.7825926,1.3603942213612339e-19,6.433257362671711e-17
RPL27A,-9.091876,-0.8747212,9.734422629748173e-20,4.76778114087023e-17
RPS6,-9.302539,-0.6485496,1.37131006588614e-20,6.965239349467601e-18
RPS25,-9.335923,-0.95902425,1.001152710099238e-20,5.2806954870388264e-18
RPL23A,-9.340144,-0.81788844,9.620341735688246e-21,5.2773346625291446e-18
RPL13A,-9.343981,-0.64609706,9.277856477702177e-21,5.2773346625291446e-18
GZMK,-9.408062,-3.6915023,5.053672283070095e-21,3.1502755313646945e-18
RPL10,-9.463702,-0.5468668,2.9723011973724313e-21,1.9410542200364536e-18
RPS27,-9.650574,-0.8346948,4.888147470335903e-22,3.943297318128622e-19
RPS27A,-9.777202,-0.8338737,1.4105672064600877e-22,1.2090324168371025e-19
RPS14,-9.78219,-0.73520714,1.3427332147469234e-22,1.2090324168371025e-19
RPS2,-9.804062,-0.7028745,1.0814710129525508e-22,1.0593781051165201e-19
RPLP2,-9.845504,-0.84026873,7.167919091727551e-23,7.561603263380894e-20
RPL18A,-9.982492,-0.87889016,1.8184127745362254e-23,2.0781427324991496e-20
RPS15A,-10.048108,-0.88219607,9.364779976472524e-24,1.1675326599758563e-20
RPS18,-10.5830145,-0.81176305,3.572735359021696e-26,4.899649271362354e-23
RPL32,-11.140177,-0.8827767,7.99600934409644e-29,1.5665324592134082e-25
RPL13,-11.635944,-0.8700558,2.7057906192562504e-31,6.184535425413369e-28
RPS12,-11.672014,-1.0822842,1.7717842548037524e-31,4.859649854075732e-28
