Gene_set,Term,Overlap,P-value,Adjusted P-value,Old P-value,Old Adjusted P-value,Odds Ratio,Combined Score,Genes
Reactome_2022,Immune System R-HSA-168256,49/1943,2.480051327426948e-22,1.5549921822966966e-19,0,0,8.169843828155393,406.4382337595945,IFITM1;IFITM2;ITGB2;LAMP1;CAPZB;GNLY;RAC2;CTSD;CTSC;HAVCR2;PDIA3;CAP1;CD53;SERPINB1;FCER1G;HLA-B;CYBA;FGR;TYROBP;BIN2;PSME2;EVL;HCST;CD63;GSTP1;PSMB10;PLAC8;RAP1B;PRDX5;UBB;CCL4;CCL3;CD99;UBE2F;TRAPPC1;SH2D1B;ISG15;ARPC5;PSMB8;BST2;GZMM;ARPC2;ARPC3;IL2RB;HNRNPA2B1;KLRD1;CALR;CD247;CALM1
Reactome_2022,Innate Immune System R-HSA-168249,34/1035,1.9386115539059907e-18,6.077547221495279e-16,0,0,8.912781662781663,363.5038753812697,CD63;GSTP1;ITGB2;PSMB10;PLAC8;RAP1B;PRDX5;LAMP1;UBB;GNLY;RAC2;CTSD;CTSC;CAP1;CD53;SERPINB1;TRAPPC1;FCER1G;HLA-B;CYBA;ISG15;ARPC5;PSMB8;BST2;FGR;GZMM;TYROBP;BIN2;ARPC2;ARPC3;PSME2;KLRD1;CD247;CALM1
Reactome_2022,Neutrophil Degranulation R-HSA-6798695,21/468,4.616715456695444e-14,9.64893530449348e-12,0,0,10.748440584287406,330.04707452930086,CAP1;CD53;CD63;SERPINB1;TRAPPC1;FCER1G;GSTP1;ITGB2;HLA-B;CYBA;ARPC5;PLAC8;RAP1B;BST2;FGR;PRDX5;TYROBP;LAMP1;BIN2;CTSD;CTSC
KEGG_2021_Human,Natural killer cell mediated cytotoxicity,13/131,2.1133721802040054e-13,3.2334594357121286e-11,0,0,23.42700929469656,683.7247944768345,FCER1G;ITGB2;PRF1;HLA-B;SH2D1B;GZMB;FCGR3A;TYROBP;RAC2;KLRD1;RAC1;CD247;HCST
Reactome_2022,Adaptive Immune System R-HSA-1280218,23/733,4.2668147560828415e-12,6.688232130159853e-10,0,0,7.487391820804344,196.02106737660043,PDIA3;UBE2F;IFITM1;ITGB2;HLA-B;SH2D1B;CYBA;PSMB10;PSMB8;RAP1B;TYROBP;UBB;CAPZB;PSME2;KLRD1;EVL;CALR;CD247;CALM1;CTSD;HCST;CD99;CTSC
Reactome_2022,Immunoregulatory Interactions Between A Lymphoid And A non-Lymphoid Cell R-HSA-198933,9/123,1.86275147371513e-08,2.335890348038773e-06,0,0,16.09875203472599,286.53566753659584,IFITM1;TYROBP;ITGB2;HLA-B;SH2D1B;KLRD1;CD247;HCST;CD99
KEGG_2021_Human,Fc gamma R-mediated phagocytosis,8/97,4.66073224436866e-08,3.5654601669420244e-06,0,0,18.16555835817473,306.6620219119683,FCGR3A;ARPC2;ARPC3;CFL1;ARPC5L;RAC2;ARPC5;RAC1
Reactome_2022,Antigen processing-Cross Presentation R-HSA-1236975,8/104,8.056995105102633e-08,8.419559884832251e-06,0,0,16.83503401360544,274.9858037067484,PDIA3;UBB;HLA-B;PSME2;CYBA;CALR;PSMB10;PSMB8
KEGG_2021_Human,Regulation of actin cytoskeleton,10/218,2.465062206811791e-07,9.4288629410551e-06,0,0,9.858774038461538,150.00990899049725,ARPC2;ARPC3;CFL1;ITGB2;ARPC5L;RAC2;ARPC5;RAC1;PFN1;PPP1CA
KEGG_2021_Human,Human immunodeficiency virus 1 infection,10/212,1.902923739291729e-07,9.4288629410551e-06,0,0,10.154702970297029,157.14102406839683,PDIA3;BST2;APOBEC3G;CFL1;HLA-B;RAC2;CALR;RAC1;CD247;CALM1
Reactome_2022,ER-Phagosome Pathway R-HSA-1236974,7/89,4.63719458118184e-07,4.153601432001448e-05,0,0,17.08351810790835,249.1457903463518,PDIA3;UBB;HLA-B;PSME2;CALR;PSMB10;PSMB8
Reactome_2022,Cytokine Signaling In Immune System R-HSA-1280215,16/702,8.720072536521717e-07,6.834356850498895e-05,0,0,4.977777777777778,69.45228562676981,IFITM1;IFITM2;ITGB2;HLA-B;ISG15;PSMB10;PSMB8;RAP1B;BST2;UBB;CCL4;IL2RB;HNRNPA2B1;CCL3;PSME2;HAVCR2
Reactome_2022,"Platelet Activation, Signaling And Aggregation R-HSA-76002",10/254,1.0003880273828632e-06,6.969369924100615e-05,0,0,8.388831967213115,115.89274214687744,RAP1B;SRGN;CAP1;CD63;FCER1G;PLEK;RAC2;CTSW;PFN1;CALM1
Reactome_2022,RHO GTPase Effectors R-HSA-195258,10/269,1.6796211821599433e-06,0.00010531224812142844,0,0,7.89695945945946,105.00541409454084,MYL6;ARPC2;ARPC3;RAC2;CYBA;EVL;ARPC5;PFN1;CALM1;RHOC
Reactome_2022,Hemostasis R-HSA-109582,14/576,2.137875137720928e-06,0.00011811909354008168,0,0,5.234565991025839,68.34091351727385,SRGN;CAP1;CD63;FCER1G;ITGB2;PLEK;CTSW;RAP1B;FGR;CAPZB;RAC2;PFN1;CALM1;CD99
Reactome_2022,Interferon Alpha/Beta Signaling R-HSA-909733,6/72,2.260652507944147e-06,0.00011811909354008168,0,0,18.025454545454547,234.3283326409948,BST2;IFITM1;IFITM2;HLA-B;ISG15;PSMB8
Reactome_2022,Axon Guidance R-HSA-422475,13/519,3.6692272769856992e-06,0.00017696965405154106,0,0,5.356028730502784,67.0335354150083,CAP1;ARPC5;RHOC;PSMB10;PSMB8;MYL6;TYROBP;UBB;ARPC2;ARPC3;PSME2;EVL;PFN1
Reactome_2022,Platelet Degranulation R-HSA-114608,7/125,4.592110672756968e-06,0.0002056609565584728,0,0,11.850025680534156,145.65068960045497,SRGN;CAP1;CD63;PLEK;CTSW;PFN1;CALM1
GO_Biological_Process_2023,Response To Type II Interferon (GO:0034341),7/80,2.222949702647755e-07,0.00021607071109736175,0,0,19.198422581984225,294.105639451011,BST2;IFITM1;IFITM2;CCL4;XCL2;CCL3;CALM1
Reactome_2022,Response To Elevated Platelet Cytosolic Ca2+ R-HSA-76005,7/130,5.953274877064735e-06,0.00024403591064174363,0,0,11.365443048369878,136.74411327849467,SRGN;CAP1;CD63;PLEK;CTSW;PFN1;CALM1
Reactome_2022,Nervous System Development R-HSA-9675108,13/545,6.227391659119455e-06,0.00024403591064174363,0,0,5.087436332767402,60.98082517137754,CAP1;ARPC5;RHOC;PSMB10;PSMB8;MYL6;TYROBP;UBB;ARPC2;ARPC3;PSME2;EVL;PFN1
KEGG_2021_Human,Chemokine signaling pathway,8/192,8.422247022134054e-06,0.00025772075887730206,0,0,8.744454303460515,102.17574717439078,RAP1B;FGR;CX3CR1;CCL4;RAC2;XCL2;CCL3;RAC1
Reactome_2022,PCP/CE Pathway R-HSA-4086400,6/88,7.322340311805623e-06,0.00027006513973541914,0,0,14.496585365853658,171.41604159567183,UBB;RAC2;PSME2;PFN1;PSMB10;PSMB8
Reactome_2022,Signal Transduction R-HSA-162582,30/2465,7.811406988615371e-06,0.0002720973434367688,0,0,2.830271263374041,33.28377908361332,CX3CR1;PSMB10;RAP1B;UBB;CAPZB;ARHGDIB;CCL4;EFHD2;RAC2;CCL3;S1PR5;CTSD;FGFBP2;AKR1C3;GZMB;CYBA;ARPC5;RHOC;PSMB8;PPP1CA;DRAP1;MYL6;ARPC2;ARPC3;IL2RB;XCL2;PSME2;EVL;PFN1;CALM1
Reactome_2022,Vif-mediated Degradation Of APOBEC3G R-HSA-180585,5/53,8.913929073986436e-06,0.0002941596594415524,0,0,20.468234323432345,238.00248855777855,UBB;APOBEC3G;PSME2;PSMB10;PSMB8
Reactome_2022,Beta-catenin Independent WNT Signaling R-HSA-3858494,7/142,1.063538988470266e-05,0.0003334194728854284,0,0,10.348896371118594,118.5085596905933,UBB;RAC2;PSME2;PFN1;CALM1;PSMB10;PSMB8
KEGG_2021_Human,Phagosome,7/152,1.6565935024720286e-05,0.0003620840083974577,0,0,9.63030303030303,106.01193661785732,FCGR3A;LAMP1;ITGB2;HLA-B;CYBA;CALR;RAC1
KEGG_2021_Human,Viral myocarditis,5/60,1.6473278449748e-05,0.0003620840083974577,0,0,17.856885688568855,196.67164934957816,ITGB2;PRF1;RAC2;HLA-B;RAC1
GO_Biological_Process_2023,Regulation Of Lamellipodium Assembly (GO:0010591),5/33,8.018900309674431e-07,0.0003897185550501773,0,0,35.12376237623762,493.00746763734855,CAPZB;ARPC2;ABI3;RAC2;RAC1
Reactome_2022,FCGR3A-mediated Phagocytosis R-HSA-9664422,5/60,1.6473278449748e-05,0.0004918450279996189,0,0,17.856885688568855,196.67164934957816,FGR;ARPC2;ARPC3;ARPC5;CD247
KEGG_2021_Human,Human cytomegalovirus infection,8/225,2.6521886986599145e-05,0.0005072310886187086,0,0,7.402238314680711,78.00138412061605,PDIA3;CCL4;HLA-B;RAC2;CCL3;CALR;RAC1;CALM1
KEGG_2021_Human,Leukocyte transendothelial migration,6/114,3.224355507693406e-05,0.000548140436307879,0,0,10.992222222222225,113.68367687591764,RAP1B;ITGB2;RAC2;CYBA;RAC1;CD99
GO_Biological_Process_2023,Proteolysis Involved In Protein Catabolic Process (GO:0051603),6/78,3.622197043525866e-06,0.0007152280654472301,0,0,16.518333333333334,206.94877954870853,UBB;GZMA;GZMB;CTSW;ISG15;CTSC
GO_Biological_Process_2023,Positive Regulation Of Actin Filament Bundle Assembly (GO:0032233),5/51,7.358313430527059e-06,0.0007152280654472301,0,0,21.360309944037883,252.47202407289237,PLEK;EVL;RAC1;RHOC;PFN1
GO_Biological_Process_2023,Fc-gamma Receptor Signaling Pathway (GO:0038094),4/24,7.298645978499759e-06,0.0007152280654472301,0,0,38.96862745098039,460.9139777506635,FGR;FCGR3A;FCER1G;CD247
GO_Biological_Process_2023,Regulation Of Tumor Necrosis Factor Production (GO:0032680),7/127,5.101526576936284e-06,0.0007152280654472301,0,0,11.6513468013468,141.98297113537706,CX3CR1;FCGR3A;TYROBP;GSTP1;CCL3;CYBA;HAVCR2
GO_Biological_Process_2023,Natural Killer Cell Mediated Immunity (GO:0002228),4/22,5.065568928860336e-06,0.0007152280654472301,0,0,43.30283224400871,527.9933432507723,FCGR3A;GZMB;NKG7;KLRD1
GO_Biological_Process_2023,Actin Nucleation (GO:0045010),4/23,6.10705271837841e-06,0.0007152280654472301,0,0,41.021671826625386,492.5089105103747,ARPC2;ARPC3;ARPC5L;ARPC5
GO_Biological_Process_2023,Positive Regulation Of Reactive Oxygen Species Metabolic Process (GO:2000379),5/48,5.43175195280202e-06,0.0007152280654472301,0,0,22.85401795993553,277.06494655792017,TYROBP;GSTP1;ITGB2;AKR1C3;CYBA
GO_Biological_Process_2023,Arp2/3 Complex-Mediated Actin Nucleation (GO:0034314),4/19,2.717133974033008e-06,0.0007152280654472301,0,0,51.97124183006536,666.0599490211719,ARPC2;ARPC3;ARPC5L;ARPC5
KEGG_2021_Human,Antigen processing and presentation,5/78,5.904453339874313e-05,0.0007875266016098242,0,0,13.441611284416112,130.8839073509006,PDIA3;HLA-B;PSME2;KLRD1;CALR
KEGG_2021_Human,Bacterial invasion of epithelial cells,5/77,5.549179504241295e-05,0.0007875266016098242,0,0,13.628987898789878,133.55420564199798,ARPC2;ARPC3;ARPC5L;RAC1;ARPC5
KEGG_2021_Human,Lysosome,6/128,6.176679228312347e-05,0.0007875266016098242,0,0,9.723934426229508,94.24577931412928,CD63;LAMP1;CTSW;LITAF;CTSD;CTSC
GO_Biological_Process_2023,Negative Regulation Of Viral Genome Replication (GO:0045071),5/53,8.913929073986436e-06,0.0007876671872649833,0,0,20.468234323432345,238.00248855777855,BST2;IFITM1;IFITM2;APOBEC3G;ISG15
Reactome_2022,Signaling By Interleukins R-HSA-449147,11/453,2.8672677181833387e-05,0.0008171712996822516,0,0,5.095784710645392,53.299696009629855,RAP1B;UBB;ITGB2;CCL4;IL2RB;HNRNPA2B1;CCL3;PSME2;PSMB10;PSMB8;HAVCR2
KEGG_2021_Human,Graft-versus-host disease,4/42,7.144681844155412e-05,0.0008408740939659831,0,0,20.49122807017544,195.62068052263444,PRF1;HLA-B;GZMB;KLRD1
Reactome_2022,TCR Signaling R-HSA-202403,6/116,3.556878114270295e-05,0.0009442767145177132,0,0,10.791272727272728,110.54625363109324,UBB;PSME2;EVL;CD247;PSMB10;PSMB8
Reactome_2022,Signaling By Rho GTPases R-HSA-194315,13/644,3.614456323512778e-05,0.0009442767145177132,0,0,4.267317621798477,43.64605642384411,CYBA;ARPC5;RHOC;MYL6;ARPC2;CAPZB;ARPC3;ARHGDIB;EFHD2;RAC2;EVL;PFN1;CALM1
KEGG_2021_Human,Yersinia infection,6/137,9.006921357778997e-05,0.0009843278341001333,0,0,9.05175572519084,84.31649035915024,ARPC2;ARPC3;ARPC5L;RAC2;ARPC5;RAC1
GO_Biological_Process_2023,Regulation Of Phagocytosis (GO:0050764),5/58,1.3937357738045498e-05,0.0011289259767816,0,0,18.53259854287316,207.2118300222328,FGR;FCER1G;IL2RB;CYBA;CALR
Reactome_2022,"Signaling By Rho GTPases, Miro GTPases And RHOBTB3 R-HSA-9716542",13/660,4.649757182661958e-05,0.0011661591014116,0,0,4.158332086885709,41.48398025107478,CYBA;ARPC5;RHOC;MYL6;ARPC2;CAPZB;ARPC3;ARHGDIB;EFHD2;RAC2;EVL;PFN1;CALM1
GO_Biological_Process_2023,Response To Interferon-Beta (GO:0035456),4/29,1.598468831420098e-05,0.0011951628493387,0,0,31.167058823529413,344.20523498159747,BST2;IFITM1;IFITM2;CALM1
GO_Biological_Process_2023,Negative Regulation Of Viral Process (GO:0048525),5/61,1.7868926250493645e-05,0.0012406140225342,0,0,17.537128712871286,191.72373575031725,BST2;IFITM1;IFITM2;APOBEC3G;ISG15
Reactome_2022,Cellular Response To Chemical Stress R-HSA-9711123,7/182,5.25618082619906e-05,0.001267548222318,0,0,7.967272727272727,78.5056873829912,PRDX5;UBB;GSTP1;PSME2;CYBA;PSMB10;PSMB8
KEGG_2021_Human,Rap1 signaling pathway,7/210,0.00012883999970919748,0.0013141679970338,0,0,6.858585858585859,61.43193677858511,RAP1B;ITGB2;RAC2;EVL;RAC1;PFN1;CALM1
Reactome_2022,Host Interactions Of HIV Factors R-HSA-162909,6/130,6.733697921365452e-05,0.0014558719298952,0,0,9.566129032258065,91.89033186207176,UBB;APOBEC3G;PSME2;CD247;PSMB10;PSMB8
Reactome_2022,Fc Epsilon Receptor (FCERI) Signaling R-HSA-2454202,6/130,6.733697921365452e-05,0.0014558719298952,0,0,9.566129032258065,91.89033186207176,FCER1G;UBB;PSME2;CALM1;PSMB10;PSMB8
Reactome_2022,Downstream Signaling Events Of B Cell Receptor (BCR) R-HSA-1168372,5/79,6.277032835731887e-05,0.0014558719298952,0,0,13.25929890286326,128.29734843268767,UBB;PSME2;CALM1;PSMB10;PSMB8
GO_Biological_Process_2023,Regulation Of Viral Genome Replication (GO:0045069),5/67,2.8286413734193237e-05,0.0018329596099757,0,0,15.835196422868094,165.84405406396613,BST2;IFITM1;IFITM2;APOBEC3G;ISG15
KEGG_2021_Human,Viral protein interaction with cytokine and cytokine receptor,5/100,0.00019203213177993413,0.0018363072601456,0,0,10.31735278791037,88.29433534191173,CX3CR1;CCL4;IL2RB;XCL2;CCL3
Reactome_2022,Interferon Signaling R-HSA-913531,7/200,9.511449100679848e-05,0.001987892862042,0,0,7.217616580310881,66.83822750435584,BST2;IFITM1;IFITM2;UBB;HLA-B;ISG15;PSMB8
Reactome_2022,Fcgamma Receptor (FCGR) Dependent Phagocytosis R-HSA-2029480,5/87,9.951795468874458e-05,0.0020128308899949,0,0,11.96087901473074,110.22156314446649,FGR;ARPC2;ARPC3;ARPC5;CD247
Reactome_2022,C-type Lectin Receptors (CLRs) R-HSA-5621481,6/141,0.00010557039620232978,0.0020685199505893,0,0,8.781777777777778,80.40712148959487,FCER1G;UBB;PSME2;CALM1;PSMB10;PSMB8
GO_Biological_Process_2023,Neutrophil Chemotaxis (GO:0030593),5/70,3.50052718916453e-05,0.0021265702674174,0,0,15.102056359482102,154.94727769608733,FCER1G;ITGB2;CCL4;XCL2;CCL3
GO_Biological_Process_2023,Positive Regulation Of Leukocyte Degranulation (GO:0043302),3/13,3.981576705576094e-05,0.002150051421011,0,0,57.91456310679612,586.7467765663238,FGR;LAMP1;ITGB2
GO_Biological_Process_2023,Positive Regulation Of Superoxide Anion Generation (GO:0032930),3/13,3.981576705576094e-05,0.002150051421011,0,0,57.91456310679612,586.7467765663238,TYROBP;GSTP1;ITGB2
GO_Biological_Process_2023,Granulocyte Chemotaxis (GO:0071621),5/73,4.289970226567514e-05,0.0021946584527492,0,0,14.433605125218405,145.15365251747053,FCER1G;ITGB2;CCL4;XCL2;CCL3
Reactome_2022,Signaling By ROBO Receptors R-HSA-376176,7/209,0.00012508380726907077,0.0023765923381123,0,0,6.892889288928893,61.943132857351685,CAP1;UBB;PSME2;EVL;PFN1;PSMB10;PSMB8
Reactome_2022,Ubiquitin Mediated Degradation Of Phosphorylated Cdc25A R-HSA-69601,4/51,0.00015378421608722224,0.0024105675871672,0,0,16.559866499791404,145.39496766570502,UBB;PSME2;PSMB10;PSMB8
Reactome_2022,GSK3B And BTRC:CUL1-mediated-degradation Of NFE2L2 R-HSA-9762114,4/51,0.00015378421608722224,0.0024105675871672,0,0,16.559866499791404,145.39496766570502,UBB;PSME2;PSMB10;PSMB8
Reactome_2022,Regulation Of Activated PAK-2p34 By Proteasome Mediated Degradation R-HSA-211733,4/49,0.0001314488960851025,0.0024105675871672,0,0,17.29760348583878,154.58682121395384,UBB;PSME2;PSMB10;PSMB8
Reactome_2022,Ubiquitin-dependent Degradation Of Cyclin D R-HSA-75815,4/51,0.00015378421608722224,0.0024105675871672,0,0,16.559866499791404,145.39496766570502,UBB;PSME2;PSMB10;PSMB8
Reactome_2022,Downstream TCR Signaling R-HSA-202424,5/94,0.0001435682994887724,0.0024105675871672,0,0,11.016242073645566,97.4794177269566,UBB;PSME2;CD247;PSMB10;PSMB8
Reactome_2022,Autodegradation Of E3 Ubiquitin Ligase COP1 R-HSA-349425,4/51,0.00015378421608722224,0.0024105675871672,0,0,16.559866499791404,145.39496766570502,UBB;PSME2;PSMB10;PSMB8
Reactome_2022,Vpu Mediated Degradation Of CD4 R-HSA-180534,4/51,0.00015378421608722224,0.0024105675871672,0,0,16.559866499791404,145.39496766570502,UBB;PSME2;PSMB10;PSMB8
Reactome_2022,CLEC7A (Dectin-1) Signaling R-HSA-5607764,5/99,0.00018319551175739323,0.0024109167910641,0,0,10.427638508531704,89.72937686026508,UBB;PSME2;CALM1;PSMB10;PSMB8
Reactome_2022,Infectious Disease R-HSA-5663205,15/961,0.00016279372994266837,0.0024109167910641,0,0,3.301582138791441,28.79978888150321,APOBEC3G;HLA-B;CYBA;ISG15;ARPC5;PSMB10;PSMB8;FGR;UBB;ARPC2;ARPC3;PSME2;CALR;CD247;CALM1
Reactome_2022,Class I MHC Mediated Antigen Processing And Presentation R-HSA-983169,9/378,0.0001831243758638639,0.0024109167910641,0,0,4.909479507166206,42.24776486307511,PDIA3;UBE2F;UBB;HLA-B;PSME2;CYBA;CALR;PSMB10;PSMB8
Reactome_2022,Negative Regulation Of NOTCH4 Signaling R-HSA-9604323,4/53,0.00017874130930125418,0.0024109167910641,0,0,15.882352941176473,137.05789230316265,UBB;PSME2;PSMB10;PSMB8
Reactome_2022,Regulation Of Apoptosis R-HSA-169911,4/52,0.0001659240686661545,0.0024109167910641,0,0,16.214052287581698,141.1267915634154,UBB;PSME2;PSMB10;PSMB8
Reactome_2022,AUF1 (hnRNP D0) Binds And Destabilizes mRNA R-HSA-450408,4/54,0.00019225811730974157,0.0024109167910641,0,0,15.563921568627451,133.1753676598531,UBB;PSME2;PSMB10;PSMB8
Reactome_2022,SCF-beta-TrCP Mediated Degradation Of Emi1 R-HSA-174113,4/54,0.00019225811730974157,0.0024109167910641,0,0,15.563921568627451,133.1753676598531,UBB;PSME2;PSMB10;PSMB8
Reactome_2022,FBXL7 Down-Regulates AURKA During Mitotic Entry And In Early Mitosis R-HSA-8854050,4/54,0.00019225811730974157,0.0024109167910641,0,0,15.563921568627451,133.1753676598531,UBB;PSME2;PSMB10;PSMB8
Reactome_2022,Degradation Of AXIN R-HSA-4641257,4/54,0.00019225811730974157,0.0024109167910641,0,0,15.563921568627451,133.1753676598531,UBB;PSME2;PSMB10;PSMB8
Reactome_2022,Regulation Of RUNX3 Expression And Activity R-HSA-8941858,4/54,0.00019225811730974157,0.0024109167910641,0,0,15.563921568627451,133.1753676598531,UBB;PSME2;PSMB10;PSMB8
GO_Biological_Process_2023,Regulation Of Superoxide Anion Generation (GO:0032928),3/14,5.04793949839557e-05,0.0024532985962202,0,0,52.64695498676081,520.8860941701963,TYROBP;GSTP1;ITGB2
Reactome_2022,Degradation Of DVL R-HSA-4641258,4/55,0.0002064968504968164,0.0024898754857981,0,0,15.257977700884275,129.46737990219816,UBB;PSME2;PSMB10;PSMB8
Reactome_2022,Hh Mutants Are Degraded By ERAD R-HSA-5362768,4/55,0.0002064968504968164,0.0024898754857981,0,0,15.257977700884275,129.46737990219816,UBB;PSME2;PSMB10;PSMB8
KEGG_2021_Human,Tight junction,6/169,0.0002828533191333612,0.0025456798722002,0,0,7.262944785276074,59.34248666776005,MYL6;ARPC2;ARPC3;ARPC5L;ARPC5;RAC1
GO_Biological_Process_2023,Neutrophil Migration (GO:1990266),5/77,5.549179504241295e-05,0.0025684773705345,0,0,13.628987898789878,133.55420564199798,FCER1G;ITGB2;CCL4;XCL2;CCL3
Reactome_2022,Chemokine Receptors Bind Chemokines R-HSA-380108,4/56,0.00022148003757878557,0.0025716293252203,0,0,14.963800904977376,125.92304961353264,CX3CR1;CCL4;XCL2;CCL3
Reactome_2022,Stabilization Of P53 R-HSA-69541,4/56,0.00022148003757878557,0.0025716293252203,0,0,14.963800904977376,125.92304961353264,UBB;PSME2;PSMB10;PSMB8
GO_Biological_Process_2023,Positive Regulation Of Tumor Necrosis Factor Production (GO:0032760),5/78,5.904453339874313e-05,0.0026086948392535,0,0,13.441611284416112,130.8839073509006,FCGR3A;TYROBP;CCL3;CYBA;HAVCR2
Reactome_2022,SCF(Skp2)-mediated Degradation Of P27/P21 R-HSA-187577,4/59,0.0002711240182901598,0.0027867993355398,0,0,14.145454545454545,116.1756875481084,UBB;PSME2;PSMB10;PSMB8
Reactome_2022,GLI3 Is Processed To GLI3R By Proteasome R-HSA-5610785,4/59,0.0002711240182901598,0.0027867993355398,0,0,14.145454545454545,116.1756875481084,UBB;PSME2;PSMB10;PSMB8
Reactome_2022,Degradation Of GLI1 By Proteasome R-HSA-5610780,4/59,0.0002711240182901598,0.0027867993355398,0,0,14.145454545454545,116.1756875481084,UBB;PSME2;PSMB10;PSMB8
Reactome_2022,Role Of GTSE1 In G2/M Progression After G2 Checkpoint R-HSA-8852276,4/59,0.0002711240182901598,0.0027867993355398,0,0,14.145454545454545,116.1756875481084,UBB;PSME2;PSMB10;PSMB8
Reactome_2022,Hh Mutants Abrogate Ligand Secretion R-HSA-5387390,4/58,0.0002537706985924806,0.0027867993355398,0,0,14.408133623819898,119.28608314373524,UBB;PSME2;PSMB10;PSMB8
Reactome_2022,NIK To Noncanonical NF-kB Signaling R-HSA-5676590,4/58,0.0002537706985924806,0.0027867993355398,0,0,14.408133623819898,119.28608314373524,UBB;PSME2;PSMB10;PSMB8
Reactome_2022,Degradation Of GLI2 By Proteasome R-HSA-5610783,4/59,0.0002711240182901598,0.0027867993355398,0,0,14.145454545454545,116.1756875481084,UBB;PSME2;PSMB10;PSMB8
Reactome_2022,Defective CFTR Causes Cystic Fibrosis R-HSA-5678895,4/60,0.0002893134690528283,0.0028793578586686,0,0,13.892156862745098,113.19329119579706,UBB;PSME2;PSMB10;PSMB8
Reactome_2022,Signaling By B Cell Receptor (BCR) R-HSA-983705,5/109,0.00028697914986539075,0.0028793578586686,0,0,9.420220868240673,76.83227278147059,UBB;PSME2;CALM1;PSMB10;PSMB8
KEGG_2021_Human,Shigellosis,7/246,0.0003389534521338268,0.0028811043431375,0,0,5.814842990575208,46.45854732877759,UBB;ARPC2;ARPC3;ARPC5L;ARPC5;RAC1;PFN1
Reactome_2022,Dectin-1 Mediated Noncanonical NF-kB Signaling R-HSA-5607761,4/61,0.00030836232504198976,0.0030209871531457,0,0,13.647746818025457,110.3315936762718,UBB;PSME2;PSMB10;PSMB8
KEGG_2021_Human,Endocytosis,7/252,0.0003918074224930601,0.0030311455720734,0,0,5.670707070707071,44.48522319850133,ARPC2;CAPZB;ARPC3;IL2RB;ARPC5L;HLA-B;ARPC5
KEGG_2021_Human,Tuberculosis,6/180,0.0003962281793560081,0.0030311455720734,0,0,6.8,53.26793805469036,FCGR3A;FCER1G;LAMP1;ITGB2;CALM1;CTSD
Reactome_2022,Asymmetric Localization Of PCP Proteins R-HSA-4608870,4/62,0.00032829398819751515,0.0031187928878763,0,0,13.411764705882351,107.58382578726648,UBB;PSME2;PSMB10;PSMB8
Reactome_2022,Regulation Of Actin Dynamics For Phagocytic Cup Formation R-HSA-2029482,4/62,0.00032829398819751515,0.0031187928878763,0,0,13.411764705882351,107.58382578726648,ARPC2;ARPC3;ARPC5;CD247
KEGG_2021_Human,Sphingolipid signaling pathway,5/119,0.0004302714693681556,0.0031348349911108,0,0,8.5895431648428,66.57835841495468,FCER1G;RAC2;RAC1;S1PR5;CTSD
GO_Biological_Process_2023,Positive Regulation Of Tumor Necrosis Factor Superfamily Cytokine Production (GO:1903557),5/82,7.50441107036024e-05,0.0031714293740826,0,0,12.74077407740774,121.0046669558802,FCGR3A;TYROBP;CCL3;CYBA;HAVCR2
Reactome_2022,Leishmania Infection R-HSA-9658195,7/247,0.00034734011121675934,0.0031725471388497,0,0,5.790319865319866,46.12109117270408,FGR;ARPC2;ARPC3;CYBA;ARPC5;CD247;CALM1
Reactome_2022,Calnexin/calreticulin Cycle R-HSA-901042,3/26,0.00034426677207526855,0.0031725471388497,0,0,25.16378218657661,200.65835702522787,PDIA3;UBB;CALR
Reactome_2022,Autodegradation Of Cdh1 By Cdh1:APC/C R-HSA-174084,4/63,0.00034913198178729727,0.0031725471388497,0,0,13.18378198737122,104.94370271211405,UBB;PSME2;PSMB10;PSMB8
Reactome_2022,Oxygen-dependent Proline Hydroxylation Of Hypoxia-inducible Factor Alpha R-HSA-1234176,4/64,0.0003708999435591739,0.0032754121776281,0,0,12.963398692810458,102.40538204403322,UBB;PSME2;PSMB10;PSMB8
Reactome_2022,Hedgehog Ligand Biogenesis R-HSA-5358346,4/64,0.0003708999435591739,0.0032754121776281,0,0,12.963398692810458,102.40538204403322,UBB;PSME2;PSMB10;PSMB8
Reactome_2022,p53-Dependent G1 DNA Damage Response R-HSA-69563,4/65,0.0003936216191957074,0.0033808322635028,0,0,12.750241080038572,99.96342605686672,UBB;PSME2;PSMB10;PSMB8
Reactome_2022,Regulation Of RAS By GAPs R-HSA-5658442,4/65,0.0003936216191957074,0.0033808322635028,0,0,12.750241080038572,99.96342605686672,UBB;PSME2;PSMB10;PSMB8
GO_Biological_Process_2023,Regulation Of Interleukin-1 Beta Production (GO:0032651),5/84,8.420005497922511e-05,0.0034101022266586,0,0,12.416969545055773,116.49991941542226,CX3CR1;SERPINB1;TYROBP;GSTP1;CCL3
GO_Biological_Process_2023,Positive Regulation Of Lymphocyte Chemotaxis (GO:0140131),3/17,9.32168683564829e-05,0.0034848767708654,0,0,41.35922330097088,383.8376575809997,CCL4;CCL3;XCL2
GO_Biological_Process_2023,Response To Interferon-Alpha (GO:0035455),3/17,9.32168683564829e-05,0.0034848767708654,0,0,41.35922330097088,383.8376575809997,BST2;IFITM1;IFITM2
Reactome_2022,Activation Of NF-kappaB In B Cells R-HSA-1169091,4/66,0.0004173208557332981,0.0035359483316861,0,0,12.543959519291588,97.61276774438764,UBB;PSME2;PSMB10;PSMB8
Reactome_2022,"Antigen Presentation: Folding, Assembly, Peptide Loading Of Class I MHC R-HSA-983170",3/28,0.00043044927155977625,0.0035531735953471,0,0,23.148349514563108,179.41547454949597,PDIA3;HLA-B;CALR
Reactome_2022,Regulation Of PTEN Stability And Activity R-HSA-8948751,4/67,0.0004420215955934264,0.0035531735953471,0,0,12.344226579520695,95.34868017935985,UBB;PSME2;PSMB10;PSMB8
Reactome_2022,G1/S DNA Damage Checkpoints R-HSA-69615,4/67,0.0004420215955934264,0.0035531735953471,0,0,12.344226579520695,95.34868017935985,UBB;PSME2;PSMB10;PSMB8
Reactome_2022,APC/C:Cdc20 Mediated Degradation Of Securin R-HSA-174154,4/67,0.0004420215955934264,0.0035531735953471,0,0,12.344226579520695,95.34868017935985,UBB;PSME2;PSMB10;PSMB8
GO_Biological_Process_2023,Positive Regulation Of Natural Killer Cell Activation (GO:0032816),3/18,0.00011142962034774952,0.0038681996777861,0,0,38.6,351.34173063651644,FCGR3A;TYROBP;LAMP1
GO_Biological_Process_2023,Antigen Processing And Presentation Of Peptide Antigen Via MHC Class I (GO:0002474),3/18,0.00011142962034774952,0.0038681996777861,0,0,38.6,351.34173063651644,PDIA3;FCER1G;CALR
Reactome_2022,Orc1 Removal From Chromatin R-HSA-68949,4/69,0.0004945237915507317,0.003924891358257,0,0,11.963197586727,91.06284669614811,UBB;PSME2;PSMB10;PSMB8
GO_Biological_Process_2023,Cellular Defense Response (GO:0006968),4/48,0.0001212100319332876,0.0040626258979019,0,0,17.69162210338681,159.54279542170138,CX3CR1;TYROBP;GNLY;PRF1
Reactome_2022,Cdc20:Phospho-APC/C Mediated Degradation Of Cyclin A R-HSA-174184,4/72,0.0005813916946247746,0.0044455194210943,0,0,11.43367935409458,85.18189282737609,UBB;PSME2;PSMB10;PSMB8
Reactome_2022,Regulation Of RUNX2 Expression And Activity R-HSA-8939902,4/72,0.0005813916946247746,0.0044455194210943,0,0,11.43367935409458,85.18189282737609,UBB;PSME2;PSMB10;PSMB8
Reactome_2022,CDK-mediated Phosphorylation And Removal Of Cdc6 R-HSA-69017,4/72,0.0005813916946247746,0.0044455194210943,0,0,11.43367935409458,85.18189282737609,UBB;PSME2;PSMB10;PSMB8
GO_Biological_Process_2023,Defense Response To Symbiont (GO:0140546),6/148,0.00013774466548086155,0.0044629271615799,0,0,8.345915492957747,74.1960970749033,BST2;IFITM1;IFITM2;APOBEC3G;PRF1;ISG15
Reactome_2022,Cellular Response To Hypoxia R-HSA-1234174,4/73,0.0006126087875460575,0.0044663454626904,0,0,11.267405512929807,83.35383243910519,UBB;PSME2;PSMB10;PSMB8
Reactome_2022,APC:Cdc20 Mediated Degradation Of Cell Cycle Proteins Before Cycle Checkpoint Satisfied R-HSA-179419,4/73,0.0006126087875460575,0.0044663454626904,0,0,11.267405512929807,83.35383243910519,UBB;PSME2;PSMB10;PSMB8
Reactome_2022,APC/C:Cdh1 Mediated Degradation Of Cdc20 And APC/C:Cdh1 Targets In Late Mitosis/Early G1 R-HSA-174178,4/73,0.0006126087875460575,0.0044663454626904,0,0,11.267405512929807,83.35383243910519,UBB;PSME2;PSMB10;PSMB8
Reactome_2022,RAF/MAP Kinase Cascade R-HSA-5673001,7/271,0.0006041032231405019,0.0044663454626904,0,0,5.257499234771962,38.96735131518179,RAP1B;UBB;IL2RB;PSME2;CALM1;PSMB10;PSMB8
GO_Biological_Process_2023,Microglial Cell Activation (GO:0001774),3/20,0.00015447781314025097,0.0045500737688583,0,0,34.055396916047975,298.85177601622246,CX3CR1;TYROBP;ITGB2
GO_Biological_Process_2023,Negative Regulation Of Viral Life Cycle (GO:1903901),3/20,0.00015447781314025097,0.0045500737688583,0,0,34.055396916047975,298.85177601622246,BST2;IFITM1;IFITM2
GO_Biological_Process_2023,Positive Regulation Of Leukocyte Mediated Cytotoxicity (GO:0001912),4/51,0.00015378421608722224,0.0045500737688583,0,0,16.559866499791404,145.39496766570502,TYROBP;LAMP1;HLA-B;KLRD1
Reactome_2022,APC/C:Cdc20 Mediated Degradation Of Mitotic Proteins R-HSA-176409,4/75,0.000678581198972672,0.0048904645029409,0,0,10.948909141121238,79.87783683916906,UBB;PSME2;PSMB10;PSMB8
Reactome_2022,MAPK1/MAPK3 Signaling R-HSA-5684996,7/277,0.0006874063462440248,0.0048977702169886,0,0,5.139094650205761,37.42589341453185,RAP1B;UBB;IL2RB;PSME2;CALM1;PSMB10;PSMB8
KEGG_2021_Human,Epstein-Barr virus infection,6/202,0.0007274547843959384,0.004965395951713,0,0,6.03,43.57253103868581,PDIA3;HLA-B;ISG15;CALR;RAC1;CD247
KEGG_2021_Human,Diabetic cardiomyopathy,6/203,0.000746432071172553,0.004965395951713,0,0,5.999086294416244,43.194656780899074,RAC2;NDUFB2;CYBA;RAC1;CTSD;PPP1CA
Reactome_2022,Disease R-HSA-1643685,20/1736,0.0007210378961276869,0.0050232306763562,0,0,2.463544207730254,17.8232961003506,SPON2;APOBEC3G;HLA-B;CYBA;ISG15;ARPC5;PSMB10;PSMB8;TPST2;RAP1B;FGR;BIN2;UBB;ARPC2;ARPC3;RAC2;PSME2;CALR;CD247;CALM1
Reactome_2022,Activation Of APC/C And APC/C:Cdc20 Mediated Degradation Of Mitotic Proteins R-HSA-176814,4/76,0.0007133855304125054,0.0050232306763562,0,0,10.796296296296296,78.22444138959128,UBB;PSME2;PSMB10;PSMB8
Reactome_2022,ABC Transporter Disorders R-HSA-5619084,4/77,0.0007494346855610697,0.0051636873389757,0,0,10.647864625302176,76.62407171967529,UBB;PSME2;PSMB10;PSMB8
Reactome_2022,EPHB-mediated Forward Signaling R-HSA-3928662,3/34,0.0007683292589631011,0.0051800262942996,0,0,18.66238647040401,133.8334264181811,ARPC2;ARPC3;ARPC5
Reactome_2022,Detoxification Of Reactive Oxygen Species R-HSA-3299685,3/34,0.0007683292589631011,0.0051800262942996,0,0,18.66238647040401,133.8334264181811,PRDX5;GSTP1;CYBA
Reactome_2022,Nuclear Events Mediated By NFE2L2 R-HSA-9759194,4/78,0.000786753259975486,0.0051925715158382,0,0,10.50344462109168,75.07437748303946,UBB;PSME2;PSMB10;PSMB8
Reactome_2022,FCERI Mediated NF-kB Activation R-HSA-2871837,4/78,0.000786753259975486,0.0051925715158382,0,0,10.50344462109168,75.07437748303946,UBB;PSME2;PSMB10;PSMB8
Reactome_2022,Gene And Protein Expression By JAK-STAT Signaling After Interleukin-12 Stimulation R-HSA-8950505,3/35,0.0008371366289525404,0.005411182127353,0,0,18.078276699029125,128.0940501293148,RAP1B;HNRNPA2B1;PSME2
Reactome_2022,N-glycan Trimming In ER And Calnexin/Calreticulin Cycle R-HSA-532668,3/35,0.0008371366289525404,0.005411182127353,0,0,18.078276699029125,128.0940501293148,PDIA3;UBB;CALR
Reactome_2022,Regulation Of APC/C Activators Between G1/S And Early Anaphase R-HSA-176408,4/80,0.0008652971740242731,0.0055361360011552,0,0,10.226006191950464,72.11827011853806,UBB;PSME2;PSMB10;PSMB8
KEGG_2021_Human,Fluid shear stress and atherosclerosis,5/139,0.0008713876766058127,0.005555096438362,0,0,7.300132998374464,51.43252921092921,GSTP1;RAC2;CYBA;RAC1;CALM1
Reactome_2022,Signaling By NOTCH4 R-HSA-9013694,4/81,0.0009065718147088676,0.00570405527702,0,0,10.092691622103386,70.70778579188254,UBB;PSME2;PSMB10;PSMB8
Reactome_2022,RHO GTPases Activate WASPs And WAVEs R-HSA-5663213,3/36,0.0009097376837352594,0.00570405527702,0,0,17.529567519858784,122.74824179232586,ARPC2;ARPC3;ARPC5
GO_Biological_Process_2023,Negative Regulation Of Trophoblast Cell Migration (GO:1901164),2/5,0.0002753719313903778,0.0058187286372053,0,0,127.50641025641026,1045.2195041351283,ARHGDIB;CALR
GO_Biological_Process_2023,Negative Regulation Of Cell Migration (GO:0030336),6/163,0.00023281685725526897,0.0058187286372053,0,0,7.542802547770701,63.097492627515145,BST2;IFITM1;ARHGDIB;EVL;CALR;RAC1
GO_Biological_Process_2023,Protein Catabolic Process (GO:0030163),5/102,0.0002106775836878584,0.0058187286372053,0,0,10.103603143819536,85.5288357553838,GZMA;GZMB;CTSW;CTSD;CTSC
GO_Biological_Process_2023,Eosinophil Chemotaxis (GO:0048245),3/24,0.0002700706385152335,0.0058187286372053,0,0,27.563106796116504,226.48128037574324,CCL4;CCL3;XCL2
GO_Biological_Process_2023,Positive Regulation Of Lamellipodium Assembly (GO:0010592),3/23,0.000237223934623792,0.0058187286372053,0,0,28.94271844660194,241.5705729135497,ARPC2;RAC2;RAC1
GO_Biological_Process_2023,Natural Killer Cell Mediated Cytotoxicity (GO:0042267),3/24,0.0002700706385152335,0.0058187286372053,0,0,27.563106796116504,226.48128037574324,FCGR3A;GZMB;NKG7
GO_Biological_Process_2023,Inflammatory Response (GO:0006954),7/236,0.00026368850427909986,0.0058187286372053,0,0,6.071853910281858,50.03658189754575,PRDX5;ITGB2;CCL4;XCL2;CCL3;CYBA;RAC1
GO_Biological_Process_2023,Regulation Of Proteolysis Involved In Protein Catabolic Process (GO:1903050),3/24,0.0002700706385152335,0.0058187286372053,0,0,27.563106796116504,226.48128037574324,UBB;PSME2;CTSC
GO_Biological_Process_2023,Positive Regulation Of Neutrophil Migration (GO:1902624),3/23,0.000237223934623792,0.0058187286372053,0,0,28.94271844660194,241.5705729135497,RAC2;RAC1;CD99
GO_Biological_Process_2023,Positive Regulation Of Natural Killer Cell Mediated Immunity (GO:0002717),3/24,0.0002700706385152335,0.0058187286372053,0,0,27.563106796116504,226.48128037574324,LAMP1;SH2D1B;KLRD1
GO_Biological_Process_2023,Eosinophil Migration (GO:0072677),3/24,0.0002700706385152335,0.0058187286372053,0,0,27.563106796116504,226.48128037574324,CCL4;CCL3;XCL2
GO_Biological_Process_2023,Regulation Of Hydrogen Peroxide Metabolic Process (GO:0010310),2/5,0.0002753719313903778,0.0058187286372053,0,0,127.50641025641026,1045.2195041351283,RAC2;RAC1
GO_Biological_Process_2023,Natural Killer Cell Degranulation (GO:0043320),2/5,0.0002753719313903778,0.0058187286372053,0,0,127.50641025641026,1045.2195041351283,FCGR3A;NKG7
Reactome_2022,Post-translational Protein Modification R-HSA-597592,17/1383,0.0009396696721507006,0.0058333948954305,0,0,2.59081711550167,18.05794906726717,PDIA3;UBE2F;SPON2;TRAPPC1;HLA-B;PRSS23;PSMB10;PSMB8;TPST2;LGALS1;UBB;CAPZB;PSME2;IGFBP7;CALR;CALM1;CTSC
Reactome_2022,Cyclin E Associated Events During G1/S Transition R-HSA-69202,4/82,0.000949214466830167,0.0058348771637501,0,0,9.96279537456008,69.33981835245321,UBB;PSME2;PSMB10;PSMB8
KEGG_2021_Human,Apoptosis,5/142,0.000959008563236416,0.0058691324070068,0,0,7.13919202139192,49.61460421733706,PRF1;GZMB;CTSW;CTSD;CTSC
Reactome_2022,Signaling By WNT R-HSA-195721,7/294,0.0009738000122095248,0.0059278893947123,0,0,4.83050012318305,33.496159232592696,UBB;RAC2;PSME2;PFN1;CALM1;PSMB10;PSMB8
GO_Biological_Process_2023,Positive Regulation Of Phagocytosis (GO:0050766),4/60,0.0002893134690528283,0.0059832487642414,0,0,13.892156862745098,113.19329119579706,FCER1G;IL2RB;CYBA;CALR
Reactome_2022,Degradation Of Beta-Catenin By Destruction Complex R-HSA-195253,4/84,0.0010387025081947,0.0062025378346486,0,0,9.712745098039216,66.7244505069851,UBB;PSME2;PSMB10;PSMB8
Reactome_2022,Cyclin A:Cdk2-associated Events At S Phase Entry R-HSA-69656,4/84,0.0010387025081947,0.0062025378346486,0,0,9.712745098039216,66.7244505069851,UBB;PSME2;PSMB10;PSMB8
KEGG_2021_Human,Allograft rejection,3/38,0.001066640874637,0.0062767713007485,0,0,16.52621359223301,113.09286140722294,PRF1;HLA-B;GZMB
Reactome_2022,FCGR3A-mediated IL10 Synthesis R-HSA-9664323,3/38,0.001066640874637,0.0063092813999755,0,0,16.52621359223301,113.09286140722294,FGR;CD247;CALM1
GO_Biological_Process_2023,Cytoskeleton Organization (GO:0007010),5/111,0.0003122048580243499,0.006322148374993,0,0,9.241546796189052,74.59638865029315,CAPZB;CFL1;CCL3;SH3BGRL3;RAC1
Reactome_2022,Hedgehog On State R-HSA-5632684,4/85,0.0010855972471686,0.0063613969530348,0,0,9.592350520455096,65.47378737937122,UBB;PSME2;PSMB10;PSMB8
GO_Biological_Process_2023,Fc Receptor Signaling Pathway (GO:0038093),3/26,0.00034426677207526855,0.0065613196560227,0,0,25.16378218657661,200.65835702522787,FCGR3A;FCER1G;CD247
GO_Biological_Process_2023,Negative Regulation Of Interleukin-1 Beta Production (GO:0032691),3/26,0.00034426677207526855,0.0065613196560227,0,0,25.16378218657661,200.65835702522787,CX3CR1;SERPINB1;GSTP1
GO_Biological_Process_2023,Regulation Of Actin Filament Bundle Assembly (GO:0032231),3/26,0.00034426677207526855,0.0065613196560227,0,0,25.16378218657661,200.65835702522787,PLEK;RAC1;PFN1
Reactome_2022,APC/C-mediated Degradation Of Cell Cycle Proteins R-HSA-174143,4/87,0.0011838114814623,0.0068726833229341,0,0,9.360264587762815,63.078972605275645,UBB;PSME2;PSMB10;PSMB8
Reactome_2022,Regulation Of mRNA Stability By Proteins That Bind AU-rich Elements R-HSA-450531,4/88,0.0012351802641447,0.0071051195010893,0,0,9.248366013071896,61.932037743184246,UBB;PSME2;PSMB10;PSMB8
Reactome_2022,Switching Of Origins To A Post-Replicative State R-HSA-69052,4/90,0.0013425642218802,0.0075836735776481,0,0,9.032375740994071,59.73267146196365,UBB;PSME2;PSMB10;PSMB8
Reactome_2022,MAPK6/MAPK4 Signaling R-HSA-5687128,4/90,0.0013425642218802,0.0075836735776481,0,0,9.032375740994071,59.73267146196365,UBB;PSME2;PSMB10;PSMB8
GO_Biological_Process_2023,Cellular Response To Type II Interferon (GO:0071346),4/66,0.0004173208557332981,0.0076535070145804,0,0,12.543959519291588,97.61276774438764,CCL4;XCL2;CCL3;CALM1
GO_Biological_Process_2023,Regulation Of Natural Killer Cell Chemotaxis (GO:2000501),2/6,0.0004116287630670808,0.0076535070145804,0,0,95.625,745.434042078488,CCL4;CCL3
Reactome_2022,HIV Infection R-HSA-162906,6/229,0.0013892907853409,0.0077605318183343,0,0,5.292645739910314,34.82011461179284,UBB;APOBEC3G;PSME2;CD247;PSMB10;PSMB8
Reactome_2022,EPH-Ephrin Signaling R-HSA-2682334,4/91,0.0013986285414222,0.0077605318183343,0,0,8.928104575163399,58.67785257160466,MYL6;ARPC2;ARPC3;ARPC5
Reactome_2022,DAP12 Interactions R-HSA-2172127,3/43,0.001530727139053,0.0083457905755327,0,0,14.456796116504854,93.7091317231499,TYROBP;HLA-B;KLRD1
Reactome_2022,MAPK Family Signaling Cascades R-HSA-5683057,7/318,0.0015297571307461,0.0083457905755327,0,0,4.452271915294423,28.86250403268757,RAP1B;UBB;IL2RB;PSME2;CALM1;PSMB10;PSMB8
Reactome_2022,Developmental Biology R-HSA-1266738,14/1073,0.0015803758792031,0.008542204105693,0,0,2.7065114751406165,17.457249534790268,CAP1;ARPC5;RHOC;PSMB10;PSMB8;DRAP1;MYL6;TYROBP;UBB;ARPC2;ARPC3;PSME2;EVL;PFN1
GO_Biological_Process_2023,Positive Regulation Of Intracellular Signal Transduction (GO:1902533),10/525,0.00047682776928774113,0.0085828998471793,0,0,3.919700647249191,29.97926283940753,BST2;FGR;CX3CR1;LGALS1;CCL4;CCL3;AKR1C3;RHOC;LITAF;HCST
Reactome_2022,UCH Proteinases R-HSA-5689603,4/95,0.0016392731301441,0.0086371785932807,0,0,8.53393665158371,54.732422758766674,UBB;PSME2;PSMB10;PSMB8
Reactome_2022,Interleukin-12 Signaling R-HSA-9020591,3/44,0.0016364430405362,0.0086371785932807,0,0,14.103480937722,90.47707782812446,RAP1B;HNRNPA2B1;PSME2
Reactome_2022,Transcriptional Regulation By RUNX3 R-HSA-8878159,4/95,0.0016392731301441,0.0086371785932807,0,0,8.53393665158371,54.732422758766674,UBB;PSME2;PSMB10;PSMB8
KEGG_2021_Human,Type I diabetes mellitus,3/43,0.001530727139053,0.008674120454634,0,0,14.456796116504854,93.7091317231499,PRF1;HLA-B;GZMB
GO_Biological_Process_2023,Defense Response To Virus (GO:0051607),6/189,0.00051311013167434,0.0087211978911775,0,0,6.462622950819672,48.95449845524334,BST2;IFITM1;IFITM2;APOBEC3G;PRF1;ISG15
GO_Biological_Process_2023,"Phagocytosis, Engulfment (GO:0006911)",3/30,0.0005293731230241498,0.0087211978911775,0,0,21.431499460625677,161.67531078544127,BIN2;ITGB2;RAC1
GO_Biological_Process_2023,Negative Regulation Of Interleukin-1 Production (GO:0032692),3/30,0.0005293731230241498,0.0087211978911775,0,0,21.431499460625677,161.67531078544127,CX3CR1;SERPINB1;GSTP1
GO_Biological_Process_2023,Regulation Of Calcium-Mediated Signaling (GO:0050848),3/30,0.0005293731230241498,0.0087211978911775,0,0,21.431499460625677,161.67531078544127,PLEK;CCL4;CCL3
GO_Biological_Process_2023,Positive Regulation Of Defense Response (GO:0031349),5/124,0.0005194656241885773,0.0087211978911775,0,0,8.226557949912639,62.21507141994802,LGALS1;SH2D1B;CCL3;NKG7;CYBA
GO_Biological_Process_2023,Regulation Of Nitric Oxide Metabolic Process (GO:0080164),2/7,0.0005742868349656288,0.0093031797465606,0,0,76.49615384615385,570.8434889415518,CX3CR1;RAC1
GO_Biological_Process_2023,Positive Regulation Of Lamellipodium Organization (GO:1902745),3/31,0.000583841527304732,0.0093031797465606,0,0,20.66504854368932,153.86949168142752,ARPC2;RAC2;RAC1
Reactome_2022,Hedgehog Off State R-HSA-5610787,4/98,0.0018376462094792,0.0095223485400286,0,0,8.260325406758447,52.034018044685865,UBB;PSME2;PSMB10;PSMB8
Reactome_2022,RUNX1 Regulates Transcription Of Genes Involved In Differentiation Of HSCs R-HSA-8939236,4/98,0.0018376462094792,0.0095223485400286,0,0,8.260325406758447,52.034018044685865,UBB;PSME2;PSMB10;PSMB8
Reactome_2022,Diseases Of Signal Transduction By Growth Factor Receptors And Second Messengers R-HSA-5663202,8/424,0.0018866437879585,0.0096961119266396,0,0,3.822213500784929,23.9765763563554,RAP1B;BIN2;UBB;RAC2;PSME2;CALM1;PSMB10;PSMB8
Reactome_2022,KEAP1-NFE2L2 Pathway R-HSA-9755511,4/100,0.001978777674223,0.0100055935624022,0,0,8.087418300653594,50.34641073488114,UBB;PSME2;PSMB10;PSMB8
Reactome_2022,TNFR2 Non-Canonical NF-kB Pathway R-HSA-5668541,4/100,0.001978777674223,0.0100055935624022,0,0,8.087418300653594,50.34641073488114,UBB;PSME2;PSMB10;PSMB8
KEGG_2021_Human,Proteasome,3/46,0.0018613293194852,0.0101708352100445,0,0,13.446150372544592,84.52874507777427,PSME2;PSMB10;PSMB8
Reactome_2022,Metabolism Of Proteins R-HSA-392499,20/1890,0.0020335759766969,0.010200417099112,0,0,2.2415122497201843,13.892802077042267,PDIA3;UBE2F;SPON2;TRAPPC1;HLA-B;PRSS23;PSMB10;PSMB8;GZMH;TPST2;LGALS1;UBB;CAPZB;EIF3G;PSME2;IGFBP7;CALR;CALM1;CTSD;CTSC
Reactome_2022,FCGR Activation R-HSA-2029481,2/13,0.0020892234242243,0.0103903983267833,0,0,34.76048951048951,214.5056893965526,FGR;CD247
Reactome_2022,Cross-presentation Of Soluble Exogenous Antigens (Endosomes) R-HSA-1236978,3/48,0.0021045942384393,0.0103903983267833,0,0,12.847249190938513,79.1857238213709,PSME2;PSMB10;PSMB8
Reactome_2022,ABC-family Proteins Mediated Transport R-HSA-382556,4/102,0.0021272401450174,0.0104201528978588,0,0,7.921568627450981,48.74085603481362,UBB;PSME2;PSMB10;PSMB8
GO_Biological_Process_2023,Regulation Of Stress Fiber Assembly (GO:0051492),4/75,0.000678581198972672,0.0106384020226038,0,0,10.948909141121238,79.87783683916906,EVL;RAC1;RHOC;PFN1
KEGG_2021_Human,Salmonella infection,6/249,0.0021206920574449,0.0111884787858303,0,0,4.852098765432099,29.86958211354968,ARPC2;ARPC3;ARPC5L;ARPC5;RAC1;PFN1
Reactome_2022,Regulation Of Ornithine Decarboxylase (ODC) R-HSA-350562,3/50,0.0023667454978385,0.0115034839313546,0,0,12.299318322660609,74.36462396066707,PSME2;PSMB10;PSMB8
GO_Biological_Process_2023,Positive Regulation Of Neuron Death (GO:1901216),3/34,0.0007683292589631011,0.011669000620502,0,0,18.66238647040401,133.8334264181811,TYROBP;ITGB2;CCL3
GO_Biological_Process_2023,Modification-Dependent Macromolecule Catabolic Process (GO:0043632),2/8,0.0007630677920775641,0.011669000620502,0,0,63.74358974358975,457.5619208096728,UBB;ISG15
GO_Biological_Process_2023,Positive Regulation Of Endocytosis (GO:0045807),4/79,0.0008253658751911112,0.0123423943182424,0,0,10.362875816993464,73.57314140242529,FCER1G;IL2RB;CYBA;CALR
Reactome_2022,Apoptosis R-HSA-109581,5/178,0.0025926113920957,0.0125043641757232,0,0,5.643278200652436,33.60622761451889,UBB;PSME2;GZMB;PSMB10;PSMB8
Reactome_2022,Assembly Of Pre-Replicative Complex R-HSA-68867,4/110,0.0027982086577452,0.0133929528885974,0,0,7.320754716981132,43.03707589947249,UBB;PSME2;PSMB10;PSMB8
Reactome_2022,Interleukin-12 Family Signaling R-HSA-447115,3/54,0.0029496291091106,0.0140107382682755,0,0,11.332381496287836,66.02331407079404,RAP1B;HNRNPA2B1;PSME2
KEGG_2021_Human,Autoimmune thyroid disease,3/53,0.0027964412342004,0.0142618502944222,0,0,11.559611650485436,67.96366926109907,PRF1;HLA-B;GZMB
GO_Biological_Process_2023,Granulocyte Migration (GO:0097530),2/9,0.0009776954322858967,0.0143987872754832,0,0,54.63461538461539,378.634950030395,ITGB2;CCL3
Reactome_2022,Interleukin-1 Signaling R-HSA-9020702,4/114,0.0031825907702725,0.0150036422027132,0,0,7.0531194295900175,40.55585783546377,UBB;PSME2;PSMB10;PSMB8
GO_Biological_Process_2023,Integrin-Mediated Signaling Pathway (GO:0007229),4/85,0.0010855972471686,0.0157492615559388,0,0,9.592350520455096,65.47378737937122,FGR;ITGB2;PLEK;ISG15
KEGG_2021_Human,Neutrophil extracellular trap formation,5/189,0.0033539869573188,0.0165535485312831,0,0,5.302948773138184,30.2141101187636,FCGR3A;ITGB2;RAC2;CYBA;RAC1
Reactome_2022,Metabolism Of Polyamines R-HSA-351202,3/58,0.0036136136089328,0.0169084756179172,0,0,10.506090026478375,59.076238084955655,PSME2;PSMB10;PSMB8
GO_Biological_Process_2023,Regulation Of Respiratory Burst (GO:0060263),2/10,0.0012178956941286,0.0169097917851924,0,0,47.80288461538461,320.78750745619243,RAC2;RAC1
GO_Biological_Process_2023,Positive Regulation Of Integrin Activation (GO:0033625),2/10,0.0012178956941286,0.0169097917851924,0,0,47.80288461538461,320.78750745619243,RAP1B;PLEK
GO_Biological_Process_2023,Regulation Of Dendritic Cell Differentiation (GO:2001198),2/10,0.0012178956941286,0.0169097917851924,0,0,47.80288461538461,320.78750745619243,LGALS1;HLA-B
GO_Biological_Process_2023,Positive Regulation Of Plasma Membrane Bounded Cell Projection Assembly (GO:0120034),4/88,0.0012351802641447,0.0169097917851924,0,0,9.248366013071896,61.932037743184246,ARPC2;RAC2;RAC1;PFN1
Reactome_2022,Synthesis Of DNA R-HSA-69239,4/119,0.0037118396126554,0.0171126723318748,0,0,6.7447570332480815,37.74519595570265,UBB;PSME2;PSMB10;PSMB8
Reactome_2022,Transcriptional Regulation By RUNX2 R-HSA-8878166,4/119,0.0037118396126554,0.0171126723318748,0,0,6.7447570332480815,37.74519595570265,UBB;PSME2;PSMB10;PSMB8
KEGG_2021_Human,Neurotrophin signaling pathway,4/119,0.0037118396126554,0.017747233148009,0,0,6.7447570332480815,37.74519595570265,RAP1B;ARHGDIB;RAC1;CALM1
Reactome_2022,Asparagine N-linked Glycosylation R-HSA-446203,6/282,0.0039196199826439,0.0179386987526845,0,0,4.264782608695652,23.63440411363589,PDIA3;TRAPPC1;UBB;CAPZB;CALR;CTSC
GO_Biological_Process_2023,Lymphocyte Migration (GO:0072676),3/41,0.0013324078718317,0.0179875062697289,0,0,15.219213081246806,100.7628720082544,CCL4;CCL3;XCL2
GO_Biological_Process_2023,Apoptotic Process (GO:0006915),6/228,0.0013586414086709,0.0180904034140845,0,0,5.316756756756757,35.09734710293516,GZMM;GZMA;ITGB2;PRF1;GZMB;GZMH
GO_Biological_Process_2023,Positive Regulation Of Response To External Stimulus (GO:0032103),5/155,0.0014162525920447,0.0182813422290654,0,0,6.516171617161716,42.74439756890823,LGALS1;SH2D1B;CCL3;NKG7;CYBA
GO_Biological_Process_2023,Monocyte Chemotaxis (GO:0002548),3/42,0.0014294053594742,0.0182813422290654,0,0,14.82823002240478,97.13227262529654,CCL4;CCL3;XCL2
GO_Biological_Process_2023,Modulation By Host Of Symbiont Process (GO:0051851),3/42,0.0014294053594742,0.0182813422290654,0,0,14.82823002240478,97.13227262529654,CX3CR1;CCL4;CCL3
Reactome_2022,Metabolism Of Angiotensinogen To Angiotensins R-HSA-2022377,2/18,0.0040279205020307,0.0183007692374877,0,0,23.891826923076923,131.7515999978486,CTSD;GZMH
KEGG_2021_Human,Pathogenic Escherichia coli infection,5/197,0.0040005966323159,0.0185482207498285,0,0,5.079929867986799,28.047876575493564,ARPC2;ARPC3;ARPC5L;ARPC5;RAC1
GO_Biological_Process_2023,Neutrophil Activation Involved In Immune Response (GO:0002283),2/11,0.0014833966434543,0.0187254745121768,0,0,42.48931623931624,276.75079580563613,FCER1G;TYROBP
Reactome_2022,Regulation Of IGF Transport And Uptake By IGFBPs R-HSA-381426,4/123,0.0041760015874002,0.0188370719086326,0,0,6.516724336793541,35.70122943802391,LGALS1;IGFBP7;PRSS23;GZMH
GO_Biological_Process_2023,Positive Regulation Of Stress Fiber Assembly (GO:0051496),3/43,0.001530727139053,0.0190752151174304,0,0,14.456796116504854,93.7091317231499,EVL;RAC1;RHOC
GO_Biological_Process_2023,Regulation Of Viral Entry Into Host Cell (GO:0046596),3/44,0.0016364430405362,0.0196712775617302,0,0,14.103480937722,90.47707782812446,IFITM1;IFITM2;LGALS1
GO_Biological_Process_2023,Lymphocyte Chemotaxis (GO:0048247),3/44,0.0016364430405362,0.0196712775617302,0,0,14.103480937722,90.47707782812446,CCL4;CCL3;XCL2
GO_Biological_Process_2023,Positive Regulation Of Epithelial Cell Migration (GO:0010634),4/95,0.0016392731301441,0.0196712775617302,0,0,8.53393665158371,54.732422758766674,GLIPR2;RAC1;CALR;PFN1
Reactome_2022,RHO GTPases Activate ROCKs R-HSA-5627117,2/19,0.0044862880814315,0.0199496640216851,0,0,22.485294117647054,121.57190587906535,MYL6;RHOC
Reactome_2022,RHO GTPases Activate CIT R-HSA-5625900,2/19,0.0044862880814315,0.0199496640216851,0,0,22.485294117647054,121.57190587906535,MYL6;RHOC
Reactome_2022,Signaling By NOTCH R-HSA-157118,5/203,0.0045408628541701,0.0200501479546809,0,0,4.924492449244925,26.56585522513137,UBB;PSME2;GZMB;PSMB10;PSMB8
GO_Biological_Process_2023,Positive Regulation Of Supramolecular Fiber Organization (GO:1902905),4/96,0.001703653188163,0.0201945231572496,0,0,8.44075021312873,53.80961716461471,PLEK;EVL;RAC1;PFN1
Reactome_2022,DNA Replication Pre-Initiation R-HSA-69002,4/127,0.0046779123101291,0.0205108462828738,0,0,6.303523035230352,33.8177918873297,UBB;PSME2;PSMB10;PSMB8
Reactome_2022,Semaphorin Interactions R-HSA-373755,3/64,0.0047688027371038,0.0207641619178064,0,0,9.469839248766514,50.62254091736864,MYL6;TYROBP;RHOC
GO_Biological_Process_2023,Positive Regulation Of Myeloid Leukocyte Mediated Immunity (GO:0002888),2/12,0.0017739284603038,0.0207741983544018,0,0,38.238461538461536,242.22378008037745,TYROBP;ITGB2
KEGG_2021_Human,Osteoclast differentiation,4/127,0.0046779123101291,0.021050605395581,0,0,6.303523035230352,33.8177918873297,FCGR3A;TYROBP;CYBA;RAC1
GO_Biological_Process_2023,Positive Regulation Of Protein-Containing Complex Assembly (GO:0031334),4/98,0.0018376462094792,0.0212641918525451,0,0,8.260325406758447,52.034018044685865,RAP1B;PLEK;ISG15;RHOC
GO_Biological_Process_2023,Homotypic Cell-Cell Adhesion (GO:0034109),3/46,0.0018613293194852,0.0212848482181139,0,0,13.446150372544592,84.52874507777427,PLEK;CLIC1;CD99
Reactome_2022,G1/S Transition R-HSA-69206,4/129,0.0049434504632411,0.021296292244914,0,0,6.202039215686274,32.9309162536615,UBB;PSME2;PSMB10;PSMB8
Reactome_2022,Cellular Responses To Stress R-HSA-2262752,10/722,0.0049929106220133,0.021296292244914,0,0,2.806355337078652,14.872943105475768,PRDX5;UBB;CAPZB;GSTP1;PSME2;CYBA;IGFBP7;CALR;PSMB10;PSMB8
Reactome_2022,Sema4D Induced Cell Migration And Growth-Cone Collapse R-HSA-416572,2/20,0.0049676024043447,0.021296292244914,0,0,21.235042735042736,112.64803627089996,MYL6;RHOC
Reactome_2022,Programmed Cell Death R-HSA-5357801,5/208,0.0050292657841963,0.0213064165316967,0,0,4.801980198019802,25.41439027076686,UBB;PSME2;GZMB;PSMB10;PSMB8
GO_Biological_Process_2023,Regulation Of Cytokine Production (GO:0001817),5/167,0.0019653292729903,0.0222127913179845,0,0,6.029825204742696,37.57844639611265,SRGN;FGR;HLA-B;ISG15;LITAF
Reactome_2022,RHO GTPases Activate PAKs R-HSA-5627123,2/21,0.0054716120529323,0.0230248372965675,0,0,20.116396761133604,104.76985547464648,MYL6;CALM1
GO_Biological_Process_2023,Regulation Of Trophoblast Cell Migration (GO:1901163),2/13,0.0020892234242243,0.0230764223675686,0,0,34.76048951048951,214.5056893965526,ARHGDIB;CALR
GO_Biological_Process_2023,Negative Regulation Of Bone Mineralization (GO:0030502),2/13,0.0020892234242243,0.0230764223675686,0,0,34.76048951048951,214.5056893965526,SRGN;CCL3
KEGG_2021_Human,Long-term potentiation,3/67,0.005420729011275,0.0236963296778593,0,0,9.024575242718448,47.08594666034545,RAP1B;CALM1;PPP1CA
KEGG_2021_Human,Lipid and atherosclerosis,5/215,0.0057741609502623,0.0237012646866843,0,0,4.64026402640264,23.91760206705487,RAP1B;CCL3;CYBA;RAC1;CALM1
KEGG_2021_Human,cAMP signaling pathway,5/216,0.0058865886149934,0.0237012646866843,0,0,4.618037633147201,23.71398637000718,RAP1B;RAC2;RAC1;CALM1;PPP1CA
KEGG_2021_Human,Fc epsilon RI signaling pathway,3/68,0.005649328918916,0.0237012646866843,0,0,8.885287528005975,45.99218982503616,FCER1G;RAC2;RAC1
Reactome_2022,Cellular Responses To Stimuli R-HSA-8953897,10/736,0.0056982500431115,0.0238186851802064,0,0,2.7502295684113864,14.212075760304414,PRDX5;UBB;CAPZB;GSTP1;PSME2;CYBA;IGFBP7;CALR;PSMB10;PSMB8
Reactome_2022,Signaling By Hedgehog R-HSA-5358351,4/135,0.0058003911634917,0.0239513979216192,0,0,5.916180212543033,30.46732188085694,UBB;PSME2;PSMB10;PSMB8
Reactome_2022,Intracellular Signaling By Second Messengers R-HSA-9006925,6/306,0.0058063994961501,0.0239513979216192,0,0,3.9188,20.17709631092919,UBB;RAC2;PSME2;CALM1;PSMB10;PSMB8
GO_Biological_Process_2023,Regulation Of Epithelial Cell Migration (GO:0010632),3/50,0.0023667454978385,0.0258480519539216,0,0,12.299318322660609,74.36462396066707,GLIPR2;EVL;PFN1
GO_Biological_Process_2023,Regulation Of Integrin Activation (GO:0033623),2/14,0.002429015901202,0.0259450929227298,0,0,31.862179487179485,191.81889407044008,RAP1B;PLEK
GO_Biological_Process_2023,Negative Regulation Of Leukocyte Mediated Cytotoxicity (GO:0001911),2/14,0.002429015901202,0.0259450929227298,0,0,31.862179487179485,191.81889407044008,CX3CR1;KLRD1
GO_Biological_Process_2023,Positive Regulation Of Hydrolase Activity (GO:0051345),5/176,0.0024690299276977,0.0260858379317632,0,0,5.709860459730184,34.28160220912554,CCL4;XCL2;CCL3;CALM1;RHOC
Reactome_2022,PTEN Regulation R-HSA-6807070,4/139,0.006423571583394,0.0263240482535168,0,0,5.739724037763254,28.972869911890506,UBB;PSME2;PSMB10;PSMB8
Reactome_2022,Vesicle-mediated Transport R-HSA-5653656,9/637,0.0067565674597718,0.0275088818004995,0,0,2.846444283931972,14.224366059219122,TRAPPC1;UBB;ARPC2;CAPZB;ARPC3;ARPC5;CALR;CALM1;CTSC
Reactome_2022,Clathrin-mediated Endocytosis R-HSA-8856828,4/142,0.0069190892056697,0.0279888318190641,0,0,5.61409491332765,27.921539004474308,UBB;ARPC2;ARPC3;ARPC5
Reactome_2022,DARPP-32 Events R-HSA-180024,2/24,0.0071173283306092,0.0280664456810816,0,0,17.37062937062937,85.90163342914845,CALM1;PPP1CA
Reactome_2022,Sema4D In Semaphorin Signaling R-HSA-400685,2/24,0.0071173283306092,0.0280664456810816,0,0,17.37062937062937,85.90163342914845,MYL6;RHOC
Reactome_2022,RHO GTPases Activate NADPH Oxidases R-HSA-5668599,2/24,0.0071173283306092,0.0280664456810816,0,0,17.37062937062937,85.90163342914845,RAC2;CYBA
Reactome_2022,Glycogen Metabolism R-HSA-8982491,2/24,0.0071173283306092,0.0280664456810816,0,0,17.37062937062937,85.90163342914845,UBB;CALM1
GO_Biological_Process_2023,B Cell Mediated Immunity (GO:0019724),2/15,0.0027930423297384,0.0283139674962794,0,0,29.409763313609467,172.94775516727864,FCER1G;IL2RB
GO_Biological_Process_2023,Positive Regulation Of Syncytium Formation By Plasma Membrane Fusion (GO:0060143),2/15,0.0027930423297384,0.0283139674962794,0,0,29.409763313609467,172.94775516727864,CD53;TYROBP
GO_Biological_Process_2023,Actin Polymerization Or Depolymerization (GO:0008154),3/53,0.0027964412342004,0.0283139674962794,0,0,11.559611650485436,67.96366926109907,CFL1;EVL;RAC1
GO_Biological_Process_2023,Alpha-Beta T Cell Activation (GO:0046631),2/15,0.0027930423297384,0.0283139674962794,0,0,29.409763313609467,172.94775516727864,NKG7;CD247
GO_Biological_Process_2023,Peptidyl-Tyrosine Modification (GO:0018212),3/54,0.0029496291091106,0.0295571081861396,0,0,11.332381496287836,66.02331407079404,FGR;TPST2;ABI3
KEGG_2021_Human,Pertussis,3/76,0.0076866823838683,0.0301554462751757,0,0,7.908365474132198,38.50002681715753,ITGB2;CFL1;CALM1
KEGG_2021_Human,Leishmaniasis,3/77,0.0079679230079115,0.0304773055052617,0,0,7.801102072946733,37.69751066871334,FCGR3A;ITGB2;CYBA
Reactome_2022,Mitotic G1 Phase And G1/S Transition R-HSA-453279,4/147,0.0078000471709102,0.0305664348510044,0,0,5.416426710544358,26.289306789004637,UBB;PSME2;PSMB10;PSMB8
GO_Biological_Process_2023,Prostanoid Metabolic Process (GO:0006692),2/16,0.003181041206578,0.0306135846811277,0,0,27.307692307692307,157.03416022129693,GSTP1;AKR1C3
GO_Biological_Process_2023,Ruffle Organization (GO:0031529),2/16,0.003181041206578,0.0306135846811277,0,0,27.307692307692307,157.03416022129693,PLEK;RAC1
GO_Biological_Process_2023,Negative Regulation Of Natural Killer Cell Mediated Cytotoxicity (GO:0045953),2/16,0.003181041206578,0.0306135846811277,0,0,27.307692307692307,157.03416022129693,HLA-B;KLRD1
GO_Biological_Process_2023,Regulation Of Natural Killer Cell Activation (GO:0032814),2/16,0.003181041206578,0.0306135846811277,0,0,27.307692307692307,157.03416022129693,TYROBP;KLRD1
Reactome_2022,G2/M Checkpoints R-HSA-69481,4/148,0.007984668047085,0.0310955705933063,0,0,5.378540305010893,25.97959787234898,UBB;PSME2;PSMB10;PSMB8
GO_Biological_Process_2023,Regulation Of Reactive Oxygen Species Metabolic Process (GO:2000377),3/56,0.0032712695871352,0.0311732748891714,0,0,10.903645356292362,62.39695140210024,RAC2;AKR1C3;RAC1
Reactome_2022,Downregulation Of TGF-beta Receptor Signaling R-HSA-2173788,2/26,0.0083234281165636,0.0322147495622555,0,0,15.92147435897436,76.24286296118709,UBB;PPP1CA
GO_Biological_Process_2023,Chemokine-Mediated Signaling Pathway (GO:0070098),3/57,0.0034398279882109,0.0324612893644758,0,0,10.70118662351672,60.70070271602923,CCL4;XCL2;CCL3
GO_Biological_Process_2023,Regulation Of Neuron Death (GO:1901214),3/58,0.0036136136089328,0.0328264712886239,0,0,10.506090026478375,59.076238084955655,TYROBP;UBB;ITGB2
GO_Biological_Process_2023,Regulation Of Bone Mineralization (GO:0030500),3/58,0.0036136136089328,0.0328264712886239,0,0,10.506090026478375,59.076238084955655,SRGN;CCL3;ISG15
GO_Biological_Process_2023,T Cell Migration (GO:0072678),2/17,0.0035927530732714,0.0328264712886239,0,0,25.485897435897435,143.45594966129724,CCL3;CD99
GO_Biological_Process_2023,Myeloid Cell Activation Involved In Immune Response (GO:0002275),2/17,0.0035927530732714,0.0328264712886239,0,0,25.485897435897435,143.45594966129724,FCER1G;TYROBP
Reactome_2022,Neddylation R-HSA-8951664,5/237,0.0086190918622952,0.0331544208445345,0,0,4.195544554455446,19.94467713138129,UBE2F;UBB;PSME2;PSMB10;PSMB8
Reactome_2022,Interleukin-1 Family Signaling R-HSA-446652,4/152,0.0087518417728656,0.0334597853145534,0,0,5.232114467408585,24.79232790305644,UBB;PSME2;PSMB10;PSMB8
GO_Biological_Process_2023,Cellular Response To Chemokine (GO:1990869),3/59,0.0037926762397266,0.0341340861575398,0,0,10.317961165048544,57.51936659367604,CCL4;XCL2;CCL3
KEGG_2021_Human,B cell receptor signaling pathway,3/81,0.0091532305683502,0.0341571774867703,0,0,7.399551904406273,34.73089491561158,IFITM1;RAC2;RAC1
GO_Biological_Process_2023,Positive Regulation Of Interleukin-4 Production (GO:0032753),2/18,0.0040279205020307,0.0346472453803003,0,0,23.891826923076923,131.7515999978486,FCER1G;HAVCR2
GO_Biological_Process_2023,Positive Regulation Of Neutrophil Chemotaxis (GO:0090023),2/18,0.0040279205020307,0.0346472453803003,0,0,23.891826923076923,131.7515999978486,RAC2;RAC1
GO_Biological_Process_2023,Negative Regulation Of Viral Entry Into Host Cell (GO:0046597),2/18,0.0040279205020307,0.0346472453803003,0,0,23.891826923076923,131.7515999978486,IFITM1;IFITM2
GO_Biological_Process_2023,Neutrophil Activation (GO:0042119),2/18,0.0040279205020307,0.0346472453803003,0,0,23.891826923076923,131.7515999978486,FCER1G;TYROBP
GO_Biological_Process_2023,Peptide Antigen Assembly With MHC Protein Complex (GO:0002501),2/18,0.0040279205020307,0.0346472453803003,0,0,23.891826923076923,131.7515999978486,PDIA3;CALR
Reactome_2022,DNA Replication R-HSA-69306,4/155,0.0093578287743992,0.0355597493427172,0,0,5.127386053759252,23.95279921804882,UBB;PSME2;PSMB10;PSMB8
Reactome_2022,DAP12 Signaling R-HSA-2424491,2/28,0.0096144411799949,0.0363147868666072,0,0,14.695266272189349,68.25200286531897,TYROBP;KLRD1
GO_Biological_Process_2023,Cellular Response To Lectin (GO:1990858),2/19,0.0044862880814315,0.0375920001306164,0,0,22.485294117647054,121.57190587906535,TYROBP;KLRD1
GO_Biological_Process_2023,Stimulatory C-type Lectin Receptor Signaling Pathway (GO:0002223),2/19,0.0044862880814315,0.0375920001306164,0,0,22.485294117647054,121.57190587906535,TYROBP;KLRD1
GO_Biological_Process_2023,Response To Cytokine (GO:0034097),4/125,0.0044221523998291,0.0375920001306164,0,0,6.408361691784152,34.74055369965888,BST2;IFITM1;IFITM2;ISG15
Reactome_2022,S Phase R-HSA-69242,4/161,0.0106504470725579,0.0399870078712207,0,0,4.929936305732484,22.392526997550394,UBB;PSME2;PSMB10;PSMB8
GO_Biological_Process_2023,Negative Regulation Of Reproductive Process (GO:2000242),2/20,0.0049676024043447,0.0412693122822488,0,0,21.235042735042736,112.64803627089996,ARHGDIB;CALR
GO_Biological_Process_2023,Negative Regulation Of Biomineral Tissue Development (GO:0070168),2/21,0.0054716120529323,0.0443200576287517,0,0,20.116396761133604,104.76985547464648,SRGN;CCL3
GO_Biological_Process_2023,Positive Regulation Of Natural Killer Cell Mediated Cytotoxicity (GO:0045954),2/21,0.0054716120529323,0.0443200576287517,0,0,20.116396761133604,104.76985547464648,LAMP1;KLRD1
GO_Biological_Process_2023,Positive Regulation Of Granulocyte Chemotaxis (GO:0071624),2/21,0.0054716120529323,0.0443200576287517,0,0,20.116396761133604,104.76985547464648,RAC2;RAC1
Reactome_2022,Regulation Of Expression Of SLITs And ROBOs R-HSA-9010553,4/167,0.0120534234891367,0.0449850983790997,0,0,4.747022735474558,20.97427635887861,UBB;PSME2;PSMB10;PSMB8
Reactome_2022,Termination Of Translesion DNA Synthesis R-HSA-5656169,2/32,0.0124436553616253,0.0453614646031341,0,0,12.733333333333333,55.855331969041785,UBB;ISG15
Reactome_2022,Generation Of Second Messenger Molecules R-HSA-202433,2/32,0.0124436553616253,0.0453614646031341,0,0,12.733333333333333,55.855331969041785,EVL;CD247
Reactome_2022,Signaling By NOTCH2 R-HSA-1980145,2/32,0.0124436553616253,0.0453614646031341,0,0,12.733333333333333,55.855331969041785,UBB;GZMB
Reactome_2022,GPVI-mediated Activation Cascade R-HSA-114604,2/32,0.0124436553616253,0.0453614646031341,0,0,12.733333333333333,55.855331969041785,FCER1G;RAC2
GO_Biological_Process_2023,Natural Killer Cell Activation Involved In Immune Response (GO:0002323),2/22,0.005998067585202,0.0455478257251284,0,0,19.109615384615385,97.770867842282,FCGR3A;NKG7
GO_Biological_Process_2023,Positive Regulation Of Phosphatase Activity (GO:0010922),2/22,0.005998067585202,0.0455478257251284,0,0,19.109615384615385,97.770867842282,PLEK;CALM1
GO_Biological_Process_2023,Cellular Response To Interferon-Beta (GO:0035458),2/22,0.005998067585202,0.0455478257251284,0,0,19.109615384615385,97.770867842282,IFITM2;CALM1
GO_Biological_Process_2023,Cellular Response To Cytokine Stimulus (GO:0071345),6/308,0.0059890659982729,0.0455478257251284,0,0,3.892450331125828,19.92085939790445,IFITM2;CCL4;IL2RB;XCL2;CCL3;CALM1
GO_Biological_Process_2023,Fc Receptor Mediated Stimulatory Signaling Pathway (GO:0002431),2/22,0.005998067585202,0.0455478257251284,0,0,19.109615384615385,97.770867842282,FGR;FCER1G
GO_Biological_Process_2023,Regulation Of Endopeptidase Activity (GO:0052548),3/69,0.0058836390292924,0.0455478257251284,0,0,8.750220653133274,44.93745665899702,SERPINB1;PSME2;PSMB8
GO_Biological_Process_2023,Phagocytosis (GO:0006909),3/69,0.0058836390292924,0.0455478257251284,0,0,8.750220653133274,44.93745665899702,TYROBP;BIN2;ITGB2
GO_Biological_Process_2023,Cellular Response To Low-Density Lipoprotein Particle Stimulus (GO:0071404),2/22,0.005998067585202,0.0455478257251284,0,0,19.109615384615385,97.770867842282,FCER1G;ITGB2
GO_Biological_Process_2023,Negative Regulation Of Cellular Biosynthetic Process (GO:0031327),4/137,0.006106687116209,0.0457864075870941,0,0,5.826625386996904,29.706297083369822,PLEK;AKR1C3;GZMB;CALR
GO_Biological_Process_2023,Positive Regulation Of Protein Polymerization (GO:0032273),3/70,0.0061236964879858,0.0457864075870941,0,0,8.6191856252717,43.91983059406656,EVL;RAC1;PFN1
Reactome_2022,Separation Of Sister Chromatids R-HSA-2467813,4/170,0.0127973024560812,0.0463809747974737,0,0,4.660524450744153,20.31299311114177,UBB;PSME2;PSMB10;PSMB8
GO_Biological_Process_2023,Negative Regulation Of Actin Filament Polymerization (GO:0030837),2/23,0.0065467215206253,0.0478452129176527,0,0,18.19871794871795,91.51754695457254,PFN1;TMSB10
GO_Biological_Process_2023,Regulation Of Interleukin-4 Production (GO:0032673),2/23,0.0065467215206253,0.0478452129176527,0,0,18.19871794871795,91.51754695457254,FCER1G;HAVCR2
GO_Biological_Process_2023,Positive Regulation Of Neuron Apoptotic Process (GO:0043525),2/23,0.0065467215206253,0.0478452129176527,0,0,18.19871794871795,91.51754695457254,TYROBP;CCL3
Reactome_2022,PIP3 Activates AKT Signaling R-HSA-1257604,5/268,0.014095435607556,0.0507921731375726,0,0,3.695177502541128,15.74849270177682,UBB;RAC2;PSME2;PSMB10;PSMB8
Reactome_2022,Disorders Of Transmembrane Transporters R-HSA-5619115,4/176,0.0143717231742202,0.0511992638081597,0,0,4.496580027359781,19.076707812355192,UBB;PSME2;PSMB10;PSMB8
Reactome_2022,Membrane Trafficking R-HSA-199991,8/599,0.0143482179433003,0.0511992638081597,0,0,2.6662522877171173,11.315920067727715,TRAPPC1;UBB;ARPC2;CAPZB;ARPC3;ARPC5;CALM1;CTSC
GO_Biological_Process_2023,Regulation Of Ruffle Assembly (GO:1900027),2/24,0.0071173283306092,0.0512447639803864,0,0,17.37062937062937,85.90163342914845,EVL;PFN1
GO_Biological_Process_2023,Negative Regulation Of Ossification (GO:0030279),2/24,0.0071173283306092,0.0512447639803864,0,0,17.37062937062937,85.90163342914845,SRGN;CCL3
GO_Biological_Process_2023,Positive Regulation Of Cytokine Production (GO:0001819),6/320,0.0071744484244511,0.0512762049159301,0,0,3.74140127388535,18.47215634766433,FGR;TYROBP;FCER1G;CYBA;ISG15;HAVCR2
GO_Biological_Process_2023,Ras Protein Signal Transduction (GO:0007265),4/144,0.0072631155962643,0.0515310099238606,0,0,5.533333333333333,27.25137006180125,RAP1B;ARHGDIB;CFL1;RAC1
Reactome_2022,Negative Regulators Of DDX58/IFIH1 Signaling R-HSA-936440,2/35,0.0147745826784059,0.0523370810133361,0,0,11.574009324009324,48.782678028261664,UBB;ISG15
GO_Biological_Process_2023,Regulation Of Cell Size (GO:0008361),2/25,0.0077096444199907,0.0535269598302212,0,0,16.61454849498328,80.8344838642323,PLEK;RAC1
GO_Biological_Process_2023,Regulation Of Neutrophil Chemotaxis (GO:0090022),2/25,0.0077096444199907,0.0535269598302212,0,0,16.61454849498328,80.8344838642323,RAC2;RAC1
GO_Biological_Process_2023,Regulation Of Postsynapse Organization (GO:0099175),2/25,0.0077096444199907,0.0535269598302212,0,0,16.61454849498328,80.8344838642323,ABI3;CFL1
GO_Biological_Process_2023,Regulation Of I-kappaB kinase/NF-kappaB Signaling (GO:0043122),5/232,0.0079017498327715,0.0544716371450633,0,0,4.289047847516029,20.76186973131019,BST2;LGALS1;GSTP1;RHOC;LITAF
Reactome_2022,ROS And RNS Production In Phagocytes R-HSA-1222556,2/36,0.0155901641236042,0.0549159151994374,0,0,11.233031674208144,46.74193736421133,RAC2;CYBA
GO_Biological_Process_2023,Plasma Membrane Invagination (GO:0099024),2/26,0.0083234281165636,0.0560340342536367,0,0,15.92147435897436,76.24286296118709,BIN2;ITGB2
GO_Biological_Process_2023,Antigen Processing And Presentation Of Exogenous Peptide Antigen Via MHC Class II (GO:0019886),2/26,0.0083234281165636,0.0560340342536367,0,0,15.92147435897436,76.24286296118709,FCER1G;CTSD
GO_Biological_Process_2023,Regulation Of Cell Migration (GO:0030334),7/434,0.0083589865913346,0.0560340342536367,0,0,3.22354694485842,15.42279628588797,BST2;FGR;IFITM1;CCL3;RAC1;RHOC;TMSB10
GO_Biological_Process_2023,Proteolysis (GO:0006508),6/330,0.0082852391983543,0.0560340342536367,0,0,3.624074074074074,17.371200898086602,SRGN;GZMA;GZMB;CTSW;CTSD;CTSC
Reactome_2022,G2/M Transition R-HSA-69275,4/182,0.0160640252033344,0.0562689597904506,0,0,4.343688037012558,17.94452659359547,UBB;PSME2;PSMB10;PSMB8
GO_Biological_Process_2023,Positive Regulation Of Cytoskeleton Organization (GO:0051495),3/79,0.0085484532936705,0.0569116205578612,0,0,7.5950434338272865,36.16763415182645,PLEK;EVL;PFN1
Reactome_2022,Mitotic G2-G2/M Phases R-HSA-453274,4/184,0.016654775208665,0.0580141336435166,0,0,4.294989106753813,17.58823080872872,UBB;PSME2;PSMB10;PSMB8
GO_Biological_Process_2023,Regulation Of Peptidase Activity (GO:0052547),2/27,0.0089584396588002,0.0588351577591478,0,0,15.283846153846154,72.06576799296013,CST7;PSMB8
GO_Biological_Process_2023,Cortical Cytoskeleton Organization (GO:0030865),2/27,0.0089584396588002,0.0588351577591478,0,0,15.283846153846154,72.06576799296013,PLEK;RAC1
GO_Biological_Process_2023,Cellular Response To Interleukin-1 (GO:0071347),3/81,0.0091532305683502,0.0597110074660162,0,0,7.399551904406273,34.73089491561158,CCL4;XCL2;CCL3
Reactome_2022,Signaling By RAF1 Mutants R-HSA-9656223,2/38,0.0172779045718736,0.0598521887655511,0,0,10.607905982905985,43.05034899550448,RAP1B;CALM1
GO_Biological_Process_2023,Regulation Of Platelet Activation (GO:0010543),2/28,0.0096144411799949,0.061079979261144,0,0,14.695266272189349,68.25200286531897,FCER1G;PLEK
GO_Biological_Process_2023,Apoptotic Cell Clearance (GO:0043277),2/28,0.0096144411799949,0.061079979261144,0,0,14.695266272189349,68.25200286531897,TYROBP;RAC1
GO_Biological_Process_2023,Antigen Processing And Presentation Of Peptide Antigen Via MHC Class II (GO:0002495),2/28,0.0096144411799949,0.061079979261144,0,0,14.695266272189349,68.25200286531897,FCER1G;CTSD
GO_Biological_Process_2023,Pyroptosis (GO:0070269),2/28,0.0096144411799949,0.061079979261144,0,0,14.695266272189349,68.25200286531897,GZMA;GZMB
GO_Biological_Process_2023,Regulation Of ERK1 And ERK2 Cascade (GO:0070372),5/244,0.0096975198301372,0.0612077225642431,0,0,4.071212560586603,18.873673704662327,GLIPR2;GSTP1;CCL4;XCL2;CCL3
Reactome_2022,MHC Class II Antigen Presentation R-HSA-2132295,3/104,0.0179051223519458,0.0616841303003848,0,0,5.707872729020475,22.960879498894176,CAPZB;CTSD;CTSC
KEGG_2021_Human,Chagas disease,3/102,0.0170103079152494,0.0619661216912657,0,0,5.823771697558105,23.72567183921618,CCL3;CALR;CD247
Reactome_2022,Translesion Synthesis By Y Family DNA Polymerases Bypasses Lesions On DNA Template R-HSA-110313,2/39,0.0181496261158733,0.0621847845609432,0,0,10.32068607068607,41.37671741304582,UBB;ISG15
KEGG_2021_Human,Toll-like receptor signaling pathway,3/104,0.0179051223519458,0.0637089237173887,0,0,5.707872729020475,22.960879498894176,CCL4;CCL3;RAC1
GO_Biological_Process_2023,Negative Regulation Of Plasma Membrane Bounded Cell Projection Assembly (GO:0120033),2/29,0.010291196696542,0.0637136508855981,0,0,14.1502849002849,64.75830394643451,CAPZB;EVL
GO_Biological_Process_2023,Glycolytic Process (GO:0006096),2/29,0.010291196696542,0.0637136508855981,0,0,14.1502849002849,64.75830394643451,TPI1;UCP2
GO_Biological_Process_2023,Positive Regulation Of Calcium Ion Transport (GO:0051928),2/29,0.010291196696542,0.0637136508855981,0,0,14.1502849002849,64.75830394643451,CCL4;CCL3
Reactome_2022,Post-translational Protein Phosphorylation R-HSA-8957275,3/106,0.0188257654376066,0.0641508420074964,0,0,5.596474691299839,22.23215714388836,LGALS1;IGFBP7;PRSS23
GO_Biological_Process_2023,Response To Interleukin-1 (GO:0070555),3/85,0.0104363300041797,0.0642032453421689,0,0,7.037177362064883,32.10685634595493,CCL4;XCL2;CCL3
GO_Biological_Process_2023,Immunoglobulin Mediated Immune Response (GO:0016064),2/30,0.0109884720954769,0.0659308325728619,0,0,13.64423076923077,61.54787719458521,FCER1G;IL2RB
GO_Biological_Process_2023,Innate Immune Response Activating Cell Surface Receptor Signaling Pathway (GO:0002220),2/30,0.0109884720954769,0.0659308325728619,0,0,13.64423076923077,61.54787719458521,TYROBP;KLRD1
GO_Biological_Process_2023,Prostaglandin Metabolic Process (GO:0006693),2/30,0.0109884720954769,0.0659308325728619,0,0,13.64423076923077,61.54787719458521,GSTP1;AKR1C3
GO_Biological_Process_2023,Regulation Of Dendritic Spine Morphogenesis (GO:0061001),2/30,0.0109884720954769,0.0659308325728619,0,0,13.64423076923077,61.54787719458521,ABI3;CFL1
Reactome_2022,Paradoxical Activation Of RAF Signaling By Kinase Inactive BRAF R-HSA-6802955,2/41,0.0199476913066641,0.0676064997258293,0,0,9.79043392504931,38.32604253243312,RAP1B;CALM1
KEGG_2021_Human,Kaposi sarcoma-associated herpesvirus infection,4/193,0.0194811445547718,0.0677412526563659,0,0,4.088598402323893,16.102160725242836,UBB;HLA-B;RAC1;CALM1
Reactome_2022,Peptide Ligand-Binding Receptors R-HSA-375276,4/196,0.0204852057453623,0.069054967754528,0,0,4.024101307189542,15.645916440739764,CX3CR1;CCL4;XCL2;CCL3
GO_Biological_Process_2023,Regulation Of Cell Morphogenesis (GO:0022604),2/31,0.0117060351203224,0.0693796715667893,0,0,13.173076923076923,58.589245429320336,CAPZB;CFL1
GO_Biological_Process_2023,Antigen Processing And Presentation Of Exogenous Peptide Antigen (GO:0002478),2/31,0.0117060351203224,0.0693796715667893,0,0,13.173076923076923,58.589245429320336,FCER1G;CTSD
KEGG_2021_Human,Cytokine-cytokine receptor interaction,5/295,0.0204585166188429,0.0695589565040658,0,0,3.3465346534653464,13.015864709328008,CX3CR1;CCL4;IL2RB;XCL2;CCL3
GO_Biological_Process_2023,Cytokine-Mediated Signaling Pathway (GO:0019221),5/257,0.0119405772682131,0.0703408551800193,0,0,3.8586358635863593,17.085317362885238,FCER1G;CCL4;IL2RB;XCL2;CCL3
Reactome_2022,TCF Dependent Signaling In Response To WNT R-HSA-201681,4/198,0.0211720031420857,0.0709884811234639,0,0,3.982211441277542,15.351726068041735,UBB;PSME2;PSMB10;PSMB8
Reactome_2022,Smooth Muscle Contraction R-HSA-445355,2/43,0.0218171654119451,0.0727625676238809,0,0,9.311913696060037,35.61861197871145,MYL6;CALM1
GO_Biological_Process_2023,Regulation Of Natural Killer Cell Mediated Cytotoxicity (GO:0042269),2/32,0.0124436553616253,0.0728628494668662,0,0,12.733333333333333,55.855331969041785,LAMP1;KLRD1
GO_Biological_Process_2023,Regulation Of Actin Cytoskeleton Organization (GO:0032956),3/91,0.0125474749817915,0.0729214642019505,0,0,6.555383936451897,28.7010168320589,BST2;ARHGDIB;RAC1
GO_Biological_Process_2023,Regulation Of Apoptotic Process (GO:0042981),9/705,0.0126037098620655,0.0729214642019505,0,0,2.559278350515464,11.193679707062952,PRDX5;LGALS1;UBB;GSTP1;GZMA;CFL1;IL2RB;CALR;CTSD
Reactome_2022,Ub-specific Processing Proteases R-HSA-5689880,4/201,0.0222285051916424,0.0737421838897346,0,0,3.920971434258983,14.924706448480103,UBB;PSME2;PSMB10;PSMB8
KEGG_2021_Human,Focal adhesion,4/201,0.0222285051916424,0.0739339411808978,0,0,3.920971434258983,14.924706448480103,RAP1B;RAC2;RAC1;PPP1CA
Reactome_2022,Interleukin-2 Family Signaling R-HSA-451927,2/44,0.0227781545108764,0.0747743606194739,0,0,9.08974358974359,34.37698610911173,IL2RB;HAVCR2
Reactome_2022,TGF-beta Receptor Signaling Activates SMADs R-HSA-2173789,2/44,0.0227781545108764,0.0747743606194739,0,0,9.08974358974359,34.37698610911173,UBB;PPP1CA
GO_Biological_Process_2023,Positive Regulation Of Establishment Of Protein Localization To Mitochondrion (GO:1903749),2/33,0.0132011042414362,0.0756086788677473,0,0,12.321960297766749,53.32272621422458,RAC2;GZMB
GO_Biological_Process_2023,Positive Regulation Of Protein Kinase B Signaling (GO:0051897),3/93,0.0133015268378444,0.0756086788677473,0,0,6.409061488673139,27.686353794760805,CX3CR1;CCL3;AKR1C3
GO_Biological_Process_2023,Positive Regulation Of Cellular Component Biogenesis (GO:0044089),3/93,0.0133015268378444,0.0756086788677473,0,0,6.409061488673139,27.686353794760805,PLEK;RHOC;PFN1
Reactome_2022,Transcriptional Regulation By RUNX1 R-HSA-8878171,4/204,0.023316767274042,0.0761438181292934,0,0,3.86156862745098,14.514024465411966,UBB;PSME2;PSMB10;PSMB8
Reactome_2022,Interleukin-10 Signaling R-HSA-6783783,2/45,0.0237563676643929,0.0769410967567543,0,0,8.877906976744185,33.2025257821457,CCL4;CCL3
Reactome_2022,Antigen Processing: Ubiquitination And Proteasome Degradation R-HSA-983168,5/307,0.0238063361575922,0.0769410967567543,0,0,3.2115926824470526,12.004302396732694,UBE2F;UBB;PSME2;PSMB10;PSMB8
GO_Biological_Process_2023,Positive Regulation Of I-kappaB kinase/NF-kappaB Signaling (GO:0043123),4/175,0.0141012068579423,0.0796882154995344,0,0,4.523105148492145,19.275189488535208,BST2;LGALS1;RHOC;LITAF
Reactome_2022,G Alpha (I) Signaling Events R-HSA-418594,5/312,0.0252998760558175,0.080973920560469,0,0,3.1584803431483213,11.613592560831254,CX3CR1;CCL4;CALM1;S1PR5;PPP1CA
Reactome_2022,Signaling By TGFB Family Members R-HSA-9006936,3/119,0.0254415667470692,0.080973920560469,0,0,4.966019417475728,18.232099458421843,DRAP1;UBB;PPP1CA
Reactome_2022,RHO GTPases Activate Formins R-HSA-5663220,3/119,0.0254415667470692,0.080973920560469,0,0,4.966019417475728,18.232099458421843,EVL;PFN1;RHOC
GO_Biological_Process_2023,Macrophage Activation (GO:0042116),2/35,0.0147745826784059,0.0820429768513362,0,0,11.574009324009324,48.782678028261664,FCGR3A;ITGB2
GO_Biological_Process_2023,Negative Regulation Of Cytokine Production (GO:0001818),4/178,0.0149225933322656,0.0820429768513362,0,0,4.444444444444445,18.688350593223305,SRGN;TYROBP;RAC1;HAVCR2
GO_Biological_Process_2023,Positive Regulation Of Substrate Adhesion-Dependent Cell Spreading (GO:1900026),2/35,0.0147745826784059,0.0820429768513362,0,0,11.574009324009324,48.782678028261664,RAC1;CALR
GO_Biological_Process_2023,Positive Regulation Of Cell Migration (GO:0030335),5/272,0.0149399247970025,0.0820429768513362,0,0,3.639077390885156,15.297655615301297,FGR;GLIPR2;CCL3;PFN1;RHOC
GO_Biological_Process_2023,Platelet Aggregation (GO:0070527),2/35,0.0147745826784059,0.0820429768513362,0,0,11.574009324009324,48.782678028261664,PLEK;CLIC1
Reactome_2022,Fatty Acid Cycling Model R-HSA-167826,1/5,0.026223005581082,0.0826222336650172,0,0,47.35714285714285,172.43295370979877,UCP2
Reactome_2022,Signaling By Membrane-Tethered Fusions Of PDGFRA Or PDGFRB R-HSA-9673768,1/5,0.026223005581082,0.0826222336650172,0,0,47.35714285714285,172.43295370979877,BIN2
GO_Biological_Process_2023,Positive Regulation Of ERK1 And ERK2 Cascade (GO:0070374),4/179,0.0152029718482481,0.0830184754859394,0,0,4.418823529411765,18.498363427389133,GLIPR2;CCL4;XCL2;CCL3
GO_Biological_Process_2023,Negative Regulation Of Macromolecule Biosynthetic Process (GO:0010558),3/98,0.0152979333906272,0.083070342210557,0,0,6.070209504343382,25.37370355656283,GSTP1;GZMB;CALR
Reactome_2022,DNA Damage Bypass R-HSA-73893,2/48,0.0267923008939638,0.0839938633025765,0,0,8.297658862876254,30.034543841109883,UBB;ISG15
GO_Biological_Process_2023,Regulation Of T Cell Mediated Cytotoxicity (GO:0001914),2/36,0.0155901641236042,0.0841868862674629,0,0,11.233031674208144,46.74193736421133,HLA-B;KLRD1
GO_Biological_Process_2023,Type I Interferon-Mediated Signaling Pathway (GO:0060337),2/37,0.0164246779573589,0.0882032429533308,0,0,10.91153846153846,44.835187702130426,IFITM1;IFITM2
GO_Biological_Process_2023,Cellular Response To Type I Interferon (GO:0071357),2/38,0.0172779045718736,0.0917711652670008,0,0,10.607905982905985,43.05034899550448,IFITM1;IFITM2
GO_Biological_Process_2023,Negative Regulation Of Type I Interferon Production (GO:0032480),2/38,0.0172779045718736,0.0917711652670008,0,0,10.607905982905985,43.05034899550448,TYROBP;HAVCR2
KEGG_2021_Human,Platelet activation,3/124,0.0282777011866626,0.0920529421608381,0,0,4.759608440985317,16.97124885454018,RAP1B;FCER1G;PPP1CA
Reactome_2022,Signaling By GPCR R-HSA-372790,8/689,0.030077107895732,0.0930853593510813,0,0,2.3030956876142525,8.07002640402192,CX3CR1;CCL4;XCL2;CCL3;CALM1;RHOC;S1PR5;PPP1CA
Reactome_2022,Class A/1 (Rhodopsin-like Receptors) R-HSA-373076,5/327,0.0301376841280215,0.0930853593510813,0,0,3.0090400344382267,10.537594787777394,CX3CR1;CCL4;XCL2;CCL3;S1PR5
Reactome_2022,RHO GTPase Cycle R-HSA-9012999,6/441,0.029983807793124,0.0930853593510813,0,0,2.684,9.413050450273522,CAPZB;ARHGDIB;EFHD2;RAC2;CYBA;RHOC
KEGG_2021_Human,Human T-cell leukemia virus 1 infection,4/219,0.0292410638878475,0.0932058911425142,0,0,3.589420884632923,12.678485183273049,ITGB2;IL2RB;HLA-B;CALR
GO_Biological_Process_2023,Positive Regulation Of Inflammatory Response (GO:0050729),3/104,0.0179051223519458,0.0945857550331052,0,0,5.707872729020475,22.960879498894176,LGALS1;CCL3;NKG7
Reactome_2022,APOBEC3G Mediated Resistance To HIV-1 R-HSA-180689,1/6,0.031385296805751,0.094608562967336,0,0,37.883809523809525,131.13161496811227,APOBEC3G
Reactome_2022,Virus Assembly And Release R-HSA-168268,1/6,0.031385296805751,0.094608562967336,0,0,37.883809523809525,131.13161496811227,CALR
Reactome_2022,Mitochondrial Uncoupling R-HSA-166187,1/6,0.031385296805751,0.094608562967336,0,0,37.883809523809525,131.13161496811227,UCP2
Reactome_2022,Scavenging By Class F Receptors R-HSA-3000484,1/6,0.031385296805751,0.094608562967336,0,0,37.883809523809525,131.13161496811227,CALR
Reactome_2022,RHOD GTPase Cycle R-HSA-9013405,2/52,0.0310690468506043,0.094608562967336,0,0,7.632307692307692,26.495886125455133,CAPZB;EFHD2
GO_Biological_Process_2023,Regulation Of Nitric Oxide Biosynthetic Process (GO:0045428),2/39,0.0181496261158733,0.0953591166736699,0,0,10.32068607068607,41.37671741304582,CX3CR1;RAC1
GO_Biological_Process_2023,Positive Regulation Of Monoatomic Ion Transport (GO:0043270),2/40,0.0190396264848466,0.0994974029208114,0,0,10.048582995951415,39.80477723238849,CCL4;CCL3
Reactome_2022,ER To Golgi Anterograde Transport R-HSA-199977,3/133,0.0337887603608929,0.1013662810826788,0,0,4.428080657206871,15.000685882553965,TRAPPC1;CAPZB;CTSC
GO_Biological_Process_2023,Response To Tumor Necrosis Factor (GO:0034612),3/108,0.019772281221258,0.1020481892109345,0,0,5.4893203883495145,21.537207250948992,CCL4;XCL2;CCL3
GO_Biological_Process_2023,Carbohydrate Catabolic Process (GO:0016052),2/41,0.0199476913066641,0.1020481892109345,0,0,9.79043392504931,38.32604253243312,TPI1;UCP2
GO_Biological_Process_2023,Positive Regulation Of Actin Filament Polymerization (GO:0030838),2/41,0.0199476913066641,0.1020481892109345,0,0,9.79043392504931,38.32604253243312,EVL;PFN1
GO_Biological_Process_2023,Positive Regulation Of Response To Biotic Stimulus (GO:0002833),2/41,0.0199476913066641,0.1020481892109345,0,0,9.79043392504931,38.32604253243312,SH2D1B;CYBA
Reactome_2022,Cell Surface Interactions At Vascular Wall R-HSA-202733,3/134,0.0344331338018448,0.1028074994940797,0,0,4.394056177277107,14.802415170043076,FCER1G;ITGB2;CD99
GO_Biological_Process_2023,Cell-Matrix Adhesion (GO:0007160),3/109,0.0202552521990409,0.1030790844893602,0,0,5.437259571350064,21.2017299963526,CD63;ITGB2;RAC1
Reactome_2022,Mitotic Anaphase R-HSA-68882,4/232,0.035036778089763,0.1041140277833242,0,0,3.382524939800481,11.336048521815709,UBB;PSME2;PSMB10;PSMB8
Reactome_2022,Mitotic Metaphase And Anaphase R-HSA-2555396,4/233,0.035508307397439,0.1047819743152271,0,0,3.367582840996661,11.240953128362811,UBB;PSME2;PSMB10;PSMB8
Reactome_2022,E3 Ubiquitin Ligases Ubiquitinate Target Proteins R-HSA-8866654,2/56,0.035595790317613,0.1047819743152271,0,0,7.065527065527066,23.567262638464783,UBB;HLA-B
KEGG_2021_Human,Vascular smooth muscle contraction,3/133,0.0337887603608929,0.1055036803105433,0,0,4.428080657206871,15.000685882553965,MYL6;CALM1;PPP1CA
Reactome_2022,Activation Of RAC1 Downstream Of NMDARs R-HSA-9619229,1/7,0.0365204795889454,0.1055223073837272,0,0,31.56825396825397,104.48719845726777,CALM1
Reactome_2022,Defective Factor VIII Causes Hemophilia A R-HSA-9662001,1/7,0.0365204795889454,0.1055223073837272,0,0,31.56825396825397,104.48719845726777,TPST2
Reactome_2022,FLT3 Signaling By CBL Mutants R-HSA-9706377,1/7,0.0365204795889454,0.1055223073837272,0,0,31.56825396825397,104.48719845726777,UBB
Reactome_2022,Modulation By Mtb Of Host Immune System R-HSA-9637628,1/7,0.0365204795889454,0.1055223073837272,0,0,31.56825396825397,104.48719845726777,UBB
Reactome_2022,Regulated Necrosis R-HSA-5218859,2/57,0.0367651002362134,0.1057418249913112,0,0,6.936713286713287,22.91339466186469,UBB;GZMB
KEGG_2021_Human,Ras signaling pathway,4/232,0.035036778089763,0.1072125409546748,0,0,3.382524939800481,11.336048521815709,RAP1B;RAC2;RAC1;CALM1
GO_Biological_Process_2023,Negative Regulation Of Inflammatory Response (GO:0050728),3/111,0.0212406362468522,0.1075307209996894,0,0,5.336030204962244,20.553529931301515,FGR;GSTP1;AOAH
GO_Biological_Process_2023,Regulation Of Cellular Component Size (GO:0032535),2/43,0.0218171654119451,0.1098771232145632,0,0,9.311913696060037,35.61861197871145,RAC1;PPP1CA
GO_Biological_Process_2023,Regulation Of Cell-Substrate Adhesion (GO:0010810),2/44,0.0227781545108764,0.113540339408061,0,0,9.08974358974359,34.37698610911173,RAC2;RAC1
GO_Biological_Process_2023,Regulation Of Interleukin-6 Production (GO:0032675),3/114,0.0227673461036301,0.113540339408061,0,0,5.191025977433744,19.634681787859435,TYROBP;HLA-B;CYBA
GO_Biological_Process_2023,Protein Stabilization (GO:0050821),4/208,0.0248175368201757,0.1142993785865997,0,0,3.7850826605151866,13.99044049328344,TYROBP;LAMP1;CALR;PFN1
GO_Biological_Process_2023,"Establishment Of Mitochondrion Localization, Microtubule-Mediated (GO:0034643)",1/5,0.026223005581082,0.1142993785865997,0,0,47.35714285714285,172.43295370979877,UBB
GO_Biological_Process_2023,Ruffle Assembly (GO:0097178),1/5,0.026223005581082,0.1142993785865997,0,0,47.35714285714285,172.43295370979877,RAC1
GO_Biological_Process_2023,Positive Regulation Of Intrinsic Apoptotic Signaling Pathway By P53 Class Mediator (GO:1902255),1/5,0.026223005581082,0.1142993785865997,0,0,47.35714285714285,172.43295370979877,UBB
GO_Biological_Process_2023,"CD4-positive, Alpha-Beta T Cell Activation (GO:0035710)",1/5,0.026223005581082,0.1142993785865997,0,0,47.35714285714285,172.43295370979877,NKG7
GO_Biological_Process_2023,Negative Regulation Of Tumor Necrosis Factor Production (GO:0032720),2/47,0.0257636442505763,0.1142993785865997,0,0,8.482478632478632,31.035615786010755,GSTP1;HAVCR2
GO_Biological_Process_2023,Negative Regulation Of Fibroblast Migration (GO:0010764),1/5,0.026223005581082,0.1142993785865997,0,0,47.35714285714285,172.43295370979877,RAC1
GO_Biological_Process_2023,Negative Regulation Of Myeloid Leukocyte Mediated Immunity (GO:0002887),1/5,0.026223005581082,0.1142993785865997,0,0,47.35714285714285,172.43295370979877,CX3CR1
GO_Biological_Process_2023,ISG15-protein Conjugation (GO:0032020),1/5,0.026223005581082,0.1142993785865997,0,0,47.35714285714285,172.43295370979877,ISG15
GO_Biological_Process_2023,Protein Sulfation (GO:0006477),1/5,0.026223005581082,0.1142993785865997,0,0,47.35714285714285,172.43295370979877,TPST2
GO_Biological_Process_2023,Protein Import (GO:0017038),1/5,0.026223005581082,0.1142993785865997,0,0,47.35714285714285,172.43295370979877,PRF1
GO_Biological_Process_2023,Protection From Natural Killer Cell Mediated Cytotoxicity (GO:0042270),1/5,0.026223005581082,0.1142993785865997,0,0,47.35714285714285,172.43295370979877,HLA-B
GO_Biological_Process_2023,Regulation Of Natural Killer Cell Mediated Immunity (GO:0002715),1/5,0.026223005581082,0.1142993785865997,0,0,47.35714285714285,172.43295370979877,SH2D1B
GO_Biological_Process_2023,Positive Regulation Of Killing Of Cells Of Another Organism (GO:0051712),1/5,0.026223005581082,0.1142993785865997,0,0,47.35714285714285,172.43295370979877,PRF1
GO_Biological_Process_2023,Type B Pancreatic Cell Proliferation (GO:0044342),1/5,0.026223005581082,0.1142993785865997,0,0,47.35714285714285,172.43295370979877,SERPINB1
GO_Biological_Process_2023,Zymogen Inhibition (GO:0097341),1/5,0.026223005581082,0.1142993785865997,0,0,47.35714285714285,172.43295370979877,CST7
GO_Biological_Process_2023,Hydrogen Peroxide Biosynthetic Process (GO:0050665),1/5,0.026223005581082,0.1142993785865997,0,0,47.35714285714285,172.43295370979877,CYBA
GO_Biological_Process_2023,Lipoprotein Metabolic Process (GO:0042157),1/5,0.026223005581082,0.1142993785865997,0,0,47.35714285714285,172.43295370979877,CTSD
GO_Biological_Process_2023,Autocrine Signaling (GO:0035425),1/5,0.026223005581082,0.1142993785865997,0,0,47.35714285714285,172.43295370979877,CX3CR1
GO_Biological_Process_2023,Regulation Of Neutrophil Extravasation (GO:2000389),1/5,0.026223005581082,0.1142993785865997,0,0,47.35714285714285,172.43295370979877,CD99
GO_Biological_Process_2023,Cell Junction Disassembly (GO:0150146),1/5,0.026223005581082,0.1142993785865997,0,0,47.35714285714285,172.43295370979877,CX3CR1
GO_Biological_Process_2023,Regulation Of Interleukin-10 Production (GO:0032653),2/46,0.0247515989866461,0.1142993785865997,0,0,8.6756993006993,32.090242112187305,TYROBP;ISG15
GO_Biological_Process_2023,Cellular Response To Tumor Necrosis Factor (GO:0071356),3/119,0.0254415667470692,0.1142993785865997,0,0,4.966019417475728,18.232099458421843,CCL4;XCL2;CCL3
GO_Biological_Process_2023,Defense Response To Bacterium (GO:0042742),4/204,0.023316767274042,0.1142993785865997,0,0,3.86156862745098,14.514024465411966,FGR;FCER1G;GNLY;ISG15
GO_Biological_Process_2023,Regulation Of T Cell Activation Via T Cell Receptor Contact With Antigen Bound To MHC Molecule On Antigen Presenting Cell (GO:2001188),1/5,0.026223005581082,0.1142993785865997,0,0,47.35714285714285,172.43295370979877,HAVCR2
GO_Biological_Process_2023,Positive Regulation Of I-kappaB Phosphorylation (GO:1903721),1/5,0.026223005581082,0.1142993785865997,0,0,47.35714285714285,172.43295370979877,CX3CR1
GO_Biological_Process_2023,Natural Killer Cell Activation (GO:0030101),2/45,0.0237563676643929,0.1142993785865997,0,0,8.877906976744185,33.2025257821457,FCGR3A;IL2RB
GO_Biological_Process_2023,Protein Maturation (GO:0051604),3/117,0.0243524288001487,0.1142993785865997,0,0,5.053653551354113,18.774948024845852,SRGN;GZMA;GZMB
Reactome_2022,Cross-presentation Of Particulate Exogenous Antigens (Phagosomes) R-HSA-1236973,1/8,0.0416286945782245,0.1165231763417266,0,0,27.057142857142857,86.01372572734715,CYBA
Reactome_2022,Nef And Signal Transduction R-HSA-164944,1/8,0.0416286945782245,0.1165231763417266,0,0,27.057142857142857,86.01372572734715,CD247
Reactome_2022,Myoclonic Epilepsy Of Lafora R-HSA-3785653,1/8,0.0416286945782245,0.1165231763417266,0,0,27.057142857142857,86.01372572734715,UBB
Reactome_2022,Role Of ABL In ROBO-SLIT Signaling R-HSA-428890,1/8,0.0416286945782245,0.1165231763417266,0,0,27.057142857142857,86.01372572734715,CAP1
Reactome_2022,CREB1 Phosphorylation Thru Activation Of CaMKII/CaMKK/CaMKIV Cascasde R-HSA-442729,1/8,0.0416286945782245,0.1165231763417266,0,0,27.057142857142857,86.01372572734715,CALM1
Reactome_2022,InlA-mediated Entry Of Listeria Monocytogenes Into Host Cells R-HSA-8876493,1/8,0.0416286945782245,0.1165231763417266,0,0,27.057142857142857,86.01372572734715,UBB
KEGG_2021_Human,VEGF signaling pathway,2/59,0.0391475567115874,0.1174426701347622,0,0,6.692645074224021,21.686962659624147,RAC2;RAC1
Reactome_2022,RHO GTPases Activate PKNs R-HSA-5625740,2/62,0.0428280783250437,0.1188194916362939,0,0,6.357051282051282,20.028280106449948,MYL6;RHOC
Reactome_2022,Signaling By BRAF And RAF1 Fusions R-HSA-6802952,2/62,0.0428280783250437,0.1188194916362939,0,0,6.357051282051282,20.028280106449948,RAP1B;CALM1
GO_Biological_Process_2023,Interferon-Mediated Signaling Pathway (GO:0140888),2/49,0.0278373679750829,0.1202574296523582,0,0,8.120703764320785,29.08329347621452,IFITM1;IFITM2
GO_Biological_Process_2023,Negative Regulation Of Tumor Necrosis Factor Superfamily Cytokine Production (GO:1903556),2/49,0.0278373679750829,0.1202574296523582,0,0,8.120703764320785,29.08329347621452,GSTP1;HAVCR2
GO_Biological_Process_2023,Positive Regulation Of Cell Killing (GO:0031343),1/6,0.031385296805751,0.1205790849612253,0,0,37.883809523809525,131.13161496811227,PRF1
GO_Biological_Process_2023,Negative Regulation Of Acute Inflammatory Response (GO:0002674),1/6,0.031385296805751,0.1205790849612253,0,0,37.883809523809525,131.13161496811227,GSTP1
GO_Biological_Process_2023,Regulation Of I-kappaB Phosphorylation (GO:1903719),1/6,0.031385296805751,0.1205790849612253,0,0,37.883809523809525,131.13161496811227,CX3CR1
GO_Biological_Process_2023,Regulation Of T Cell Tolerance Induction (GO:0002664),1/6,0.031385296805751,0.1205790849612253,0,0,37.883809523809525,131.13161496811227,HLA-B
GO_Biological_Process_2023,Autophagosome Membrane Docking (GO:0016240),1/6,0.031385296805751,0.1205790849612253,0,0,37.883809523809525,131.13161496811227,CALM1
GO_Biological_Process_2023,Response To Lead Ion (GO:0010288),1/6,0.031385296805751,0.1205790849612253,0,0,37.883809523809525,131.13161496811227,PPP1CA
GO_Biological_Process_2023,Regulation Of Transforming Growth Factor Beta1 Production (GO:0032908),1/6,0.031385296805751,0.1205790849612253,0,0,37.883809523809525,131.13161496811227,TYROBP
GO_Biological_Process_2023,Regulation Of Osteoclast Development (GO:2001204),1/6,0.031385296805751,0.1205790849612253,0,0,37.883809523809525,131.13161496811227,TYROBP
GO_Biological_Process_2023,Host-Mediated Regulation Of Intestinal Microbiota Composition (GO:0048874),1/6,0.031385296805751,0.1205790849612253,0,0,37.883809523809525,131.13161496811227,CX3CR1
GO_Biological_Process_2023,Interleukin-3-Mediated Signaling Pathway (GO:0038156),1/6,0.031385296805751,0.1205790849612253,0,0,37.883809523809525,131.13161496811227,FCER1G
GO_Biological_Process_2023,Hepatocyte Growth Factor Receptor Signaling Pathway (GO:0048012),1/6,0.031385296805751,0.1205790849612253,0,0,37.883809523809525,131.13161496811227,RAC1
GO_Biological_Process_2023,Mitochondrion-Endoplasmic Reticulum Membrane Tethering (GO:1990456),1/6,0.031385296805751,0.1205790849612253,0,0,37.883809523809525,131.13161496811227,CALM1
GO_Biological_Process_2023,Aldehyde Biosynthetic Process (GO:0046184),1/6,0.031385296805751,0.1205790849612253,0,0,37.883809523809525,131.13161496811227,TPI1
GO_Biological_Process_2023,Negative Regulation Of Stress-Activated Protein Kinase Signaling Cascade (GO:0070303),1/6,0.031385296805751,0.1205790849612253,0,0,37.883809523809525,131.13161496811227,GSTP1
GO_Biological_Process_2023,Regulation Of Microglial Cell Migration (GO:1904139),1/6,0.031385296805751,0.1205790849612253,0,0,37.883809523809525,131.13161496811227,CX3CR1
GO_Biological_Process_2023,Antigen Processing And Presentation Of Exogenous Peptide Antigen Via MHC Class I (GO:0042590),1/6,0.031385296805751,0.1205790849612253,0,0,37.883809523809525,131.13161496811227,FCER1G
GO_Biological_Process_2023,Cellular Response To Lipopolysaccharide (GO:0071222),3/124,0.0282777011866626,0.1205790849612253,0,0,4.759608440985317,16.97124885454018,CX3CR1;GSTP1;CCL3
GO_Biological_Process_2023,Positive Regulation Of Cell Death (GO:0010942),2/50,0.0288986461861609,0.1205790849612253,0,0,7.951121794871795,28.178461808105727,TYROBP;ITGB2
GO_Biological_Process_2023,Pyruvate Metabolic Process (GO:0006090),2/50,0.0288986461861609,0.1205790849612253,0,0,7.951121794871795,28.178461808105727,TPI1;UCP2
GO_Biological_Process_2023,Positive Regulation Of Intracellular Protein Transport (GO:0090316),3/126,0.0294573759162177,0.1205790849612253,0,0,4.681742836845844,16.50225839151073,ITGB2;RAC2;GZMB
GO_Biological_Process_2023,Regulation Of Substrate Adhesion-Dependent Cell Spreading (GO:1900024),2/51,0.0299759378394035,0.1205790849612253,0,0,7.788461538461538,27.31694072931825,RAC1;CALR
GO_Biological_Process_2023,Receptor Internalization (GO:0031623),2/51,0.0299759378394035,0.1205790849612253,0,0,7.788461538461538,27.31694072931825,FCER1G;ITGB2
GO_Biological_Process_2023,Regulation Of Anatomical Structure Morphogenesis (GO:0022603),3/127,0.0300568800969914,0.1205790849612253,0,0,4.643751957406828,16.274788866925384,CAPZB;ABI3;CFL1
GO_Biological_Process_2023,Protein-Containing Complex Assembly (GO:0065003),5/328,0.0304795406723052,0.1205790849612253,0,0,2.9995708549183093,10.470600837677742,TRAPPC1;BIN2;IL2RB;CYBA;CD247
GO_Biological_Process_2023,Rho Protein Signal Transduction (GO:0007266),2/52,0.0310690468506043,0.1205790849612253,0,0,7.632307692307692,26.495886125455133,ARHGDIB;CFL1
GO_Biological_Process_2023,G-quadruplex DNA Unwinding (GO:0044806),1/6,0.031385296805751,0.1205790849612253,0,0,37.883809523809525,131.13161496811227,HNRNPA2B1
GO_Biological_Process_2023,Regulation Of Inositol Phosphate Biosynthetic Process (GO:0010919),1/6,0.031385296805751,0.1205790849612253,0,0,37.883809523809525,131.13161496811227,PLEK
GO_Biological_Process_2023,Negative Regulation Of Ruffle Assembly (GO:1900028),1/6,0.031385296805751,0.1205790849612253,0,0,37.883809523809525,131.13161496811227,EVL
Reactome_2022,Signaling By MET R-HSA-6806834,2/63,0.0440826846387589,0.1217614240903164,0,0,6.252522068095838,19.51842443655105,RAP1B;UBB
GO_Biological_Process_2023,Regulation Of Proteasomal Protein Catabolic Process (GO:0061136),2/53,0.0321777787267902,0.1231370115056696,0,0,7.482277526395173,25.712690836036508,UBB;PSME2
Reactome_2022,Activation Of Ca-permeable Kainate Receptor R-HSA-451308,1/9,0.0467100817864843,0.1240983952547699,0,0,23.673809523809524,72.5317052519737,CALM1
Reactome_2022,Prevention Of Phagosomal-Lysosomal Fusion R-HSA-9636383,1/9,0.0467100817864843,0.1240983952547699,0,0,23.673809523809524,72.5317052519737,UBB
Reactome_2022,Calcineurin Activates NFAT R-HSA-2025928,1/9,0.0467100817864843,0.1240983952547699,0,0,23.673809523809524,72.5317052519737,CALM1
Reactome_2022,RHO GTPases Activate Rhotekin And Rhophilins R-HSA-5666185,1/9,0.0467100817864843,0.1240983952547699,0,0,23.673809523809524,72.5317052519737,RHOC
Reactome_2022,ATF6 (ATF6-alpha) Activates Chaperone Genes R-HSA-381183,1/9,0.0467100817864843,0.1240983952547699,0,0,23.673809523809524,72.5317052519737,CALR
Reactome_2022,PTK6 Regulates RTKs And Their Effectors AKT1 And DOK1 R-HSA-8849469,1/9,0.0467100817864843,0.1240983952547699,0,0,23.673809523809524,72.5317052519737,UBB
Reactome_2022,GPCR Downstream Signaling R-HSA-388396,7/619,0.0464679517713316,0.1240983952547699,0,0,2.227734864989767,6.836901399322299,CX3CR1;CCL4;XCL2;CALM1;RHOC;S1PR5;PPP1CA
Reactome_2022,Downregulation Of ERBB4 Signaling R-HSA-1253288,1/9,0.0467100817864843,0.1240983952547699,0,0,23.673809523809524,72.5317052519737,UBB
Reactome_2022,Regulation Of PTEN Localization R-HSA-8948747,1/9,0.0467100817864843,0.1240983952547699,0,0,23.673809523809524,72.5317052519737,UBB
Reactome_2022,COPII-mediated Vesicle Transport R-HSA-204005,2/66,0.0479273133468445,0.126795044170766,0,0,5.958533653846154,18.102440675710863,TRAPPC1;CTSC
GO_Biological_Process_2023,Negative Regulation Of Gene Expression (GO:0010629),5/336,0.0333027210274619,0.1269421366223256,0,0,2.925877179863001,9.95417407323144,SRGN;CCL3;GZMB;CALR;HAVCR2
GO_Biological_Process_2023,Positive Regulation Of Interleukin-1 Beta Production (GO:0032731),2/57,0.0367651002362134,0.1271732292868309,0,0,6.936713286713287,22.91339466186469,TYROBP;CCL3
GO_Biological_Process_2023,Positive Regulation Of Isomerase Activity (GO:0010912),1/7,0.0365204795889454,0.1271732292868309,0,0,31.56825396825397,104.48719845726777,ITGB2
GO_Biological_Process_2023,Monoatomic Anion Transport (GO:0006820),2/57,0.0367651002362134,0.1271732292868309,0,0,6.936713286713287,22.91339466186469,CLIC3;CLIC1
GO_Biological_Process_2023,Positive Regulation Of Ryanodine-Sensitive Calcium-Release Channel Activity (GO:0060316),1/7,0.0365204795889454,0.1271732292868309,0,0,31.56825396825397,104.48719845726777,CALM1
GO_Biological_Process_2023,Interleukin-2-Mediated Signaling Pathway (GO:0038110),1/7,0.0365204795889454,0.1271732292868309,0,0,31.56825396825397,104.48719845726777,IL2RB
GO_Biological_Process_2023,Leukocyte Aggregation (GO:0070486),1/7,0.0365204795889454,0.1271732292868309,0,0,31.56825396825397,104.48719845726777,RAC2
GO_Biological_Process_2023,Negative Regulation Of T Cell Mediated Cytotoxicity (GO:0001915),1/7,0.0365204795889454,0.1271732292868309,0,0,31.56825396825397,104.48719845726777,KLRD1
GO_Biological_Process_2023,Hepoxilin Biosynthetic Process (GO:0051122),1/7,0.0365204795889454,0.1271732292868309,0,0,31.56825396825397,104.48719845726777,GSTP1
GO_Biological_Process_2023,Hepoxilin Metabolic Process (GO:0051121),1/7,0.0365204795889454,0.1271732292868309,0,0,31.56825396825397,104.48719845726777,GSTP1
GO_Biological_Process_2023,Immunological Synapse Formation (GO:0001771),1/7,0.0365204795889454,0.1271732292868309,0,0,31.56825396825397,104.48719845726777,PRF1
GO_Biological_Process_2023,Inhibition Of Cysteine-Type Endopeptidase Activity (GO:0097340),1/7,0.0365204795889454,0.1271732292868309,0,0,31.56825396825397,104.48719845726777,CST7
GO_Biological_Process_2023,Cytochrome Complex Assembly (GO:0017004),1/7,0.0365204795889454,0.1271732292868309,0,0,31.56825396825397,104.48719845726777,CYBA
GO_Biological_Process_2023,Regulation Of Leukocyte Proliferation (GO:0070663),1/7,0.0365204795889454,0.1271732292868309,0,0,31.56825396825397,104.48719845726777,GSTP1
GO_Biological_Process_2023,Regulation Of Endodeoxyribonuclease Activity (GO:0032071),1/7,0.0365204795889454,0.1271732292868309,0,0,31.56825396825397,104.48719845726777,GZMA
GO_Biological_Process_2023,Negative Regulation Of Leukocyte Proliferation (GO:0070664),1/7,0.0365204795889454,0.1271732292868309,0,0,31.56825396825397,104.48719845726777,GSTP1
GO_Biological_Process_2023,Cellular Response To Interleukin-2 (GO:0071352),1/7,0.0365204795889454,0.1271732292868309,0,0,31.56825396825397,104.48719845726777,IL2RB
GO_Biological_Process_2023,Regulation Of Lipase Activity (GO:0060191),1/7,0.0365204795889454,0.1271732292868309,0,0,31.56825396825397,104.48719845726777,RHOC
GO_Biological_Process_2023,Regulation Of Calcium Ion Transport (GO:0051924),2/57,0.0367651002362134,0.1271732292868309,0,0,6.936713286713287,22.91339466186469,CCL4;CCL3
GO_Biological_Process_2023,Negative Regulation Of Multicellular Organismal Process (GO:0051241),4/231,0.0345689321445677,0.1271732292868309,0,0,3.397598687051913,11.432239774016129,SRGN;ARHGDIB;EVL;CALR
GO_Biological_Process_2023,Regulation Of Protein Kinase B Signaling (GO:0051896),3/136,0.035740984967184,0.1271732292868309,0,0,4.327542156361778,14.417021520087234,CX3CR1;CCL3;AKR1C3
GO_Biological_Process_2023,Protein Localization To Organelle (GO:0033365),3/137,0.0364044404213097,0.1271732292868309,0,0,4.295029705839734,14.229710540140337,LAMP1;ISG15;CALR
GO_Biological_Process_2023,Regulation Of Dendritic Cell Chemotaxis (GO:2000508),1/7,0.0365204795889454,0.1271732292868309,0,0,31.56825396825397,104.48719845726777,CALR
GO_Biological_Process_2023,Regulation Of Dopamine Metabolic Process (GO:0042053),1/7,0.0365204795889454,0.1271732292868309,0,0,31.56825396825397,104.48719845726777,ITGB2
GO_Biological_Process_2023,Positive Regulation Of Calcium Ion Import (GO:0090280),1/7,0.0365204795889454,0.1271732292868309,0,0,31.56825396825397,104.48719845726777,CCL3
GO_Biological_Process_2023,Positive Regulation Of Dendritic Cell Chemotaxis (GO:2000510),1/7,0.0365204795889454,0.1271732292868309,0,0,31.56825396825397,104.48719845726777,CALR
GO_Biological_Process_2023,Positive Regulation Of Leukocyte Differentiation (GO:1902107),1/7,0.0365204795889454,0.1271732292868309,0,0,31.56825396825397,104.48719845726777,LGALS1
KEGG_2021_Human,Cell adhesion molecules,3/148,0.0441178442828109,0.1298082726013474,0,0,3.966990291262136,12.380544083296783,ITGB2;HLA-B;CD99
GO_Biological_Process_2023,Inorganic Anion Transport (GO:0015698),2/58,0.0379490840914887,0.1308032260174717,0,0,6.8125,22.28716126217046,CLIC3;CLIC1
Reactome_2022,"Tetrahydrobiopterin (BH4) Synthesis, Recycling, Salvage And Regulation R-HSA-1474151",1/10,0.0517647805964337,0.1333390068339486,0,0,21.04232804232804,62.30728596638391,CALM1
Reactome_2022,Circadian Clock R-HSA-400253,2/69,0.0518895018620151,0.1333390068339486,0,0,5.690872560275546,16.83723628035471,UBB;PPP1CA
Reactome_2022,IRAK2 Mediated Activation Of TAK1 Complex R-HSA-937042,1/10,0.0517647805964337,0.1333390068339486,0,0,21.04232804232804,62.30728596638391,UBB
Reactome_2022,Activation Of AMPK Downstream Of NMDARs R-HSA-9619483,1/10,0.0517647805964337,0.1333390068339486,0,0,21.04232804232804,62.30728596638391,CALM1
Reactome_2022,Sodium/Calcium Exchangers R-HSA-425561,1/10,0.0517647805964337,0.1333390068339486,0,0,21.04232804232804,62.30728596638391,CALM1
Reactome_2022,FGFR2b Ligand Binding And Activation R-HSA-190377,1/10,0.0517647805964337,0.1333390068339486,0,0,21.04232804232804,62.30728596638391,FGFBP2
Reactome_2022,CaMK IV-mediated Phosphorylation Of CREB R-HSA-111932,1/10,0.0517647805964337,0.1333390068339486,0,0,21.04232804232804,62.30728596638391,CALM1
GO_Biological_Process_2023,Regulation Of Inflammatory Response (GO:0050727),4/240,0.0389123063777727,0.1335137723637296,0,0,3.2665337321369226,10.60462118433712,LGALS1;CCL3;NKG7;AOAH
GO_Biological_Process_2023,Negative Regulation Of Cytokine-Mediated Signaling Pathway (GO:0001960),2/59,0.0391475567115874,0.1335137723637296,0,0,6.692645074224021,21.686962659624147,GSTP1;ISG15
GO_Biological_Process_2023,Mitotic Cytokinesis (GO:0000281),2/59,0.0391475567115874,0.1335137723637296,0,0,6.692645074224021,21.686962659624147,CFL1;RHOC
GO_Biological_Process_2023,Sphingosine-1-Phosphate Receptor Signaling Pathway (GO:0003376),1/8,0.0416286945782245,0.1335415548846014,0,0,27.057142857142857,86.01372572734715,RAC1
GO_Biological_Process_2023,Regulation Of Tumor Necrosis Factor Superfamily Cytokine Production (GO:1903555),1/8,0.0416286945782245,0.1335415548846014,0,0,27.057142857142857,86.01372572734715,CX3CR1
GO_Biological_Process_2023,Endosome To Melanosome Transport (GO:0035646),1/8,0.0416286945782245,0.1335415548846014,0,0,27.057142857142857,86.01372572734715,CD63
GO_Biological_Process_2023,Endosome To Pigment Granule Transport (GO:0043485),1/8,0.0416286945782245,0.1335415548846014,0,0,27.057142857142857,86.01372572734715,CD63
GO_Biological_Process_2023,Nucleic Acid Transport (GO:0050657),1/8,0.0416286945782245,0.1335415548846014,0,0,27.057142857142857,86.01372572734715,HNRNPA2B1
GO_Biological_Process_2023,T Cell Mediated Cytotoxicity (GO:0001913),1/8,0.0416286945782245,0.1335415548846014,0,0,27.057142857142857,86.01372572734715,PRF1
GO_Biological_Process_2023,Regulation Of Interleukin-23 Production (GO:0032667),1/8,0.0416286945782245,0.1335415548846014,0,0,27.057142857142857,86.01372572734715,RAC1
GO_Biological_Process_2023,Regulation Of Intrinsic Apoptotic Signaling Pathway By P53 Class Mediator (GO:1902253),1/8,0.0416286945782245,0.1335415548846014,0,0,27.057142857142857,86.01372572734715,UBB
GO_Biological_Process_2023,Negative Regulation Of Long-Term Synaptic Potentiation (GO:1900272),1/8,0.0416286945782245,0.1335415548846014,0,0,27.057142857142857,86.01372572734715,TYROBP
GO_Biological_Process_2023,Negative Regulation Of Regulated Secretory Pathway (GO:1903306),1/8,0.0416286945782245,0.1335415548846014,0,0,27.057142857142857,86.01372572734715,RAP1B
GO_Biological_Process_2023,Regulation Of Macrophage Migration (GO:1905521),1/8,0.0416286945782245,0.1335415548846014,0,0,27.057142857142857,86.01372572734715,CX3CR1
GO_Biological_Process_2023,Regulation Of Neutrophil Migration (GO:1902622),1/8,0.0416286945782245,0.1335415548846014,0,0,27.057142857142857,86.01372572734715,RAC2
GO_Biological_Process_2023,Negative Regulation Of Peptidase Activity (GO:0010466),2/60,0.0403603344703366,0.1335415548846014,0,0,6.576923076923077,21.111316660657067,SERPINB1;CST7
GO_Biological_Process_2023,Positive Regulation Of Programmed Cell Death (GO:0043068),4/245,0.0414545774109408,0.1335415548846014,0,0,3.19794971930681,10.17957594316124,LGALS1;GZMA;PRF1;CTSD
GO_Biological_Process_2023,DNA Cytosine Deamination (GO:0070383),1/8,0.0416286945782245,0.1335415548846014,0,0,27.057142857142857,86.01372572734715,APOBEC3G
GO_Biological_Process_2023,Actin Filament Organization (GO:0007015),3/144,0.0412253697255301,0.1335415548846014,0,0,4.080355298492047,13.011034824574196,RAC2;EVL;RAC1
GO_Biological_Process_2023,Sequestering Of Actin Monomers (GO:0042989),1/8,0.0416286945782245,0.1335415548846014,0,0,27.057142857142857,86.01372572734715,TMSB10
GO_Biological_Process_2023,Synapse Pruning (GO:0098883),1/8,0.0416286945782245,0.1335415548846014,0,0,27.057142857142857,86.01372572734715,CX3CR1
Reactome_2022,ATF6 (ATF6-alpha) Activates Chaperones R-HSA-381033,1/11,0.0567929297122617,0.1369583343445697,0,0,18.937142857142856,54.31822944685532,CALR
Reactome_2022,Signaling By FGFR2 R-HSA-5654738,2/72,0.0559646476436865,0.1369583343445697,0,0,5.446153846153846,15.701452587756265,FGFBP2;UBB
Reactome_2022,Cell Cycle Checkpoints R-HSA-69620,4/271,0.056162092409296,0.1369583343445697,0,0,2.882720129250202,8.300830842690265,UBB;PSME2;PSMB10;PSMB8
Reactome_2022,Transport To Golgi And Subsequent Modification R-HSA-948021,3/164,0.0566653341133913,0.1369583343445697,0,0,3.5698607007176024,10.24761587658967,TRAPPC1;CAPZB;CTSC
Reactome_2022,Uptake And Function Of Anthrax Toxins R-HSA-5210891,1/11,0.0567929297122617,0.1369583343445697,0,0,18.937142857142856,54.31822944685532,CALM1
Reactome_2022,Endosomal/Vacuolar Pathway R-HSA-1236977,1/11,0.0567929297122617,0.1369583343445697,0,0,18.937142857142856,54.31822944685532,HLA-B
Reactome_2022,"TICAM1,TRAF6-dependent Induction Of TAK1 Complex R-HSA-9014325",1/11,0.0567929297122617,0.1369583343445697,0,0,18.937142857142856,54.31822944685532,UBB
Reactome_2022,Killing Mechanisms R-HSA-9664420,1/11,0.0567929297122617,0.1369583343445697,0,0,18.937142857142856,54.31822944685532,CYBA
Reactome_2022,MET Activates RAP1 And RAC1 R-HSA-8875555,1/11,0.0567929297122617,0.1369583343445697,0,0,18.937142857142856,54.31822944685532,RAP1B
Reactome_2022,Alpha-protein Kinase 1 Signaling Pathway R-HSA-9645460,1/11,0.0567929297122617,0.1369583343445697,0,0,18.937142857142856,54.31822944685532,UBB
Reactome_2022,eNOS Activation R-HSA-203615,1/11,0.0567929297122617,0.1369583343445697,0,0,18.937142857142856,54.31822944685532,CALM1
Reactome_2022,RHO GTPases Activate IQGAPs R-HSA-5626467,1/11,0.0567929297122617,0.1369583343445697,0,0,18.937142857142856,54.31822944685532,CALM1
Reactome_2022,CLEC7A (Dectin-1) Induces NFAT Activation R-HSA-5607763,1/11,0.0567929297122617,0.1369583343445697,0,0,18.937142857142856,54.31822944685532,CALM1
Reactome_2022,Reduction Of Cytosolic Ca++ Levels R-HSA-418359,1/11,0.0567929297122617,0.1369583343445697,0,0,18.937142857142856,54.31822944685532,CALM1
Reactome_2022,Regulation Of BACH1 Activity R-HSA-9708530,1/11,0.0567929297122617,0.1369583343445697,0,0,18.937142857142856,54.31822944685532,UBB
Reactome_2022,Pexophagy R-HSA-9664873,1/11,0.0567929297122617,0.1369583343445697,0,0,18.937142857142856,54.31822944685532,UBB
Reactome_2022,Anti-inflammatory Response Favoring Leishmania Infection R-HSA-9662851,3/165,0.0575003727272121,0.1381330793101991,0,0,3.547644732110752,10.1319451039591,FGR;CD247;CALM1
KEGG_2021_Human,Oxytocin signaling pathway,3/154,0.0486416393614077,0.1404183174017998,0,0,3.808204204976532,11.5132498546531,MYL6;CALM1;PPP1CA
KEGG_2021_Human,Amphetamine addiction,2/69,0.0518895018620151,0.1417695318730055,0,0,5.690872560275546,16.83723628035471,CALM1;PPP1CA
KEGG_2021_Human,Cellular senescence,3/156,0.0501983764563018,0.1417695318730055,0,0,3.758043023034456,11.243210124572618,HLA-B;CALM1;PPP1CA
KEGG_2021_Human,Renal cell carcinoma,2/69,0.0518895018620151,0.1417695318730055,0,0,5.690872560275546,16.83723628035471,RAP1B;RAC1
Reactome_2022,NOTCH2 Intracellular Domain Regulates Transcription R-HSA-2197563,1/12,0.0617946671578523,0.1429714254906768,0,0,17.214718614718613,47.92471292911524,GZMB
Reactome_2022,Protein Ubiquitination R-HSA-8852135,2/76,0.0615661443346643,0.1429714254906768,0,0,5.150727650727651,14.358390727688093,UBB;HLA-B
Reactome_2022,ISG15 Antiviral Mechanism R-HSA-1169408,2/75,0.0601482618971476,0.1429714254906768,0,0,5.221548998946259,14.677475214215242,UBB;ISG15
Reactome_2022,Deubiquitination R-HSA-5688426,4/279,0.0611859755146411,0.1429714254906768,0,0,2.7977183600713014,7.816369836471329,UBB;PSME2;PSMB10;PSMB8
Reactome_2022,CREB1 Phosphorylation Thru Activation Of Adenylate Cyclase R-HSA-442720,1/12,0.0617946671578523,0.1429714254906768,0,0,17.214718614718613,47.92471292911524,CALM1
Reactome_2022,Interleukin-2 Signaling R-HSA-9020558,1/12,0.0617946671578523,0.1429714254906768,0,0,17.214718614718613,47.92471292911524,IL2RB
Reactome_2022,TICAM1-dependent Activation Of IRF3/IRF7 R-HSA-9013973,1/12,0.0617946671578523,0.1429714254906768,0,0,17.214718614718613,47.92471292911524,UBB
Reactome_2022,Josephin Domain DUBs R-HSA-5689877,1/12,0.0617946671578523,0.1429714254906768,0,0,17.214718614718613,47.92471292911524,UBB
Reactome_2022,Disorders Of Developmental Biology R-HSA-9675151,1/12,0.0617946671578523,0.1429714254906768,0,0,17.214718614718613,47.92471292911524,CALM1
Reactome_2022,Platelet Adhesion To Exposed Collagen R-HSA-75892,1/12,0.0617946671578523,0.1429714254906768,0,0,17.214718614718613,47.92471292911524,FCER1G
GO_Biological_Process_2023,Motor Neuron Axon Guidance (GO:0008045),1/9,0.0467100817864843,0.1436778465077937,0,0,23.673809523809524,72.5317052519737,RAC1
GO_Biological_Process_2023,Primary Alcohol Catabolic Process (GO:0034310),1/9,0.0467100817864843,0.1436778465077937,0,0,23.673809523809524,72.5317052519737,AKR1C3
GO_Biological_Process_2023,Ketone Biosynthetic Process (GO:0042181),1/9,0.0467100817864843,0.1436778465077937,0,0,23.673809523809524,72.5317052519737,TPI1
GO_Biological_Process_2023,Positive Regulation Of Lipase Activity (GO:0060193),1/9,0.0467100817864843,0.1436778465077937,0,0,23.673809523809524,72.5317052519737,RHOC
GO_Biological_Process_2023,Negative Regulation Of Transforming Growth Factor Beta Production (GO:0071635),1/9,0.0467100817864843,0.1436778465077937,0,0,23.673809523809524,72.5317052519737,TYROBP
GO_Biological_Process_2023,Regulation Of High Voltage-Gated Calcium Channel Activity (GO:1901841),1/9,0.0467100817864843,0.1436778465077937,0,0,23.673809523809524,72.5317052519737,CALM1
GO_Biological_Process_2023,Peptidyl-Serine Dephosphorylation (GO:0070262),1/9,0.0467100817864843,0.1436778465077937,0,0,23.673809523809524,72.5317052519737,PPP1CA
GO_Biological_Process_2023,Response To Metal Ion (GO:0010038),2/64,0.0453508764781676,0.1436778465077937,0,0,6.15136476426799,19.02817518064944,CALM1;PPP1CA
GO_Biological_Process_2023,Positive Regulation Of Platelet Activation (GO:0010572),1/9,0.0467100817864843,0.1436778465077937,0,0,23.673809523809524,72.5317052519737,PLEK
GO_Biological_Process_2023,Positive Regulation Of Myoblast Fusion (GO:1901741),1/9,0.0467100817864843,0.1436778465077937,0,0,23.673809523809524,72.5317052519737,CD53
GO_Biological_Process_2023,Response To Type I Interferon (GO:0034340),1/9,0.0467100817864843,0.1436778465077937,0,0,23.673809523809524,72.5317052519737,ISG15
GO_Biological_Process_2023,Cellular Response To Prostaglandin Stimulus (GO:0071379),1/9,0.0467100817864843,0.1436778465077937,0,0,23.673809523809524,72.5317052519737,AKR1C3
GO_Biological_Process_2023,Positive Regulation Of Interleukin-1 Production (GO:0032732),2/64,0.0453508764781676,0.1436778465077937,0,0,6.15136476426799,19.02817518064944,TYROBP;CCL3
GO_Biological_Process_2023,Response To Reactive Oxygen Species (GO:0000302),2/66,0.0479273133468445,0.1464948068337513,0,0,5.958533653846154,18.102440675710863,PRDX5;GSTP1
GO_Biological_Process_2023,Negative Regulation Of Immune Response (GO:0050777),2/66,0.0479273133468445,0.1464948068337513,0,0,5.958533653846154,18.102440675710863,FGR;HAVCR2
KEGG_2021_Human,Adherens junction,2/71,0.0545939943115493,0.1465417742046851,0,0,5.52536231884058,16.066822028177423,RAC2;RAC1
Reactome_2022,Oncogenic MAPK Signaling R-HSA-6802957,2/78,0.0644359671930668,0.1485343802575474,0,0,5.014676113360324,13.750659650359246,RAP1B;CALM1
GO_Biological_Process_2023,Response To Corticosteroid (GO:0031960),1/10,0.0517647805964337,0.1487805186132114,0,0,21.04232804232804,62.30728596638391,AKR1C3
GO_Biological_Process_2023,Sarcoplasmic Reticulum Calcium Ion Transport (GO:0070296),1/10,0.0517647805964337,0.1487805186132114,0,0,21.04232804232804,62.30728596638391,CCL3
GO_Biological_Process_2023,Lipoprotein Catabolic Process (GO:0042159),1/10,0.0517647805964337,0.1487805186132114,0,0,21.04232804232804,62.30728596638391,CTSD
GO_Biological_Process_2023,Response To Sterol (GO:0036314),1/10,0.0517647805964337,0.1487805186132114,0,0,21.04232804232804,62.30728596638391,CCL3
GO_Biological_Process_2023,Negative Regulation Of Natural Killer Cell Mediated Immunity (GO:0002716),1/10,0.0517647805964337,0.1487805186132114,0,0,21.04232804232804,62.30728596638391,KLRD1
GO_Biological_Process_2023,Peptidyl-Tyrosine Phosphorylation (GO:0018108),2/67,0.04923521030452,0.1487805186132114,0,0,5.866568047337278,17.66509440455064,FGR;ABI3
GO_Biological_Process_2023,Rap Protein Signal Transduction (GO:0032486),1/10,0.0517647805964337,0.1487805186132114,0,0,21.04232804232804,62.30728596638391,RAP1B
GO_Biological_Process_2023,Negative Regulation Of B Cell Proliferation (GO:0030889),1/10,0.0517647805964337,0.1487805186132114,0,0,21.04232804232804,62.30728596638391,TYROBP
GO_Biological_Process_2023,Muscle Filament Sliding (GO:0030049),1/10,0.0517647805964337,0.1487805186132114,0,0,21.04232804232804,62.30728596638391,MYL6
GO_Biological_Process_2023,Protein Kinase C Signaling (GO:0070528),1/10,0.0517647805964337,0.1487805186132114,0,0,21.04232804232804,62.30728596638391,PLEK
GO_Biological_Process_2023,Positive Regulation Of Actin Filament Depolymerization (GO:0030836),1/10,0.0517647805964337,0.1487805186132114,0,0,21.04232804232804,62.30728596638391,PLEK
GO_Biological_Process_2023,Regulation Of Toll-Like Receptor 2 Signaling Pathway (GO:0034135),1/10,0.0517647805964337,0.1487805186132114,0,0,21.04232804232804,62.30728596638391,CYBA
GO_Biological_Process_2023,Cellular Response To Interleukin-15 (GO:0071350),1/10,0.0517647805964337,0.1487805186132114,0,0,21.04232804232804,62.30728596638391,IL2RB
GO_Biological_Process_2023,Engulfment Of Apoptotic Cell (GO:0043652),1/10,0.0517647805964337,0.1487805186132114,0,0,21.04232804232804,62.30728596638391,RAC1
GO_Biological_Process_2023,Positive Regulation Of Mitochondrial Outer Membrane Permeabilization Involved In Apoptotic Signaling Pathway (GO:1901030),1/10,0.0517647805964337,0.1487805186132114,0,0,21.04232804232804,62.30728596638391,GZMB
GO_Biological_Process_2023,Regulation Of Biosynthetic Process (GO:0009889),1/10,0.0517647805964337,0.1487805186132114,0,0,21.04232804232804,62.30728596638391,GSTP1
GO_Biological_Process_2023,Positive Regulation Of Phosphatidylinositol 3-Kinase Signaling (GO:0014068),2/69,0.0518895018620151,0.1487805186132114,0,0,5.690872560275546,16.83723628035471,FGR;HCST
GO_Biological_Process_2023,T Cell Chemotaxis (GO:0010818),1/10,0.0517647805964337,0.1487805186132114,0,0,21.04232804232804,62.30728596638391,CCL3
GO_Biological_Process_2023,Negative Regulation Of Oxidoreductase Activity (GO:0051354),1/10,0.0517647805964337,0.1487805186132114,0,0,21.04232804232804,62.30728596638391,GZMA
GO_Biological_Process_2023,Interleukin-15-Mediated Signaling Pathway (GO:0035723),1/10,0.0517647805964337,0.1487805186132114,0,0,21.04232804232804,62.30728596638391,IL2RB
GO_Biological_Process_2023,Positive Regulation Of Protein Depolymerization (GO:1901881),1/10,0.0517647805964337,0.1487805186132114,0,0,21.04232804232804,62.30728596638391,PLEK
Reactome_2022,Signal Regulatory Protein Family Interactions R-HSA-391160,1/13,0.066770130249167,0.1505930635475818,0,0,15.77936507936508,42.70684291496826,TYROBP
Reactome_2022,Suppression Of Phagosomal Maturation R-HSA-9637687,1/13,0.066770130249167,0.1505930635475818,0,0,15.77936507936508,42.70684291496826,UBB
Reactome_2022,p75NTR Recruits Signaling Complexes R-HSA-209543,1/13,0.066770130249167,0.1505930635475818,0,0,15.77936507936508,42.70684291496826,UBB
Reactome_2022,NF-kB Is Activated And Signals Survival R-HSA-209560,1/13,0.066770130249167,0.1505930635475818,0,0,15.77936507936508,42.70684291496826,UBB
Reactome_2022,Glycogen Synthesis R-HSA-3322077,1/13,0.066770130249167,0.1505930635475818,0,0,15.77936507936508,42.70684291496826,UBB
Reactome_2022,Downregulation Of ERBB2:ERBB3 Signaling R-HSA-1358803,1/13,0.066770130249167,0.1505930635475818,0,0,15.77936507936508,42.70684291496826,UBB
GO_Biological_Process_2023,Regulation Of Actin Filament-Based Process (GO:0032970),2/70,0.0532355569669746,0.1513010566429804,0,0,5.606900452488688,16.445200179837933,BST2;RAC1
GO_Biological_Process_2023,Regulation Of Actin Filament Polymerization (GO:0030833),2/70,0.0532355569669746,0.1513010566429804,0,0,5.606900452488688,16.445200179837933,EVL;PFN1
GO_Biological_Process_2023,Regulation Of Cellular Biosynthetic Process (GO:0031326),2/70,0.0532355569669746,0.1513010566429804,0,0,5.606900452488688,16.445200179837933,CX3CR1;RAC1
KEGG_2021_Human,Prion disease,4/273,0.057396251176354,0.1514073522410718,0,0,2.860995699395,8.176085670676246,RAC2;NDUFB2;CYBA;RAC1
Reactome_2022,Senescence-Associated Secretory Phenotype (SASP) R-HSA-2559582,2/81,0.068823495104352,0.1541154693943884,0,0,4.823515092502435,12.908739777816177,UBB;IGFBP7
Reactome_2022,DDX58/IFIH1-mediated Induction Of Interferon-Alpha/Beta R-HSA-168928,2/81,0.068823495104352,0.1541154693943884,0,0,4.823515092502435,12.908739777816177,UBB;ISG15
GO_Biological_Process_2023,Positive Regulation Of Cell-Substrate Adhesion (GO:0010811),2/71,0.0545939943115493,0.1542597746244941,0,0,5.52536231884058,16.066822028177423,RAC1;CALR
GO_Biological_Process_2023,Myeloid Leukocyte Differentiation (GO:0002573),2/71,0.0545939943115493,0.1542597746244941,0,0,5.52536231884058,16.066822028177423,TYROBP;UCP2
GO_Biological_Process_2023,Second-Messenger-Mediated Signaling (GO:0019932),2/72,0.0559646476436865,0.1550638417986473,0,0,5.446153846153846,15.701452587756265,FCGR3A;CCL3
GO_Biological_Process_2023,Golgi To Lysosome Transport (GO:0090160),1/11,0.0567929297122617,0.1550638417986473,0,0,18.937142857142856,54.31822944685532,LAMP1
GO_Biological_Process_2023,Regulation Of Microtubule-Based Movement (GO:0060632),1/11,0.0567929297122617,0.1550638417986473,0,0,18.937142857142856,54.31822944685532,LAMP1
GO_Biological_Process_2023,Macrophage Activation Involved In Immune Response (GO:0002281),1/11,0.0567929297122617,0.1550638417986473,0,0,18.937142857142856,54.31822944685532,TYROBP
GO_Biological_Process_2023,Macrophage Chemotaxis (GO:0048246),1/11,0.0567929297122617,0.1550638417986473,0,0,18.937142857142856,54.31822944685532,CCL3
GO_Biological_Process_2023,Regulation Of Actin Filament Depolymerization (GO:0030834),1/11,0.0567929297122617,0.1550638417986473,0,0,18.937142857142856,54.31822944685532,PLEK
GO_Biological_Process_2023,Regulation Of Cell Activation (GO:0050865),1/11,0.0567929297122617,0.1550638417986473,0,0,18.937142857142856,54.31822944685532,FCER1G
GO_Biological_Process_2023,Regulation Of Monocyte Chemotactic Protein-1 Production (GO:0071637),1/11,0.0567929297122617,0.1550638417986473,0,0,18.937142857142856,54.31822944685532,GSTP1
GO_Biological_Process_2023,Regulation Of Stress-Activated Protein Kinase Signaling Cascade (GO:0070302),1/11,0.0567929297122617,0.1550638417986473,0,0,18.937142857142856,54.31822944685532,GSTP1
GO_Biological_Process_2023,Cytidine To Uridine Editing (GO:0016554),1/11,0.0567929297122617,0.1550638417986473,0,0,18.937142857142856,54.31822944685532,APOBEC3G
GO_Biological_Process_2023,Glycerol Metabolic Process (GO:0006071),1/11,0.0567929297122617,0.1550638417986473,0,0,18.937142857142856,54.31822944685532,TPI1
GO_Biological_Process_2023,Positive Regulation Of Apoptotic Process (GO:0043065),4/270,0.0555504844812669,0.1550638417986473,0,0,2.893704850361197,8.364146922687718,LGALS1;GZMA;CCL3;CTSD
GO_Biological_Process_2023,Regulation Of Rho Protein Signal Transduction (GO:0035023),2/73,0.0573473521146423,0.1561390091188582,0,0,5.369176598049838,15.34848181974582,ARHGDIB;RAC1
GO_Biological_Process_2023,Regulation Of Plasma Membrane Bounded Cell Projection Assembly (GO:0120032),2/75,0.0601482618971476,0.1572366923492996,0,0,5.221548998946259,14.677475214215242,CAPZB;RAC1
GO_Biological_Process_2023,Positive Regulation Of Interleukin-6 Production (GO:0032755),2/76,0.0615661443346643,0.1572366923492996,0,0,5.150727650727651,14.358390727688093,TYROBP;CYBA
GO_Biological_Process_2023,C4-dicarboxylate Transport (GO:0015740),1/12,0.0617946671578523,0.1572366923492996,0,0,17.214718614718613,47.92471292911524,UCP2
GO_Biological_Process_2023,DNA Deamination (GO:0045006),1/12,0.0617946671578523,0.1572366923492996,0,0,17.214718614718613,47.92471292911524,APOBEC3G
GO_Biological_Process_2023,Actin-Myosin Filament Sliding (GO:0033275),1/12,0.0617946671578523,0.1572366923492996,0,0,17.214718614718613,47.92471292911524,MYL6
GO_Biological_Process_2023,Regulation Of Leukocyte Adhesion To Vascular Endothelial Cell (GO:1904994),1/12,0.0617946671578523,0.1572366923492996,0,0,17.214718614718613,47.92471292911524,ITGB2
GO_Biological_Process_2023,Regulation Of Retinoic Acid Receptor Signaling Pathway (GO:0048385),1/12,0.0617946671578523,0.1572366923492996,0,0,17.214718614718613,47.92471292911524,CALR
GO_Biological_Process_2023,Regulation Of Sensory Perception (GO:0051931),1/12,0.0617946671578523,0.1572366923492996,0,0,17.214718614718613,47.92471292911524,CCL3
GO_Biological_Process_2023,Positive Regulation By Symbiont Of Entry Into Host (GO:0075294),1/12,0.0617946671578523,0.1572366923492996,0,0,17.214718614718613,47.92471292911524,LGALS1
GO_Biological_Process_2023,Positive Regulation Of T Cell Chemotaxis (GO:0010820),1/12,0.0617946671578523,0.1572366923492996,0,0,17.214718614718613,47.92471292911524,XCL2
GO_Biological_Process_2023,Positive Regulation Of Calcium-Mediated Signaling (GO:0050850),1/12,0.0617946671578523,0.1572366923492996,0,0,17.214718614718613,47.92471292911524,CCL4
GO_Biological_Process_2023,Defense Response To Tumor Cell (GO:0002357),1/12,0.0617946671578523,0.1572366923492996,0,0,17.214718614718613,47.92471292911524,PRF1
GO_Biological_Process_2023,Detection Of Bacterium (GO:0016045),1/12,0.0617946671578523,0.1572366923492996,0,0,17.214718614718613,47.92471292911524,HLA-B
GO_Biological_Process_2023,Positive Regulation Of Cellular Extravasation (GO:0002693),1/12,0.0617946671578523,0.1572366923492996,0,0,17.214718614718613,47.92471292911524,CD99
GO_Biological_Process_2023,Positive Regulation Of Protein Localization To Cell Surface (GO:2000010),1/12,0.0617946671578523,0.1572366923492996,0,0,17.214718614718613,47.92471292911524,TYROBP
GO_Biological_Process_2023,Positive Regulation Of Reactive Oxygen Species Biosynthetic Process (GO:1903428),1/12,0.0617946671578523,0.1572366923492996,0,0,17.214718614718613,47.92471292911524,CYBA
GO_Biological_Process_2023,Positive Regulation Of Ruffle Assembly (GO:1900029),1/12,0.0617946671578523,0.1572366923492996,0,0,17.214718614718613,47.92471292911524,PFN1
GO_Biological_Process_2023,Positive Regulation Of Viral Entry Into Host Cell (GO:0046598),1/12,0.0617946671578523,0.1572366923492996,0,0,17.214718614718613,47.92471292911524,LGALS1
GO_Biological_Process_2023,Primary miRNA Processing (GO:0031053),1/12,0.0617946671578523,0.1572366923492996,0,0,17.214718614718613,47.92471292911524,HNRNPA2B1
GO_Biological_Process_2023,Macrophage Migration (GO:1905517),1/12,0.0617946671578523,0.1572366923492996,0,0,17.214718614718613,47.92471292911524,CCL3
GO_Biological_Process_2023,Negative Regulation By Host Of Viral Transcription (GO:0043922),1/12,0.0617946671578523,0.1572366923492996,0,0,17.214718614718613,47.92471292911524,CCL4
GO_Biological_Process_2023,Negative Regulation Of JUN Kinase Activity (GO:0043508),1/12,0.0617946671578523,0.1572366923492996,0,0,17.214718614718613,47.92471292911524,GSTP1
GO_Biological_Process_2023,Regulation Of Actomyosin Structure Organization (GO:0110020),1/12,0.0617946671578523,0.1572366923492996,0,0,17.214718614718613,47.92471292911524,RAC1
GO_Biological_Process_2023,Negative Regulation Of Alcohol Biosynthetic Process (GO:1902931),1/12,0.0617946671578523,0.1572366923492996,0,0,17.214718614718613,47.92471292911524,PLEK
GO_Biological_Process_2023,Regulation Of Cell Communication By Electrical Coupling (GO:0010649),1/12,0.0617946671578523,0.1572366923492996,0,0,17.214718614718613,47.92471292911524,CALM1
Reactome_2022,Platelet Homeostasis R-HSA-418346,2/83,0.0718019112290265,0.157411882309789,0,0,4.703941120607787,12.389447964712948,FGR;CALM1
Reactome_2022,Antiviral Mechanism By IFN-stimulated Genes R-HSA-1169410,2/83,0.0718019112290265,0.157411882309789,0,0,4.703941120607787,12.389447964712948,UBB;ISG15
Reactome_2022,Glycogen Breakdown (Glycogenolysis) R-HSA-70221,1/14,0.0717194556475595,0.157411882309789,0,0,14.564835164835165,38.37824191326997,CALM1
Reactome_2022,Interleukin-15 Signaling R-HSA-8983432,1/14,0.0717194556475595,0.157411882309789,0,0,14.564835164835165,38.37824191326997,IL2RB
Reactome_2022,Lysosphingolipid And LPA Receptors R-HSA-419408,1/14,0.0717194556475595,0.157411882309789,0,0,14.564835164835165,38.37824191326997,S1PR5
Reactome_2022,Synthesis Of Bile Acids And Bile Salts Via 24-Hydroxycholesterol R-HSA-193775,1/14,0.0717194556475595,0.157411882309789,0,0,14.564835164835165,38.37824191326997,AKR1C3
Reactome_2022,Synthesis Of Prostaglandins (PG) And Thromboxanes (TX) R-HSA-2162123,1/15,0.0766427792936723,0.1591225914474588,0,0,13.523809523809524,34.73725554308256,AKR1C3
Reactome_2022,Synthesis Of Bile Acids And Bile Salts Via 27-Hydroxycholesterol R-HSA-193807,1/15,0.0766427792936723,0.1591225914474588,0,0,13.523809523809524,34.73725554308256,AKR1C3
Reactome_2022,GRB2:SOS Provides Linkage To MAPK Signaling For Integrins R-HSA-354194,1/15,0.0766427792936723,0.1591225914474588,0,0,13.523809523809524,34.73725554308256,RAP1B
Reactome_2022,Glycogen Storage Diseases R-HSA-3229121,1/15,0.0766427792936723,0.1591225914474588,0,0,13.523809523809524,34.73725554308256,UBB
Reactome_2022,EPHA-mediated Growth Cone Collapse R-HSA-3928663,1/15,0.0766427792936723,0.1591225914474588,0,0,13.523809523809524,34.73725554308256,MYL6
Reactome_2022,Signaling By Activin R-HSA-1502540,1/15,0.0766427792936723,0.1591225914474588,0,0,13.523809523809524,34.73725554308256,DRAP1
Reactome_2022,Defects Of Contact Activation System (CAS) And Kallikrein/Kinin System (KKS) R-HSA-9651496,1/15,0.0766427792936723,0.1591225914474588,0,0,13.523809523809524,34.73725554308256,TPST2
Reactome_2022,Regulation Of Innate Immune Responses To Cytosolic DNA R-HSA-3134975,1/15,0.0766427792936723,0.1591225914474588,0,0,13.523809523809524,34.73725554308256,UBB
Reactome_2022,Signaling By FGFR R-HSA-190236,2/86,0.0763466136014558,0.1591225914474588,0,0,4.535256410256411,11.666818322795091,FGFBP2;UBB
Reactome_2022,Constitutive Signaling By NOTCH1 HD Domain Mutants R-HSA-2691232,1/15,0.0766427792936723,0.1591225914474588,0,0,13.523809523809524,34.73725554308256,UBB
Reactome_2022,IRAK2 Mediated Activation Of TAK1 Complex Upon TLR7/8 Or 9 Stimulation R-HSA-975163,1/15,0.0766427792936723,0.1591225914474588,0,0,13.523809523809524,34.73725554308256,UBB
Reactome_2022,Membrane Binding And Targetting Of GAG Proteins R-HSA-174490,1/15,0.0766427792936723,0.1591225914474588,0,0,13.523809523809524,34.73725554308256,UBB
Reactome_2022,Metabolism Of Nitric Oxide: NOS3 Activation And Regulation R-HSA-202131,1/15,0.0766427792936723,0.1591225914474588,0,0,13.523809523809524,34.73725554308256,CALM1
Reactome_2022,Negative Regulation Of FLT3 R-HSA-9706369,1/15,0.0766427792936723,0.1591225914474588,0,0,13.523809523809524,34.73725554308256,UBB
Reactome_2022,p130Cas Linkage To MAPK Signaling For Integrins R-HSA-372708,1/15,0.0766427792936723,0.1591225914474588,0,0,13.523809523809524,34.73725554308256,RAP1B
Reactome_2022,InlB-mediated Entry Of Listeria Monocytogenes Into Host Cell R-HSA-8875360,1/15,0.0766427792936723,0.1591225914474588,0,0,13.523809523809524,34.73725554308256,UBB
GO_Biological_Process_2023,Chloride Transport (GO:0006821),2/77,0.0629954321258737,0.1594571875686178,0,0,5.081794871794872,14.049603020278573,CLIC3;CLIC1
GO_Biological_Process_2023,Regulation Of Immune Response (GO:0050776),2/77,0.0629954321258737,0.1594571875686178,0,0,5.081794871794872,14.049603020278573,FGR;FCGR3A
KEGG_2021_Human,Pancreatic cancer,2/76,0.0615661443346643,0.1596545776814176,0,0,5.150727650727651,14.358390727688093,RAC2;RAC1
GO_Biological_Process_2023,Cellular Response To Oxygen-Containing Compound (GO:1901701),5/406,0.0649059677682399,0.1610435895835989,0,0,2.4064837905236907,6.581289667073273,RAP1B;CX3CR1;PRDX5;GSTP1;AKR1C3
GO_Biological_Process_2023,Negative Regulation Of Neuroinflammatory Response (GO:0150079),1/13,0.066770130249167,0.1610435895835989,0,0,15.77936507936508,42.70684291496826,CST7
GO_Biological_Process_2023,Positive Regulation Of Protein Localization To Membrane (GO:1905477),2/79,0.0658875927865998,0.1610435895835989,0,0,4.949300699300699,13.461133424663409,ITGB2;GZMB
GO_Biological_Process_2023,Regulation Of Lamellipodium Organization (GO:1902743),1/13,0.066770130249167,0.1610435895835989,0,0,15.77936507936508,42.70684291496826,RAC1
GO_Biological_Process_2023,Regulation Of Innate Immune Response (GO:0045088),2/78,0.0644359671930668,0.1610435895835989,0,0,5.014676113360324,13.750659650359246,FGR;SH2D1B
GO_Biological_Process_2023,Regulation Of Oxidoreductase Activity (GO:0051341),1/13,0.066770130249167,0.1610435895835989,0,0,15.77936507936508,42.70684291496826,GZMA
GO_Biological_Process_2023,Glutamine Metabolic Process (GO:0006541),1/13,0.066770130249167,0.1610435895835989,0,0,15.77936507936508,42.70684291496826,UCP2
GO_Biological_Process_2023,Antigen Processing And Presentation Of Endogenous Peptide Antigen Via MHC Class I Via ER Pathway (GO:0002484),1/13,0.066770130249167,0.1610435895835989,0,0,15.77936507936508,42.70684291496826,HLA-B
GO_Biological_Process_2023,"Antigen Processing And Presentation Of Endogenous Peptide Antigen Via MHC Class I Via ER Pathway, TAP-independent (GO:0002486)",1/13,0.066770130249167,0.1610435895835989,0,0,15.77936507936508,42.70684291496826,HLA-B
GO_Biological_Process_2023,Antigen Processing And Presentation Of Endogenous Peptide Antigen Via MHC Class Ib (GO:0002476),1/13,0.066770130249167,0.1610435895835989,0,0,15.77936507936508,42.70684291496826,HLA-B
GO_Biological_Process_2023,Antigen Processing And Presentation Of Peptide Antigen Via MHC Class Ib (GO:0002428),1/13,0.066770130249167,0.1610435895835989,0,0,15.77936507936508,42.70684291496826,HLA-B
GO_Biological_Process_2023,Regulation Of Myoblast Fusion (GO:1901739),1/13,0.066770130249167,0.1610435895835989,0,0,15.77936507936508,42.70684291496826,CD53
GO_Biological_Process_2023,Regulation Of Leukocyte Migration (GO:0002685),1/13,0.066770130249167,0.1610435895835989,0,0,15.77936507936508,42.70684291496826,RAC2
GO_Biological_Process_2023,Regulation Of Nitric-Oxide Synthase Biosynthetic Process (GO:0051769),1/13,0.066770130249167,0.1610435895835989,0,0,15.77936507936508,42.70684291496826,GSTP1
GO_Biological_Process_2023,Purine Ribonucleoside Bisphosphate Metabolic Process (GO:0034035),1/13,0.066770130249167,0.1610435895835989,0,0,15.77936507936508,42.70684291496826,TPST2
GO_Biological_Process_2023,Regulation Of T Cell Chemotaxis (GO:0010819),1/13,0.066770130249167,0.1610435895835989,0,0,15.77936507936508,42.70684291496826,XCL2
GO_Biological_Process_2023,Immune Response-Regulating Cell Surface Receptor Signaling Pathway (GO:0002768),1/13,0.066770130249167,0.1610435895835989,0,0,15.77936507936508,42.70684291496826,FGR
GO_Biological_Process_2023,Mitochondrial Fission (GO:0000266),1/13,0.066770130249167,0.1610435895835989,0,0,15.77936507936508,42.70684291496826,UCP2
GO_Biological_Process_2023,Microvillus Organization (GO:0032528),1/13,0.066770130249167,0.1610435895835989,0,0,15.77936507936508,42.70684291496826,RAP1B
Reactome_2022,RAC2 GTPase Cycle R-HSA-9013404,2/87,0.0778814763966487,0.1611606788801939,0,0,4.4816742081447964,11.439774321858993,RAC2;CYBA
GO_Biological_Process_2023,Positive Regulation Of Immune Response (GO:0050778),2/80,0.0673501534642248,0.1620404682357094,0,0,4.88560157790927,13.180620693409884,ITGB2;SH2D1B
Reactome_2022,MAP3K8 (TPL2)-dependent MAPK1/3 Activation R-HSA-5684264,1/16,0.0815402364397426,0.16282079059783,0,0,12.6215873015873,31.638011389100345,UBB
Reactome_2022,TRAF6-mediated Induction Of TAK1 Complex Within TLR4 Complex R-HSA-937072,1/16,0.0815402364397426,0.16282079059783,0,0,12.6215873015873,31.638011389100345,UBB
Reactome_2022,Spry Regulation Of FGF Signaling R-HSA-1295596,1/16,0.0815402364397426,0.16282079059783,0,0,12.6215873015873,31.638011389100345,UBB
Reactome_2022,TGF-beta Receptor Signaling In EMT (Epithelial To Mesenchymal Transition) R-HSA-2173791,1/16,0.0815402364397426,0.16282079059783,0,0,12.6215873015873,31.638011389100345,UBB
Reactome_2022,Peptide Hormone Metabolism R-HSA-2980736,2/89,0.0809802717438836,0.16282079059783,0,0,4.378205128205129,11.004836242108508,CTSD;GZMH
Reactome_2022,Opioid Signaling R-HSA-111885,2/88,0.0794260771120826,0.16282079059783,0,0,4.4293381037567086,11.219196885441304,CALM1;PPP1CA
Reactome_2022,NRIF Signals Cell Death From Nucleus R-HSA-205043,1/16,0.0815402364397426,0.16282079059783,0,0,12.6215873015873,31.638011389100345,UBB
Reactome_2022,Rap1 Signaling R-HSA-392517,1/16,0.0815402364397426,0.16282079059783,0,0,12.6215873015873,31.638011389100345,RAP1B
Reactome_2022,VLDLR Internalisation And Degradation R-HSA-8866427,1/16,0.0815402364397426,0.16282079059783,0,0,12.6215873015873,31.638011389100345,UBB
Reactome_2022,Translesion Synthesis By REV1 R-HSA-110312,1/16,0.0815402364397426,0.16282079059783,0,0,12.6215873015873,31.638011389100345,UBB
Reactome_2022,p75NTR Signals Via NF-kB R-HSA-193639,1/16,0.0815402364397426,0.16282079059783,0,0,12.6215873015873,31.638011389100345,UBB
GO_Biological_Process_2023,Cytoskeleton-Dependent Cytokinesis (GO:0061640),2/81,0.068823495104352,0.1651763882504449,0,0,4.823515092502435,12.908739777816177,CFL1;RHOC
GO_Biological_Process_2023,Negative Regulation Of Apoptotic Signaling Pathway (GO:2001234),2/82,0.0703074648657578,0.1671734074086999,0,0,4.7629807692307695,12.645129524308606,CX3CR1;GSTP1
GO_Biological_Process_2023,Regulation Of Microglial Cell Activation (GO:1903978),1/14,0.0717194556475595,0.1671734074086999,0,0,14.564835164835165,38.37824191326997,CST7
GO_Biological_Process_2023,Regulation Of Mast Cell Degranulation (GO:0043304),1/14,0.0717194556475595,0.1671734074086999,0,0,14.564835164835165,38.37824191326997,FGR
GO_Biological_Process_2023,Negative Regulation Of T Cell Mediated Immunity (GO:0002710),1/14,0.0717194556475595,0.1671734074086999,0,0,14.564835164835165,38.37824191326997,KLRD1
GO_Biological_Process_2023,Regulation Of Transposition (GO:0010528),1/14,0.0717194556475595,0.1671734074086999,0,0,14.564835164835165,38.37824191326997,APOBEC3G
GO_Biological_Process_2023,Regulation Of Establishment Of Protein Localization (GO:0070201),1/14,0.0717194556475595,0.1671734074086999,0,0,14.564835164835165,38.37824191326997,CTSD
GO_Biological_Process_2023,Negative Regulation Of Peptidyl-Threonine Phosphorylation (GO:0010801),1/14,0.0717194556475595,0.1671734074086999,0,0,14.564835164835165,38.37824191326997,CALM1
GO_Biological_Process_2023,Negative Regulation Of Single Stranded Viral RNA Replication Via Double Stranded DNA Intermediate (GO:0045869),1/14,0.0717194556475595,0.1671734074086999,0,0,14.564835164835165,38.37824191326997,APOBEC3G
GO_Biological_Process_2023,Regulation Of Sensory Perception Of Pain (GO:0051930),1/14,0.0717194556475595,0.1671734074086999,0,0,14.564835164835165,38.37824191326997,CCL3
GO_Biological_Process_2023,Formation Of Cytoplasmic Translation Initiation Complex (GO:0001732),1/14,0.0717194556475595,0.1671734074086999,0,0,14.564835164835165,38.37824191326997,EIF3G
GO_Biological_Process_2023,Microvillus Assembly (GO:0030033),1/14,0.0717194556475595,0.1671734074086999,0,0,14.564835164835165,38.37824191326997,RAP1B
GO_Biological_Process_2023,Mitochondrion Transport Along Microtubule (GO:0047497),1/14,0.0717194556475595,0.1671734074086999,0,0,14.564835164835165,38.37824191326997,UBB
Reactome_2022,Signaling By TGF-beta Receptor Complex R-HSA-170834,2/91,0.0841168729401121,0.167432632804604,0,0,4.279386343993085,10.59382674432107,UBB;PPP1CA
Reactome_2022,Platelet Sensitization By LDL R-HSA-432142,1/17,0.0864119616795748,0.1682618011586752,0,0,11.832142857142856,28.97253011271759,FGR
Reactome_2022,Translesion Synthesis By POLK R-HSA-5655862,1/17,0.0864119616795748,0.1682618011586752,0,0,11.832142857142856,28.97253011271759,UBB
Reactome_2022,Translocation Of ZAP-70 To Immunological Synapse R-HSA-202430,1/17,0.0864119616795748,0.1682618011586752,0,0,11.832142857142856,28.97253011271759,CD247
Reactome_2022,Translesion Synthesis By POLI R-HSA-5656121,1/17,0.0864119616795748,0.1682618011586752,0,0,11.832142857142856,28.97253011271759,UBB
Reactome_2022,Activation Of IRF3/IRF7 Mediated By TBK1/IKK Epsilon R-HSA-936964,1/17,0.0864119616795748,0.1682618011586752,0,0,11.832142857142856,28.97253011271759,UBB
Reactome_2022,PKA Activation R-HSA-163615,1/17,0.0864119616795748,0.1682618011586752,0,0,11.832142857142856,28.97253011271759,CALM1
Reactome_2022,Protein Methylation R-HSA-8876725,1/17,0.0864119616795748,0.1682618011586752,0,0,11.832142857142856,28.97253011271759,CALM1
Reactome_2022,RAC3 GTPase Cycle R-HSA-9013423,2/93,0.0872901524128051,0.1689226097618173,0,0,4.18491124260355,10.204979820739752,ARHGDIB;CYBA
Reactome_2022,VEGFA-VEGFR2 Pathway R-HSA-4420097,2/93,0.0872901524128051,0.1689226097618173,0,0,4.18491124260355,10.204979820739752,CYBA;CALM1
GO_Biological_Process_2023,Positive Regulation Of Endothelial Cell Migration (GO:0010595),2/85,0.0748216339575046,0.1735719050279106,0,0,4.590129749768304,11.900591687612158,RAC1;CALR
GO_Biological_Process_2023,Calcium-Mediated Signaling (GO:0019722),2/85,0.0748216339575046,0.1735719050279106,0,0,4.590129749768304,11.900591687612158,FCGR3A;CCL3
Reactome_2022,Assembly Of HIV Virion R-HSA-175474,1/18,0.0912580888842393,0.1744476272268842,0,0,11.135574229691876,26.659273431080635,UBB
Reactome_2022,VEGFR2 Mediated Cell Proliferation R-HSA-5218921,1/18,0.0912580888842393,0.1744476272268842,0,0,11.135574229691876,26.659273431080635,CALM1
Reactome_2022,Regulation Of NF-kappa B Signaling R-HSA-9758274,1/18,0.0912580888842393,0.1744476272268842,0,0,11.135574229691876,26.659273431080635,UBB
Reactome_2022,Constitutive Signaling By Ligand-Responsive EGFR Cancer Variants R-HSA-1236382,1/18,0.0912580888842393,0.1744476272268842,0,0,11.135574229691876,26.659273431080635,UBB
GO_Biological_Process_2023,Negative Regulation Of Macrophage Activation (GO:0043031),1/15,0.0766427792936723,0.1744655303827858,0,0,13.523809523809524,34.73725554308256,CST7
GO_Biological_Process_2023,Negative Regulation Of Immune Effector Process (GO:0002698),1/15,0.0766427792936723,0.1744655303827858,0,0,13.523809523809524,34.73725554308256,HAVCR2
GO_Biological_Process_2023,Negative Regulation Of Binding (GO:0051100),2/86,0.0763466136014558,0.1744655303827858,0,0,4.535256410256411,11.666818322795091,GZMA;PPP1CA
GO_Biological_Process_2023,Epiboly Involved In Wound Healing (GO:0090505),1/15,0.0766427792936723,0.1744655303827858,0,0,13.523809523809524,34.73725554308256,RHOC
GO_Biological_Process_2023,3'-Phosphoadenosine 5'-Phosphosulfate Metabolic Process (GO:0050427),1/15,0.0766427792936723,0.1744655303827858,0,0,13.523809523809524,34.73725554308256,TPST2
GO_Biological_Process_2023,Negative Regulation Of Type I Interferon-Mediated Signaling Pathway (GO:0060339),1/15,0.0766427792936723,0.1744655303827858,0,0,13.523809523809524,34.73725554308256,ISG15
GO_Biological_Process_2023,Positive Regulation Of Cell Activation (GO:0050867),1/15,0.0766427792936723,0.1744655303827858,0,0,13.523809523809524,34.73725554308256,PLEK
GO_Biological_Process_2023,Defense Response To Protozoan (GO:0042832),1/15,0.0766427792936723,0.1744655303827858,0,0,13.523809523809524,34.73725554308256,NKG7
GO_Biological_Process_2023,Regulation Of Type II Interferon Production (GO:0032649),2/87,0.0778814763966487,0.1768710164895855,0,0,4.4816742081447964,11.439774321858993,ISG15;HAVCR2
Reactome_2022,RAS Processing R-HSA-9648002,1/19,0.0960787512596211,0.1771805207052425,0,0,10.516402116402116,24.63558791711873,CALM1
Reactome_2022,Visual Phototransduction R-HSA-2187338,2/98,0.0953765915314341,0.1771805207052425,0,0,3.9659455128205128,9.319663017587718,AKR1C3;CALM1
Reactome_2022,Ras Activation Upon Ca2+ Influx Thru NMDA Receptor R-HSA-442982,1/19,0.0960787512596211,0.1771805207052425,0,0,10.516402116402116,24.63558791711873,CALM1
Reactome_2022,"TICAM1, RIP1-mediated IKK Complex Recruitment R-HSA-168927",1/19,0.0960787512596211,0.1771805207052425,0,0,10.516402116402116,24.63558791711873,UBB
Reactome_2022,Translesion Synthesis By POLH R-HSA-110320,1/19,0.0960787512596211,0.1771805207052425,0,0,10.516402116402116,24.63558791711873,UBB
Reactome_2022,Other Semaphorin Interactions R-HSA-416700,1/19,0.0960787512596211,0.1771805207052425,0,0,10.516402116402116,24.63558791711873,TYROBP
Reactome_2022,Scavenging By Class A Receptors R-HSA-3000480,1/19,0.0960787512596211,0.1771805207052425,0,0,10.516402116402116,24.63558791711873,CALR
Reactome_2022,PKA-mediated Phosphorylation Of CREB R-HSA-111931,1/19,0.0960787512596211,0.1771805207052425,0,0,10.516402116402116,24.63558791711873,CALM1
Reactome_2022,Signaling By PDGFR In Disease R-HSA-9671555,1/19,0.0960787512596211,0.1771805207052425,0,0,10.516402116402116,24.63558791711873,BIN2
Reactome_2022,Listeria Monocytogenes Entry Into Host Cells R-HSA-8876384,1/19,0.0960787512596211,0.1771805207052425,0,0,10.516402116402116,24.63558791711873,UBB
Reactome_2022,Metabolism Of Cofactors R-HSA-8978934,1/19,0.0960787512596211,0.1771805207052425,0,0,10.516402116402116,24.63558791711873,CALM1
Reactome_2022,Regulation Of TP53 Activity Thru Methylation R-HSA-6804760,1/19,0.0960787512596211,0.1771805207052425,0,0,10.516402116402116,24.63558791711873,UBB
Reactome_2022,GPCR Ligand Binding R-HSA-500792,5/458,0.0964601764257687,0.1773622598796393,0,0,2.1245601381330186,4.968549528120182,CX3CR1;CCL4;XCL2;CCL3;S1PR5
GO_Biological_Process_2023,Regulation Of Endothelial Cell Migration (GO:0010594),2/88,0.0794260771120826,0.1799583845056976,0,0,4.4293381037567086,11.219196885441304,RAC1;CALR
GO_Biological_Process_2023,Antifungal Innate Immune Response (GO:0061760),1/16,0.0815402364397426,0.1801297950441587,0,0,12.6215873015873,31.638011389100345,CX3CR1
GO_Biological_Process_2023,Negative Regulation Of RNA Biosynthetic Process (GO:1902679),1/16,0.0815402364397426,0.1801297950441587,0,0,12.6215873015873,31.638011389100345,APOBEC3G
GO_Biological_Process_2023,Lymphocyte Mediated Immunity (GO:0002449),1/16,0.0815402364397426,0.1801297950441587,0,0,12.6215873015873,31.638011389100345,KLRD1
GO_Biological_Process_2023,Protein Localization To Mitochondrion (GO:0070585),1/16,0.0815402364397426,0.1801297950441587,0,0,12.6215873015873,31.638011389100345,ISG15
GO_Biological_Process_2023,Retinal Metabolic Process (GO:0042574),1/16,0.0815402364397426,0.1801297950441587,0,0,12.6215873015873,31.638011389100345,AKR1C3
GO_Biological_Process_2023,Negative Regulation Of Interleukin-10 Production (GO:0032693),1/16,0.0815402364397426,0.1801297950441587,0,0,12.6215873015873,31.638011389100345,TYROBP
GO_Biological_Process_2023,Cellular Response To Fatty Acid (GO:0071398),1/16,0.0815402364397426,0.1801297950441587,0,0,12.6215873015873,31.638011389100345,AKR1C3
GO_Biological_Process_2023,Negative Regulation Of Biosynthetic Process (GO:0009890),1/16,0.0815402364397426,0.1801297950441587,0,0,12.6215873015873,31.638011389100345,GSTP1
GO_Biological_Process_2023,Negative Regulation Of Inflammatory Response To Antigenic Stimulus (GO:0002862),1/16,0.0815402364397426,0.1801297950441587,0,0,12.6215873015873,31.638011389100345,FGR
GO_Biological_Process_2023,Regulation Of Cardiac Muscle Contraction By Regulation Of The Release Of Sequestered Calcium Ion (GO:0010881),1/16,0.0815402364397426,0.1801297950441587,0,0,12.6215873015873,31.638011389100345,CALM1
GO_Biological_Process_2023,Negative Regulation Of Chemokine Production (GO:0032682),1/16,0.0815402364397426,0.1801297950441587,0,0,12.6215873015873,31.638011389100345,GSTP1
Reactome_2022,Stimuli-sensing Channels R-HSA-2672351,2/100,0.0986696402849088,0.1808943405223329,0,0,3.8846153846153846,8.996683675058378,UBB;CALM1
GO_Biological_Process_2023,Regulation Of Phosphatidylinositol 3-Kinase Signaling (GO:0014066),2/90,0.0825439175414011,0.181933532540231,0,0,4.328234265734266,10.79645486428892,FGR;HCST
GO_Biological_Process_2023,Positive Regulation Of MAPK Cascade (GO:0043410),4/310,0.0828108826057897,0.1821089997575285,0,0,2.510316544918621,6.253690017783555,GLIPR2;CCL4;XCL2;CCL3
GO_Biological_Process_2023,Regulation Of Signal Transduction (GO:0009966),3/193,0.0831741400326253,0.182494952848108,0,0,3.020541645375575,7.511539738981007,CD63;AKR1C3;IGFBP7
Reactome_2022,Chaperone Mediated Autophagy R-HSA-9613829,1/20,0.1008740813042086,0.1827978294154301,0,0,9.962406015037594,22.852586421851232,UBB
Reactome_2022,Phosphorylation Of CD3 And TCR Zeta Chains R-HSA-202427,1/20,0.1008740813042086,0.1827978294154301,0,0,9.962406015037594,22.852586421851232,CD247
Reactome_2022,Regulation Of FZD By Ubiquitination R-HSA-4641263,1/20,0.1008740813042086,0.1827978294154301,0,0,9.962406015037594,22.852586421851232,UBB
Reactome_2022,FGFR2 Ligand Binding And Activation R-HSA-190241,1/20,0.1008740813042086,0.1827978294154301,0,0,9.962406015037594,22.852586421851232,FGFBP2
GO_Biological_Process_2023,Negative Regulation Of Leukocyte Activation (GO:0002695),1/17,0.0864119616795748,0.1841939183169885,0,0,11.832142857142856,28.97253011271759,HAVCR2
GO_Biological_Process_2023,Regulation Of Inflammatory Response To Antigenic Stimulus (GO:0002861),1/17,0.0864119616795748,0.1841939183169885,0,0,11.832142857142856,28.97253011271759,FGR
GO_Biological_Process_2023,Positive Regulation By Host Of Viral Process (GO:0044794),1/17,0.0864119616795748,0.1841939183169885,0,0,11.832142857142856,28.97253011271759,CFL1
GO_Biological_Process_2023,Positive Regulation Of Leukocyte Adhesion To Vascular Endothelial Cell (GO:1904996),1/17,0.0864119616795748,0.1841939183169885,0,0,11.832142857142856,28.97253011271759,ITGB2
GO_Biological_Process_2023,Regulation Of Single Stranded Viral RNA Replication Via Double Stranded DNA Intermediate (GO:0045091),1/17,0.0864119616795748,0.1841939183169885,0,0,11.832142857142856,28.97253011271759,APOBEC3G
GO_Biological_Process_2023,Leukocyte Tethering Or Rolling (GO:0050901),1/17,0.0864119616795748,0.1841939183169885,0,0,11.832142857142856,28.97253011271759,CX3CR1
GO_Biological_Process_2023,Peptidyl-Threonine Dephosphorylation (GO:0035970),1/17,0.0864119616795748,0.1841939183169885,0,0,11.832142857142856,28.97253011271759,PPP1CA
GO_Biological_Process_2023,Base Conversion Or Substitution Editing (GO:0016553),1/17,0.0864119616795748,0.1841939183169885,0,0,11.832142857142856,28.97253011271759,APOBEC3G
GO_Biological_Process_2023,Rac Protein Signal Transduction (GO:0016601),1/17,0.0864119616795748,0.1841939183169885,0,0,11.832142857142856,28.97253011271759,RAC1
GO_Biological_Process_2023,Regulation Of Telomere Maintenance Via Telomere Lengthening (GO:1904356),1/17,0.0864119616795748,0.1841939183169885,0,0,11.832142857142856,28.97253011271759,HNRNPA2B1
GO_Biological_Process_2023,Regulation Of Establishment Of Cell Polarity (GO:2000114),1/17,0.0864119616795748,0.1841939183169885,0,0,11.832142857142856,28.97253011271759,RAP1B
GO_Biological_Process_2023,Negative Regulation Of Fibroblast Proliferation (GO:0048147),1/17,0.0864119616795748,0.1841939183169885,0,0,11.832142857142856,28.97253011271759,GSTP1
GO_Biological_Process_2023,Golgi To Vacuole Transport (GO:0006896),1/17,0.0864119616795748,0.1841939183169885,0,0,11.832142857142856,28.97253011271759,LAMP1
Reactome_2022,Signaling By VEGF R-HSA-194138,2/102,0.1019945270633789,0.184295586365241,0,0,3.806538461538461,8.689703505030748,CYBA;CALM1
KEGG_2021_Human,Axon guidance,3/182,0.0725735774577661,0.1850626225173037,0,0,3.2079514020719206,8.414951739922946,CFL1;RAC2;RAC1
GO_Biological_Process_2023,Negative Regulation Of Amide Metabolic Process (GO:0034249),2/93,0.0872901524128051,0.1856587049130122,0,0,4.18491124260355,10.204979820739752,GZMB;CALR
Reactome_2022,Negative Regulation Of MET Activity R-HSA-6807004,1/21,0.1056442108825237,0.1871155938512496,0,0,9.463809523809523,21.271599601670488,UBB
Reactome_2022,"Unblocking Of NMDA Receptors, Glutamate Binding And Activation R-HSA-438066",1/21,0.1056442108825237,0.1871155938512496,0,0,9.463809523809523,21.271599601670488,CALM1
Reactome_2022,Negative Regulation Of NMDA Receptor-Mediated Neuronal Transmission R-HSA-9617324,1/21,0.1056442108825237,0.1871155938512496,0,0,9.463809523809523,21.271599601670488,CALM1
Reactome_2022,ER Quality Control Compartment (ERQC) R-HSA-901032,1/21,0.1056442108825237,0.1871155938512496,0,0,9.463809523809523,21.271599601670488,UBB
Reactome_2022,Initial Triggering Of Complement R-HSA-166663,1/21,0.1056442108825237,0.1871155938512496,0,0,9.463809523809523,21.271599601670488,GZMM
Reactome_2022,PD-1 Signaling R-HSA-389948,1/21,0.1056442108825237,0.1871155938512496,0,0,9.463809523809523,21.271599601670488,CD247
Reactome_2022,NOTCH2 Activation And Transmission Of Signal To Nucleus R-HSA-2979096,1/21,0.1056442108825237,0.1871155938512496,0,0,9.463809523809523,21.271599601670488,UBB
GO_Biological_Process_2023,Positive Regulation Of Macrophage Migration (GO:1905523),1/18,0.0912580888842393,0.1883287948948632,0,0,11.135574229691876,26.659273431080635,CCL3
GO_Biological_Process_2023,Positive Regulation Of Neuroblast Proliferation (GO:0002052),1/18,0.0912580888842393,0.1883287948948632,0,0,11.135574229691876,26.659273431080635,CX3CR1
GO_Biological_Process_2023,Positive Regulation Of Osteoclast Differentiation (GO:0045672),1/18,0.0912580888842393,0.1883287948948632,0,0,11.135574229691876,26.659273431080635,TYROBP
GO_Biological_Process_2023,Regulation Of Synaptic Vesicle Exocytosis (GO:2000300),1/18,0.0912580888842393,0.1883287948948632,0,0,11.135574229691876,26.659273431080635,RAP1B
GO_Biological_Process_2023,Vesicle Organization (GO:0016050),2/94,0.0888901994044787,0.1883287948948632,0,0,4.139214046822742,10.018360731365734,SRGN;TRAPPC1
GO_Biological_Process_2023,Positive Regulation Of Focal Adhesion Assembly (GO:0051894),1/18,0.0912580888842393,0.1883287948948632,0,0,11.135574229691876,26.659273431080635,RAC1
GO_Biological_Process_2023,Positive Regulation Of Phosphoprotein Phosphatase Activity (GO:0032516),1/18,0.0912580888842393,0.1883287948948632,0,0,11.135574229691876,26.659273431080635,CALM1
GO_Biological_Process_2023,Positive Regulation Of Nervous System Process (GO:0031646),1/18,0.0912580888842393,0.1883287948948632,0,0,11.135574229691876,26.659273431080635,CST7
GO_Biological_Process_2023,Regulation Of Establishment Or Maintenance Of Cell Polarity (GO:0032878),1/18,0.0912580888842393,0.1883287948948632,0,0,11.135574229691876,26.659273431080635,RAP1B
GO_Biological_Process_2023,Regulation Of Lymphocyte Activation (GO:0051249),1/18,0.0912580888842393,0.1883287948948632,0,0,11.135574229691876,26.659273431080635,KLRD1
GO_Biological_Process_2023,Actin Filament Capping (GO:0051693),1/18,0.0912580888842393,0.1883287948948632,0,0,11.135574229691876,26.659273431080635,CAPZB
GO_Biological_Process_2023,Barbed-End Actin Filament Capping (GO:0051016),1/18,0.0912580888842393,0.1883287948948632,0,0,11.135574229691876,26.659273431080635,CAPZB
GO_Biological_Process_2023,Response To Cholesterol (GO:0070723),1/18,0.0912580888842393,0.1883287948948632,0,0,11.135574229691876,26.659273431080635,CCL3
GO_Biological_Process_2023,Response To Axon Injury (GO:0048678),1/18,0.0912580888842393,0.1883287948948632,0,0,11.135574229691876,26.659273431080635,TYROBP
KEGG_2021_Human,Colorectal cancer,2/86,0.0763466136014558,0.1914923259184055,0,0,4.535256410256411,11.666818322795091,RAC2;RAC1
Reactome_2022,Response Of Mtb To Phagocytosis R-HSA-9637690,1/22,0.1103892711343678,0.1923485359571031,0,0,9.012698412698413,19.8616650141474,UBB
Reactome_2022,PINK1-PRKN Mediated Mitophagy R-HSA-5205685,1/22,0.1103892711343678,0.1923485359571031,0,0,9.012698412698413,19.8616650141474,UBB
Reactome_2022,RA Biosynthesis Pathway R-HSA-5365859,1/22,0.1103892711343678,0.1923485359571031,0,0,9.012698412698413,19.8616650141474,AKR1C3
Reactome_2022,Phase II - Conjugation Of Compounds R-HSA-156580,2/107,0.1104393507887673,0.1923485359571031,0,0,3.6243589743589744,7.985509427901102,TPST2;GSTP1
Reactome_2022,Cytosolic Sulfonation Of Small Molecules R-HSA-156584,1/22,0.1103892711343678,0.1923485359571031,0,0,9.012698412698413,19.8616650141474,TPST2
Reactome_2022,Signaling By NODAL R-HSA-1181150,1/22,0.1103892711343678,0.1923485359571031,0,0,9.012698412698413,19.8616650141474,DRAP1
GO_Biological_Process_2023,Regulation Of Vascular Endothelial Growth Factor Signaling Pathway (GO:1900746),1/19,0.0960787512596211,0.1937521705899414,0,0,10.516402116402116,24.63558791711873,CD63
GO_Biological_Process_2023,Linoleic Acid Metabolic Process (GO:0043651),1/19,0.0960787512596211,0.1937521705899414,0,0,10.516402116402116,24.63558791711873,GSTP1
GO_Biological_Process_2023,"Vesicle Targeting, Rough ER To cis-Golgi (GO:0048207)",1/19,0.0960787512596211,0.1937521705899414,0,0,10.516402116402116,24.63558791711873,TRAPPC1
GO_Biological_Process_2023,Cortical Actin Cytoskeleton Organization (GO:0030866),1/19,0.0960787512596211,0.1937521705899414,0,0,10.516402116402116,24.63558791711873,PLEK
GO_Biological_Process_2023,Superoxide Anion Generation (GO:0042554),1/19,0.0960787512596211,0.1937521705899414,0,0,10.516402116402116,24.63558791711873,CYBA
GO_Biological_Process_2023,Leukocyte Adhesion To Vascular Endothelial Cell (GO:0061756),1/19,0.0960787512596211,0.1937521705899414,0,0,10.516402116402116,24.63558791711873,CX3CR1
GO_Biological_Process_2023,Regulation Of Behavior (GO:0050795),1/19,0.0960787512596211,0.1937521705899414,0,0,10.516402116402116,24.63558791711873,CCL3
GO_Biological_Process_2023,COPII Vesicle Coating (GO:0048208),1/19,0.0960787512596211,0.1937521705899414,0,0,10.516402116402116,24.63558791711873,TRAPPC1
GO_Biological_Process_2023,Regulation Of Integrin-Mediated Signaling Pathway (GO:2001044),1/19,0.0960787512596211,0.1937521705899414,0,0,10.516402116402116,24.63558791711873,CD63
GO_Biological_Process_2023,Regulation Of Acute Inflammatory Response (GO:0002673),1/19,0.0960787512596211,0.1937521705899414,0,0,10.516402116402116,24.63558791711873,GSTP1
GO_Biological_Process_2023,Receptor Clustering (GO:0043113),1/19,0.0960787512596211,0.1937521705899414,0,0,10.516402116402116,24.63558791711873,ITGB2
GO_Biological_Process_2023,Regulation Of Fibroblast Migration (GO:0010762),1/20,0.1008740813042086,0.1984809858860137,0,0,9.962406015037594,22.852586421851232,RAC1
GO_Biological_Process_2023,Positive Regulation Of Embryonic Development (GO:0040019),1/20,0.1008740813042086,0.1984809858860137,0,0,9.962406015037594,22.852586421851232,CFL1
GO_Biological_Process_2023,Fc-gamma Receptor Signaling Pathway Involved In Phagocytosis (GO:0038096),1/20,0.1008740813042086,0.1984809858860137,0,0,9.962406015037594,22.852586421851232,FGR
GO_Biological_Process_2023,Cell Projection Organization (GO:0030030),1/20,0.1008740813042086,0.1984809858860137,0,0,9.962406015037594,22.852586421851232,PLEK
GO_Biological_Process_2023,Regulation Of Cardiac Muscle Contraction By Calcium Ion Signaling (GO:0010882),1/20,0.1008740813042086,0.1984809858860137,0,0,9.962406015037594,22.852586421851232,CALM1
GO_Biological_Process_2023,T Cell Mediated Immunity (GO:0002456),1/20,0.1008740813042086,0.1984809858860137,0,0,9.962406015037594,22.852586421851232,PRF1
GO_Biological_Process_2023,Negative Regulation Of Phosphate Metabolic Process (GO:0045936),1/20,0.1008740813042086,0.1984809858860137,0,0,9.962406015037594,22.852586421851232,PLEK
GO_Biological_Process_2023,Hydrogen Peroxide Catabolic Process (GO:0042744),1/20,0.1008740813042086,0.1984809858860137,0,0,9.962406015037594,22.852586421851232,PRDX5
GO_Biological_Process_2023,Endothelial Cell Development (GO:0001885),1/20,0.1008740813042086,0.1984809858860137,0,0,9.962406015037594,22.852586421851232,RAP1B
GO_Biological_Process_2023,Negative Regulation Of B Cell Activation (GO:0050869),1/20,0.1008740813042086,0.1984809858860137,0,0,9.962406015037594,22.852586421851232,TYROBP
GO_Biological_Process_2023,Regulation Of Calcium Ion Import (GO:0090279),1/20,0.1008740813042086,0.1984809858860137,0,0,9.962406015037594,22.852586421851232,CCL3
GO_Biological_Process_2023,Lipopolysaccharide-Mediated Signaling Pathway (GO:0031663),1/20,0.1008740813042086,0.1984809858860137,0,0,9.962406015037594,22.852586421851232,CCL3
Reactome_2022,Triglyceride Catabolism R-HSA-163560,1/23,0.1151093925447775,0.1988253143955249,0,0,8.602597402597402,18.59771757676144,PPP1CA
Reactome_2022,Long-term Potentiation R-HSA-9620244,1/23,0.1151093925447775,0.1988253143955249,0,0,8.602597402597402,18.59771757676144,CALM1
Reactome_2022,IKK Complex Recruitment Mediated By RIP1 R-HSA-937041,1/23,0.1151093925447775,0.1988253143955249,0,0,8.602597402597402,18.59771757676144,UBB
GO_Biological_Process_2023,Calcium Ion Homeostasis (GO:0055074),2/102,0.1019945270633789,0.2002801622335442,0,0,3.806538461538461,8.689703505030748,CCL3;CALR
GO_Biological_Process_2023,Regulation Of GTPase Activity (GO:0043087),3/214,0.1051151733863789,0.20374240670201,0,0,2.7170201996963144,6.120627710268389,CCL4;XCL2;CCL3
GO_Biological_Process_2023,Negative Regulation Of Interleukin-2 Production (GO:0032703),1/21,0.1056442108825237,0.20374240670201,0,0,9.463809523809523,21.271599601670488,HAVCR2
GO_Biological_Process_2023,Positive Regulation Of Signal Transduction By P53 Class Mediator (GO:1901798),1/21,0.1056442108825237,0.20374240670201,0,0,9.463809523809523,21.271599601670488,UBB
GO_Biological_Process_2023,Negative Regulation Of Osteoclast Differentiation (GO:0045671),1/21,0.1056442108825237,0.20374240670201,0,0,9.463809523809523,21.271599601670488,CCL3
GO_Biological_Process_2023,Negative Regulation Of Tumor Necrosis Factor-Mediated Signaling Pathway (GO:0010804),1/21,0.1056442108825237,0.20374240670201,0,0,9.463809523809523,21.271599601670488,GSTP1
GO_Biological_Process_2023,Antigen Processing And Presentation Of Endogenous Peptide Antigen (GO:0002483),1/21,0.1056442108825237,0.20374240670201,0,0,9.463809523809523,21.271599601670488,HLA-B
GO_Biological_Process_2023,Retrotransposon Silencing (GO:0010526),1/21,0.1056442108825237,0.20374240670201,0,0,9.463809523809523,21.271599601670488,APOBEC3G
GO_Biological_Process_2023,Lipid Catabolic Process (GO:0016042),1/21,0.1056442108825237,0.20374240670201,0,0,9.463809523809523,21.271599601670488,AOAH
GO_Biological_Process_2023,Macrophage Differentiation (GO:0030225),1/21,0.1056442108825237,0.20374240670201,0,0,9.463809523809523,21.271599601670488,UCP2
Reactome_2022,"Respiratory Electron Transport, ATP Synthesis By Chemiosmotic Coupling, Heat Production By Uncoupling Proteins R-HSA-163200",2/112,0.1190612634256587,0.2041237771833911,0,0,3.458741258741259,7.360606415962068,UCP2;NDUFB2
Reactome_2022,APC/C:Cdc20 Mediated Degradation Of Cyclin B R-HSA-174048,1/24,0.1198047049497415,0.2041237771833911,0,0,8.228157349896481,17.45926389427172,UBB
Reactome_2022,Aggrephagy R-HSA-9646399,1/24,0.1198047049497415,0.2041237771833911,0,0,8.228157349896481,17.45926389427172,UBB
Reactome_2022,Signaling By EGFR In Cancer R-HSA-1643713,1/24,0.1198047049497415,0.2041237771833911,0,0,8.228157349896481,17.45926389427172,UBB
Reactome_2022,Synthesis Of Bile Acids And Bile Salts Via 7Alpha-Hydroxycholesterol R-HSA-193368,1/24,0.1198047049497415,0.2041237771833911,0,0,8.228157349896481,17.45926389427172,AKR1C3
GO_Biological_Process_2023,Regulation Of Neuron Apoptotic Process (GO:0043523),2/105,0.10703931566247,0.2060241877701404,0,0,3.695108289768484,8.256937765374259,UBB;CCL3
GO_Biological_Process_2023,Positive Regulation Of Protein Autophosphorylation (GO:0031954),1/22,0.1103892711343678,0.2076345241135045,0,0,9.012698412698413,19.8616650141474,CALM1
GO_Biological_Process_2023,Organelle Fission (GO:0048285),1/22,0.1103892711343678,0.2076345241135045,0,0,9.012698412698413,19.8616650141474,UCP2
GO_Biological_Process_2023,Fc-epsilon Receptor Signaling Pathway (GO:0038095),1/22,0.1103892711343678,0.2076345241135045,0,0,9.012698412698413,19.8616650141474,FCER1G
GO_Biological_Process_2023,Regulation Of Release Of Sequestered Calcium Ion Into Cytosol By Sarcoplasmic Reticulum (GO:0010880),1/22,0.1103892711343678,0.2076345241135045,0,0,9.012698412698413,19.8616650141474,CALM1
GO_Biological_Process_2023,Positive Regulation Of Viral Life Cycle (GO:1903902),1/22,0.1103892711343678,0.2076345241135045,0,0,9.012698412698413,19.8616650141474,LGALS1
GO_Biological_Process_2023,Oxoacid Metabolic Process (GO:0043436),1/22,0.1103892711343678,0.2076345241135045,0,0,9.012698412698413,19.8616650141474,TPST2
GO_Biological_Process_2023,Protein Neddylation (GO:0045116),1/22,0.1103892711343678,0.2076345241135045,0,0,9.012698412698413,19.8616650141474,UBE2F
GO_Biological_Process_2023,Modulation By Host Of Viral Process (GO:0044788),1/22,0.1103892711343678,0.2076345241135045,0,0,9.012698412698413,19.8616650141474,CFL1
GO_Biological_Process_2023,Response To Calcium Ion (GO:0051592),2/106,0.1087357314476375,0.2076345241135045,0,0,3.659393491124261,8.119589708070714,AKR1C3;CALM1
GO_Biological_Process_2023,Positive Regulation Of Receptor Internalization (GO:0002092),1/22,0.1103892711343678,0.2076345241135045,0,0,9.012698412698413,19.8616650141474,CD63
GO_Biological_Process_2023,Negative Regulation Of G Protein-Coupled Receptor Signaling Pathway (GO:0045744),1/22,0.1103892711343678,0.2076345241135045,0,0,9.012698412698413,19.8616650141474,PLEK
GO_Biological_Process_2023,Negative Regulation Of Translation (GO:0017148),2/107,0.1104393507887673,0.2076345241135045,0,0,3.6243589743589744,7.985509427901102,GZMB;CALR
Reactome_2022,Gap-filling DNA Repair Synthesis And Ligation In GG-NER R-HSA-5696397,1/25,0.1244753374689266,0.2098011736371424,0,0,7.884920634920635,16.42939655103013,UBB
Reactome_2022,Signaling By Receptor Tyrosine Kinases R-HSA-9006934,5/496,0.1236577254350838,0.2098011736371424,0,0,1.9563025548990745,4.089137565546893,RAP1B;FGFBP2;UBB;CYBA;CALM1
Reactome_2022,Inactivation Of CSF3 (G-CSF) Signaling R-HSA-9705462,1/25,0.1244753374689266,0.2098011736371424,0,0,7.884920634920635,16.42939655103013,UBB
Reactome_2022,NOTCH3 Activation And Transmission Of Signal To Nucleus R-HSA-9013507,1/25,0.1244753374689266,0.2098011736371424,0,0,7.884920634920635,16.42939655103013,UBB
KEGG_2021_Human,Th1 and Th2 cell differentiation,2/92,0.0856989976164915,0.2114830102471484,0,0,4.231623931623932,10.396736714537374,IL2RB;CD247
GO_Biological_Process_2023,Positive Regulation Of Cell Motility (GO:2000147),3/221,0.1128895903190878,0.211831432027323,0,0,2.628841186425581,5.734409616559849,FGR;CCL3;RHOC
KEGG_2021_Human,Rheumatoid arthritis,2/93,0.0872901524128051,0.2119903701453839,0,0,4.18491124260355,10.204979820739752,ITGB2;CCL3
GO_Biological_Process_2023,Negative Regulation Of Apoptotic Process (GO:0043066),5/482,0.1132502667512103,0.2120987654762552,0,0,2.015173215434751,4.38935993588628,CX3CR1;PRDX5;GSTP1;CFL1;IL2RB
GO_Biological_Process_2023,Positive Regulation Of Protein Targeting To Membrane (GO:0090314),1/23,0.1151093925447775,0.2131168181971881,0,0,8.602597402597402,18.59771757676144,ITGB2
GO_Biological_Process_2023,Immune Response-Activating Cell Surface Receptor Signaling Pathway (GO:0002429),1/23,0.1151093925447775,0.2131168181971881,0,0,8.602597402597402,18.59771757676144,FCER1G
GO_Biological_Process_2023,Negative Regulation Of Neuron Differentiation (GO:0045665),1/23,0.1151093925447775,0.2131168181971881,0,0,8.602597402597402,18.59771757676144,CALR
GO_Biological_Process_2023,Positive Regulation Of Cell-Substrate Junction Organization (GO:0150117),1/23,0.1151093925447775,0.2131168181971881,0,0,8.602597402597402,18.59771757676144,RAC1
GO_Biological_Process_2023,Entrainment Of Circadian Clock By Photoperiod (GO:0043153),1/23,0.1151093925447775,0.2131168181971881,0,0,8.602597402597402,18.59771757676144,PPP1CA
GO_Biological_Process_2023,Regulation Of Cell Junction Assembly (GO:1901888),1/23,0.1151093925447775,0.2131168181971881,0,0,8.602597402597402,18.59771757676144,RAP1B
Reactome_2022,Pyroptosis R-HSA-5620971,1/26,0.129121418613924,0.2136124788151196,0,0,7.569142857142857,15.494051230927994,GZMB
Reactome_2022,Infection With Mycobacterium Tuberculosis R-HSA-9635486,1/26,0.129121418613924,0.2136124788151196,0,0,7.569142857142857,15.494051230927994,UBB
Reactome_2022,Attenuation Phase R-HSA-3371568,1/26,0.129121418613924,0.2136124788151196,0,0,7.569142857142857,15.494051230927994,UBB
Reactome_2022,Platelet Calcium Homeostasis R-HSA-418360,1/26,0.129121418613924,0.2136124788151196,0,0,7.569142857142857,15.494051230927994,CALM1
Reactome_2022,APC-Cdc20 Mediated Degradation Of Nek2A R-HSA-179409,1/26,0.129121418613924,0.2136124788151196,0,0,7.569142857142857,15.494051230927994,UBB
Reactome_2022,Role Of Phospholipids In Phagocytosis R-HSA-2029485,1/26,0.129121418613924,0.2136124788151196,0,0,7.569142857142857,15.494051230927994,CD247
Reactome_2022,Synthesis Of IP3 And IP4 In Cytosol R-HSA-1855204,1/26,0.129121418613924,0.2136124788151196,0,0,7.569142857142857,15.494051230927994,CALM1
KEGG_2021_Human,Staphylococcus aureus infection,2/95,0.0904990018193803,0.2163491762244561,0,0,4.09449958643507,9.83669319355052,FCGR3A;ITGB2
GO_Biological_Process_2023,T Cell Activation (GO:0042110),2/111,0.1173234370195654,0.2168030052909079,0,0,3.490649258997883,7.479835625427661,CD7;CD247
Reactome_2022,VEGFR2 Mediated Vascular Permeability R-HSA-5218920,1/27,0.1337430762062543,0.217810152678757,0,0,7.277655677655678,14.6414399447917,CALM1
Reactome_2022,Integrin Signaling R-HSA-354192,1/27,0.1337430762062543,0.217810152678757,0,0,7.277655677655678,14.6414399447917,RAP1B
Reactome_2022,FLT3 Signaling In Disease R-HSA-9682385,1/27,0.1337430762062543,0.217810152678757,0,0,7.277655677655678,14.6414399447917,UBB
Reactome_2022,Interleukin Receptor SHC Signaling R-HSA-912526,1/27,0.1337430762062543,0.217810152678757,0,0,7.277655677655678,14.6414399447917,IL2RB
Reactome_2022,Role Of Nef In HIV-1 Replication And Disease Pathogenesis R-HSA-164952,1/27,0.1337430762062543,0.217810152678757,0,0,7.277655677655678,14.6414399447917,CD247
Reactome_2022,CREB1 Phosphorylation Thru NMDA Receptor-Mediated Activation Of RAS Signaling R-HSA-442742,1/27,0.1337430762062543,0.217810152678757,0,0,7.277655677655678,14.6414399447917,CALM1
KEGG_2021_Human,Proteoglycans in cancer,3/205,0.0954496447526271,0.2179670992112233,0,0,2.839373257714121,6.670132004115892,CD63;RAC1;PPP1CA
KEGG_2021_Human,Choline metabolism in cancer,2/98,0.0953765915314341,0.2179670992112233,0,0,3.9659455128205128,9.319663017587718,RAC2;RAC1
KEGG_2021_Human,Inflammatory mediator regulation of TRP channels,2/98,0.0953765915314341,0.2179670992112233,0,0,3.9659455128205128,9.319663017587718,CALM1;PPP1CA
GO_Biological_Process_2023,Regulation Of Neuroblast Proliferation (GO:1902692),1/24,0.1198047049497415,0.2188913030284751,0,0,8.228157349896481,17.45926389427172,CX3CR1
GO_Biological_Process_2023,Regulation Of Ryanodine-Sensitive Calcium-Release Channel Activity (GO:0060314),1/24,0.1198047049497415,0.2188913030284751,0,0,8.228157349896481,17.45926389427172,CALM1
GO_Biological_Process_2023,Dicarboxylic Acid Transport (GO:0006835),1/24,0.1198047049497415,0.2188913030284751,0,0,8.228157349896481,17.45926389427172,UCP2
GO_Biological_Process_2023,Protein Kinase B Signaling (GO:0043491),1/24,0.1198047049497415,0.2188913030284751,0,0,8.228157349896481,17.45926389427172,CCL3
GO_Biological_Process_2023,Photoperiodism (GO:0009648),1/24,0.1198047049497415,0.2188913030284751,0,0,8.228157349896481,17.45926389427172,PPP1CA
GO_Biological_Process_2023,Positive Regulation Of Peptidyl-Threonine Phosphorylation (GO:0010800),1/24,0.1198047049497415,0.2188913030284751,0,0,8.228157349896481,17.45926389427172,CALM1
Reactome_2022,SARS-CoV-2 Activates/Modulates Innate And Adaptive Immune Responses R-HSA-9705671,2/121,0.1349799150534776,0.2192549397371255,0,0,3.1957013574660635,6.399805137338808,HLA-B;ISG15
GO_Biological_Process_2023,Regulation Of Protein Ubiquitination (GO:0031396),2/113,0.1208055764999824,0.2200242746403116,0,0,3.4274081774081773,7.244076806119736,UBB;ISG15
GO_Biological_Process_2023,Cellular Response To Lipid (GO:0071396),3/228,0.1208775335986897,0.2200242746403116,0,0,2.546148867313916,5.379954924409067,CX3CR1;GSTP1;AKR1C3
GO_Biological_Process_2023,"Wound Healing, Spreading Of Cells (GO:0044319)",1/25,0.1244753374689266,0.2207847226638625,0,0,7.884920634920635,16.42939655103013,RHOC
GO_Biological_Process_2023,Negative Regulation Of Lipid Biosynthetic Process (GO:0051055),1/25,0.1244753374689266,0.2207847226638625,0,0,7.884920634920635,16.42939655103013,AKR1C3
GO_Biological_Process_2023,Negative Regulation Of Stress Fiber Assembly (GO:0051497),1/25,0.1244753374689266,0.2207847226638625,0,0,7.884920634920635,16.42939655103013,PFN1
GO_Biological_Process_2023,Cellular Response To Steroid Hormone Stimulus (GO:0071383),1/25,0.1244753374689266,0.2207847226638625,0,0,7.884920634920635,16.42939655103013,AKR1C3
GO_Biological_Process_2023,Positive Regulation Of T Cell Migration (GO:2000406),1/25,0.1244753374689266,0.2207847226638625,0,0,7.884920634920635,16.42939655103013,XCL2
GO_Biological_Process_2023,Long-Chain Fatty Acid Biosynthetic Process (GO:0042759),1/25,0.1244753374689266,0.2207847226638625,0,0,7.884920634920635,16.42939655103013,GSTP1
GO_Biological_Process_2023,Regulation Of Actin Cytoskeleton Reorganization (GO:2000249),1/25,0.1244753374689266,0.2207847226638625,0,0,7.884920634920635,16.42939655103013,ARHGDIB
GO_Biological_Process_2023,Lamellipodium Assembly (GO:0030032),1/25,0.1244753374689266,0.2207847226638625,0,0,7.884920634920635,16.42939655103013,RAC1
GO_Biological_Process_2023,Secretory Granule Organization (GO:0033363),1/25,0.1244753374689266,0.2207847226638625,0,0,7.884920634920635,16.42939655103013,SRGN
GO_Biological_Process_2023,Regulation Of Cytoskeleton Organization (GO:0051493),2/114,0.1225562604002483,0.2207847226638625,0,0,3.3966346153846154,7.130164726715683,BST2;RAC1
GO_Biological_Process_2023,Cellular Response To Hexose Stimulus (GO:0071331),1/25,0.1244753374689266,0.2207847226638625,0,0,7.884920634920635,16.42939655103013,UCP2
GO_Biological_Process_2023,Osteoclast Differentiation (GO:0030316),1/25,0.1244753374689266,0.2207847226638625,0,0,7.884920634920635,16.42939655103013,TYROBP
GO_Biological_Process_2023,Positive Regulation Of Peptidase Activity (GO:0010952),1/25,0.1244753374689266,0.2207847226638625,0,0,7.884920634920635,16.42939655103013,PSME2
GO_Biological_Process_2023,Negative Regulation Of Transposition (GO:0010529),1/25,0.1244753374689266,0.2207847226638625,0,0,7.884920634920635,16.42939655103013,APOBEC3G
Reactome_2022,Paracetamol ADME R-HSA-9753281,1/28,0.1383404373758099,0.2229806021455856,0,0,7.007760141093474,13.861613711094853,GSTP1
Reactome_2022,MET Promotes Cell Motility R-HSA-8875878,1/28,0.1383404373758099,0.2229806021455856,0,0,7.007760141093474,13.861613711094853,RAP1B
Reactome_2022,Mitophagy R-HSA-5205647,1/28,0.1383404373758099,0.2229806021455856,0,0,7.007760141093474,13.861613711094853,UBB
GO_Biological_Process_2023,Positive Regulation Of Microtubule Polymerization Or Depolymerization (GO:0031112),1/26,0.129121418613924,0.2241178908798824,0,0,7.569142857142857,15.494051230927994,RAC1
GO_Biological_Process_2023,Regulation Of Transcription By RNA Polymerase III (GO:0006359),1/26,0.129121418613924,0.2241178908798824,0,0,7.569142857142857,15.494051230927994,PRDX5
GO_Biological_Process_2023,Regulation Of Interferon-Alpha Production (GO:0032647),1/26,0.129121418613924,0.2241178908798824,0,0,7.569142857142857,15.494051230927994,HAVCR2
GO_Biological_Process_2023,Positive Regulation Of Phosphatidylinositol 3-Kinase Activity (GO:0043552),1/26,0.129121418613924,0.2241178908798824,0,0,7.569142857142857,15.494051230927994,FGR
GO_Biological_Process_2023,Cellular Response To Molecule Of Bacterial Origin (GO:0071219),2/117,0.1278453942125844,0.2241178908798824,0,0,3.30752508361204,6.803359486667362,CX3CR1;GSTP1
GO_Biological_Process_2023,Negative Regulation Of Catalytic Activity (GO:0043086),1/26,0.129121418613924,0.2241178908798824,0,0,7.569142857142857,15.494051230927994,GZMA
GO_Biological_Process_2023,Negative Regulation Of Protein Polymerization (GO:0032272),1/26,0.129121418613924,0.2241178908798824,0,0,7.569142857142857,15.494051230927994,PFN1
GO_Biological_Process_2023,Negative Regulation Of Receptor-Mediated Endocytosis (GO:0048261),1/26,0.129121418613924,0.2241178908798824,0,0,7.569142857142857,15.494051230927994,RAC1
GO_Biological_Process_2023,"Wnt Signaling Pathway, Planar Cell Polarity Pathway (GO:0060071)",1/26,0.129121418613924,0.2241178908798824,0,0,7.569142857142857,15.494051230927994,RAC1
GO_Biological_Process_2023,Positive Regulation Of GTPase Activity (GO:0043547),3/234,0.1278864602863303,0.2241178908798824,0,0,2.479258605472198,5.098874084334988,CCL4;XCL2;CCL3
GO_Biological_Process_2023,Regulation Of Reactive Oxygen Species Biosynthetic Process (GO:1903426),1/26,0.129121418613924,0.2241178908798824,0,0,7.569142857142857,15.494051230927994,CYBA
GO_Biological_Process_2023,Protein Export From Nucleus (GO:0006611),1/26,0.129121418613924,0.2241178908798824,0,0,7.569142857142857,15.494051230927994,CALR
Reactome_2022,FCERI Mediated Ca+2 Mobilization R-HSA-2871809,1/29,0.1429136286904141,0.2250166432744616,0,0,6.757142857142857,13.146121612489974,CALM1
Reactome_2022,Activation Of Kainate Receptors Upon Glutamate Binding R-HSA-451326,1/29,0.1429136286904141,0.2250166432744616,0,0,6.757142857142857,13.146121612489974,CALM1
Reactome_2022,Regulation Of Necroptotic Cell Death R-HSA-5675482,1/29,0.1429136286904141,0.2250166432744616,0,0,6.757142857142857,13.146121612489974,UBB
Reactome_2022,Budding And Maturation Of HIV Virion R-HSA-162588,1/29,0.1429136286904141,0.2250166432744616,0,0,6.757142857142857,13.146121612489974,UBB
Reactome_2022,M Phase R-HSA-68886,4/380,0.1431924093564756,0.2250166432744616,0,0,2.0356695869837296,3.956458263973403,UBB;PSME2;PSMB10;PSMB8
Reactome_2022,HSF1 Activation R-HSA-3371511,1/29,0.1429136286904141,0.2250166432744616,0,0,6.757142857142857,13.146121612489974,UBB
Reactome_2022,Downregulation Of ERBB2 Signaling R-HSA-8863795,1/29,0.1429136286904141,0.2250166432744616,0,0,6.757142857142857,13.146121612489974,UBB
Reactome_2022,Dectin-2 Family R-HSA-5621480,1/29,0.1429136286904141,0.2250166432744616,0,0,6.757142857142857,13.146121612489974,FCER1G
Reactome_2022,Uptake And Actions Of Bacterial Toxins R-HSA-5339562,1/29,0.1429136286904141,0.2250166432744616,0,0,6.757142857142857,13.146121612489974,CALM1
Reactome_2022,Negative Regulation Of FGFR3 Signaling R-HSA-5654732,1/29,0.1429136286904141,0.2250166432744616,0,0,6.757142857142857,13.146121612489974,UBB
GO_Biological_Process_2023,Regulation Of Protein Kinase Activity (GO:0045859),2/119,0.1314012598819786,0.2276684930575459,0,0,3.250657462195924,6.597207969966384,FGR;GSTP1
Reactome_2022,Recognition Of DNA Damage By PCNA-containing Replication Complex R-HSA-110314,1/30,0.147462775934803,0.2288593081958453,0,0,6.523809523809524,12.487742462791424,UBB
Reactome_2022,Synthesis Of Active Ubiquitin: Roles Of E1 And E2 Enzymes R-HSA-8866652,1/30,0.147462775934803,0.2288593081958453,0,0,6.523809523809524,12.487742462791424,UBB
Reactome_2022,Endosomal Sorting Complex Required For Transport (ESCRT) R-HSA-917729,1/30,0.147462775934803,0.2288593081958453,0,0,6.523809523809524,12.487742462791424,UBB
Reactome_2022,Signaling By CSF3 (G-CSF) R-HSA-9674555,1/30,0.147462775934803,0.2288593081958453,0,0,6.523809523809524,12.487742462791424,UBB
Reactome_2022,Translation Of Structural Proteins R-HSA-9683701,1/30,0.147462775934803,0.2288593081958453,0,0,6.523809523809524,12.487742462791424,UBB
KEGG_2021_Human,Pancreatic secretion,2/102,0.1019945270633789,0.2294876858926027,0,0,3.806538461538461,8.689703505030748,RAP1B;RAC1
GO_Biological_Process_2023,Regulation Of Actin Polymerization Or Depolymerization (GO:0008064),1/27,0.1337430762062543,0.2304933866533318,0,0,7.277655677655678,14.6414399447917,PFN1
GO_Biological_Process_2023,Positive Regulation Of Calcium Ion Transmembrane Transporter Activity (GO:1901021),1/27,0.1337430762062543,0.2304933866533318,0,0,7.277655677655678,14.6414399447917,CALM1
GO_Biological_Process_2023,T Cell Activation Involved In Immune Response (GO:0002286),1/27,0.1337430762062543,0.2304933866533318,0,0,7.277655677655678,14.6414399447917,FCER1G
Reactome_2022,Metalloprotease DUBs R-HSA-5689901,1/31,0.1519880043814253,0.230742079290929,0,0,6.306031746031746,11.880271712830174,UBB
Reactome_2022,Negative Regulation Of FGFR4 Signaling R-HSA-5654733,1/31,0.1519880043814253,0.230742079290929,0,0,6.306031746031746,11.880271712830174,UBB
Reactome_2022,Downregulation Of SMAD2/3:SMAD4 Transcriptional Activity R-HSA-2173795,1/31,0.1519880043814253,0.230742079290929,0,0,6.306031746031746,11.880271712830174,UBB
Reactome_2022,EGFR Downregulation R-HSA-182971,1/31,0.1519880043814253,0.230742079290929,0,0,6.306031746031746,11.880271712830174,UBB
Reactome_2022,Regulation Of MECP2 Expression And Activity R-HSA-9022692,1/31,0.1519880043814253,0.230742079290929,0,0,6.306031746031746,11.880271712830174,CALM1
Reactome_2022,RIPK1-mediated Regulated Necrosis R-HSA-5213460,1/31,0.1519880043814253,0.230742079290929,0,0,6.306031746031746,11.880271712830174,UBB
Reactome_2022,Activated NOTCH1 Transmits Signal To Nucleus R-HSA-2122948,1/31,0.1519880043814253,0.230742079290929,0,0,6.306031746031746,11.880271712830174,UBB
Reactome_2022,Antigen Activates B Cell Receptor Leading To Second Messenger Generation R-HSA-983695,1/31,0.1519880043814253,0.230742079290929,0,0,6.306031746031746,11.880271712830174,CALM1
Reactome_2022,Late Endosomal Microautophagy R-HSA-9615710,1/31,0.1519880043814253,0.230742079290929,0,0,6.306031746031746,11.880271712830174,UBB
GO_Biological_Process_2023,Vesicle Coating (GO:0006901),1/28,0.1383404373758099,0.2334492882374148,0,0,7.007760141093474,13.861613711094853,TRAPPC1
GO_Biological_Process_2023,Negative Regulation Of Actin Filament Bundle Assembly (GO:0032232),1/28,0.1383404373758099,0.2334492882374148,0,0,7.007760141093474,13.861613711094853,PFN1
GO_Biological_Process_2023,Regulation Of Cell Motility (GO:2000145),2/123,0.1385804931203584,0.2334492882374148,0,0,3.1425619834710745,6.210657643483072,RAC1;TMSB10
GO_Biological_Process_2023,Negative Regulation Of Cytoskeleton Organization (GO:0051494),1/28,0.1383404373758099,0.2334492882374148,0,0,7.007760141093474,13.861613711094853,PFN1
GO_Biological_Process_2023,Hematopoietic Progenitor Cell Differentiation (GO:0002244),1/28,0.1383404373758099,0.2334492882374148,0,0,7.007760141093474,13.861613711094853,PLEK
GO_Biological_Process_2023,Establishment Of Endothelial Barrier (GO:0061028),1/28,0.1383404373758099,0.2334492882374148,0,0,7.007760141093474,13.861613711094853,RAP1B
GO_Biological_Process_2023,Regulation Of Cardiac Muscle Cell Action Potential (GO:0098901),1/28,0.1383404373758099,0.2334492882374148,0,0,7.007760141093474,13.861613711094853,CALM1
GO_Biological_Process_2023,Regulation Of Protein Catabolic Process (GO:0042176),2/122,0.13677751728555,0.2334492882374148,0,0,3.1689102564102565,6.304228906271613,UBB;PSME2
GO_Biological_Process_2023,Receptor-Mediated Endocytosis (GO:0006898),2/122,0.13677751728555,0.2334492882374148,0,0,3.1689102564102565,6.304228906271613,FCER1G;ITGB2
GO_Biological_Process_2023,Regulation Of Protein Targeting To Membrane (GO:0090313),1/28,0.1383404373758099,0.2334492882374148,0,0,7.007760141093474,13.861613711094853,ITGB2
GO_Biological_Process_2023,Negative Regulation Of Type II Interferon Production (GO:0032689),1/28,0.1383404373758099,0.2334492882374148,0,0,7.007760141093474,13.861613711094853,HAVCR2
GO_Biological_Process_2023,Diterpenoid Metabolic Process (GO:0016101),1/28,0.1383404373758099,0.2334492882374148,0,0,7.007760141093474,13.861613711094853,AKR1C3
GO_Biological_Process_2023,Positive Regulation Of Defense Response To Virus By Host (GO:0002230),1/28,0.1383404373758099,0.2334492882374148,0,0,7.007760141093474,13.861613711094853,APOBEC3G
KEGG_2021_Human,C-type lectin receptor signaling pathway,2/104,0.105350226617484,0.233602676412682,0,0,3.731523378582202,8.397662714069831,FCER1G;CALM1
Reactome_2022,Cargo Concentration In ER R-HSA-5694530,1/32,0.156489438561413,0.2347341578421196,0,0,6.102304147465437,11.318350870830448,CTSC
Reactome_2022,Phase 0 - Rapid Depolarisation R-HSA-5576892,1/32,0.156489438561413,0.2347341578421196,0,0,6.102304147465437,11.318350870830448,CALM1
Reactome_2022,Gluconeogenesis R-HSA-70263,1/32,0.156489438561413,0.2347341578421196,0,0,6.102304147465437,11.318350870830448,TPI1
Reactome_2022,"Inactivation, Recovery And Regulation Of Phototransduction Cascade R-HSA-2514859",1/32,0.156489438561413,0.2347341578421196,0,0,6.102304147465437,11.318350870830448,CALM1
Reactome_2022,RAF Activation R-HSA-5673000,1/32,0.156489438561413,0.2347341578421196,0,0,6.102304147465437,11.318350870830448,CALM1
GO_Biological_Process_2023,Enzyme-Linked Receptor Protein Signaling Pathway (GO:0007167),2/124,0.1403887366649296,0.2358438830001402,0,0,3.1166456494325345,6.119035112343955,FGR;CD7
GO_Biological_Process_2023,Regulation Of Establishment Of Planar Polarity (GO:0090175),1/29,0.1429136286904141,0.2358438830001402,0,0,6.757142857142857,13.146121612489974,RAC1
GO_Biological_Process_2023,Response To Alcohol (GO:0097305),1/29,0.1429136286904141,0.2358438830001402,0,0,6.757142857142857,13.146121612489974,CCL3
GO_Biological_Process_2023,Positive Regulation Of Dephosphorylation (GO:0035306),1/29,0.1429136286904141,0.2358438830001402,0,0,6.757142857142857,13.146121612489974,CALM1
GO_Biological_Process_2023,Regulation Of Striated Muscle Contraction (GO:0006942),1/29,0.1429136286904141,0.2358438830001402,0,0,6.757142857142857,13.146121612489974,CALM1
GO_Biological_Process_2023,Carbohydrate Derivative Biosynthetic Process (GO:1901137),1/29,0.1429136286904141,0.2358438830001402,0,0,6.757142857142857,13.146121612489974,TPI1
GO_Biological_Process_2023,Positive Regulation Of Endopeptidase Activity (GO:0010950),1/29,0.1429136286904141,0.2358438830001402,0,0,6.757142857142857,13.146121612489974,PSME2
GO_Biological_Process_2023,Defense Response To Fungus (GO:0050832),1/29,0.1429136286904141,0.2358438830001402,0,0,6.757142857142857,13.146121612489974,CX3CR1
GO_Biological_Process_2023,Positive Regulation Of Neural Precursor Cell Proliferation (GO:2000179),1/29,0.1429136286904141,0.2358438830001402,0,0,6.757142857142857,13.146121612489974,CX3CR1
GO_Biological_Process_2023,Positive Regulation Of Microtubule Polymerization (GO:0031116),1/29,0.1429136286904141,0.2358438830001402,0,0,6.757142857142857,13.146121612489974,RAC1
GO_Biological_Process_2023,Heterotypic Cell-Cell Adhesion (GO:0034113),1/29,0.1429136286904141,0.2358438830001402,0,0,6.757142857142857,13.146121612489974,ITGB2
GO_Biological_Process_2023,Negative Regulation Of DNA Binding (GO:0043392),1/29,0.1429136286904141,0.2358438830001402,0,0,6.757142857142857,13.146121612489974,GZMA
GO_Biological_Process_2023,Protein-Containing Complex Organization (GO:0043933),2/126,0.1440206079390344,0.2370924532285954,0,0,3.0660669975186106,5.941421190600932,IL2RB;CD247
GO_Biological_Process_2023,Negative Regulation Of Programmed Cell Death (GO:0043069),4/381,0.1441580656976336,0.2370924532285954,0,0,2.0301659125188536,3.932116499822929,PRDX5;GSTP1;CFL1;IL2RB
Reactome_2022,CaM Pathway R-HSA-111997,1/33,0.1609672024230656,0.2374739668688522,0,0,5.911309523809524,10.79732987706831,CALM1
Reactome_2022,Phototransduction Cascade R-HSA-2514856,1/33,0.1609672024230656,0.2374739668688522,0,0,5.911309523809524,10.79732987706831,CALM1
Reactome_2022,Signaling By Nuclear Receptors R-HSA-9006931,3/260,0.1598229782361122,0.2374739668688522,0,0,2.225492047901477,4.080859091109325,AKR1C3;CALM1;CTSD
Reactome_2022,Oncogene Induced Senescence R-HSA-2559585,1/33,0.1609672024230656,0.2374739668688522,0,0,5.911309523809524,10.79732987706831,UBB
Reactome_2022,Signaling By High-Kinase Activity BRAF Mutants R-HSA-6802948,1/33,0.1609672024230656,0.2374739668688522,0,0,5.911309523809524,10.79732987706831,RAP1B
Reactome_2022,Diseases Of Carbohydrate Metabolism R-HSA-5663084,1/33,0.1609672024230656,0.2374739668688522,0,0,5.911309523809524,10.79732987706831,UBB
Reactome_2022,Negative Regulation Of FGFR1 Signaling R-HSA-5654726,1/33,0.1609672024230656,0.2374739668688522,0,0,5.911309523809524,10.79732987706831,UBB
GO_Biological_Process_2023,Negative Regulation Of Myeloid Leukocyte Differentiation (GO:0002762),1/30,0.147462775934803,0.238492209997718,0,0,6.523809523809524,12.487742462791424,CCL3
GO_Biological_Process_2023,Positive Regulation Of Interleukin-10 Production (GO:0032733),1/30,0.147462775934803,0.238492209997718,0,0,6.523809523809524,12.487742462791424,ISG15
GO_Biological_Process_2023,Positive Regulation Of Lipid Kinase Activity (GO:0090218),1/30,0.147462775934803,0.238492209997718,0,0,6.523809523809524,12.487742462791424,FGR
GO_Biological_Process_2023,Positive Regulation Of Protein Targeting To Mitochondrion (GO:1903955),1/30,0.147462775934803,0.238492209997718,0,0,6.523809523809524,12.487742462791424,RAC2
GO_Biological_Process_2023,Lamellipodium Organization (GO:0097581),1/30,0.147462775934803,0.238492209997718,0,0,6.523809523809524,12.487742462791424,RAC1
GO_Biological_Process_2023,Negative Regulation Of Calcium Ion Transmembrane Transporter Activity (GO:1901020),1/30,0.147462775934803,0.238492209997718,0,0,6.523809523809524,12.487742462791424,CALM1
GO_Biological_Process_2023,Negative Regulation Of Carbohydrate Metabolic Process (GO:0045912),1/30,0.147462775934803,0.238492209997718,0,0,6.523809523809524,12.487742462791424,PLEK
GO_Biological_Process_2023,Cytoplasmic Translational Initiation (GO:0002183),1/30,0.147462775934803,0.238492209997718,0,0,6.523809523809524,12.487742462791424,EIF3G
GO_Biological_Process_2023,Regulation Of Potassium Ion Transport (GO:0043266),1/30,0.147462775934803,0.238492209997718,0,0,6.523809523809524,12.487742462791424,CD63
GO_Biological_Process_2023,DNA Geometric Change (GO:0032392),1/30,0.147462775934803,0.238492209997718,0,0,6.523809523809524,12.487742462791424,HNRNPA2B1
GO_Biological_Process_2023,Leukocyte Cell-Cell Adhesion (GO:0007159),1/31,0.1519880043814253,0.2402151874125942,0,0,6.306031746031746,11.880271712830174,ITGB2
GO_Biological_Process_2023,Glutamine Family Amino Acid Metabolic Process (GO:0009064),1/31,0.1519880043814253,0.2402151874125942,0,0,6.306031746031746,11.880271712830174,UCP2
GO_Biological_Process_2023,Regulation Of Protein Autophosphorylation (GO:0031952),1/31,0.1519880043814253,0.2402151874125942,0,0,6.306031746031746,11.880271712830174,CALM1
GO_Biological_Process_2023,Positive Regulation Of Multicellular Organismal Process (GO:0051240),4/387,0.1500062090251711,0.2402151874125942,0,0,1.997747401832796,3.78988382872293,FGR;GLIPR2;CFL1;UCP2
GO_Biological_Process_2023,Positive Regulation Of Proteolysis Involved In Protein Catabolic Process (GO:1903052),1/31,0.1519880043814253,0.2402151874125942,0,0,6.306031746031746,11.880271712830174,CTSC
GO_Biological_Process_2023,Negative Regulation Of Intracellular Steroid Hormone Receptor Signaling Pathway (GO:0033144),1/31,0.1519880043814253,0.2402151874125942,0,0,6.306031746031746,11.880271712830174,CALR
GO_Biological_Process_2023,Actin Filament Polymerization (GO:0030041),1/31,0.1519880043814253,0.2402151874125942,0,0,6.306031746031746,11.880271712830174,RAC1
GO_Biological_Process_2023,Endodermal Cell Differentiation (GO:0035987),1/31,0.1519880043814253,0.2402151874125942,0,0,6.306031746031746,11.880271712830174,ITGB2
GO_Biological_Process_2023,Positive Regulation Of Mononuclear Cell Migration (GO:0071677),1/31,0.1519880043814253,0.2402151874125942,0,0,6.306031746031746,11.880271712830174,CALR
GO_Biological_Process_2023,Regulation Of Long-Term Synaptic Potentiation (GO:1900271),1/31,0.1519880043814253,0.2402151874125942,0,0,6.306031746031746,11.880271712830174,TYROBP
GO_Biological_Process_2023,Positive Regulation Of Rho Protein Signal Transduction (GO:0035025),1/31,0.1519880043814253,0.2402151874125942,0,0,6.306031746031746,11.880271712830174,RAC1
GO_Biological_Process_2023,Regulation Of Protein Localization To Cell Surface (GO:2000008),1/31,0.1519880043814253,0.2402151874125942,0,0,6.306031746031746,11.880271712830174,TYROBP
GO_Biological_Process_2023,Regulation Of Response To Biotic Stimulus (GO:0002831),1/31,0.1519880043814253,0.2402151874125942,0,0,6.306031746031746,11.880271712830174,FGR
GO_Biological_Process_2023,Cellular Response To cAMP (GO:0071320),1/31,0.1519880043814253,0.2402151874125942,0,0,6.306031746031746,11.880271712830174,RAP1B
KEGG_2021_Human,Th17 cell differentiation,2/107,0.1104393507887673,0.24138886672402,0,0,3.6243589743589744,7.985509427901102,IL2RB;CD247
Reactome_2022,COPI-independent Golgi-to-ER Retrograde Traffic R-HSA-6811436,1/34,0.1654214192350236,0.2423346492064481,0,0,5.731890331890332,10.313155296299051,CAPZB
Reactome_2022,Negative Regulation Of FGFR2 Signaling R-HSA-5654727,1/34,0.1654214192350236,0.2423346492064481,0,0,5.731890331890332,10.313155296299051,UBB
Reactome_2022,Synthesis Of Bile Acids And Bile Salts R-HSA-192105,1/34,0.1654214192350236,0.2423346492064481,0,0,5.731890331890332,10.313155296299051,AKR1C3
GO_Biological_Process_2023,Plasma Membrane Bounded Cell Projection Organization (GO:0120036),2/132,0.1550319235759588,0.2446282949932336,0,0,2.9236686390532545,5.450081535098324,PLEK;RAC1
GO_Biological_Process_2023,Regulation Of Calcium Ion Transmembrane Transporter Activity (GO:1901019),1/32,0.156489438561413,0.2449399907917769,0,0,6.102304147465437,11.318350870830448,CALM1
GO_Biological_Process_2023,miRNA Processing (GO:0035196),1/32,0.156489438561413,0.2449399907917769,0,0,6.102304147465437,11.318350870830448,HNRNPA2B1
GO_Biological_Process_2023,Gluconeogenesis (GO:0006094),1/32,0.156489438561413,0.2449399907917769,0,0,6.102304147465437,11.318350870830448,TPI1
GO_Biological_Process_2023,Phosphatidylinositol 3-Kinase Signaling (GO:0014065),1/32,0.156489438561413,0.2449399907917769,0,0,6.102304147465437,11.318350870830448,FCGR3A
GO_Biological_Process_2023,Vesicle Budding From Membrane (GO:0006900),1/32,0.156489438561413,0.2449399907917769,0,0,6.102304147465437,11.318350870830448,TRAPPC1
GO_Biological_Process_2023,Negative Regulation Of Cell Motility (GO:2000146),2/133,0.1568829651405067,0.2451611609591198,0,0,2.901203758073987,5.373769737232892,BST2;IFITM1
Reactome_2022,Plasma Lipoprotein Clearance R-HSA-8964043,1/35,0.1698522116392294,0.2466696750145512,0,0,5.563025210084033,9.862278864903406,UBB
Reactome_2022,Ca-dependent Events R-HSA-111996,1/35,0.1698522116392294,0.2466696750145512,0,0,5.563025210084033,9.862278864903406,CALM1
Reactome_2022,Toll Like Receptor 4 (TLR4) Cascade R-HSA-166016,2/140,0.1699542258473463,0.2466696750145512,0,0,2.753065774804905,4.879055125495456,UBB;ITGB2
Reactome_2022,Regulation Of TNFR1 Signaling R-HSA-5357905,1/35,0.1698522116392294,0.2466696750145512,0,0,5.563025210084033,9.862278864903406,UBB
GO_Biological_Process_2023,Negative Regulation Of Epithelial Cell Migration (GO:0010633),1/33,0.1609672024230656,0.247172386659115,0,0,5.911309523809524,10.79732987706831,EVL
GO_Biological_Process_2023,Actin Filament Bundle Organization (GO:0061572),1/33,0.1609672024230656,0.247172386659115,0,0,5.911309523809524,10.79732987706831,LIMD2
GO_Biological_Process_2023,Cellular Component Assembly (GO:0022607),3/260,0.1598229782361122,0.247172386659115,0,0,2.225492047901477,4.080859091109325,IL2RB;CD247;LIMD2
GO_Biological_Process_2023,Negative Regulation Of Endocytosis (GO:0045806),1/33,0.1609672024230656,0.247172386659115,0,0,5.911309523809524,10.79732987706831,RAC1
GO_Biological_Process_2023,Actin Filament Bundle Assembly (GO:0051017),1/33,0.1609672024230656,0.247172386659115,0,0,5.911309523809524,10.79732987706831,LIMD2
GO_Biological_Process_2023,Regulation Of Potassium Ion Transmembrane Transport (GO:1901379),1/33,0.1609672024230656,0.247172386659115,0,0,5.911309523809524,10.79732987706831,CD63
GO_Biological_Process_2023,Positive Regulation Of Release Of Sequestered Calcium Ion Into Cytosol (GO:0051281),1/33,0.1609672024230656,0.247172386659115,0,0,5.911309523809524,10.79732987706831,CALM1
GO_Biological_Process_2023,Regulation Of Type I Interferon-Mediated Signaling Pathway (GO:0060338),1/33,0.1609672024230656,0.247172386659115,0,0,5.911309523809524,10.79732987706831,ISG15
GO_Biological_Process_2023,Positive Regulation Of T Cell Mediated Cytotoxicity (GO:0001916),1/33,0.1609672024230656,0.247172386659115,0,0,5.911309523809524,10.79732987706831,HLA-B
GO_Biological_Process_2023,Positive Regulation Of Protein Dephosphorylation (GO:0035307),1/33,0.1609672024230656,0.247172386659115,0,0,5.911309523809524,10.79732987706831,CALM1
GO_Biological_Process_2023,Regulation Of Protein Polymerization (GO:0032271),1/33,0.1609672024230656,0.247172386659115,0,0,5.911309523809524,10.79732987706831,PFN1
Reactome_2022,RHOH GTPase Cycle R-HSA-9013407,1/36,0.1742597016514327,0.2488857242265337,0,0,5.403809523809524,9.441582225640868,ARHGDIB
Reactome_2022,Regulation Of TP53 Degradation R-HSA-6804757,1/36,0.1742597016514327,0.2488857242265337,0,0,5.403809523809524,9.441582225640868,UBB
Reactome_2022,Platelet Aggregation (Plug Formation) R-HSA-76009,1/36,0.1742597016514327,0.2488857242265337,0,0,5.403809523809524,9.441582225640868,RAP1B
Reactome_2022,Glutathione Conjugation R-HSA-156590,1/36,0.1742597016514327,0.2488857242265337,0,0,5.403809523809524,9.441582225640868,GSTP1
Reactome_2022,Mitochondrial Fatty Acid Beta-Oxidation R-HSA-77289,1/36,0.1742597016514327,0.2488857242265337,0,0,5.403809523809524,9.441582225640868,DBI
Reactome_2022,SMAD2/SMAD3:SMAD4 Heterotrimer Regulates Transcription R-HSA-2173796,1/36,0.1742597016514327,0.2488857242265337,0,0,5.403809523809524,9.441582225640868,UBB
Reactome_2022,HSF1-dependent Transactivation R-HSA-3371571,1/36,0.1742597016514327,0.2488857242265337,0,0,5.403809523809524,9.441582225640868,UBB
GO_Biological_Process_2023,Semaphorin-Plexin Signaling Pathway (GO:0071526),1/34,0.1654214192350236,0.2512337804631921,0,0,5.731890331890332,10.313155296299051,RAC1
GO_Biological_Process_2023,Regulation Of Phosphatidylinositol 3-Kinase Activity (GO:0043551),1/34,0.1654214192350236,0.2512337804631921,0,0,5.731890331890332,10.313155296299051,FGR
GO_Biological_Process_2023,Organophosphate Biosynthetic Process (GO:0090407),1/34,0.1654214192350236,0.2512337804631921,0,0,5.731890331890332,10.313155296299051,TPI1
GO_Biological_Process_2023,Cellular Response To Glucose Stimulus (GO:0071333),1/34,0.1654214192350236,0.2512337804631921,0,0,5.731890331890332,10.313155296299051,UCP2
GO_Biological_Process_2023,"Mitochondrial Electron Transport, NADH To Ubiquinone (GO:0006120)",1/34,0.1654214192350236,0.2512337804631921,0,0,5.731890331890332,10.313155296299051,NDUFB2
GO_Biological_Process_2023,Superoxide Metabolic Process (GO:0006801),1/34,0.1654214192350236,0.2512337804631921,0,0,5.731890331890332,10.313155296299051,CYBA
GO_Biological_Process_2023,Negative Regulation Of JNK Cascade (GO:0046329),1/34,0.1654214192350236,0.2512337804631921,0,0,5.731890331890332,10.313155296299051,GSTP1
Reactome_2022,Regulation Of TP53 Expression And Degradation R-HSA-6806003,1/37,0.1786440106564406,0.2517074037788501,0,0,5.253439153439153,9.048314619475114,UBB
Reactome_2022,DNA Damage Recognition In GG-NER R-HSA-5696394,1/37,0.1786440106564406,0.2517074037788501,0,0,5.253439153439153,9.048314619475114,UBB
Reactome_2022,FLT3 Signaling R-HSA-9607240,1/37,0.1786440106564406,0.2517074037788501,0,0,5.253439153439153,9.048314619475114,UBB
Reactome_2022,MAP2K And MAPK Activation R-HSA-5674135,1/37,0.1786440106564406,0.2517074037788501,0,0,5.253439153439153,9.048314619475114,RAP1B
Reactome_2022,Defective B3GALTL Causes PpS R-HSA-5083635,1/37,0.1786440106564406,0.2517074037788501,0,0,5.253439153439153,9.048314619475114,SPON2
Reactome_2022,Triglyceride Metabolism R-HSA-8979227,1/37,0.1786440106564406,0.2517074037788501,0,0,5.253439153439153,9.048314619475114,PPP1CA
GO_Biological_Process_2023,Regulation Of Protein Phosphorylation (GO:0001932),3/265,0.1662268795885511,0.2520632245866953,0,0,2.1824649818424366,3.916218828347217,FGR;ITGB2;RAC1
GO_Biological_Process_2023,Negative Regulation Of Signal Transduction (GO:0009968),3/267,0.1688097838191338,0.2543857468618352,0,0,2.165710503089144,3.8527615993879865,CX3CR1;PLEK;CALR
GO_Biological_Process_2023,Intracellular Calcium Ion Homeostasis (GO:0006874),2/139,0.168075347324791,0.2543857468618352,0,0,2.773301516002246,4.945747579609523,CCL3;CALR
GO_Biological_Process_2023,Regulation Of Cardiac Muscle Contraction (GO:0055117),1/35,0.1698522116392294,0.2543857468618352,0,0,5.563025210084033,9.862278864903406,CALM1
GO_Biological_Process_2023,Positive Regulation Of Telomere Maintenance Via Telomere Lengthening (GO:1904358),1/35,0.1698522116392294,0.2543857468618352,0,0,5.563025210084033,9.862278864903406,HNRNPA2B1
GO_Biological_Process_2023,Hexose Biosynthetic Process (GO:0019319),1/35,0.1698522116392294,0.2543857468618352,0,0,5.563025210084033,9.862278864903406,TPI1
GO_Biological_Process_2023,Positive Regulation Of Cell Development (GO:0010720),1/35,0.1698522116392294,0.2543857468618352,0,0,5.563025210084033,9.862278864903406,CX3CR1
GO_Biological_Process_2023,Endoderm Formation (GO:0001706),1/35,0.1698522116392294,0.2543857468618352,0,0,5.563025210084033,9.862278864903406,ITGB2
GO_Biological_Process_2023,Skeletal Muscle Organ Development (GO:0060538),1/35,0.1698522116392294,0.2543857468618352,0,0,5.563025210084033,9.862278864903406,MYL6
Reactome_2022,HSP90 Chaperone Cycle For Steroid Hormone Receptors (SHR) In Presence Of Ligand R-HSA-3371497,1/38,0.1830052594401388,0.2561256644396586,0,0,5.111196911196911,8.680041017660667,CAPZB
Reactome_2022,O-glycosylation Of TSR Domain-Containing Proteins R-HSA-5173214,1/38,0.1830052594401388,0.2561256644396586,0,0,5.111196911196911,8.680041017660667,SPON2
Reactome_2022,Fanconi Anemia Pathway R-HSA-6783310,1/38,0.1830052594401388,0.2561256644396586,0,0,5.111196911196911,8.680041017660667,UBB
GO_Biological_Process_2023,Protein Destabilization (GO:0031648),1/36,0.1742597016514327,0.2582018750079156,0,0,5.403809523809524,9.441582225640868,SERF2
GO_Biological_Process_2023,Regulation Of Peptidyl-Threonine Phosphorylation (GO:0010799),1/36,0.1742597016514327,0.2582018750079156,0,0,5.403809523809524,9.441582225640868,CALM1
GO_Biological_Process_2023,COPII-coated Vesicle Budding (GO:0090114),1/36,0.1742597016514327,0.2582018750079156,0,0,5.403809523809524,9.441582225640868,TRAPPC1
GO_Biological_Process_2023,Regulation Of Trans-Synaptic Signaling (GO:0099177),1/36,0.1742597016514327,0.2582018750079156,0,0,5.403809523809524,9.441582225640868,CX3CR1
GO_Biological_Process_2023,Substrate Adhesion-Dependent Cell Spreading (GO:0034446),1/36,0.1742597016514327,0.2582018750079156,0,0,5.403809523809524,9.441582225640868,RAC1
GO_Biological_Process_2023,Positive Regulation Of Interferon-Beta Production (GO:0032728),1/36,0.1742597016514327,0.2582018750079156,0,0,5.403809523809524,9.441582225640868,ISG15
GO_Biological_Process_2023,Regulation Of Receptor Internalization (GO:0002090),1/36,0.1742597016514327,0.2582018750079156,0,0,5.403809523809524,9.441582225640868,CD63
Reactome_2022,DAG And IP3 Signaling R-HSA-1489509,1/39,0.1873435681263354,0.2604532532488077,0,0,4.976441102756892,8.334598723356978,CALM1
Reactome_2022,Ovarian Tumor Domain Proteases R-HSA-5689896,1/39,0.1873435681263354,0.2604532532488077,0,0,4.976441102756892,8.334598723356978,UBB
Reactome_2022,Signaling By FGFR3 R-HSA-5654741,1/39,0.1873435681263354,0.2604532532488077,0,0,4.976441102756892,8.334598723356978,UBB
GO_Biological_Process_2023,Regulation Of Defense Response To Virus By Host (GO:0050691),1/37,0.1786440106564406,0.2626958825386691,0,0,5.253439153439153,9.048314619475114,APOBEC3G
GO_Biological_Process_2023,Regulation Of Cellular Component Biogenesis (GO:0044087),1/37,0.1786440106564406,0.2626958825386691,0,0,5.253439153439153,9.048314619475114,RAP1B
GO_Biological_Process_2023,Muscle Tissue Development (GO:0060537),1/37,0.1786440106564406,0.2626958825386691,0,0,5.253439153439153,9.048314619475114,MYL6
GO_Biological_Process_2023,Regulation Of Phosphoprotein Phosphatase Activity (GO:0043666),1/37,0.1786440106564406,0.2626958825386691,0,0,5.253439153439153,9.048314619475114,CALM1
GO_Biological_Process_2023,Negative Regulation Of Stress-Activated MAPK Cascade (GO:0032873),1/37,0.1786440106564406,0.2626958825386691,0,0,5.253439153439153,9.048314619475114,GSTP1
Reactome_2022,SARS-CoV-2 Infection R-HSA-9694516,3/283,0.1898788643343516,0.2633939113664568,0,0,2.040291262135922,3.3896765850889143,UBB;HLA-B;ISG15
Reactome_2022,Collagen Degradation R-HSA-1442490,1/40,0.1916590561899075,0.2646921326675596,0,0,4.848595848595848,8.010060876808517,CTSD
Reactome_2022,Signaling By FGFR4 R-HSA-5654743,1/40,0.1916590561899075,0.2646921326675596,0,0,4.848595848595848,8.010060876808517,UBB
Reactome_2022,Metabolism Of Carbohydrates R-HSA-71387,3/285,0.192559652022639,0.2653514325674609,0,0,2.0256145424499072,3.336894683626247,TPI1;UBB;CALM1
GO_Biological_Process_2023,Organelle Organization (GO:0006996),4/418,0.1816020569091266,0.2666422950387781,0,0,1.8452211802595435,3.147831981895464,CAPZB;CFL1;CCL3;SH3BGRL3
GO_Biological_Process_2023,Positive Regulation Of Bone Mineralization (GO:0030501),1/38,0.1830052594401388,0.2669756244571537,0,0,5.111196911196911,8.680041017660667,ISG15
GO_Biological_Process_2023,Negative Regulation Of Protein Metabolic Process (GO:0051248),2/147,0.183202408963911,0.2669756244571537,0,0,2.6192307692307693,4.4452633244299244,GZMB;CALR
GO_Biological_Process_2023,Positive Regulation Of Cation Channel Activity (GO:2001259),1/38,0.1830052594401388,0.2669756244571537,0,0,5.111196911196911,8.680041017660667,CALM1
GO_Biological_Process_2023,Regulation Of Intracellular Transport (GO:0032386),1/38,0.1830052594401388,0.2669756244571537,0,0,5.111196911196911,8.680041017660667,LAMP1
GO_Biological_Process_2023,Response To cAMP (GO:0051591),1/38,0.1830052594401388,0.2669756244571537,0,0,5.111196911196911,8.680041017660667,RAP1B
Reactome_2022,Binding And Uptake Of Ligands By Scavenger Receptors R-HSA-2173782,1/41,0.1959518426091527,0.2676727784660975,0,0,4.727142857142857,7.7047056216813425,CALR
Reactome_2022,Negative Regulation Of MAPK Pathway R-HSA-5675221,1/41,0.1959518426091527,0.2676727784660975,0,0,4.727142857142857,7.7047056216813425,UBB
Reactome_2022,Dual Incision In GG-NER R-HSA-5696400,1/41,0.1959518426091527,0.2676727784660975,0,0,4.727142857142857,7.7047056216813425,UBB
Reactome_2022,Signaling By Retinoic Acid R-HSA-5362517,1/41,0.1959518426091527,0.2676727784660975,0,0,4.727142857142857,7.7047056216813425,AKR1C3
GO_Biological_Process_2023,Regulation Of Monoatomic Cation Transmembrane Transport (GO:1904062),1/39,0.1873435681263354,0.2685810445704985,0,0,4.976441102756892,8.334598723356978,CD63
GO_Biological_Process_2023,Regulation Of Mitochondrial Membrane Potential (GO:0051881),1/39,0.1873435681263354,0.2685810445704985,0,0,4.976441102756892,8.334598723356978,UBB
GO_Biological_Process_2023,Negative Regulation Of Protein Phosphorylation (GO:0001933),2/149,0.1870158582207082,0.2685810445704985,0,0,2.583333333333333,4.331118144543288,GSTP1;CALM1
GO_Biological_Process_2023,Negative Regulation Of Lymphocyte Proliferation (GO:0050672),1/39,0.1873435681263354,0.2685810445704985,0,0,4.976441102756892,8.334598723356978,TYROBP
GO_Biological_Process_2023,Positive Regulation Of Pattern Recognition Receptor Signaling Pathway (GO:0062208),1/39,0.1873435681263354,0.2685810445704985,0,0,4.976441102756892,8.334598723356978,CYBA
GO_Biological_Process_2023,Positive Regulation Of Intrinsic Apoptotic Signaling Pathway (GO:2001244),1/39,0.1873435681263354,0.2685810445704985,0,0,4.976441102756892,8.334598723356978,UBB
GO_Biological_Process_2023,Positive Regulation Of ATP-dependent Activity (GO:0032781),1/39,0.1873435681263354,0.2685810445704985,0,0,4.976441102756892,8.334598723356978,PFN1
GO_Biological_Process_2023,Regulation Of Receptor-Mediated Endocytosis (GO:0048259),1/39,0.1873435681263354,0.2685810445704985,0,0,4.976441102756892,8.334598723356978,RAC1
GO_Biological_Process_2023,Regulation Of Protein Targeting To Mitochondrion (GO:1903214),1/39,0.1873435681263354,0.2685810445704985,0,0,4.976441102756892,8.334598723356978,RAC2
GO_Biological_Process_2023,Organelle Transport Along Microtubule (GO:0072384),1/39,0.1873435681263354,0.2685810445704985,0,0,4.976441102756892,8.334598723356978,UBB
GO_Biological_Process_2023,RNA Transport (GO:0050658),1/39,0.1873435681263354,0.2685810445704985,0,0,4.976441102756892,8.334598723356978,HNRNPA2B1
KEGG_2021_Human,Herpes simplex virus 1 infection,5/498,0.1251801783640038,0.2697544688689097,0,0,1.948165404775772,4.048289956630861,PDIA3;BST2;HLA-B;CALR;PPP1CA
Reactome_2022,RHOF GTPase Cycle R-HSA-9035034,1/42,0.2002220456345367,0.2705586694242554,0,0,4.611614401858304,7.416989951698654,CAPZB
Reactome_2022,"Gamma Carboxylation, Hypusine Formation And Arylsulfatase Activation R-HSA-163841",1/42,0.2002220456345367,0.2705586694242554,0,0,4.611614401858304,7.416989951698654,TPST2
Reactome_2022,NS1 Mediated Effects On Host Pathways R-HSA-168276,1/42,0.2002220456345367,0.2705586694242554,0,0,4.611614401858304,7.416989951698654,ISG15
Reactome_2022,Formation Of Incision Complex In GG-NER R-HSA-5696395,1/42,0.2002220456345367,0.2705586694242554,0,0,4.611614401858304,7.416989951698654,UBB
Reactome_2022,Deactivation Of Beta-Catenin Transactivating Complex R-HSA-3769402,1/42,0.2002220456345367,0.2705586694242554,0,0,4.611614401858304,7.416989951698654,UBB
KEGG_2021_Human,Folate biosynthesis,1/26,0.129121418613924,0.2706243431223338,0,0,7.569142857142857,15.494051230927994,AKR1C3
KEGG_2021_Human,Amyotrophic lateral sclerosis,4/364,0.1281067781970597,0.2706243431223338,0,0,2.1278867102396517,4.372575586423406,HNRNPA2B1;NDUFB2;RAC1;PFN1
Reactome_2022,Influenza Infection R-HSA-168255,2/157,0.2023762965661771,0.2728815869827807,0,0,2.4490074441687346,3.912599094163334,ISG15;CALR
GO_Biological_Process_2023,Transmembrane Receptor Protein Tyrosine Kinase Signaling Pathway (GO:0007169),3/284,0.1912180321684456,0.2731563088219797,0,0,2.032926787133331,3.3631540776558517,FGR;CD7;RAC1
GO_Biological_Process_2023,Regulation Of Microtubule Polymerization (GO:0031113),1/40,0.1916590561899075,0.2731563088219797,0,0,4.848595848595848,8.010060876808517,RAC1
GO_Biological_Process_2023,Regulation Of Protein Dephosphorylation (GO:0035304),1/40,0.1916590561899075,0.2731563088219797,0,0,4.848595848595848,8.010060876808517,CALM1
GO_Biological_Process_2023,Retinoid Metabolic Process (GO:0001523),1/40,0.1916590561899075,0.2731563088219797,0,0,4.848595848595848,8.010060876808517,AKR1C3
GO_Biological_Process_2023,Cellular Response To Organic Cyclic Compound (GO:0071407),2/152,0.1927570419104482,0.2743189527627462,0,0,2.531282051282051,4.1673122479832365,RAP1B;CCL3
Reactome_2022,Retinoid Metabolism And Transport R-HSA-975634,1/43,0.2044697829355108,0.2751127766106551,0,0,4.501587301587302,7.145527417540153,AKR1C3
GO_Biological_Process_2023,Negative Regulation Of Proteolysis (GO:0045861),1/41,0.1959518426091527,0.2776460510438723,0,0,4.727142857142857,7.7047056216813425,CST7
GO_Biological_Process_2023,Non-Canonical Wnt Signaling Pathway (GO:0035567),1/41,0.1959518426091527,0.2776460510438723,0,0,4.727142857142857,7.7047056216813425,RAC1
GO_Biological_Process_2023,Positive Regulation Of Ossification (GO:0045778),1/41,0.1959518426091527,0.2776460510438723,0,0,4.727142857142857,7.7047056216813425,ISG15
Reactome_2022,TNF Signaling R-HSA-75893,1/44,0.208695171624001,0.2795980183936937,0,0,4.396677740863788,6.889069059482109,UBB
Reactome_2022,"Interleukin-3, Interleukin-5 And GM-CSF Signaling R-HSA-512988",1/44,0.208695171624001,0.2795980183936937,0,0,4.396677740863788,6.889069059482109,IL2RB
GO_Biological_Process_2023,Regulation Of Osteoclast Differentiation (GO:0045670),1/42,0.2002220456345367,0.281236746180303,0,0,4.611614401858304,7.416989951698654,CCL3
GO_Biological_Process_2023,Substantia Nigra Development (GO:0021762),1/42,0.2002220456345367,0.281236746180303,0,0,4.611614401858304,7.416989951698654,CALM1
GO_Biological_Process_2023,Skeletal Muscle Tissue Development (GO:0007519),1/42,0.2002220456345367,0.281236746180303,0,0,4.611614401858304,7.416989951698654,MYL6
GO_Biological_Process_2023,Organic Hydroxy Compound Biosynthetic Process (GO:1901617),1/42,0.2002220456345367,0.281236746180303,0,0,4.611614401858304,7.416989951698654,AKR1C3
GO_Biological_Process_2023,Negative Regulation Of I-kappaB kinase/NF-kappaB Signaling (GO:0043124),1/42,0.2002220456345367,0.281236746180303,0,0,4.611614401858304,7.416989951698654,GSTP1
GO_Biological_Process_2023,Keratinocyte Differentiation (GO:0030216),1/42,0.2002220456345367,0.281236746180303,0,0,4.611614401858304,7.416989951698654,AKR1C3
Reactome_2022,Toll-like Receptor Cascades R-HSA-168898,2/162,0.2120503357465216,0.2834124240299427,0,0,2.371875,3.678615888100608,UBB;ITGB2
Reactome_2022,TAK1-dependent IKK And NF-kappa-B Activation R-HSA-445989,1/45,0.2128983280990478,0.2834124240299427,0,0,4.296536796536796,6.646487038527603,UBB
Reactome_2022,Bile Acid And Bile Salt Metabolism R-HSA-194068,1/45,0.2128983280990478,0.2834124240299427,0,0,4.296536796536796,6.646487038527603,AKR1C3
Reactome_2022,Citric Acid (TCA) Cycle And Respiratory Electron Transport R-HSA-1428517,2/163,0.2139908848218619,0.2842633152188716,0,0,2.3570234113712374,3.634110218198892,UCP2;NDUFB2
GO_Biological_Process_2023,Positive Regulation Of T Cell Mediated Immunity (GO:0002711),1/43,0.2044697829355108,0.2843270801335,0,0,4.501587301587302,7.145527417540153,HLA-B
GO_Biological_Process_2023,Regulation Of Filopodium Assembly (GO:0051489),1/43,0.2044697829355108,0.2843270801335,0,0,4.501587301587302,7.145527417540153,CAPZB
GO_Biological_Process_2023,Intracellular Glucose Homeostasis (GO:0001678),1/43,0.2044697829355108,0.2843270801335,0,0,4.501587301587302,7.145527417540153,UCP2
GO_Biological_Process_2023,Positive Regulation Of Biomineral Tissue Development (GO:0070169),1/43,0.2044697829355108,0.2843270801335,0,0,4.501587301587302,7.145527417540153,ISG15
GO_Biological_Process_2023,Regulation Of JUN Kinase Activity (GO:0043506),1/43,0.2044697829355108,0.2843270801335,0,0,4.501587301587302,7.145527417540153,GSTP1
GO_Biological_Process_2023,Positive Regulation Of Receptor-Mediated Endocytosis (GO:0048260),1/43,0.2044697829355108,0.2843270801335,0,0,4.501587301587302,7.145527417540153,CD63
GO_Biological_Process_2023,Positive Regulation Of Cell-Matrix Adhesion (GO:0001954),1/43,0.2044697829355108,0.2843270801335,0,0,4.501587301587302,7.145527417540153,RAC1
KEGG_2021_Human,Phototransduction,1/28,0.1383404373758099,0.2860282016013367,0,0,7.007760141093474,13.861613711094853,CALM1
GO_Biological_Process_2023,Response To Lipopolysaccharide (GO:0032496),2/159,0.2062398732497697,0.2863787954268231,0,0,2.417564919157276,3.816646858054581,CX3CR1;GSTP1
GO_Biological_Process_2023,Gene Expression (GO:0010467),3/296,0.2074709609017823,0.2869189629682164,0,0,1.9484741045097584,3.06448972496717,GZMA;HNRNPA2B1;GZMB
GO_Biological_Process_2023,Autophagosome Maturation (GO:0097352),1/44,0.208695171624001,0.2869189629682164,0,0,4.396677740863788,6.889069059482109,CALM1
GO_Biological_Process_2023,Cellular Response To Ketone (GO:1901655),1/44,0.208695171624001,0.2869189629682164,0,0,4.396677740863788,6.889069059482109,AKR1C3
GO_Biological_Process_2023,Regulation Of B Cell Proliferation (GO:0030888),1/44,0.208695171624001,0.2869189629682164,0,0,4.396677740863788,6.889069059482109,TYROBP
GO_Biological_Process_2023,Positive Regulation Of Leukocyte Cell-Cell Adhesion (GO:1903039),1/44,0.208695171624001,0.2869189629682164,0,0,4.396677740863788,6.889069059482109,ITGB2
GO_Biological_Process_2023,Positive Regulation Of Osteoblast Differentiation (GO:0045669),1/44,0.208695171624001,0.2869189629682164,0,0,4.396677740863788,6.889069059482109,IFITM1
GO_Biological_Process_2023,Positive Regulation Of Biosynthetic Process (GO:0009891),1/44,0.208695171624001,0.2869189629682164,0,0,4.396677740863788,6.889069059482109,CYBA
Reactome_2022,Cellular Senescence R-HSA-2559583,2/165,0.217877137221629,0.288813879572857,0,0,2.327866918357716,3.5472593993782646,UBB;IGFBP7
Reactome_2022,PLC Beta Mediated Events R-HSA-112043,1/47,0.2212384074017957,0.2914211794977435,0,0,4.109316770186336,6.198963490719375,CALM1
Reactome_2022,Cyclin D Associated Events In G1 R-HSA-69231,1/47,0.2212384074017957,0.2914211794977435,0,0,4.109316770186336,6.198963490719375,UBB
Reactome_2022,Metabolism Of Fat-Soluble Vitamins R-HSA-6806667,1/47,0.2212384074017957,0.2914211794977435,0,0,4.109316770186336,6.198963490719375,AKR1C3
GO_Biological_Process_2023,Establishment Of Protein Localization To Extracellular Region (GO:0035592),1/45,0.2128983280990478,0.2914608097355979,0,0,4.296536796536796,6.646487038527603,PRF1
GO_Biological_Process_2023,Positive Regulation Of Innate Immune Response (GO:0045089),1/45,0.2128983280990478,0.2914608097355979,0,0,4.296536796536796,6.646487038527603,SH2D1B
GO_Biological_Process_2023,Regulation Of Apoptotic Signaling Pathway (GO:2001233),1/45,0.2128983280990478,0.2914608097355979,0,0,4.296536796536796,6.646487038527603,CX3CR1
GO_Biological_Process_2023,Regulation Of Fibroblast Proliferation (GO:0048145),1/46,0.2170793682680234,0.2946943379280988,0,0,4.200846560846561,6.416760522811149,GSTP1
GO_Biological_Process_2023,T Cell Differentiation (GO:0030217),1/46,0.2170793682680234,0.2946943379280988,0,0,4.200846560846561,6.416760522811149,FCER1G
GO_Biological_Process_2023,Regulation Of Nervous System Development (GO:0051960),1/46,0.2170793682680234,0.2946943379280988,0,0,4.200846560846561,6.416760522811149,CX3CR1
GO_Biological_Process_2023,Response To Glucose (GO:0009749),1/46,0.2170793682680234,0.2946943379280988,0,0,4.200846560846561,6.416760522811149,UCP2
GO_Biological_Process_2023,Development Of Primary Male Sexual Characteristics (GO:0046546),1/46,0.2170793682680234,0.2946943379280988,0,0,4.200846560846561,6.416760522811149,AKR1C3
GO_Biological_Process_2023,Male Gonad Development (GO:0008584),1/46,0.2170793682680234,0.2946943379280988,0,0,4.200846560846561,6.416760522811149,AKR1C3
Reactome_2022,Inositol Phosphate Metabolism R-HSA-1483249,1/48,0.2253755601748829,0.2956286113591037,0,0,4.021681864235056,5.9922541460255765,CALM1
Reactome_2022,NOTCH1 Intracellular Domain Regulates Transcription R-HSA-2122947,1/48,0.2253755601748829,0.2956286113591037,0,0,4.021681864235056,5.9922541460255765,UBB
KEGG_2021_Human,Parkinson disease,3/249,0.1460187577011556,0.2978782657103574,0,0,2.3263083116268057,4.475864155363978,UBB;NDUFB2;CALM1
KEGG_2021_Human,Oocyte meiosis,2/129,0.1495053291576231,0.298130316286642,0,0,2.9931859479103573,5.688320137790887,CALM1;PPP1CA
KEGG_2021_Human,Asthma,1/31,0.1519880043814253,0.298130316286642,0,0,6.306031746031746,11.880271712830174,FCER1G
KEGG_2021_Human,Pathways in cancer,5/531,0.1515273096396556,0.298130316286642,0,0,1.82283627602304,3.439672746522027,GSTP1;IL2RB;RAC2;RAC1;CALM1
Reactome_2022,Signaling By ERBB2 R-HSA-1227986,1/49,0.2294909406653386,0.2985286717783555,0,0,3.937698412698413,5.795865707171542,UBB
Reactome_2022,Signaling By EGFR R-HSA-177929,1/49,0.2294909406653386,0.2985286717783555,0,0,3.937698412698413,5.795865707171542,UBB
Reactome_2022,Signaling By FGFR1 R-HSA-5654736,1/49,0.2294909406653386,0.2985286717783555,0,0,3.937698412698413,5.795865707171542,UBB
Reactome_2022,Signaling By NOTCH3 R-HSA-9012852,1/49,0.2294909406653386,0.2985286717783555,0,0,3.937698412698413,5.795865707171542,UBB
GO_Biological_Process_2023,Regulation Of Interleukin-2 Production (GO:0032663),1/47,0.2212384074017957,0.2986718499924242,0,0,4.109316770186336,6.198963490719375,HAVCR2
GO_Biological_Process_2023,Positive Regulation Of Epithelial To Mesenchymal Transition (GO:0010718),1/47,0.2212384074017957,0.2986718499924242,0,0,4.109316770186336,6.198963490719375,GLIPR2
GO_Biological_Process_2023,Positive Regulation Of Lymphocyte Activation (GO:0051251),1/47,0.2212384074017957,0.2986718499924242,0,0,4.109316770186336,6.198963490719375,TYROBP
GO_Biological_Process_2023,Negative Regulation Of Hydrolase Activity (GO:0051346),1/47,0.2212384074017957,0.2986718499924242,0,0,4.109316770186336,6.198963490719375,CST7
KEGG_2021_Human,Dopaminergic synapse,2/132,0.1550319235759588,0.300251700090148,0,0,2.9236686390532545,5.450081535098324,CALM1;PPP1CA
Reactome_2022,Fatty Acid Metabolism R-HSA-8978868,2/173,0.2334805218295387,0.3019743985436224,0,0,2.218061178587494,3.226517385074586,AKR1C3;DBI
Reactome_2022,"Formation Of Ternary Complex, And Subsequently, 43S Complex R-HSA-72695",1/50,0.2335846623503299,0.3019743985436224,0,0,3.857142857142857,5.609098367731948,EIF3G
Reactome_2022,Ion Homeostasis R-HSA-5578775,1/50,0.2335846623503299,0.3019743985436224,0,0,3.857142857142857,5.609098367731948,CALM1
GO_Biological_Process_2023,Negative Regulation Of ERK1 And ERK2 Cascade (GO:0070373),1/48,0.2253755601748829,0.3025760283010859,0,0,4.021681864235056,5.9922541460255765,GSTP1
GO_Biological_Process_2023,Post-Translational Protein Modification (GO:0043687),1/48,0.2253755601748829,0.3025760283010859,0,0,4.021681864235056,5.9922541460255765,UBE2F
GO_Biological_Process_2023,Regulation Of DNA Binding (GO:0051101),1/48,0.2253755601748829,0.3025760283010859,0,0,4.021681864235056,5.9922541460255765,GZMA
GO_Biological_Process_2023,Regulation Of Tumor Necrosis Factor-Mediated Signaling Pathway (GO:0010803),1/48,0.2253755601748829,0.3025760283010859,0,0,4.021681864235056,5.9922541460255765,GSTP1
KEGG_2021_Human,Fructose and mannose metabolism,1/33,0.1609672024230656,0.3029193092469595,0,0,5.911309523809524,10.79732987706831,TPI1
KEGG_2021_Human,Estrogen signaling pathway,2/137,0.1643287756045597,0.3029193092469595,0,0,2.8146723646723646,5.0829777800563765,CALM1;CTSD
KEGG_2021_Human,Insulin signaling pathway,2/137,0.1643287756045597,0.3029193092469595,0,0,2.8146723646723646,5.0829777800563765,CALM1;PPP1CA
KEGG_2021_Human,Autophagy,2/137,0.1643287756045597,0.3029193092469595,0,0,2.8146723646723646,5.0829777800563765,LAMP1;CTSD
Reactome_2022,Transcriptional Activity Of SMAD2/SMAD3:SMAD4 Heterotrimer R-HSA-2173793,1/51,0.2376568381629201,0.304725639116873,0,0,3.779809523809524,5.4313122580067175,UBB
Reactome_2022,Complex I Biogenesis R-HSA-6799198,1/51,0.2376568381629201,0.304725639116873,0,0,3.779809523809524,5.4313122580067175,NDUFB2
Reactome_2022,Ion Channel Transport R-HSA-983712,2/175,0.2373932281013989,0.304725639116873,0,0,2.1921965317919074,3.152460430930891,UBB;CALM1
Reactome_2022,Translocation Of SLC2A4 (GLUT4) To Plasma Membrane R-HSA-1445148,1/51,0.2376568381629201,0.304725639116873,0,0,3.779809523809524,5.4313122580067175,CALM1
GO_Biological_Process_2023,Positive Regulation Of Nervous System Development (GO:0051962),1/49,0.2294909406653386,0.3055687593516564,0,0,3.937698412698413,5.795865707171542,CX3CR1
GO_Biological_Process_2023,Regulation Of Cell Communication (GO:0010646),1/49,0.2294909406653386,0.3055687593516564,0,0,3.937698412698413,5.795865707171542,IGFBP7
GO_Biological_Process_2023,Proton Transmembrane Transport (GO:1902600),1/49,0.2294909406653386,0.3055687593516564,0,0,3.937698412698413,5.795865707171542,UCP2
GO_Biological_Process_2023,Negative Regulation Of T Cell Activation (GO:0050868),1/49,0.2294909406653386,0.3055687593516564,0,0,3.937698412698413,5.795865707171542,HAVCR2
GO_Biological_Process_2023,Unsaturated Fatty Acid Metabolic Process (GO:0033559),1/49,0.2294909406653386,0.3055687593516564,0,0,3.937698412698413,5.795865707171542,GSTP1
GO_Biological_Process_2023,Nuclear Export (GO:0051168),1/49,0.2294909406653386,0.3055687593516564,0,0,3.937698412698413,5.795865707171542,CALR
Reactome_2022,G-protein Mediated Events R-HSA-112040,1/52,0.2417075803979169,0.3067826981973561,0,0,3.7055088702147527,5.261921269428735,CALM1
Reactome_2022,Transcriptional Activation Of Mitochondrial Biogenesis R-HSA-2151201,1/52,0.2417075803979169,0.3067826981973561,0,0,3.7055088702147527,5.261921269428735,CALM1
Reactome_2022,Formation Of TC-NER Pre-Incision Complex R-HSA-6781823,1/52,0.2417075803979169,0.3067826981973561,0,0,3.7055088702147527,5.261921269428735,UBB
Reactome_2022,Signaling By Non-Receptor Tyrosine Kinases R-HSA-9006927,1/52,0.2417075803979169,0.3067826981973561,0,0,3.7055088702147527,5.261921269428735,UBB
Reactome_2022,SARS-CoV-1 Infection R-HSA-9678108,1/52,0.2417075803979169,0.3067826981973561,0,0,3.7055088702147527,5.261921269428735,UBB
Reactome_2022,RAC1 GTPase Cycle R-HSA-9013149,2/178,0.2432690427622912,0.3081407874989023,0,0,2.1545017482517483,3.0455762579720718,ARHGDIB;CYBA
GO_Biological_Process_2023,Blood Circulation (GO:0008015),1/50,0.2335846623503299,0.3084840921257074,0,0,3.857142857142857,5.609098367731948,XCL2
GO_Biological_Process_2023,Regulation Of Interferon-Beta Production (GO:0032648),1/50,0.2335846623503299,0.3084840921257074,0,0,3.857142857142857,5.609098367731948,ISG15
GO_Biological_Process_2023,Regulation Of Interleukin-12 Production (GO:0032655),1/50,0.2335846623503299,0.3084840921257074,0,0,3.857142857142857,5.609098367731948,HLA-B
GO_Biological_Process_2023,Steroid Biosynthetic Process (GO:0006694),1/50,0.2335846623503299,0.3084840921257074,0,0,3.857142857142857,5.609098367731948,AKR1C3
GO_Biological_Process_2023,Cell Chemotaxis (GO:0060326),1/50,0.2335846623503299,0.3084840921257074,0,0,3.857142857142857,5.609098367731948,BIN2
GO_Biological_Process_2023,Plasma Membrane Bounded Cell Projection Morphogenesis (GO:0120039),1/50,0.2335846623503299,0.3084840921257074,0,0,3.857142857142857,5.609098367731948,UBB
KEGG_2021_Human,Ubiquitin mediated proteolysis,2/140,0.1699542258473463,0.3095594827933808,0,0,2.753065774804905,4.879055125495456,UBE2F;UBB
GO_Biological_Process_2023,Regulation Of Neuron Projection Development (GO:0010975),2/174,0.2354363817230567,0.3100869417815869,0,0,2.2050536672629697,3.189201187771841,ABI3;CFL1
GO_Biological_Process_2023,Supramolecular Fiber Organization (GO:0097435),3/316,0.2352088079692837,0.3100869417815869,0,0,1.8221098669313565,2.6371061105733937,RAC2;EVL;RAC1
GO_Biological_Process_2023,RNA Modification (GO:0009451),1/51,0.2376568381629201,0.3104871595354279,0,0,3.779809523809524,5.4313122580067175,APOBEC3G
GO_Biological_Process_2023,Negative Regulation Of MAP Kinase Activity (GO:0043407),1/51,0.2376568381629201,0.3104871595354279,0,0,3.779809523809524,5.4313122580067175,GSTP1
GO_Biological_Process_2023,Regulated Exocytosis (GO:0045055),1/51,0.2376568381629201,0.3104871595354279,0,0,3.779809523809524,5.4313122580067175,PLEK
GO_Biological_Process_2023,Regulation Of Stress-Activated MAPK Cascade (GO:0032872),1/51,0.2376568381629201,0.3104871595354279,0,0,3.779809523809524,5.4313122580067175,GSTP1
GO_Biological_Process_2023,Positive Regulation Of Ras Protein Signal Transduction (GO:0046579),1/51,0.2376568381629201,0.3104871595354279,0,0,3.779809523809524,5.4313122580067175,RAC1
GO_Biological_Process_2023,Regulation Of Release Of Sequestered Calcium Ion Into Cytosol (GO:0051279),1/51,0.2376568381629201,0.3104871595354279,0,0,3.779809523809524,5.4313122580067175,CALM1
Reactome_2022,Ion Transport By P-type ATPases R-HSA-936837,1/53,0.2457370008212327,0.3106393135381308,0,0,3.634065934065934,5.100387616495913,CALM1
GO_Biological_Process_2023,Positive Regulation Of Telomere Maintenance (GO:0032206),1/52,0.2417075803979169,0.3140905991267049,0,0,3.7055088702147527,5.261921269428735,HNRNPA2B1
GO_Biological_Process_2023,Arachidonic Acid Metabolic Process (GO:0019369),1/52,0.2417075803979169,0.3140905991267049,0,0,3.7055088702147527,5.261921269428735,AKR1C3
GO_Biological_Process_2023,Negative Regulation Of Innate Immune Response (GO:0045824),1/52,0.2417075803979169,0.3140905991267049,0,0,3.7055088702147527,5.261921269428735,ISG15
GO_Biological_Process_2023,Regulation Of Cell Development (GO:0060284),1/52,0.2417075803979169,0.3140905991267049,0,0,3.7055088702147527,5.261921269428735,CX3CR1
GO_Biological_Process_2023,Proton Motive Force-Driven Mitochondrial ATP Synthesis (GO:0042776),1/53,0.2457370008212327,0.3155302044890861,0,0,3.634065934065934,5.100387616495913,NDUFB2
GO_Biological_Process_2023,Negative Regulation Of Cysteine-Type Endopeptidase Activity (GO:2000117),1/53,0.2457370008212327,0.3155302044890861,0,0,3.634065934065934,5.100387616495913,CST7
GO_Biological_Process_2023,Mitochondrial Respiratory Chain Complex I Assembly (GO:0032981),1/53,0.2457370008212327,0.3155302044890861,0,0,3.634065934065934,5.100387616495913,NDUFB2
GO_Biological_Process_2023,Actin Cytoskeleton Reorganization (GO:0031532),1/53,0.2457370008212327,0.3155302044890861,0,0,3.634065934065934,5.100387616495913,PLEK
GO_Biological_Process_2023,NADH Dehydrogenase Complex Assembly (GO:0010257),1/53,0.2457370008212327,0.3155302044890861,0,0,3.634065934065934,5.100387616495913,NDUFB2
GO_Biological_Process_2023,Gonad Development (GO:0008406),1/53,0.2457370008212327,0.3155302044890861,0,0,3.634065934065934,5.100387616495913,AKR1C3
GO_Biological_Process_2023,Negative Regulation Of Metabolic Process (GO:0009892),1/53,0.2457370008212327,0.3155302044890861,0,0,3.634065934065934,5.100387616495913,GSTP1
GO_Biological_Process_2023,Regulation Of Receptor Signaling Pathway Via JAK-STAT (GO:0046425),1/53,0.2457370008212327,0.3155302044890861,0,0,3.634065934065934,5.100387616495913,CALM1
GO_Biological_Process_2023,Cellular Response To Alcohol (GO:0097306),1/53,0.2457370008212327,0.3155302044890861,0,0,3.634065934065934,5.100387616495913,AKR1C3
GO_Biological_Process_2023,Negative Regulation Of Protein Ubiquitination (GO:0031397),1/54,0.2497452105751793,0.3181551044286688,0,0,3.565318957771788,4.946217041895164,ISG15
GO_Biological_Process_2023,Epidermal Cell Differentiation (GO:0009913),1/54,0.2497452105751793,0.3181551044286688,0,0,3.565318957771788,4.946217041895164,AKR1C3
GO_Biological_Process_2023,Apical Junction Assembly (GO:0043297),1/54,0.2497452105751793,0.3181551044286688,0,0,3.565318957771788,4.946217041895164,RHOC
GO_Biological_Process_2023,Regulation Of Focal Adhesion Assembly (GO:0051893),1/54,0.2497452105751793,0.3181551044286688,0,0,3.565318957771788,4.946217041895164,RAC1
GO_Biological_Process_2023,Negative Regulation Of Protein Modification By Small Protein Conjugation Or Removal (GO:1903321),1/54,0.2497452105751793,0.3181551044286688,0,0,3.565318957771788,4.946217041895164,ISG15
GO_Biological_Process_2023,Positive Regulation Of Leukocyte Chemotaxis (GO:0002690),1/54,0.2497452105751793,0.3181551044286688,0,0,3.565318957771788,4.946217041895164,CALR
Reactome_2022,Intrinsic Pathway For Apoptosis R-HSA-109606,1/55,0.2537323203064243,0.31945816231351,0,0,3.4991181657848323,4.798954572574761,GZMB
Reactome_2022,Complement Cascade R-HSA-166658,1/55,0.2537323203064243,0.31945816231351,0,0,3.4991181657848323,4.798954572574761,GZMM
GO_Biological_Process_2023,Neuron Migration (GO:0001764),1/55,0.2537323203064243,0.3228112766202152,0,0,3.4991181657848323,4.798954572574761,RAC1
Reactome_2022,Metabolism Of Vitamins And Cofactors R-HSA-196854,2/186,0.2589656028368202,0.3253936532639003,0,0,2.0599916387959865,2.783172372896656,AKR1C3;CALM1
Reactome_2022,Ribosomal Scanning And Start Codon Recognition R-HSA-72702,1/57,0.2616436790521454,0.3267939975412254,0,0,3.373809523809524,4.523508345839324,EIF3G
Reactome_2022,Translation Initiation Complex Formation R-HSA-72649,1/57,0.2616436790521454,0.3267939975412254,0,0,3.373809523809524,4.523508345839324,EIF3G
Reactome_2022,Signaling By ERBB4 R-HSA-1236394,1/57,0.2616436790521454,0.3267939975412254,0,0,3.373809523809524,4.523508345839324,UBB
GO_Biological_Process_2023,Positive Regulation Of Cellular Metabolic Process (GO:0031325),1/56,0.2576984399548785,0.3270011535719868,0,0,3.435324675324676,4.658180762204601,AKR1C3
GO_Biological_Process_2023,Regulation Of Cation Channel Activity (GO:2001257),1/56,0.2576984399548785,0.3270011535719868,0,0,3.435324675324676,4.658180762204601,CALM1
Reactome_2022,ESR-mediated Signaling R-HSA-8939211,2/188,0.2628934372758749,0.3277021573995498,0,0,2.0376344086021505,2.7222928356527394,CALM1;CTSD
GO_Biological_Process_2023,Negative Regulation Of Macromolecule Metabolic Process (GO:0010605),2/186,0.2589656028368202,0.328180659657613,0,0,2.0599916387959865,2.783172372896656,CCL3;HAVCR2
Reactome_2022,"mRNA Activation Upon Binding Of Cap-Binding Complex And eIFs, Subsequent Binding To 43S R-HSA-72662",1/58,0.2655681464347367,0.3290735727560868,0,0,3.314452798663325,4.394579268842185,EIF3G
Reactome_2022,Late SARS-CoV-2 Infection Events R-HSA-9772573,1/58,0.2655681464347367,0.3290735727560868,0,0,3.314452798663325,4.394579268842185,UBB
Reactome_2022,Constitutive Signaling By NOTCH1 HD+PEST Domain Mutants R-HSA-2894862,1/58,0.2655681464347367,0.3290735727560868,0,0,3.314452798663325,4.394579268842185,UBB
Reactome_2022,Arachidonic Acid Metabolism R-HSA-2142753,1/59,0.2694719504191045,0.332596285261375,0,0,3.257142857142857,4.271062030014721,AKR1C3
Reactome_2022,Iron Uptake And Transport R-HSA-917937,1/59,0.2694719504191045,0.332596285261375,0,0,3.257142857142857,4.271062030014721,UBB
GO_Biological_Process_2023,mRNA Transport (GO:0051028),1/58,0.2655681464347367,0.3348018655441817,0,0,3.314452798663325,4.394579268842185,HNRNPA2B1
GO_Biological_Process_2023,Response To Organic Cyclic Compound (GO:0014070),1/58,0.2655681464347367,0.3348018655441817,0,0,3.314452798663325,4.394579268842185,CCL3
GO_Biological_Process_2023,Positive Regulation Of Type II Interferon Production (GO:0032729),1/58,0.2655681464347367,0.3348018655441817,0,0,3.314452798663325,4.394579268842185,ISG15
GO_Biological_Process_2023,Selective Autophagy (GO:0061912),1/58,0.2655681464347367,0.3348018655441817,0,0,3.314452798663325,4.394579268842185,CALR
GO_Biological_Process_2023,Intracellular Monoatomic Cation Homeostasis (GO:0030003),2/190,0.2668218236193579,0.3359466483912123,0,0,2.01575286415712,2.663160618461869,CCL3;CALR
Reactome_2022,Recruitment And ATM-mediated Phosphorylation Of Repair And Signal Proteins At DNA Double Strand Breaks R-HSA-5693565,1/60,0.2733551988363283,0.3360660973928978,0,0,3.201775625504439,4.152649308026699,UBB
Reactome_2022,Transcriptional Regulation By MECP2 R-HSA-8986944,1/60,0.2733551988363283,0.3360660973928978,0,0,3.201775625504439,4.152649308026699,CALM1
GO_Biological_Process_2023,Regulation Of Type I Interferon Production (GO:0032479),1/59,0.2694719504191045,0.3375344533600123,0,0,3.257142857142857,4.271062030014721,TYROBP
GO_Biological_Process_2023,Glucose Metabolic Process (GO:0006006),1/59,0.2694719504191045,0.3375344533600123,0,0,3.257142857142857,4.271062030014721,TPI1
GO_Biological_Process_2023,Aerobic Respiration (GO:0009060),1/59,0.2694719504191045,0.3375344533600123,0,0,3.257142857142857,4.271062030014721,NDUFB2
GO_Biological_Process_2023,Positive Regulation Of Proteolysis (GO:0045862),1/59,0.2694719504191045,0.3375344533600123,0,0,3.257142857142857,4.271062030014721,CTSC
Reactome_2022,SARS-CoV-2-host Interactions R-HSA-9705683,2/196,0.2786058760496411,0.3378837220176499,0,0,1.9528152260111025,2.495614134839167,HLA-B;ISG15
Reactome_2022,Metabolism Of RNA R-HSA-8953854,5/666,0.2783917835864766,0.3378837220176499,0,0,1.4404367819535355,1.8419237684501653,UBB;HNRNPA2B1;PSME2;PSMB10;PSMB8
Reactome_2022,Selective Autophagy R-HSA-9663891,1/61,0.2772179988502112,0.3378837220176499,0,0,3.148253968253968,4.039055837681037,UBB
Reactome_2022,Post NMDA Receptor Activation Events R-HSA-438064,1/61,0.2772179988502112,0.3378837220176499,0,0,3.148253968253968,4.039055837681037,CALM1
Reactome_2022,Ca2+ Pathway R-HSA-4086398,1/61,0.2772179988502112,0.3378837220176499,0,0,3.148253968253968,4.039055837681037,CALM1
Reactome_2022,DNA Double Strand Break Response R-HSA-5693606,1/61,0.2772179988502112,0.3378837220176499,0,0,3.148253968253968,4.039055837681037,UBB
Reactome_2022,Muscle Contraction R-HSA-397014,2/196,0.2786058760496411,0.3378837220176499,0,0,1.9528152260111025,2.495614134839167,MYL6;CALM1
GO_Biological_Process_2023,Modification-Dependent Protein Catabolic Process (GO:0019941),2/192,0.2707503155080229,0.3386992363884147,0,0,1.994331983805668,2.605710862386964,UBB;ISG15
KEGG_2021_Human,Adrenergic signaling in cardiomyocytes,2/150,0.1889268673112085,0.3400683611601753,0,0,2.565748440748441,4.275551102231249,CALM1;PPP1CA
Reactome_2022,MAP Kinase Activation R-HSA-450294,1/62,0.2810604571300454,0.340202522433472,0,0,3.0964871194379398,3.930016499856184,UBB
GO_Biological_Process_2023,Proton Motive Force-Driven ATP Synthesis (GO:0015986),1/60,0.2733551988363283,0.3410799143374982,0,0,3.201775625504439,4.152649308026699,NDUFB2
GO_Biological_Process_2023,Regulation Of Extrinsic Apoptotic Signaling Pathway (GO:2001236),1/60,0.2733551988363283,0.3410799143374982,0,0,3.201775625504439,4.152649308026699,GSTP1
Reactome_2022,Cytosolic Sensors Of Pathogen-Associated DNA R-HSA-1834949,1/63,0.2848826797803083,0.3435027696581794,0,0,3.046390168970814,3.825284606937049,UBB
Reactome_2022,Peroxisomal Protein Import R-HSA-9033241,1/63,0.2848826797803083,0.3435027696581794,0,0,3.046390168970814,3.825284606937049,UBB
GO_Biological_Process_2023,Regulation Of Programmed Cell Death (GO:0043067),2/195,0.2766422972705305,0.3447388627525072,0,0,1.9630330809087289,2.5225563074890616,LGALS1;CALR
GO_Biological_Process_2023,Positive Regulation Of Cell Junction Assembly (GO:1901890),1/61,0.2772179988502112,0.3450139499134511,0,0,3.148253968253968,4.039055837681037,RAC1
GO_Biological_Process_2023,Protein-Containing Complex Disassembly (GO:0032984),1/62,0.2810604571300454,0.3466887872213251,0,0,3.0964871194379398,3.930016499856184,PPP1CA
GO_Biological_Process_2023,Fat Cell Differentiation (GO:0045444),1/62,0.2810604571300454,0.3466887872213251,0,0,3.0964871194379398,3.930016499856184,PSMB8
GO_Biological_Process_2023,mRNA Export From Nucleus (GO:0006406),1/62,0.2810604571300454,0.3466887872213251,0,0,3.0964871194379398,3.930016499856184,HNRNPA2B1
GO_Biological_Process_2023,Glycerophospholipid Metabolic Process (GO:0006650),1/62,0.2810604571300454,0.3466887872213251,0,0,3.0964871194379398,3.930016499856184,PLEK
GO_Biological_Process_2023,Regulation Of Embryonic Development (GO:0045995),1/62,0.2810604571300454,0.3466887872213251,0,0,3.0964871194379398,3.930016499856184,CFL1
GO_Biological_Process_2023,Phosphatidylinositol-Mediated Signaling (GO:0048015),1/62,0.2810604571300454,0.3466887872213251,0,0,3.0964871194379398,3.930016499856184,FCGR3A
GO_Biological_Process_2023,Negative Regulation Of Kinase Activity (GO:0033673),1/62,0.2810604571300454,0.3466887872213251,0,0,3.0964871194379398,3.930016499856184,GSTP1
Reactome_2022,Gap-filling DNA Repair Synthesis And Ligation In TC-NER R-HSA-6782210,1/64,0.2886847723269296,0.3468257840582417,0,0,2.997883597883598,3.724630357914596,UBB
Reactome_2022,Metabolism R-HSA-1430728,13/2049,0.288744911129828,0.3468257840582417,0,0,1.2260705156642795,1.5230390673605831,TPI1;GSTP1;NDUFB2;AKR1C3;DBI;PSMB10;PSMB8;PPP1CA;TPST2;UBB;UCP2;PSME2;CALM1
GO_Biological_Process_2023,Protein Polymerization (GO:0051258),1/63,0.2848826797803083,0.350070751891858,0,0,3.046390168970814,3.825284606937049,RAC1
GO_Biological_Process_2023,Oxidative Phosphorylation (GO:0006119),1/63,0.2848826797803083,0.350070751891858,0,0,3.046390168970814,3.825284606937049,NDUFB2
GO_Biological_Process_2023,Phosphatidylinositol Metabolic Process (GO:0046488),1/63,0.2848826797803083,0.350070751891858,0,0,3.046390168970814,3.825284606937049,PLEK
Reactome_2022,Dual Incision In TC-NER R-HSA-6782135,1/65,0.2924668398597496,0.3506246818203882,0,0,2.950892857142857,3.627839443007288,UBB
KEGG_2021_Human,Non-alcoholic fatty liver disease,2/155,0.1985214802167605,0.3531835636414461,0,0,2.4812719959778784,4.01186440747303,NDUFB2;RAC1
GO_Biological_Process_2023,Positive Regulation Of Cysteine-Type Endopeptidase Activity (GO:2001056),1/64,0.2886847723269296,0.3538481698635252,0,0,2.997883597883598,3.724630357914596,CTSD
GO_Biological_Process_2023,Positive Regulation Of Type I Interferon Production (GO:0032481),1/64,0.2886847723269296,0.3538481698635252,0,0,2.997883597883598,3.724630357914596,ISG15
Reactome_2022,Integrin Cell Surface Interactions R-HSA-216083,1/66,0.2962289867656527,0.3544572036298936,0,0,2.9053479853479853,3.534711786822226,ITGB2
GO_Biological_Process_2023,Regulation Of Translation (GO:0006417),2/202,0.2903793695873815,0.355477011635938,0,0,1.893653846153846,2.341629931173137,GZMB;CALR
GO_Biological_Process_2023,Canonical Wnt Signaling Pathway (GO:0060070),1/65,0.2924668398597496,0.3562378049419507,0,0,2.950892857142857,3.627839443007288,PPP1CA
GO_Biological_Process_2023,Positive Regulation Of Cell Cycle (GO:0045787),1/65,0.2924668398597496,0.3562378049419507,0,0,2.950892857142857,3.627839443007288,CALR
GO_Biological_Process_2023,Antimicrobial Humoral Immune Response Mediated By Antimicrobial Peptide (GO:0061844),1/65,0.2924668398597496,0.3562378049419507,0,0,2.950892857142857,3.627839443007288,GNLY
GO_Biological_Process_2023,RNA Export From Nucleus (GO:0006405),1/65,0.2924668398597496,0.3562378049419507,0,0,2.950892857142857,3.627839443007288,HNRNPA2B1
Reactome_2022,Sensory Processing Of Sound By Inner Hair Cells Of Cochlea R-HSA-9662360,1/67,0.299971317013411,0.3575703721813854,0,0,2.8611832611832613,3.445060405339184,CAPZB
Reactome_2022,HDR Thru Homologous Recombination (HRR) R-HSA-5685942,1/67,0.299971317013411,0.3575703721813854,0,0,2.8611832611832613,3.445060405339184,UBB
Reactome_2022,"Cell Cycle, Mitotic R-HSA-69278",4/523,0.3009744271709049,0.3580853241672815,0,0,1.4639767274925384,1.7578407429274112,UBB;PSME2;PSMB10;PSMB8
GO_Biological_Process_2023,Regulation Of Endocytosis (GO:0030100),1/66,0.2962289867656527,0.3599182189202681,0,0,2.9053479853479853,3.534711786822226,FGR
GO_Biological_Process_2023,Negative Regulation Of Endopeptidase Activity (GO:0010951),1/66,0.2962289867656527,0.3599182189202681,0,0,2.9053479853479853,3.534711786822226,SERPINB1
KEGG_2021_Human,MAPK signaling pathway,3/294,0.2047397528195428,0.3600595653033339,0,0,1.962065859273346,3.111867070415108,RAP1B;RAC2;RAC1
Reactome_2022,Metabolism Of Amino Acids And Derivatives R-HSA-71291,3/364,0.3039177275848868,0.3602200665325595,0,0,1.575962133232929,1.8769681382521528,PSME2;PSMB10;PSMB8
Reactome_2022,Costimulation By CD28 Family R-HSA-388841,1/68,0.3036939339663183,0.3602200665325595,0,0,2.8183368869936034,3.3587103743546707,CD247
Reactome_2022,Glycolysis R-HSA-70171,1/69,0.307396940524649,0.3622892513326221,0,0,2.776750700280112,3.2754978898915463,TPI1
Reactome_2022,Interleukin-17 Signaling R-HSA-448424,1/69,0.307396940524649,0.3622892513326221,0,0,2.776750700280112,3.2754978898915463,UBB
Reactome_2022,Diseases Associated With O-glycosylation Of Proteins R-HSA-3906995,1/69,0.307396940524649,0.3622892513326221,0,0,2.776750700280112,3.2754978898915463,SPON2
KEGG_2021_Human,Vasopressin-regulated water reabsorption,1/44,0.208695171624001,0.36284501430082,0,0,4.396677740863788,6.889069059482109,ARHGDIB
GO_Biological_Process_2023,Protein Secretion (GO:0009306),1/67,0.299971317013411,0.3635562595224882,0,0,2.8611832611832613,3.445060405339184,PRF1
GO_Biological_Process_2023,Regulation Of Neurogenesis (GO:0050767),1/67,0.299971317013411,0.3635562595224882,0,0,2.8611832611832613,3.445060405339184,CX3CR1
Reactome_2022,SARS-CoV Infections R-HSA-9679506,3/369,0.3111676833338349,0.3660452860231041,0,0,1.5540346968008911,1.8142163721723528,UBB;HLA-B;ISG15
GO_Biological_Process_2023,Protein Modification By Small Protein Conjugation (GO:0032446),3/364,0.3039177275848868,0.3669664984006335,0,0,1.575962133232929,1.8769681382521528,UBE2F;UBB;ISG15
GO_Biological_Process_2023,Aerobic Electron Transport Chain (GO:0019646),1/68,0.3036939339663183,0.3669664984006335,0,0,2.8183368869936034,3.3587103743546707,NDUFB2
GO_Biological_Process_2023,Skin Development (GO:0043588),1/68,0.3036939339663183,0.3669664984006335,0,0,2.8183368869936034,3.3587103743546707,AKR1C3
KEGG_2021_Human,Hippo signaling pathway,2/163,0.2139908848218619,0.3678719705364592,0,0,2.3570234113712374,3.634110218198892,ITGB2;PPP1CA
Reactome_2022,"Plasma Lipoprotein Assembly, Remodeling, And Clearance R-HSA-174824",1/71,0.3147445311450474,0.3695595899399714,0,0,2.697142857142857,3.117880909948564,UBB
GO_Biological_Process_2023,Regulation Of Heart Contraction (GO:0008016),1/69,0.307396940524649,0.3702476160966033,0,0,2.776750700280112,3.2754978898915463,CALM1
GO_Biological_Process_2023,Cellular Response To Calcium Ion (GO:0071277),1/69,0.307396940524649,0.3702476160966033,0,0,2.776750700280112,3.2754978898915463,AKR1C3
GO_Biological_Process_2023,Negative Regulation Of Extrinsic Apoptotic Signaling Pathway (GO:2001237),1/70,0.3110804389804444,0.3728362351282269,0,0,2.7363699102829537,3.195269416588392,GSTP1
GO_Biological_Process_2023,Sulfur Compound Biosynthetic Process (GO:0044272),1/70,0.3110804389804444,0.3728362351282269,0,0,2.7363699102829537,3.195269416588392,GSTP1
GO_Biological_Process_2023,Regulation Of G Protein-Coupled Receptor Signaling Pathway (GO:0008277),1/70,0.3110804389804444,0.3728362351282269,0,0,2.7363699102829537,3.195269416588392,PLEK
GO_Biological_Process_2023,Mitochondrial ATP Synthesis Coupled Electron Transport (GO:0042775),1/70,0.3110804389804444,0.3728362351282269,0,0,2.7363699102829537,3.195269416588392,NDUFB2
KEGG_2021_Human,cGMP-PKG signaling pathway,2/167,0.2217697846925316,0.3728656819555752,0,0,2.2994172494172496,3.463187824791579,CALM1;PPP1CA
KEGG_2021_Human,Wnt signaling pathway,2/166,0.2198226970210601,0.3728656819555752,0,0,2.313555347091933,3.504883610363436,RAC2;RAC1
Reactome_2022,Transport Of Small Molecules R-HSA-382551,5/706,0.31977954173924,0.3747696685429972,0,0,1.3554187087752998,1.545344658070522,UBB;PSME2;CALM1;PSMB10;PSMB8
Reactome_2022,Biological Oxidations R-HSA-211859,2/218,0.3216433382329524,0.3752850242583332,0,0,1.7519586894586894,1.9872677519390791,TPST2;GSTP1
Reactome_2022,RHOC GTPase Cycle R-HSA-9013106,1/73,0.3220149011977404,0.3752850242583332,0,0,2.621957671957672,2.9710908892199424,RHOC
Reactome_2022,Extra-nuclear Estrogen Signaling R-HSA-9009391,1/73,0.3220149011977404,0.3752850242583332,0,0,2.621957671957672,2.9710908892199424,CALM1
GO_Biological_Process_2023,Cell-Cell Junction Assembly (GO:0007043),1/71,0.3147445311450474,0.3758374499668134,0,0,2.697142857142857,3.117880909948564,RHOC
GO_Biological_Process_2023,Negative Regulation Of Protein Binding (GO:0032091),1/71,0.3147445311450474,0.3758374499668134,0,0,2.697142857142857,3.117880909948564,PPP1CA
GO_Biological_Process_2023,Negative Regulation Of Supramolecular Fiber Organization (GO:1902904),1/71,0.3147445311450474,0.3758374499668134,0,0,2.697142857142857,3.117880909948564,PFN1
Reactome_2022,RHOG GTPase Cycle R-HSA-9013408,1/74,0.3256213800324266,0.3766874636168478,0,0,2.5859099804305283,2.901442673624927,ARHGDIB
Reactome_2022,Signaling By NOTCH1 R-HSA-1980143,1/74,0.3256213800324266,0.3766874636168478,0,0,2.5859099804305283,2.901442673624927,UBB
Reactome_2022,"Cell Death Signaling Via NRAGE, NRIF And NADE R-HSA-204998",1/74,0.3256213800324266,0.3766874636168478,0,0,2.5859099804305283,2.901442673624927,UBB
Reactome_2022,Activation Of NMDA Receptors And Postsynaptic Events R-HSA-442755,1/74,0.3256213800324266,0.3766874636168478,0,0,2.5859099804305283,2.901442673624927,CALM1
GO_Biological_Process_2023,Negative Regulation Of Cellular Process (GO:0048523),4/537,0.3177393631582227,0.3789480502942239,0,0,1.4244932494573814,1.6332154775132113,BST2;IFITM1;APOBEC3G;IGFBP7
GO_Biological_Process_2023,Plasma Membrane Organization (GO:0007009),1/72,0.3183893182917479,0.3792578644357585,0,0,2.659020791415158,3.043197108910819,BIN2
Reactome_2022,Sensory Processing Of Sound R-HSA-9659379,1/75,0.3292088545824774,0.3801361912029712,0,0,2.550836550836551,2.834139889441226,CAPZB
KEGG_2021_Human,Protein processing in endoplasmic reticulum,2/171,0.2295720236757844,0.3817882567651632,0,0,2.2445380063723257,3.302924023894924,PDIA3;CALR
GO_Biological_Process_2023,Ubiquitin-Dependent ERAD Pathway (GO:0030433),1/73,0.3220149011977404,0.3826387334525718,0,0,2.621957671957672,2.9710908892199424,CALR
GO_Biological_Process_2023,Cellular Response To Reactive Oxygen Species (GO:0034614),1/73,0.3220149011977404,0.3826387334525718,0,0,2.621957671957672,2.9710908892199424,PRDX5
GO_Biological_Process_2023,Positive Regulation Of Protein Phosphorylation (GO:0001934),3/377,0.3227796420553497,0.3830791356261294,0,0,1.5201702923005036,1.718986389252679,CX3CR1;RAC1;CALM1
KEGG_2021_Human,Malaria,1/50,0.2335846623503299,0.3842844445118331,0,0,3.857142857142857,5.609098367731948,ITGB2
GO_Biological_Process_2023,Negative Regulation Of Neuron Apoptotic Process (GO:0043524),1/74,0.3256213800324266,0.384647296718014,0,0,2.5859099804305283,2.901442673624927,CX3CR1
GO_Biological_Process_2023,Regulation Of Cell Cycle G1/S Phase Transition (GO:1902806),1/74,0.3256213800324266,0.384647296718014,0,0,2.5859099804305283,2.901442673624927,PSME2
GO_Biological_Process_2023,Negative Regulation Of Cell Population Proliferation (GO:0008285),3/379,0.325683873661446,0.384647296718014,0,0,1.511929353439372,1.696124804852774,IFITM1;GSTP1;IGFBP7
GO_Biological_Process_2023,Positive Regulation Of Lymphocyte Proliferation (GO:0050671),1/74,0.3256213800324266,0.384647296718014,0,0,2.5859099804305283,2.901442673624927,FCGR3A
KEGG_2021_Human,Ovarian steroidogenesis,1/51,0.2376568381629201,0.3868244280736891,0,0,3.779809523809524,5.4313122580067175,AKR1C3
Reactome_2022,Transcription-Coupled Nucleotide Excision Repair (TC-NER) R-HSA-6781827,1/77,0.3363271868901672,0.3876418128311302,0,0,2.4834586466165414,2.706152425654923,UBB
GO_Biological_Process_2023,Positive Regulation Of Neurogenesis (GO:0050769),1/75,0.3292088545824774,0.3883386003084564,0,0,2.550836550836551,2.834139889441226,CX3CR1
Reactome_2022,Constitutive Signaling By Aberrant PI3K In Cancer R-HSA-2219530,1/78,0.3398582415356282,0.3902767718733313,0,0,2.451082251082251,2.64527337243436,RAC2
Reactome_2022,G Alpha (12/13) Signaling Events R-HSA-416482,1/78,0.3398582415356282,0.3902767718733313,0,0,2.451082251082251,2.64527337243436,RHOC
GO_Biological_Process_2023,Regulation Of Ras Protein Signal Transduction (GO:0046578),1/76,0.3327774239489931,0.3920723103980864,0,0,2.5166984126984127,2.769076475621896,ARHGDIB
Reactome_2022,Amyloid Fiber Formation R-HSA-977225,1/79,0.3433706855673141,0.3935894329994625,0,0,2.41953601953602,2.586350203161968,UBB
KEGG_2021_Human,Pathways of neurodegeneration,4/475,0.2446149650990134,0.3939588385278847,0,0,1.6171683110611548,2.277085982701357,UBB;NDUFB2;RAC1;CALM1
GO_Biological_Process_2023,Positive Regulation Of Protein Modification Process (GO:0031401),2/225,0.3352263127095523,0.3944793897744369,0,0,1.696360814073819,1.854036559232154,RAC1;CALM1
Reactome_2022,Processing Of DNA Double-Strand Break Ends R-HSA-5693607,1/80,0.3468646161229741,0.3961459277032874,0,0,2.38878842676311,2.529298706870077,UBB
Reactome_2022,COPI-mediated Anterograde Transport R-HSA-6807878,1/80,0.3468646161229741,0.3961459277032874,0,0,2.38878842676311,2.529298706870077,CAPZB
Reactome_2022,TP53 Regulates Metabolic Genes R-HSA-5628897,1/81,0.3503401298474933,0.398662906378182,0,0,2.358809523809524,2.474039248608164,PRDX5
Reactome_2022,Regulation Of HSF1-mediated Heat Shock Response R-HSA-3371453,1/81,0.3503401298474933,0.398662906378182,0,0,2.358809523809524,2.474039248608164,UBB
GO_Biological_Process_2023,Long-Chain Fatty Acid Metabolic Process (GO:0001676),1/78,0.3398582415356282,0.3994464459161193,0,0,2.451082251082251,2.64527337243436,GSTP1
Reactome_2022,Global Genome Nucleotide Excision Repair (GG-NER) R-HSA-5696399,1/82,0.3537973229385567,0.4018676113812954,0,0,2.329570840681952,2.420496468978649,UBB
GO_Biological_Process_2023,Positive Regulation Of Protein Modification By Small Protein Conjugation Or Removal (GO:1903322),1/79,0.3433706855673141,0.4026010933310366,0,0,2.41953601953602,2.586350203161968,UBB
GO_Biological_Process_2023,Regulation Of Neuron Differentiation (GO:0045664),1/79,0.3433706855673141,0.4026010933310366,0,0,2.41953601953602,2.586350203161968,CALR
GO_Biological_Process_2023,Negative Regulation Of Intracellular Signal Transduction (GO:1902532),2/231,0.3468076224652101,0.4052312582590515,0,0,1.651410816257978,1.7488193739017308,GSTP1;PLEK
GO_Biological_Process_2023,Negative Regulation Of Protein Serine/Threonine Kinase Activity (GO:0071901),1/80,0.3468646161229741,0.4052312582590515,0,0,2.38878842676311,2.529298706870077,GSTP1
GO_Biological_Process_2023,Regulation Of Cytokinesis (GO:0032465),1/80,0.3468646161229741,0.4052312582590515,0,0,2.38878842676311,2.529298706870077,CALM1
KEGG_2021_Human,Alcoholism,2/186,0.2589656028368202,0.4084845193365127,0,0,2.0599916387959865,2.783172372896656,CALM1;PPP1CA
KEGG_2021_Human,Glutathione metabolism,1/57,0.2616436790521454,0.4084845193365127,0,0,3.373809523809524,4.523508345839324,GSTP1
KEGG_2021_Human,Legionellosis,1/57,0.2616436790521454,0.4084845193365127,0,0,3.373809523809524,4.523508345839324,ITGB2
GO_Biological_Process_2023,Negative Regulation Of NF-kappaB Transcription Factor Activity (GO:0032088),1/81,0.3503401298474933,0.4088002475531374,0,0,2.358809523809524,2.474039248608164,HAVCR2
GO_Biological_Process_2023,Cellular Response To Organic Substance (GO:0071310),1/82,0.3537973229385567,0.4123393260147208,0,0,2.329570840681952,2.420496468978649,CCL3
GO_Biological_Process_2023,Regulation Of Epithelial To Mesenchymal Transition (GO:0010717),1/83,0.3572362910427614,0.4148550476625617,0,0,2.3010452961672474,2.368599007697472,GLIPR2
GO_Biological_Process_2023,Phospholipase C-activating G Protein-Coupled Receptor Signaling Pathway (GO:0007200),1/83,0.3572362910427614,0.4148550476625617,0,0,2.3010452961672474,2.368599007697472,CX3CR1
GO_Biological_Process_2023,Regulation Of Cell Division (GO:0051302),1/83,0.3572362910427614,0.4148550476625617,0,0,2.3010452961672474,2.368599007697472,CALM1
GO_Biological_Process_2023,Positive Regulation Of Protein Ubiquitination (GO:0031398),1/84,0.3606571293184515,0.4173318210684939,0,0,2.2732071141709698,2.318279247019639,UBB
GO_Biological_Process_2023,Purine Ribonucleotide Metabolic Process (GO:0009150),1/84,0.3606571293184515,0.4173318210684939,0,0,2.2732071141709698,2.318279247019639,TPST2
GO_Biological_Process_2023,Regulation Of Cysteine-Type Endopeptidase Activity Involved In Apoptotic Process (GO:0043281),1/84,0.3606571293184515,0.4173318210684939,0,0,2.2732071141709698,2.318279247019639,CTSD
GO_Biological_Process_2023,Establishment Of Protein Localization To Organelle (GO:0072594),1/85,0.364059932456824,0.4177877855348678,0,0,2.246031746031746,2.269473074663769,LAMP1
GO_Biological_Process_2023,Regulation Of Kinase Activity (GO:0043549),1/85,0.364059932456824,0.4177877855348678,0,0,2.246031746031746,2.269473074663769,FGR
GO_Biological_Process_2023,Cellular Respiration (GO:0045333),1/85,0.364059932456824,0.4177877855348678,0,0,2.246031746031746,2.269473074663769,NDUFB2
GO_Biological_Process_2023,Regulation Of Osteoblast Differentiation (GO:0045667),1/85,0.364059932456824,0.4177877855348678,0,0,2.246031746031746,2.269473074663769,IFITM1
GO_Biological_Process_2023,mRNA Metabolic Process (GO:0016071),1/85,0.364059932456824,0.4177877855348678,0,0,2.246031746031746,2.269473074663769,HNRNPA2B1
GO_Biological_Process_2023,Defense Response To Gram-positive Bacterium (GO:0050830),1/85,0.364059932456824,0.4177877855348678,0,0,2.246031746031746,2.269473074663769,FGR
GO_Biological_Process_2023,Positive Regulation Of Protein Localization (GO:1903829),1/85,0.364059932456824,0.4177877855348678,0,0,2.246031746031746,2.269473074663769,TYROBP
KEGG_2021_Human,Transcriptional misregulation in cancer,2/192,0.2707503155080229,0.4184323057851263,0,0,1.994331983805668,2.605710862386964,IL2RB;GZMB
KEGG_2021_Human,Arachidonic acid metabolism,1/61,0.2772179988502112,0.4199440972681418,0,0,3.148253968253968,4.039055837681037,AKR1C3
KEGG_2021_Human,Steroid hormone biosynthesis,1/61,0.2772179988502112,0.4199440972681418,0,0,3.148253968253968,4.039055837681037,AKR1C3
Reactome_2022,Regulation Of PLK1 Activity At G2/M Transition R-HSA-2565942,1/87,0.3708118094826056,0.4204321962849796,0,0,2.193576965669989,2.176161274432933,UBB
GO_Biological_Process_2023,Exocytosis (GO:0006887),1/86,0.3674447946028771,0.4206788461177816,0,0,2.219495798319328,2.22211966490254,CCL3
GO_Biological_Process_2023,Regulation Of Mitotic Cell Cycle Phase Transition (GO:1901990),1/86,0.3674447946028771,0.4206788461177816,0,0,2.219495798319328,2.22211966490254,PSME2
Reactome_2022,Diseases Of Metabolism R-HSA-5668914,2/247,0.3773545048223336,0.4226569713505169,0,0,1.5423076923076924,1.5030871196621758,SPON2;UBB
Reactome_2022,Antimicrobial Peptides R-HSA-6803157,1/89,0.3774926697867455,0.4226569713505169,0,0,2.1435064935064934,2.088212874936948,GNLY
Reactome_2022,Mitochondrial Biogenesis R-HSA-1592230,1/89,0.3774926697867455,0.4226569713505169,0,0,2.1435064935064934,2.088212874936948,CALM1
Reactome_2022,Interferon Gamma Signaling R-HSA-877300,1/89,0.3774926697867455,0.4226569713505169,0,0,2.1435064935064934,2.088212874936948,HLA-B
Reactome_2022,RAB GEFs Exchange GTP For GDP On RABs R-HSA-8876198,1/89,0.3774926697867455,0.4226569713505169,0,0,2.1435064935064934,2.088212874936948,TRAPPC1
Reactome_2022,Unfolded Protein Response (UPR) R-HSA-381119,1/89,0.3774926697867455,0.4226569713505169,0,0,2.1435064935064934,2.088212874936948,CALR
Reactome_2022,Glucose Metabolism R-HSA-70326,1/89,0.3774926697867455,0.4226569713505169,0,0,2.1435064935064934,2.088212874936948,TPI1
Reactome_2022,Respiratory Electron Transport R-HSA-611105,1/90,0.3808067001974504,0.4248501797576537,0,0,2.119315141787052,2.0461211625404925,NDUFB2
Reactome_2022,Regulation Of TP53 Activity Thru Phosphorylation R-HSA-6804756,1/90,0.3808067001974504,0.4248501797576537,0,0,2.119315141787052,2.0461211625404925,UBB
KEGG_2021_Human,Cytosolic DNA-sensing pathway,1/63,0.2848826797803083,0.4273240196704624,0,0,3.046390168970814,3.825284606937049,CCL4
GO_Biological_Process_2023,Positive Regulation Of Cell Adhesion (GO:0045785),1/88,0.3741610703355911,0.4273614105360688,0,0,2.168253968253968,2.1315430541870413,RAC1
GO_Biological_Process_2023,Negative Regulation Of Protein Kinase Activity (GO:0006469),1/88,0.3741610703355911,0.4273614105360688,0,0,2.168253968253968,2.1315430541870413,GSTP1
GO_Biological_Process_2023,Cellular Response To Chemical Stress (GO:0062197),1/89,0.3774926697867455,0.4301557737780969,0,0,2.1435064935064934,2.088212874936948,PRDX5
GO_Biological_Process_2023,ERAD Pathway (GO:0036503),1/89,0.3774926697867455,0.4301557737780969,0,0,2.1435064935064934,2.088212874936948,CALR
GO_Biological_Process_2023,Mitochondrial Respiratory Chain Complex Assembly (GO:0033108),1/90,0.3808067001974504,0.4329170907507857,0,0,2.119315141787052,2.0461211625404925,NDUFB2
GO_Biological_Process_2023,Regulation Of Peptidyl-Tyrosine Phosphorylation (GO:0050730),1/90,0.3808067001974504,0.4329170907507857,0,0,2.119315141787052,2.0461211625404925,ITGB2
KEGG_2021_Human,Viral carcinogenesis,2/203,0.2923398198430257,0.4342523537474072,0,0,1.884137007271336,2.3171840174942444,HLA-B;RAC1
Reactome_2022,Oxidative Stress Induced Senescence R-HSA-2559580,1/93,0.3906442921897476,0.4350514586198433,0,0,2.049896480331263,1.9268163328682864,UBB
GO_Biological_Process_2023,Steroid Metabolic Process (GO:0008202),1/92,0.3873824203534316,0.4398781689059995,0,0,2.0725274725274727,1.96546672933473,AKR1C3
Reactome_2022,Drug ADME R-HSA-9748784,1/95,0.3971165113308563,0.4406938984149503,0,0,2.0060790273556237,1.852665261012176,GSTP1
Reactome_2022,P75 NTR Receptor-Mediated Signaling R-HSA-193704,1/95,0.3971165113308563,0.4406938984149503,0,0,2.0060790273556237,1.852665261012176,UBB
KEGG_2021_Human,Mitophagy,1/68,0.3036939339663183,0.4406972885556297,0,0,2.8183368869936034,3.3587103743546707,UBB
KEGG_2021_Human,Epithelial cell signaling in Helicobacter pylori infection,1/70,0.3110804389804444,0.4406972885556297,0,0,2.7363699102829537,3.195269416588392,RAC1
KEGG_2021_Human,Glycolysis / Gluconeogenesis,1/67,0.299971317013411,0.4406972885556297,0,0,2.8611832611832613,3.445060405339184,TPI1
KEGG_2021_Human,RIG-I-like receptor signaling pathway,1/70,0.3110804389804444,0.4406972885556297,0,0,2.7363699102829537,3.195269416588392,ISG15
KEGG_2021_Human,Renin secretion,1/69,0.307396940524649,0.4406972885556297,0,0,2.776750700280112,3.2754978898915463,CALM1
Reactome_2022,MyD88 Cascade Initiated On Plasma Membrane R-HSA-975871,1/96,0.4003270378587071,0.4434718246243982,0,0,1.984862155388471,1.8170886473975003,UBB
GO_Biological_Process_2023,Muscle Contraction (GO:0006936),1/94,0.3938889592186841,0.4462238558980897,0,0,2.027752176139273,1.889228798205254,MYL6
GO_Biological_Process_2023,Cellular Response To Hormone Stimulus (GO:0032870),1/94,0.3938889592186841,0.4462238558980897,0,0,2.027752176139273,1.889228798205254,AKR1C3
GO_Biological_Process_2023,T Cell Receptor Signaling Pathway (GO:0050852),1/95,0.3971165113308563,0.4493565180600609,0,0,2.0060790273556237,1.852665261012176,CD247
Reactome_2022,Formation Of A Pool Of Free 40S Subunits R-HSA-72689,1/98,0.4066973697706775,0.4497341284765693,0,0,1.943740795287187,1.7487562515727495,EIF3G
KEGG_2021_Human,Inositol phosphate metabolism,1/73,0.3220149011977404,0.4505747421610261,0,0,2.621957671957672,2.9710908892199424,TPI1
KEGG_2021_Human,Glioma,1/75,0.3292088545824774,0.4505747421610261,0,0,2.550836550836551,2.834139889441226,CALM1
KEGG_2021_Human,Gastric acid secretion,1/76,0.3327774239489931,0.4505747421610261,0,0,2.5166984126984127,2.769076475621896,CALM1
KEGG_2021_Human,PPAR signaling pathway,1/74,0.3256213800324266,0.4505747421610261,0,0,2.5859099804305283,2.901442673624927,DBI
KEGG_2021_Human,Metabolism of xenobiotics by cytochrome P450,1/76,0.3327774239489931,0.4505747421610261,0,0,2.5166984126984127,2.769076475621896,GSTP1
Reactome_2022,Cellular Response To Heat Stress R-HSA-3371556,1/99,0.4098573516877627,0.4524305625144845,0,0,1.923809523809524,1.715934406782979,UBB
GO_Biological_Process_2023,Regulation Of Protein Localization (GO:0032880),1/97,0.4035206278823546,0.4550139794682699,0,0,1.9640873015873013,1.7824635728667912,CTSD
GO_Biological_Process_2023,Monocarboxylic Acid Metabolic Process (GO:0032787),1/97,0.4035206278823546,0.4550139794682699,0,0,1.9640873015873013,1.7824635728667912,AOAH
GO_Biological_Process_2023,Regulation Of Defense Response (GO:0031347),1/97,0.4035206278823546,0.4550139794682699,0,0,1.9640873015873013,1.7824635728667912,FGR
GO_Biological_Process_2023,MAPK Cascade (GO:0000165),1/98,0.4066973697706775,0.4575345409920122,0,0,1.943740795287187,1.7487562515727495,CCL3
GO_Biological_Process_2023,Positive Regulation Of Cold-Induced Thermogenesis (GO:0120162),1/98,0.4066973697706775,0.4575345409920122,0,0,1.943740795287187,1.7487562515727495,UCP2
Reactome_2022,TRAF6 Mediated Induction Of NFkB And MAP Kinases Upon TLR7/8 Or 9 Activation R-HSA-975138,1/101,0.4161273852933388,0.4585445880121677,0,0,1.8851428571428568,1.6528251110148593,UBB
Reactome_2022,MyD88 Dependent Cascade Initiated On Endosome R-HSA-975155,1/102,0.419237610792961,0.4611613718722572,0,0,1.8663837812352664,1.6224799513447534,UBB
Reactome_2022,Toll Like Receptor 7/8 (TLR7/8) Cascade R-HSA-168181,1/103,0.4223314239251286,0.4629402146871603,0,0,1.847992530345472,1.592904712202544,UBB
Reactome_2022,Toll Like Receptor 3 (TLR3) Cascade R-HSA-168164,1/103,0.4223314239251286,0.4629402146871603,0,0,1.847992530345472,1.592904712202544,UBB
GO_Biological_Process_2023,Protein Complex Oligomerization (GO:0051259),1/100,0.4130006611337857,0.4635527051062814,0,0,1.9042809042809044,1.6839671916127796,PRF1
GO_Biological_Process_2023,Antimicrobial Humoral Response (GO:0019730),1/100,0.4130006611337857,0.4635527051062814,0,0,1.9042809042809044,1.6839671916127796,GNLY
Reactome_2022,Cargo Recognition For Clathrin-Mediated Endocytosis R-HSA-8856825,1/104,0.4254089104291192,0.4646888272457452,0,0,1.82995839112344,1.5640735444024818,UBB
Reactome_2022,Transport Of Inorganic Cations/Anions And Amino Acids/Oligopeptides R-HSA-425393,1/104,0.4254089104291192,0.4646888272457452,0,0,1.82995839112344,1.5640735444024818,CALM1
GO_Biological_Process_2023,Hemopoiesis (GO:0030097),1/101,0.4161273852933388,0.4665234354153695,0,0,1.8851428571428568,1.6528251110148593,PLEK
Reactome_2022,PI3K/AKT Signaling In Cancer R-HSA-2219528,1/105,0.4284701556782165,0.4672187610612901,0,0,1.8122710622710625,1.535961689955308,RAC2
Reactome_2022,Toll Like Receptor 9 (TLR9) Cascade R-HSA-168138,1/106,0.4315152445971842,0.4689082467286559,0,0,1.794920634920635,1.508545426817783,UBB
Reactome_2022,"PI5P, PP2A And IER3 Regulate PI3K/AKT Signaling R-HSA-6811558",1/106,0.4315152445971842,0.4689082467286559,0,0,1.794920634920635,1.508545426817783,RAC2
Reactome_2022,MyD88-independent TLR4 Cascade R-HSA-166166,1/107,0.4345442615283541,0.4697573309970311,0,0,1.7778975741239893,1.481802017134266,UBB
Reactome_2022,Interleukin-4 And Interleukin-13 Signaling R-HSA-6785807,1/107,0.4345442615283541,0.4697573309970311,0,0,1.7778975741239893,1.481802017134266,ITGB2
Reactome_2022,O-linked Glycosylation R-HSA-5173105,1/107,0.4345442615283541,0.4697573309970311,0,0,1.7778975741239893,1.481802017134266,SPON2
Reactome_2022,Nucleotide Excision Repair R-HSA-5696398,1/108,0.4375572906338494,0.4713890399096625,0,0,1.7611927013796174,1.4557096563585978,UBB
Reactome_2022,L13a-mediated Translational Silencing Of Ceruloplasmin Expression R-HSA-156827,1/108,0.4375572906338494,0.4713890399096625,0,0,1.7611927013796174,1.4557096563585978,EIF3G
Reactome_2022,Degradation Of Extracellular Matrix R-HSA-1474228,1/109,0.4405544154241179,0.4729924973817155,0,0,1.7447971781305114,1.430247428878137,CTSD
Reactome_2022,GTP Hydrolysis And Joining Of 60S Ribosomal Subunit R-HSA-72706,1/109,0.4405544154241179,0.4729924973817155,0,0,1.7447971781305114,1.430247428878137,EIF3G
KEGG_2021_Human,Peroxisome,1/82,0.3537973229385567,0.4748332492070103,0,0,2.329570840681952,2.420496468978649,PRDX5
GO_Biological_Process_2023,Macroautophagy (GO:0016236),1/104,0.4254089104291192,0.4763795632915943,0,0,1.82995839112344,1.5640735444024818,CALR
GO_Biological_Process_2023,Lysosomal Transport (GO:0007041),1/105,0.4284701556782165,0.478154984293027,0,0,1.8122710622710625,1.535961689955308,LAMP1
GO_Biological_Process_2023,Negative Regulation Of MAPK Cascade (GO:0043409),1/105,0.4284701556782165,0.478154984293027,0,0,1.8122710622710625,1.535961689955308,GSTP1
GO_Biological_Process_2023,Cellular Response To Organonitrogen Compound (GO:0071417),1/105,0.4284701556782165,0.478154984293027,0,0,1.8122710622710625,1.535961689955308,RAP1B
GO_Biological_Process_2023,Plasma Membrane Bounded Cell Projection Assembly (GO:0120031),2/275,0.4293269107377336,0.4785616482076572,0,0,1.3821499013806706,1.168658356720255,RAP1B;RAC1
GO_Biological_Process_2023,Regulation Of G1/S Transition Of Mitotic Cell Cycle (GO:2000045),1/106,0.4315152445971842,0.4804499630566587,0,0,1.794920634920635,1.508545426817783,PSME2
Reactome_2022,MyD88:MAL(TIRAP) Cascade Initiated On Plasma Membrane R-HSA-166058,1/112,0.4494511934871076,0.4808974374000281,0,0,1.6973830973830977,1.357444807572588,UBB
Reactome_2022,Golgi-to-ER Retrograde Transport R-HSA-8856688,1/112,0.4494511934871076,0.4808974374000281,0,0,1.6973830973830977,1.357444807572588,CAPZB
Reactome_2022,Negative Regulation Of PI3K/AKT Network R-HSA-199418,1/113,0.4523855283626057,0.4832124808915738,0,0,1.6821428571428572,1.334310238316945,RAC2
KEGG_2021_Human,Complement and coagulation cascades,1/85,0.364059932456824,0.4843579970947311,0,0,2.246031746031746,2.269473074663769,ITGB2
Reactome_2022,HDR Thru Homologous Recombination (HRR) Or Single Strand Annealing (SSA) R-HSA-5693567,1/114,0.4553043704329457,0.4846788459447486,0,0,1.667172355667931,1.3117131000621676,UBB
Reactome_2022,Macroautophagy R-HSA-1632852,1/114,0.4553043704329457,0.4846788459447486,0,0,1.667172355667931,1.3117131000621676,UBB
Reactome_2022,Extracellular Matrix Organization R-HSA-1474244,2/291,0.4580071177286696,0.4859060284532586,0,0,1.3045648123502795,1.0186962478746535,ITGB2;CTSD
Reactome_2022,Cell Cycle R-HSA-1640170,4/654,0.4579848066823324,0.4859060284532586,0,0,1.161025641025641,0.9066672944166052,UBB;PSME2;PSMB10;PSMB8
GO_Biological_Process_2023,Positive Regulation Of Metabolic Process (GO:0009893),1/108,0.4375572906338494,0.4866197785996586,0,0,1.7611927013796174,1.4557096563585978,UCP2
GO_Biological_Process_2023,Regulation Of Wnt Signaling Pathway (GO:0030111),1/109,0.4405544154241179,0.4882769575738228,0,0,1.7447971781305114,1.430247428878137,PPP1CA
GO_Biological_Process_2023,Positive Regulation Of Cysteine-Type Endopeptidase Activity Involved In Apoptotic Process (GO:0043280),1/109,0.4405544154241179,0.4882769575738228,0,0,1.7447971781305114,1.430247428878137,CTSD
GO_Biological_Process_2023,Cellular Response To Salt (GO:1902075),1/109,0.4405544154241179,0.4882769575738228,0,0,1.7447971781305114,1.430247428878137,AKR1C3
Reactome_2022,Cap-dependent Translation Initiation R-HSA-72737,1/116,0.4610958998469701,0.4883566371690039,0,0,1.6380124223602484,1.268066058647926,EIF3G
GO_Biological_Process_2023,Positive Regulation Of Cell Differentiation (GO:0045597),2/283,0.4437672893520789,0.4907187773040053,0,0,1.342252942786751,1.090520083802044,IFITM1;GLIPR2
GO_Biological_Process_2023,Central Nervous System Development (GO:0007417),2/283,0.4437672893520789,0.4907187773040053,0,0,1.342252942786751,1.090520083802044,CX3CR1;GSTP1
GO_Biological_Process_2023,Regulation Of Protein Serine/Threonine Kinase Activity (GO:0071900),1/112,0.4494511934871076,0.4947526161602136,0,0,1.6973830973830977,1.357444807572588,CALM1
GO_Biological_Process_2023,Negative Regulation Of Defense Response (GO:0031348),1/112,0.4494511934871076,0.4947526161602136,0,0,1.6973830973830977,1.357444807572588,AOAH
GO_Biological_Process_2023,Small GTPase Mediated Signal Transduction (GO:0007264),1/112,0.4494511934871076,0.4947526161602136,0,0,1.6973830973830977,1.357444807572588,RAC1
GO_Biological_Process_2023,Calcium Ion Transport (GO:0006816),1/112,0.4494511934871076,0.4947526161602136,0,0,1.6973830973830977,1.357444807572588,CCL3
Reactome_2022,Estrogen-dependent Gene Expression R-HSA-9018519,1/119,0.4696690099855059,0.4957617327624785,0,0,1.5961259079903147,1.2062355501155535,CTSD
Reactome_2022,Homology Directed Repair R-HSA-5693538,1/119,0.4696690099855059,0.4957617327624785,0,0,1.5961259079903147,1.2062355501155535,UBB
GO_Biological_Process_2023,Positive Regulation Of Cellular Component Organization (GO:0051130),1/113,0.4523855283626057,0.4974193818647656,0,0,1.6821428571428572,1.334310238316945,RHOC
KEGG_2021_Human,PD-L1 expression and PD-1 checkpoint pathway in cancer,1/89,0.3774926697867455,0.497899814460104,0,0,2.1435064935064934,2.088212874936948,CD247
Reactome_2022,Cell-Cell Communication R-HSA-1500931,1/120,0.4724965821531829,0.4979081630420937,0,0,1.5826330532212884,1.186539194877304,TYROBP
GO_Biological_Process_2023,Response To Endoplasmic Reticulum Stress (GO:0034976),1/114,0.4553043704329457,0.4994986998429156,0,0,1.667172355667931,1.3117131000621676,PDIA3
GO_Biological_Process_2023,Regulation Of MAP Kinase Activity (GO:0043405),1/114,0.4553043704329457,0.4994986998429156,0,0,1.667172355667931,1.3117131000621676,GSTP1
GO_Biological_Process_2023,Endoplasmic Reticulum To Golgi Vesicle-Mediated Transport (GO:0006888),1/115,0.4582078007576643,0.5021172292406423,0,0,1.6524644945697575,1.289636970747822,TRAPPC1
Reactome_2022,Rab Regulation Of Trafficking R-HSA-9007101,1/122,0.4781070014725404,0.5029749830927565,0,0,1.5563164108618657,1.1484381250330276,TRAPPC1
KEGG_2021_Human,Salivary secretion,1/93,0.3906442921897476,0.5045547542298856,0,0,2.049896480331263,1.9268163328682864,CALM1
KEGG_2021_Human,Phosphatidylinositol signaling system,1/97,0.4035206278823546,0.5045547542298856,0,0,1.9640873015873013,1.7824635728667912,CALM1
KEGG_2021_Human,Aldosterone synthesis and secretion,1/98,0.4066973697706775,0.5045547542298856,0,0,1.943740795287187,1.7487562515727495,CALM1
KEGG_2021_Human,mRNA surveillance pathway,1/98,0.4066973697706775,0.5045547542298856,0,0,1.943740795287187,1.7487562515727495,PPP1CA
KEGG_2021_Human,T cell receptor signaling pathway,1/104,0.4254089104291192,0.5045547542298856,0,0,1.82995839112344,1.5640735444024818,CD247
KEGG_2021_Human,Circadian entrainment,1/97,0.4035206278823546,0.5045547542298856,0,0,1.9640873015873013,1.7824635728667912,CALM1
KEGG_2021_Human,NF-kappa B signaling pathway,1/104,0.4254089104291192,0.5045547542298856,0,0,1.82995839112344,1.5640735444024818,CCL4
KEGG_2021_Human,GnRH signaling pathway,1/93,0.3906442921897476,0.5045547542298856,0,0,2.049896480331263,1.9268163328682864,CALM1
KEGG_2021_Human,Prostate cancer,1/97,0.4035206278823546,0.5045547542298856,0,0,1.9640873015873013,1.7824635728667912,GSTP1
KEGG_2021_Human,Melanogenesis,1/101,0.4161273852933388,0.5045547542298856,0,0,1.8851428571428568,1.6528251110148593,CALM1
KEGG_2021_Human,AGE-RAGE signaling pathway in diabetic complications,1/100,0.4130006611337857,0.5045547542298856,0,0,1.9042809042809044,1.6839671916127796,RAC1
KEGG_2021_Human,Amoebiasis,1/102,0.419237610792961,0.5045547542298856,0,0,1.8663837812352664,1.6224799513447534,ITGB2
KEGG_2021_Human,Hematopoietic cell lineage,1/99,0.4098573516877627,0.5045547542298856,0,0,1.923809523809524,1.715934406782979,CD7
GO_Biological_Process_2023,Protein Processing (GO:0016485),1/117,0.4639687479998428,0.5067164303998284,0,0,1.6238095238095238,1.246985172015424,SRGN
GO_Biological_Process_2023,Positive Regulation Of Protein Serine/Threonine Kinase Activity (GO:0071902),1/117,0.4639687479998428,0.5067164303998284,0,0,1.6238095238095238,1.246985172015424,CALM1
GO_Biological_Process_2023,Cellular Response To Oxidative Stress (GO:0034599),1/117,0.4639687479998428,0.5067164303998284,0,0,1.6238095238095238,1.246985172015424,PRDX5
KEGG_2021_Human,Glucagon signaling pathway,1/107,0.4345442615283541,0.5071686777801437,0,0,1.7778975741239893,1.481802017134266,CALM1
KEGG_2021_Human,Insulin resistance,1/108,0.4375572906338494,0.5071686777801437,0,0,1.7611927013796174,1.4557096563585978,PPP1CA
KEGG_2021_Human,Drug metabolism,1/108,0.4375572906338494,0.5071686777801437,0,0,1.7611927013796174,1.4557096563585978,GSTP1
GO_Biological_Process_2023,Regulation Of Protein Binding (GO:0043393),1/118,0.4668264248945745,0.5092651907940812,0,0,1.6098494098494098,1.2263796929893611,PPP1CA
GO_Biological_Process_2023,Positive Regulation Of Gene Expression (GO:0010628),3/480,0.4694557693633047,0.5112186760424543,0,0,1.1856261830616108,0.8965482212400988,FGR;TYROBP;CCL3
GO_Biological_Process_2023,Regulation Of Protein-Containing Complex Assembly (GO:0043254),1/119,0.4696690099855059,0.5112186760424543,0,0,1.5961259079903147,1.2062355501155535,RHOC
Reactome_2022,Cardiac Conduction R-HSA-5576891,1/126,0.489151113799786,0.5137315717796748,0,0,1.506209523809524,1.077066046556529,CALM1
Reactome_2022,DNA Repair R-HSA-73894,2/310,0.4909758671478049,0.514785733614839,0,0,1.222902097902098,0.8699240066673678,UBB;ISG15
GO_Biological_Process_2023,Positive Regulation Of Cell Population Proliferation (GO:0008284),3/483,0.473554298859299,0.5148711168805802,0,0,1.1780339805825242,0.8805670856497783,BST2;AKR1C3;CALR
Reactome_2022,Autophagy R-HSA-9612973,1/128,0.4945860343896103,0.5177052480171714,0,0,1.482339707536558,1.043617791519286,UBB
GO_Biological_Process_2023,Fatty Acid Metabolic Process (GO:0006631),1/122,0.4781070014725404,0.5186607203474434,0,0,1.5563164108618657,1.1484381250330276,AOAH
GO_Biological_Process_2023,Protein Localization To Nucleus (GO:0034504),1/122,0.4781070014725404,0.5186607203474434,0,0,1.5563164108618657,1.1484381250330276,CALR
GO_Biological_Process_2023,Modulation Of Chemical Synaptic Transmission (GO:0050804),1/123,0.4808900045253815,0.5205179113570945,0,0,1.543481654957065,1.1300087201991638,CX3CR1
GO_Biological_Process_2023,Organonitrogen Compound Biosynthetic Process (GO:1901566),1/123,0.4808900045253815,0.5205179113570945,0,0,1.543481654957065,1.1300087201991638,GSTP1
GO_Biological_Process_2023,Protein Dephosphorylation (GO:0006470),1/124,0.4836583063672189,0.5223509708765964,0,0,1.5308555942702284,1.1119776819108949,PPP1CA
GO_Biological_Process_2023,Negative Regulation Of Growth (GO:0045926),1/124,0.4836583063672189,0.5223509708765964,0,0,1.5308555942702284,1.1119776819108949,BST2
GO_Biological_Process_2023,Negative Regulation Of Cell Growth (GO:0030308),1/125,0.4864119839564093,0.5247418961216758,0,0,1.5184331797235022,1.0943337457663809,BST2
GO_Biological_Process_2023,Regulation Of Response To External Stimulus (GO:0032101),1/127,0.4918757720739738,0.529460963960025,0,0,1.4941798941798945,1.0601641008481375,FGR
GO_Biological_Process_2023,Cytosolic Transport (GO:0016482),1/127,0.4918757720739738,0.529460963960025,0,0,1.4941798941798945,1.0601641008481375,LAMP1
GO_Biological_Process_2023,Protein Phosphorylation (GO:0006468),3/500,0.4965066171624013,0.5338544600462988,0,0,1.1367427868179951,0.7959000880916988,FGR;ABI3;HCST
GO_Biological_Process_2023,Protein Homooligomerization (GO:0051260),1/129,0.4972819762114124,0.5340973269364562,0,0,1.470684523809524,1.0274173511009626,PRF1
GO_Biological_Process_2023,Regulation Of Cell Cycle Process (GO:0010564),1/130,0.499963672425482,0.536384867105484,0,0,1.4592100406053894,1.011553348464968,CALM1
Reactome_2022,Late Phase Of HIV Life Cycle R-HSA-162599,1/136,0.5157588408881221,0.5380712033891057,0,0,1.3939329805996472,0.9229453089873052,UBB
Reactome_2022,Factors Involved In Megakaryocyte Development And Platelet Production R-HSA-983231,1/136,0.5157588408881221,0.5380712033891057,0,0,1.3939329805996472,0.9229453089873052,CAPZB
GO_Biological_Process_2023,Synapse Organization (GO:0050808),1/131,0.5026311976365985,0.5386521765190448,0,0,1.447912087912088,0.9960166740217916,CX3CR1
Reactome_2022,Death Receptor Signaling R-HSA-73887,1/139,0.5234700629641909,0.5452088529543981,0,0,1.363423050379572,0.882510250234346,UBB
GO_Biological_Process_2023,Antigen Receptor-Mediated Signaling Pathway (GO:0050851),1/134,0.510549486913049,0.5465353538320306,0,0,1.4150375939849624,0.9512840799715656,CD247
GO_Biological_Process_2023,Cellular Response To Metal Ion (GO:0071248),1/135,0.5131610659251391,0.5481236879991596,0,0,1.404406538734897,0.9369716108758144,AKR1C3
GO_Biological_Process_2023,Non-Membrane-Bounded Organelle Assembly (GO:0140694),1/135,0.5131610659251391,0.5481236879991596,0,0,1.404406538734897,0.9369716108758144,BIN2
Reactome_2022,Diseases Of Glycosylation R-HSA-3781865,1/143,0.5335627785844479,0.5547991080803464,0,0,1.3247484909456742,0.8321785756785223,SPON2
GO_Biological_Process_2023,Protein Modification Process (GO:0036211),4/711,0.5232815302456214,0.5583201398449441,0,0,1.064259367113182,0.6892523186949517,UBE2F;FGR;HCST;PPP1CA
Reactome_2022,RHOA GTPase Cycle R-HSA-8980692,1/147,0.5434437079423835,0.5641377564236332,0,0,1.2881930854533594,0.7855776956622087,ARHGDIB
Reactome_2022,CDC42 GTPase Cycle R-HSA-9013148,1/149,0.5483061322838418,0.5663722321943474,0,0,1.2706563706563707,0.7635647480697524,ARHGDIB
Reactome_2022,DNA Double-Strand Break Repair R-HSA-5693532,1/149,0.5483061322838418,0.5663722321943474,0,0,1.2706563706563707,0.7635647480697524,UBB
Reactome_2022,HIV Life Cycle R-HSA-162587,1/149,0.5483061322838418,0.5663722321943474,0,0,1.2706563706563707,0.7635647480697524,UBB
GO_Biological_Process_2023,Positive Regulation Of Transferase Activity (GO:0051347),1/143,0.5335627785844479,0.5686655929650037,0,0,1.3247484909456742,0.8321785756785223,HNRNPA2B1
GO_Biological_Process_2023,Regulation Of Cell Adhesion (GO:0030155),1/144,0.5360526923398792,0.5706935563574618,0,0,1.3154179154179155,0.820193083020888,RAC2
GO_Biological_Process_2023,Positive Regulation Of Protein Kinase Activity (GO:0045860),1/145,0.5385294392518217,0.5727030798170357,0,0,1.3062169312169312,0.8084347896197986,CALM1
GO_Biological_Process_2023,Negative Regulation Of Response To External Stimulus (GO:0032102),1/146,0.5409930882873345,0.5734408743896282,0,0,1.2971428571428572,0.7968981266169206,AOAH
GO_Biological_Process_2023,Neuron Projection Morphogenesis (GO:0048812),1/146,0.5409930882873345,0.5734408743896282,0,0,1.2971428571428572,0.7968981266169206,UBB
GO_Biological_Process_2023,Regulation Of Cold-Induced Thermogenesis (GO:0120161),1/146,0.5409930882873345,0.5734408743896282,0,0,1.2971428571428572,0.7968981266169206,UCP2
Reactome_2022,Metabolism Of Steroids R-HSA-8957322,1/153,0.5578776089361108,0.5753112842153643,0,0,1.236967418546366,0.721913580473614,AKR1C3
GO_Biological_Process_2023,Dephosphorylation (GO:0016311),1/147,0.5434437079423835,0.5754109848801707,0,0,1.2881930854533594,0.7855776956622087,PPP1CA
Reactome_2022,Transcriptional Regulation By TP53 R-HSA-3700989,2/354,0.5623588721706028,0.578980316668256,0,0,1.0676354895104896,0.6145470773511009,PRDX5;UBB
GO_Biological_Process_2023,Negative Regulation Of DNA-binding Transcription Factor Activity (GO:0043433),1/149,0.5483061322838418,0.5792973484564068,0,0,1.2706563706563707,0.7635647480697524,HAVCR2
GO_Biological_Process_2023,Axon Guidance (GO:0007411),1/149,0.5483061322838418,0.5792973484564068,0,0,1.2706563706563707,0.7635647480697524,RAC1
GO_Biological_Process_2023,protein-RNA Complex Assembly (GO:0022618),1/150,0.5507180722491736,0.5812138612662288,0,0,1.2620645573665707,0.7528622307290838,EIF3G
Reactome_2022,Regulation Of TP53 Activity R-HSA-5633007,1/157,0.5672481367063006,0.5830566913358205,0,0,1.205006105006105,0.6831883816191409,UBB
KEGG_2021_Human,Oxidative phosphorylation,1/133,0.5079240312601514,0.5843035848331065,0,0,1.425829725829726,0.965890402655994,NDUFB2
GO_Biological_Process_2023,Positive Regulation Of NF-kappaB Transcription Factor Activity (GO:0051092),1/152,0.5555037439137473,0.5856286757962715,0,0,1.2452223273415326,0.7320412148890497,CX3CR1
KEGG_2021_Human,Systemic lupus erythematosus,1/135,0.5131610659251391,0.5859227096010917,0,0,1.404406538734897,0.9369716108758144,FCGR3A
KEGG_2021_Human,Apelin signaling pathway,1/137,0.5183428842553988,0.5873618905174834,0,0,1.3836134453781512,0.9091977385922756,CALM1
KEGG_2021_Human,Human papillomavirus infection,2/331,0.5259384248424525,0.5873618905174834,0,0,1.1436170212765957,0.7348552886638852,HLA-B;ISG15
KEGG_2021_Human,Measles,1/139,0.5234700629641909,0.5873618905174834,0,0,1.363423050379572,0.882510250234346,IL2RB
GO_Biological_Process_2023,Regulation Of Cellular Component Organization (GO:0051128),1/153,0.5578776089361108,0.5874940800497288,0,0,1.236967418546366,0.721913580473614,RAP1B
KEGG_2021_Human,Phospholipase D signaling pathway,1/148,0.545881366683608,0.5965703507328001,0,0,1.2793650793650793,0.774468261601828,FCER1G
KEGG_2021_Human,Neuroactive ligand-receptor interaction,2/341,0.5420181783140715,0.5965703507328001,0,0,1.1093147265713637,0.6794061704018717,GZMA;S1PR5
KEGG_2021_Human,Retrograde endocannabinoid signaling,1/148,0.545881366683608,0.5965703507328001,0,0,1.2793650793650793,0.774468261601828,NDUFB2
Reactome_2022,Protein Localization R-HSA-9609507,1/164,0.5831755493982907,0.5984469222139579,0,0,1.1528483786152497,0.6216931143358645,UBB
KEGG_2021_Human,Cushing syndrome,1/155,0.5625877281524873,0.6061684676572573,0,0,1.2207792207792207,0.7022022131818262,RAP1B
KEGG_2021_Human,PI3K-Akt signaling pathway,2/354,0.5623588721706028,0.6061684676572573,0,0,1.0676354895104896,0.6145470773511009,IL2RB;RAC1
GO_Biological_Process_2023,Protein Autophosphorylation (GO:0046777),1/162,0.5786850709226294,0.6074318455040991,0,0,1.167287784679089,0.6385027626778955,FGR
GO_Biological_Process_2023,Positive Regulation Of Macromolecule Metabolic Process (GO:0010604),2/364,0.5775671224253662,0.6074318455040991,0,0,1.0376115597110072,0.5695767505991732,TYROBP;CCL3
GO_Biological_Process_2023,Mitochondrion Organization (GO:0007005),1/162,0.5786850709226294,0.6074318455040991,0,0,1.167287784679089,0.6385027626778955,UCP2
GO_Biological_Process_2023,Regulation Of Cell Population Proliferation (GO:0042127),4/766,0.5826440859458728,0.6109277794383909,0,0,0.9846122175904484,0.5318666129653717,IFITM1;AKR1C3;IGFBP7;CALR
KEGG_2021_Human,JAK-STAT signaling pathway,1/162,0.5786850709226294,0.6191525583997365,0,0,1.167287784679089,0.6385027626778955,IL2RB
KEGG_2021_Human,Alzheimer disease,2/369,0.5850272721306262,0.6215914766387903,0,0,1.0232131628589394,0.5485413164573368,NDUFB2;CALM1
GO_Biological_Process_2023,Brain Development (GO:0007420),1/169,0.5941953925138113,0.6223684499174833,0,0,1.1182539682539685,0.5821038267840073,CX3CR1
Reactome_2022,Generic Transcription Pathway R-HSA-212436,6/1190,0.6089097709835624,0.6238340300762967,0,0,0.948141891891892,0.4703591425775821,PRDX5;UBB;PSME2;CALM1;PSMB10;PSMB8
KEGG_2021_Human,Hepatocellular carcinoma,1/168,0.5920147601179869,0.6246776434348414,0,0,1.125007128599943,0.5897554127304827,GSTP1
GO_Biological_Process_2023,Metal Ion Transport (GO:0030001),1/171,0.5985220801704833,0.6262254703183098,0,0,1.1049859943977591,0.5671803187132046,CCL3
GO_Biological_Process_2023,Generation Of Neurons (GO:0048699),1/172,0.600668256217879,0.6271208861909543,0,0,1.0984683932052353,0.5599030523885644,RAC1
GO_Biological_Process_2023,Cell-Cell Adhesion Via Plasma-Membrane Adhesion Molecules (GO:0098742),1/172,0.600668256217879,0.6271208861909543,0,0,1.0984683932052353,0.5599030523885644,ITGB2
Reactome_2022,mRNA Splicing - Major Pathway R-HSA-72163,1/181,0.6194794968618647,0.6325955122677348,0,0,1.043068783068783,0.4995002672806222,HNRNPA2B1
Reactome_2022,Intra-Golgi And Retrograde Golgi-to-ER Traffic R-HSA-6811442,1/181,0.6194794968618647,0.6325955122677348,0,0,1.043068783068783,0.4995002672806222,CAPZB
Reactome_2022,Neurotransmitter Receptors And Postsynaptic Signal Transmission R-HSA-112314,1/182,0.6215146669480908,0.6336417824007364,0,0,1.037253354380426,0.4933133067627214,CALM1
GO_Biological_Process_2023,Positive Regulation Of Cellular Process (GO:0048522),3/594,0.6135056961046612,0.6398364126756767,0,0,0.9513084618796512,0.4647767133903553,AKR1C3;CALR;CST7
GO_Biological_Process_2023,"RNA Splicing, Via Transesterification Reactions With Bulged Adenosine As Nucleophile (GO:0000377)",1/180,0.6174334870529027,0.6432426038750497,0,0,1.048949188613993,0.5057864416706279,HNRNPA2B1
Reactome_2022,mRNA Splicing R-HSA-72172,1/189,0.6354620883439773,0.646809625635834,0,0,0.9982776089159068,0.4526219095334873,HNRNPA2B1
Reactome_2022,Sensory Perception R-HSA-9709957,3/616,0.638161158671136,0.6485041272071349,0,0,0.9161215730372668,0.4114892220910661,CAPZB;AKR1C3;CALM1
GO_Biological_Process_2023,RNA Processing (GO:0006396),1/183,0.6235390542633639,0.648907880882216,0,0,1.0315018315018316,0.4872235759500092,HNRNPA2B1
KEGG_2021_Human,NOD-like receptor signaling pathway,1/181,0.6194794968618647,0.6491805686292144,0,0,1.043068783068783,0.4995002672806222,CYBA
GO_Biological_Process_2023,Phosphate-Containing Compound Metabolic Process (GO:0006796),1/184,0.6255527153897964,0.6503072078704621,0,0,1.0258131667967734,0.4812291398537601,PPP1CA
KEGG_2021_Human,RNA transport,1/186,0.6295480840011554,0.6552439241644679,0,0,1.0146203346203346,0.4695186483305331,EIF3G
GO_Biological_Process_2023,Endocytosis (GO:0006897),1/189,0.6354620883439773,0.6599029378956688,0,0,0.9982776089159068,0.4526219095334873,ITGB2
GO_Biological_Process_2023,Transcription By RNA Polymerase II (GO:0006366),1/192,0.6412825558470499,0.6638196424742624,0,0,0.9824482672650212,0.4364871408470824,DRAP1
GO_Biological_Process_2023,Neuron Projection Development (GO:0031175),1/192,0.6412825558470499,0.6638196424742624,0,0,0.9824482672650212,0.4364871408470824,UBB
GO_Biological_Process_2023,Protein Localization To Membrane (GO:0072657),1/192,0.6412825558470499,0.6638196424742624,0,0,0.9824482672650212,0.4364871408470824,ITGB2
GO_Biological_Process_2023,Endomembrane System Organization (GO:0010256),1/196,0.6489002072980379,0.6709904271209498,0,0,0.962100122100122,0.4160855374935979,SRGN
GO_Biological_Process_2023,Golgi Vesicle Transport (GO:0048193),1/197,0.6507794457248229,0.6722185135436004,0,0,0.9571428571428572,0.4111737234880546,TRAPPC1
GO_Biological_Process_2023,DNA-templated Transcription (GO:0006351),1/199,0.6545080824190038,0.6753522888654689,0,0,0.9473785473785474,0.4015666188274303,DRAP1
GO_Biological_Process_2023,Organic Substance Transport (GO:0071702),1/201,0.6581972796505022,0.6784387654509948,0,0,0.9378095238095238,0.3922393730379847,CCL3
GO_Biological_Process_2023,Regulation Of MAPK Cascade (GO:0043408),1/204,0.6636580296214016,0.6833428016864431,0,0,0.923809523809524,0.3787510756839595,GSTP1
GO_Biological_Process_2023,Phosphorylation (GO:0016310),2/429,0.6670499819235395,0.6861085528356405,0,0,0.876733921815889,0.3549810610243804,FGR;HCST
GO_Biological_Process_2023,Negative Regulation Of Cell Differentiation (GO:0045596),1/207,0.6690323464005458,0.6866942351650798,0,0,0.9102172907998152,0.3658371455217104,CALR
GO_Biological_Process_2023,Regulation Of Canonical Wnt Signaling Pathway (GO:0060828),1/207,0.6690323464005458,0.6866942351650798,0,0,0.9102172907998152,0.3658371455217104,PPP1CA
Reactome_2022,G Alpha (Q) Signaling Events R-HSA-416476,1/212,0.6778011387050753,0.6876720290745667,0,0,0.8884224779959378,0.3455086920090616,XCL2
GO_Biological_Process_2023,Nervous System Development (GO:0007399),2/433,0.672030900524468,0.6890443410440747,0,0,0.868418704265572,0.3451538447334786,GSTP1;EVL
GO_Biological_Process_2023,Protein Ubiquitination (GO:0016567),2/434,0.6732667835062714,0.6895841028114813,0,0,0.8663639601139601,0.3427453812129316,UBB;ISG15
GO_Biological_Process_2023,"mRNA Splicing, Via Spliceosome (GO:0000398)",1/211,0.676065989915458,0.6917222549450791,0,0,0.8926984126984127,0.3494598176612417,HNRNPA2B1
GO_Biological_Process_2023,mRNA Processing (GO:0006397),1/214,0.6812438633963052,0.696287103282028,0,0,0.8799910574558462,0.3377713155345154,HNRNPA2B1
Reactome_2022,RNA Polymerase II Transcription R-HSA-73857,6/1312,0.7025821039805658,0.7116623250336265,0,0,0.8539663093415008,0.3014441384937802,PRDX5;UBB;PSME2;CALM1;PSMB10;PSMB8
GO_Biological_Process_2023,Regulation Of Cell Growth (GO:0001558),1/227,0.7027501615617776,0.7175138204181174,0,0,0.8288242730720606,0.2923709444280173,BST2
GO_Biological_Process_2023,Positive Regulation Of Phosphorylation (GO:0042327),1/231,0.7090735769628916,0.7232104058845024,0,0,0.8142443064182194,0.2799339210319976,RAC1
GO_Biological_Process_2023,Positive Regulation Of Developmental Process (GO:0051094),1/233,0.7121851304962082,0.7256225857885895,0,0,0.8071428571428572,0.2739583192054896,CFL1
KEGG_2021_Human,Thermogenesis,1/232,0.7106334965959216,0.72971090590051,0,0,0.8106782106782107,0.2769264267321984,NDUFB2
KEGG_2021_Human,Coronavirus disease,1/232,0.7106334965959216,0.72971090590051,0,0,0.8106782106782107,0.2769264267321984,ISG15
KEGG_2021_Human,Chemical carcinogenesis,1/239,0.7213233596075695,0.7323919525802043,0,0,0.7865546218487395,0.2569420321669191,GSTP1
KEGG_2021_Human,Calcium signaling pathway,1/240,0.7228182015660839,0.7323919525802043,0,0,0.7832237497509464,0.2542325013095747,CALM1
GO_Biological_Process_2023,Regulation Of Gene Expression (GO:0010468),5/1127,0.7197545336075286,0.7325669179754113,0,0,0.8282592965178871,0.2723689703109984,TYROBP;CCL3;CALR;LITAF;HAVCR2
Reactome_2022,Processing Of Capped Intron-Containing Pre-mRNA R-HSA-72203,1/242,0.7257840975525666,0.7339784341378375,0,0,0.7766449318316538,0.2489167934590031,HNRNPA2B1
Reactome_2022,Transmission Across Chemical Synapses R-HSA-112315,1/246,0.7316219007633727,0.7386907113987676,0,0,0.7638095238095238,0.2386839284178098,CALM1
Reactome_2022,SLC-mediated Transmembrane Transport R-HSA-425407,1/247,0.7330620103543821,0.7389547917880991,0,0,0.7606658923732095,0.2362057630285116,CALM1
GO_Biological_Process_2023,Positive Regulation Of DNA-binding Transcription Factor Activity (GO:0051091),1/246,0.7316219007633727,0.7438666187677807,0,0,0.7638095238095238,0.2386839284178098,CX3CR1
Reactome_2022,Metabolism Of Lipids R-HSA-556833,3/732,0.7499213180874669,0.7547362222164393,0,0,0.7657117743417635,0.2203618845798264,AKR1C3;DBI;PPP1CA
GO_Biological_Process_2023,Positive Regulation Of Signal Transduction (GO:0009967),1/266,0.7590145655866741,0.7709113456115436,0,0,0.70544474393531,0.1945153206111238,CD63
Reactome_2022,Organelle Biogenesis And Maintenance R-HSA-1852241,1/275,0.7704195101957949,0.7741234501486592,0,0,0.6819603753910324,0.1778689692533117,CALM1
Reactome_2022,Translation R-HSA-72766,1/281,0.7777240780378124,0.7802127950875335,0,0,0.6671428571428571,0.1677086885406457,EIF3G
GO_Biological_Process_2023,Monoatomic Cation Transmembrane Transport (GO:0098655),1/281,0.7777240780378124,0.7890895656083025,0,0,0.6671428571428571,0.1677086885406457,UCP2
Reactome_2022,Gene Expression (Transcription) R-HSA-74160,6/1449,0.7886747177318274,0.7899345814981722,0,0,0.7671933471933472,0.1821327092626485,PRDX5;UBB;PSME2;CALM1;PSMB10;PSMB8
GO_Biological_Process_2023,Inorganic Cation Transmembrane Transport (GO:0098662),1/284,0.7812895489388891,0.7918805438671536,0,0,0.659969712266532,0.162886766037842,UCP2
GO_Biological_Process_2023,Regulation Of Cell Cycle (GO:0051726),1/298,0.7971934778761945,0.8071583963496469,0,0,0.6284110950777617,0.1424343215302959,CALR
KEGG_2021_Human,Huntington disease,1/306,0.8057613476036589,0.8110624091010514,0,0,0.6116783762685402,0.1321027568345753,NDUFB2
GO_Biological_Process_2023,Protein Transport (GO:0015031),1/313,0.8129634770688078,0.8222689903339033,0,0,0.5977411477411477,0.1237737179678744,PRF1
GO_Biological_Process_2023,Proteasome-Mediated Ubiquitin-Dependent Protein Catabolic Process (GO:0043161),1/319,0.8189257440934434,0.8274384857160364,0,0,0.5862833183587901,0.1171170495581357,CALR
GO_Biological_Process_2023,Intracellular Protein Transport (GO:0006886),1/325,0.8246996827322244,0.8324071564026189,0,0,0.5752498530276308,0.1108713440817312,CALR
Reactome_2022,Neuronal System R-HSA-112316,1/386,0.8739762104170726,0.8739762104170726,0,0,0.4825974025974026,0.0650068946356474,CALM1
GO_Biological_Process_2023,Vesicle-Mediated Transport (GO:0016192),1/411,0.8899521106184596,0.8973376053123887,0,0,0.4525900116144019,0.05276639500432,CCL3
KEGG_2021_Human,Olfactory transduction,1/440,0.9059849624742372,0.9059849624742372,0,0,0.4220631304913765,0.0416713779080151,CALM1
GO_Biological_Process_2023,Regulation Of Nucleic Acid-Templated Transcription (GO:1903506),1/452,0.911921346741646,0.9185363202413264,0,0,0.4105796642382008,0.0378560753789333,CALR
GO_Biological_Process_2023,Negative Regulation Of Nucleic Acid-Templated Transcription (GO:1903507),1/456,0.913816409587758,0.918541416876216,0,0,0.4068864468864469,0.0366708821008374,CALR
GO_Biological_Process_2023,Negative Regulation Of DNA-templated Transcription (GO:0045892),3/1025,0.9136420942135116,0.918541416876216,0,0,0.5378374783880835,0.0485755265678388,DRAP1;PRDX5;CALR
GO_Biological_Process_2023,Negative Regulation Of Transcription By RNA Polymerase II (GO:0000122),2/763,0.9162737365817264,0.9200599916915684,0,0,0.4834984332356211,0.0422771609680175,DRAP1;CALR
GO_Biological_Process_2023,Positive Regulation Of Transcription By RNA Polymerase II (GO:0045944),1/938,0.9939342788262108,0.9970114747358894,0,0,0.1926818112517152,0.001172313210195,LITAF
GO_Biological_Process_2023,Regulation Of Transcription By RNA Polymerase II (GO:0006357),4/2028,0.9957482499488692,0.9978013391240216,0,0,0.3462373091529102,0.0014752529273783,DRAP1;CALR;LITAF;HAVCR2
GO_Biological_Process_2023,Regulation Of DNA-templated Transcription (GO:0006355),2/1922,0.9997294348332568,0.9997294348332568,0,0,0.1800280448717948,4.871590869039357e-05,CALR;HAVCR2
GO_Biological_Process_2023,Positive Regulation Of DNA-templated Transcription (GO:0045893),1/1243,0.998905543576854,0.9997294348332568,0,0,0.1430258415765662,0.0001566212742115596,LITAF
