index,n_genes_by_counts,total_counts,total_counts_mt,pct_counts_mt,n_genes,leiden,cell_type,CD4_T_score,CD8_T_score,NK_score,cell_type_refined
AAACATACAACCAC-1,781,2421.0,73.0,3.0152829,781,0,T cells,1.349015998840332,1.4419543179598722,-0.9020119869347775,CD4 T-like
AAACATTGAGCTAC-1,1352,4903.0,186.0,3.7935958,1352,3,B cells,0.5469411484400432,-0.6832556637850675,-0.7583710603039674,B cells
AAACATTGATCAGC-1,1131,3149.0,28.0,0.8891712,1131,0,T cells,0.2271129973729451,0.12904782439723161,-0.8529676769718979,CD4 T-like
AAACCGTGCTTCCG-1,960,2639.0,46.0,1.7430845,960,1,CD14-like monocytes,-0.7314026896158854,-1.0856236929845329,0.25659038466636597,CD14-like monocytes
AAACCGTGTATGCG-1,522,981.0,12.0,1.2232417,522,2,NK / cytotoxic lymphocytes,0.0686460995674133,-0.08169159552063598,2.148891422002002,NK-like
AAACGCACTGGTAC-1,782,2164.0,36.0,1.6635859,782,0,T cells,0.6359285068511963,-0.05929380378337823,-1.0277902622415562,CD4 T-like
AAACGCTGACCAGT-1,783,2176.0,83.0,3.8143382,783,2,NK / cytotoxic lymphocytes,0.8046217854817708,0.8745337399569425,0.3714572106949007,NK-like
AAACGCTGGTTCTT-1,790,2260.0,70.0,3.097345,790,2,NK / cytotoxic lymphocytes,0.586737585067749,1.6143005949078182,-0.009582844165840543,NK-like
AAACGCTGTAGCCA-1,533,1276.0,15.0,1.1755486,533,2,NK / cytotoxic lymphocytes,-0.4586668904622396,1.2825115126792832,0.005178201078164468,NK-like
AAACGCTGTTTCTG-1,550,1103.0,32.0,2.9011786,550,1,CD14-like monocytes,-0.6310577392578125,-0.8100981278852983,0.01378746225376326,CD14-like monocytes
AAACTTGAAAAACG-1,1116,3918.0,103.0,2.6288922,1116,3,B cells,0.5708848985036215,-0.2869758668572011,-1.127385226162997,B cells
AAACTTGATCCAGA-1,751,2392.0,26.0,1.0869565,751,0,T cells,1.5224593226114909,0.07889589444555412,-0.9294200088038589,CD4 T-like
AAAGAGACGAGATA-1,866,2412.0,26.0,1.0779436,866,0,T cells,0.18145324468612667,0.0924042711354266,-1.1549066871103615,CD4 T-like
AAAGAGACGCGAGA-1,1059,3034.0,43.0,1.4172709,1059,1,CD14-like monocytes,-0.7524048360188802,-0.5958243964898466,-0.012936389807498783,CD14-like monocytes
AAAGAGACGGACTT-1,458,1152.0,27.0,2.34375,458,2,NK / cytotoxic lymphocytes,-0.38203633626302086,1.5503987630208336,-0.08308762107232603,NK-like
AAAGAGACGGCATT-1,335,792.0,19.0,2.39899,335,0,T cells,0.5178782304128011,-0.7665516246448864,-0.7929354580965909,CD4 T-like
AAAGCAGATATCGG-1,1424,4586.0,64.0,1.3955517,1424,1,CD14-like monocytes,-0.2682770101229349,-1.086826671253551,0.3375282846315941,CD14-like monocytes
AAAGCCTGTATGCG-1,1014,2929.0,50.0,1.7070674,1014,0,T cells,1.4994736512502036,0.34743148726646345,-0.4061557013579089,CD4 T-like
AAAGGCCTGTCTAG-1,1446,4974.0,76.0,1.5279453,1446,3,B cells,0.5978019698460897,0.3539457484929249,-0.5522301018840136,B cells
AAAGTTTGATCACG-1,446,1270.0,44.0,3.464567,446,3,B cells,1.2521626393000285,-0.6610356340504656,-0.8283301459418403,B cells
AAAGTTTGGGGTGA-1,1020,3286.0,85.0,2.5867314,1020,3,B cells,0.2889405171076457,-0.6016099226595175,-0.5898484576832164,B cells
AAAGTTTGTAGAGA-1,417,1102.0,17.0,1.5426497,417,0,T cells,2.314117453893026,-0.27823575145066387,-0.8633892945568971,CD4 T-like
AAAGTTTGTAGCGT-1,878,2684.0,67.0,2.4962742,878,1,CD14-like monocytes,-0.7139078776041666,-0.7332889361815019,-0.31570593805024116,CD14-like monocytes
AAATCAACAATGCC-1,789,2321.0,27.0,1.1632917,789,3,B cells,0.23911458889643356,-0.6127168848056985,-0.6524573990792939,B cells
AAATCAACACCAGT-1,510,1414.0,28.0,1.980198,510,0,T cells,0.12459708054860436,-0.1531570598332569,-0.30256648111825035,CD4 T-like
AAATCAACCAGGAG-1,824,2801.0,63.0,2.2491968,824,0,T cells,0.9497703234354655,0.0719200018680457,-0.9584912386807528,CD4 T-like
AAATCAACCCTATT-1,1545,5680.0,138.0,2.4295776,1545,1,CD14-like monocytes,0.3287301206588745,-0.65795935717496,0.2756906836923927,CD14-like monocytes
AAATCAACGGAAGC-1,996,3473.0,61.0,1.7564065,996,0,T cells,0.6749904012680054,-0.35127628692472823,-0.6738931952100812,CD4 T-like
AAATCAACTCGCAA-1,937,2812.0,52.0,1.8492177,937,0,T cells,1.3635344552993773,-0.16622314742117217,-1.0721926448321102,CD4 T-like
AAATCATGACCACA-1,1368,4128.0,189.0,4.5784883,1368,1,CD14-like monocytes,-0.953836669921875,-0.7072552570188888,0.1458423498905066,CD14-like monocytes
AAATCCCTCCACAA-1,428,956.0,19.0,1.9874477,428,0,T cells,0.884457934697469,1.6333986532808553,-0.8661394215593434,CD4 T-like
AAATCCCTGCTATG-1,406,822.0,14.0,1.703163,406,3,B cells,0.22752533515294393,-0.6640140263721196,-0.7421229969371449,B cells
AAATGTTGAACGAA-1,1020,3211.0,62.0,1.9308627,1020,1,CD14-like monocytes,-0.3204250605901082,-1.0032048080906724,0.23096172159368356,CD14-like monocytes
AAATGTTGCCACAA-1,786,1761.0,11.0,0.62464505,786,0,T cells,0.21871736208597814,0.988404778759889,-0.6390430322801225,CD4 T-like
AAATGTTGTGGCAT-1,1019,2763.0,53.0,1.9182049,1019,1,CD14-like monocytes,-0.22292065421740215,-0.8274400499131944,-0.013134696266867918,CD14-like monocytes
AAATTCGAAGGTTC-1,750,2741.0,61.0,2.225465,750,0,T cells,1.0598451550801595,0.1708128148859197,-0.9259316030174795,CD4 T-like
AAATTCGAATCACG-1,822,2567.0,51.0,1.986755,822,1,CD14-like monocytes,-0.6477400716145834,-0.929434111624053,0.2769031091169878,CD14-like monocytes
AAATTCGAGCTGAT-1,982,2971.0,65.0,2.1878154,982,1,CD14-like monocytes,-0.497055492401123,-1.008098101375079,0.29869429752080123,CD14-like monocytes
AAATTCGAGGAGTG-1,876,2981.0,74.0,2.4823885,876,0,T cells,1.2510781160990398,0.2795702211784593,-0.8258903055480031,CD4 T-like
AAATTCGATTCTCA-1,930,2643.0,38.0,1.4377601,930,2,NK / cytotoxic lymphocytes,0.29792184511820474,0.6567197135000518,1.966657742587003,NK-like
AAATTGACACGACT-1,838,2359.0,50.0,2.1195421,838,2,NK / cytotoxic lymphocytes,1.3408921670913696,1.2636043702713167,0.11949319068831632,NK-like
AAATTGACTCGCTC-1,1014,3412.0,51.0,1.4947245,1014,0,T cells,1.0113861083984375,0.3679034445020888,-0.48553347780246936,CD4 T-like
AACAAACTCATTTC-1,732,2179.0,31.0,1.422671,732,0,T cells,0.6584709072113037,0.10707637709800644,-0.1935212462839454,CD4 T-like
AACAAACTTTCGTT-1,877,2688.0,46.0,1.7113096,877,0,T cells,0.7132009569803873,-0.5485902359991363,-1.0157154738300977,CD4 T-like
AACAATACGACGAG-1,782,2104.0,63.0,2.9942966,782,0,T cells,0.8377713457743327,0.47058629700631815,-0.9444115378639915,CD4 T-like
AACACGTGCAGAGG-1,787,1801.0,16.0,0.8883953,787,0,T cells,-0.1634911847114563,0.14096337906037903,-1.2914286141443734,CD4 T-like
AACACGTGGAAAGT-1,791,2632.0,27.0,1.0258359,791,0,T cells,1.087707824707031,0.10531123960861055,-0.9458104913884943,CD4 T-like
AACACGTGGAACCT-1,880,2280.0,51.0,2.2368422,880,1,CD14-like monocytes,-0.6171785990397135,-0.8896279383187342,-0.19986322913507015,CD14-like monocytes
AACACGTGGCTACA-1,801,2653.0,64.0,2.4123633,801,0,T cells,0.16414028247197465,-0.2732732031080458,-0.6152717973246719,CD4 T-like
AACACGTGTACGAC-1,1215,3571.0,98.0,2.7443295,1215,1,CD14-like monocytes,-0.2418112516403198,-0.9644374654750631,0.4965565517695263,CD14-like monocytes
AACAGCACAAGAGT-1,343,689.0,17.0,2.467344,343,1,CD14-like monocytes,-0.3675241343180339,-0.8711524732185133,-0.1006535130317765,CD14-like monocytes
AACATTGATGGGAG-1,1460,4713.0,149.0,3.1614683,1460,1,CD14-like monocytes,-0.6101161992549896,-0.8467082517315644,0.18127530993837304,CD14-like monocytes
AACCAGTGATACCG-1,1250,3841.0,107.0,2.785733,1250,1,CD14-like monocytes,-0.5216731754938762,-1.1153793334960938,0.2712670624858202,CD14-like monocytes
AACCCAGATCGCTC-1,756,2343.0,26.0,1.1096884,756,0,T cells,0.8599169699350993,-0.2904753405638416,-0.9657231340504656,CD4 T-like
AACCGATGCTCCCA-1,836,2295.0,84.0,3.660131,836,0,T cells,1.3796373383204141,0.29427560652145235,-1.0087224786931819,CD4 T-like
AACCGATGGTCATG-1,824,2633.0,55.0,2.088872,824,3,B cells,0.6209755198160807,-0.7935498940824258,-0.5729371420060745,B cells
AACCGATGTTCTAC-1,827,2296.0,59.0,2.5696864,827,1,CD14-like monocytes,-0.11636024951934809,-0.8920148599027383,0.2707607818372322,CD14-like monocytes
AACCGCCTAGCGTT-1,1238,3391.0,56.0,1.6514304,1238,0,T cells,1.1078265317281089,0.012728326007573343,-1.014533225936119,CD4 T-like
AACCGCCTCTACGA-1,1243,3998.0,139.0,3.4767382,1243,1,CD14-like monocytes,-0.736888682047526,-0.9670545789930556,-0.29152362756054817,CD14-like monocytes
AACCTACTGTGAGG-1,1652,5687.0,90.0,1.5825567,1652,1,CD14-like monocytes,-0.34644017299016316,-1.0378225307271938,-0.0007893388921564881,CD14-like monocytes
AACCTACTGTGTTG-1,843,2675.0,71.0,2.6542056,843,0,T cells,1.381158520380656,0.26921127396400524,-1.087329286517519,CD4 T-like
AACCTTACGAGACG-1,825,2771.0,70.0,2.5261638,825,0,T cells,0.8557153288523356,-0.3010513223782934,-0.6071553591525916,CD4 T-like
AACCTTACGCGAGA-1,656,1248.0,59.0,4.727564,656,2,NK / cytotoxic lymphocytes,-0.5534427388509114,-0.13775791303075924,2.4989220513237846,NK-like
AACCTTACTAACGC-1,776,1947.0,33.0,1.6949153,776,1,CD14-like monocytes,-0.6089654541015626,-0.9820162840563842,0.10870336571125061,CD14-like monocytes
AACCTTTGGACGGA-1,766,2078.0,27.0,1.2993263,766,0,T cells,0.07508254369099931,0.4379310829470856,-0.7481610433019774,CD4 T-like
AACCTTTGTACGCA-1,1465,4621.0,91.0,1.9692708,1465,1,CD14-like monocytes,-0.5164385255177816,-1.0414028745709043,0.5330490266433869,CD14-like monocytes
AACGCAACAAGTAG-1,790,2049.0,31.0,1.5129331,790,0,T cells,0.32170145829518637,-0.29959960513644746,-0.9193583016443734,CD4 T-like
AACGCATGACCCAA-1,871,2778.0,61.0,2.1958244,871,0,T cells,0.6926650857925415,0.15411772101816512,-0.9758620599303582,CD4 T-like
AACGCATGCCTTCG-1,803,2866.0,77.0,2.6866713,803,0,T cells,0.5119258451461792,0.2969391312262025,-0.9719959605823864,CD4 T-like
AACGCATGTACTTC-1,965,2915.0,41.0,1.406518,965,0,T cells,0.9855355548858643,0.0168428132028291,-0.7737824762710418,CD4 T-like
AACGCCCTCGGGAA-1,800,2503.0,55.0,2.1973631,800,0,T cells,0.8246415519714355,-0.20999647294632107,-0.9525776872731219,CD4 T-like
AACGCCCTCGTACA-1,876,1915.0,27.0,1.4099216,876,2,NK / cytotoxic lymphocytes,-0.17967048923174544,-0.07771925781712385,2.7454917560924184,NK-like
AACGCCCTGGCATT-1,690,1442.0,40.0,2.773925,690,0,T cells,0.3902321624755859,-0.3889478206634521,-0.4789791458784931,CD4 T-like
AACGTCGAGTATCG-1,988,2149.0,43.0,2.0009308,988,2,NK / cytotoxic lymphocytes,-0.35116398334503174,-0.3476396854477699,2.501707762901229,NK-like
AACGTGTGAAAGCA-1,906,2820.0,69.0,2.4468086,906,0,T cells,1.793202788035075,-0.5350208316186462,-0.9354733553799716,CD4 T-like
AACGTGTGGCGGAA-1,741,2071.0,43.0,2.0762916,741,3,B cells,-0.1225325071811676,-0.5974267995718754,-1.076282925075955,B cells
AACGTGTGTCCAAG-1,620,1665.0,41.0,2.4624624,620,0,T cells,0.7401793956756592,0.15748743577436963,-1.00759101636482,CD4 T-like
AACGTGTGTGCTTT-1,867,1933.0,24.0,1.2415934,867,0,T cells,0.4793080520629883,-0.15436230669117934,-0.47146938352873824,CD4 T-like
AACTACCTTAGAGA-1,916,2876.0,43.0,1.4951321,916,0,T cells,0.8654633251825968,0.33773994927454476,-1.0283445107816445,CD4 T-like
AACTCACTCAAGCT-1,969,2607.0,82.0,3.1453776,969,1,CD14-like monocytes,-0.3292863202095032,-0.8701672794842961,0.16294738307143697,CD14-like monocytes
AACTCACTTGGAGG-1,803,2124.0,32.0,1.5065913,803,1,CD14-like monocytes,-0.6457836405436198,-0.9405196218779592,-0.14185929250235518,CD14-like monocytes
AACTCGGAAAGTGA-1,732,1840.0,67.0,3.6413045,732,2,NK / cytotoxic lymphocytes,0.8809106667836507,1.1744852489895292,0.19386956860320737,NK-like
AACTCGGAAGGTCT-1,555,1290.0,31.0,2.4031007,555,1,CD14-like monocytes,-0.5028943379720052,-0.7545677724510732,-0.07925794196851332,CD14-like monocytes
AACTCTTGCAGGAG-1,790,2103.0,21.0,0.9985735,790,0,T cells,0.49901528676350915,-0.5186093990248863,-0.5777382084817597,CD4 T-like
AACTGTCTCCCTTG-1,862,2331.0,51.0,2.1879022,862,1,CD14-like monocytes,-0.6250098673502604,-1.0357970420760338,0.07674023310343436,CD14-like monocytes
AACTTGCTACGCTA-1,900,2336.0,62.0,2.6541095,900,3,B cells,0.10829258759816485,-1.0780084783380681,-1.0817914249921086,B cells
AACTTGCTGGGACA-1,674,1864.0,41.0,2.199571,674,0,T cells,0.5891269810994466,0.10689212529346204,-0.6927533489285093,CD4 T-like
AAGAACGAGTGTTG-1,397,780.0,11.0,1.4102564,397,0,T cells,0.3440873654683431,0.5213250767100942,-0.7731327866062974,CD4 T-like
AAGAAGACGTAGGG-1,663,1440.0,30.0,2.0833335,663,3,B cells,0.6170965512593587,-0.2834121183915571,-0.37196495942395136,B cells
AAGACAGAAGTCTG-1,563,1125.0,21.0,1.8666666,563,3,B cells,0.7675144608815512,-0.7994850235755997,0.030773473026776577,B cells
AAGACAGAGGATCT-1,786,2315.0,29.0,1.2526999,786,0,T cells,0.1862313810984294,-0.6756849657405506,-1.151133296465633,CD4 T-like
AAGACAGATTACCT-1,859,2309.0,57.0,2.468601,859,1,CD14-like monocytes,-0.645956064860026,-0.5787983930472171,-0.3744112525323424,CD14-like monocytes
AAGAGATGGGTAGG-1,568,1346.0,28.0,2.0802376,568,3,B cells,0.7307177416483561,-0.889210556492661,-0.9301965116250395,B cells
AAGATGGAAAACAG-1,412,878.0,22.0,2.5056946,412,3,B cells,0.6048744821548462,-0.5593489829940025,-0.10682422898032451,B cells
AAGATGGAGAACTC-1,1043,3117.0,53.0,1.7003529,1043,1,CD14-like monocytes,-0.69102783203125,-0.9189164132782908,-0.23340242944582534,CD14-like monocytes
AAGATGGAGATAAG-1,1206,4023.0,158.0,3.9274175,1206,1,CD14-like monocytes,-0.8092526245117188,-1.1164758855646306,0.0882652571707061,CD14-like monocytes
AAGATTACAACCTG-1,702,2119.0,36.0,1.6989145,702,0,T cells,0.023515620231628398,0.07861798604329429,-0.8701760648476957,CD4 T-like
AAGATTACAGATCC-1,1263,4065.0,60.0,1.4760147,1263,1,CD14-like monocytes,-0.7769325764973959,-0.81774598829674,-0.07814431816640532,CD14-like monocytes
AAGATTACCCGTTC-1,929,2763.0,71.0,2.5696707,929,1,CD14-like monocytes,-0.7644569905598958,-0.7683302867292152,-0.28814690907796214,CD14-like monocytes
AAGATTACCGCCTT-1,1079,3063.0,54.0,1.7629775,1079,4,Dendritic cells,-0.6431133015950521,-1.0023825289023043,-0.18930672924927983,Dendritic cells
AAGATTACCTCAAG-1,938,2280.0,56.0,2.4561403,938,2,NK / cytotoxic lymphocytes,-0.2605860527356466,0.22473547001077665,2.850274588844993,NK-like
AAGATTACTCCTCG-1,316,642.0,17.0,2.647975,316,1,CD14-like monocytes,-0.3921235656738281,-0.7708378801442156,0.15738146040174694,CD14-like monocytes
AAGCAAGAGCGAGA-1,900,2480.0,57.0,2.298387,900,0,T cells,0.45157276312510175,0.9859332190619575,-0.9326322921598801,CD4 T-like
AAGCAAGAGCTTAG-1,919,2171.0,48.0,2.2109628,919,2,NK / cytotoxic lymphocytes,-0.8149288940429688,0.6917299540355953,1.4714255593039771,NK-like
AAGCAAGAGGTGTT-1,862,1698.0,29.0,1.7078916,862,2,NK / cytotoxic lymphocytes,-0.24542971452077234,-0.4764097820628773,1.648478124599264,NK-like
AAGCACTGAGCAAA-1,903,3239.0,88.0,2.716888,903,3,B cells,0.2853654170036316,-0.6373391228492813,-1.0430065116497,B cells
AAGCACTGCATACG-1,390,803.0,1.0,0.124533,390,2,NK / cytotoxic lymphocytes,-0.4892303466796875,0.7670031884703974,-0.031471132991289896,NK-like
AAGCACTGGTTCTT-1,1717,6157.0,145.0,2.355043,1717,3,B cells,0.7096584924062093,-0.6674158110763087,-1.1618289369525332,B cells
AAGCCAACGTGTTG-1,819,2764.0,40.0,1.447178,819,0,T cells,0.9223244365056356,0.2192740950921569,-1.0265649352410826,CD4 T-like
AAGCCATGAACTGC-1,1877,7070.0,99.0,1.4002829,1877,4,Dendritic cells,-0.6414668977260589,-1.0898346563782355,-0.6641281917841747,Dendritic cells
AAGCCATGACACGT-1,660,1538.0,23.0,1.4954486,660,1,CD14-like monocytes,-0.5287531026204427,-0.8977261938229956,-0.1250288101157757,CD14-like monocytes
AAGCCATGCGTGAT-1,791,2111.0,23.0,1.089531,791,0,T cells,1.8636985969543458,0.1541709119623359,-0.49684392081366646,CD4 T-like
AAGCCATGTCTCGC-1,478,909.0,32.0,3.5203521,478,0,T cells,-0.4308671061197917,-0.0697909716403845,-0.09863123074926505,NK-like
AAGCCTGACATGCA-1,769,1790.0,32.0,1.7877095,769,0,T cells,0.34358050505320226,0.6637842274675465,-0.49785998975387724,CD4 T-like
AAGCCTGACCGAAT-1,481,1048.0,21.0,2.0038166,481,1,CD14-like monocytes,-0.5687981160481771,-0.30358466957554675,0.04917255748401994,CD14-like monocytes
AAGCGACTCCTCAC-1,819,2103.0,36.0,1.7118402,819,1,CD14-like monocytes,-0.6802043151855469,-0.9113184611002604,0.6376003091985528,CD14-like monocytes
AAGCGACTGTGTCA-1,866,3131.0,50.0,1.596934,866,0,T cells,1.0805702082316082,-0.3069829410976834,-0.8953472098918877,CD4 T-like
AAGCGACTTACAGC-1,600,1494.0,27.0,1.8072288,600,3,B cells,0.3130537668863932,-1.0652768684156013,-1.0455279109453914,B cells
AAGCGACTTTGACG-1,1185,3668.0,56.0,1.5267175,1185,1,CD14-like monocytes,-0.4612285443147024,-0.8987981622869318,0.4827798092004023,CD14-like monocytes
AAGCGTACGTCTTT-1,650,2048.0,80.0,3.90625,650,0,T cells,0.5286503314971924,0.7243633809715809,-0.5115478761268385,CD4 T-like
AAGGCTTGCGAACT-1,775,2076.0,19.0,0.9152216,775,2,NK / cytotoxic lymphocytes,-0.547886962890625,1.8175584638961637,0.8305327213171757,NK-like
AAGGTCACGGTTAC-1,699,1870.0,46.0,2.459893,699,1,CD14-like monocytes,-0.251020207007726,-0.772218877618963,0.41866201920942814,CD14-like monocytes
AAGGTCACTGTTTC-1,642,1775.0,33.0,1.8591549,642,3,B cells,0.25283811012903845,-0.8787768585513337,-0.8787768585513337,B cells
AAGGTCACTTCCCG-1,857,2387.0,59.0,2.471722,857,2,NK / cytotoxic lymphocytes,0.7859121608734131,1.7885955810546874,0.7021730596368962,NK-like
AAGGTCTGACAGTC-1,832,2589.0,101.0,3.9011202,832,0,T cells,0.8477341731389364,-0.20700447872431593,-0.5668450815509065,CD4 T-like
AAGGTCTGCAGATC-1,388,968.0,8.0,0.82644624,388,0,T cells,0.14824432770411172,0.4022308850529217,-0.8103880448774858,CD4 T-like
AAGTAACTCTGAAC-1,710,1874.0,41.0,2.1878335,710,1,CD14-like monocytes,-0.6489149475097656,-0.8927110614198627,-0.034569248526987395,CD14-like monocytes
AAGTAACTGAGATA-1,341,659.0,4.0,0.60698026,341,3,B cells,0.42283676624298094,-0.11824758992050632,-0.7097346758601641,B cells
AAGTAGGATACAGC-1,894,1725.0,32.0,1.8550724,894,2,NK / cytotoxic lymphocytes,-0.7801528930664062,0.09962265708229756,2.9234861585828993,NK-like
AAGTATACCGAACT-1,935,3253.0,60.0,1.8444512,935,0,T cells,0.8572008005777995,-0.4162423918945621,-0.7287615862759678,CD4 T-like
AAGTCCGACTTGTT-1,604,1523.0,37.0,2.4294157,604,0,T cells,0.04406049569447834,0.14700693650679142,-0.9761033491654829,CD4 T-like
AAGTCCGATAGAAG-1,1008,3369.0,62.0,1.8403087,1008,0,T cells,0.5141568279266358,0.4062255454785897,-1.023543463812934,CD4 T-like
AAGTCTCTAGTCGT-1,985,3287.0,78.0,2.3729844,985,0,T cells,0.16562744776407878,-0.20823852028509582,-1.060568838408499,CD4 T-like
AAGTCTCTCGGAGA-1,679,1838.0,56.0,3.04679,679,2,NK / cytotoxic lymphocytes,-0.5930780537923177,0.9464982581861092,-0.08946718543466903,NK-like
AAGTGGCTTGGAGG-1,603,1572.0,32.0,2.0356233,603,3,B cells,0.08602970361709594,-0.8495716904148911,-0.9264930185645518,B cells
AAGTTCCTCATTCT-1,864,2336.0,46.0,1.969178,864,1,CD14-like monocytes,-0.08000570853551225,-0.9408338912809738,0.057943735219011305,CD14-like monocytes
AAGTTCCTTCTTAC-1,1031,3265.0,96.0,2.9402757,1031,0,T cells,0.5516636371612549,0.7672835802791094,-0.7575613968300098,CD4 T-like
AATAAGCTCGAATC-1,887,2760.0,65.0,2.3550725,887,0,T cells,1.0439422957102458,0.08337875038686426,-1.0280660764135496,CD4 T-like
AATAAGCTCGTTGA-1,603,1606.0,21.0,1.3075966,603,0,T cells,0.8319072326024373,-0.21288947432932226,-0.8528653539792456,CD4 T-like
AATACCCTGGACGA-1,610,1501.0,33.0,2.1985343,610,3,B cells,0.23181721766789753,-0.8444875081380209,-0.912531457766138,B cells
AATACCCTGGCATT-1,1119,3310.0,52.0,1.570997,1119,0,T cells,0.8888664277394612,0.16701758606265282,-0.9921219180328678,CD4 T-like
AATACTGAAAGGGC-1,669,1747.0,18.0,1.0303377,669,2,NK / cytotoxic lymphocytes,-0.041922938426335654,-0.13393210401438704,1.9094355689154732,NK-like
AATACTGAATTGGC-1,794,1816.0,35.0,1.9273129,794,2,NK / cytotoxic lymphocytes,-0.6619739278157553,-0.20569827484362047,2.690423911508888,NK-like
AATAGGGAACCCTC-1,963,2877.0,45.0,1.5641292,963,3,B cells,0.2379939381281535,-0.9921260024562026,-0.5460606483498005,B cells
AATAGGGAGAATGA-1,756,1864.0,67.0,3.5944204,756,0,T cells,-0.00201307773590087,0.9791426764594183,0.3456389157458989,NK-like
AATCAAACTATCGG-1,637,1457.0,33.0,2.2649279,637,2,NK / cytotoxic lymphocytes,0.4951075315475464,-0.26444096854238797,0.1673315510605321,NK-like
AATCCGGAATGCTG-1,1032,2805.0,42.0,1.4973263,1032,3,B cells,0.4114078601201375,-1.1146282619900174,-1.206638220584754,B cells
AATCCTACCGGTAT-1,776,2440.0,62.0,2.5409837,776,0,T cells,0.8412729056676229,-0.5766286652497572,-0.6900783266684023,CD4 T-like
AATCCTTGACGGGA-1,860,2533.0,60.0,2.3687327,860,1,CD14-like monocytes,-0.26376114328702294,-0.5742860358170788,-0.16159265065434003,CD14-like monocytes
AATCCTTGGTGAGG-1,825,1754.0,22.0,1.2542759,825,2,NK / cytotoxic lymphocytes,-0.707267100016276,-0.07796547822277955,2.9486383149118134,NK-like
AATCGGTGGAACTC-1,852,1955.0,42.0,2.1483376,852,2,NK / cytotoxic lymphocytes,-0.04372331778208416,1.3400173938635627,1.6110817283090921,NK-like
AATCGGTGTGCTTT-1,745,1896.0,37.0,1.9514767,745,0,T cells,1.2885018062591551,0.40060758012713815,-0.9970286205561474,CD4 T-like
AATCTAGAAAAGTG-1,858,2582.0,51.0,1.975213,858,0,T cells,1.23958345413208,0.0791643152333269,-0.4289729600000862,CD4 T-like
AATCTAGAATCGGT-1,925,3168.0,70.0,2.209596,925,0,T cells,0.06822425524393716,0.35746465548120365,-1.041414126001223,CD4 T-like
AATCTCACAGCCTA-1,1228,3553.0,76.0,2.1390374,1228,1,CD14-like monocytes,-0.7175916035970052,-0.5681528621249728,-0.15700100407455908,CD14-like monocytes
AATCTCACTCTAGG-1,806,2149.0,18.0,0.8375989,806,0,T cells,0.8477052084604899,-0.1501608424716525,-1.0167000510475852,CD4 T-like
AATCTCTGAACAGA-1,715,2183.0,35.0,1.6032983,715,0,T cells,0.9169834899902344,0.09433649236505681,-0.8298655808574021,CD4 T-like
AATCTCTGCTTTAC-1,668,1710.0,31.0,1.8128656,668,2,NK / cytotoxic lymphocytes,-0.5963990783691406,0.3420876840148308,2.7269904165556937,NK-like
AATGATACACCAAC-1,779,1918.0,14.0,0.729927,779,2,NK / cytotoxic lymphocytes,-0.540304667154948,0.9098445911600133,0.9805922633469707,NK-like
AATGATACGGTCAT-1,1197,3095.0,62.0,2.003231,1197,1,CD14-like monocytes,-0.07472274065017703,-0.9937183881046796,1.6028328153822156,CD14-like monocytes
AATGCGTGACACCA-1,888,2866.0,46.0,1.6050243,888,3,B cells,0.12117803732554117,-0.5834954309945155,-0.9437227345476247,B cells
AATGCGTGGACGGA-1,1273,4439.0,94.0,2.1175942,1273,4,Dendritic cells,-0.4553082724412282,-1.095239196160827,-0.32589787473582255,Dendritic cells
AATGCGTGGCTATG-1,873,2225.0,46.0,2.0674157,873,3,B cells,0.3380921101570129,-0.899672614203559,-1.0349703702059658,B cells
AATGGAGAATCGTG-1,847,2381.0,78.0,3.2759347,847,1,CD14-like monocytes,-0.6824341837565104,-0.9026819094262942,-0.4799362129635282,CD14-like monocytes
AATGGAGATCCTTA-1,781,1959.0,50.0,2.5523226,781,2,NK / cytotoxic lymphocytes,1.1601415252685547,1.331123720034204,-0.21717187756239764,NK-like
AATGGCTGACACCA-1,959,3038.0,72.0,2.3699803,959,3,B cells,0.2976902437210083,-0.6560105174478859,-0.757686610655351,B cells
AATGGCTGCGTGAT-1,805,2211.0,44.0,1.9900497,805,0,T cells,0.9614112838109334,-0.2645429288498079,-1.0347414113054372,CD4 T-like
AATGGCTGTAAAGG-1,554,1286.0,62.0,4.821151,554,0,T cells,1.1853357887268066,1.3324503908253678,-0.48184030658066873,NK-like
AATGGCTGTACTCT-1,604,1208.0,60.0,4.9668875,604,2,NK / cytotoxic lymphocytes,0.4295587690671285,1.8910355962888157,0.3057737080737798,NK-like
AATGGCTGTGAAGA-1,785,2145.0,57.0,2.6573427,785,0,T cells,0.025227403640747048,0.5595634508614589,-0.8899462150804924,CD4 T-like
AATGTAACGGTGGA-1,978,3047.0,17.0,0.5579258,978,0,T cells,1.2114884233474732,-0.36688967907067505,-1.060085412227746,CD4 T-like
AATGTCCTCTTCTA-1,910,3322.0,55.0,1.655629,910,0,T cells,1.025145804087321,0.17020796766184798,-0.7018555949432681,CD4 T-like
AATGTTGACAGTCA-1,936,2739.0,54.0,1.9715226,936,0,T cells,2.1860495217641196,-0.43911950467812894,-1.0256537235144414,CD4 T-like
AATGTTGAGTTGAC-1,997,2996.0,45.0,1.5020027,997,1,CD14-like monocytes,-0.6318670145670573,-0.9728909887448706,0.27744987757519035,CD14-like monocytes
AATGTTGATCTACT-1,961,2673.0,46.0,1.7209127,961,0,T cells,0.699102029800415,-0.6078150383149734,-0.6726121796502007,CD4 T-like
AATTACGAATTCCT-1,1314,4511.0,85.0,1.884283,1314,4,Dendritic cells,-0.4881947072347005,-0.5965557830502289,-0.000417249852960655,Dendritic cells
AATTACGACTTCTA-1,799,2569.0,30.0,1.1677696,799,0,T cells,0.36026282787322994,-0.19674543419269597,-0.9051245487097538,CD4 T-like
AATTACGAGTGAGG-1,1112,3467.0,32.0,0.9229882,1112,0,T cells,1.1501027425130208,0.11363846749970419,-0.6342428660151934,CD4 T-like
AATTACGATTGGCA-1,677,1731.0,62.0,3.581745,677,3,B cells,0.326460645198822,-0.7791944561582623,-0.5379518289758702,B cells
AATTCCTGCTCAGA-1,775,1800.0,43.0,2.388889,775,3,B cells,0.27602352142333986,-0.8321860727637705,-0.6052289823088983,B cells
AATTGATGTCGCAA-1,1298,3973.0,123.0,3.0958972,1298,1,CD14-like monocytes,-0.538291806379954,-1.101481582179214,0.31730681429005636,CD14-like monocytes
AATTGTGACTTGGA-1,657,1973.0,34.0,1.7232642,657,3,B cells,0.2881919995943705,-0.8385418207958492,-0.9759858256638653,B cells
ACAAAGGAGGGTGA-1,626,2019.0,50.0,2.4764736,626,0,T cells,0.6143039671579996,-0.33634731022998543,-0.7963605938535748,CD4 T-like
ACAAATTGATTCTC-1,1313,4094.0,108.0,2.6380067,1313,1,CD14-like monocytes,-0.4898076188564301,-0.7729456643865565,0.24614188647029378,CD14-like monocytes
ACAAATTGCTCAGA-1,467,955.0,27.0,2.827225,467,1,CD14-like monocytes,-0.4996685282389323,-0.7251500601720329,0.007619504254273601,CD14-like monocytes
ACAAATTGTTGCGA-1,936,2326.0,61.0,2.622528,936,2,NK / cytotoxic lymphocytes,-0.5899480183919271,0.009328963539817159,1.7923273452604662,NK-like
ACAACCGAGGGATG-1,977,2384.0,42.0,1.761745,977,2,NK / cytotoxic lymphocytes,-0.09458288828531902,0.07709208883420393,2.156983450687293,NK-like
ACAACCGAGTTACG-1,780,2106.0,38.0,1.8043684,780,0,T cells,1.025594841639201,0.5023162523905437,-0.7277874443266127,CD4 T-like
ACAAGAGAAGTCGT-1,1311,4145.0,132.0,3.1845596,1311,1,CD14-like monocytes,-0.4268255718549092,-0.7392761485745207,0.18978916900326515,CD14-like monocytes
ACAAGAGACTTATC-1,432,948.0,42.0,4.43038,432,0,T cells,1.378870638211568,0.29254665760078813,-0.7359068899443655,CD4 T-like
ACAAGAGAGTTGAC-1,579,1624.0,72.0,4.4334974,579,3,B cells,0.2939267659187317,-0.8499794391670612,-0.9121729532877604,B cells
ACAATCCTAACCGT-1,850,2317.0,34.0,1.4674147,850,0,T cells,0.6643977801005045,-0.07042063125456222,-0.5337873728588374,CD4 T-like
ACAATCCTTAGCGT-1,736,1847.0,64.0,3.4650784,736,3,B cells,0.24421645561854044,-0.8897688123914931,-1.0675139764342645,B cells
ACAATTGACTGACA-1,800,2165.0,47.0,2.1709006,800,2,NK / cytotoxic lymphocytes,-0.6080355326334635,0.8337417159417663,1.0556044376257696,NK-like
ACAATTGATGACTG-1,892,1871.0,35.0,1.8706573,892,2,NK / cytotoxic lymphocytes,-0.7705945841471354,0.5292797926700477,2.9050077496152933,NK-like
ACACAGACCATACG-1,860,2024.0,45.0,2.22332,860,2,NK / cytotoxic lymphocytes,-0.035980276266733835,1.1348997443613382,0.05309761509750821,NK-like
ACACCAGAGGGCAA-1,720,1769.0,23.0,1.3001696,720,2,NK / cytotoxic lymphocytes,0.5748885758717854,2.1959026914654354,-0.1835133056447963,NK-like
ACACCCTGGTGTTG-1,822,1808.0,25.0,1.3827434,822,2,NK / cytotoxic lymphocytes,-0.10347887833913172,0.44556993523029353,3.1835091831708193,NK-like
ACACGAACAGTTCG-1,681,1524.0,24.0,1.5748031,681,0,T cells,0.24337625344594316,0.7368876582444316,-0.7891731647529987,CD4 T-like
ACACGATGACGCAT-1,954,2060.0,57.0,2.7669902,954,2,NK / cytotoxic lymphocytes,0.8893331432342529,1.66588679226962,0.19535238766911056,NK-like
ACACGATGATGTGC-1,889,2314.0,80.0,3.457217,889,1,CD14-like monocytes,-0.6217871602376303,-0.7403144145252729,-0.2365651342603896,CD14-like monocytes
ACACGATGTCGTAG-1,1265,3652.0,70.0,1.916758,1265,2,NK / cytotoxic lymphocytes,1.4006034183502196,1.0546807953805635,-0.41702251675153024,NK-like
ACACGATGTGGTCA-1,919,2311.0,39.0,1.6875811,919,2,NK / cytotoxic lymphocytes,0.020753728548685735,1.5950199628117108,0.22165721739181365,NK-like
ACAGACACGGCATT-1,799,2139.0,67.0,3.132305,799,0,T cells,0.5358217493693034,0.9028499757400666,0.0009334805035832172,CD4 T-like
ACAGACACGTTGTG-1,833,1984.0,20.0,1.0080645,833,0,T cells,0.468935317993164,-0.4245693100823296,-0.673403948966903,CD4 T-like
ACAGCAACACCTAG-1,496,1046.0,19.0,1.8164436,496,1,CD14-like monocytes,-0.4097186024983724,-0.7271061906910906,-0.003712346337058303,CD14-like monocytes
ACAGCAACCTCAAG-1,1476,4435.0,90.0,2.0293121,1476,1,CD14-like monocytes,-0.2958507537841797,-0.8699905455714525,0.7124934629960493,CD14-like monocytes
ACAGGTACCCCACT-1,848,2729.0,28.0,1.0260168,848,0,T cells,1.283938191731771,0.036990781263871564,-0.9079973625414299,CD4 T-like
ACAGGTACGCTGTA-1,869,2220.0,70.0,3.1531532,869,2,NK / cytotoxic lymphocytes,0.9936526012420654,1.3869589699639215,-0.47459610014250786,NK-like
ACAGGTACTGGTGT-1,1059,1886.0,24.0,1.2725345,1059,2,NK / cytotoxic lymphocytes,-0.7673800659179687,-0.23767066098222833,2.2148209735600632,NK-like
ACAGTCGACCCAAA-1,490,1010.0,23.0,2.2772276,490,0,T cells,0.24340807437896728,1.5346059529468263,-0.8918504040650647,CD4 T-like
ACAGTCGACCGATA-1,897,2070.0,21.0,1.0144928,897,2,NK / cytotoxic lymphocytes,0.17689883391062422,1.7033417518692788,-0.13757354081279094,NK-like
ACAGTGACTCACCC-1,832,2162.0,25.0,1.1563367,832,2,NK / cytotoxic lymphocytes,0.5557953945795695,1.0895409073492492,-1.0438334147135417,CD4 T-like
ACAGTGACTCTATC-1,864,2131.0,88.0,4.1295166,864,2,NK / cytotoxic lymphocytes,0.8402967834472657,0.9358187280520044,-0.40401492022504704,NK-like
ACAGTGTGGTCACA-1,419,964.0,22.0,2.2821577,419,0,T cells,1.069269100824992,-0.3345345405617145,-0.35910242398579917,CD4 T-like
ACAGTGTGTTGCGA-1,856,2274.0,51.0,2.2427442,856,1,CD14-like monocytes,-0.6933482360839843,-0.8790518250128235,0.13792502567021525,CD14-like monocytes
ACATCACTCTACTT-1,907,2503.0,48.0,1.9176987,907,1,CD14-like monocytes,-0.37075621366500855,-0.8077592946062184,0.12123597655633478,CD14-like monocytes
ACATGGTGAAGCCT-1,791,2165.0,26.0,1.2009238,791,0,T cells,-0.034446667035420764,0.10807376148724801,-0.55440578412528,CD4 T-like
ACATGGTGCAACCA-1,756,2147.0,59.0,2.7480206,756,3,B cells,0.843550508817037,-0.7702366992680714,-0.9053392506609059,B cells
ACATGGTGCGAGTT-1,771,2048.0,24.0,1.171875,771,0,T cells,0.05491672515869139,-0.3142275800608625,-0.504218031661679,CD4 T-like
ACATTCTGGCATAC-1,957,2850.0,46.0,1.6140351,957,0,T cells,0.5531985727945964,0.1865395228068033,-0.898174170291785,CD4 T-like
ACATTCTGGGAACG-1,1190,3716.0,62.0,1.6684606,1190,1,CD14-like monocytes,0.8865575091044108,-0.34841920727431175,-0.19370202632865507,CD14-like monocytes
ACCAACGACATGCA-1,680,2115.0,30.0,1.4184396,680,0,T cells,-0.021782134373982742,-0.3314370771851203,-0.2619618232804116,CD4 T-like
ACCACAGAAAGTAG-1,524,1457.0,47.0,3.2258062,524,0,T cells,0.6192998011906942,0.16386502005837178,-0.8136820167002051,CD4 T-like
ACCACAGAGTTGGT-1,908,2860.0,35.0,1.2237762,908,0,T cells,0.16410020987192786,0.21441271040174703,-1.0768214524394335,CD4 T-like
ACCACCTGTGTGCA-1,506,1177.0,20.0,1.6992353,506,0,T cells,0.9969031747182211,0.17416701364998866,-0.8174686624546244,CD4 T-like
ACCACGCTACAGCT-1,851,2532.0,41.0,1.6192732,851,0,T cells,1.1026315116882324,-0.012220613884203368,-0.6866194474576699,CD4 T-like
ACCACGCTACCCAA-1,775,1936.0,48.0,2.479339,775,2,NK / cytotoxic lymphocytes,-0.663489735921224,1.41234728109957,-0.20666192131813133,NK-like
ACCACGCTGCGAGA-1,793,1979.0,47.0,2.3749368,793,0,T cells,0.7885070975621542,0.11365738782015711,-0.4770767233588479,CD4 T-like
ACCACGCTGCTGTA-1,748,2009.0,72.0,3.5838728,748,0,T cells,0.47436615784962977,1.1081439644399316,-0.9500448824179293,CD4 T-like
ACCAGCCTGACAGG-1,951,2569.0,38.0,1.4791747,951,0,T cells,1.409154198964437,0.13433517687248453,-0.3441770885929917,CD4 T-like
ACCAGTGAACGGTT-1,643,1730.0,58.0,3.352601,643,3,B cells,0.3140834466616313,-0.7991322218769729,-0.9914253311927872,B cells
ACCAGTGAATACCG-1,1277,3871.0,124.0,3.2033067,1277,1,CD14-like monocytes,-0.5615870336691539,-1.1324807369347774,0.04068718149204442,CD14-like monocytes
ACCAGTGAGGGATG-1,828,2445.0,22.0,0.89979553,828,0,T cells,0.9219530963897705,0.8388480061232441,-0.6522707024005928,CD4 T-like
ACCAGTGATGACTG-1,480,1223.0,34.0,2.780049,480,1,CD14-like monocytes,-0.5150449625651041,-0.7548361113577178,0.14267975200306282,CD14-like monocytes
ACCATTACCTTCTA-1,969,3415.0,65.0,1.9033674,969,0,T cells,1.4541144943237305,-0.49202777978145706,-0.7929884782945268,CD4 T-like
ACCATTACGAGATA-1,1112,2712.0,21.0,0.7743363,1112,0,T cells,0.3124163786570231,0.04236082597212354,-0.9589554757782908,CD4 T-like
ACCATTTGTCATTC-1,648,1647.0,33.0,2.003643,648,0,T cells,0.9789708026250203,0.21539726642647172,-0.932563011092369,CD4 T-like
ACCCAAGAACTGTG-1,805,1704.0,36.0,2.112676,805,2,NK / cytotoxic lymphocytes,-0.6484408569335938,0.8269347585812964,0.49174191638676823,NK-like
ACCCAAGAATTCCT-1,1223,3563.0,53.0,1.4875106,1223,1,CD14-like monocytes,-0.043401093482971165,-0.7096870176719897,0.38658116080544214,CD14-like monocytes
ACCCAAGAGGACAG-1,1023,2976.0,33.0,1.108871,1023,0,T cells,1.3841654014587403,-0.7589227495771464,-1.103880140516493,CD4 T-like
ACCCAAGATTCACT-1,669,1976.0,57.0,2.8846154,669,3,B cells,0.37937496344248456,-0.984053024137863,-1.0545611140703914,B cells
ACCCACTGCGCCTT-1,489,986.0,27.0,2.7383366,489,1,CD14-like monocytes,-0.6525669352213541,-0.9512498643663194,-0.11552561557654173,CD14-like monocytes
ACCCACTGGACAGG-1,390,863.0,21.0,2.433372,390,0,T cells,1.4284100723266602,0.41168029958551566,-0.7830895317925347,CD4 T-like
ACCCACTGGTTCAG-1,350,568.0,7.0,1.2323943,350,5,Platelets,-0.38451746622721356,0.5227969275580512,-0.4928981896602746,Platelets
ACCCACTGTCGTAG-1,1113,2874.0,90.0,3.131524,1113,1,CD14-like monocytes,-0.7843611653645833,-0.6526324956104008,-0.37917558111325667,CD14-like monocytes
ACCCAGCTCAGAAA-1,837,2389.0,45.0,1.8836333,837,0,T cells,1.0948372173309326,0.027206129979605587,-1.059581332736545,CD4 T-like
ACCCAGCTGTTAGC-1,1547,5535.0,114.0,2.0596206,1547,1,CD14-like monocytes,0.33639824867248536,-0.41538992120762064,-0.4791106368556167,CD14-like monocytes
ACCCAGCTTGCTTT-1,840,2495.0,11.0,0.4408818,840,0,T cells,1.0625906912485759,0.30469248800566695,-1.0103812169547033,CD4 T-like
ACCCGTTGATGACC-1,581,1508.0,44.0,2.917772,581,3,B cells,1.1891416835784911,-0.7999753085049716,-0.9382807413736979,B cells
ACCCGTTGCTGCAA-1,748,2158.0,16.0,0.74142724,748,0,T cells,-0.08394415140151978,0.08974323272705087,-0.8006652846480862,CD4 T-like
ACCCGTTGCTTCTA-1,1861,6092.0,87.0,1.4281024,1861,4,Dendritic cells,0.6973851410547892,-0.08297972341980608,-0.5765505935206557,Dendritic cells
ACCCTCGACCTATT-1,735,1727.0,38.0,2.2003474,735,0,T cells,0.22840740680694582,-0.35358552740077775,-0.22552444284612483,CD4 T-like
ACCCTCGACGGTAT-1,488,1245.0,23.0,1.8473896,488,3,B cells,0.2642344800631205,-0.8516492747297191,-0.784937155367148,B cells
ACCCTCGATAAGGA-1,1016,2847.0,75.0,2.634352,1016,1,CD14-like monocytes,-0.6656851704915364,-0.9366964475072995,0.08143146399295698,CD14-like monocytes
ACCCTCGATCAAGC-1,585,1444.0,41.0,2.8393352,585,1,CD14-like monocytes,-0.548819834391276,-0.8864727598248106,0.3434116228662357,CD14-like monocytes
ACCGTGCTACCAGT-1,797,1938.0,30.0,1.5479876,797,0,T cells,0.5143201653162638,0.025763452895964045,-1.0256285233931108,CD4 T-like
ACCGTGCTGGAACG-1,769,1909.0,42.0,2.200105,769,3,B cells,0.39273697376251215,-0.5909915358129174,-1.0478369972922585,B cells
ACCTATTGCTGAGT-1,490,1190.0,31.0,2.605042,490,3,B cells,-0.3867206827799479,-0.7451171104354087,-0.825927426116635,B cells
ACCTATTGTGCCCT-1,1307,4060.0,112.0,2.7586207,1307,1,CD14-like monocytes,-0.5142005105813344,-1.0305796151209359,0.538623819447527,CD14-like monocytes
ACCTCCGAGTCCTC-1,895,2426.0,26.0,1.071723,895,0,T cells,1.5104274813334149,0.32790389783454654,-1.0529800569168244,CD4 T-like
ACCTCCGATATGCG-1,686,1789.0,46.0,2.571269,686,0,T cells,1.442300510406494,0.16122169590959656,-1.0789940573952415,CD4 T-like
ACCTCCGATGCTGA-1,602,1789.0,41.0,2.291783,602,0,T cells,0.5410562737782796,0.265665059137826,-0.3836252193258266,CD4 T-like
ACCTCGTGAACCAC-1,772,1969.0,59.0,2.996445,772,2,NK / cytotoxic lymphocytes,0.9672684256235758,1.18511436154144,-0.09389220536357235,NK-like
ACCTGAGATATCGG-1,704,1524.0,57.0,3.7401576,704,1,CD14-like monocytes,-0.675838623046875,-0.05583797608963159,0.7218550123349584,CD14-like monocytes
ACCTGGCTAAGTAG-1,892,1870.0,54.0,2.8877006,892,2,NK / cytotoxic lymphocytes,-0.6426784769694011,0.3940183784022475,3.226367642181088,NK-like
ACCTTTGACTCCCA-1,1169,3056.0,68.0,2.225131,1169,1,CD14-like monocytes,-0.7124679565429688,-0.6353863089975684,0.05785304271813607,CD14-like monocytes
ACCTTTGAGGAACG-1,1375,4145.0,137.0,3.305187,1375,1,CD14-like monocytes,-0.8010599772135417,-0.6322694922938491,-0.44123963587211845,CD14-like monocytes
ACCTTTGAGGAAGC-1,1189,3696.0,63.0,1.7045455,1189,1,CD14-like monocytes,-0.3623008227348328,-1.0570831298828125,-0.06889416665741899,CD14-like monocytes
ACGAACACCTTGTT-1,892,1736.0,23.0,1.3248848,892,2,NK / cytotoxic lymphocytes,-0.6339254760742188,0.8549807269163806,1.502282127226242,NK-like
ACGAACTGGCTATG-1,2455,8931.0,140.0,1.5675737,2455,5,Platelets,-0.38250956137975056,-0.30160505217735223,0.34209108448991854,Platelets
ACGAAGCTCTCCAC-1,355,796.0,8.0,1.0050251,355,0,T cells,-0.33499534606933595,0.38595528458104,-0.7364885734789299,CD4 T-like
ACGAAGCTCTGAGT-1,1856,7067.0,236.0,3.339465,1856,3,B cells,0.2934991375605265,-0.7110026701532228,-1.0205028285883895,B cells
ACGACCCTATCTCT-1,1317,4077.0,84.0,2.0603385,1317,1,CD14-like monocytes,-0.7922059631347657,-1.006173490273832,-0.053537889923712334,CD14-like monocytes
ACGACCCTGATGAA-1,703,2014.0,61.0,3.0287986,703,2,NK / cytotoxic lymphocytes,0.33614721536636355,0.8177088573725537,-0.38166712558630733,NK-like
ACGACCCTTGACAC-1,825,2795.0,46.0,1.6457961,825,3,B cells,0.8092707681655884,-0.5312369691001044,-0.9036120019777857,B cells
ACGACCCTTGACCA-1,736,2314.0,63.0,2.7225585,736,0,T cells,0.6402293157577514,0.10198656428943986,-0.8669934513592961,CD4 T-like
ACGAGGGACAGGAG-1,1997,7935.0,116.0,1.4618778,1997,4,Dendritic cells,-0.7401492869853974,-1.1577183887211964,-0.47636377546522357,Dendritic cells
ACGAGGGACGAACT-1,892,2762.0,69.0,2.4981897,892,0,T cells,0.41323876063028975,0.449876532891784,-0.8180417147549716,CD4 T-like
ACGAGGGATGTAGC-1,1034,3053.0,73.0,2.3910909,1034,0,T cells,1.1146873219807942,-0.4602855321132776,-0.8708986217325383,NK-like
ACGAGTACCCTAAG-1,545,1261.0,23.0,1.8239492,545,3,B cells,0.2500639271736145,-0.7756489455097854,-0.8859580454200205,B cells
ACGAGTACGAATCC-1,1188,3621.0,57.0,1.5741508,1188,3,B cells,1.0683205032348633,-0.16821477967079246,-1.0666221079200204,B cells
ACGATCGAGGACTT-1,659,1607.0,15.0,0.9334163,659,2,NK / cytotoxic lymphocytes,0.7454240036010742,0.35313217471344316,1.9550018117885397,NK-like
ACGATCGAGTCACA-1,1056,3066.0,61.0,1.989563,1056,1,CD14-like monocytes,-0.740821787516276,-0.9044053048798533,-0.16757679948903093,CD14-like monocytes
ACGATGACAATGCC-1,819,2246.0,46.0,2.0480855,819,0,T cells,0.44320051511128744,0.26650814094928776,-1.106219359118529,CD4 T-like
ACGATGACTGGTCA-1,979,2634.0,48.0,1.8223236,979,0,T cells,1.6003297265370686,0.18873188519718664,-0.743007289279591,CD4 T-like
ACGATTCTACGGGA-1,632,1606.0,55.0,3.4246576,632,2,NK / cytotoxic lymphocytes,0.013102340698242176,1.781898194130021,-0.11476622639280376,NK-like
ACGCAATGGTTCAG-1,598,1227.0,32.0,2.607987,598,2,NK / cytotoxic lymphocytes,-0.520689442952474,-0.18368718214709356,2.7183283950343275,NK-like
ACGCACCTGTTAGC-1,690,1687.0,36.0,2.1339657,690,3,B cells,0.2086538529396057,-0.4608643808750191,-0.8909011994949495,B cells
ACGCCACTGAACTC-1,310,602.0,0.0,0.0,310,1,CD14-like monocytes,-0.42847671508789065,-0.5289438806398951,0.0737394318436132,CD14-like monocytes
ACGCCGGAAACCAC-1,803,2243.0,51.0,2.2737405,803,1,CD14-like monocytes,-0.23023783326148983,-0.9345745510525174,0.7562444253401324,CD14-like monocytes
ACGCCGGAAAGCCT-1,743,2145.0,19.0,0.88578093,743,0,T cells,1.538324972788493,0.2412562476264105,-1.0072286586568813,CD4 T-like
ACGCCGGAAATGCC-1,560,1102.0,25.0,2.2686026,560,0,T cells,0.22247785886128746,-0.32466685940520923,-0.48293610582448016,CD4 T-like
ACGCCTTGCTCCCA-1,1073,2774.0,84.0,3.0281181,1073,1,CD14-like monocytes,-0.3868401177724202,-0.9862989175199258,0.5148265780824602,CD14-like monocytes
ACGCGGTGGCGAGA-1,844,2432.0,50.0,2.055921,844,0,T cells,1.7443563906351724,0.18235265654746924,-1.0107998318142362,CD4 T-like
ACGCGGTGTGTGGT-1,882,2604.0,59.0,2.265745,882,3,B cells,0.3304148896535237,-0.7462069578845092,-0.5730690332374188,B cells
ACGCGGTGTTTGCT-1,841,2145.0,35.0,1.6317016,841,2,NK / cytotoxic lymphocytes,-0.1532142885526021,1.0838633026739561,0.7362092644277246,NK-like
ACGCTCACAGTACC-1,815,2367.0,64.0,2.7038445,815,0,T cells,1.1227506510416667,0.21749115953541764,-0.9767725780756786,CD4 T-like
ACGCTCACCCTTGC-1,771,2165.0,50.0,2.3094687,771,0,T cells,1.9066234143575032,0.23227856664946578,-0.49214880321965077,CD4 T-like
ACGCTGCTGTTCTT-1,976,1956.0,21.0,1.0736196,976,2,NK / cytotoxic lymphocytes,-0.5974418131510416,0.2306205027031175,2.655800073797052,NK-like
ACGGAACTCAGATC-1,986,2155.0,40.0,1.8561485,986,2,NK / cytotoxic lymphocytes,-0.6572155253092448,-0.8143167206735322,2.378168144611397,NK-like
ACGGAACTGTCGTA-1,820,2153.0,84.0,3.9015326,820,1,CD14-like monocytes,-0.22887794613838197,-0.7976209852430556,0.22994527335118764,CD14-like monocytes
ACGGAGGACTCTTA-1,957,2614.0,75.0,2.8691661,957,1,CD14-like monocytes,-0.7202963256835937,-0.9253068403764204,-0.06255400493891561,CD14-like monocytes
ACGGATTGGGAGGT-1,640,1655.0,46.0,2.7794561,640,3,B cells,0.28024357557296753,-0.7505005345200048,-0.8717182814472854,B cells
ACGGATTGGTTAGC-1,1012,3068.0,56.0,1.8252933,1012,0,T cells,0.9617387326558431,0.29168815612792964,-1.1018722225921322,CD4 T-like
ACGGCTCTGAGCAG-1,927,2389.0,60.0,2.511511,927,0,T cells,0.6195563157399495,0.4996542651243884,-1.0737669203016493,CD4 T-like
ACGGCTCTTGCACA-1,794,2535.0,48.0,1.8934911,794,0,T cells,0.6828320026397705,-0.09604478412204309,-0.6042542296226578,CD4 T-like
ACGGTAACCGCTAA-1,753,1867.0,50.0,2.6780932,753,0,T cells,0.3946795694033305,1.0650294043801047,-0.5469995045902754,CD4 T-like
ACGGTAACCTTCGC-1,791,1944.0,45.0,2.3148148,791,2,NK / cytotoxic lymphocytes,0.07383802254994709,1.1865532114048196,0.9363020309294113,NK-like
ACGGTAACGGTGGA-1,366,811.0,34.0,4.192355,366,0,T cells,1.7871191883087159,0.6321730710039235,-0.594259551077178,CD4 T-like
ACGGTAACTCGCAA-1,539,1213.0,27.0,2.2258863,539,2,NK / cytotoxic lymphocytes,0.10470261573791506,0.5305362296826912,1.1241027928361988,NK-like
ACGGTATGAGTCGT-1,752,1764.0,43.0,2.4376416,752,1,CD14-like monocytes,-0.12276187578837072,-0.9601520576862373,-0.05389636935609765,CD14-like monocytes
ACGGTATGGGTATC-1,769,2149.0,82.0,3.8157284,769,3,B cells,0.49429466724395754,-0.5457441055413448,-0.9908025722311,B cells
ACGGTATGGTTGTG-1,650,1947.0,44.0,2.259887,650,3,B cells,0.8637598721186319,-0.8645214504665799,-0.44763494597540965,B cells
ACGGTCCTAACGGG-1,947,2197.0,30.0,1.3654984,947,0,T cells,0.10632746696472173,0.15933683665111809,-0.29071595981867626,CD4 T-like
ACGGTCCTCGGGAA-1,771,2254.0,53.0,2.3513753,771,0,T cells,0.5507985957463583,0.26550960926094447,-1.1301681826813053,NK-like
ACGTAGACAACCAC-1,824,2028.0,20.0,0.9861933,824,0,T cells,0.7296311044692994,0.9863238440619574,-0.5801281813419226,CD4 T-like
ACGTAGACTACAGC-1,744,1829.0,32.0,1.7495898,744,3,B cells,0.34267332792282107,-0.8220103100092724,-0.11292005018754447,B cells
ACGTCAGAAACGAA-1,837,2167.0,47.0,2.1688972,837,0,T cells,1.039130557378133,-0.3584131944059121,-0.9910042502663352,CD4 T-like
ACGTCAGAGAGCTT-1,723,1911.0,46.0,2.4071167,723,1,CD14-like monocytes,-0.5949100748697916,-0.9967789312805793,-0.1871026251051161,CD14-like monocytes
ACGTCAGAGGGATG-1,640,1541.0,23.0,1.4925373,640,0,T cells,0.8497791862487794,-0.2617407654270981,-0.3521785177365698,CD4 T-like
ACGTCCTGATAAGG-1,923,2627.0,92.0,3.5020936,923,1,CD14-like monocytes,-0.5935135904947917,-0.5487106766363588,0.24291295523595324,CD14-like monocytes
ACGTCCTGTGAACC-1,1174,3303.0,80.0,2.4220405,1174,1,CD14-like monocytes,-0.7657212829589843,-0.7772529486453894,-0.42047967669939756,CD14-like monocytes
ACGTCGCTCCTGAA-1,1597,3932.0,73.0,1.8565615,1597,6,Cycling cells,-0.5329008229573567,-0.2680769034106323,2.063945689345851,Cycling cells
ACGTCGCTCTATTC-1,699,1585.0,54.0,3.40694,699,1,CD14-like monocytes,-0.059938924709955876,-0.7756937971018781,-0.4983456050506746,CD14-like monocytes
ACGTCGCTTCTCAT-1,618,1602.0,40.0,2.496879,618,3,B cells,0.5065597701072693,-0.7514370234325679,-0.9177975895428898,B cells
ACGTGATGCCATGA-1,1418,5441.0,143.0,2.6281934,1418,4,Dendritic cells,-0.6420596313476562,-0.849687818565754,-0.035152931406040366,Dendritic cells
ACGTGATGGGTCTA-1,820,2638.0,50.0,1.8953754,820,0,T cells,0.3357701524098714,0.1401362187934645,-0.440983061356978,CD4 T-like
ACGTGATGTAACCG-1,1047,2976.0,46.0,1.5456989,1047,1,CD14-like monocytes,-0.010992961724599182,-0.9771689212683475,0.28283182779947924,CD14-like monocytes
ACGTGATGTGACAC-1,981,2135.0,68.0,3.1850119,981,2,NK / cytotoxic lymphocytes,-0.6452017211914063,0.08545102495135681,2.1927020756885263,NK-like
ACGTGCCTCCGTAA-1,866,2177.0,30.0,1.3780432,866,0,T cells,0.1745172309875488,-0.0867331379591817,-1.1084637112087674,CD4 T-like
ACGTGCCTTCTATC-1,527,1081.0,40.0,3.7002776,527,2,NK / cytotoxic lymphocytes,-0.4410811360677083,1.2395815300218986,0.5478723487468681,NK-like
ACGTTACTTTCCAT-1,762,1968.0,32.0,1.6260161,762,0,T cells,0.5958366409937541,-0.005633969740434064,-1.025730094524345,CD4 T-like
ACGTTGGAAAAGCA-1,717,2187.0,42.0,1.9204389,717,0,T cells,1.4632139460245768,-0.17958666001907497,-0.6159658908843995,CD4 T-like
ACGTTGGAAACCTG-1,860,2217.0,89.0,4.014434,860,2,NK / cytotoxic lymphocytes,0.039205830891927085,0.8497007870914961,-0.18876222649005925,NK-like
ACGTTGGACCGTAA-1,603,1383.0,34.0,2.4584239,603,1,CD14-like monocytes,-0.5387875874837239,-0.6309231844815341,0.0222608195410835,CD14-like monocytes
ACGTTGGAGCCAAT-1,828,1780.0,40.0,2.247191,828,2,NK / cytotoxic lymphocytes,-0.6558730061848959,-0.08515779899828357,2.9215299933847754,NK-like
ACGTTGGATATGGC-1,476,1052.0,13.0,1.2357415,476,3,B cells,0.42037479639053343,-0.7613052984680793,-0.9341728133384628,B cells
ACGTTGGATCAGGT-1,1071,2801.0,42.0,1.4994645,1071,1,CD14-like monocytes,-0.42111252109209696,-1.087159975610598,0.28678318466803043,CD14-like monocytes
ACGTTTACATCAGC-1,775,2368.0,37.0,1.5625,775,0,T cells,-0.17483640432357783,-0.04308167274552155,-0.9065848456488715,CD4 T-like
ACTAAAACCCACAA-1,614,1268.0,18.0,1.4195584,614,2,NK / cytotoxic lymphocytes,-0.035379916826883906,1.518201236532192,0.10455678882020902,NK-like
ACTAAAACTCGACA-1,913,2584.0,54.0,2.0897834,913,1,CD14-like monocytes,-0.22055678606033324,-0.7568246860696812,0.6185722948324801,CD14-like monocytes
ACTACGGAATTTCC-1,836,2188.0,42.0,1.9195613,836,0,T cells,1.5495633951822918,-0.39001488011292734,-0.9748734753541272,CD4 T-like
ACTACGGACCTATT-1,669,1804.0,48.0,2.660754,669,0,T cells,0.4282933187484741,-0.8433246805210306,-0.925419508808791,CD4 T-like
ACTACGGATCGCTC-1,942,2471.0,34.0,1.3759611,942,0,T cells,0.5819840685526529,-0.054447357100669835,-0.9507619684392755,CD4 T-like
ACTACTACTAAGGA-1,792,2339.0,56.0,2.3941855,792,0,T cells,0.49543976465861006,0.1201199107699924,-0.9508943654069997,CD4 T-like
ACTAGGTGGAACCT-1,871,1980.0,27.0,1.3636364,871,2,NK / cytotoxic lymphocytes,0.7930399672190348,1.04361989377725,-0.1637838845301156,NK-like
ACTAGGTGGAACTC-1,1046,3531.0,60.0,1.6992353,1046,0,T cells,0.5961036984125773,0.3752064194342103,-1.00466194538155,CD4 T-like
ACTATCACCTTGGA-1,859,2050.0,63.0,3.0731707,859,2,NK / cytotoxic lymphocytes,0.38783844153086344,2.059304455073193,0.8502972207888208,NK-like
ACTATCACTGCCAA-1,793,2222.0,37.0,1.6651666,793,0,T cells,1.5661689949035644,-0.07446524783818409,-0.9113033564403804,CD4 T-like
ACTCAGGACTGAAC-1,822,2160.0,12.0,0.5555556,822,0,T cells,1.9826684443155924,0.69070864783393,-0.6388460689120822,CD4 T-like
ACTCAGGATCTATC-1,751,1870.0,28.0,1.4973263,751,3,B cells,0.35793484926223756,-0.4565032621826789,-0.49749831093682184,B cells
ACTCAGGATTCGTT-1,435,1009.0,20.0,1.9821604,435,1,CD14-like monocytes,-0.5477210998535156,-0.6891790833136048,0.540589985702977,CD14-like monocytes
ACTCCTCTCAACTG-1,1142,3267.0,68.0,2.0814202,1142,0,T cells,0.34215595563252765,-0.2156554376236115,-0.9011086490419176,CD4 T-like
ACTCGCACGAAAGT-1,781,1824.0,30.0,1.6447369,781,1,CD14-like monocytes,-0.28118388930956517,-0.7986303772589173,-0.07047824088973231,CD14-like monocytes
ACTCGCACTACGAC-1,718,1872.0,21.0,1.1217949,718,1,CD14-like monocytes,-0.07871137857437138,-0.5387971064057013,0.2452853828969629,CD14-like monocytes
ACTCTCCTGACACT-1,471,1237.0,36.0,2.9102669,471,0,T cells,0.27011086225509645,0.1546420087718,-0.9447513156467013,CD4 T-like
ACTCTCCTGCATAC-1,1750,5861.0,102.0,1.7403175,1750,0,T cells,-0.6746183776855469,-0.7925177244224934,-1.0922109430486506,CD4 T-like
ACTCTCCTGTTTGG-1,892,2755.0,53.0,1.923775,892,0,T cells,1.112402014732361,0.053020483074766256,-0.5985205700903228,CD4 T-like
ACTGAGACAACCAC-1,841,1944.0,69.0,3.549383,841,2,NK / cytotoxic lymphocytes,-0.2318298530578613,1.024812257169473,1.0387795881791546,NK-like
ACTGAGACCCATAG-1,1156,3635.0,65.0,1.7881706,1156,1,CD14-like monocytes,-0.38124619285265604,-1.008266487506905,0.3691863165961371,CD14-like monocytes
ACTGAGACGTTGGT-1,1031,3991.0,70.0,1.7539464,1031,3,B cells,0.14588095903396603,-0.6371923706748269,-0.4778872807820639,B cells
ACTGCCACACACGT-1,912,2120.0,34.0,1.6037736,912,2,NK / cytotoxic lymphocytes,0.39687042872111,1.7090545326772362,0.8667372481991545,NK-like
ACTGCCACTCCGTC-1,873,1739.0,71.0,4.082806,873,2,NK / cytotoxic lymphocytes,-0.6759235636393229,0.026111185671103154,2.6317514824144768,NK-like
ACTGGCCTTCAGTG-1,824,1656.0,34.0,2.0531402,824,2,NK / cytotoxic lymphocytes,-0.7202603149414063,0.22467668899381998,2.681199908015704,NK-like
ACTGTGGACGTGTA-1,1233,3185.0,67.0,2.1036108,1233,2,NK / cytotoxic lymphocytes,0.35575041611989344,1.1750153454867274,1.2489148168852833,NK-like
ACTGTGGATCTAGG-1,1312,4412.0,101.0,2.2892113,1312,3,B cells,0.27565506537755335,-0.24206570808333583,-0.9238146464029948,B cells
ACTGTTACCCACAA-1,575,1262.0,41.0,3.2488115,575,1,CD14-like monocytes,-0.6001197814941406,-0.822329742739899,0.46225391445737896,CD14-like monocytes
ACTGTTACTGCAGT-1,605,1658.0,38.0,2.291918,605,0,T cells,1.0408637015024822,-0.34776583873864375,-0.9011200413559423,CD4 T-like
ACTTAAGAACCACA-1,717,2297.0,52.0,2.2638223,717,0,T cells,1.4755958143870036,-0.01924568715721675,-0.23534165440183696,CD4 T-like
ACTTAAGATTACTC-1,1019,2822.0,81.0,2.8703046,1019,4,Dendritic cells,-0.27323982159296667,-0.9905773124309502,-0.07757846947872271,Dendritic cells
ACTTAGCTGCGTAT-1,1215,3267.0,51.0,1.5610652,1215,1,CD14-like monocytes,-0.5716323379675547,-1.1994287510110875,0.2824809989543875,CD14-like monocytes
ACTTAGCTGGGAGT-1,928,2502.0,23.0,0.91926455,928,0,T cells,1.3918315299352009,-0.04320354943323612,-1.0539057567866161,CD4 T-like
ACTTCAACAAGCAA-1,1780,5419.0,167.0,3.0817494,1780,0,T cells,-0.8828743489583334,1.1383455334287702,-0.7675906860467159,NK-like
ACTTCAACGTAGGG-1,657,1259.0,14.0,1.1119937,657,2,NK / cytotoxic lymphocytes,-0.5750278218587239,-0.8417594216086648,3.1539264717487376,NK-like
ACTTCCCTTTCCGC-1,718,2072.0,27.0,1.3030888,718,0,T cells,0.2204165728886922,0.23350719394105868,-0.9378339979383681,CD4 T-like
ACTTCTGACATGCA-1,646,1655.0,72.0,4.3504534,646,3,B cells,-0.04319915413856501,-0.44604232841067837,-0.9869598234542692,B cells
ACTTGACTCCACAA-1,808,1999.0,32.0,1.6008005,808,3,B cells,0.3730757300059001,-0.9156679866289852,-0.9667311389036853,B cells
ACTTGGGAGAAAGT-1,1120,3624.0,105.0,2.897351,1120,1,CD14-like monocytes,-0.3890694236755371,-0.45466079711914065,-0.14963926835493602,CD14-like monocytes
ACTTGGGAGGTTTG-1,750,1645.0,29.0,1.762918,750,0,T cells,-0.0015278840065002797,1.1857155732434206,-0.9853416982323232,CD4 T-like
ACTTGGGATGTGAC-1,390,792.0,1.0,0.12626262,390,1,CD14-like monocytes,-0.49797256469726564,-0.5623778526229087,0.5348646212105799,CD14-like monocytes
ACTTGGGATTGACG-1,1100,3111.0,73.0,2.3465123,1100,1,CD14-like monocytes,-0.8321373494466145,-0.766330364497021,-0.1928908617809565,CD14-like monocytes
ACTTGTACCTGTCC-1,456,1149.0,14.0,1.2184508,456,0,T cells,0.27179749329884845,0.38674939280808573,-0.6965271150222933,CD4 T-like
ACTTTGTGGAAAGT-1,755,2368.0,27.0,1.1402026,755,0,T cells,0.6370568339029947,0.08304907095552694,-1.0675306994505602,CD4 T-like
ACTTTGTGGATAGA-1,1118,3145.0,44.0,1.3990461,1118,1,CD14-like monocytes,-0.7910541280110677,-0.7866896711214624,-0.025536734648425208,CD14-like monocytes
AGAAACGAAAGTAG-1,571,1430.0,41.0,2.867133,571,3,B cells,0.8695956675211589,-0.36449831085975726,-0.8946368284899779,B cells
AGAAAGTGCGCAAT-1,867,3021.0,61.0,2.019199,867,0,T cells,1.3455436515808106,-0.21629570999530823,-0.6228564414111051,CD4 T-like
AGAAAGTGGGGATG-1,728,1968.0,32.0,1.6260161,728,1,CD14-like monocytes,-0.6454458109537761,-0.9275336217398595,-0.10117130424037124,CD14-like monocytes
AGAACAGAAATGCC-1,916,1879.0,32.0,1.7030336,916,2,NK / cytotoxic lymphocytes,-0.2734747270743052,-0.04162032965457796,2.591030386722449,NK-like
AGAACAGACGACTA-1,491,981.0,25.0,2.54842,491,3,B cells,0.37802485783894857,-0.8311168015605271,-0.3722679952178338,B cells
AGAACAGAGACAAA-1,960,3002.0,52.0,1.7321786,960,0,T cells,1.0120787239074707,-0.3342966826275142,-1.0744521015822286,CD4 T-like
AGAACGCTTTGCTT-1,625,1763.0,38.0,2.1554167,625,0,T cells,1.7647880268096925,-0.5261374141230728,-0.9566045433583886,CD4 T-like
AGAAGATGTGACTG-1,1090,3604.0,36.0,0.9988901,1090,0,T cells,0.8695495335261026,-0.044339547012791525,-0.9659229625355114,CD4 T-like
AGAATGGAAGAAGT-1,772,2052.0,21.0,1.0233918,772,2,NK / cytotoxic lymphocytes,-0.12344461282094321,0.8570012795804728,0.6982584905142737,NK-like
AGAATTTGTAACCG-1,968,3259.0,35.0,1.0739491,968,0,T cells,1.32590563138326,0.05828031674780021,-0.8605368257773043,CD4 T-like
AGAATTTGTAGAGA-1,480,1428.0,59.0,4.131653,480,0,T cells,0.18217207352320353,-0.3211155337516708,-0.7373191756431503,CD4 T-like
AGACACACTGTAGC-1,810,2229.0,29.0,1.3010318,810,0,T cells,0.5007540861765544,0.0916456261066475,-0.8578634551077178,CD4 T-like
AGACACTGTCAAGC-1,725,1944.0,33.0,1.6975307,725,1,CD14-like monocytes,-0.16967066923777263,-0.7593782212999132,-0.04844871386133065,CD14-like monocytes
AGACCTGAAGTAGA-1,1016,2595.0,53.0,2.0423894,1016,1,CD14-like monocytes,-0.6953590393066407,-0.9045531147658222,0.21058195480192554,CD14-like monocytes
AGACCTGACCAACA-1,1011,2999.0,89.0,2.967656,1011,0,T cells,0.6126408433914184,-0.5070854273709384,-1.0119332978219697,CD4 T-like
AGACCTGAGGAAGC-1,1075,2875.0,54.0,1.8782609,1075,2,NK / cytotoxic lymphocytes,0.9081404304504395,1.0270130504261366,0.1404490817676891,NK-like
AGACGTACAGAGGC-1,808,2193.0,28.0,1.2767898,808,0,T cells,0.9626479959487915,0.1686780534609399,-0.9916451964715515,CD4 T-like
AGACGTACCCCTAC-1,672,1517.0,47.0,3.09822,672,3,B cells,-0.01918698867162072,-0.8791810623323074,-0.5414067716309519,B cells
AGACGTACCTCTTA-1,950,2886.0,121.0,4.192654,950,1,CD14-like monocytes,-0.5889833577473959,-0.9632627699110243,0.07378682415894788,CD14-like monocytes
AGACGTACTCGTGA-1,862,2242.0,93.0,4.1480823,862,1,CD14-like monocytes,-0.21530675013860068,-0.5518578755735146,0.16748980994176388,CD14-like monocytes
AGACTGACCATCAG-1,766,1895.0,65.0,3.4300792,766,2,NK / cytotoxic lymphocytes,0.5396148490905762,2.4734853301385438,0.5759407419146914,NK-like
AGACTGACCCTTTA-1,963,2911.0,79.0,2.713844,963,0,T cells,1.6863084189097086,0.26384750424009384,-0.3625117600566209,CD4 T-like
AGACTTCTCATGCA-1,507,1302.0,37.0,2.8417819,507,3,B cells,0.652595534324646,-0.6786418876262627,-0.7223000574593592,B cells
AGAGATGACAGTCA-1,570,1340.0,43.0,3.2089553,570,3,B cells,0.4917539207140605,-0.7968641338926373,-0.8718700216274069,B cells
AGAGATGACTGAAC-1,678,1974.0,47.0,2.3809524,678,0,T cells,0.21747142553329468,0.7352119137542417,-1.0215044888583096,CD4 T-like
AGAGATGAGGTTTG-1,768,2060.0,59.0,2.8640776,768,1,CD14-like monocytes,-0.6338612365722657,-0.9246734465011442,-0.29086125547235664,CD14-like monocytes
AGAGATGATCTCGC-1,1037,3371.0,123.0,3.6487687,1037,3,B cells,0.223826843102773,-0.9204890703914141,-0.840757265957919,B cells
AGAGATGATTGTGG-1,885,2339.0,37.0,1.5818726,885,0,T cells,0.956249656677246,0.3463377384224322,-0.010718059539794877,CD4 T-like
AGAGCGGAGGCAAG-1,1426,5230.0,71.0,1.3575526,1426,1,CD14-like monocytes,-0.8259446716308594,-0.9751341848662405,-0.409337787917166,CD14-like monocytes
AGAGGTCTACAGCT-1,2815,10783.0,282.0,2.6152277,2815,6,Cycling cells,-0.5811862448851267,1.2731648994214606,0.4737623349584714,Cycling cells
AGAGTCTGGTCGTA-1,1496,4469.0,159.0,3.557843,1496,1,CD14-like monocytes,-0.3295448096593221,-1.0867304175791115,0.2000621564460523,CD14-like monocytes
AGAGTGCTCAGCTA-1,587,1566.0,30.0,1.9157088,587,0,T cells,0.6274891964594523,0.10380740406537292,-1.0226801862620345,CD4 T-like
AGAGTGCTCGAATC-1,879,2532.0,50.0,1.9747235,879,0,T cells,0.05834037144978843,-0.43359709075002956,-0.8225014426491477,CD4 T-like
AGAGTGCTGTCATG-1,924,3580.0,54.0,1.5083799,924,0,T cells,1.1178368059794108,-0.015355834575614624,-1.1221235641325362,CD4 T-like
AGAGTGCTGTCCTC-1,783,1944.0,41.0,2.1090536,783,2,NK / cytotoxic lymphocytes,0.8623789787292481,1.183940261301368,-0.17019287456165655,NK-like
AGAGTGCTGTGTTG-1,696,1635.0,53.0,3.24159,696,3,B cells,0.37124183813730877,-0.7934358384874132,-0.9156795463176689,B cells
AGATATACCCGTAA-1,1057,2260.0,34.0,1.5044248,1057,2,NK / cytotoxic lymphocytes,-0.33220249255498246,0.06669736919981051,2.078173198121967,NK-like
AGATATACGATGAA-1,783,2386.0,115.0,4.8197823,783,0,T cells,1.1749252748489378,0.07742237129596741,-0.8115516344706218,CD4 T-like
AGATATACTGTTCT-1,867,2358.0,28.0,1.187447,867,3,B cells,0.3543950645128886,-0.9685972579801926,-1.0453550550672743,B cells
AGATATTGCCTACC-1,919,2395.0,24.0,1.0020877,919,2,NK / cytotoxic lymphocytes,-0.21880025307337447,1.220948708659471,0.05507151960122458,NK-like
AGATATTGGCCAAT-1,1251,4076.0,59.0,1.4474976,1251,1,CD14-like monocytes,-0.7313856506347656,-0.9772768887606534,-0.20682965866242986,CD14-like monocytes
AGATCGTGTCTGGA-1,1023,2988.0,35.0,1.171352,1023,1,CD14-like monocytes,-0.6103410847981771,-1.0201537777679135,-0.15906783498898902,CD14-like monocytes
AGATCGTGTTTGTC-1,727,1844.0,22.0,1.1930586,727,3,B cells,0.3266802374521891,-0.7293067700935133,-0.8194628628817472,B cells
AGATCTCTATCACG-1,645,1501.0,41.0,2.7315123,645,3,B cells,0.4385736926396688,-0.863050826872238,-0.9155103895399306,B cells
AGATTAACGTTCTT-1,1217,3876.0,90.0,2.3219814,1217,1,CD14-like monocytes,-0.17731760025024412,-0.8848759044300426,0.5343975760719992,CD14-like monocytes
AGATTCCTATCGTG-1,929,2499.0,21.0,0.8403362,929,0,T cells,0.8796801646550496,-0.029269102847937378,-0.31355729199419125,CD4 T-like
AGATTCCTCACTTT-1,792,2200.0,60.0,2.7272727,792,1,CD14-like monocytes,-0.787827860514323,-0.5765866347033568,-0.20088292035189548,CD14-like monocytes
AGATTCCTGACGAG-1,994,2736.0,71.0,2.595029,994,1,CD14-like monocytes,-0.7085017395019532,-0.8375197901870265,-0.33071766333146535,CD14-like monocytes
AGATTCCTGTTCAG-1,1025,2318.0,74.0,3.1924074,1025,2,NK / cytotoxic lymphocytes,-0.2607997822761535,-1.0008141874062895,2.814159636064009,NK-like
AGCAAAGATATGCG-1,946,2434.0,55.0,2.259655,946,0,T cells,1.1625103823343914,-0.7156657295997696,-1.0823051375572128,CD4 T-like
AGCACAACAGTCTG-1,600,1625.0,34.0,2.0923076,600,0,T cells,0.6346084976196289,0.5621116387723671,-0.4350406107276377,CD4 T-like
AGCACTGAGGGAGT-1,881,2621.0,24.0,0.915681,881,0,T cells,1.6237482198079427,-0.044111045683273176,-0.9477838843759864,CD4 T-like
AGCACTGATATGCG-1,975,2297.0,21.0,0.91423595,975,0,T cells,-0.1805608729521434,0.11444528849437985,-0.9199711192737926,CD4 T-like
AGCACTGATGCTTT-1,1609,5153.0,113.0,2.1928973,1609,4,Dendritic cells,-0.37296631932258606,-1.1216233378708964,-0.6381099493816644,Dendritic cells
AGCACTGATTGCGA-1,758,2158.0,40.0,1.8535681,758,0,T cells,0.5720355145136515,0.03687164807560461,-1.0308317704634233,CD4 T-like
AGCATCGAAGATCC-1,772,1726.0,41.0,2.3754346,772,0,T cells,0.5760524670282999,0.11424753304683799,-1.0270898221719145,CD4 T-like
AGCATCGAAGGGTG-1,682,2172.0,36.0,1.6574585,682,3,B cells,0.29414086500803627,-0.8276180691189237,-0.8685016054095644,B cells
AGCATCGAGCTTCC-1,998,2587.0,102.0,3.942791,998,1,CD14-like monocytes,-0.7537417602539063,-0.9712967535462043,-0.17988892468539153,CD14-like monocytes
AGCATCGAGTGAGG-1,979,2979.0,52.0,1.7455522,979,0,T cells,1.251371038754781,-0.4592285517490271,-1.2195390643495503,CD4 T-like
AGCATCGATAACCG-1,1045,2780.0,38.0,1.3669065,1045,1,CD14-like monocytes,-0.41242974400520327,-1.1033624976572365,-0.32451021984370065,CD14-like monocytes
AGCATGACGATGAA-1,706,1870.0,39.0,2.0855615,706,2,NK / cytotoxic lymphocytes,-0.5864057413736979,1.5711189327817974,-0.3144098175896539,NK-like
AGCCAATGGGGAGT-1,808,1876.0,30.0,1.5991472,808,1,CD14-like monocytes,-0.6010315958658854,-0.4465760182852697,0.7481273150203205,CD14-like monocytes
AGCCAATGTATCTC-1,855,2617.0,47.0,1.7959496,855,0,T cells,1.3124110221862793,-0.030497573120425447,-0.6677597604616724,CD4 T-like
AGCCACCTGGATCT-1,819,1983.0,44.0,2.2188604,819,2,NK / cytotoxic lymphocytes,-0.5754546101888021,1.9068948148476956,0.4656597792500198,NK-like
AGCCGGTGCCAATG-1,1147,3729.0,40.0,1.0726736,1147,0,T cells,0.9045566113789877,-0.14723183217674785,-0.4175175719790988,CD4 T-like
AGCCGGTGTGTTTC-1,742,2196.0,32.0,1.4571949,742,0,T cells,1.4154209582010906,0.22306766510009768,-0.9077468255553582,CD4 T-like
AGCCGTCTCAATCG-1,914,2919.0,125.0,4.2822886,914,0,T cells,0.43506773630777995,0.9972761578030056,-0.7121786209067913,CD4 T-like
AGCCGTCTGAGAGC-1,969,3005.0,78.0,2.5956738,969,0,T cells,0.5834358358383178,0.35792509714762366,-0.7173251233919702,CD4 T-like
AGCCTCACGTTCGA-1,704,2157.0,36.0,1.6689847,704,0,T cells,0.882510290145874,0.23396933295510025,-0.20737614776148938,CD4 T-like
AGCCTCACTGTCAG-1,1398,4816.0,68.0,1.4119601,1398,1,CD14-like monocytes,-0.33179948409398397,-1.0653587880760733,0.5833163367377385,CD14-like monocytes
AGCCTCTGCAGTTG-1,581,1473.0,37.0,2.5118806,581,3,B cells,-0.007198801040649405,-0.8771109532828283,-0.49749946016253843,B cells
AGCCTCTGCCAATG-1,809,1679.0,28.0,1.6676594,809,2,NK / cytotoxic lymphocytes,-0.1276263745625814,-0.9112284496577099,2.3914258128464825,NK-like
AGCGAACTGGATCT-1,921,3139.0,84.0,2.6760113,921,0,T cells,0.9026109886169433,0.0734110562488286,-0.5459155154950691,CD4 T-like
AGCGAACTTACTGG-1,805,2117.0,30.0,1.4170997,805,0,T cells,0.8959589640299479,-0.5058125650039826,-0.6821147716406621,CD4 T-like
AGCGATACGGAGCA-1,542,1590.0,31.0,1.9496856,542,0,T cells,0.06329528729120892,-0.27391516367594393,-0.8962260544902146,CD4 T-like
AGCGATTGAGATCC-1,888,1919.0,42.0,2.1886399,888,2,NK / cytotoxic lymphocytes,-0.10202836195627851,-1.06256041863952,2.5379967236759686,NK-like
AGCGCCGAATCTCT-1,519,1279.0,16.0,1.2509774,519,0,T cells,0.8723137791951497,-0.25538466145293875,-0.29936164749993216,CD4 T-like
AGCGCCGACAGAGG-1,1092,2678.0,44.0,1.6430172,1092,0,T cells,1.5339979108174642,-0.03607298340460274,-0.15096360986882984,CD4 T-like
AGCGCTCTACCTTT-1,762,1767.0,26.0,1.4714205,762,0,T cells,1.0367840544382732,0.5306785747258351,-0.8405800251045612,CD4 T-like
AGCGGCACCGGGAA-1,698,2103.0,34.0,1.616738,698,0,T cells,-0.01181087414423626,-0.3018824567698469,-1.0143286194464174,CD4 T-like
AGCGGCTGATGTGC-1,752,2269.0,37.0,1.6306744,752,0,T cells,1.6854402001698812,-0.06610873058588818,-1.026454270488084,CD4 T-like
AGCGGGCTTGCCAA-1,771,2244.0,34.0,1.5151515,771,0,T cells,1.1183580207824706,-0.31095172516023273,-0.6001166582107544,CD4 T-like
AGCGTAACATGCTG-1,899,2424.0,47.0,1.938944,899,0,T cells,0.6833138720194498,0.24882213708126188,-0.9590740781841856,CD4 T-like
AGCGTAACTGAGAA-1,1101,3081.0,61.0,1.9798766,1101,1,CD14-like monocytes,-0.7517928059895833,-1.0181900949189158,0.05751226213243266,CD14-like monocytes
AGCTCGCTACTGGT-1,760,2531.0,53.0,2.094034,760,0,T cells,1.7536433664957682,0.16394109822282898,-0.6760824721268932,CD4 T-like
AGCTCGCTCTGCTC-1,881,2673.0,39.0,1.4590348,881,0,T cells,1.2954632584253947,0.59764691844131,-0.8886660180910669,CD4 T-like
AGCTGAACCATACG-1,1124,3218.0,121.0,3.7600994,1124,1,CD14-like monocytes,-0.8709897867838542,-1.0786379419191918,0.565708218198834,CD14-like monocytes
AGCTGAACCTCTCG-1,809,2320.0,44.0,1.8965518,809,0,T cells,1.4882733503977459,0.24327392481794263,-0.9569243614119712,CD4 T-like
AGCTGCCTTGGGAG-1,445,1037.0,46.0,4.4358726,445,1,CD14-like monocytes,-0.4363641866048177,-0.5929987743647411,-0.0735300569823294,CD14-like monocytes
AGCTGCCTTTCATC-1,1703,5212.0,154.0,2.95472,1703,0,T cells,0.6433405145009359,0.46779253410570554,-0.9497594674428304,CD4 T-like
AGCTGCCTTTCTGT-1,789,2282.0,47.0,2.0595968,789,0,T cells,0.7190001519521078,0.16447896283082286,-0.9396720655036696,CD4 T-like
AGCTGTGATCCAAG-1,641,1551.0,56.0,3.6105738,641,0,T cells,0.051553467909495054,0.9480038710314818,-0.6925290810941446,CD4 T-like
AGCTTTACAAGTAG-1,819,2261.0,37.0,1.6364441,819,0,T cells,0.7076325686772664,-0.11375747160478078,-0.8929643727312184,CD4 T-like
AGCTTTACACCAAC-1,890,2114.0,66.0,3.1220436,890,2,NK / cytotoxic lymphocytes,0.3965258328119914,1.650744468997223,0.38351625770029407,NK-like
AGCTTTACTCTCAT-1,767,2570.0,41.0,1.5953308,767,3,B cells,0.23328877290089922,-0.8150715683445786,-0.8626980251736112,B cells
AGGAAATGAGGAGC-1,806,1880.0,13.0,0.69148934,806,0,T cells,0.9600760253270467,0.6179193824228614,-0.9536794026692709,CD4 T-like
AGGAACCTCTTAGG-1,1323,3844.0,113.0,2.9396462,1323,1,CD14-like monocytes,-0.4653671423594157,-0.959353668521149,0.5139312763406774,CD14-like monocytes
AGGAACCTTGCCTC-1,942,2188.0,41.0,1.8738574,942,2,NK / cytotoxic lymphocytes,-0.14318997144699097,2.03291107909848,-0.013194481050125217,NK-like
AGGAATGATAACGC-1,807,1975.0,55.0,2.7848103,807,0,T cells,1.4649487272898356,1.2747275169449623,-0.9475569291548296,CD4 T-like
AGGAATGATTTGTC-1,981,2648.0,35.0,1.3217523,981,0,T cells,0.2796922620137533,-0.23945997893208215,-1.1080780029296875,CD4 T-like
AGGAGTCTGGTTTG-1,888,2508.0,60.0,2.3923445,888,0,T cells,1.2861116631825764,-0.18308026959197687,-0.8845879140526357,CD4 T-like
AGGAGTCTTGTCAG-1,726,1978.0,32.0,1.6177958,726,0,T cells,1.4735994879404704,0.12966399337306167,-0.4915308282832907,CD4 T-like
AGGATAGACATTTC-1,1190,4146.0,46.0,1.1095031,1190,0,T cells,1.3163247680664063,0.04705932212598396,-1.0463044908311632,CD4 T-like
AGGATAGAGGATTC-1,826,1963.0,21.0,1.0697912,826,2,NK / cytotoxic lymphocytes,-0.7434540812174479,0.5179725377246586,1.4040050294664173,NK-like
AGGATGCTACTAGC-1,661,1805.0,21.0,1.1634349,661,3,B cells,0.44480619033177693,-0.8773074679904513,-0.9319883404356061,B cells
AGGATGCTTTAGGC-1,713,1401.0,31.0,2.2127054,713,2,NK / cytotoxic lymphocytes,0.48878143946329755,-0.059212588300608604,2.6852051012443776,NK-like
AGGCAACTGAAGGC-1,816,2698.0,75.0,2.779837,816,0,T cells,0.8628108088175456,0.15652924161968806,-0.6516200260682539,NK-like
AGGCAGGAGTACCA-1,822,2152.0,81.0,3.7639406,822,2,NK / cytotoxic lymphocytes,1.2220761680603027,1.8510642562249697,-0.33248034920355285,NK-like
AGGCCTCTAGTCGT-1,806,2264.0,18.0,0.79505306,806,0,T cells,0.9162441905339559,-0.15370686511800746,-0.9233178032769097,CD4 T-like
AGGCCTCTCGGAGA-1,864,2388.0,49.0,2.0519261,864,0,T cells,0.7959261401494344,-0.03071726596716673,-0.9432805379231771,CD4 T-like
AGGCCTCTCGTAAC-1,464,1205.0,8.0,0.66390043,464,0,T cells,0.3916264541943868,-0.7391489972971906,-0.2479616247042261,CD4 T-like
AGGGACGACGTTGA-1,664,1857.0,40.0,2.1540117,664,0,T cells,1.009454387029012,0.3255412361838601,-0.6524627863758741,CD4 T-like
AGGGACGAGTCAAC-1,931,1957.0,30.0,1.5329586,931,2,NK / cytotoxic lymphocytes,-0.27273972948392233,-0.6474448914479728,2.4865749705921525,NK-like
AGGGACGAGTTGTG-1,860,2746.0,36.0,1.3109978,860,0,T cells,1.2897935263315836,0.14953073251126991,-0.6036275466283163,CD4 T-like
AGGGACGATAGAGA-1,674,1722.0,67.0,3.8908248,674,2,NK / cytotoxic lymphocytes,1.095979789098104,1.2521735200978288,0.24465951726894186,NK-like
AGGGACGATGCATG-1,803,1783.0,19.0,1.0656197,803,2,NK / cytotoxic lymphocytes,-0.5628997294108072,1.9395441113096292,-0.06568257062122074,NK-like
AGGGAGTGAGCCTA-1,464,997.0,8.0,0.8024072,464,0,T cells,0.5767103266716003,-0.38978021795099427,-0.9118702435734296,CD4 T-like
AGGGCCACCATACG-1,788,2047.0,33.0,1.6121153,788,0,T cells,0.6880047941207885,0.6385850424718376,-0.9499380708944918,CD4 T-like
AGGGCGCTAACCAC-1,1068,3558.0,87.0,2.445194,1068,1,CD14-like monocytes,0.17438851992289228,-0.5098086752072729,-0.22710670076235384,CD14-like monocytes
AGGGCGCTATGGTC-1,781,1609.0,72.0,4.474829,781,0,T cells,0.7729306777318319,0.13968183344060725,-0.8692378034495344,CD4 T-like
AGGGTGGACAGTCA-1,843,2229.0,55.0,2.4674742,843,3,B cells,0.20259768486022944,-1.031531208693379,-0.7335600920397827,B cells
AGGGTGGACTCAAG-1,779,2072.0,44.0,2.123552,779,1,CD14-like monocytes,-0.29381761391957606,-0.9364378958037405,0.4257267133154049,CD14-like monocytes
AGGGTGGAGTTGCA-1,873,2253.0,41.0,1.8197957,873,2,NK / cytotoxic lymphocytes,-0.7129084777832031,1.9551237491646196,-0.36413219480803516,NK-like
AGGGTTTGTTCATC-1,707,1795.0,39.0,2.172702,707,1,CD14-like monocytes,-0.616093495686849,-0.8925732699307528,0.3209072556158509,CD14-like monocytes
AGGTCATGAGTGTC-1,492,925.0,30.0,3.2432432,492,3,B cells,0.27422378778457646,-0.8111609256628788,-0.9004088893081202,B cells
AGGTCATGCTTATC-1,669,1588.0,32.0,2.0151134,669,2,NK / cytotoxic lymphocytes,0.15883457342783608,1.1417022088561395,-0.31488763154155075,NK-like
AGGTCTGATTCTCA-1,982,2731.0,57.0,2.0871475,982,1,CD14-like monocytes,-0.30599929134051007,-0.6145600846319488,0.08764949567390201,CD14-like monocytes
AGGTGGGAAGAATG-1,749,2033.0,30.0,1.4756517,749,0,T cells,0.9478863461812337,0.401144800282488,-0.9856487235637627,CD4 T-like
AGGTGGGAAGTTCG-1,789,2474.0,34.0,1.3742926,789,0,T cells,1.3621643002827963,0.7390342799100008,-0.9721440787267204,CD4 T-like
AGGTGTTGGTTACG-1,780,2090.0,27.0,1.2918661,780,3,B cells,0.33733045339584355,-0.5123288865041251,-0.5361467002618192,B cells
AGGTTCGAACCTCC-1,561,1346.0,25.0,1.857355,561,1,CD14-like monocytes,0.09122218529383341,-0.7395535093365293,-0.1188895745710894,CD14-like monocytes
AGGTTCGAACGTAC-1,655,1592.0,23.0,1.4447236,655,1,CD14-like monocytes,-0.04891554594039915,-0.27862055277583575,0.031105029462563882,CD14-like monocytes
AGGTTCGAGGGTGA-1,432,1155.0,27.0,2.3376622,432,0,T cells,-0.31845743815104166,-0.21974457008670079,-0.7192869860716541,CD4 T-like
AGTAAGGAGTTTGG-1,801,1928.0,32.0,1.6597512,801,0,T cells,0.5088014109929403,0.17381441328260627,-1.0289417613636365,CD4 T-like
AGTAAGGATTCTTG-1,945,2894.0,28.0,0.967519,945,0,T cells,1.0528830591837566,-0.4929583164176556,-1.008833682898319,CD4 T-like
AGTAATACATCACG-1,770,1832.0,43.0,2.3471615,770,2,NK / cytotoxic lymphocytes,-0.7030192057291667,-0.7024687121612857,2.1128273819432115,NK-like
AGTAATACCGAACT-1,503,1236.0,31.0,2.5080907,503,3,B cells,0.0892274618148804,-0.759854095150726,-0.8108749389648438,B cells
AGTAATTGTCCCAC-1,766,1892.0,28.0,1.4799154,766,0,T cells,1.5223704814910888,0.655553330315484,-0.9816254124496923,NK-like
AGTACGTGAGGGTG-1,776,2386.0,39.0,1.6345348,776,0,T cells,0.3855957635243734,0.1300088988410103,-0.938942572083136,CD4 T-like
AGTACGTGCTGCAA-1,970,3001.0,38.0,1.2662446,970,0,T cells,0.3783003489176432,0.3842162141896258,-1.0631232213492345,CD4 T-like
AGTACGTGCTTGGA-1,989,3506.0,43.0,1.2264689,989,0,T cells,1.5088613605499268,-1.0250706528172349,-0.8854477049124361,CD4 T-like
AGTACTCTACGTGT-1,654,1604.0,30.0,1.8703243,654,3,B cells,0.42154006242752073,-0.8465138444996844,-0.897086172392874,B cells
AGTACTCTCAACCA-1,762,1766.0,86.0,4.869762,762,2,NK / cytotoxic lymphocytes,-0.6576237487792969,1.6327219741513028,-0.14751720428466797,NK-like
AGTACTCTCGGTAT-1,882,2063.0,32.0,1.5511391,882,0,T cells,0.6779271793365479,1.1215663408992265,-0.3461102803548176,CD4 T-like
AGTAGGCTTGCCTC-1,1236,3561.0,99.0,2.780118,1236,1,CD14-like monocytes,-0.11937429110209152,-0.9974718190202809,0.6755811614219589,CD14-like monocytes
AGTATAACTTGTCT-1,1499,4455.0,143.0,3.2098765,1499,1,CD14-like monocytes,-0.5926770456631978,-0.7748423022453231,0.7268739334260574,CD14-like monocytes
AGTATCCTAGAACA-1,626,1826.0,16.0,0.87623227,626,0,T cells,1.409082210858663,-0.31923845657194505,-0.9601740981593276,CD4 T-like
AGTCACGATGAGCT-1,1380,3719.0,54.0,1.4520032,1380,2,NK / cytotoxic lymphocytes,0.08163102547327672,-0.197615075352216,1.813248563053632,NK-like
AGTCAGACGAATAG-1,1170,3305.0,55.0,1.6641452,1170,0,T cells,0.9196059878667195,0.10987623869770702,-0.931122408972846,CD4 T-like
AGTCAGACGCTTAG-1,491,1011.0,32.0,3.1651828,491,0,T cells,0.8177829154332479,1.6722032412134036,-0.17481014174644394,CD4 T-like
AGTCAGACTAGAGA-1,833,1994.0,38.0,1.9057171,833,2,NK / cytotoxic lymphocytes,1.1985279862085978,1.098406437189892,0.6493947000214548,NK-like
AGTCAGACTGCACA-1,924,2820.0,42.0,1.4893618,924,0,T cells,1.0757764275868733,0.10672631119236808,-0.43808458019988716,CD4 T-like
AGTCCAGATATCTC-1,581,1746.0,34.0,1.9473082,581,0,T cells,0.3809137956301371,-0.8318391279740767,-0.9150780571831597,CD4 T-like
AGTCCAGATTTCAC-1,842,2095.0,33.0,1.575179,842,0,T cells,1.5680881023406983,0.28351106451015284,-0.9419718270349984,CD4 T-like
AGTCGAACCAACCA-1,596,1547.0,36.0,2.3270848,596,0,T cells,0.33067824284235636,-0.2545377273752232,-0.8678454004152857,CD4 T-like
AGTCGCCTCCGTAA-1,811,2231.0,17.0,0.76199013,811,0,T cells,-0.07510087649027508,0.48983733726270284,-1.0930807710898043,CD4 T-like
AGTCTACTAGGGTG-1,542,1192.0,11.0,0.9228188,542,1,CD14-like monocytes,-0.5585978190104167,-0.8899962300001972,0.4698437546238754,CD14-like monocytes
AGTCTACTTGCATG-1,1572,5204.0,173.0,3.324366,1572,1,CD14-like monocytes,-0.9635697428385417,-1.1924460825293954,0.16226031178175782,CD14-like monocytes
AGTCTTACACCACA-1,758,2425.0,45.0,1.8556701,758,0,T cells,1.1504093201955161,0.7986746181141245,-0.33021655130868,CD4 T-like
AGTCTTACTTCGCC-1,854,2129.0,76.0,3.5697513,854,2,NK / cytotoxic lymphocytes,0.845765872001648,1.7237139769274779,-0.351024155183272,NK-like
AGTCTTACTTCGGA-1,274,664.0,5.0,0.75301206,274,5,Platelets,-0.2964312998453776,0.5407899018489952,-0.33312784060083256,Platelets
AGTGACTGCAACTG-1,1413,4697.0,145.0,3.087077,1413,1,CD14-like monocytes,-0.8324809773763021,-1.0974306819414852,0.5004816536951546,CD14-like monocytes
AGTGTTCTAACCTG-1,872,2858.0,27.0,0.9447166,872,0,T cells,1.2767225329081218,-0.3340557425913184,-0.6777041028244327,CD4 T-like
AGTGTTCTATAAGG-1,559,1309.0,30.0,2.2918258,559,0,T cells,0.08857166528701782,1.0983997075244631,-0.9462214768534959,CD4 T-like
AGTGTTCTCACTTT-1,907,2772.0,34.0,1.2265513,907,1,CD14-like monocytes,-0.6352626037597656,-0.8839767147796322,-0.24115220561172024,CD14-like monocytes
AGTTAAACCACTTT-1,951,3024.0,82.0,2.7116404,951,0,T cells,0.6127326107025146,-0.4729020629266296,-1.0266391484424322,CD4 T-like
AGTTATGAACAGTC-1,1175,3624.0,59.0,1.6280353,1175,1,CD14-like monocytes,-0.7182596333821615,-0.9818141436336016,-0.041549489955709396,CD14-like monocytes
AGTTATGACTGAGT-1,946,2087.0,12.0,0.574988,946,0,T cells,0.8145582071940104,0.4053249012340199,-0.7943153272975574,CD4 T-like
AGTTATGAGTTCAG-1,905,2863.0,84.0,2.9339855,905,0,T cells,0.6508518505096436,-0.2257239096092455,-0.7136527639446836,CD4 T-like
AGTTCTACCAGCTA-1,737,1632.0,40.0,2.4509804,737,1,CD14-like monocytes,-0.6440976969401042,-0.755697539358428,0.47049466239081494,CD14-like monocytes
AGTTCTTGAAGCCT-1,604,1279.0,36.0,2.814699,604,2,NK / cytotoxic lymphocytes,0.011756920814514182,1.4879870039044003,0.5095004072093,NK-like
AGTTGTCTACTACG-1,843,2879.0,56.0,1.9451199,843,0,T cells,0.6442575613657633,-0.01676800371420506,-1.0173118668373184,CD4 T-like
AGTTTAGATGGTCA-1,606,1395.0,34.0,2.4372761,606,0,T cells,1.1949412520726521,0.8074007833846891,-0.9678412543402778,CD4 T-like
AGTTTCACGGTCTA-1,1079,2520.0,29.0,1.1507937,1079,2,NK / cytotoxic lymphocytes,-0.2614769585927328,2.51710468639027,0.5565683962118746,NK-like
AGTTTGCTACAGTC-1,668,2092.0,37.0,1.7686424,668,0,T cells,0.8535978460311889,0.55554113580723,-0.8608625778044113,CD4 T-like
AGTTTGCTACTGGT-1,785,1942.0,65.0,3.347065,785,2,NK / cytotoxic lymphocytes,0.4063133589426676,-0.30158950439607257,2.0046557224158086,NK-like
AGTTTGCTCCAAGT-1,726,2050.0,11.0,0.5365854,726,0,T cells,0.9359589465459188,0.6775473392370975,-1.1451449924045138,CD4 T-like
ATAAACACAGTGCT-1,978,2500.0,46.0,1.84,978,3,B cells,0.20534683783849084,-0.8971177688752762,-0.6173956861399641,B cells
ATAAACACCACCAA-1,941,2918.0,107.0,3.6668952,941,0,T cells,0.9803628905614217,0.5984952406449751,-0.6460067221612642,CD4 T-like
ATAACAACATGCTG-1,994,2231.0,68.0,3.0479605,994,1,CD14-like monocytes,-0.5819151814778646,-0.9170671713472617,-0.4115387261515917,CD14-like monocytes
ATAACAACGTCTAG-1,655,1672.0,48.0,2.8708134,655,0,T cells,0.11520924409230549,0.147562001931547,-0.9084701538085938,CD4 T-like
ATAACAACTTTGTC-1,1013,3132.0,73.0,2.330779,1013,0,T cells,0.7910363642374675,-0.014469385628748332,-0.9956951719341856,CD4 T-like
ATAACATGTACTCT-1,987,2776.0,40.0,1.4409221,987,0,T cells,1.1660152784983318,0.13196786630033253,-0.4890844735232266,CD4 T-like
ATAACCCTGTTGGT-1,591,1638.0,50.0,3.052503,591,0,T cells,1.3923711713155111,1.5469191792035342,-0.91015247383503,NK-like
ATAACCCTTGGTAC-1,1041,2949.0,18.0,0.61037636,1041,0,T cells,1.0828081130981446,-0.12709726083158246,-1.0501878526475694,CD4 T-like
ATAAGTACGAATGA-1,625,1562.0,26.0,1.6645327,625,3,B cells,0.2857935953140259,-0.3559332399657278,-0.8032640399354877,B cells
ATAAGTTGGTACGT-1,582,1355.0,33.0,2.4354243,582,1,CD14-like monocytes,-0.602926279703776,-0.8520412252406881,0.4204941306451354,CD14-like monocytes
ATAAGTTGTCTAGG-1,814,2338.0,81.0,3.4644995,814,0,T cells,0.6552437432607015,0.9867897630941989,-1.0124739829940026,CD4 T-like
ATAATCGAGCTGAT-1,570,1386.0,27.0,1.9480519,570,3,B cells,-0.4836316935221354,-0.7938474404691446,-0.8919990616615372,B cells
ATAATCGATGGTTG-1,775,2348.0,13.0,0.5536627,775,0,T cells,0.7132161537806193,-0.0577699025472006,-0.6257732333558979,CD4 T-like
ATAATGACCTACTT-1,822,2215.0,27.0,1.2189616,822,0,T cells,0.6962405920028687,-0.31453630418488476,-1.0842312899502842,CD4 T-like
ATAATGACTCGTGA-1,715,1843.0,47.0,2.55019,715,1,CD14-like monocytes,-0.26863564928372696,-0.7119796444671322,0.7644783116350271,CD14-like monocytes
ATACAATGTTAGGC-1,738,2148.0,36.0,1.6759777,738,0,T cells,1.2232347456614177,-0.5712160784788807,-1.0443261657098326,CD4 T-like
ATACCACTCGTACA-1,956,2896.0,60.0,2.0718231,956,1,CD14-like monocytes,-0.29893833796183267,-0.4564434090045968,-0.30284276923747977,CD14-like monocytes
ATACCACTCTAAGC-1,1178,4138.0,100.0,2.4166265,1178,4,Dendritic cells,-0.08911330938339235,-0.7086026367515025,-0.13754183547665377,Dendritic cells
ATACCACTGCCAAT-1,743,1580.0,53.0,3.3544302,743,2,NK / cytotoxic lymphocytes,-0.5687510681152343,0.1772052186908144,1.0358312703142263,NK-like
ATACCGGAATGCTG-1,1861,6582.0,151.0,2.2941356,1861,4,Dendritic cells,-0.5823198312520981,-0.6872227150984485,-0.15151143314862492,Dendritic cells
ATACCGGACATTTC-1,841,2213.0,42.0,1.8978761,841,1,CD14-like monocytes,-0.649255116780599,-0.9065638840800584,-0.09269926957409791,CD14-like monocytes
ATACCGGACTTCGC-1,944,2694.0,60.0,2.2271714,944,0,T cells,1.026781867345174,-0.4519658141665988,-1.1820170084635417,CD4 T-like
ATACCGGAGGTGTT-1,783,2129.0,46.0,2.1606388,783,1,CD14-like monocytes,-0.7777974955240885,-0.6026346305404047,0.15108531412452153,CD14-like monocytes
ATACCGGATCTCGC-1,643,1786.0,47.0,2.631579,643,0,T cells,0.5904137913386027,-0.26676868621749117,-0.9719460227272727,CD4 T-like
ATACCTACGCATCA-1,924,2761.0,56.0,2.0282507,924,0,T cells,0.5753392998377482,0.17130783736103705,-0.6010774532953898,CD4 T-like
ATACCTTGGGGCAA-1,936,3678.0,51.0,1.3866231,936,0,T cells,0.26076965490976967,-0.04842163432728164,-0.6420194688469472,CD4 T-like
ATACGGACAGACTC-1,431,877.0,36.0,4.1049027,431,1,CD14-like monocytes,-0.4763313802083333,-0.7628925978535354,0.14112262533168596,CD14-like monocytes
ATACGGACCTACTT-1,490,1042.0,23.0,2.2072937,490,1,CD14-like monocytes,-0.5291574096679688,-0.3900370183617177,0.009661152868559841,CD14-like monocytes
ATACGGACGAGGTG-1,532,1218.0,38.0,3.1198685,532,3,B cells,0.9072340949376424,-0.3477983156840006,-0.838331280332623,B cells
ATACGGACTATGCG-1,524,1474.0,32.0,2.1709633,524,3,B cells,0.4976295081774394,-0.42221696015560267,-1.0109436343414615,B cells
ATACGGACTCTGGA-1,620,1470.0,51.0,3.4693878,620,1,CD14-like monocytes,-0.6061579386393229,-0.8761419431127683,-0.17419014458704474,CD14-like monocytes
ATACGTCTTAACGC-1,749,2011.0,91.0,4.525112,749,1,CD14-like monocytes,-0.24754283944765731,-0.9017850317136206,-0.03911686906910905,CD14-like monocytes
ATACTCTGCTTCGC-1,1334,4474.0,97.0,2.1680822,1334,1,CD14-like monocytes,-0.39204108874003096,-0.8207218550672435,0.531929738593824,CD14-like monocytes
ATACTCTGGTATGC-1,834,1619.0,35.0,2.1618283,834,2,NK / cytotoxic lymphocytes,-0.2329485809803009,0.006003976109051901,2.521447453354344,NK-like
ATAGATACCATGGT-1,790,2183.0,40.0,1.8323408,790,0,T cells,0.7964426771799723,-0.8549924908262311,-0.8784296825678661,CD4 T-like
ATAGATACGACGAG-1,702,2123.0,57.0,2.6848798,702,0,T cells,0.34734845797220865,0.03734715586960913,-1.0094222251815026,CD4 T-like
ATAGATTGGTGTAC-1,892,2749.0,55.0,2.0007274,892,3,B cells,0.6068935473759969,-0.9963576191603535,-0.7849450397973109,B cells
ATAGCCGAACGGAG-1,693,2095.0,56.0,2.673031,693,0,T cells,1.1808787043889364,0.2280541545212872,-0.8927268596610638,CD4 T-like
ATAGCGTGCAGATC-1,784,2448.0,26.0,1.0620916,784,0,T cells,0.8627005831400554,-0.08344465169039639,-0.9958809746636285,CD4 T-like
ATAGCGTGCCCTTG-1,944,3004.0,34.0,1.1318243,944,1,CD14-like monocytes,-0.6191485087076823,-1.060185133808791,-0.2930415866350887,CD14-like monocytes
ATAGCGTGGTATCG-1,471,1069.0,19.0,1.7773621,471,1,CD14-like monocytes,-0.33796112060546873,-0.29587144418196243,-0.15638053922942186,CD14-like monocytes
ATAGCGTGTCTCTA-1,839,2273.0,42.0,1.8477783,839,0,T cells,1.4702304395039878,-0.20518171281525588,-1.0903095283893625,CD4 T-like
ATAGCTCTCTGATG-1,529,1163.0,34.0,2.9234738,529,0,T cells,1.604693301518758,-0.2615472649082993,-0.7595565487640072,CD4 T-like
ATAGCTCTGAGGTG-1,729,1975.0,42.0,2.1265824,729,0,T cells,0.6175611146291097,0.12147209379408097,-1.0124591865924875,CD4 T-like
ATAGGAGAAACAGA-1,1084,3554.0,78.0,2.1947103,1084,1,CD14-like monocytes,-0.5834376525878906,-0.5964435276359019,0.2868959118621517,CD14-like monocytes
ATAGGCTGTCAGAC-1,802,2173.0,36.0,1.6566958,802,0,T cells,1.7409911378224692,-0.46485893798596933,-0.9530490143130524,CD4 T-like
ATAGTCCTAGTGTC-1,886,2205.0,47.0,2.1315193,886,1,CD14-like monocytes,-0.7275170389811197,-0.9211969086618135,-0.23408588833279087,CD14-like monocytes
ATAGTCCTTGCATG-1,815,2055.0,16.0,0.7785888,815,2,NK / cytotoxic lymphocytes,-0.19369110902150477,0.7193593824752654,-0.5527606675119111,NK-like
ATAGTCCTTGTCGA-1,856,2662.0,30.0,1.1269722,856,0,T cells,1.3330344915390016,-0.04709682657261094,-0.935964179761482,CD4 T-like
ATAGTTGACAACTG-1,746,2184.0,35.0,1.6025642,746,0,T cells,1.2407615439097086,0.059674993187490144,-1.0370059543185763,CD4 T-like
ATAGTTGACCCTCA-1,1318,4273.0,80.0,1.872221,1318,1,CD14-like monocytes,0.018783815701802542,-1.0493508541222774,0.6145404931270715,CD14-like monocytes
ATAGTTGAGACGTT-1,545,2030.0,61.0,3.004926,545,0,T cells,1.8662446371714274,-0.9035673815794666,-0.9395389749546244,CD4 T-like
ATAGTTGATAAGCC-1,696,1870.0,31.0,1.657754,696,0,T cells,0.035357534488042186,-0.8252079510929609,-0.9807201346965752,CD4 T-like
ATATACGAAGCCAT-1,872,2505.0,41.0,1.6367266,872,0,T cells,1.3584804884592692,-0.46961674015931404,-0.8945650042909564,CD4 T-like
ATATACGAATTGGC-1,1154,3935.0,52.0,1.321474,1154,0,T cells,1.6417632961273192,0.12824429791383074,-1.1390126546223958,CD4 T-like
ATATAGTGGAATGA-1,467,1062.0,31.0,2.9190207,467,1,CD14-like monocytes,-0.5869157409667969,-0.823333046653054,0.3614093135101626,CD14-like monocytes
ATATGCCTAGATCC-1,725,1910.0,39.0,2.041885,725,1,CD14-like monocytes,-0.6490437316894532,-0.8637558908173533,0.001380540867044533,CD14-like monocytes
ATATGCCTGGACAG-1,1027,3509.0,76.0,2.1658592,1027,0,T cells,0.8561217180887858,0.31697799798214066,-0.9696157436178188,CD4 T-like
ATATGCCTTCTCTA-1,479,1090.0,15.0,1.3761468,479,0,T cells,0.08667888641357424,0.12067869552458177,-0.9478658040364584,CD4 T-like
ATATGCCTTGGTAC-1,728,2021.0,35.0,1.7318159,728,0,T cells,1.0931965430577595,0.14497293992476024,-0.8197088530569365,CD4 T-like
ATCAAATGAGCCTA-1,926,2562.0,80.0,3.1225605,926,1,CD14-like monocytes,-0.7176666768391927,-0.9566133287217882,0.2959264418091436,CD14-like monocytes
ATCAAATGGGTAAA-1,1282,4211.0,96.0,2.2797437,1282,1,CD14-like monocytes,-0.22035068591435747,-0.8359517193803884,0.5538634868583294,CD14-like monocytes
ATCAACCTAAACGA-1,907,2638.0,22.0,0.83396506,907,0,T cells,0.946480377515157,-0.08777375462079284,-1.0566379277393072,CD4 T-like
ATCAACCTGAGGAC-1,833,2312.0,63.0,2.7249136,833,0,T cells,1.498285296758016,0.4586797637168807,-1.0182245427911931,CD4 T-like
ATCAACCTTCTCTA-1,1024,2505.0,75.0,2.9940119,1024,2,NK / cytotoxic lymphocytes,1.0268747552235922,0.8030689509228023,0.5219916102862117,NK-like
ATCAACCTTTGTCT-1,838,2572.0,49.0,1.9051323,838,2,NK / cytotoxic lymphocytes,0.576125685373942,0.9870636352384933,0.8995453227650037,NK-like
ATCACACTTTGTCT-1,900,2560.0,54.0,2.109375,900,0,T cells,0.7403355916341146,0.22800904283619894,-0.9960154523753156,CD4 T-like
ATCACGGATTTCGT-1,737,1792.0,39.0,2.1763394,737,3,B cells,0.6521195967992147,-0.8362818245935921,-0.8681152806137548,B cells
ATCATCTGACACCA-1,367,737.0,5.0,0.6784261,367,5,Platelets,0.3583041270573934,0.5430132085626775,-0.26636349071155896,Platelets
ATCATGCTAGAGTA-1,459,850.0,29.0,3.4117646,459,2,NK / cytotoxic lymphocytes,-0.4107304890950521,0.7748144159413347,0.5797452242687496,NK-like
ATCATGCTGAACCT-1,1030,3165.0,74.0,2.3380728,1030,3,B cells,0.5479022137324016,-0.9130399299390388,-1.0597906401663115,B cells
ATCCAGGACGCTAA-1,1279,3756.0,47.0,1.2513312,1279,1,CD14-like monocytes,-0.873363037109375,-0.9142840060320767,0.6673091503104778,CD14-like monocytes
ATCCAGGATGGAAA-1,756,2128.0,27.0,1.268797,756,0,T cells,-0.5351558430989584,-0.146878415888006,-1.0782342005257655,CD4 T-like
ATCCATACTCCTTA-1,662,1624.0,41.0,2.5246305,662,1,CD14-like monocytes,-0.5342061360677083,-0.8791295831853693,0.2309616483823217,CD14-like monocytes
ATCCATACTTCATC-1,1323,3916.0,93.0,2.3748724,1323,1,CD14-like monocytes,-0.4389136735598246,-1.0152444550485322,0.3409960968325836,CD14-like monocytes
ATCCCGTGCAGTCA-1,1003,1996.0,39.0,1.9539078,1003,2,NK / cytotoxic lymphocytes,-0.8246012878417969,-0.23284460799862639,2.434934107462565,NK-like
ATCCCGTGCATGCA-1,359,776.0,22.0,2.8350515,359,3,B cells,1.2402903270721435,-0.5400364423038984,-0.559992087007773,B cells
ATCCCGTGGCTGAT-1,770,2155.0,39.0,1.8097447,770,3,B cells,0.23526471296946205,-0.5262113320707071,-0.9760563397648359,B cells
ATCCGCACGCATCA-1,813,2341.0,49.0,2.0931225,813,3,B cells,0.42884787400563557,-0.8782558248500631,-0.598418701297105,B cells
ATCCTAACGACGGA-1,634,1776.0,65.0,3.65991,634,3,B cells,0.3669702283541362,-0.9596172294231377,-1.07415771484375,B cells
ATCCTAACGCTACA-1,924,2064.0,35.0,1.6957365,924,0,T cells,0.2114154330889384,1.505000894719904,-0.21327353583441833,NK-like
ATCGACGAAACTGC-1,1184,3308.0,37.0,1.1185006,1184,1,CD14-like monocytes,-0.42055542906125387,-1.0979742185033934,0.1410537546331232,CD14-like monocytes
ATCGACGAATGACC-1,901,2867.0,105.0,3.662365,901,0,T cells,1.1383318328857421,0.5185540690566554,-0.686434368412904,CD4 T-like
ATCGAGTGGACGTT-1,816,1973.0,33.0,1.6725799,816,2,NK / cytotoxic lymphocytes,-0.24275548060735064,1.3008647186587556,0.5799390484588314,NK-like
ATCGCAGAATCTCT-1,1421,4340.0,111.0,2.5576036,1421,1,CD14-like monocytes,-0.8981883748372396,-1.0396053429805872,0.6713984807332356,CD14-like monocytes
ATCGCAGAGTGTCA-1,771,2109.0,31.0,1.469891,771,3,B cells,0.15056283632914225,-0.8838452425870028,-0.9350933498806424,B cells
ATCGCCACTGAGGG-1,706,1687.0,48.0,2.8452876,706,2,NK / cytotoxic lymphocytes,0.34161940972010296,2.0568078147040474,0.6548483761874112,NK-like
ATCGCCTGGGTCAT-1,953,2875.0,58.0,2.0173912,953,0,T cells,0.12332398494084673,0.04052111596772168,-0.7824016867261944,CD4 T-like
ATCGCCTGTGGCAT-1,348,756.0,13.0,1.7195767,348,3,B cells,-0.12209218343098958,-0.6361375288529829,-0.6427776452266809,B cells
ATCGCGCTCAGAGG-1,716,1842.0,61.0,3.3116176,716,1,CD14-like monocytes,-0.03693571329116818,-0.5684776243537364,-0.21490216399684092,CD14-like monocytes
ATCGCGCTGGGATG-1,870,2732.0,40.0,1.4641289,870,0,T cells,0.5471713701883952,-0.4303595176850906,-0.906519494875513,CD4 T-like
ATCGCGCTTTTCGT-1,715,1779.0,46.0,2.5857222,715,3,B cells,0.2852731164296468,-0.6200039025508997,-0.36272052514432657,B cells
ATCGGAACCAGTCA-1,550,1199.0,11.0,0.9174312,550,0,T cells,0.961112322807312,0.17062059845587219,-1.06675296359592,CD4 T-like
ATCGGTGAGTCAAC-1,689,1885.0,32.0,1.6976128,689,0,T cells,0.16716753005981444,-0.05058232895051595,-0.9960573755129419,CD4 T-like
ATCGGTGATTGCAG-1,947,2901.0,84.0,2.895553,947,0,T cells,0.7440668535232544,-0.051067084495467374,-1.0593339553987138,CD4 T-like
ATCGTTTGCCTACC-1,1157,3404.0,76.0,2.2326674,1157,1,CD14-like monocytes,-0.7947054545084635,-1.0024223712959675,-0.08705706259216928,CD14-like monocytes
ATCGTTTGGGTACT-1,690,1765.0,58.0,3.2861187,690,1,CD14-like monocytes,-0.5361795043945312,-0.7923062257092408,-0.1909808621262059,CD14-like monocytes
ATCGTTTGTGCCAA-1,383,737.0,14.0,1.899593,383,1,CD14-like monocytes,0.17706998984018962,-0.6391584608289931,0.1417149476330689,CD14-like monocytes
ATCTACACCCGCTT-1,374,754.0,13.0,1.7241379,374,1,CD14-like monocytes,-0.3556725311279297,-0.6360557247893979,0.20250351838391234,CD14-like monocytes
ATCTACACCGGGAA-1,882,2454.0,18.0,0.73349637,882,0,T cells,0.44390963077545165,-0.3226431340882273,-0.6396018023442741,CD4 T-like
ATCTCAACAGGAGC-1,697,1915.0,43.0,2.245431,697,3,B cells,0.8592317549387614,-0.8344237202345722,-0.9477962917751737,B cells
ATCTCAACCTCGAA-1,246,609.0,0.0,0.0,246,0,T cells,-0.24041577657063803,-0.5932444948138613,-0.7087047846630367,CD4 T-like
ATCTCAACCTTGTT-1,833,2138.0,45.0,2.1047707,833,1,CD14-like monocytes,-0.6217464701334635,-0.9461753151633523,-0.38674932489491476,CD14-like monocytes
ATCTGGGAAACCAC-1,1006,2420.0,50.0,2.0661156,1006,1,CD14-like monocytes,-0.793668212890625,-0.880422187573982,0.5425659247119017,CD14-like monocytes
ATCTGGGAAGTGTC-1,1181,3477.0,60.0,1.7256256,1181,1,CD14-like monocytes,-0.436921143134435,-0.7997952670762034,-0.16954469199132438,CD14-like monocytes
ATCTGGGATTCCGC-1,974,2771.0,73.0,2.634428,974,2,NK / cytotoxic lymphocytes,0.8148348967234293,0.8201216977052015,0.8556365022755632,NK-like
ATCTGTTGAACGGG-1,856,2310.0,37.0,1.6017315,856,0,T cells,0.3512319048245748,-0.6234138592325076,-0.7714478490328548,CD4 T-like
ATCTGTTGACCTCC-1,978,2713.0,38.0,1.4006635,978,0,T cells,1.1567255719502767,-0.2891831234247997,-1.060594192659012,CD4 T-like
ATCTGTTGCCTTCG-1,1551,5198.0,94.0,1.8083878,1551,1,CD14-like monocytes,-0.3008006978034973,-0.8069616026348538,0.34047705525099614,CD14-like monocytes
ATCTGTTGGTTGCA-1,965,2911.0,38.0,1.3053933,965,0,T cells,0.7591793171564738,-0.6671143213907879,-0.829307440555457,CD4 T-like
ATCTTGACACCAAC-1,907,2702.0,28.0,1.0362694,907,0,T cells,1.3400078519185383,0.17755164136790258,-1.1379985616664694,CD4 T-like
ATCTTGACCTCCCA-1,565,1399.0,44.0,3.1451035,565,1,CD14-like monocytes,-0.6064323425292969,-0.8548705746429135,-0.08922980963581739,CD14-like monocytes
ATCTTTCTGCATCA-1,417,877.0,13.0,1.482326,417,0,T cells,0.1112501796086629,0.29900777412183366,0.08849122259351949,CD4 T-like
ATCTTTCTGTTTCT-1,907,2366.0,24.0,1.0143703,907,2,NK / cytotoxic lymphocytes,1.0734183979034424,1.3107348856299814,-0.05418479033190804,NK-like
ATCTTTCTTGTCCC-1,927,1915.0,67.0,3.4986947,927,2,NK / cytotoxic lymphocytes,-0.6244661966959636,-0.5776700621903545,2.931050159955266,NK-like
ATGAAACTCTGTGA-1,966,3205.0,36.0,1.123245,966,0,T cells,1.0779721975326537,0.5746659124740446,-0.9721428456932607,CD4 T-like
ATGAAACTGAGGCA-1,658,1973.0,44.0,2.2301066,658,0,T cells,1.4599853324890137,0.3355367024739583,-0.904148063274345,CD4 T-like
ATGAAGGAACAGCT-1,727,1477.0,27.0,1.8280298,727,2,NK / cytotoxic lymphocytes,-0.04499194383621219,1.2444475058353308,-0.1338492846248126,NK-like
ATGAAGGACCTGTC-1,743,2047.0,77.0,3.7616022,743,3,B cells,0.17088079293568925,-0.8616366145586727,-0.9816831338285196,B cells
ATGAAGGACCTTAT-1,381,859.0,21.0,2.444703,381,3,B cells,0.23069077491760254,-0.676003427216501,-0.6760033501519097,B cells
ATGAAGGACTAGTG-1,385,713.0,14.0,1.9635344,385,3,B cells,-0.2965656026204427,-0.6705657496596827,-0.10097311674946485,B cells
ATGAAGGACTTGCC-1,905,1800.0,27.0,1.5,905,2,NK / cytotoxic lymphocytes,-0.3138090252876282,-0.9657928004409327,3.122350796786222,NK-like
ATGACGTGACGACT-1,645,1881.0,22.0,1.1695907,645,3,B cells,0.7973542435963948,-0.9013388277304293,-0.9394547433564158,B cells
ATGACGTGATCGGT-1,1167,3623.0,131.0,3.615788,1167,1,CD14-like monocytes,-0.6003915468851725,-0.3298481228375676,0.6098838468994758,CD14-like monocytes
ATGAGAGAAAGTGA-1,936,2880.0,21.0,0.7291667,936,0,T cells,0.8644815524419148,-0.09008075444385266,-0.4823684673116664,CD4 T-like
ATGAGAGAACGCAT-1,724,2350.0,26.0,1.106383,724,0,T cells,0.8542443307240805,0.31196769752887765,-0.5328708667947789,CD4 T-like
ATGAGAGAAGTAGA-1,618,1575.0,53.0,3.3650794,618,3,B cells,0.424177893002828,-0.36474270122219815,-0.8241032301777541,B cells
ATGAGCACACAGCT-1,1038,3387.0,65.0,1.9191024,1038,0,T cells,0.47490416208902997,0.3906262600060665,-1.0708116473573628,CD4 T-like
ATGAGCACATCTTC-1,853,2599.0,31.0,1.1927664,853,0,T cells,0.9101991256078085,-0.41338146142285276,-0.9912916241270123,CD4 T-like
ATGATAACTTCACT-1,808,1523.0,16.0,1.0505581,808,2,NK / cytotoxic lymphocytes,-0.8189342244466146,0.3750820121379813,2.2709755637428977,NK-like
ATGATATGAAACAG-1,1403,4925.0,78.0,1.5837563,1403,0,T cells,0.889216636021932,0.23674979354396009,-0.8822353175192168,CD4 T-like
ATGATATGACTGGT-1,762,2343.0,49.0,2.0913358,762,0,T cells,0.28800818363825476,-0.594027252630754,-0.9936627474698153,CD4 T-like
ATGATATGAGCACT-1,741,2189.0,27.0,1.2334399,741,0,T cells,0.8299027299880981,-0.02224942698623189,-0.9375784517538668,CD4 T-like
ATGATATGGTCATG-1,687,1768.0,30.0,1.6968327,687,0,T cells,2.1247427368164065,0.3448253872418645,-0.4291174580352475,CD4 T-like
ATGATATGGTGCTA-1,932,1978.0,54.0,2.7300303,932,2,NK / cytotoxic lymphocytes,-0.6536030578613281,-0.25349921120537655,2.0588170639192214,NK-like
ATGATATGTTGTCT-1,1096,2992.0,81.0,2.7072194,1096,1,CD14-like monocytes,-0.3990293522675832,-0.9190931223859691,-0.3271896877674142,CD14-like monocytes
ATGCACGAATGTCG-1,601,1381.0,44.0,3.186097,601,3,B cells,-0.5754257202148437,-0.7303060666479245,-0.9088365959398674,B cells
ATGCACGACTGTAG-1,652,1479.0,25.0,1.6903313,652,0,T cells,0.6857532787322999,0.14390338165591454,-1.0160557910649464,CD4 T-like
ATGCACGAGAACCT-1,895,2624.0,35.0,1.3338414,895,3,B cells,0.23368931611378985,-0.9561926331182923,-0.4292321402617174,B cells
ATGCACGAGTTCGA-1,682,1920.0,38.0,1.9791666,682,0,T cells,1.8113483587900796,0.0585650087607027,-0.9459903601444128,CD4 T-like
ATGCACGATTGGTG-1,1553,4856.0,94.0,1.9357495,1553,1,CD14-like monocytes,-0.5168773007392883,-0.9730853456439394,-0.3035031684721359,CD14-like monocytes
ATGCAGTGTTACCT-1,604,1396.0,29.0,2.0773637,604,3,B cells,0.36333821614583334,-0.39406769396078706,-0.958013977667298,B cells
ATGCAGTGTTCTAC-1,823,2333.0,73.0,3.1290185,823,0,T cells,1.0307583634058635,0.2923788427102445,-0.6573041961650656,CD4 T-like
ATGCCAGAACGACT-1,803,2167.0,43.0,1.9843102,803,0,T cells,1.3746234210332235,-0.2669378762293343,-0.9951482445302636,CD4 T-like
ATGCCAGACAGTCA-1,646,1323.0,38.0,2.87226,646,1,CD14-like monocytes,-0.7066111755371094,-0.27948130742468014,0.18252149302550036,CD14-like monocytes
ATGCCGCTTGAACC-1,917,2463.0,67.0,2.72026,917,1,CD14-like monocytes,-0.7386334228515625,-1.0925653631036931,-0.22240737905405994,CD14-like monocytes
ATGCGATGCTATGG-1,942,2998.0,100.0,3.3355572,942,1,CD14-like monocytes,-0.688956553141276,-1.1482672643179845,-0.13041879865858297,CD14-like monocytes
ATGCGATGCTGAGT-1,850,2543.0,39.0,1.5336218,850,0,T cells,0.46217123190561926,-0.3811251438025274,-0.7064631163471876,CD4 T-like
ATGCGATGGTTACG-1,795,2230.0,30.0,1.3452915,795,3,B cells,-0.12063688278198237,-0.9547262480764678,-0.9203373302112926,B cells
ATGCGCCTTCATTC-1,771,2544.0,67.0,2.633648,771,0,T cells,0.8202607536315918,-0.3022901896274451,-0.9118458140980114,CD4 T-like
ATGCTTTGCGAATC-1,949,2482.0,73.0,2.9411764,949,0,T cells,0.7968617089589437,0.09239520930280587,-0.8129254976908367,CD4 T-like
ATGCTTTGGGCGAA-1,516,1083.0,25.0,2.3084025,516,2,NK / cytotoxic lymphocytes,0.24831456104914346,1.5747650801533402,0.6967230035801126,NK-like
ATGCTTTGTAGTCG-1,664,1682.0,27.0,1.6052319,664,3,B cells,0.3234210483233134,-0.8476511637369791,-1.001084529992306,B cells
ATGGACACATCGGT-1,1001,3094.0,47.0,1.5190692,1001,0,T cells,2.153294677734375,-0.1794396342653216,-0.7450563640305491,CD4 T-like
ATGGACACGCATCA-1,637,1025.0,28.0,2.7317073,637,2,NK / cytotoxic lymphocytes,-0.8030089314778646,-0.01459660144767383,1.7874443786312835,NK-like
ATGGGTACAACCTG-1,619,1348.0,38.0,2.818991,619,3,B cells,0.5298805538813274,-0.6978970922604956,-0.7100857050731929,B cells
ATGGGTACATCGGT-1,907,1873.0,31.0,1.6550988,907,2,NK / cytotoxic lymphocytes,-0.12808204491933184,-0.5435418639520202,2.5618579980098843,NK-like
ATGGGTACTATTCC-1,961,2244.0,20.0,0.8912656,961,0,T cells,1.5589712460835776,-0.4330160408309011,-0.86418922501381,CD4 T-like
ATGGGTACTGGGAG-1,812,2458.0,38.0,1.5459723,812,0,T cells,0.5424363311131796,0.5834352541451502,-0.5466653691397774,CD4 T-like
ATGTAAACACCTCC-1,793,2157.0,38.0,1.761706,793,0,T cells,2.220234807332357,0.11702978538744369,-0.301394622494476,CD4 T-like
ATGTAAACCCGCTT-1,1043,2959.0,40.0,1.3518081,1043,0,T cells,0.6993076117833456,-0.3031094936409382,-0.7795989612136224,CD4 T-like
ATGTAAACGGGATG-1,1343,3961.0,140.0,3.5344608,1343,4,Dendritic cells,-0.4908830054601033,-1.0928736985331835,-0.3546857000601412,Dendritic cells
ATGTAAACTCTCCG-1,1326,4770.0,125.0,2.620545,1326,0,T cells,1.3569562784830729,0.9889349022296944,-0.6503356182213984,NK-like
ATGTAAACTTCACT-1,981,2707.0,66.0,2.4381232,981,1,CD14-like monocytes,-0.2867254205544789,-0.896509729250513,-0.2867021420989373,CD14-like monocytes
ATGTACCTCAGTCA-1,675,2078.0,51.0,2.454283,675,0,T cells,1.5131273682912192,0.007848605724296243,-0.7453288588861021,NK-like
ATGTACCTTAGTCG-1,937,2214.0,9.0,0.40650403,937,0,T cells,0.6138376728693644,-0.03087900431469226,-0.7486912640658291,CD4 T-like
ATGTACCTTTATCC-1,631,1536.0,40.0,2.6041665,631,1,CD14-like monocytes,-0.5248975626627604,-0.5144504609734121,0.2833657601867059,CD14-like monocytes
ATGTACCTTTCACT-1,1026,2523.0,41.0,1.6250495,1026,2,NK / cytotoxic lymphocytes,-0.6920648193359376,1.1638533447728012,1.4198306748361298,NK-like
ATGTCACTAATGCC-1,1135,3558.0,70.0,1.9673973,1135,1,CD14-like monocytes,-0.7298878479003906,-0.9710107668481692,-0.07730253200338344,CD14-like monocytes
ATGTCACTCTGCTC-1,499,1016.0,35.0,3.4448817,499,0,T cells,0.8257361443837483,-0.8162112765842013,-0.3875064705357407,CD4 T-like
ATGTCGGAGGTGAG-1,948,2364.0,44.0,1.8612521,948,0,T cells,0.8528173923492431,0.14363162878787883,-1.0323745265151516,CD4 T-like
ATGTTCACAGTCTG-1,801,1918.0,38.0,1.9812305,801,1,CD14-like monocytes,-0.6131459045410156,-0.6081493026078351,0.1228063621906319,CD14-like monocytes
ATGTTCACCGTAGT-1,848,2457.0,70.0,2.8490028,848,0,T cells,0.8914252853393555,0.059843955377135605,-1.023509478328204,CD4 T-like
ATGTTGCTTTCAGG-1,741,2016.0,29.0,1.4384921,741,0,T cells,0.9306664196650187,0.029805624605429237,-1.0231334801876184,CD4 T-like
ATTAACGATGAGAA-1,604,1291.0,53.0,4.105345,604,2,NK / cytotoxic lymphocytes,-0.49871287027994793,0.7942806436557963,2.4333864732222126,NK-like
ATTAACGATGCAAC-1,864,2026.0,25.0,1.2339586,864,2,NK / cytotoxic lymphocytes,-0.6034009806315104,1.5653364085187818,1.121511879352608,NK-like
ATTAAGACTGCAGT-1,1076,3366.0,59.0,1.7528223,1076,0,T cells,1.612293628056844,-0.4651724271099976,-0.8660920434527927,CD4 T-like
ATTACCTGCCTTAT-1,1106,3536.0,55.0,1.5554298,1106,1,CD14-like monocytes,-0.5356946591536204,-0.7326326926549275,-0.2992698683883206,CD14-like monocytes
ATTACCTGGAGGAC-1,1111,3449.0,34.0,0.985793,1111,1,CD14-like monocytes,-0.18411166508992516,-0.8971461286448469,0.99984728109957,CD14-like monocytes
ATTAGATGTTTCAC-1,624,2061.0,30.0,1.4556041,624,0,T cells,1.0925314648946127,-0.2768071675541425,-0.9667161113083965,CD4 T-like
ATTATGGAATCTCT-1,1008,2734.0,25.0,0.9144111,1008,0,T cells,1.2384689569473266,-0.24353554561884716,-0.7197775303715406,CD4 T-like
ATTCAAGAACGGGA-1,908,3045.0,66.0,2.1674876,908,0,T cells,0.5404784250259399,0.48939251755223123,-0.92068450619476,CD4 T-like
ATTCAAGACCTTTA-1,815,1974.0,42.0,2.1276596,815,0,T cells,0.1722495412826538,-0.059203643991489585,-0.2110415420146904,CD4 T-like
ATTCAGCTCATTGG-1,346,917.0,27.0,2.9443839,346,5,Platelets,-0.42247896830240883,0.6506618981409555,-0.27059822853165444,Platelets
ATTCCAACCATTGG-1,1062,2895.0,92.0,3.1778927,1062,1,CD14-like monocytes,-0.8931548055013021,-0.9862551448321102,0.5570327720256768,CD14-like monocytes
ATTCCAACTTAGGC-1,803,1898.0,44.0,2.3182297,803,2,NK / cytotoxic lymphocytes,-0.09428632895151778,0.2598469743824968,2.079357690522165,NK-like
ATTCGACTCACTAG-1,749,1771.0,26.0,1.4680971,749,0,T cells,0.47031512260437014,1.276933556373673,-0.863252813165838,CD4 T-like
ATTCGACTGAATAG-1,779,2064.0,38.0,1.8410852,779,1,CD14-like monocytes,-0.623990224202474,-0.8221351546470566,0.20446760582201395,CD14-like monocytes
ATTCGACTTTTGTC-1,1027,2617.0,63.0,2.4073367,1027,1,CD14-like monocytes,-0.32290487845738725,-0.9541305387863005,0.4812375800778167,CD14-like monocytes
ATTCGGGAAAGGCG-1,1032,2999.0,60.0,2.0006669,1032,1,CD14-like monocytes,0.056144347190856925,-0.28006992532749375,1.3410617982498323,CD14-like monocytes
ATTCGGGATTAGGC-1,1040,3252.0,23.0,0.7072571,1040,0,T cells,0.31548865318298336,0.3082935660776466,-0.8273273785909017,CD4 T-like
ATTCTTCTGATACC-1,654,1722.0,35.0,2.0325203,654,2,NK / cytotoxic lymphocytes,0.11680339018503827,1.257058028018836,-0.47006907318577623,CD4 T-like
ATTGAATGGACGGA-1,631,1530.0,40.0,2.6143792,631,0,T cells,1.6981153265635172,-0.5553650470695111,-0.5694631663235751,CD4 T-like
ATTGATGAAGGTTC-1,755,2344.0,58.0,2.474403,755,0,T cells,0.7837918821970622,0.02038944899433781,-0.6174196012092359,CD4 T-like
ATTGATGACTGAGT-1,854,2793.0,39.0,1.396348,854,0,T cells,1.566674950917562,-0.1274236659811,-0.9964039349796796,CD4 T-like
ATTGATGAGCGAAG-1,850,2290.0,36.0,1.5720524,850,0,T cells,0.48891027768452966,0.051245892649949276,-1.0682447799528487,CD4 T-like
ATTGATGATCTATC-1,798,2248.0,51.0,2.2686834,798,0,T cells,0.34281749248504634,-0.14788707097371423,-0.6578848111509072,CD4 T-like
ATTGCACTGACGGA-1,864,3065.0,66.0,2.1533442,864,0,T cells,0.15338694969813027,0.3930817266907356,-0.8972534025558317,CD4 T-like
ATTGCACTGAGAGC-1,1078,2965.0,51.0,1.7200675,1078,1,CD14-like monocytes,-0.7505019124348958,-0.5127123408847385,0.4725406126542524,CD14-like monocytes
ATTGCACTGGAGCA-1,690,1621.0,42.0,2.5909932,690,1,CD14-like monocytes,-0.545646006266276,-0.09431265484202989,-0.07433708845966991,CD14-like monocytes
ATTGCACTTAGCCA-1,864,2393.0,21.0,0.87755954,864,0,T cells,1.8085842259724934,0.17569062011410486,-0.6233812031119761,CD4 T-like
ATTGCACTTGCTTT-1,1523,4892.0,108.0,2.207686,1523,1,CD14-like monocytes,-0.605398047765096,-0.9894772924558081,0.9657113296817046,CD14-like monocytes
ATTGCTTGTTACTC-1,838,2439.0,46.0,1.8860189,838,3,B cells,0.49106283505757653,-1.0382520116940894,-1.1324902929440894,B cells
ATTGGTCTGACTAC-1,966,2507.0,57.0,2.273634,966,3,B cells,-0.7592849731445312,-0.6861316423223476,-0.7114371109490443,B cells
ATTGGTCTTGTCTT-1,389,752.0,10.0,1.3297873,389,3,B cells,0.9287157615025838,-0.5570820509785354,-0.5907686792238794,B cells
ATTGTAGATTCCCG-1,1654,5503.0,127.0,2.307832,1654,4,Dendritic cells,-0.8806150309244791,-1.1120284880050506,-0.4229977366900204,Dendritic cells
ATTGTAGATTGCAG-1,808,2589.0,72.0,2.7809966,808,0,T cells,0.7953568776448567,0.8716723914098259,-0.6189320347525857,CD4 T-like
ATTGTCTGCGTACA-1,885,2317.0,44.0,1.8990073,885,0,T cells,1.5385114987691244,0.13919406756006103,-0.7756394008193352,CD4 T-like
ATTTAGGAACCATG-1,1665,5680.0,162.0,2.8521125,1665,1,CD14-like monocytes,-0.05235381921132409,-1.027986006303267,0.09002312650584221,CD14-like monocytes
ATTTAGGACAGAGG-1,920,2435.0,26.0,1.0677618,920,0,T cells,1.3628552595774333,-0.13507659411189532,-1.1453344171697444,CD4 T-like
ATTTCCGAGATGAA-1,855,2449.0,111.0,4.532462,855,0,T cells,1.381241782506307,0.05265084565287892,-0.9996100531684028,CD4 T-like
ATTTCCGAGTGCTA-1,807,1908.0,57.0,2.9874213,807,0,T cells,0.9461642169952392,0.10790731641981344,-0.9955383454910433,CD4 T-like
ATTTCGTGTATGGC-1,859,2244.0,47.0,2.094474,859,2,NK / cytotoxic lymphocytes,-0.08842718919118242,0.9477966693916706,1.7652175017077514,NK-like
ATTTCTCTACTTTC-1,1276,4151.0,119.0,2.866779,1276,1,CD14-like monocytes,-0.7412864176432291,-0.709575272088099,0.3103362304995758,CD14-like monocytes
ATTTCTCTAGCAAA-1,987,2441.0,33.0,1.351905,987,0,T cells,0.48365889867146805,0.14728921254475924,-0.9987902400469539,CD4 T-like
ATTTCTCTCACTTT-1,1079,3223.0,66.0,2.0477817,1079,1,CD14-like monocytes,-0.9197117106119792,-0.6388865769511523,0.2375848442617089,CD14-like monocytes
ATTTCTCTTCCCAC-1,678,1974.0,27.0,1.3677812,678,0,T cells,0.9466239833831787,-0.7606305209073153,-0.8980439311326153,CD4 T-like
ATTTGCACAAGATG-1,626,1525.0,64.0,4.196721,626,1,CD14-like monocytes,-0.03026786565780637,-0.40259626224787554,0.027107363999491985,CD14-like monocytes
CAAAGCACAGCTCA-1,831,2393.0,32.0,1.3372335,831,0,T cells,0.8470983568827312,0.10130463224468811,-1.0376733336785826,CD4 T-like
CAAAGCACCGTAAC-1,829,2347.0,42.0,1.7895185,829,3,B cells,0.2267170556386312,-0.8848445391414141,-0.9681552925495186,B cells
CAAAGCACGGTAAA-1,1009,2138.0,30.0,1.4031805,1009,2,NK / cytotoxic lymphocytes,-0.6775526936848958,1.1922868035056375,1.3524069371849599,NK-like
CAAAGCTGAAAGTG-1,547,1234.0,39.0,3.160454,547,0,T cells,0.6619617493947347,0.6724452490758415,-0.9480945317432133,CD4 T-like
CAAAGCTGTTGCTT-1,893,2486.0,59.0,2.3732905,893,1,CD14-like monocytes,-0.6380311584472657,-0.9597821476483586,-0.2597851343829223,CD14-like monocytes
CAAATATGTGACAC-1,722,2407.0,57.0,2.368093,722,0,T cells,0.5040418577194214,-0.3086130643131757,-0.8270401617493293,CD4 T-like
CAAATTGAGGGCAA-1,656,1988.0,39.0,1.9617707,656,0,T cells,0.5192799854278565,-0.5803004028821233,-1.1272756403142756,CD4 T-like
CAAATTGATGGAGG-1,415,846.0,33.0,3.9007094,415,1,CD14-like monocytes,-0.5018656412760417,-0.8260941938920454,0.06711095559476599,CD14-like monocytes
CAACCAGAAAAGTG-1,773,2237.0,56.0,2.5033526,773,0,T cells,0.3096209486325582,0.8222789687339707,-1.020878878506747,CD4 T-like
CAACCAGAAGTGCT-1,1262,4328.0,111.0,2.564695,1262,0,T cells,1.0101974789301553,0.800330214066939,-0.869049151256831,CD4 T-like
CAACCAGAGTTCAG-1,1218,3776.0,109.0,2.8866525,1218,1,CD14-like monocytes,-0.833809814453125,-1.0220186638109612,-0.22843936477044613,CD14-like monocytes
CAACCAGATAGAAG-1,365,739.0,14.0,1.8944521,365,1,CD14-like monocytes,-0.4945256551106771,-0.7275375212081755,0.18833843096338143,CD14-like monocytes
CAACCGCTGTTCAG-1,661,1991.0,71.0,3.5660472,661,0,T cells,1.0728563372294109,0.09661669490313285,-0.18423093063662754,CD4 T-like
CAACCGCTTTGAGC-1,805,2299.0,55.0,2.3923445,805,0,T cells,1.1926421260833742,-0.5552119491076228,-1.027230619180082,CD4 T-like
CAACGATGCGCAAT-1,1409,4519.0,93.0,2.0579774,1409,1,CD14-like monocytes,-0.6101233847935994,-1.0586171005711411,0.23635681518400564,CD14-like monocytes
CAACGTGACTCCAC-1,1094,2999.0,88.0,2.9343116,1094,1,CD14-like monocytes,-0.372160544792811,-0.918318160856613,-0.2683223762897531,CD14-like monocytes
CAACGTGAGCCATA-1,779,1667.0,21.0,1.2597481,779,2,NK / cytotoxic lymphocytes,-0.6103128051757812,1.3571038294320155,0.5660051268760604,NK-like
CAACGTGATCAAGC-1,898,2365.0,52.0,2.1987314,898,1,CD14-like monocytes,-0.33923045992851253,-0.8898480347912721,0.22953624243688098,CD14-like monocytes
CAAGAAGACCACAA-1,830,2021.0,73.0,3.6120732,830,2,NK / cytotoxic lymphocytes,0.6217967351277669,1.710671569361831,-0.14826328874838468,NK-like
CAAGAAGACGTCTC-1,1242,3488.0,83.0,2.3795872,1242,1,CD14-like monocytes,-0.3661503680547078,-0.9970125911211727,-0.04673528574933927,CD14-like monocytes
CAAGAAGATTCTAC-1,864,2810.0,36.0,1.2811388,864,0,T cells,0.5457392470041911,-0.29948186200074467,-0.7141557428571913,CD4 T-like
CAAGACTGACCTGA-1,576,1669.0,32.0,1.9173158,576,3,B cells,0.2975428048769633,-0.751900644013376,-0.7794342041015625,B cells
CAAGACTGAGTAGA-1,901,2612.0,47.0,1.7993875,901,3,B cells,0.4579208946228027,-1.003690854467527,-1.1164154669251105,B cells
CAAGCTGACCATAG-1,1274,3773.0,108.0,2.8624437,1274,1,CD14-like monocytes,-0.500445054769516,-1.0123415860262783,0.18977429746377328,CD14-like monocytes
CAAGCTGATCTATC-1,852,1960.0,17.0,0.86734694,852,2,NK / cytotoxic lymphocytes,0.2924994285901388,1.7091188835375235,1.7628727845471313,NK-like
CAAGGACTGTTCAG-1,1006,3133.0,74.0,2.3619535,1006,0,T cells,1.323946426709493,0.45412893391618836,-0.7523758163355818,CD4 T-like
CAAGGACTTCTTTG-1,719,1688.0,59.0,3.4952607,719,2,NK / cytotoxic lymphocytes,0.4699091037114461,1.170842663928716,-0.3230826344152894,NK-like
CAAGGTTGCTCCAC-1,763,1896.0,33.0,1.7405063,763,0,T cells,1.0751386483510337,-0.13023418657707442,-0.8839125970397332,CD4 T-like
CAAGGTTGTCATTC-1,683,1868.0,61.0,3.2655246,683,3,B cells,0.23808070659637454,-0.5258991070468017,-0.8873405841865925,B cells
CAAGGTTGTCTGGA-1,957,2040.0,39.0,1.9117647,957,2,NK / cytotoxic lymphocytes,-0.7483420308430989,-0.9528509583136048,2.181081583042338,NK-like
CAAGTCGAAACAGA-1,831,2294.0,109.0,4.751526,831,3,B cells,0.2815985759099324,-0.9526169131500553,-1.091957015220565,B cells
CAAGTCGATAGCGT-1,724,1724.0,58.0,3.364269,724,1,CD14-like monocytes,-0.1728146982192993,-0.24599117510246504,-0.3276804110016486,CD14-like monocytes
CAATAAACGCCATA-1,354,829.0,29.0,3.4981906,354,1,CD14-like monocytes,-0.35505098978678384,-0.6297516100334398,0.27275866691512296,CD14-like monocytes
CAATAATGAACTGC-1,763,2255.0,70.0,3.1042128,763,1,CD14-like monocytes,-0.6528817240397136,-0.9893348770912247,-0.2083125119257454,CD14-like monocytes
CAATATGACATGGT-1,910,2766.0,75.0,2.7114966,910,0,T cells,1.1001131614049275,0.16200879125884082,-0.991884404962713,CD4 T-like
CAATATGACCTTCG-1,749,1878.0,34.0,1.8104367,749,2,NK / cytotoxic lymphocytes,-0.7915079243977865,1.2152571649262398,1.6597995815855082,NK-like
CAATATGACGTTAG-1,626,1691.0,55.0,3.2525134,626,0,T cells,0.8088010724385579,-0.25515943536854757,-0.843725647589173,CD4 T-like
CAATATGAGGAGCA-1,870,3037.0,39.0,1.284162,870,0,T cells,0.9877157115936279,-0.2725418842200077,-1.1017506146671796,CD4 T-like
CAATCGGAGAAACA-1,795,2630.0,30.0,1.1406845,795,0,T cells,0.7216267538070679,-0.10978178062824284,-0.7716706536032937,CD4 T-like
CAATCTACTGACTG-1,1078,2744.0,53.0,1.9314868,1078,2,NK / cytotoxic lymphocytes,0.3041353956858317,0.8345571999598032,2.2649635931458136,NK-like
CAATTCACCCAACA-1,736,1845.0,56.0,3.0352304,736,2,NK / cytotoxic lymphocytes,-0.545075937906901,1.2364004077333393,0.3205483793008208,NK-like
CAATTCACGATAGA-1,835,2479.0,39.0,1.573215,835,0,T cells,1.4444854847590127,0.2855035521767355,-1.0501577203924006,CD4 T-like
CAATTCACTTGTGG-1,402,1032.0,18.0,1.7441862,402,0,T cells,0.5452141793568929,-0.674340065079506,-0.6982725509489426,CD4 T-like
CAATTCTGCTTGTT-1,1203,3343.0,77.0,2.3033204,1203,1,CD14-like monocytes,-0.4253311876455943,-0.6357953844648419,0.007006166438863648,CD14-like monocytes
CAATTCTGGCGTAT-1,699,1684.0,63.0,3.7410927,699,1,CD14-like monocytes,-0.7520429484049479,-0.86260986328125,0.4428561451459172,CD14-like monocytes
CACAACGATACGAC-1,755,2405.0,69.0,2.8690228,755,0,T cells,0.2632889477411906,0.5004894487785571,-0.9678356286251184,CD4 T-like
CACAATCTTGTTCT-1,697,1547.0,30.0,1.9392374,697,0,T cells,0.6302075703938802,1.658723838883217,-0.7276902632279829,CD4 T-like
CACAATCTTTCCAT-1,1229,3853.0,98.0,2.5434728,1229,2,NK / cytotoxic lymphocytes,1.04861941019694,1.3707885376130688,-0.07843334795248635,NK-like
CACACCTGCTTGAG-1,637,1594.0,16.0,1.0037642,637,0,T cells,0.7458928362528483,0.5128159349614924,-0.7958321619515467,CD4 T-like
CACACCTGTATGGC-1,666,1875.0,89.0,4.7466664,666,0,T cells,0.49306133190790813,-0.33987120281566274,-0.5800921644827333,CD4 T-like
CACAGAACCCTTGC-1,846,2019.0,61.0,3.0212977,846,3,B cells,-0.08201791763305666,0.19863719362201115,-0.11796811999696677,B cells
CACAGAACCTGATG-1,1036,2838.0,110.0,3.875969,1036,0,T cells,0.6929792340596517,0.42532025539513785,-1.1359236746123342,CD4 T-like
CACAGATGGGATTC-1,1027,3230.0,64.0,1.9814242,1027,0,T cells,0.9822990528742472,0.7842064173534663,-0.3674654300766761,CD4 T-like
CACAGATGGTTTCT-1,831,2090.0,32.0,1.5311005,831,1,CD14-like monocytes,-0.7122200012207032,-0.5994323600422252,0.5113001852324515,CD14-like monocytes
CACAGCCTGATACC-1,999,2831.0,72.0,2.543271,999,2,NK / cytotoxic lymphocytes,1.0556635904312133,0.37595158104944715,-0.42657649444811274,CD4 T-like
CACAGCCTTGCCAA-1,942,2294.0,67.0,2.9206626,942,1,CD14-like monocytes,-0.8005118306477864,-0.9354590213660038,0.4387367787987294,CD14-like monocytes
CACAGCCTTGTAGC-1,891,2555.0,37.0,1.448141,891,0,T cells,1.9084548664093017,0.15367049207591044,-1.1740696454288984,CD4 T-like
CACAGTGATGAAGA-1,1007,3016.0,83.0,2.7519894,1007,1,CD14-like monocytes,-0.6938970947265625,-0.8849757030756786,-0.18208513645210644,CD14-like monocytes
CACATACTACAGCT-1,712,1854.0,29.0,1.5641855,712,2,NK / cytotoxic lymphocytes,-0.4707350158691406,0.5008427205711904,0.5088533517086145,CD4 T-like
CACATGGAACACGT-1,990,2962.0,37.0,1.249156,990,0,T cells,0.3259604144096374,0.05725850384644782,-1.0228975854738793,CD4 T-like
CACATGGAAGTCGT-1,725,2453.0,60.0,2.4459844,725,0,T cells,1.1627389287948608,-0.3607409376086611,-0.8754188460533066,CD4 T-like
CACCACTGCCAACA-1,745,2259.0,47.0,2.0805666,745,0,T cells,0.7093771044413248,-0.22666990540244358,-0.9923742275045375,CD4 T-like
CACCACTGGCGAAG-1,921,2221.0,32.0,1.4407924,921,2,NK / cytotoxic lymphocytes,-0.017247212727864558,0.3747260373048108,1.7422450017447422,NK-like
CACCCATGTTCTGT-1,333,561.0,25.0,4.456328,333,0,T cells,-0.4144108072916667,0.6563832523846866,0.5674376901954111,NK-like
CACCGGGAATCGAC-1,1042,2879.0,32.0,1.111497,1042,0,T cells,1.3968435541788737,0.07475029723812843,-0.7895203783054544,CD4 T-like
CACCGGGACGAGAG-1,895,2588.0,53.0,2.0479136,895,2,NK / cytotoxic lymphocytes,-0.07955058018366501,0.9889369926067314,1.08311794165409,NK-like
CACCGGGACGTGTA-1,873,3096.0,56.0,1.8087854,873,0,T cells,0.3483097664515178,0.21417689756913627,-0.9916460441820549,CD4 T-like
CACCGGGACTTCTA-1,1612,4297.0,176.0,4.0958805,1612,0,T cells,-0.29614689191182453,0.706098957254429,-0.2014231267601554,CD4 T-like
CACCGGGACTTGCC-1,724,1792.0,89.0,4.966518,724,2,NK / cytotoxic lymphocytes,-0.5341633097330729,1.1097173324739087,-0.06048077959002873,NK-like
CACCGGGATTCGGA-1,929,2329.0,84.0,3.6066983,929,2,NK / cytotoxic lymphocytes,-0.6819148763020834,0.733009989574702,0.9307072726162996,NK-like
CACCGTACTAAGGA-1,601,1657.0,41.0,2.4743512,601,3,B cells,0.151821764310201,-0.8671888100980508,-0.463451516507852,B cells
CACCGTACTAGCGT-1,862,2715.0,57.0,2.0994475,862,0,T cells,1.2127037525177002,-0.24471765672317658,-1.0838008071437026,CD4 T-like
CACCTGACACCCAA-1,908,2229.0,41.0,1.8393898,908,2,NK / cytotoxic lymphocytes,-0.6390514119466146,1.5029255992234356,0.3301075155084784,NK-like
CACCTGACCAGAAA-1,658,1695.0,37.0,2.182891,658,0,T cells,0.7606332588195801,-0.22526380991694905,-0.5575800158760764,CD4 T-like
CACCTGACCTCAAG-1,775,1929.0,41.0,2.1254535,775,2,NK / cytotoxic lymphocytes,-0.11820203701655074,2.0676606977828826,0.2596831928599963,NK-like
CACCTGACGAAAGT-1,724,1807.0,24.0,1.3281683,724,3,B cells,0.39193193197250364,-1.025141629305753,-0.5737845767628063,B cells
CACCTGACTCGTAG-1,753,2118.0,56.0,2.6440036,753,0,T cells,0.9171352322896321,0.0405802447386463,-0.9305503151633523,CD4 T-like
CACGAAACTTCCGC-1,741,2111.0,36.0,1.705353,741,3,B cells,0.6191063149770101,-0.7584172258473406,-0.7937171242453835,B cells
CACGACCTCGATAC-1,690,1766.0,38.0,2.1517553,690,3,B cells,0.22215608437856038,-0.8839559844045928,-0.9481550274473248,B cells
CACGCTACAGAAGT-1,379,684.0,22.0,3.2163744,379,0,T cells,0.6077239863077799,0.012222263066455574,-0.5655374623308278,CD4 T-like
CACGCTACTGTTCT-1,608,1448.0,34.0,2.3480663,608,3,B cells,0.32618604421615605,-0.8502055466777146,-0.9775537047723327,B cells
CACGGGACAGAGTA-1,927,2969.0,67.0,2.256652,927,0,T cells,0.3684555157025655,0.1627436281454684,-0.9442298966224747,CD4 T-like
CACGGGACATAAGG-1,777,2340.0,37.0,1.5811967,777,0,T cells,1.3146260134379069,-0.46061994860870675,-0.4893567819787999,CD4 T-like
CACGGGACGTAGGG-1,969,2653.0,18.0,0.6784772,969,0,T cells,2.0173995049794513,0.09106564088301217,-0.9827144121882891,CD4 T-like
CACGGGTGCTTCGC-1,827,1790.0,22.0,1.2290503,827,2,NK / cytotoxic lymphocytes,-0.6856849670410157,0.9646571766246449,0.6625443660851681,NK-like
CACGGGTGGAGGAC-1,709,1595.0,39.0,2.445141,709,2,NK / cytotoxic lymphocytes,-0.4927394612630208,-0.21051930321587453,1.0653016292687618,NK-like
CACGGGTGTGTTTC-1,385,897.0,9.0,1.0033444,385,0,T cells,0.830792113939921,-0.14687340717123015,-0.7219830907956518,CD4 T-like
CACTAACTCCTAAG-1,690,1605.0,29.0,1.8068535,690,3,B cells,0.7313715187708537,-0.8787080398713699,-0.9715590043501421,B cells
CACTAACTGAAAGT-1,769,2280.0,26.0,1.1403508,769,0,T cells,0.7624880409240723,-0.6388082369409427,-1.0387923886077572,CD4 T-like
CACTAGGATGATGC-1,554,1219.0,25.0,2.0508614,554,3,B cells,1.0335157251358031,-0.6869113806522253,-0.8438512628728693,B cells
CACTATACCCCGTT-1,892,2570.0,37.0,1.4396887,892,3,B cells,0.32625993331273395,-0.9806322810625789,-0.41731979485714066,B cells
CACTATACGTTTGG-1,761,1840.0,51.0,2.771739,761,2,NK / cytotoxic lymphocytes,-0.5275793965657553,0.5582815045058124,0.6921839665884923,NK-like
CACTGAGACAGTCA-1,367,727.0,28.0,3.8514442,367,1,CD14-like monocytes,-0.38480791727701824,-0.6954228564946339,0.06427081522315437,CD14-like monocytes
CACTGCACTTCATC-1,731,1917.0,47.0,2.4517474,731,0,T cells,1.2609158420562743,0.07092464042432389,-0.5471437702275286,CD4 T-like
CACTGCTGAGACTC-1,1103,3139.0,73.0,2.3255813,1103,1,CD14-like monocytes,-0.28192556579907735,-0.7968812716127647,0.6128756629096137,CD14-like monocytes
CACTGCTGGAAAGT-1,944,3108.0,58.0,1.8661519,944,0,T cells,1.6446287282307943,-0.40141865027071244,-1.055983341101444,CD4 T-like
CACTTAACCGAATC-1,832,2253.0,109.0,4.837994,832,0,T cells,0.7351022624969483,-0.14259445113365088,-0.7547053173334911,CD4 T-like
CACTTAACCGTACA-1,675,1522.0,41.0,2.6938238,675,3,B cells,0.3380281321207682,-0.5283745953530976,-1.1158908882526437,B cells
CACTTTGACTCTAT-1,652,1552.0,34.0,2.1907215,652,2,NK / cytotoxic lymphocytes,-0.5130250040690104,0.5093735617820663,0.6489356416644472,NK-like
CACTTTGAGCTGTA-1,418,802.0,12.0,1.4962593,418,2,NK / cytotoxic lymphocytes,0.20597575505574545,1.201762617477263,-0.15081227235119743,NK-like
CAGAAGCTCTCAAG-1,727,2256.0,40.0,1.7730497,727,0,T cells,1.1059731674194335,0.12156429868755925,-0.9546968864672112,CD4 T-like
CAGACATGAACGGG-1,745,2327.0,30.0,1.2892135,745,0,T cells,1.5386404546101888,-0.0638673088767312,-1.0681422840465198,CD4 T-like
CAGACATGTCGACA-1,872,2519.0,48.0,1.905518,872,0,T cells,0.8834356784820556,-0.40041237214598996,-0.9212551694927793,CD4 T-like
CAGACCCTAAGGTA-1,1336,4166.0,124.0,2.9764762,1336,1,CD14-like monocytes,-0.9276275634765625,-1.019147930723248,0.2723477093860357,CD14-like monocytes
CAGACCCTAATGCC-1,863,2292.0,112.0,4.886562,863,0,T cells,0.5375582885742187,0.04489695038458319,-1.0071759464764836,CD4 T-like
CAGACCCTAGGAGC-1,934,2716.0,59.0,2.1723123,934,0,T cells,0.3009336598714193,-0.02299358965170506,-1.0288411150074968,CD4 T-like
CAGACTGAGTATGC-1,844,2712.0,55.0,2.0280237,844,0,T cells,1.2471856021881105,-0.5892615075063224,-0.8805069586243293,CD4 T-like
CAGATCGAATGTCG-1,721,2192.0,96.0,4.379562,721,3,B cells,0.1741773152351379,-0.5686424050668273,-0.9284327343256786,B cells
CAGATCGACCTGAA-1,432,921.0,32.0,3.4744844,432,2,NK / cytotoxic lymphocytes,0.7174922720591227,1.1397959121549972,0.2736600885487567,NK-like
CAGATCGATATGGC-1,782,2546.0,25.0,0.9819324,782,0,T cells,0.8877486673990885,0.34992617404822135,-1.0329084300031566,CD4 T-like
CAGATGACATTCTC-1,1006,2047.0,54.0,2.6380067,1006,2,NK / cytotoxic lymphocytes,-0.7812763977050782,-0.17972566431218928,2.6962393018934465,NK-like
CAGCAATGCCTTCG-1,834,2564.0,38.0,1.4820592,834,0,T cells,0.3453472550710043,-0.6164162864588727,-1.0365846421983507,CD4 T-like
CAGCAATGGAGGGT-1,840,1698.0,31.0,1.8256773,840,2,NK / cytotoxic lymphocytes,-0.7235148620605468,-0.22806774389864215,2.081701941442008,NK-like
CAGCAATGGTGCTA-1,840,2290.0,36.0,1.5720524,840,0,T cells,1.1697848733266194,0.07404668018071336,-0.542525250502307,CD4 T-like
CAGCAATGTCTACT-1,819,2374.0,63.0,2.653749,819,1,CD14-like monocytes,-0.19028284351030988,-0.6017956933589896,0.12826190235638868,CD14-like monocytes
CAGCAATGTGACCA-1,699,1911.0,22.0,1.1512297,699,0,T cells,1.2251677719751994,-0.004838384763158898,-0.9512994939630682,CD4 T-like
CAGCAATGTGAGGG-1,489,1078.0,26.0,2.4118738,489,1,CD14-like monocytes,0.28428494532903037,-0.27179176975982355,0.14235487465906627,CD14-like monocytes
CAGCACCTAAGCCT-1,665,1808.0,43.0,2.3783185,665,0,T cells,0.4132627073923747,0.398137457683833,-0.46584683138914784,CD4 T-like
CAGCACCTAGGCGA-1,576,1447.0,34.0,2.349689,576,0,T cells,0.20722891251246134,0.6097307474926265,-0.4823522986787738,CD4 T-like
CAGCACCTGTAGGG-1,1291,3872.0,113.0,2.9183886,1291,1,CD14-like monocytes,-0.7720198567708333,-0.9989021378334122,-0.28142113348450337,CD14-like monocytes
CAGCATGACAACCA-1,1102,3218.0,102.0,3.1696706,1102,1,CD14-like monocytes,-0.378472193479538,-0.027043223140215678,0.023730592053345934,CD14-like monocytes
CAGCATGAGACGTT-1,826,2157.0,88.0,4.0797405,826,2,NK / cytotoxic lymphocytes,0.19997945149739582,-0.30530541930535826,-0.17450124663536004,NK-like
CAGCCTACCCAACA-1,880,2802.0,25.0,0.8922199,880,0,T cells,1.1279953829447429,-0.14600642811168318,-0.776557311385569,CD4 T-like
CAGCCTTGCTACCC-1,738,1842.0,48.0,2.605863,738,1,CD14-like monocytes,-0.5491431681315104,-0.4316205434124879,-0.06305943113384826,CD14-like monocytes
CAGCCTTGGGGACA-1,904,2662.0,26.0,0.97670925,904,0,T cells,1.3626890802383422,0.13843043548892253,-0.8383626721122048,CD4 T-like
CAGCGGACACCCTC-1,686,1885.0,44.0,2.3342175,686,0,T cells,0.9141779295603434,0.8086276324108393,-0.37781361762923427,CD4 T-like
CAGCGGACCTTTAC-1,874,2174.0,55.0,2.529899,874,2,NK / cytotoxic lymphocytes,-0.18997245311737065,-0.25144811350889884,2.5616654020367244,NK-like
CAGCGTCTAAAGCA-1,887,2929.0,76.0,2.5947423,887,0,T cells,0.9338121477762859,0.19092606823853764,-0.9714289193201546,CD4 T-like
CAGCGTCTTATCGG-1,873,2532.0,98.0,3.8704581,873,0,T cells,0.5374276463190715,-0.02309484481811519,-0.9579304396504104,CD4 T-like
CAGCTAGATGTGAC-1,560,1263.0,53.0,4.1963577,560,1,CD14-like monocytes,-0.47832427978515624,-0.8021096894235322,-0.1377065417742489,CD14-like monocytes
CAGCTCTGAGGCGA-1,766,1959.0,22.0,1.123022,766,0,T cells,1.3950980059305826,0.3025703786599516,-0.7517841394501502,CD4 T-like
CAGCTCTGCAAGCT-1,710,1570.0,18.0,1.1464968,710,2,NK / cytotoxic lymphocytes,-0.5034519958496094,0.7081559479838669,-0.09289741419782538,NK-like
CAGCTCTGTCGTAG-1,1135,3302.0,75.0,2.2713506,1135,1,CD14-like monocytes,-0.4339002164204916,-1.1071749600497158,-0.12292086090704413,CD14-like monocytes
CAGCTCTGTGTGGT-1,1054,2170.0,40.0,1.843318,1054,2,NK / cytotoxic lymphocytes,-0.7806662495930989,-0.9578245529020676,2.816778448856238,NK-like
CAGGAACTAACTGC-1,805,2077.0,50.0,2.407318,805,2,NK / cytotoxic lymphocytes,0.1937080486615499,1.0637016296386719,-0.7881822692023382,NK-like
CAGGAACTCTCAGA-1,724,1752.0,28.0,1.5981736,724,1,CD14-like monocytes,-0.7477269999186198,-0.9041488339202572,-0.15561808239329944,CD14-like monocytes
CAGGCCGAACACCA-1,973,2694.0,57.0,2.1158128,973,0,T cells,1.0338902934392293,-0.16487653713033656,-1.1012515443744082,CD4 T-like
CAGGCCGAACACGT-1,1201,3917.0,43.0,1.0977789,1201,0,T cells,0.9319817384084066,-0.06216933125197288,-1.0079714842516967,CD4 T-like
CAGGCCGAACGACT-1,575,1194.0,33.0,2.7638192,575,0,T cells,1.2510396750768025,-0.055527737164738245,-0.8381445528280855,CD4 T-like
CAGGCCGAATCTCT-1,838,2444.0,31.0,1.2684125,838,1,CD14-like monocytes,-0.1816719802220662,-0.9866928717102668,0.8077407798381767,CD14-like monocytes
CAGGCCGACTAGCA-1,865,2346.0,57.0,2.4296675,865,3,B cells,0.19411186059316,-0.9357874706538036,-0.9812168930516099,B cells
CAGGGCACCATACG-1,546,1318.0,37.0,2.8072839,546,3,B cells,0.09831817865371706,-0.7588381526446102,-0.33892962764007883,B cells
CAGGGCACCCAACA-1,811,2241.0,51.0,2.2757697,811,0,T cells,1.81280943552653,0.07217809889051652,-0.2850488672352801,CD4 T-like
CAGGGCACTCCCGT-1,884,2293.0,28.0,1.2211077,884,0,T cells,0.4817990748087565,0.15750046739674572,-1.164173935398911,CD4 T-like
CAGGTAACAGACTC-1,886,2472.0,52.0,2.10356,886,1,CD14-like monocytes,-0.67571533203125,-0.9378534952799479,-0.10745056229408345,CD14-like monocytes
CAGGTATGAGTCGT-1,791,2135.0,29.0,1.3583138,791,0,T cells,0.2848928554852803,-0.2729713647052495,-0.6032385149387398,CD4 T-like
CAGGTATGTGCTTT-1,1026,2710.0,50.0,1.8450184,1026,0,T cells,0.9084934361775716,0.20590432870267628,-1.1902344828904277,CD4 T-like
CAGGTTGAGGATCT-1,2000,8015.0,216.0,2.694947,2000,3,B cells,0.27462234973907473,-1.0936115919941602,-0.878907123719803,B cells
CAGTGATGGACGGA-1,644,1530.0,19.0,1.2418301,644,3,B cells,0.43574684937795005,-0.45252450788863985,-0.9571266559639362,B cells
CAGTGATGGCTAAC-1,763,1549.0,47.0,3.0342157,763,2,NK / cytotoxic lymphocytes,-0.6610104878743489,0.3683433224456478,1.8337817972356623,NK-like
CAGTGATGGGACAG-1,969,3339.0,88.0,2.6355195,969,0,T cells,1.0545015986760458,0.09740972133597925,-1.036403771602746,CD4 T-like
CAGTGATGTAAGGA-1,800,2269.0,39.0,1.7188189,800,3,B cells,0.38808933973312376,-0.5231222287572995,-0.5556562346641464,B cells
CAGTGATGTACGCA-1,359,1015.0,32.0,3.1527095,359,0,T cells,0.7554335419336955,-0.5360250376691722,-0.5360250762014678,CD4 T-like
CAGTGTGATGTCAG-1,624,2050.0,30.0,1.4634147,624,0,T cells,0.696800077756246,0.02003492008556018,-0.8781699748954388,CD4 T-like
CAGTTACTAAGGTA-1,993,2856.0,80.0,2.8011205,993,3,B cells,0.3343977022171021,-0.9699362552527225,-0.6632411484766487,B cells
CAGTTACTGATAGA-1,800,2192.0,34.0,1.5510949,800,0,T cells,0.45231313864390055,0.4776498611527261,-0.9433136756974038,CD4 T-like
CAGTTGGAAAGAGT-1,1167,3688.0,59.0,1.5997831,1167,1,CD14-like monocytes,-0.5648889128367106,-0.7216292390919695,0.4531699537026761,CD14-like monocytes
CAGTTGGACATACG-1,833,2445.0,44.0,1.7995911,833,0,T cells,0.025228602091471375,-0.4496014238608004,-0.972078496759588,CD4 T-like
CAGTTTACACACGT-1,1871,5346.0,70.0,1.3093902,1871,2,NK / cytotoxic lymphocytes,0.44439526240030924,-0.035372862189707144,1.736787275834517,NK-like
CAGTTTACCCCAAA-1,616,1940.0,39.0,2.0103092,616,0,T cells,0.4306573629379272,0.6947410236705432,-0.8297478261620107,CD4 T-like
CATAAAACGGAGCA-1,822,2351.0,79.0,3.3602722,822,1,CD14-like monocytes,-0.5322948201497396,-0.9258081455423375,-0.3079356342855125,CD14-like monocytes
CATAAATGAACTGC-1,647,2063.0,56.0,2.7144935,647,0,T cells,1.4556068229675292,0.09961882215557682,-0.7947628136837122,CD4 T-like
CATAACCTTCTCCG-1,1000,3062.0,33.0,1.077727,1000,0,T cells,1.0680180581410728,0.3679002395784011,-0.3891236656844014,CD4 T-like
CATACTACCTCGAA-1,618,1778.0,31.0,1.743532,618,0,T cells,1.300597972869873,0.3854396145753186,-0.7197627828578756,CD4 T-like
CATACTACCTGAAC-1,734,2431.0,17.0,0.6993007,734,0,T cells,0.18109565575917563,0.2523191268997963,-0.5523025406731499,CD4 T-like
CATACTACGTACCA-1,618,1618.0,16.0,0.98887515,618,1,CD14-like monocytes,-0.5420774332682292,-0.864857529148911,0.0883424132761329,CD14-like monocytes
CATACTTGGGTTAC-1,1938,7171.0,169.0,2.3567145,1938,1,CD14-like monocytes,-0.16817525784174603,-0.8500382144041735,0.059153257235132095,CD14-like monocytes
CATAGTCTAATCGC-1,861,2913.0,53.0,1.8194301,861,0,T cells,0.6882154115041097,0.13144214707191548,-0.9360469471324574,CD4 T-like
CATAGTCTCACTTT-1,945,2713.0,99.0,3.649097,945,0,T cells,-0.14547526915868125,0.5283230559994475,-1.0853057244811395,CD4 T-like
CATATAGACTAAGC-1,1032,2929.0,48.0,1.6387846,1032,4,Dendritic cells,-0.16552098751068112,-0.937938882847025,0.28246948068792166,Dendritic cells
CATATAGATCAGGT-1,723,1871.0,46.0,2.4585783,723,3,B cells,0.35389965216318764,-0.9573417432380446,-1.0166877977775806,B cells
CATCAACTAGAAGT-1,984,3378.0,64.0,1.8946122,984,0,T cells,1.1495480791727701,0.11379381815592449,-0.9559188226256707,CD4 T-like
CATCAACTCCCTCA-1,994,3673.0,27.0,0.73509395,994,0,T cells,0.4625096050898234,-0.2240358530873,-1.0336638171263415,CD4 T-like
CATCAGGACTTCCG-1,771,1528.0,39.0,2.552356,771,2,NK / cytotoxic lymphocytes,-0.7639249674479167,-0.3282844509741273,2.450538303876164,NK-like
CATCAGGATAGCCA-1,738,1501.0,28.0,1.8654231,738,2,NK / cytotoxic lymphocytes,-0.5558026631673177,0.026930352413293113,3.0621150353942252,NK-like
CATCAGGATCCTAT-1,1583,5282.0,128.0,2.4233243,1583,1,CD14-like monocytes,-0.12629560788472494,-1.052617776273477,0.5430999023745757,CD14-like monocytes
CATCAGGATGCACA-1,1113,3139.0,93.0,2.9627268,1113,1,CD14-like monocytes,-0.10069512208302811,-0.8131599334755328,0.3337064781574287,CD14-like monocytes
CATCAGGATTTCGT-1,614,1400.0,58.0,4.142857,614,1,CD14-like monocytes,-0.14433590809504193,-0.7622426350911459,-0.0037084743230030304,CD14-like monocytes
CATCATACCGCATA-1,1146,3302.0,54.0,1.6353724,1146,1,CD14-like monocytes,-0.7272318522135417,-1.0107352516867898,-0.2427767377911192,CD14-like monocytes
CATCATACGGAGCA-1,615,1486.0,48.0,3.230148,615,3,B cells,0.9794051440556844,-0.0053722718749382725,-0.9131647745768229,B cells
CATCATACTCAAGC-1,848,2456.0,39.0,1.5879478,848,0,T cells,1.0707719739278159,0.616380044185754,-0.9426301898378314,CD4 T-like
CATCGCTGGGATCT-1,983,2801.0,55.0,1.9635845,983,0,T cells,1.3958861509958904,-0.18128249043166023,-0.8981126012224141,CD4 T-like
CATCGCTGTGGCAT-1,677,1963.0,22.0,1.1207336,677,3,B cells,0.26032050291697184,-0.6860565031417692,-0.842249475344263,B cells
CATCGGCTATGCTG-1,972,3317.0,36.0,1.0853181,972,0,T cells,0.27068999369939173,-0.15503081793736928,-1.002321031358507,CD4 T-like
CATCGGCTTTGGCA-1,791,2501.0,57.0,2.2790883,791,0,T cells,0.8091116444269817,0.3814425323948716,-1.0418041498974115,CD4 T-like
CATCTCCTATGTGC-1,827,2009.0,53.0,2.6381283,827,3,B cells,0.10975738604863483,-0.8804066975911459,-0.9171661993469855,B cells
CATCTCCTCGAACT-1,804,1858.0,45.0,2.4219592,804,1,CD14-like monocytes,-0.23036404291788737,-0.808312926629577,0.3300860048544527,CD14-like monocytes
CATGAGACACGGGA-1,395,748.0,28.0,3.7433155,395,3,B cells,0.738021506468455,-0.6083756263809975,-0.11179638438754602,B cells
CATGAGACGTTGAC-1,843,1760.0,61.0,3.4659092,843,2,NK / cytotoxic lymphocytes,-0.2798547693093618,-0.04787734783057007,1.858293076717492,NK-like
CATGAGACTCGCCT-1,493,1155.0,5.0,0.43290043,493,0,T cells,1.3450804551442466,-0.40676239765051636,-0.8603198889530066,CD4 T-like
CATGCCACGGGTGA-1,741,2421.0,91.0,3.7587774,741,0,T cells,0.46944717566172284,0.7358064150569414,-0.9637378731159248,CD4 T-like
CATGCCACTGCCAA-1,941,2396.0,61.0,2.54591,941,0,T cells,0.13002894481023153,0.05345832747642432,-0.9300577953608349,CD4 T-like
CATGCGCTAGTCAC-1,1659,5344.0,128.0,2.3952098,1659,1,CD14-like monocytes,-0.6822436718146007,-1.0520629112166588,0.4289791097544662,CD14-like monocytes
CATGCGCTCAGATC-1,742,2056.0,58.0,2.8210115,742,1,CD14-like monocytes,-0.6536937967936198,-0.8694671476730192,-0.33069001592770964,CD14-like monocytes
CATGCGCTTTGCAG-1,1517,4792.0,86.0,1.7946577,1517,1,CD14-like monocytes,-0.534192697207133,-0.588143845760461,0.046783535889904915,CD14-like monocytes
CATGGCCTAGGGTG-1,559,1347.0,34.0,2.5241277,559,1,CD14-like monocytes,-0.43714752197265627,-0.3250145261937921,0.15283509456750122,CD14-like monocytes
CATGGCCTGTGCAT-1,937,2839.0,64.0,2.254315,937,0,T cells,1.9338673718770345,0.2933215902309225,-0.694288084242079,CD4 T-like
CATGTACTATCGTG-1,740,1619.0,32.0,1.9765288,740,2,NK / cytotoxic lymphocytes,-0.5796810913085938,1.2478721772781527,0.5131078199906782,NK-like
CATGTTACAGTCGT-1,781,2188.0,42.0,1.9195613,781,2,NK / cytotoxic lymphocytes,0.6762325143814087,0.6220313072204591,1.7266753283413974,NK-like
CATGTTACCTGAGT-1,819,2259.0,40.0,1.770695,819,0,T cells,0.8203414789835612,0.1792567339810457,-0.638441181664515,CD4 T-like
CATGTTTGGGGATG-1,813,2193.0,46.0,2.0975833,813,1,CD14-like monocytes,-0.579679921468099,-1.029701155845565,0.033528346244735,CD14-like monocytes
CATTACACACGGAG-1,578,1480.0,59.0,3.9864864,578,3,B cells,0.9685764106114705,-0.75959384802616,-0.8732459328391335,B cells
CATTACACCAACTG-1,1022,2360.0,82.0,3.4745765,1022,2,NK / cytotoxic lymphocytes,-0.7329989624023437,0.048351147198917865,3.1087584909766615,NK-like
CATTACACGGAGTG-1,1191,3904.0,59.0,1.5112704,1191,0,T cells,0.6139680957794189,-0.39734324445628155,-0.5148417000818734,CD4 T-like
CATTACACTACTCT-1,824,2440.0,46.0,1.8852459,824,0,T cells,1.5417564296722412,-0.4371533206014922,-0.5327295842796864,CD4 T-like
CATTAGCTCCACAA-1,1146,3497.0,129.0,3.6888764,1146,1,CD14-like monocytes,-0.7816028340657553,-0.6862456902109011,-0.20183121411487315,CD14-like monocytes
CATTGACTAGCGGA-1,757,1915.0,54.0,2.8198433,757,1,CD14-like monocytes,-0.1766811529795329,-0.5282852115053118,-0.08882088516697739,CD14-like monocytes
CATTGGGACTCGAA-1,638,1397.0,44.0,3.1496062,638,0,T cells,0.9653382444381714,0.608006452309965,-0.06338772243923618,CD4 T-like
CATTGTACAGCGTT-1,830,2233.0,50.0,2.23914,830,0,T cells,0.8748159678777059,0.25823621749877934,-0.6107931886056457,CD4 T-like
CATTGTACTCGATG-1,713,1857.0,30.0,1.6155088,713,3,B cells,0.46751306533813475,-0.8473162410235164,-0.48261235025193955,B cells
CATTGTACTTATCC-1,609,1617.0,47.0,2.9066172,609,0,T cells,1.5654451815287271,0.39756299606477363,-0.4113323659607859,CD4 T-like
CATTGTACTTTGCT-1,1271,4202.0,125.0,2.974774,1271,1,CD14-like monocytes,-0.7962589518229166,-0.9912107063062263,0.36526083898062667,CD14-like monocytes
CATTGTTGCTAGTG-1,680,2170.0,32.0,1.4746544,680,0,T cells,0.8746664873758951,-0.6052635823837434,-1.0084212332060842,CD4 T-like
CATTTCGACTCTAT-1,769,1792.0,52.0,2.9017856,769,2,NK / cytotoxic lymphocytes,0.2753744951883952,2.7566691427519823,0.11671525878135591,NK-like
CATTTCGAGATACC-1,1119,2657.0,29.0,1.0914565,1119,2,NK / cytotoxic lymphocytes,-0.7282804870605468,-0.16129492750071517,2.3564810781767873,NK-like
CATTTGACCACACA-1,731,1688.0,49.0,2.9028437,731,2,NK / cytotoxic lymphocytes,0.2974574891726176,2.2992813437876074,0.17635752841679742,NK-like
CATTTGACCCTGAA-1,804,1729.0,24.0,1.3880856,804,2,NK / cytotoxic lymphocytes,-0.056228571732838906,1.8375192834873393,0.057922933559225065,NK-like
CATTTGTGACGACT-1,781,2456.0,42.0,1.7100977,781,3,B cells,0.7867104641596476,-0.7277715338601007,-1.1182654024374605,B cells
CATTTGTGCATTGG-1,916,2636.0,61.0,2.3141124,916,0,T cells,0.4245135847727458,0.2856971625125768,-0.8083140825984454,CD4 T-like
CATTTGTGCGGAGA-1,735,2444.0,92.0,3.7643209,735,0,T cells,1.1042664607365926,0.05863767681699805,-0.9644513371014836,CD4 T-like
CATTTGTGGGATCT-1,835,2461.0,40.0,1.6253555,835,3,B cells,0.2690629545847575,-0.8867911907157513,-1.0505615388504181,B cells
CCAAAGTGCTACGA-1,1257,3442.0,90.0,2.614759,1257,1,CD14-like monocytes,-0.826537373860677,-0.7586088281689267,-0.01490350010419128,CD14-like monocytes
CCAAAGTGTGAGAA-1,472,1051.0,22.0,2.0932446,472,1,CD14-like monocytes,-0.6220650227864584,-0.6103016246448864,0.7364295362222075,CD14-like monocytes
CCAACCTGAAGTAG-1,879,2140.0,16.0,0.74766356,879,2,NK / cytotoxic lymphocytes,-0.2599977270762126,0.9835367029363459,0.7303617381086254,NK-like
CCAACCTGACGTAC-1,851,2608.0,48.0,1.8404908,851,1,CD14-like monocytes,-0.6547727457682292,-0.8915718155677872,-0.1360377730745258,CD14-like monocytes
CCAACCTGTTCGCC-1,1023,3214.0,61.0,1.8979466,1023,1,CD14-like monocytes,0.41242103735605873,0.2675782810557973,-0.1401027101458926,CD14-like monocytes
CCAAGAACCCAATG-1,661,1742.0,29.0,1.6647531,661,0,T cells,0.9174293486277262,0.09760125189116509,-0.5317514862677064,CD4 T-like
CCAAGAACGTAGCT-1,1008,3230.0,41.0,1.2693498,1008,0,T cells,0.8697420167922973,-0.13626962141557175,-1.0230289035373263,CD4 T-like
CCAAGAACGTGTCA-1,748,2333.0,30.0,1.285898,748,0,T cells,1.1805102666219076,0.34680136285647,-1.0043627035738243,CD4 T-like
CCAAGAACTACTGG-1,845,1767.0,41.0,2.320317,845,2,NK / cytotoxic lymphocytes,-0.7056225077311198,1.0611862645004737,1.089558404864687,NK-like
CCAAGAACTCCTAT-1,393,840.0,6.0,0.71428573,393,3,B cells,0.5303489589691162,-0.12341299972148856,-0.2009825952125318,B cells
CCAAGATGTCATTC-1,675,1718.0,17.0,0.9895227,675,0,T cells,0.9219841893513997,-0.39440712447118276,-0.8371538875078914,CD4 T-like
CCAAGATGTTTCAC-1,843,2099.0,41.0,1.9533111,843,0,T cells,0.40706358591715497,0.614091867389101,-0.976863206034959,CD4 T-like
CCAAGTGAGGAACG-1,876,3006.0,74.0,2.461743,876,0,T cells,0.6189106210072836,0.07088727565726849,-0.9103987722685842,CD4 T-like
CCAAGTGATCAAGC-1,939,2712.0,47.0,1.7330384,939,0,T cells,0.9887153434753418,0.08141242518569491,-0.522773010080511,CD4 T-like
CCAATTTGAACGTC-1,932,2671.0,28.0,1.0482965,932,1,CD14-like monocytes,-0.6562181091308594,-0.9244632142962832,-0.30111448018237796,CD14-like monocytes
CCACCATGAACGTC-1,760,2186.0,42.0,1.9213176,760,0,T cells,1.2723494227727254,-0.5380239792544432,-0.5093648137468281,CD4 T-like
CCACCATGATCGGT-1,735,2497.0,37.0,1.4817781,735,0,T cells,0.5725133927663167,-0.6324755382056189,-0.9829029121784248,CD4 T-like
CCACCATGGACGAG-1,1561,4782.0,131.0,2.7394395,1561,1,CD14-like monocytes,-0.4858959134419759,-1.104676988389757,0.4706535031097103,CD14-like monocytes
CCACCATGGGGAGT-1,752,2050.0,24.0,1.1707317,752,0,T cells,1.4642631467183431,-0.4423045288432728,-0.9952777901081123,CD4 T-like
CCACCATGTCCTGC-1,940,2158.0,37.0,1.7145505,940,2,NK / cytotoxic lymphocytes,-0.7973602803548178,0.6189187945741595,0.4939113096757368,NK-like
CCACTGACCCGCTT-1,705,1953.0,36.0,1.843318,705,1,CD14-like monocytes,-0.5330350240071614,-0.8112546362058081,-0.030461556983716553,CD14-like monocytes
CCACTGTGGGAAGC-1,405,866.0,37.0,4.272517,405,1,CD14-like monocytes,0.26730944474538165,-0.7137613007516572,0.11667116820210155,CD14-like monocytes
CCACTGTGTGTAGC-1,690,2306.0,62.0,2.6886382,690,0,T cells,0.21154471158981325,-0.14993715238089522,-0.1559452620419589,CD4 T-like
CCACTTCTCGGGAA-1,1071,3466.0,126.0,3.6353145,1071,1,CD14-like monocytes,-0.72117431640625,-0.940453346329506,-0.025431808317550653,CD14-like monocytes
CCAGAAACCCTGTC-1,544,1200.0,14.0,1.1666666,544,3,B cells,0.22852414290110268,-0.7711250998757102,-0.7962287363379893,B cells
CCAGAAACGAACTC-1,927,2588.0,36.0,1.3910356,927,0,T cells,0.5658001550038656,-0.08852130234843558,-1.0628164272115688,CD4 T-like
CCAGAAACGGTCTA-1,817,2791.0,33.0,1.182372,817,0,T cells,0.6131190331776937,0.09092508566499957,-0.7264924817615085,CD4 T-like
CCAGACCTCTGAGT-1,388,795.0,19.0,2.3899372,388,1,CD14-like monocytes,0.25636733690897623,-0.7378443708323469,-0.1895517079517094,CD14-like monocytes
CCAGACCTTGTGGT-1,560,1460.0,30.0,2.0547945,560,0,T cells,1.1278556776046753,-0.15321835122927274,-0.9088537813437105,CD4 T-like
CCAGCACTGCGATT-1,1322,4090.0,99.0,2.420538,1322,1,CD14-like monocytes,-0.2607006001472473,-1.0049801450787168,0.3207206764606516,CD14-like monocytes
CCAGCGGAAAGGCG-1,640,1572.0,35.0,2.226463,640,1,CD14-like monocytes,-0.450395762125651,-0.7651405719795612,0.05015645942302671,CD14-like monocytes
CCAGCGGACGACTA-1,886,2454.0,51.0,2.0782397,886,1,CD14-like monocytes,-0.7131891886393229,-1.0617834534307924,-0.019399081336127333,CD14-like monocytes
CCAGCGGATGGGAG-1,1075,3218.0,36.0,1.1187073,1075,0,T cells,1.459310763676961,-0.09333922935254646,-0.9497651379517834,CD4 T-like
CCAGCTACACAGTC-1,689,1758.0,28.0,1.592719,689,0,T cells,1.024537377357483,0.6857125272654524,-0.4819109779415708,CD4 T-like
CCAGCTACCAGCTA-1,524,1099.0,21.0,1.9108281,524,3,B cells,0.5181004770596822,-0.7706619416824495,-0.39146898057725693,B cells
CCAGGTCTACACCA-1,606,1369.0,40.0,2.9218407,606,3,B cells,1.006700390179952,-0.7085374774354877,-0.7366054033992266,B cells
CCAGGTCTAGCATC-1,802,1805.0,31.0,1.7174516,802,1,CD14-like monocytes,-0.19816745758056642,-0.4388002990472196,-0.07095727246217054,CD14-like monocytes
CCAGGTCTATGGTC-1,868,2849.0,53.0,1.860302,868,0,T cells,0.9127401256561279,0.6451288839783331,-0.9983405681571575,CD4 T-like
CCAGTCACACTGGT-1,939,3251.0,120.0,3.691172,939,1,CD14-like monocytes,-0.3826264015833537,-0.6589347733391655,0.04549179847794349,CD14-like monocytes
CCAGTCACACTGTG-1,753,1762.0,23.0,1.3053348,753,3,B cells,0.030284568468729622,-0.8773547856494633,-0.9473282785126658,B cells
CCAGTCACGTTGTG-1,770,2152.0,25.0,1.16171,770,0,T cells,1.0502111212412517,0.1856321026580503,-1.0212463224777069,CD4 T-like
CCAGTCTGCGGAGA-1,3422,15844.0,284.0,1.7924767,3422,6,Cycling cells,0.06913577238718671,-0.7464784075515438,-0.8548691662875088,Cycling cells
CCAGTGCTAACCAC-1,1105,3400.0,51.0,1.5,1105,0,T cells,1.1368875885009766,0.21451017013703944,-1.0260097619258997,CD4 T-like
CCAGTGCTCGTAGT-1,841,2562.0,55.0,2.1467605,841,0,T cells,1.04376158396403,-0.09416967449766211,-0.7444261033125598,CD4 T-like
CCATCCGAAAGCAA-1,786,2457.0,90.0,3.663004,786,0,T cells,0.7940915552775065,0.42186883290608723,-0.22009086512555975,CD4 T-like
CCATCCGAACGACT-1,445,930.0,24.0,2.580645,445,0,T cells,-0.3287317911783854,1.158035062539457,-0.11074537412084717,CD4 T-like
CCATCCGAAGGTTC-1,703,1806.0,23.0,1.2735326,703,3,B cells,0.43124693552652993,-0.46872804526126743,-0.949201641660748,B cells
CCATCCGATTCGCC-1,593,1314.0,41.0,3.1202435,593,1,CD14-like monocytes,-0.6308580017089844,-0.7787441677517362,0.1848216634808164,CD14-like monocytes
CCATCGTGAACGGG-1,875,2207.0,37.0,1.6764839,875,0,T cells,0.6115541394551595,-0.024843602228646344,-0.88671497383503,CD4 T-like
CCATCGTGCTAGAC-1,901,2559.0,56.0,2.188355,901,1,CD14-like monocytes,0.06715869824091592,-0.9184228145714962,0.5678284943705858,CD14-like monocytes
CCCAACACCTCGCT-1,927,2866.0,47.0,1.6399162,927,3,B cells,0.30465301672617595,-1.0328606499565973,-0.8257641785072558,B cells
CCCAACACGCATCA-1,798,2201.0,31.0,1.4084507,798,0,T cells,0.7382827377319336,-0.2898271830395015,-0.5021195137139522,CD4 T-like
CCCAACACTTTGTC-1,1221,3442.0,71.0,2.0627542,1221,1,CD14-like monocytes,-0.816551259358724,-0.7841651047118987,0.13871572186248482,CD14-like monocytes
CCCAACTGCAATCG-1,415,853.0,14.0,1.6412661,415,1,CD14-like monocytes,0.13785638093948366,-0.7264724885574495,-0.0012240274988040145,CD14-like monocytes
CCCAGACTGCCTTC-1,1381,4757.0,93.0,1.9550138,1381,1,CD14-like monocytes,-0.8756803385416667,-0.7078938175933529,-0.17549805111355254,CD14-like monocytes
CCCAGACTGGTTTG-1,949,2559.0,39.0,1.5240328,949,3,B cells,0.2893201088905335,-0.8819564665206755,-0.8497998016049163,B cells
CCCAGACTTTCGCC-1,1322,4412.0,115.0,2.6065278,1322,1,CD14-like monocytes,-0.3043632968266805,-0.7943701772978811,0.24225082975445378,CD14-like monocytes
CCCAGTTGCAGTTG-1,1169,3416.0,64.0,1.8735362,1169,1,CD14-like monocytes,-0.8023592122395833,-0.7776183429390494,-0.16153972606466271,CD14-like monocytes
CCCAGTTGGGTACT-1,745,1757.0,45.0,2.561184,745,0,T cells,0.7886437320709229,0.6162877901635989,-0.9769347219756155,NK-like
CCCAGTTGTCTATC-1,727,1925.0,32.0,1.6623375,727,3,B cells,0.39680865287780764,-0.7629414568043719,-1.0247270218049638,B cells
CCCGATTGTGTTTC-1,799,2273.0,73.0,3.2116146,799,0,T cells,1.1021656703948974,0.840906832916568,-0.681014811631405,NK-like
CCCGGAGAAGGGTG-1,490,1019.0,17.0,1.6683023,490,1,CD14-like monocytes,-0.5116834513346354,-0.6506318371705334,0.07537860581369116,CD14-like monocytes
CCCTACGAATTGGC-1,767,1865.0,25.0,1.3404826,767,1,CD14-like monocytes,-0.8224593098958334,0.3559602506232985,0.00951002198036277,CD14-like monocytes
CCCTAGTGCAAAGA-1,943,2448.0,52.0,2.1241832,943,0,T cells,0.2658298031489055,0.19696179399586677,-1.0047098795572917,CD4 T-like
CCCTCAGACACTTT-1,808,2070.0,36.0,1.7391304,808,3,B cells,0.7769668610890706,-0.5175407965977987,-0.9297011404326467,B cells
CCCTCAGACGAGAG-1,926,2926.0,51.0,1.7429938,926,0,T cells,0.7592400741577149,-0.11787308346141467,-0.6831179464706267,CD4 T-like
CCCTCAGAGGTCAT-1,664,2024.0,33.0,1.6304348,664,0,T cells,0.640855458577474,0.0005364023073755053,-0.4955790712375833,CD4 T-like
CCCTGAACTAAAGG-1,569,1533.0,30.0,1.9569471,569,3,B cells,0.256666894753774,-0.7906577370383523,-0.9000006011038115,B cells
CCCTGATGCAACCA-1,843,2914.0,51.0,1.7501715,843,0,T cells,0.6132360728581746,0.019091517515856804,-0.19041235471012619,CD4 T-like
CCCTGATGCAAGCT-1,727,1846.0,35.0,1.8959913,727,3,B cells,0.3421953996022542,-0.4824190098829944,-0.5724409332179059,B cells
CCCTTACTAACCAC-1,1222,3561.0,90.0,2.52738,1222,1,CD14-like monocytes,-0.8529486592610677,-0.5407697017746742,-0.3518182870113489,CD14-like monocytes
CCCTTACTGCAGTT-1,457,973.0,18.0,1.8499486,457,2,NK / cytotoxic lymphocytes,-0.47745493570963543,1.51348235775726,-0.14972437270964034,NK-like
CCGAAAACCTTGTT-1,1515,5147.0,132.0,2.5646007,1515,1,CD14-like monocytes,-0.561606936454773,-1.0384825118864425,-0.1278859128855696,CD14-like monocytes
CCGACACTGGTTTG-1,1138,3326.0,56.0,1.6837041,1138,0,T cells,1.1529578304290773,-0.6971655053321761,-1.0309420498934658,CD4 T-like
CCGACTACCCAGTA-1,1174,3186.0,68.0,2.1343377,1174,1,CD14-like monocytes,-0.48667236169179284,-1.0285256125710227,-0.22600266813027725,CD14-like monocytes
CCGACTACCGTGTA-1,525,1456.0,28.0,1.923077,525,0,T cells,2.0262249946594237,-0.059541177749633745,-0.853005380341501,CD4 T-like
CCGACTACTGAGGG-1,878,2372.0,41.0,1.7284992,878,0,T cells,-0.03189394235610965,0.9049299047450827,-0.4546496583957864,CD4 T-like
CCGATAGACCTAAG-1,525,1638.0,41.0,2.5030525,525,0,T cells,0.15223409056663512,0.4303025178234987,-0.8297737969292535,CD4 T-like
CCGATAGAGTTGGT-1,999,2958.0,61.0,2.0622041,999,1,CD14-like monocytes,-0.3664628807703654,-0.9649979562470408,0.17261569861209758,CD14-like monocytes
CCGCGAGACACACA-1,778,2109.0,72.0,3.4139402,778,1,CD14-like monocytes,-0.5793739827473958,-0.8425899467082939,-0.0968218755240392,CD14-like monocytes
CCGCGAGAGGTTCA-1,772,1965.0,39.0,1.9847327,772,2,NK / cytotoxic lymphocytes,1.0377571280797322,1.740376019718671,0.5884415578360509,NK-like
CCGCTATGGGACGA-1,819,2000.0,50.0,2.5,819,3,B cells,0.6007687250773112,-0.5670070701175265,-0.6817980154596193,B cells
CCGCTATGTGCAAC-1,1015,2523.0,61.0,2.4177566,1015,1,CD14-like monocytes,-0.7748615010579427,-0.9182551990855824,0.055886183844672255,CD14-like monocytes
CCGCTATGTGCACA-1,939,2854.0,62.0,2.1723895,939,1,CD14-like monocytes,-0.7026548258463542,-0.8793286410245028,0.03159299426608608,CD14-like monocytes
CCGGTACTGTCCTC-1,856,2496.0,60.0,2.4038463,856,0,T cells,0.49215623219807947,0.619035362474846,-0.7003656305447974,CD4 T-like
CCGTACACAAGCAA-1,715,1745.0,27.0,1.5472779,715,0,T cells,1.2711424334843953,-0.2641795986830585,-0.5216308475744844,CD4 T-like
CCGTACACAGCGTT-1,793,2007.0,26.0,1.2954658,793,3,B cells,0.7053649711608887,-0.47478522941319623,-1.007417466905382,B cells
CCGTACACGTCATG-1,837,2076.0,61.0,2.938343,837,2,NK / cytotoxic lymphocytes,0.2538104852040609,1.9893307502823645,-0.011246744791666652,NK-like
CCGTACACGTTGGT-1,1193,3297.0,72.0,2.1838036,1193,1,CD14-like monocytes,-0.4113518333435059,-0.8185758224641435,-0.4594714867948281,CD14-like monocytes
CCGTACACTAACGC-1,764,2042.0,80.0,3.9177277,764,2,NK / cytotoxic lymphocytes,0.9565977239608765,1.0385563860035907,0.37315033228710437,CD4 T-like
CCTAAACTTTCGTT-1,834,2353.0,22.0,0.93497664,834,0,T cells,0.8557781950632731,-0.5105606305478799,-0.9261224920099432,CD4 T-like
CCTAAGGACCCAAA-1,677,2056.0,36.0,1.7509726,677,0,T cells,1.443304107983907,-0.08162158041289358,-0.8493653114395913,CD4 T-like
CCTAAGGACTAGCA-1,625,1516.0,56.0,3.6939316,625,1,CD14-like monocytes,-0.060269877115885384,-0.752339218602036,0.2466597817160867,CD14-like monocytes
CCTAAGGAGGGCAA-1,420,796.0,20.0,2.5125628,420,0,T cells,0.2701128403345744,1.4217178999775588,-0.7168208420878709,NK-like
CCTAAGGATGATGC-1,837,2520.0,32.0,1.2698413,837,0,T cells,0.20115880409876508,0.5791288192826088,-1.0202399359809027,CD4 T-like
CCTAAGGATGTCAG-1,874,2882.0,50.0,1.7349062,874,0,T cells,0.8199305677413941,-0.339842509741735,-0.4105246153744785,CD4 T-like
CCTACCGACTCTTA-1,679,1893.0,30.0,1.5847859,679,0,T cells,0.3492668167750041,0.758640848024927,-0.900301461267953,CD4 T-like
CCTACCGAGGGATG-1,811,2344.0,39.0,1.6638225,811,3,B cells,0.22856257518132528,-0.7994472619258997,-0.16609963985404586,B cells
CCTAGAGAGGTGAG-1,546,1388.0,20.0,1.4409221,546,3,B cells,0.39852803071339926,-0.6709829773565735,-0.30553209468571824,B cells
CCTATAACCAAAGA-1,787,2562.0,60.0,2.3419204,787,0,T cells,-0.06026050726572674,0.1833893323185467,-0.9379277084812974,CD4 T-like
CCTATAACGAGACG-1,587,1506.0,36.0,2.3904383,587,1,CD14-like monocytes,-0.49026641845703123,-0.7512288719716699,0.1606039336233428,CD14-like monocytes
CCTATAACTCAGAC-1,821,2663.0,33.0,1.2392039,821,0,T cells,1.0186082394917806,0.12549038222341813,-1.027242949514678,CD4 T-like
CCTATAACTGCATG-1,669,1721.0,36.0,2.0918071,669,1,CD14-like monocytes,0.02989293893178302,-0.08308988050981003,0.02091135930533361,CD14-like monocytes
CCTCGAACACTTTC-1,813,1644.0,32.0,1.946472,813,2,NK / cytotoxic lymphocytes,-0.20173358281453446,-0.27872081766224865,2.6574605460118765,NK-like
CCTCGAACCCGTAA-1,780,2060.0,45.0,2.1844661,780,1,CD14-like monocytes,-0.32904922564824424,-1.0115882025824652,0.4662718560960557,CD14-like monocytes
CCTCGAACGTATCG-1,649,1619.0,42.0,2.594194,649,0,T cells,1.8224193159739177,-0.01924054839394307,-0.8677537706163194,CD4 T-like
CCTCGAACTTACTC-1,924,3184.0,63.0,1.9786432,924,0,T cells,0.8987629667917887,-0.09581428681961224,-0.7795839897309892,CD4 T-like
CCTCTACTCTTCGC-1,1322,4464.0,101.0,2.2625449,1322,1,CD14-like monocytes,0.20296516974767054,0.15445410506893897,-0.08226504759355024,CD14-like monocytes
CCTCTACTGGCATT-1,701,2176.0,33.0,1.5165441,701,0,T cells,0.7120027923583985,-0.5281559573279486,-0.9597093216096512,CD4 T-like
CCTGACTGAAGTAG-1,792,2128.0,69.0,3.2424812,792,2,NK / cytotoxic lymphocytes,0.7059350872039795,1.3505240334404842,-0.33622589544816456,NK-like
CCTGACTGGGGAGT-1,817,2543.0,35.0,1.3763272,817,0,T cells,0.7863045247395833,0.20529449539955225,-0.8981804895882655,CD4 T-like
CCTGACTGTGTCTT-1,667,1619.0,63.0,3.8912911,667,3,B cells,0.4567482336362203,-0.8532347245649858,-0.9512573396316683,B cells
CCTGCAACACGTTG-1,804,2096.0,48.0,2.2900765,804,1,CD14-like monocytes,0.1839901908238729,-0.491405433115333,-0.21772581832577487,CD14-like monocytes
CCTGGACTCGTGAT-1,593,1354.0,19.0,1.4032496,593,0,T cells,1.2196105813980103,-0.417810221392699,-0.8862146705087989,CD4 T-like
CCTTAATGCCCAAA-1,740,1853.0,37.0,1.9967619,740,3,B cells,0.674465963045756,-0.9210670548255997,-0.973474753023398,B cells
CCTTAATGTTCTAC-1,1243,3834.0,145.0,3.781951,1243,1,CD14-like monocytes,-0.49067547480265294,-0.7397197183936534,0.20404850256563445,CD14-like monocytes
CCTTCACTACGACT-1,859,2168.0,30.0,1.3837638,859,0,T cells,0.8790198866526285,-0.2954102781083848,-1.0106375337851168,CD4 T-like
CCTTCACTCAGTCA-1,685,1420.0,40.0,2.8169014,685,3,B cells,1.0599198373158774,-0.873263580630524,-0.96389801333649,B cells
CCTTCACTGGAGTG-1,596,1657.0,34.0,2.051901,596,1,CD14-like monocytes,-0.5704939778645833,-0.8893979775785196,-0.200831966207485,CD14-like monocytes
CCTTTAGATTCATC-1,1193,3507.0,77.0,2.1956089,1193,1,CD14-like monocytes,-0.3945789039134979,-0.6894226452316901,-0.2525201518126209,CD14-like monocytes
CGAACATGCCCTAC-1,859,2322.0,58.0,2.4978466,859,1,CD14-like monocytes,-0.70548095703125,-0.9184500954367898,0.7118380758497451,CD14-like monocytes
CGAACATGTCAGAC-1,775,2211.0,32.0,1.4473089,775,0,T cells,0.8441659990946452,-0.2639237683228771,-0.6575722973756115,CD4 T-like
CGAAGACTGGAACG-1,947,2444.0,68.0,2.782324,947,2,NK / cytotoxic lymphocytes,0.7334351523717244,1.5078673410897303,-0.3963429325758808,NK-like
CGAAGACTGTTACG-1,689,1737.0,49.0,2.8209555,689,0,T cells,1.088629395167033,-0.5352225058006517,-0.8533840757427793,CD4 T-like
CGAAGGGAAACCTG-1,907,2158.0,26.0,1.2048192,907,2,NK / cytotoxic lymphocytes,-0.27697892467180885,0.721470807778715,0.1484228779571224,NK-like
CGAAGGGATCCGAA-1,734,1837.0,36.0,1.9597169,734,3,B cells,0.9540075508753458,-0.9271402070016572,-0.9521601513178661,B cells
CGAAGTACCAACTG-1,621,1565.0,39.0,2.4920127,621,3,B cells,0.5389264472325643,-0.8961366595643939,-0.8556971694483901,B cells
CGAATCGAGGAGCA-1,336,581.0,19.0,3.2702236,336,1,CD14-like monocytes,-0.34526161193847654,-0.04966017260695943,0.11551081917502659,CD14-like monocytes
CGAATCGAGGAGGT-1,922,2512.0,48.0,1.9108281,922,0,T cells,0.7911362171173095,0.165021867463083,-0.7013680486968069,CD4 T-like
CGACAAACCCATAG-1,802,2871.0,46.0,1.6022291,802,0,T cells,0.6167646312713623,0.10365303694599803,-0.5887662511883359,CD4 T-like
CGACAAACCGACAT-1,812,2098.0,27.0,1.2869399,812,3,B cells,0.4280162223180135,-0.8492564191721906,-0.9851405596492266,B cells
CGACCACTAAAGTG-1,941,1934.0,39.0,2.016546,941,2,NK / cytotoxic lymphocytes,-0.3031346742312113,0.06234566274315434,2.5021843611591996,NK-like
CGACCACTGCCAAT-1,943,1850.0,55.0,2.9729729,943,2,NK / cytotoxic lymphocytes,-0.2594247253735861,-0.07246491210629236,2.0780528579095394,NK-like
CGACCGGAAGGTCT-1,868,2728.0,55.0,2.016129,868,0,T cells,-0.19077315012613927,-0.26758330903872096,-0.9589324334655145,CD4 T-like
CGACCGGATGGAAA-1,947,2698.0,64.0,2.3721275,947,0,T cells,-0.04806814114252722,-0.1824850043865166,-0.734175623546947,CD4 T-like
CGACCTTGCTAGTG-1,767,1977.0,18.0,0.9104704,767,0,T cells,0.9974424393971761,0.029717306657271014,-0.9418395071318655,CD4 T-like
CGACGTCTATCGTG-1,701,2043.0,48.0,2.349486,701,2,NK / cytotoxic lymphocytes,0.9268557691574096,1.298680361352786,0.19946723225140817,NK-like
CGACGTCTCGTGTA-1,692,1954.0,44.0,2.2517912,692,0,T cells,1.620839811960856,0.015421709388193428,-1.0074133054174559,CD4 T-like
CGACGTCTGAGGCA-1,423,1057.0,14.0,1.3245033,423,0,T cells,0.944974479675293,0.06400836597789417,-0.47685485415988493,CD4 T-like
CGACTCACGTCGTA-1,775,2160.0,50.0,2.3148148,775,0,T cells,0.6286045010884603,0.17588180965847444,-0.8838317562835385,CD4 T-like
CGACTCACGTTGCA-1,500,1093.0,34.0,3.1107047,500,0,T cells,0.19861538092295328,0.8613306681315104,-0.6995494341609454,CD4 T-like
CGACTCTGTGTGAC-1,1100,3131.0,47.0,1.5011178,1100,0,T cells,1.01733336130778,0.18790372405389344,-0.7735730050790189,CD4 T-like
CGACTGCTTCCTCG-1,812,2015.0,32.0,1.5880893,812,1,CD14-like monocytes,-0.2128248286247253,-0.5158188179285839,0.009266162641120679,CD14-like monocytes
CGAGAACTAAGGCG-1,728,1913.0,51.0,2.6659698,728,2,NK / cytotoxic lymphocytes,-0.6242808532714844,1.9267314159508908,1.2597111576735371,NK-like
CGAGAACTACGTTG-1,616,1842.0,52.0,2.8230186,616,0,T cells,0.8928176752726237,-0.4886582179503008,-0.9172062729344224,CD4 T-like
CGAGAACTTGTTCT-1,928,2551.0,38.0,1.4896119,928,1,CD14-like monocytes,-0.6567207336425781,-0.8489054670237531,-0.15790399252766307,CD14-like monocytes
CGAGATTGGACACT-1,835,1943.0,29.0,1.4925373,835,2,NK / cytotoxic lymphocytes,-0.5861527506510417,0.8786578804555566,0.27462580324423425,NK-like
CGAGATTGGCCATA-1,454,1042.0,28.0,2.6871402,454,2,NK / cytotoxic lymphocytes,-0.34805076599121093,0.6871431071348865,1.0381138233223346,NK-like
CGAGCCGAACACCA-1,812,2385.0,74.0,3.1027253,812,0,T cells,0.7709418741861979,-0.4366151886756974,-1.0022257024591619,CD4 T-like
CGAGCCGAGGCGAA-1,769,2447.0,80.0,3.2693093,769,0,T cells,0.1964876206715902,0.6214751156893644,-0.8952443286626026,NK-like
CGAGCGTGCTCCAC-1,1058,3303.0,69.0,2.08901,1058,0,T cells,0.5117322540283203,0.7299520376956823,-0.10363294235383613,CD4 T-like
CGAGCGTGGATACC-1,914,3360.0,48.0,1.4285715,914,0,T cells,1.1405743710199991,0.6713282055324978,-0.7274012681209681,CD4 T-like
CGAGCGTGTATGCG-1,628,1530.0,56.0,3.660131,628,1,CD14-like monocytes,-0.5315076192220052,-0.7184985382388337,0.31624729272091023,CD14-like monocytes
CGAGGAGACCTCCA-1,649,1531.0,35.0,2.2860875,649,3,B cells,0.26097934166590375,-0.9129204798226405,-0.9804310654148911,B cells
CGAGGAGATGTCGA-1,452,1069.0,36.0,3.3676333,452,0,T cells,1.2683119646708172,-0.35810588104556307,-0.879873564749053,CD4 T-like
CGAGGCACCTATGG-1,754,1975.0,37.0,1.8734177,754,2,NK / cytotoxic lymphocytes,-0.7299030558268229,0.4579938329831519,0.35221075963492354,NK-like
CGAGGCACTATGCG-1,1327,4177.0,121.0,2.896816,1327,1,CD14-like monocytes,-0.16590816259384156,-1.0327726421934185,-0.08671498250479659,CD14-like monocytes
CGAGGCACTCTTCA-1,776,1827.0,35.0,1.9157088,776,2,NK / cytotoxic lymphocytes,1.1282024351755777,1.538318583941219,-0.448225083977285,CD4 T-like
CGAGGCTGACGCTA-1,670,1373.0,27.0,1.9664967,670,2,NK / cytotoxic lymphocytes,-0.38621513366699217,-0.03191295392585525,2.962134131999931,NK-like
CGAGGCTGGCAGTT-1,1017,2940.0,65.0,2.2108843,1017,1,CD14-like monocytes,-0.6921710205078125,-1.0215340045967487,-0.35276686543166025,CD14-like monocytes
CGAGGGCTACGACT-1,599,1663.0,35.0,2.1046302,599,3,B cells,0.40678938388824465,-0.7490351513178661,-0.7788036616161617,B cells
CGAGGGCTCGAATC-1,431,905.0,26.0,2.8729281,431,0,T cells,0.9732394599914551,1.238764059664023,-0.7504717123628867,CD4 T-like
CGAGTATGTCACCC-1,967,2745.0,92.0,3.3515482,967,1,CD14-like monocytes,-0.10466830571492514,-0.5991999105973677,0.2837615851199988,CD14-like monocytes
CGATACGAACAGTC-1,1077,3047.0,55.0,1.8050542,1077,1,CD14-like monocytes,-0.7498362223307292,-0.7049332866765032,-0.4087441309533937,CD14-like monocytes
CGATACGACAGGAG-1,2033,6733.0,149.0,2.2129807,2033,6,Cycling cells,-0.6353034154574076,0.27993906772497934,-0.750759452280372,Cycling cells
CGATACGATTCACT-1,731,2023.0,29.0,1.4335146,731,3,B cells,0.412116421063741,-0.5512016729875044,-0.5738911070004857,B cells
CGATAGACCCGTAA-1,533,1222.0,45.0,3.6824877,533,1,CD14-like monocytes,-0.5344381205240886,-0.8966364234384864,-0.1443399227026737,CD14-like monocytes
CGATAGACCGTACA-1,926,2090.0,16.0,0.76555026,926,0,T cells,0.5300497802098593,-0.18288602106498952,-1.103813556709675,CD4 T-like
CGATAGACGTAGGG-1,725,1830.0,55.0,3.0054646,725,1,CD14-like monocytes,-0.6762577311197917,-1.0198368881687974,-0.3405991236368816,CD14-like monocytes
CGATAGACTGTTCT-1,559,1299.0,30.0,2.3094687,559,0,T cells,1.829133783976237,0.09234353171454535,-0.844856878723761,CD4 T-like
CGATCAGAAGAACA-1,870,2199.0,48.0,2.1828103,870,2,NK / cytotoxic lymphocytes,-0.6285134379069011,1.5715415299540818,0.9914913909603851,NK-like
CGATCAGAGAGGGT-1,964,2723.0,55.0,2.019831,964,0,T cells,0.19251821041107176,0.29285712964607,-1.0320110128383444,CD4 T-like
CGATCAGAGGTACT-1,1341,5142.0,59.0,1.1474135,1341,0,T cells,0.6275944677988688,-0.1631733171867601,-0.6452155758636167,CD4 T-like
CGATCAGATGTGAC-1,1981,6916.0,68.0,0.9832273,1981,4,Dendritic cells,-0.1471186820665995,-0.7322029725469725,-0.6904571364624332,Dendritic cells
CGATCCACCGGGAA-1,1103,3231.0,72.0,2.2284122,1103,2,NK / cytotoxic lymphocytes,0.7904818042119344,1.8368548846003987,0.08779427788474337,NK-like
CGATCCACTTCCAT-1,326,591.0,12.0,2.0304568,326,3,B cells,0.397715957959493,-0.512697393243963,-0.541848346440479,B cells
CGCAAATGCTCGAA-1,428,1012.0,47.0,4.644269,428,0,T cells,0.2969525742530823,0.15018329331369118,0.029579597049289252,CD4 T-like
CGCAACCTCCTTGC-1,808,2312.0,35.0,1.5138408,808,0,T cells,1.2667444276809692,-0.5151591445460464,-0.9680964922664141,CD4 T-like
CGCAACCTGGACGA-1,821,2322.0,46.0,1.9810508,821,0,T cells,1.0277208423614503,0.3599131449304446,-0.6931861920790239,CD4 T-like
CGCACGGAGGACGA-1,554,1171.0,29.0,2.4765158,554,3,B cells,0.27320973555246986,-0.7279737838590988,-0.8094971011383365,B cells
CGCACGGATCTTTG-1,596,1932.0,62.0,3.2091095,596,0,T cells,0.5303837482134501,0.1370817184448242,-0.9638969344322128,CD4 T-like
CGCACTACAGAATG-1,680,1864.0,23.0,1.2339056,680,0,T cells,1.3564796113967894,0.4026939411355992,-0.7427864460029987,CD4 T-like
CGCACTACAGCCAT-1,1034,3379.0,35.0,1.0358094,1034,0,T cells,0.866249262491862,0.22838615070689816,-0.811229215968739,CD4 T-like
CGCACTACATTGGC-1,849,2816.0,51.0,1.8110795,849,0,T cells,0.2851846520105998,-0.029421501930313898,-1.1486841066919191,CD4 T-like
CGCACTACTCGCCT-1,566,1284.0,26.0,2.0249221,566,3,B cells,0.18750768343607582,-0.979853235109888,-0.9773937186809502,B cells
CGCACTACTCGTGA-1,879,2071.0,49.0,2.3660069,879,0,T cells,0.7457358757654826,1.574245148475724,-0.22633057025947967,NK-like
CGCACTTGTCACGA-1,1091,3086.0,54.0,1.749838,1091,1,CD14-like monocytes,0.1062733697891235,-0.6864655530813968,0.0899152996564152,CD14-like monocytes
CGCAGGACAGATCC-1,823,2213.0,75.0,3.3890646,823,2,NK / cytotoxic lymphocytes,0.5416851933797201,1.831432585282759,-0.13855357892585518,NK-like
CGCAGGACCTACTT-1,447,1067.0,20.0,1.8744143,447,0,T cells,1.677666571935018,-0.033974641742128275,-0.7616881553572837,CD4 T-like
CGCAGGACTTGTCT-1,1688,5163.0,114.0,2.2080188,1688,1,CD14-like monocytes,-0.4687274130185445,-0.9425204541948107,0.15440671901510217,CD14-like monocytes
CGCAGGTGCACTGA-1,868,2754.0,82.0,2.9774873,868,0,T cells,0.927805749575297,0.11707291265930786,-0.9189142554697364,CD4 T-like
CGCAGGTGCCATAG-1,1254,4316.0,127.0,2.9425395,1254,1,CD14-like monocytes,-0.28033664782842005,-1.070115368775647,0.8235804740828698,CD14-like monocytes
CGCAGGTGGGAACG-1,942,2280.0,64.0,2.8070176,942,0,T cells,0.3038103834788004,-0.1837880394675515,-0.7311374071872595,CD4 T-like
CGCATAGATCACGA-1,462,955.0,11.0,1.1518325,462,1,CD14-like monocytes,-0.4051611582438151,-0.6280667468754932,-0.6034122043185763,CD14-like monocytes
CGCCATACTGCAAC-1,1055,3448.0,53.0,1.537123,1055,0,T cells,1.8205779457092284,-0.26501033089377657,-0.562863627828733,CD4 T-like
CGCCATTGAGAGGC-1,852,2763.0,61.0,2.2077453,852,0,T cells,1.2875161759058633,0.1812339869412508,-0.703732150251215,CD4 T-like
CGCCATTGCTATGG-1,738,1794.0,32.0,1.7837236,738,0,T cells,-0.017828873793284128,-0.10442077993142485,-0.9213532727174084,CD4 T-like
CGCCATTGGAGACG-1,804,2288.0,38.0,1.6608391,804,0,T cells,0.8395162614186605,0.23441400527954093,-1.0407273263642283,CD4 T-like
CGCCATTGGAGCAG-1,775,2024.0,93.0,4.5948615,775,3,B cells,0.7502620315551758,-0.623183745085591,-0.6714341168451791,B cells
CGCCATTGTACTGG-1,726,1687.0,32.0,1.8968585,726,3,B cells,0.37269112825393674,-0.8865019673048847,-1.010144859853417,B cells
CGCCGAGAGCTTAG-1,993,2047.0,33.0,1.6121153,993,2,NK / cytotoxic lymphocytes,-0.7202350870768229,-0.8900075584951074,2.841379423815795,NK-like
CGCCTAACGAATGA-1,1462,4604.0,84.0,1.8245004,1462,4,Dendritic cells,-0.8078610738118489,-1.0785101688269414,-0.21323487252900097,Dendritic cells
CGCCTAACTGCTCC-1,1007,3490.0,55.0,1.5759312,1007,0,T cells,0.8737979745864868,-0.2645147097231162,-0.9821919913243766,CD4 T-like
CGCGAGACACAGCT-1,798,2246.0,73.0,3.2502227,798,0,T cells,0.6837917359670004,1.5876810940829191,-0.45159132456538653,NK-like
CGCGAGACAGGTCT-1,1036,3174.0,100.0,3.1505988,1036,3,B cells,0.23524858951568606,-0.8169696692264441,-0.8972774467082939,B cells
CGCGAGACGCTACA-1,786,1969.0,33.0,1.6759777,786,2,NK / cytotoxic lymphocytes,0.31153045018514003,0.7487821492281826,-1.0289884625059185,CD4 T-like
CGCGATCTCAGTCA-1,948,2556.0,34.0,1.3302034,948,1,CD14-like monocytes,-0.6444825744628906,-0.9098594742591934,-0.2591745424752283,CD14-like monocytes
CGCGATCTGTTGAC-1,743,2110.0,55.0,2.606635,743,1,CD14-like monocytes,-0.5795027160644531,-0.6054832631891425,0.24087498212101477,CD14-like monocytes
CGCGATCTTTCTTG-1,761,2394.0,56.0,2.3391814,761,3,B cells,0.20311054070790613,-0.23747516497217047,-0.980005823000513,B cells
CGCGGATGGCCAAT-1,838,2266.0,29.0,1.2797881,838,0,T cells,1.4042624632517495,-0.48432588818097355,-1.1255460026288273,CD4 T-like
CGCTAAGAATGTCG-1,1040,2703.0,15.0,0.5549389,1040,0,T cells,1.8822321796417236,-0.1070796639028222,-0.6343228766412446,CD4 T-like
CGCTAAGACAACTG-1,859,2772.0,58.0,2.0923522,859,0,T cells,1.0382311964035034,0.23976971982705464,-0.9867193048650568,CD4 T-like
CGCTAAGACCCTTG-1,867,2620.0,53.0,2.0229008,867,0,T cells,1.5660476430257162,0.030530849610916344,-0.9521979129675663,CD4 T-like
CGCTACTGAACAGA-1,1188,3808.0,107.0,2.809874,1188,1,CD14-like monocytes,-0.4734311083952586,-0.8336715859596175,-0.2579795375014797,CD14-like monocytes
CGCTACTGAGAACA-1,846,2461.0,25.0,1.0158472,846,0,T cells,1.9198753356933593,-0.024717727815262047,-0.6121888016209458,CD4 T-like
CGCTACTGTGAGCT-1,687,1926.0,16.0,0.8307373,687,0,T cells,1.0222440656026204,0.17865293387210734,-0.9009682241112295,CD4 T-like
CGCTACTGTTCCCG-1,672,1368.0,43.0,3.1432748,672,0,T cells,-0.5668330891927084,0.33876457407016947,0.7686455851853496,NK-like
CGCTCATGCATTTC-1,629,1469.0,33.0,2.2464263,629,1,CD14-like monocytes,-0.6051300048828125,-0.7901958118785511,-0.0741753212129227,CD14-like monocytes
CGGAATTGGTTTGG-1,725,1897.0,43.0,2.266737,725,0,T cells,0.247818968296051,0.6450097122577706,-0.8925676442155934,CD4 T-like
CGGAATTGTGGAGG-1,660,1544.0,11.0,0.71243525,660,0,T cells,1.2102985445658365,0.3499039977487891,-0.8185944990678267,CD4 T-like
CGGACCGATGCGTA-1,809,1835.0,24.0,1.307902,809,2,NK / cytotoxic lymphocytes,-0.7007709248860677,1.619624270814838,0.869646636885826,NK-like
CGGACCGATGGGAG-1,469,985.0,26.0,2.6395938,469,0,T cells,-0.33018295288085936,-0.11272669801808366,-0.716855829412287,CD4 T-like
CGGACTCTAAACAG-1,600,1659.0,33.0,1.98915,600,3,B cells,0.1774953031539917,-0.9258818192915483,-0.4210386512255428,B cells
CGGACTCTCCAATG-1,812,2003.0,44.0,2.1967049,812,0,T cells,0.755783224105835,0.1802181388392593,-0.17699098298043925,CD4 T-like
CGGACTCTCCTCGT-1,856,1875.0,34.0,1.8133333,856,2,NK / cytotoxic lymphocytes,-0.8300018310546875,0.46407562024665605,0.7433524045077236,NK-like
CGGAGGCTATTCCT-1,397,848.0,41.0,4.8349056,397,0,T cells,0.27019084135691324,-0.10921713029495395,-0.5932421828761245,CD4 T-like
CGGAGGCTTGGATC-1,786,2836.0,34.0,1.1988716,786,0,T cells,0.4297811047236125,-0.13009837468465169,-0.8858254172585227,CD4 T-like
CGGATAACAACGAA-1,895,2578.0,26.0,1.0085338,895,1,CD14-like monocytes,-0.6201981608072916,-0.8406803632023359,0.3077224095662435,CD14-like monocytes
CGGATAACAGCTCA-1,882,2432.0,32.0,1.3157895,882,0,T cells,0.901664784749349,-0.5655983252958818,-0.9251627295908301,CD4 T-like
CGGATAACTCAGTG-1,449,959.0,23.0,2.3983316,449,1,CD14-like monocytes,-0.41927164713541665,-0.8589660952789615,-0.05312362054381714,CD14-like monocytes
CGGCACGAACTCAG-1,890,2271.0,83.0,3.6547775,890,2,NK / cytotoxic lymphocytes,0.4168618408838908,0.8854315439860027,-0.05791175148703831,NK-like
CGGCACGAAGGGTG-1,823,2437.0,74.0,3.0365202,823,0,T cells,0.9236338186264038,0.12171394271079938,-0.6778159719524961,CD4 T-like
CGGCACGACTACGA-1,1051,2839.0,99.0,3.4871433,1051,1,CD14-like monocytes,0.09008374214172366,-1.1251656888711332,0.3103344079219934,CD14-like monocytes
CGGCATCTTAGAAG-1,823,1982.0,46.0,2.320888,823,0,T cells,1.2200150076548257,1.4181548455748896,-0.4528645879090435,CD4 T-like
CGGCATCTTCGTAG-1,1055,3312.0,66.0,1.9927537,1055,1,CD14-like monocytes,-0.7622861735026042,-1.002940322413589,0.3022807323571406,CD14-like monocytes
CGGCCAGAAAGGTA-1,741,2077.0,50.0,2.407318,741,0,T cells,-0.1399984693527222,-0.3052718229968139,-0.9300411494091304,CD4 T-like
CGGCCAGAGAGGCA-1,999,2410.0,56.0,2.3236516,999,2,NK / cytotoxic lymphocytes,-0.2810759782791138,1.095469233965633,0.7505790344392411,NK-like
CGGCGAACCAGTCA-1,1241,3765.0,79.0,2.0982735,1241,1,CD14-like monocytes,-0.4947269558906555,-1.0849967725349194,-0.028145133124457322,CD14-like monocytes
CGGCGAACGACAAA-1,790,1589.0,14.0,0.88105726,790,2,NK / cytotoxic lymphocytes,-0.057724413077036574,-0.31999441782633464,2.682474714336973,NK-like
CGGCGAACGGTCTA-1,878,2498.0,39.0,1.5612489,878,0,T cells,1.3777930291493734,-0.045583991811733116,-1.029622935285472,CD4 T-like
CGGCGAACTACTTC-1,778,1729.0,35.0,2.0242915,778,2,NK / cytotoxic lymphocytes,-0.6786930847167969,0.2269936648282137,2.55257102889244,NK-like
CGGGACTGCGTGTA-1,1066,4278.0,107.0,2.5011687,1066,0,T cells,0.6014724588394165,-0.0402435688057331,-0.9397636953026357,CD4 T-like
CGGGACTGGAATAG-1,815,2013.0,68.0,3.3780427,815,2,NK / cytotoxic lymphocytes,-0.6677550252278646,0.804340038877545,0.2814047755617084,NK-like
CGGGCATGACCCAA-1,465,1032.0,48.0,4.6511626,465,2,NK / cytotoxic lymphocytes,-0.3419508361816406,1.4572168831873422,0.6953260941938921,NK-like
CGGGCATGTCTCTA-1,1079,2865.0,59.0,2.0593367,1079,2,NK / cytotoxic lymphocytes,0.06435864130655922,-1.023051098139599,1.5396178101048323,NK-like
CGGGCATGTTGTGG-1,743,2197.0,36.0,1.6385982,743,0,T cells,1.1243631664911906,-0.26859818709017047,-0.5120613986795599,CD4 T-like
CGGTAAACTCGCAA-1,1098,3145.0,43.0,1.3672496,1098,0,T cells,0.28880122502644856,0.7576548123600506,-0.09510473049048218,CD4 T-like
CGGTCACTGTTTGG-1,807,2140.0,39.0,1.8224299,807,0,T cells,0.8290190394719442,-0.4256967438591851,-0.30990454548537116,CD4 T-like
CGGTCACTTACTTC-1,1120,3248.0,43.0,1.3238916,1120,0,T cells,1.0005058860778808,-0.42961020854988485,-0.8610798264994766,CD4 T-like
CGTAACGATCGCCT-1,1025,3416.0,53.0,1.5515223,1025,0,T cells,1.348621252377828,-0.08777274892787734,-1.0978171608664773,CD4 T-like
CGTACCACACACAC-1,805,2085.0,36.0,1.7266188,805,0,T cells,1.490978110631307,0.4200666254216975,-0.6096321838070647,CD4 T-like
CGTACCACACGTTG-1,676,2159.0,32.0,1.4821676,676,0,T cells,1.783124392827352,0.24025348798193102,-0.8647520277235243,CD4 T-like
CGTACCACCTCATT-1,828,2382.0,53.0,2.225021,828,0,T cells,0.7197238556543986,-0.17604158093230893,-0.6919933162554345,CD4 T-like
CGTACCACGGAGCA-1,763,2132.0,42.0,1.9699812,763,0,T cells,0.49950351238250734,-0.03624203132860582,-0.38545701720497827,CD4 T-like
CGTACCTGGCATCA-1,997,2473.0,62.0,2.5070765,997,2,NK / cytotoxic lymphocytes,-0.7226799519856771,0.7327164370604237,2.5630810053661617,NK-like
CGTAGCCTCTCTCG-1,852,2311.0,47.0,2.0337517,852,1,CD14-like monocytes,-0.6482984415690104,-0.9536813292840515,-0.21639097290809717,CD14-like monocytes
CGTAGCCTGCGAAG-1,866,2242.0,27.0,1.2042818,866,0,T cells,1.393075698216756,-0.024073301180444595,-0.5873801053172409,CD4 T-like
CGTAGCCTGTATGC-1,1118,3499.0,144.0,4.1154613,1118,1,CD14-like monocytes,-0.4245739122231801,-0.5028812533677227,0.17425654440215133,CD14-like monocytes
CGTCAAGAAAGGTA-1,508,1114.0,27.0,2.4236984,508,1,CD14-like monocytes,-0.45929417928059896,-0.8029589412188289,0.024722313158439868,CD14-like monocytes
CGTCAAGAACGTGT-1,928,2816.0,44.0,1.5625,928,0,T cells,1.646503365834554,0.4273493978712295,-1.1180959374013573,CD4 T-like
CGTCAAGACAGAGG-1,958,2750.0,53.0,1.9272728,958,0,T cells,0.9427811622619628,0.25442444579769874,-1.0292370728772096,CD4 T-like
CGTCAAGACAGGAG-1,932,2163.0,43.0,1.9879798,932,2,NK / cytotoxic lymphocytes,-0.23120337684949244,0.6954407720854787,1.442697611722079,NK-like
CGTCCATGCTCTTA-1,892,2746.0,36.0,1.3109978,892,0,T cells,0.9151954030990601,-0.07271685263123173,-1.1344222251815026,CD4 T-like
CGTCGACTTTCCGC-1,905,2190.0,36.0,1.6438355,905,2,NK / cytotoxic lymphocytes,0.3450764735539754,1.6949546390109593,0.28068074987392233,NK-like
CGTGATGACGCTAA-1,494,909.0,17.0,1.870187,494,0,T cells,0.7912849712371826,-0.6962683321249605,-0.8719753689236112,CD4 T-like
CGTGATGAGGTTCA-1,710,1749.0,56.0,3.2018297,710,0,T cells,-0.17409637769063313,0.22009414518722392,-0.6438413846372353,CD4 T-like
CGTGCACTTATGGC-1,1068,3071.0,47.0,1.530446,1068,1,CD14-like monocytes,-0.6788427734375,-0.8861297453292692,-0.1396217177612613,CD14-like monocytes
CGTGTAGAAAAACG-1,795,2028.0,44.0,2.1696253,795,0,T cells,1.174916410446167,0.30350174085058346,-0.5542652274623061,CD4 T-like
CGTGTAGACGATAC-1,787,1654.0,24.0,1.4510278,787,2,NK / cytotoxic lymphocytes,-0.5714316813151041,0.41616193308974747,1.4155924228706747,NK-like
CGTGTAGAGTTACG-1,951,2075.0,37.0,1.7831326,951,2,NK / cytotoxic lymphocytes,-0.34952506860097254,0.262830920171256,2.6478462026576803,NK-like
CGTGTAGAGTTCAG-1,720,1890.0,33.0,1.7460319,720,1,CD14-like monocytes,-0.6061988321940104,-0.8806068343345566,0.3266569927485301,CD14-like monocytes
CGTGTAGATTCGGA-1,842,1674.0,27.0,1.6129031,842,2,NK / cytotoxic lymphocytes,-0.5807641092936198,0.64961653237391,2.6818715529008346,NK-like
CGTTAGGAAACCAC-1,890,2243.0,45.0,2.0062418,890,0,T cells,1.4823512077331542,0.021970810553040176,-0.9697603938555477,CD4 T-like
CGTTAGGATCATTC-1,1355,4084.0,50.0,1.2242899,1355,1,CD14-like monocytes,-0.8816632080078125,-1.0651765303178267,-0.18989079022648359,CD14-like monocytes
CGTTATACCCTGAA-1,1005,2389.0,78.0,3.2649643,1005,2,NK / cytotoxic lymphocytes,-0.62378662109375,1.3190012055214007,0.943839287035393,NK-like
CGTTTAACTGGTCA-1,872,2767.0,39.0,1.4094687,872,0,T cells,0.8842986456553141,0.16820215552744233,-0.7382285669596508,CD4 T-like
CTAAACCTCTGACA-1,1185,2533.0,92.0,3.6320567,1185,2,NK / cytotoxic lymphocytes,0.12132281064987183,-0.9024604257911143,2.9411121715198862,NK-like
CTAAACCTGTGCAT-1,912,2520.0,36.0,1.4285715,912,3,B cells,-0.5824102274576823,-0.8399826974579783,-0.9568959245778094,B cells
CTAACACTAACGTC-1,869,2764.0,104.0,3.762663,869,0,T cells,1.2328484853108725,-0.2143415354719066,-1.143458973277699,CD4 T-like
CTAACACTAGTGCT-1,894,2355.0,54.0,2.2929935,894,1,CD14-like monocytes,-0.731545918782552,-0.9102014869150489,0.11598481842965791,CD14-like monocytes
CTAACGGAACCGAT-1,997,1999.0,31.0,1.5507754,997,2,NK / cytotoxic lymphocytes,-0.7551369222005209,-0.06412807233405826,2.3939505683051214,NK-like
CTAACGGATTTCTG-1,770,2257.0,31.0,1.3735046,770,0,T cells,0.2882354172070821,0.08806014494462455,-0.5909060389104517,CD4 T-like
CTAACTACGGCAAG-1,554,1287.0,16.0,1.2432013,554,0,T cells,-0.4778907775878906,1.4050653592504636,-0.40853492611586445,CD4 T-like
CTAAGGACACCATG-1,806,2135.0,57.0,2.6697893,806,0,T cells,0.5597162135442098,0.38897415893246423,-0.5685207077951142,CD4 T-like
CTAAGGACCGTTAG-1,1426,5485.0,96.0,1.7502278,1426,0,T cells,1.7122994836171468,-0.2406115503022166,-0.8815999137030707,CD4 T-like
CTAAGGACGCCATA-1,1012,2879.0,57.0,1.9798541,1012,1,CD14-like monocytes,-0.6741738891601563,-0.9276610095091541,-0.3171080656725951,CD14-like monocytes
CTAAGGTGCCTAAG-1,452,1111.0,20.0,1.8001801,452,3,B cells,0.5555721664428711,-0.8358293013139204,-0.3520349728940713,B cells
CTAAGGTGTTGCAG-1,896,2959.0,113.0,3.8188577,896,0,T cells,0.5150705671310425,-0.04097221451576316,-0.6789782553008108,CD4 T-like
CTAAGGTGTTTCTG-1,426,1009.0,9.0,0.89197224,426,0,T cells,-0.4178600056966146,1.6756136364407008,-0.7887449938841541,CD4 T-like
CTAATAGAGCTATG-1,239,600.0,1.0,0.16666667,239,0,T cells,-0.2778644561767578,-0.08041783438788519,-0.7417744337910354,CD4 T-like
CTAATGCTTGTGGT-1,829,2067.0,59.0,2.8543782,829,1,CD14-like monocytes,-0.21913789272308348,-0.5352534139999235,0.36395258951668774,CD14-like monocytes
CTACAACTCCCGTT-1,895,2194.0,45.0,2.0510483,895,2,NK / cytotoxic lymphocytes,-0.6465607706705729,0.7826465914947818,1.0001102254848289,NK-like
CTACCTCTCAACCA-1,787,2334.0,19.0,0.8140531,787,0,T cells,0.028377868334452327,0.7144421827913535,-0.15241427951388886,CD4 T-like
CTACGCACACCTAG-1,1139,3713.0,93.0,2.504713,1139,1,CD14-like monocytes,-0.22969574928283687,-0.4213642428619693,0.1760876723010132,CD14-like monocytes
CTACGCACTCTCCG-1,925,2639.0,35.0,1.32626,925,0,T cells,-0.21255896568298338,-0.12087582578562728,-0.6705676088429461,CD4 T-like
CTACGCACTGGTCA-1,1015,2471.0,51.0,2.0639417,1015,2,NK / cytotoxic lymphocytes,-0.05348779678344728,0.33788456001667067,1.9178820407751838,NK-like
CTACGGCTTTCTTG-1,1360,3914.0,65.0,1.6607052,1360,1,CD14-like monocytes,-0.5045587960879008,-0.821778228547838,-0.20130499252165213,CD14-like monocytes
CTACTATGAACCAC-1,1097,3188.0,77.0,2.4153075,1097,1,CD14-like monocytes,-0.772268320719401,-0.7689304366256252,0.3015998666936701,CD14-like monocytes
CTACTATGATGTGC-1,650,1663.0,39.0,2.3451593,650,1,CD14-like monocytes,-0.6062153116861979,-0.91390960385101,-0.16246205339528097,CD14-like monocytes
CTACTATGCTAAGC-1,853,2706.0,65.0,2.4020693,853,0,T cells,-0.1892677382628123,1.2321236388851897,-0.5818876391709452,NK-like
CTACTATGTAAAGG-1,549,1265.0,32.0,2.5296443,549,3,B cells,0.32327008883158365,-0.724021295104364,-0.7810461641562105,B cells
CTACTCCTATGTCG-1,1052,2181.0,40.0,1.8340211,1052,2,NK / cytotoxic lymphocytes,-0.7309749348958333,0.16049481979524238,2.570153377032039,NK-like
CTACTCCTGCCATA-1,307,586.0,22.0,3.7542663,307,1,CD14-like monocytes,-0.4333989969889323,-0.5856432288584082,0.24530164208075012,CD14-like monocytes
CTAGAGACACTTTC-1,1152,3201.0,61.0,1.9056545,1152,0,T cells,0.10848194917043052,0.5505338225701842,-0.9944868762083728,CD4 T-like
CTAGAGACAGCATC-1,907,2206.0,18.0,0.8159565,907,2,NK / cytotoxic lymphocytes,-0.04392926534016928,0.685294316031716,0.49737147417935446,NK-like
CTAGAGACTTTGGG-1,1628,5522.0,185.0,3.3502355,1628,1,CD14-like monocytes,-0.26176126400629685,-1.010340603915128,0.7411918351144502,CD14-like monocytes
CTAGATCTCTCTAT-1,731,1822.0,33.0,1.8111964,731,0,T cells,1.8611083221435547,0.25154524427471736,-0.87995517615116,CD4 T-like
CTAGATCTTCGACA-1,897,2392.0,34.0,1.4214047,897,0,T cells,1.4469201151529947,-0.6980381300955107,-0.6707836979567402,CD4 T-like
CTAGGATGAGCCTA-1,1749,5878.0,92.0,1.5651581,1749,3,B cells,-0.2402430967489878,-0.4374367415302932,-1.20290351636482,B cells
CTAGGATGATCGTG-1,762,2159.0,37.0,1.7137563,762,3,B cells,0.3473790796597799,-0.8112129442619554,-1.0153848667337437,B cells
CTAGGCCTCTCAGA-1,712,1998.0,4.0,0.2002002,712,0,T cells,0.427661722501119,-0.0346072601549553,-1.150615191218829,CD4 T-like
CTAGGTGATGGTTG-1,1195,3254.0,63.0,1.9360787,1195,1,CD14-like monocytes,-0.4301218803723653,-0.9409112641305635,0.4047213621813841,CD14-like monocytes
CTAGTTACCAGAGG-1,851,2741.0,53.0,1.9336009,851,0,T cells,1.2624339453379312,-0.6382074543924043,-0.7275277046242146,CD4 T-like
CTAGTTACCGCATA-1,864,2360.0,52.0,2.20339,864,0,T cells,0.6950102583567301,-0.05240445763173729,-0.944864677660393,CD4 T-like
CTAGTTACGAAACA-1,968,2247.0,51.0,2.269693,968,2,NK / cytotoxic lymphocytes,-0.1395563077926636,-0.05196962452898124,3.190971682770084,NK-like
CTATAAGATCGTTT-1,845,2736.0,29.0,1.0599415,845,3,B cells,0.22458403269449867,-0.8868808938999369,-0.9880546801017992,B cells
CTATACTGAGGTTC-1,331,732.0,3.0,0.40983605,331,1,CD14-like monocytes,-0.38218945821126304,-0.5152385981395992,0.29391134146488074,CD14-like monocytes
CTATACTGCCAGTA-1,840,2692.0,57.0,2.1173847,840,0,T cells,-0.5135526021321615,-0.6052363581127591,-1.005503490717724,CD4 T-like
CTATACTGCGCTAA-1,734,1857.0,30.0,1.6155088,734,1,CD14-like monocytes,-0.18588002284367877,-0.3798429416887688,-0.04334156392800692,CD14-like monocytes
CTATACTGCTACGA-1,948,2130.0,40.0,1.8779343,948,2,NK / cytotoxic lymphocytes,-0.7926753743489583,-0.35333184184450095,2.7003133600408384,NK-like
CTATACTGTCTCAT-1,842,1774.0,71.0,4.002255,842,2,NK / cytotoxic lymphocytes,-0.6407326253255209,-0.8893668434836648,2.5222134753911183,NK-like
CTATACTGTTCGTT-1,1543,4789.0,59.0,1.23199,1543,0,T cells,-0.09199839274088539,-0.8178430427204479,-0.8196418073442246,CD4 T-like
CTATAGCTGTCACA-1,661,2124.0,42.0,1.977401,661,0,T cells,-0.10158856391906734,0.5109869099626638,-0.931415673458215,CD4 T-like
CTATAGCTTCGCTC-1,981,2543.0,70.0,2.7526543,981,1,CD14-like monocytes,-0.35237350304921466,-0.9184771451083097,-0.13455564807159737,CD14-like monocytes
CTATAGCTTGCCTC-1,912,2498.0,85.0,3.4027224,912,1,CD14-like monocytes,0.1866743413607279,-0.8725370927290483,-0.1574175497498176,CD14-like monocytes
CTATCAACGAACTC-1,912,2522.0,54.0,2.1411576,912,0,T cells,0.5838543144861857,-0.007580259111192422,-0.6601801913193981,CD4 T-like
CTATCAACGCAGAG-1,1063,3163.0,71.0,2.2447045,1063,0,T cells,0.25208603461583456,-0.19185477459069455,-0.7354530206834428,CD4 T-like
CTATCAACTTTGGG-1,683,2057.0,69.0,3.3543997,683,0,T cells,-0.06250319639841717,0.26635561856356527,-1.0477329600941052,CD4 T-like
CTATCCCTCCACCT-1,823,2173.0,48.0,2.2089279,823,1,CD14-like monocytes,-0.6036282857259114,-0.8815160423818261,-0.07660980995255284,CD14-like monocytes
CTATGTACGAGAGC-1,996,3145.0,37.0,1.1764706,996,0,T cells,0.8809665616353353,0.13077868740968024,-1.0525515777896148,CD4 T-like
CTATGTACGCTTAG-1,695,2074.0,40.0,1.9286404,695,0,T cells,1.6471314938863117,0.44701469016797624,-1.0419863305910668,CD4 T-like
CTATGTACTGTTTC-1,1483,4826.0,58.0,1.2018235,1483,0,T cells,0.565513752301534,-0.3175350738294197,-0.6116474662164244,CD4 T-like
CTATGTTGAAAGCA-1,927,3168.0,62.0,1.9570706,927,0,T cells,0.538312694231669,-0.3258094508238514,-0.9822507916074811,CD4 T-like
CTATGTTGTCCTCG-1,574,1635.0,23.0,1.4067278,574,0,T cells,0.8894419717788696,0.26930568097817786,-0.8357590954713147,CD4 T-like
CTATGTTGTCTCGC-1,1052,3494.0,85.0,2.4327419,1052,0,T cells,1.2796756887435912,0.29276848032016956,-1.009636695938881,CD4 T-like
CTATTGACAAACGA-1,571,1289.0,55.0,4.2668734,571,1,CD14-like monocytes,-0.6635120137532552,-0.9655988288648201,-0.27358393813624526,CD14-like monocytes
CTATTGACACTGGT-1,1028,2940.0,65.0,2.2108843,1028,1,CD14-like monocytes,-0.7586738077799479,-0.3852055857879947,0.6098208090271613,CD14-like monocytes
CTATTGACGGTGAG-1,1263,3968.0,64.0,1.6129031,1263,1,CD14-like monocytes,-0.06486786206563311,-0.5866300187929712,0.29992385440402547,CD14-like monocytes
CTATTGTGGCAAGG-1,671,1939.0,70.0,3.6101084,671,2,NK / cytotoxic lymphocytes,-0.4984124755859375,0.6082783631604127,-1.0294828318586253,NK-like
CTCAATTGGTTCAG-1,958,3237.0,44.0,1.3592833,958,0,T cells,1.1108197689056396,-0.012960545703618265,-1.124497307671441,CD4 T-like
CTCAATTGGTTGCA-1,747,1908.0,60.0,3.1446543,747,1,CD14-like monocytes,-0.6456219991048177,-0.826330628057923,-0.027439474337028646,CD14-like monocytes
CTCAGAGATAGAAG-1,866,2568.0,35.0,1.3629284,866,0,T cells,1.275752150217692,-0.05456143099852284,-1.0105024395566997,CD4 T-like
CTCAGCACTCTAGG-1,896,2344.0,47.0,2.0051193,896,0,T cells,0.6441284847259522,0.28252617229114874,-0.6688911575259585,CD4 T-like
CTCAGCACTGAACC-1,489,1153.0,17.0,1.4744146,489,1,CD14-like monocytes,-0.5124419148763021,-0.8148153285787563,-0.009548454573660159,CD14-like monocytes
CTCAGCACTTGCAG-1,643,1860.0,29.0,1.5591397,643,0,T cells,-0.05573497215906775,0.08678554862436627,-0.9192232844805477,CD4 T-like
CTCAGCTGAACCTG-1,923,2928.0,75.0,2.5614753,923,1,CD14-like monocytes,0.3636238892873128,-0.7129166188866202,-0.30490916714523775,CD14-like monocytes
CTCAGCTGCAGTTG-1,820,2342.0,58.0,2.4765158,820,0,T cells,-0.529617919921875,0.8871500689573962,-0.415578854686082,CD4 T-like
CTCAGGCTCGTTGA-1,1466,4505.0,111.0,2.463929,1466,1,CD14-like monocytes,-0.9040104166666667,-0.7369276335745146,0.11190857164787515,CD14-like monocytes
CTCAGGCTGCTAAC-1,550,1198.0,20.0,1.6694492,550,0,T cells,0.14989393711090093,0.8302974777992325,-0.8169112542662957,CD4 T-like
CTCATTGACCTTAT-1,1112,3103.0,21.0,0.6767644,1112,0,T cells,1.4399906380971272,0.10293486142399333,-1.1069503167662957,CD4 T-like
CTCATTGATGCTTT-1,1006,3007.0,64.0,2.1283672,1006,1,CD14-like monocytes,-0.6797733561197916,-0.7293567313088312,0.6671502257838393,CD14-like monocytes
CTCCACGAGAGATA-1,1448,4639.0,94.0,2.0262988,1448,4,Dendritic cells,-0.49373358766237896,-1.1880579476404671,-0.3730236718148896,Dendritic cells
CTCCATCTCTTAGG-1,727,2109.0,25.0,1.185396,727,0,T cells,0.6892800458272298,0.26903860496752185,-0.8479907873905066,CD4 T-like
CTCCATCTGACGAG-1,899,2887.0,44.0,1.5240735,899,0,T cells,0.561200590133667,-0.453525346698183,-0.9664328218710543,CD4 T-like
CTCCGAACAAGTGA-1,998,2446.0,55.0,2.248569,998,1,CD14-like monocytes,-0.6964266967773437,-0.9506553881096117,0.5219654487841057,CD14-like monocytes
CTCCTACTGCCTTC-1,563,1292.0,48.0,3.7151701,563,1,CD14-like monocytes,-0.5916170247395833,-0.8751404116852115,0.01944281452834007,CD14-like monocytes
CTCGAAGATGTGGT-1,870,2952.0,68.0,2.303523,870,0,T cells,-0.1605094166596731,0.20142260753747188,-1.0011278402925743,CD4 T-like
CTCGAAGATTAGGC-1,903,2373.0,23.0,0.96923727,903,1,CD14-like monocytes,-0.7179748026529947,-0.5772533864685984,-0.09711192545264657,CD14-like monocytes
CTCGACTGCTCTAT-1,516,1144.0,12.0,1.048951,516,0,T cells,0.47238630215326943,-0.2519249872727827,-0.3800243517365119,CD4 T-like
CTCGACTGGGTGAG-1,754,2023.0,35.0,1.7301037,754,0,T cells,1.602829745610555,-0.47424147731125954,-0.9941569626933396,CD4 T-like
CTCGACTGGTTGAC-1,879,1814.0,41.0,2.2601984,879,2,NK / cytotoxic lymphocytes,-0.7226846822102865,0.24530279371473518,3.2132853113039577,NK-like
CTCGAGCTCTGGAT-1,588,1157.0,11.0,0.9507347,588,2,NK / cytotoxic lymphocytes,-0.5374067179361979,0.5531195707995482,1.5827637123339102,NK-like
CTCGCATGACTTTC-1,740,1839.0,79.0,4.295813,740,0,T cells,0.7997316853205363,1.1062749997533934,-0.9371455799449574,CD4 T-like
CTCGCATGCTTAGG-1,798,2190.0,78.0,3.5616438,798,0,T cells,1.4394645754496258,-0.5355944036233304,-0.953552939675071,CD4 T-like
CTCTAAACCTCGAA-1,798,2272.0,24.0,1.056338,798,0,T cells,0.17520357608795167,0.016376853711677408,-0.8665827741526594,CD4 T-like
CTCTAAACGGCGAA-1,653,2003.0,35.0,1.747379,653,0,T cells,-0.39873392740885416,-0.5628712328997525,-0.26500796934570925,CD4 T-like
CTCTAATGTCCAAG-1,902,2339.0,70.0,2.9927318,902,1,CD14-like monocytes,-0.20923958579699198,-0.8520177976049558,-0.13606275356177122,CD14-like monocytes
CTGAACGACAGTCA-1,990,2732.0,24.0,0.8784773,990,0,T cells,1.514391180674235,-0.17656098086424554,-0.9947913584083018,CD4 T-like
CTGAACGATGAGGG-1,724,1538.0,36.0,2.340702,724,0,T cells,1.5164489587148031,0.020188041648479427,-0.9043698551678898,CD4 T-like
CTGAAGACCCAACA-1,953,2753.0,74.0,2.6879766,953,0,T cells,1.0492666006088256,0.16065044017753227,-0.7637917292238487,CD4 T-like
CTGAAGACGTGCAT-1,891,2300.0,59.0,2.5652175,891,3,B cells,-0.24711765607198077,-0.9280246002505524,-0.9952209935043798,B cells
CTGAAGTGAAGCCT-1,1437,4073.0,122.0,2.995335,1437,1,CD14-like monocytes,-0.1455350812276205,-0.7772512977773494,1.0137776596377595,CD14-like monocytes
CTGAAGTGCAGCTA-1,653,1717.0,23.0,1.3395457,653,3,B cells,0.5110309918721516,-0.907897255637429,-0.5579193977394489,B cells
CTGAAGTGGCTATG-1,714,1891.0,16.0,0.84611315,714,0,T cells,0.45629154523213705,0.07298183537492853,-0.4736794315203272,CD4 T-like
CTGAAGTGTCCAGA-1,956,3300.0,20.0,0.60606056,956,0,T cells,0.8038087113698323,-0.3253312924895624,-1.0543393992414378,CD4 T-like
CTGAATCTGAATAG-1,877,2023.0,38.0,1.8783984,877,0,T cells,0.2951270135243734,-0.13723856511742183,-0.9992385247741082,CD4 T-like
CTGACAGAATCGTG-1,1012,2700.0,28.0,1.037037,1012,2,NK / cytotoxic lymphocytes,-0.6796859741210938,1.5574763904918325,0.4898230851298633,NK-like
CTGACCACAGCAAA-1,824,2478.0,20.0,0.8071025,824,0,T cells,0.9945576651891073,-0.7647145589192709,-0.506673602624373,CD4 T-like
CTGAGAACCGGGAA-1,1077,3916.0,81.0,2.0684373,1077,0,T cells,0.9104330857594808,-0.011811054114139408,-1.054003089365333,CD4 T-like
CTGAGAACGTAAAG-1,740,1420.0,25.0,1.7605635,740,2,NK / cytotoxic lymphocytes,-0.7055592346191406,-0.22200228228713526,2.75318911003344,NK-like
CTGATACTAGTAGA-1,692,2229.0,36.0,1.615074,692,0,T cells,0.7653717915217082,-0.24618188491975423,-0.9126550693704625,CD4 T-like
CTGATTTGGTGTTG-1,1063,2994.0,35.0,1.1690047,1063,1,CD14-like monocytes,-0.8151164754231771,-1.0342460401130444,0.01662199810297804,CD14-like monocytes
CTGCAGCTAACCGT-1,771,2674.0,91.0,3.4031413,771,0,T cells,1.1045756562550864,-0.17067410632817426,-0.5766105321922688,CD4 T-like
CTGCAGCTGACACT-1,808,3102.0,22.0,0.7092198,808,0,T cells,1.042274389266968,-0.10575003190474075,-1.0017687094331993,CD4 T-like
CTGCAGCTGGATTC-1,1389,4046.0,63.0,1.5570934,1389,1,CD14-like monocytes,0.06794745604197183,-0.9996642295760337,0.28998664605497115,CD14-like monocytes
CTGCAGCTTGGCAT-1,1264,3900.0,90.0,2.3076923,1264,2,NK / cytotoxic lymphocytes,0.5921773719787597,0.7404797390253857,-0.05335035035104463,NK-like
CTGCCAACAGGAGC-1,952,2857.0,85.0,2.9751487,952,0,T cells,0.6868897660573323,1.3898799742111052,-0.5285022918624108,NK-like
CTGCCAACCAGCTA-1,816,2211.0,28.0,1.2663953,816,0,T cells,2.1111934693654377,0.22254656204069512,-1.0228700734148122,CD4 T-like
CTGCCAACTAACCG-1,795,2264.0,46.0,2.0318022,795,1,CD14-like monocytes,-0.6478476969401041,-0.5150822562400741,0.23783683198871042,CD14-like monocytes
CTGCCAACTGCTCC-1,795,1870.0,51.0,2.7272727,795,2,NK / cytotoxic lymphocytes,0.5080583318074544,0.8832344845087841,-0.33514502650559563,NK-like
CTGCCAACTTGCAG-1,760,2344.0,76.0,3.242321,760,0,T cells,1.0659721279144287,-0.47961108082472675,-0.8406419079713147,CD4 T-like
CTGCCAACTTGCTT-1,886,2332.0,53.0,2.2727273,886,2,NK / cytotoxic lymphocytes,0.01521627426147465,1.7049088834512112,-0.4805286715729068,NK-like
CTGCGACTCCACCT-1,349,688.0,24.0,3.4883723,349,2,NK / cytotoxic lymphocytes,0.34854944388071696,1.8029013855288727,0.0730669055322204,NK-like
CTGGAAACAAACGA-1,868,2367.0,68.0,2.8728347,868,2,NK / cytotoxic lymphocytes,0.001045489311218284,0.8082905220262933,0.7339453783902257,NK-like
CTGGAAACATCGAC-1,842,2151.0,30.0,1.3947002,842,0,T cells,0.7743912521998088,-0.15899921137877193,-1.024476793077257,CD4 T-like
CTGGATGACTGGAT-1,819,2037.0,57.0,2.7982326,819,2,NK / cytotoxic lymphocytes,-0.07012837886810308,1.630021636654632,0.21203440463904166,NK-like
CTGGATGACTTGTT-1,626,1457.0,60.0,4.1180506,626,0,T cells,1.7052240912119547,-0.002026780446370502,-0.9945865207248263,CD4 T-like
CTGGATGATGTGAC-1,418,869.0,14.0,1.6110473,418,3,B cells,0.6403589940071106,-0.09668316792960119,-0.7053195683643071,B cells
CTGGCACTCAAGCT-1,903,2565.0,50.0,1.9493177,903,1,CD14-like monocytes,-0.6028910319010417,-0.8145105381204625,0.0709740879559757,CD14-like monocytes
CTGTAACTAACCAC-1,838,2167.0,64.0,2.9533918,838,0,T cells,1.42976775487264,1.1200835141268644,-0.9505876483339252,CD4 T-like
CTGTAACTAGCGTT-1,723,1983.0,19.0,0.9581442,723,0,T cells,0.9458075300852458,0.05018703961613202,-0.9810639969026199,CD4 T-like
CTGTATACGTAAAG-1,436,979.0,20.0,2.042901,436,0,T cells,0.8677459939320882,1.996302446692881,-0.7405793931749132,CD4 T-like
CTGTATACGTACGT-1,1112,3504.0,121.0,3.4531963,1112,1,CD14-like monocytes,-0.39547054211298627,-1.0041878440163352,-0.28270823257138034,CD14-like monocytes
CTGTATACGTTGGT-1,724,1828.0,16.0,0.8752735,724,0,T cells,1.0991049321492512,-0.44957698619726927,-0.8608506327927715,CD4 T-like
CTGTGAGACAACCA-1,1299,4059.0,93.0,2.2912047,1299,1,CD14-like monocytes,-0.4186631608009338,-0.782074022052264,0.1913282519639139,CD14-like monocytes
CTGTGAGACCTTGC-1,719,1662.0,70.0,4.211793,719,2,NK / cytotoxic lymphocytes,-0.538998057047526,1.1987098963573728,0.3535584420868845,NK-like
CTGTGAGACGAACT-1,843,2277.0,31.0,1.3614405,843,1,CD14-like monocytes,-0.6568267313639323,-0.9598435681275647,-0.12117872719812872,CD14-like monocytes
CTGTGAGACTGTAG-1,1090,3256.0,77.0,2.3648648,1090,1,CD14-like monocytes,0.20479736328124998,-0.4198415650261774,0.23668817847666102,CD14-like monocytes
CTTAAAGAACCTGA-1,696,2297.0,36.0,1.5672617,696,0,T cells,1.803070608774821,0.16987631248705315,-0.9018450650301847,CD4 T-like
CTTAACACCTGTAG-1,885,2068.0,35.0,1.6924566,885,0,T cells,0.7993533770243327,-0.690043434470591,-0.5393423109343557,CD4 T-like
CTTAACACTATCGG-1,627,1748.0,40.0,2.2883296,627,3,B cells,0.572045210202535,-0.36088685483643507,-0.41840439781998146,B cells
CTTAAGCTACCTAG-1,809,2362.0,49.0,2.0745132,809,0,T cells,0.6844804779688517,-0.18000424943789095,-0.8757764257565893,CD4 T-like
CTTAAGCTAGTACC-1,423,920.0,16.0,1.7391304,423,0,T cells,0.8440117184321085,1.0609075160941692,-0.7379778467043482,CD4 T-like
CTTAAGCTCATCAG-1,729,1860.0,57.0,3.064516,729,0,T cells,0.8005064725875854,-0.7884547686336016,-0.8009911739464962,CD4 T-like
CTTAAGCTCCGCTT-1,853,2374.0,71.0,2.990733,853,3,B cells,0.3068591435750325,-1.0778011745876737,-1.179171090174203,B cells
CTTACAACTAACGC-1,855,2369.0,41.0,1.7306881,855,0,T cells,1.8329860591888427,-0.13789067798190646,-0.9629865704160748,CD4 T-like
CTTACAACTCCCGT-1,608,1505.0,18.0,1.1960133,608,1,CD14-like monocytes,-0.5812082417805989,-0.45017169750098024,0.006356076038244951,CD14-like monocytes
CTTACTGACGTACA-1,627,1857.0,41.0,2.2078621,627,0,T cells,0.17573257684707644,0.10646710636639845,-0.8527257900045375,CD4 T-like
CTTAGACTAAACGA-1,823,2396.0,31.0,1.293823,823,0,T cells,0.7844420846303304,-0.3161380411398531,-1.0020790485420612,CD4 T-like
CTTAGGGACTTGCC-1,1063,2991.0,20.0,0.6686727,1063,0,T cells,1.1797244040171306,0.27763052661009513,-0.778896774908509,CD4 T-like
CTTAGGGAGAATCC-1,575,1638.0,38.0,2.3199024,575,0,T cells,1.2711014445622761,0.06256215066620796,-0.9912104751124526,CD4 T-like
CTTATCGACTCATT-1,743,1966.0,38.0,1.9328587,743,0,T cells,1.4446967760721843,-0.0776576263735993,-0.9858341409702494,CD4 T-like
CTTCACCTACCTGA-1,1528,4888.0,117.0,2.3936172,1528,1,CD14-like monocytes,-0.6455151335398356,-1.0889262189768782,0.2600140985816415,CD14-like monocytes
CTTCATGAAGCATC-1,681,1927.0,34.0,1.7644007,681,3,B cells,0.31317717870076495,-0.8302616157917061,-0.9346255678119082,B cells
CTTCATGAAGTACC-1,544,1324.0,25.0,1.8882176,544,0,T cells,0.6674732462565105,-0.31510602392331516,-0.7880124178799716,CD4 T-like
CTTCATGACCGAAT-1,422,937.0,33.0,3.5218782,422,2,NK / cytotoxic lymphocytes,0.8599666563669841,0.5663041134073277,1.0638296339246962,NK-like
CTTGAACTACGCAT-1,731,2077.0,34.0,1.6369764,731,0,T cells,1.3823516241709393,0.10498753557301532,-0.9737729159268466,CD4 T-like
CTTGATTGAGGTTC-1,920,2005.0,34.0,1.6957605,920,2,NK / cytotoxic lymphocytes,-0.2263918022314707,1.6295030035153784,1.1364745034111872,NK-like
CTTGATTGATCTTC-1,761,2094.0,53.0,2.531041,761,1,CD14-like monocytes,-0.604686533610026,-0.3651796230162033,-0.07433721272632332,CD14-like monocytes
CTTGATTGCATTCT-1,884,2276.0,67.0,2.9437609,884,0,T cells,0.28132177511851,0.11804354696562802,-0.4603677422109276,CD4 T-like
CTTGATTGTTTCGT-1,982,3235.0,36.0,1.1128284,982,0,T cells,0.30442198991775515,-0.1315124593599878,-0.9768589674824416,CD4 T-like
CTTGTATGACACCA-1,784,2020.0,26.0,1.2871287,784,3,B cells,-0.03587790966033938,0.16766018337673616,-0.9128350151909722,B cells
CTTGTATGCGCAAT-1,496,1035.0,20.0,1.9323671,496,3,B cells,0.4770302446683248,-0.7069804644343829,-0.20974059827399977,B cells
CTTTACGAGCGAAG-1,573,1483.0,60.0,4.045853,573,0,T cells,-0.04331942876180017,0.00700017370358863,-0.991002786039102,CD4 T-like
CTTTAGACCGTGAT-1,521,1507.0,38.0,2.5215662,521,0,T cells,0.08261598110198975,-0.3432787596577346,-0.7940530487985322,CD4 T-like
CTTTAGACGAGACG-1,663,2251.0,47.0,2.087961,663,0,T cells,1.679272429148356,-0.2589336178519509,-0.46964915593465173,CD4 T-like
CTTTAGACGATACC-1,794,2500.0,29.0,1.16,794,0,T cells,0.6602988497416178,0.05869919651686539,-0.6544647830905337,CD4 T-like
CTTTAGACGTTGGT-1,975,2937.0,97.0,3.3026896,975,0,T cells,0.5825433127085368,1.0689601262410484,-0.5628234564655958,CD4 T-like
CTTTAGACTCATTC-1,856,2511.0,81.0,3.2258062,856,2,NK / cytotoxic lymphocytes,-0.27415921250979103,1.3289750031750611,0.05090779294871317,NK-like
CTTTAGTGACGGGA-1,978,2214.0,45.0,2.0325203,978,2,NK / cytotoxic lymphocytes,-0.766510721842448,-0.03876007253473446,2.6777863512135514,NK-like
CTTTAGTGGGTGGA-1,590,1648.0,26.0,1.57767,590,0,T cells,0.5043263880411784,0.1851074103153112,-0.890799859557489,CD4 T-like
CTTTCAGAGAAACA-1,905,2496.0,34.0,1.3621795,905,0,T cells,1.7304978434244793,-0.07337441396231603,-0.7361477471361256,CD4 T-like
CTTTGATGAGCACT-1,695,2020.0,28.0,1.3861386,695,0,T cells,0.7488622538248698,-0.48786010356864545,-0.6687889925157182,CD4 T-like
CTTTGATGTCTAGG-1,816,1935.0,57.0,2.9457364,816,2,NK / cytotoxic lymphocytes,1.237228848139445,1.5663617837308634,0.052468935648600334,NK-like
CTTTGATGTGTCCC-1,976,3462.0,83.0,2.397458,976,0,T cells,0.3483218455314636,-0.6839195829449277,-1.032329058406329,CD4 T-like
CTTTGATGTGTGGT-1,816,2490.0,41.0,1.6465863,816,0,T cells,1.5778694248199463,-0.3507878746649231,-0.4828849243395256,CD4 T-like
GAAACAGAACTACG-1,753,1960.0,27.0,1.377551,753,0,T cells,1.1710698127746582,0.29297197804306485,-0.6438912317006276,CD4 T-like
GAAACAGAATCACG-1,791,2180.0,44.0,2.0183487,791,0,T cells,0.5084329652786255,-0.29552640529594043,-1.0187882702760023,CD4 T-like
GAAACAGACATTCT-1,858,2572.0,40.0,1.55521,858,0,T cells,0.7862615346908569,-0.8945933640605271,-1.0827260643544823,CD4 T-like
GAAACCTGATCGTG-1,813,2487.0,34.0,1.367109,813,0,T cells,1.3531442228953043,0.14339204364352753,-0.836889710089173,CD4 T-like
GAAACCTGATGCCA-1,841,2390.0,53.0,2.2175734,841,0,T cells,0.564161581993103,0.400596261265302,-0.33274357872779925,CD4 T-like
GAAACCTGCTTATC-1,1085,3639.0,37.0,1.0167629,1085,0,T cells,1.0712364800771077,-0.017448390613902687,-0.11454157781119301,CD4 T-like
GAAACCTGGACTAC-1,1692,5328.0,138.0,2.59009,1692,1,CD14-like monocytes,-0.31066495100657143,-0.7112425741523203,0.3934379982225822,CD14-like monocytes
GAAACCTGTGCTAG-1,716,1723.0,29.0,1.683111,716,0,T cells,1.3641127475102741,0.07593431954432006,-0.96338645857994,CD4 T-like
GAAAGATGATTTCC-1,955,2501.0,31.0,1.2395042,955,0,T cells,0.759095368385315,-0.30389894620336666,-0.762273446478025,CD4 T-like
GAAAGATGCTGATG-1,1467,4691.0,109.0,2.3235984,1467,1,CD14-like monocytes,-0.3839073403676351,-0.8285564167330963,0.5875770395452327,CD14-like monocytes
GAAAGATGCTTCGC-1,741,2316.0,23.0,0.9930915,741,1,CD14-like monocytes,-0.5281683349609375,-0.940497581404869,-0.22049669448775477,CD14-like monocytes
GAAAGATGTAAGGA-1,296,651.0,27.0,4.1474657,296,0,T cells,0.3928643989562988,0.6292213748199771,-0.5175616331774779,CD4 T-like
GAAAGCCTACGTTG-1,738,2282.0,42.0,1.8404908,738,3,B cells,0.8521867577234904,-0.9907991043244949,-1.0084213102706756,B cells
GAAAGTGAAAGTGA-1,1573,6177.0,160.0,2.590254,1573,4,Dendritic cells,-0.7885980224609375,-0.6100838868304936,-0.6268434192195083,Dendritic cells
GAAAGTGACCACAA-1,1119,3255.0,86.0,2.6420891,1119,1,CD14-like monocytes,-0.7597871907552083,-1.097091135352549,-0.33862102681940254,CD14-like monocytes
GAAAGTGACTCAAG-1,918,3359.0,85.0,2.530515,918,0,T cells,1.258946990966797,0.020379553900824687,-0.9392486726394808,CD4 T-like
GAAATACTACCAAC-1,283,561.0,9.0,1.604278,283,1,CD14-like monocytes,-0.46450398763020834,-0.6259153732145676,0.153667751466385,CD14-like monocytes
GAAATACTCTTAGG-1,703,2039.0,48.0,2.3540952,703,3,B cells,0.8211646016438802,-0.551251513066918,-1.0666721999043165,B cells
GAAATACTTCCTCG-1,842,2036.0,34.0,1.6699411,842,0,T cells,0.0984408775965373,0.02383231346053316,-0.9349856135821102,CD4 T-like
GAACACACGTGCAT-1,1253,3828.0,93.0,2.429467,1253,1,CD14-like monocytes,-0.45369092941284184,-0.7588391120987709,-0.42357570860120985,CD14-like monocytes
GAACACACTGCCTC-1,676,2168.0,88.0,4.0590405,676,0,T cells,0.5052569611867269,0.05972786527691465,-0.6206506647244848,CD4 T-like
GAACAGCTAACTGC-1,1636,5494.0,128.0,2.3298144,1636,1,CD14-like monocytes,-0.8626118977864583,-1.0355878887754497,-0.11762976598257979,CD14-like monocytes
GAACAGCTCTCAGA-1,1273,4199.0,124.0,2.953084,1273,1,CD14-like monocytes,-0.9201578776041667,-1.0250997832327178,0.5925608500085696,CD14-like monocytes
GAACCAACCACAAC-1,380,863.0,13.0,1.506373,380,0,T cells,0.330296889146169,0.39058303255023374,0.030936592275446206,CD4 T-like
GAACCAACTTCCGC-1,799,1610.0,33.0,2.0496893,799,2,NK / cytotoxic lymphocytes,-0.6330536905924479,-0.06574177115854596,2.226899599788165,NK-like
GAACCTGAACGTGT-1,1491,4756.0,152.0,3.1959631,1491,0,T cells,0.7469527594248454,0.8313695175479157,-0.31232859678942737,CD4 T-like
GAACCTGAGAGACG-1,878,2490.0,20.0,0.8032128,878,0,T cells,0.3269760171572368,0.0339405425871262,-0.7311995371423585,CD4 T-like
GAACCTGATGAACC-1,939,2871.0,37.0,1.2887496,939,0,T cells,0.6458940585454305,-0.1709049061091259,-1.1208372019758128,CD4 T-like
GAACGGGATACTTC-1,725,2033.0,30.0,1.4756517,725,0,T cells,1.405421314239502,-0.0938433647155762,-0.581308442414409,CD4 T-like
GAACTGTGACCTGA-1,1365,4027.0,81.0,2.0114229,1365,1,CD14-like monocytes,-0.8409054565429688,-0.8550694954515708,0.1940374817511048,CD14-like monocytes
GAACTGTGCCAGTA-1,818,2040.0,37.0,1.8137256,818,1,CD14-like monocytes,0.21878210465113324,-0.9041333439374211,0.23796679178873703,CD14-like monocytes
GAAGAATGCAATCG-1,719,2090.0,47.0,2.2488039,719,0,T cells,-0.06487749417622879,0.17745222033876362,-0.7780829535590278,CD4 T-like
GAAGCGGACCTATT-1,1343,4008.0,92.0,2.2954092,1343,1,CD14-like monocytes,-0.7777261352539062,-0.9968352654967645,-0.2119774616125859,CD14-like monocytes
GAAGCTACGAATGA-1,905,2610.0,57.0,2.183908,905,1,CD14-like monocytes,-0.2803935893376668,-1.0287208942451862,-0.23400107104368884,CD14-like monocytes
GAAGCTACGGTTTG-1,837,1763.0,32.0,1.8150879,837,0,T cells,1.5498682117462157,0.2668085281295006,-0.9249199761284722,CD4 T-like
GAAGGGTGAAAGTG-1,803,2473.0,20.0,0.80873436,803,0,T cells,1.0267563263575235,-0.07338431098244413,-0.8444719410905934,CD4 T-like
GAAGGGTGCTTAGG-1,990,2939.0,71.0,2.4157877,990,1,CD14-like monocytes,-0.6814715067545573,-0.9178108446525804,-0.28765516666450885,CD14-like monocytes
GAAGGTCTGAAAGT-1,1084,2280.0,22.0,0.9649123,1084,0,T cells,0.74237846215566,-0.18522920078701444,-1.1433653397993608,CD4 T-like
GAAGGTCTGTTGCA-1,976,3213.0,41.0,1.276066,976,0,T cells,1.6485365867614745,-0.1838964510445643,-1.0405905367148043,CD4 T-like
GAAGGTCTTAAAGG-1,1630,5640.0,95.0,1.6843971,1630,4,Dendritic cells,-0.6384872972965241,-0.7482875164109046,-0.5817585265997686,Dendritic cells
GAAGTAGACTCCCA-1,795,1871.0,44.0,2.3516836,795,2,NK / cytotoxic lymphocytes,0.9445446872711182,1.4166418248956854,1.176986524793837,NK-like
GAAGTAGATCCAAG-1,1408,4035.0,107.0,2.6517968,1408,1,CD14-like monocytes,-0.35768486261367793,-1.1137847129744713,0.30068234530362203,CD14-like monocytes
GAAGTCACCCTCGT-1,771,1853.0,29.0,1.5650296,771,1,CD14-like monocytes,-0.6060185241699219,-0.5222970909542508,-0.09112202519118184,CD14-like monocytes
GAAGTCACCCTGTC-1,650,1978.0,47.0,2.3761375,650,3,B cells,0.33485167026519774,-0.7449840969509549,-0.9951336022579309,B cells
GAAGTCTGTCGCAA-1,779,1998.0,42.0,2.102102,779,3,B cells,0.5972457758585612,-0.4896157105763754,-0.8970037903448548,B cells
GAAGTCTGTTCTGT-1,648,2244.0,56.0,2.4955437,648,0,T cells,-0.5112607320149739,-0.5573708452359594,-0.9029030848031092,CD4 T-like
GAAGTGCTAAACGA-1,817,1806.0,53.0,2.9346623,817,2,NK / cytotoxic lymphocytes,-0.6335464986165364,-0.828046856504498,2.4128405041164824,NK-like
GAAGTGCTCCGCTT-1,1127,3251.0,91.0,2.7991388,1127,1,CD14-like monocytes,0.02590249617894491,-0.9472389606514362,-0.05679763254493175,CD14-like monocytes
GAAGTGCTTAACCG-1,882,2587.0,59.0,2.280634,882,0,T cells,0.7745822095870971,-0.07340755655307962,-0.029967739606144406,CD4 T-like
GAATGCACCCTAAG-1,954,3039.0,51.0,1.6781837,954,0,T cells,0.8157232920328776,0.14312435400606405,-1.0188328136097302,CD4 T-like
GAATGCACCTTCGC-1,830,1980.0,40.0,2.020202,830,2,NK / cytotoxic lymphocytes,-0.6048287455240885,0.7974965740935971,2.703615265663224,NK-like
GAATGCTGCGGTAT-1,732,2569.0,100.0,3.8925653,732,0,T cells,0.5543254232406616,0.5119938426547579,-1.0603602245600536,CD4 T-like
GAATTAACGATAAG-1,783,2136.0,27.0,1.2640449,783,0,T cells,0.7879666614532471,-0.17753303701227352,-0.9914795846650095,CD4 T-like
GAATTAACGGTCAT-1,756,1914.0,33.0,1.7241379,756,0,T cells,1.4717462221781412,0.2882442426199865,-0.9132437657828283,CD4 T-like
GAATTAACGTCGTA-1,708,1323.0,20.0,1.5117158,708,2,NK / cytotoxic lymphocytes,-0.6440885925292968,-0.8731427433514836,1.2977027199485087,NK-like
GAATTAACTGAAGA-1,976,2481.0,52.0,2.095929,976,3,B cells,0.052838458220163975,-0.9123509724934896,-1.1787299724540325,B cells
GACAACACAGGCGA-1,718,2578.0,41.0,1.5903801,718,0,T cells,0.8248117605845133,0.0663517980864553,-0.8971715599599511,CD4 T-like
GACAACACATCGTG-1,887,2592.0,57.0,2.199074,887,0,T cells,0.2302516357103983,-0.09317027486936003,-0.49417534308000044,CD4 T-like
GACAACACTCGCCT-1,809,2229.0,35.0,1.5702108,809,0,T cells,-0.44608662923177084,0.9784345723161794,-0.9626130383424084,CD4 T-like
GACAACTGAGGTTC-1,795,2501.0,50.0,1.9992003,795,0,T cells,1.2417916027704874,0.042729353663897296,-0.3278553220960829,CD4 T-like
GACAGGGAAGAGTA-1,662,1574.0,45.0,2.858958,662,3,B cells,0.2390482632319132,-0.6703044725186897,-1.1487424445874763,B cells
GACAGGGAATGCCA-1,912,2543.0,30.0,1.179709,912,0,T cells,1.5669089412689208,0.6066232613842897,-0.3830388353328512,CD4 T-like
GACAGTACGAGCTT-1,1550,4933.0,120.0,2.432597,1550,1,CD14-like monocytes,-0.9225850423177083,-0.9755591190222538,0.7458112369884142,CD14-like monocytes
GACAGTACTTCGGA-1,1509,5193.0,249.0,4.794916,1509,1,CD14-like monocytes,-0.9223598225911458,-0.7169907666215993,0.4093311300181379,CD14-like monocytes
GACAGTTGAGTAGA-1,1021,3107.0,49.0,1.577084,1021,3,B cells,0.02933145125706993,-0.6137443231813835,-1.057332896222972,B cells
GACATTCTCCACCT-1,1751,6193.0,155.0,2.5028257,1751,4,Dendritic cells,-0.5573154556751251,-0.7374279723022923,-0.33600835800170903,Dendritic cells
GACCAAACGACTAC-1,776,2043.0,80.0,3.91581,776,1,CD14-like monocytes,-0.6345762634277343,-1.0424605090208727,0.17202076478437944,CD14-like monocytes
GACCAAACGTATCG-1,910,2228.0,66.0,2.962298,910,1,CD14-like monocytes,-0.7448108418782552,-1.0194363064236112,-0.1745476096567482,CD14-like monocytes
GACCCTACTAAAGG-1,714,1493.0,22.0,1.4735433,714,3,B cells,0.662818676630656,-0.8489991775666824,-0.5397770660092132,B cells
GACCTAGACCTCAC-1,530,1178.0,58.0,4.9235992,530,0,T cells,0.13344284534454348,1.0018498738606771,-0.8346998426649306,CD4 T-like
GACCTAGACGAGAG-1,846,2591.0,112.0,4.3226557,846,0,T cells,0.17935278574625646,-0.4108865458555896,-1.0929449832800664,CD4 T-like
GACCTCACAAGGTA-1,631,1825.0,29.0,1.589041,631,0,T cells,0.1934478632609049,-0.047130000470864686,-0.8583146682893387,CD4 T-like
GACCTCACGTACGT-1,1152,3514.0,80.0,2.2766078,1152,1,CD14-like monocytes,-0.4851129853725433,-1.1630563446969697,-0.4232131861677073,CD14-like monocytes
GACCTCTGCATCAG-1,1118,4014.0,88.0,2.1923268,1118,0,T cells,-0.009419035116831509,0.39223775093001545,-0.9078554095643939,CD4 T-like
GACGAACTCCCACT-1,755,2191.0,32.0,1.4605203,755,0,T cells,1.283222090403239,0.28449175478232036,-0.9547811180654199,CD4 T-like
GACGATTGCCAATG-1,573,1186.0,18.0,1.5177065,573,3,B cells,0.26682692448298134,-0.18363777218442967,-0.833212881377249,B cells
GACGCCGACCTTCG-1,1176,2708.0,47.0,1.7355982,1176,0,T cells,1.2057566944758098,0.4594197851238828,-0.6269371345789745,CD4 T-like
GACGCTCTCTCTCG-1,267,683.0,22.0,3.2210834,267,5,Platelets,-0.22108141581217447,0.720220419373175,-0.3733816050519847,Platelets
GACGGCACACGGGA-1,918,1803.0,18.0,0.9983361,918,2,NK / cytotoxic lymphocytes,-0.755470937093099,-0.09854075499255255,2.5938002037279535,NK-like
GACGGCACGAGATA-1,1132,3154.0,70.0,2.219404,1132,1,CD14-like monocytes,-0.7016211446126303,-0.9778653539792456,-0.29358910502809477,CD14-like monocytes
GACGTAACCTATGG-1,849,2218.0,31.0,1.3976555,849,0,T cells,0.7040941015879313,-0.11287512827401203,-1.1197618426698628,CD4 T-like
GACGTAACCTGTGA-1,938,2521.0,42.0,1.6660055,938,0,T cells,0.9068974161148071,0.6836027935297802,-1.0315926291725852,CD4 T-like
GACGTAACTATGGC-1,1140,3219.0,57.0,1.7707362,1140,0,T cells,0.5287544298171997,0.06791479129983924,-0.9114828834630021,CD4 T-like
GACGTATGTTGACG-1,909,2554.0,23.0,0.90054816,909,0,T cells,0.9175803629557292,0.15686910995329273,-1.1588076196535668,CD4 T-like
GACGTATGTTTGCT-1,840,2410.0,27.0,1.120332,840,0,T cells,0.09873533089955644,0.07089160187075838,-0.5813823907062261,CD4 T-like
GACGTCCTACGGAG-1,806,2226.0,37.0,1.6621742,806,0,T cells,1.0018837896982828,0.5031313173698656,-1.0203793458264283,CD4 T-like
GACGTCCTCTCAAG-1,904,2413.0,64.0,2.6523,904,1,CD14-like monocytes,-0.7192294820149739,-0.5366321098924887,0.33854762279626094,CD14-like monocytes
GACGTCCTGATAAG-1,788,2256.0,36.0,1.5957447,788,3,B cells,0.9798405774434408,-0.8312920464409722,-0.963037047723327,B cells
GACTACGATGGTCA-1,778,1874.0,32.0,1.7075773,778,3,B cells,0.5432569217681885,-0.03547656415688871,-0.4942974683010217,B cells
GACTCCTGCTCGCT-1,715,1862.0,64.0,3.4371643,715,0,T cells,1.3232481495539348,-0.053131156979185135,-0.862645544186987,CD4 T-like
GACTCCTGGGTTAC-1,869,2649.0,68.0,2.5670063,869,0,T cells,0.09331100940704351,-0.4251285316968205,-1.1010369965524385,CD4 T-like
GACTCCTGTTATCC-1,714,1462.0,34.0,2.3255813,714,0,T cells,0.6999514961242675,0.5669042510215683,-0.6532894115255337,CD4 T-like
GACTCCTGTTGGTG-1,883,2720.0,56.0,2.0588236,883,1,CD14-like monocytes,0.02564786195755009,-0.37655980707419034,-0.26464356460956606,CD14-like monocytes
GACTGAACCAATCG-1,767,2301.0,26.0,1.1299435,767,1,CD14-like monocytes,-0.5716853841145834,-0.4931342045466105,-0.17179640567663945,CD14-like monocytes
GACTGATGTGATGC-1,858,2650.0,36.0,1.3584906,858,0,T cells,1.146834732691447,0.14917678640346332,-0.12020498237224542,CD4 T-like
GACTTTACATGCCA-1,788,2480.0,23.0,0.9274193,788,0,T cells,1.256352373758952,-0.4740969190693865,-0.5034056283006765,CD4 T-like
GACTTTACGACAGG-1,553,1350.0,21.0,1.5555556,553,3,B cells,0.34476779381434125,-0.7487605701793324,-0.9487583661320234,B cells
GAGAAATGTTCTCA-1,634,2056.0,66.0,3.2101166,634,3,B cells,0.1371297232309977,-0.8469034060083255,-0.9164957374033301,B cells
GAGATAGAAAAAGC-1,1230,3327.0,55.0,1.653141,1230,1,CD14-like monocytes,-0.5352894151210785,-0.9939837214922664,-0.3471307841214267,CD14-like monocytes
GAGATCACGACAAA-1,1131,3174.0,64.0,2.016383,1131,1,CD14-like monocytes,-0.7451138305664062,-0.9189609566120186,0.8894443762422811,CD14-like monocytes
GAGATGCTCTGGAT-1,849,2075.0,58.0,2.7951808,849,0,T cells,-0.11468494017918907,0.84557253519694,-0.030737959736525378,NK-like
GAGATGCTGAATGA-1,811,1804.0,32.0,1.7738359,811,0,T cells,1.1849777030944826,0.3884131537543404,-1.0215757736051925,CD4 T-like
GAGCAGGATTCCCG-1,827,1900.0,33.0,1.7368422,827,2,NK / cytotoxic lymphocytes,0.8478291257222493,1.2845217232752328,0.23502361702196517,NK-like
GAGCATACTTTGCT-1,1753,6694.0,112.0,1.6731402,1753,1,CD14-like monocytes,-0.12694630543390906,-0.15197507877542515,0.0035541919746784334,CD14-like monocytes
GAGCGCACGCGTAT-1,713,1777.0,49.0,2.7574563,713,1,CD14-like monocytes,-0.5907132466634114,-0.9611683084507181,-0.06645554147585475,CD14-like monocytes
GAGCGCACGGTGAG-1,484,1056.0,49.0,4.6401515,484,2,NK / cytotoxic lymphocytes,1.206129976908366,1.8965300030178494,0.29097469984882995,NK-like
GAGCGCTGAAGATG-1,783,1631.0,47.0,2.8816679,783,2,NK / cytotoxic lymphocytes,-0.6792312622070312,0.5400713737564858,2.529185370242957,NK-like
GAGCGCTGTCTTAC-1,722,1979.0,29.0,1.4653865,722,1,CD14-like monocytes,-0.09214878718058273,-0.9653396606445312,-0.23756267855865776,CD14-like monocytes
GAGCGGCTGGGAGT-1,596,1520.0,37.0,2.4342105,596,3,B cells,0.6101219844818115,-0.3969751184636896,-0.9107972732698074,B cells
GAGGACGACTCAGA-1,514,1171.0,15.0,1.2809564,514,2,NK / cytotoxic lymphocytes,0.343648841381073,0.8687689232103752,-0.8116616913766572,CD4 T-like
GAGGATCTGAAAGT-1,372,717.0,3.0,0.41841003,372,3,B cells,0.30092037916183473,-0.7093880393288352,-0.7640508015950521,B cells
GAGGCAGACTTGCC-1,925,2239.0,27.0,1.2058954,925,2,NK / cytotoxic lymphocytes,-0.6632221984863281,1.1708289059725674,0.8298381073306305,NK-like
GAGGGAACACCAGT-1,747,1677.0,10.0,0.5963029,747,0,T cells,0.27817852338155113,0.737208336531514,-0.9252677686286696,NK-like
GAGGGAACGAGGGT-1,840,1827.0,43.0,2.3535852,840,0,T cells,0.6510322014490764,-0.41873755406851726,-1.1536002110953283,CD4 T-like
GAGGGATGGGAAAT-1,673,1497.0,30.0,2.004008,673,0,T cells,-0.5817198181152343,-0.11573498754790335,-0.8407789288145123,CD4 T-like
GAGGGCCTTCACCC-1,955,2480.0,67.0,2.701613,955,0,T cells,1.3286757866541543,0.18331562774349952,-1.0216768823488793,CD4 T-like
GAGGGTGAAGAGTA-1,796,2599.0,40.0,1.5390534,796,0,T cells,1.5342283503214518,-0.16057367613821316,-0.3295734781207461,CD4 T-like
GAGGTACTACGGTT-1,719,2041.0,62.0,3.0377266,719,0,T cells,0.4417647425333659,0.6323975341488616,-0.919904766660748,CD4 T-like
GAGGTACTACTCAG-1,718,1980.0,40.0,2.020202,718,1,CD14-like monocytes,-0.7633468627929687,-0.9251678929184423,-0.16110229588518243,CD14-like monocytes
GAGGTACTGACACT-1,857,1922.0,26.0,1.3527576,857,2,NK / cytotoxic lymphocytes,-0.6324183146158854,0.5525635401407877,2.7189076240616616,NK-like
GAGGTACTGGGAGT-1,578,1321.0,11.0,0.8327025,578,0,T cells,0.8275253200531005,-0.7276958889431424,-0.4282398989706328,CD4 T-like
GAGGTACTTAGCGT-1,1063,3386.0,96.0,2.8352036,1063,1,CD14-like monocytes,-0.7931705729166667,-0.765373749443979,-0.10622069618918673,CD14-like monocytes
GAGGTGGAGTACGT-1,594,1515.0,62.0,4.092409,594,0,T cells,0.09100008646647134,-0.18113917919120404,-0.7734079071969697,CD4 T-like
GAGGTGGATCCTCG-1,997,1988.0,39.0,1.9617707,997,2,NK / cytotoxic lymphocytes,-0.8657173665364584,0.45405154372706547,3.0166940245965517,NK-like
GAGGTTACTCGTTT-1,1268,3757.0,47.0,1.2509981,1268,1,CD14-like monocytes,0.0007116389274597346,-0.6436355219946966,-0.19110771718651354,CD14-like monocytes
GAGGTTTGTAAGCC-1,341,684.0,23.0,3.362573,341,1,CD14-like monocytes,-0.40620020548502606,-0.5544333409781408,0.9065188301934136,CD14-like monocytes
GAGTCAACCATTCT-1,388,897.0,16.0,1.7837236,388,0,T cells,0.6587488794326782,-0.732297415685172,-0.7575215041035354,CD4 T-like
GAGTCAACGGGAGT-1,753,2627.0,50.0,1.9033117,753,0,T cells,0.533186362584432,0.323619709592877,-0.8206303143742109,CD4 T-like
GAGTCTGATCGTGA-1,834,2354.0,30.0,1.2744265,834,0,T cells,0.39933457374572756,-0.11358652500191124,-1.1188393024483112,CD4 T-like
GAGTCTGATTTGGG-1,593,1493.0,31.0,2.0763564,593,3,B cells,0.3981382004419962,-0.8255334719262942,-0.8940427375562263,B cells
GAGTGACTCAGCTA-1,1189,2887.0,47.0,1.6279876,1189,0,T cells,0.4700717894236247,0.2947009992117833,-1.012555748525292,CD4 T-like
GAGTGACTCGGTAT-1,911,2183.0,33.0,1.5116812,911,2,NK / cytotoxic lymphocytes,0.16724167426427206,1.981359660986698,0.2255339439469154,NK-like
GAGTGACTCTTGCC-1,738,1833.0,28.0,1.5275505,738,3,B cells,0.5764981444676717,-0.8352212616891572,-0.5818283765002934,B cells
GAGTGACTGACTAC-1,476,1256.0,51.0,4.060509,476,3,B cells,1.0665563042958577,-0.2686193890041776,-0.7894707111397175,B cells
GAGTGACTGTCTAG-1,816,2146.0,42.0,1.9571295,816,0,T cells,0.22856023073196408,-0.17191381406302408,-0.6236467325326168,CD4 T-like
GAGTGGGAGTCTTT-1,641,1581.0,40.0,2.5300443,641,3,B cells,0.43523456891377765,-0.7765342635337753,-1.067087963373974,B cells
GAGTGGGATGCCCT-1,746,2475.0,51.0,2.0606062,746,0,T cells,1.1433175659179686,0.5076585634790286,-0.6455403756613683,CD4 T-like
GAGTGGGATGCTGA-1,635,1498.0,29.0,1.9359145,635,3,B cells,0.5064100702603658,-0.740508339621804,-0.3739679630356606,B cells
GAGTGTTGCTGTAG-1,953,2790.0,58.0,2.078853,953,0,T cells,0.670148499806722,-0.39101558454108964,-1.0321657585375237,CD4 T-like
GAGTGTTGTGGTCA-1,801,2044.0,33.0,1.6144814,801,0,T cells,1.0729310766855875,-0.9398061578924005,-1.0294053819444444,CD4 T-like
GAGTTGTGCATGGT-1,326,693.0,19.0,2.7417028,326,1,CD14-like monocytes,-0.490616455078125,-0.6978890775430082,0.2697520795494619,CD14-like monocytes
GAGTTGTGCTGAGT-1,849,2000.0,46.0,2.3,849,2,NK / cytotoxic lymphocytes,-0.6180966186523438,2.024070940114031,-0.40217711997754635,NK-like
GAGTTGTGGCGAGA-1,499,1225.0,15.0,1.2244898,499,1,CD14-like monocytes,-0.37360933939615887,-0.669145526308002,0.1450969676778774,CD14-like monocytes
GAGTTGTGGTAGCT-1,865,2422.0,22.0,0.9083402,865,5,Platelets,-0.09848631421724952,0.5677628873574614,-0.5268216373944523,Platelets
GAGTTGTGTATGCG-1,1420,4179.0,106.0,2.536492,1420,1,CD14-like monocytes,-0.20806079308191938,-0.8514891164471405,0.5100750412603823,CD14-like monocytes
GATAAGGAGAAACA-1,487,1139.0,35.0,3.072871,487,1,CD14-like monocytes,-0.36009427388509113,-0.7355681910659327,-0.05128672580526339,CD14-like monocytes
GATAAGGATTCACT-1,876,2518.0,70.0,2.779984,876,1,CD14-like monocytes,-0.658337148030599,-0.9259159589054609,-0.13779553933577104,CD14-like monocytes
GATACTCTATCGGT-1,797,2343.0,39.0,1.6645327,797,0,T cells,1.6482533009847007,-0.05428266910591506,-0.961456298828125,CD4 T-like
GATACTCTTACTTC-1,981,2881.0,83.0,2.880944,981,0,T cells,-0.2795324182510376,-0.08862354297830599,-1.0294684207800664,CD4 T-like
GATACTCTTGACTG-1,756,2146.0,56.0,2.6095061,756,1,CD14-like monocytes,-0.6198376973470052,-0.9787250865589489,0.5073985851172247,CD14-like monocytes
GATAGAGAAGGGTG-1,850,2063.0,64.0,3.1022782,850,2,NK / cytotoxic lymphocytes,-0.6302599080403646,0.5454408896089805,0.4767863957568854,NK-like
GATAGAGACTGTGA-1,1097,3964.0,38.0,0.95862764,1097,0,T cells,1.3678140719731648,-0.3331072735063958,-0.7492998513308438,CD4 T-like
GATAGAGATCACGA-1,998,2811.0,40.0,1.4229811,998,4,Dendritic cells,-0.3607970213890076,-0.9588848075481377,0.06459313305941483,Dendritic cells
GATAGCACCCATAG-1,829,2638.0,55.0,2.0849128,829,0,T cells,1.0299863688151043,0.0012356257197833065,-0.6881387737062242,CD4 T-like
GATAGCACGAAGGC-1,1159,3630.0,71.0,1.9559228,1159,1,CD14-like monocytes,-0.7080747985839844,-0.7221650212702124,-0.060059594626378665,CD14-like monocytes
GATAGCACTTGTCT-1,955,2942.0,60.0,2.039429,955,0,T cells,0.7259305461247763,0.4522003327957308,-0.7884459469053481,CD4 T-like
GATATAACAAGGTA-1,1061,3234.0,51.0,1.5769944,1061,0,T cells,1.3534251022338868,0.4503408855862088,-0.9999650897401752,CD4 T-like
GATATAACACGCAT-1,696,2247.0,16.0,0.7120605,696,0,T cells,0.0320515322685242,-0.03367052848892982,-0.6335050423940023,CD4 T-like
GATATATGCTGGAT-1,786,2668.0,60.0,2.2488756,786,0,T cells,0.5788573900858561,-0.11168449478920062,-0.987187086933791,CD4 T-like
GATATATGTCCGTC-1,743,1819.0,27.0,1.4843321,743,2,NK / cytotoxic lymphocytes,-0.0860195247332255,1.4753642496436536,0.3136804330228553,NK-like
GATATATGTGGAGG-1,1211,3775.0,95.0,2.5165563,1211,1,CD14-like monocytes,-0.1599511233965556,-0.294627040323585,-0.49603701071305717,CD14-like monocytes
GATATCCTAGAAGT-1,893,2302.0,30.0,1.3032146,893,0,T cells,1.1976765569051107,0.5526277147158228,-0.9692372794103141,CD4 T-like
GATATCCTCCCGTT-1,491,1071.0,14.0,1.3071896,491,1,CD14-like monocytes,-0.4545668538411458,-0.7242125694197837,0.19236932619653568,CD14-like monocytes
GATATTGACAGGAG-1,744,1736.0,63.0,3.6290321,744,2,NK / cytotoxic lymphocytes,0.8726301511128743,1.1966287131261346,-0.4804801989083338,NK-like
GATATTGACGAGTT-1,1447,4410.0,60.0,1.3605442,1447,1,CD14-like monocytes,-0.9258676147460938,-1.0771762578174322,0.24889637725521818,CD14-like monocytes
GATATTGAGCCAAT-1,767,2424.0,36.0,1.4851485,767,0,T cells,1.4913655090332032,-0.038343349610916344,-0.8825831557765151,CD4 T-like
GATCCCTGACCTTT-1,1050,2213.0,24.0,1.0845007,1050,2,NK / cytotoxic lymphocytes,-0.6810310363769532,-0.13441471427378027,2.7499919698695945,NK-like
GATCCCTGTGTAGC-1,853,2324.0,34.0,1.4629948,853,2,NK / cytotoxic lymphocytes,-0.24515934348106383,1.298116499004942,0.22407449375499378,NK-like
GATCCGCTGGTCAT-1,1118,3070.0,53.0,1.7263843,1118,1,CD14-like monocytes,-0.7756333414713542,-0.8680860731336806,-0.25664635234408906,CD14-like monocytes
GATCGAACCGAGAG-1,1428,4590.0,114.0,2.4836602,1428,0,T cells,1.1281987301508587,0.44635535924121594,-0.27266813239665955,CD4 T-like
GATCGATGACTAGC-1,555,1137.0,10.0,0.87950754,555,3,B cells,0.6186476421356202,-0.6957409020626184,-0.777858079081834,B cells
GATCGATGGTAAAG-1,612,1771.0,33.0,1.8633541,612,3,B cells,0.19617506345113123,-0.8888357143209438,-1.0356824470288826,B cells
GATCGATGTAAGGA-1,854,2504.0,32.0,1.2779553,854,1,CD14-like monocytes,-0.6208012898763021,-0.5129361721000286,-0.13320847617255316,CD14-like monocytes
GATCGTGACACTAG-1,789,2252.0,39.0,1.731794,789,0,T cells,0.4945650561650594,-0.05719814300537107,-1.1216330480093908,CD4 T-like
GATCGTGATTCACT-1,889,2068.0,22.0,1.0638298,889,0,T cells,1.35032190322876,-0.07935578799006915,-0.5728448371694546,CD4 T-like
GATCTACTGGTGAG-1,784,1969.0,53.0,2.6917217,784,2,NK / cytotoxic lymphocytes,0.8700631682078044,1.059040017561479,-0.5622781488630507,CD4 T-like
GATCTACTTTGCAG-1,712,1624.0,19.0,1.1699507,712,3,B cells,0.8746254523595174,-0.9534064398871528,-0.46663747845274023,B cells
GATCTTACACCCAA-1,1323,3608.0,93.0,2.5776052,1323,1,CD14-like monocytes,0.1751520919799805,-1.115550571017795,0.6803111105254203,CD14-like monocytes
GATCTTACCCTACC-1,921,2803.0,68.0,2.4259722,921,0,T cells,1.2789022318522134,0.2552657117747298,-0.9639245235558712,CD4 T-like
GATCTTACGAATAG-1,682,1542.0,32.0,2.075227,682,1,CD14-like monocytes,-0.17824840863545732,-0.9555398960306187,0.08290753990712796,CD14-like monocytes
GATCTTACGAGATA-1,794,2202.0,59.0,2.6793826,794,1,CD14-like monocytes,-0.008660348256429029,-0.9279209483753551,-0.16171191340745095,CD14-like monocytes
GATGCAACTCCAGA-1,846,2487.0,22.0,0.88459986,846,0,T cells,1.2475844351450602,0.23157851768262472,-0.8984134558475378,CD4 T-like
GATGCCCTACGTAC-1,1012,2810.0,71.0,2.5266905,1012,0,T cells,0.6509090264638265,-0.08341159627895156,-0.9434390597873263,CD4 T-like
GATGCCCTCTCATT-1,839,2403.0,33.0,1.3732834,839,0,T cells,0.3267836062113444,-0.024213295271902302,-0.8713923752909959,CD4 T-like
GATGCCCTGGCAAG-1,807,2300.0,23.0,1.0,807,1,CD14-like monocytes,-0.13604161183039343,-0.7467990451388888,0.3094338253290967,CD14-like monocytes
GATGCCCTTTTGCT-1,587,1525.0,55.0,3.6065574,587,0,T cells,1.3168922233581544,-0.5326292582232544,-0.6002809490820376,CD4 T-like
GATTACCTTGTTCT-1,881,2471.0,49.0,1.9830028,881,0,T cells,-0.547525634765625,0.8649099523370917,-0.9252760916045217,CD4 T-like
GATTCGGAACGACT-1,781,2625.0,65.0,2.4761903,781,0,T cells,0.9414654938379924,0.17942163390342636,-0.8820622762044271,CD4 T-like
GATTCGGACAGGAG-1,1010,2873.0,47.0,1.6359206,1010,1,CD14-like monocytes,-0.7308146158854166,-0.9306567413638337,-0.2752512512785015,CD14-like monocytes
GATTCGGAGAAGGC-1,1182,3634.0,86.0,2.366538,1182,1,CD14-like monocytes,-0.4669001630942027,-1.0341559516059027,0.47599752792204275,CD14-like monocytes
GATTCTTGATTCGG-1,1149,3001.0,48.0,1.5994668,1149,1,CD14-like monocytes,-0.6982325744628907,-0.950218971329506,-0.3206303750625763,CD14-like monocytes
GATTCTTGCCGATA-1,812,2262.0,46.0,2.0335984,812,0,T cells,-0.1239860415458679,0.2471671325991852,-0.5996910446822041,CD4 T-like
GATTCTTGCGAGTT-1,607,1550.0,42.0,2.7096775,607,3,B cells,1.0463279279073079,-0.69842151680378,-0.8674867418077257,B cells
GATTGGACCCGTTC-1,1155,3465.0,45.0,1.2987013,1155,3,B cells,0.12746942758560176,-0.25148237690781106,-0.9167384908656881,B cells
GATTGGACGGTGTT-1,714,1759.0,56.0,3.1836271,714,3,B cells,0.6669260088602702,-0.7806175308998184,-0.879848518756905,B cells
GATTGGACTTTCGT-1,642,1634.0,33.0,2.0195837,642,3,B cells,0.9046856689453124,-0.41622888608412306,-0.863749648585464,B cells
GATTGGTGTGTCAG-1,1088,3236.0,38.0,1.1742892,1088,0,T cells,1.2606493186950685,0.5492327786455251,-0.9861983482283775,CD4 T-like
GATTTAGACACTCC-1,1291,4120.0,130.0,3.15534,1291,1,CD14-like monocytes,-0.4832617354393005,-0.7035632802982523,0.290665192074246,CD14-like monocytes
GATTTAGACTAAGC-1,1196,2967.0,41.0,1.3818672,1196,3,B cells,0.38578224023183183,-1.1559258663293086,-0.8658150656054717,B cells
GATTTAGATTCGTT-1,325,664.0,10.0,1.5060241,325,1,CD14-like monocytes,0.39750402768452964,-0.5776728235109888,0.3436560890891336,CD14-like monocytes
GATTTGCTAACGAA-1,804,2322.0,42.0,1.8087854,804,0,T cells,0.6687167326609293,-0.06940616694363688,-0.900716377027107,CD4 T-like
GATTTGCTAACGGG-1,370,691.0,8.0,1.1577424,370,1,CD14-like monocytes,-0.3975965881347656,-0.5184640595407197,0.32866255345970696,CD14-like monocytes
GCAACCCTCCTCGT-1,359,744.0,12.0,1.6129031,359,1,CD14-like monocytes,-0.40032460530598957,-0.5740391895024464,0.27504380544026696,CD14-like monocytes
GCAACTGATTGCGA-1,855,2805.0,74.0,2.6381462,855,0,T cells,0.9192322572072347,0.30414990704469,-0.6756174121240173,CD4 T-like
GCAAGACTACTGGT-1,1165,2894.0,18.0,0.6219765,1165,0,T cells,0.914167291323344,0.5151364894828412,-1.1426231307212753,CD4 T-like
GCAAGACTAGGTCT-1,836,2191.0,62.0,2.8297582,836,0,T cells,0.6100198968251547,0.23120698447179322,-0.5954508644161802,CD4 T-like
GCAAGACTCCCTTG-1,923,2701.0,56.0,2.0733063,923,0,T cells,0.8036089706420898,-0.06441749514955464,-1.0068110456370345,CD4 T-like
GCAATCGACTGCAA-1,863,2346.0,83.0,3.537937,863,2,NK / cytotoxic lymphocytes,0.8818803596496582,1.6160490498398288,-0.521160830391778,CD4 T-like
GCAATCGAGACGTT-1,1284,3899.0,119.0,3.0520647,1284,1,CD14-like monocytes,-0.4318849913279216,-0.8142721291744348,0.11503132425173357,CD14-like monocytes
GCAATCGATCCTTA-1,1011,3054.0,66.0,2.1611001,1011,1,CD14-like monocytes,-0.717149658203125,-0.6585611844303632,-0.1592527909712358,CD14-like monocytes
GCAATTCTCGTGTA-1,889,2592.0,49.0,1.8904321,889,0,T cells,0.8356285810470581,-0.51802867590779,-0.3885774328251077,CD4 T-like
GCAATTCTTCTCCG-1,984,3262.0,59.0,1.8087063,984,0,T cells,0.9165625953674317,-0.11266740355828797,-1.0935273603959517,CD4 T-like
GCACAAACAATGCC-1,512,1240.0,43.0,3.467742,512,2,NK / cytotoxic lymphocytes,1.003599704106649,0.26049468204228565,-0.13724177196772414,NK-like
GCACAAACGGTACT-1,939,2829.0,32.0,1.1311418,939,0,T cells,0.675484209060669,-0.16744612009838367,-0.2976259395329639,CD4 T-like
GCACAATGGTGCAT-1,883,2612.0,31.0,1.18683,883,4,Dendritic cells,-0.6448297119140625,-0.6214011344042691,0.21341867735891618,Dendritic cells
GCACACCTGTGCTA-1,697,1376.0,30.0,2.1802325,697,2,NK / cytotoxic lymphocytes,-0.481988525390625,0.051427885498663395,2.223472152093444,NK-like
GCACCACTCATGAC-1,1211,3644.0,58.0,1.5916575,1211,1,CD14-like monocytes,0.41391410668691,-0.7059773276550602,-0.15975063593700678,CD14-like monocytes
GCACCACTGTTTGG-1,362,776.0,12.0,1.5463917,362,1,CD14-like monocytes,-0.6090671793619792,-0.7526436237373737,0.15236925067323637,CD14-like monocytes
GCACCACTTCCTTA-1,969,1945.0,57.0,2.9305913,969,2,NK / cytotoxic lymphocytes,-0.6836525472005208,-0.6382877537698457,2.6333372559210266,NK-like
GCACCACTTTCGGA-1,1135,3246.0,57.0,1.7560074,1135,1,CD14-like monocytes,-0.7705985005696615,-0.9563752761994949,-0.17756192371098678,CD14-like monocytes
GCACCTACGCGATT-1,1239,4274.0,47.0,1.0996724,1239,0,T cells,0.3709518305460612,-0.25898945355656167,-0.8418387745365952,CD4 T-like
GCACCTTGGCTGTA-1,580,1753.0,24.0,1.3690815,580,0,T cells,1.4519974978764851,-0.3467963476373692,-0.4683349144579184,CD4 T-like
GCACCTTGGGGAGT-1,1103,3740.0,73.0,1.9518716,1103,1,CD14-like monocytes,-0.7010494486490886,-0.9093046862669666,0.348630823270239,CD14-like monocytes
GCACGGACCAGCTA-1,975,3172.0,52.0,1.6393442,975,0,T cells,0.9966827805836995,0.3631991858434196,-1.0486684471669823,CD4 T-like
GCACGGTGACCTCC-1,825,2262.0,27.0,1.1936339,825,0,T cells,1.2845746103922526,0.2741048042220299,-0.867196054169626,CD4 T-like
GCACGGTGCTATGG-1,1170,3105.0,80.0,2.5764894,1170,1,CD14-like monocytes,-0.9109946695963541,-1.045182430382931,-0.2021982433820011,CD14-like monocytes
GCACTAGAACGGGA-1,921,2493.0,63.0,2.5270758,921,0,T cells,1.3576786629358928,0.05920781414918219,-0.936353741270123,CD4 T-like
GCACTAGAAGATGA-1,640,1548.0,38.0,2.4547803,640,3,B cells,0.3424398692448934,-0.6531264179884785,-0.33844434564763853,B cells
GCACTAGACCTTTA-1,1180,3630.0,87.0,2.3966942,1180,1,CD14-like monocytes,-0.3196370402971903,-1.029927109227036,0.368793215896144,CD14-like monocytes
GCACTAGACGTAAC-1,378,745.0,14.0,1.8791946,378,3,B cells,-0.3015863291422526,-0.6611194803257181,-0.07289079271181664,B cells
GCACTAGAGTCGTA-1,982,2424.0,57.0,2.3514853,982,2,NK / cytotoxic lymphocytes,0.13506922006607058,0.22020040377221928,2.055946036059447,NK-like
GCACTAGATGCAAC-1,916,2667.0,37.0,1.3873266,916,0,T cells,0.18861630201339719,0.06243522528446077,-1.073939236727628,CD4 T-like
GCACTGCTGAGGCA-1,1122,3473.0,64.0,1.8427873,1122,2,NK / cytotoxic lymphocytes,0.03508367061614992,0.9996298375755852,-0.5757001828665685,NK-like
GCAGATACAGCGTT-1,792,2093.0,78.0,3.7267082,792,2,NK / cytotoxic lymphocytes,0.8752912902832031,0.8008869672062422,-0.048259121480614287,NK-like
GCAGATACGACGGA-1,619,1670.0,27.0,1.6167665,619,0,T cells,1.2434648005167643,0.6086584148984967,-0.9295048569187974,CD4 T-like
GCAGATACGCAGAG-1,750,2140.0,47.0,2.1962616,750,0,T cells,0.7202906052271525,-0.15457814486339838,-0.8811119927300347,CD4 T-like
GCAGCCGACAGTCA-1,913,3037.0,85.0,2.7988148,913,0,T cells,1.1485833454132082,0.008784504129428994,-0.607014598509278,CD4 T-like
GCAGCGTGCACTCC-1,775,2298.0,29.0,1.261967,775,0,T cells,0.8832701683044434,0.3927538341946073,-0.9265317049893466,CD4 T-like
GCAGCTCTCAATCG-1,661,1860.0,22.0,1.1827956,661,0,T cells,0.5072614240646363,0.40683962118746053,-0.735597783868963,CD4 T-like
GCAGCTCTGTTTCT-1,766,1688.0,20.0,1.1848341,766,0,T cells,2.247774454752604,0.3491478794752948,-0.527462838876127,CD4 T-like
GCAGGGCTAAGAAC-1,768,2969.0,58.0,1.9535197,768,0,T cells,0.9068266137440999,-0.5017124532449125,-0.9407449587427005,CD4 T-like
GCAGGGCTAAGGGC-1,675,1466.0,23.0,1.568895,675,0,T cells,1.671235564549764,0.19365631064983324,-1.0414484968089095,CD4 T-like
GCAGGGCTATCGAC-1,944,1981.0,46.0,2.3220594,944,2,NK / cytotoxic lymphocytes,-0.6962691243489584,-0.47271203609428025,3.1540360884232954,NK-like
GCAGGGCTTGGGAG-1,940,2195.0,108.0,4.9202733,940,2,NK / cytotoxic lymphocytes,0.4517779382069905,0.5961117330223623,0.1454725997616546,NK-like
GCAGTCCTAACTGC-1,761,2107.0,45.0,2.135738,761,0,T cells,0.5156650861104329,-0.017235687525585464,-1.0540920989681977,CD4 T-like
GCAGTCCTCTCTTA-1,727,1832.0,37.0,2.0196507,727,0,T cells,1.1987126382191975,-0.4626224715300281,-0.8609270808672664,CD4 T-like
GCATCAGATGCGTA-1,767,2047.0,79.0,3.859306,767,2,NK / cytotoxic lymphocytes,0.8150263277689616,0.935717844722247,-0.27264068487918736,NK-like
GCATGTGACAAGCT-1,873,2951.0,66.0,2.23653,873,0,T cells,0.9038477500279745,-0.25013860066731775,-1.1588717373934658,CD4 T-like
GCATTGGAGAAGGC-1,1043,3069.0,37.0,1.2056044,1043,0,T cells,1.3693349949518838,0.02053293652004673,-0.4455179932141544,CD4 T-like
GCCAAAACGAGGCA-1,850,2087.0,93.0,4.456157,850,2,NK / cytotoxic lymphocytes,0.9296151733398438,1.7782406084465259,0.023648851568048634,NK-like
GCCAAATGATCGAC-1,995,2887.0,57.0,1.9743679,995,0,T cells,1.0632563082377116,0.4564700406007094,-1.1032593081695865,NK-like
GCCAACCTACGGTT-1,680,2141.0,47.0,2.195236,680,0,T cells,1.3519647566477457,-0.5856852574781939,-0.9967928029069997,CD4 T-like
GCCAACCTCGCCTT-1,595,1770.0,21.0,1.1864407,595,0,T cells,0.4856332000096639,-0.3356753267423071,-0.39308667471914577,CD4 T-like
GCCACGGAGGCGAA-1,700,2000.0,35.0,1.75,700,1,CD14-like monocytes,-0.636976826985677,-0.8660097218523122,-0.2016044568533849,CD14-like monocytes
GCCACGGATACTGG-1,753,2411.0,51.0,2.1153047,753,0,T cells,1.2601855071385701,-0.48151907969002766,-0.7492080842605745,CD4 T-like
GCCACTACGTCTTT-1,736,2097.0,47.0,2.241297,736,0,T cells,0.35683718840281164,0.017846926294191934,-0.6439833308711196,CD4 T-like
GCCCAACTACCGAT-1,891,2579.0,40.0,1.5509888,891,0,T cells,0.9809267791112264,0.4287238573787189,-0.6242263793945313,CD4 T-like
GCCCAACTATGGTC-1,685,1833.0,34.0,1.8548827,685,2,NK / cytotoxic lymphocytes,0.07175227562586461,1.0397187839854847,0.8856994474777068,NK-like
GCCCATACAGCGTT-1,780,1959.0,8.0,0.40837163,780,0,T cells,-0.5928342692057291,1.3322779645823468,-0.3713625594823048,CD4 T-like
GCCGACGAACTCTT-1,986,2982.0,62.0,2.0791416,986,1,CD14-like monocytes,-0.31454149325688685,-0.9736042986012469,0.008745482473662358,CD14-like monocytes
GCCGAGTGCGTTGA-1,989,3191.0,97.0,3.0397995,989,2,NK / cytotoxic lymphocytes,1.0448866017659504,0.17937276628282328,-1.0152463816633128,CD4 T-like
GCCGGAACGAACTC-1,830,2325.0,50.0,2.1505377,830,2,NK / cytotoxic lymphocytes,-0.5861400858561198,1.7901844833836411,0.2489204994355788,NK-like
GCCGGAACGTTCTT-1,810,1582.0,42.0,2.6548672,810,2,NK / cytotoxic lymphocytes,-0.6611158752441406,0.45302133463849914,2.9747445617059265,NK-like
GCCGGAACTGCACA-1,685,1591.0,78.0,4.902577,685,2,NK / cytotoxic lymphocytes,-0.4893782043457031,0.543075979598845,1.7634461412526141,NK-like
GCCGGAACTTACTC-1,784,2021.0,22.0,1.0885701,784,0,T cells,1.8036693922678628,-0.5245175272527367,-0.5600900801745328,CD4 T-like
GCCGTACTACCTGA-1,642,2258.0,79.0,3.4986715,642,0,T cells,2.946175454457601,0.3231693903605143,-0.935506416089607,CD4 T-like
GCCGTACTGGCAAG-1,742,1698.0,62.0,3.6513546,742,1,CD14-like monocytes,-0.5996549987792968,-0.783667053839173,0.02127532862653636,CD14-like monocytes
GCCTACACAGTTCG-1,961,2058.0,31.0,1.5063169,961,2,NK / cytotoxic lymphocytes,-0.7044915771484375,0.3610537114769522,3.2514381100433045,NK-like
GCCTACACCACTGA-1,906,2617.0,55.0,2.101643,906,1,CD14-like monocytes,-0.4241657900810242,-1.0915632922239977,0.6290847296666617,CD14-like monocytes
GCCTACACCTTGAG-1,829,2817.0,24.0,0.8519702,829,0,T cells,0.7295655822753906,0.056157304783060136,-0.9298818568990688,CD4 T-like
GCCTAGCTACGGAG-1,621,1730.0,17.0,0.9826589,621,3,B cells,0.42134566068649293,-0.8391787596423217,-0.8391787596423217,B cells
GCCTAGCTCTATTC-1,822,2419.0,40.0,1.6535759,822,0,T cells,0.30187079668045047,0.11247624772967713,-0.6295087874537766,CD4 T-like
GCCTAGCTTCTCAT-1,717,2155.0,46.0,2.1345708,717,0,T cells,0.7938109699885051,0.2360662672254774,-1.0331375430328678,CD4 T-like
GCCTAGCTTCTCTA-1,1210,3411.0,113.0,3.3128116,1210,1,CD14-like monocytes,-0.8994394938151041,-1.145556825580019,0.26341351884784125,CD14-like monocytes
GCCTCAACCATGGT-1,800,2602.0,29.0,1.1145273,800,0,T cells,0.5441887203852336,0.20576377637458565,-0.9283878827335859,CD4 T-like
GCCTCAACTCTTTG-1,1963,5990.0,67.0,1.1185309,1963,6,Cycling cells,-0.495192772547404,0.6502290667909565,-0.09160357773906047,Cycling cells
GCCTCATGTCTTAC-1,749,2173.0,66.0,3.0372758,749,2,NK / cytotoxic lymphocytes,0.7310438982645671,0.9880480409872652,-0.4873469403295806,NK-like
GCCTGACTCTCAAG-1,757,2004.0,29.0,1.4471058,757,1,CD14-like monocytes,-0.5506378173828125,-0.8648210775972617,-0.06902350801410095,CD14-like monocytes
GCGAAGGAACTCTT-1,570,1247.0,29.0,2.3255813,570,0,T cells,1.1641002448399862,0.19249746149236502,-0.48178920745849607,NK-like
GCGAAGGAGAGCTT-1,2710,10282.0,347.0,3.3748298,2710,6,Cycling cells,-0.9795460001627604,0.6329038408067491,-0.4434385935465496,Cycling cells
GCGAAGGATGCCAA-1,831,2468.0,49.0,1.9854132,831,0,T cells,0.2706856115659078,0.219542960927944,-0.9020030474421954,CD4 T-like
GCGAGAGAGGGACA-1,721,1883.0,22.0,1.1683483,721,0,T cells,1.0512529055277506,-0.587785247359613,-0.9564125754616477,CD4 T-like
GCGAGCACTGTCGA-1,336,613.0,12.0,1.9575857,336,3,B cells,0.5051485498746235,-0.5546723568078243,-0.5546723182755288,B cells
GCGAGCACTTGACG-1,802,2283.0,57.0,2.4967148,802,0,T cells,0.9442659711837769,-0.020141335689660256,-1.0568376020951704,CD4 T-like
GCGAGCACTTGCTT-1,1001,3144.0,96.0,3.053435,1001,1,CD14-like monocytes,-0.30685263315836586,-0.9852892943102904,-0.27622511507284775,CD14-like monocytes
GCGATATGGTACGT-1,886,2071.0,21.0,1.0140029,886,0,T cells,1.2243556880950928,-0.2255653068272755,-0.9534897467102668,CD4 T-like
GCGATATGGTGTTG-1,631,1762.0,43.0,2.4404087,631,0,T cells,1.4696690273284911,-0.7032565492572207,-0.7799605552596275,CD4 T-like
GCGCACGAAGTCGT-1,759,2266.0,63.0,2.7802293,759,0,T cells,0.7406149196624756,0.3901878376199741,-0.9063188957445549,CD4 T-like
GCGCACGACTTTAC-1,631,1689.0,26.0,1.5393723,631,1,CD14-like monocytes,-0.5456352233886719,-0.8872130422881155,-0.3553472278094051,CD14-like monocytes
GCGCATCTAGGTCT-1,550,1395.0,19.0,1.3620073,550,0,T cells,0.7534498167037964,-0.33794879624337865,-0.8216496477223406,CD4 T-like
GCGCATCTGGTTAC-1,984,2518.0,72.0,2.8594124,984,1,CD14-like monocytes,-0.6496866861979167,-0.11113810491080245,-0.6788760327329539,CD14-like monocytes
GCGCATCTTCGATG-1,767,2297.0,38.0,1.6543318,767,0,T cells,1.6621919695536296,0.4591620657179092,-0.6880026879936758,CD4 T-like
GCGCATCTTGCTCC-1,835,1995.0,42.0,2.1052632,835,2,NK / cytotoxic lymphocytes,-0.6431715393066406,0.10992578641332762,2.8707282287905915,NK-like
GCGCATCTTTCTAC-1,777,2508.0,44.0,1.754386,777,0,T cells,1.132841755549113,0.03978652279786388,-0.927217965174203,CD4 T-like
GCGCGAACGTTCTT-1,639,1661.0,23.0,1.384708,639,3,B cells,0.2180839196840922,-0.7689352324514678,-0.5355996649674695,B cells
GCGCGATGAACGGG-1,860,2635.0,26.0,0.9867173,860,0,T cells,0.8458432833353678,-0.061360847588741496,-0.5579664018419054,CD4 T-like
GCGCGATGGTGCAT-1,1413,3228.0,106.0,3.283767,1413,2,NK / cytotoxic lymphocytes,-0.3024558854103089,-0.37556554380089346,1.5489937445130013,NK-like
GCGGAGCTCCTGAA-1,747,1952.0,30.0,1.5368853,747,0,T cells,1.0774310541152954,-0.12575404427268289,-0.9418686375473485,CD4 T-like
GCGGCAACCCGATA-1,779,2372.0,25.0,1.0539628,779,0,T cells,1.2419333330790203,-0.25291565500124535,-0.8748425570401278,CD4 T-like
GCGGCAACGGAGGT-1,540,1320.0,38.0,2.878788,540,3,B cells,0.22098008314768475,-0.781768798828125,-0.868621826171875,B cells
GCGGCAACTGTCGA-1,367,701.0,33.0,4.7075605,367,1,CD14-like monocytes,0.26690953413645424,-0.6530505093661222,0.11819031069977115,CD14-like monocytes
GCGTAAACACGGTT-1,1629,5928.0,127.0,2.1423752,1629,4,Dendritic cells,-0.2640771627426147,-0.230442650149567,-0.25499428835782134,Dendritic cells
GCGTAATGCACCAA-1,1380,3970.0,109.0,2.7455919,1380,1,CD14-like monocytes,-0.4964095858732859,-1.0499951911695076,0.4502965079413519,CD14-like monocytes
GCGTATGAACACCA-1,689,2132.0,49.0,2.2983115,689,0,T cells,0.6721392488479614,-0.5413788268060395,-0.9892938787286932,CD4 T-like
GCGTATGATGAGAA-1,1001,2732.0,27.0,0.98828703,1001,1,CD14-like monocytes,-0.7533849589029948,-1.0222695861199889,0.07414935718883187,CD14-like monocytes
GCTACAGAAAGGTA-1,809,2454.0,29.0,1.1817441,809,0,T cells,0.8803406143188477,-0.4439512195009173,-1.1095944799558082,CD4 T-like
GCTACAGAATCTTC-1,337,648.0,12.0,1.8518518,337,3,B cells,-0.4077710215250651,-0.21415307256910543,-0.8022754553592566,B cells
GCTACCTGAGAAGT-1,1103,3296.0,148.0,4.490291,1103,1,CD14-like monocytes,-0.7779312642415365,-0.8060055231807208,-0.4640397356014059,CD14-like monocytes
GCTACCTGATCACG-1,796,2168.0,23.0,1.0608855,796,0,T cells,0.6794905598958333,-0.013907427739615397,-1.0196013787780145,CD4 T-like
GCTACGCTAGAATG-1,966,2980.0,125.0,4.194631,966,0,T cells,0.20934332052866622,0.3646768338752516,-0.9985551159791272,CD4 T-like
GCTACGCTAGCTAC-1,782,2110.0,81.0,3.8388624,782,2,NK / cytotoxic lymphocytes,0.8232176335652669,0.909522765573829,-0.8315158420138888,CD4 T-like
GCTACGCTCCCTAC-1,1018,2759.0,36.0,1.3048205,1018,0,T cells,0.7330898571014405,0.027258254542495197,-1.0199255124487059,CD4 T-like
GCTAGAACAGAGGC-1,642,1513.0,25.0,1.6523464,642,3,B cells,0.27702277421951294,-0.8145733457623106,-0.9363674587673612,B cells
GCTAGAACGGATCT-1,967,2700.0,59.0,2.1851852,967,0,T cells,1.6345369974772135,-0.2785028004887128,-1.0232426036487927,CD4 T-like
GCTAGAACTCCCGT-1,436,1104.0,20.0,1.8115941,436,0,T cells,1.4804704872767132,0.22169953548546995,-0.38678739335801865,CD4 T-like
GCTAGATGAGCTCA-1,826,2305.0,78.0,3.3839478,826,1,CD14-like monocytes,-0.12858229517936703,-0.8657470857254183,-0.13653334367154824,CD14-like monocytes
GCTAGATGGCGATT-1,779,2016.0,57.0,2.827381,779,2,NK / cytotoxic lymphocytes,-0.5297876485188802,1.7162868519022008,0.06905897891882695,CD4 T-like
GCTATACTAAGGCG-1,1000,3088.0,46.0,1.4896374,1000,0,T cells,1.2894237407048543,-0.10425564737030957,-0.956040276421441,CD4 T-like
GCTATACTAGCGTT-1,601,1509.0,59.0,3.909874,601,2,NK / cytotoxic lymphocytes,-0.4843757120768229,0.6347482170721498,0.24465984383014705,NK-like
GCTATACTCTCTTA-1,796,2780.0,55.0,1.9784173,796,0,T cells,0.7787570158640544,-0.0604407165989731,-0.6334585421013109,CD4 T-like
GCTATACTGGACGA-1,945,2824.0,68.0,2.407932,945,0,T cells,1.020379894574483,0.022652076952385136,-0.7267099096317484,CD4 T-like
GCTCAAGAACCATG-1,1679,5557.0,100.0,1.7995322,1679,1,CD14-like monocytes,-0.22627913792928056,-1.0825426506273674,0.3276279314599855,CD14-like monocytes
GCTCAAGAAGTCAC-1,1123,3219.0,76.0,2.3609817,1123,1,CD14-like monocytes,-0.7895752970377604,-0.6807650741904674,0.6205390082465277,CD14-like monocytes
GCTCAGCTGTCTAG-1,596,1683.0,19.0,1.1289364,596,0,T cells,0.7010842943191529,-0.11628744963443638,-0.9564897941820549,CD4 T-like
GCTCCATGAGAAGT-1,995,2130.0,30.0,1.4084507,995,2,NK / cytotoxic lymphocytes,0.09143766323725377,0.3831753605543965,0.625555207994249,NK-like
GCTCCATGCCGAAT-1,720,1954.0,20.0,1.0235415,720,0,T cells,0.797846819559733,0.5858403697158351,-1.022922477336845,CD4 T-like
GCTCGACTCTAGTG-1,588,1418.0,39.0,2.7503526,588,1,CD14-like monocytes,-0.4981693013509115,-0.38631726900736485,0.0016701255181823527,CD14-like monocytes
GCTGATGAGGTATC-1,759,1908.0,50.0,2.620545,759,1,CD14-like monocytes,-0.10586229244867962,-1.025946491896504,-0.22640750962074352,CD14-like monocytes
GCTTAACTACAGTC-1,452,916.0,27.0,2.9475982,452,1,CD14-like monocytes,0.15936907688776653,-0.13340904399602094,0.2123715814917979,CD14-like monocytes
GCTTAACTACTGGT-1,780,1799.0,39.0,2.167871,780,2,NK / cytotoxic lymphocytes,-0.594758555094401,1.5183928749778055,-0.010996739551274448,NK-like
GCTTAACTGCTGAT-1,836,2605.0,13.0,0.4990403,836,0,T cells,0.4781989828745524,0.10725366996996322,-0.9059174662888653,CD4 T-like
GCTTAACTTAGACC-1,515,1124.0,44.0,3.9145908,515,1,CD14-like monocytes,0.09956705490748086,-0.9136582962190262,-0.13478069594412134,CD14-like monocytes
GCTTAACTTCAGTG-1,846,2711.0,44.0,1.6230173,846,0,T cells,0.6401469294230143,0.06460972699252043,-0.6039197348585033,CD4 T-like
GGAACACTCACTTT-1,392,778.0,15.0,1.9280206,392,1,CD14-like monocytes,-0.46943598429361977,-0.7676441693546796,0.18991374680490214,CD14-like monocytes
GGAACACTTCAGAC-1,283,628.0,18.0,2.8662422,283,5,Platelets,-0.39565991719563803,1.2921361749822444,-0.2710931951349432,Platelets
GGAACTACTACTTC-1,710,1806.0,47.0,2.6024363,710,0,T cells,0.8585922638575236,0.0153921344063499,-0.45528233436623,CD4 T-like
GGAACTTGAAGGTA-1,1158,3452.0,86.0,2.4913094,1158,1,CD14-like monocytes,-0.9124339803059895,-0.8384145454926923,-0.4217277213780567,CD14-like monocytes
GGAACTTGAGAATG-1,796,2303.0,74.0,3.2132003,796,0,T cells,0.9431852547327677,0.02026768067870477,-0.20632825331254445,CD4 T-like
GGAACTTGCTCCAC-1,895,2406.0,43.0,1.7871987,895,1,CD14-like monocytes,-0.20671131531397502,-0.9031364363853378,-0.44851697863954487,CD14-like monocytes
GGAACTTGGGTAGG-1,585,1740.0,76.0,4.367816,585,3,B cells,0.5482158327102662,-0.7174067641749526,-0.7853049846610638,B cells
GGAAGGACATCGGT-1,559,1387.0,13.0,0.93727463,559,1,CD14-like monocytes,-0.5366792297363281,-0.9489151155105745,-0.1357642482025455,CD14-like monocytes
GGAAGGACCACTAG-1,859,2054.0,23.0,1.1197662,859,0,T cells,0.4407804361979166,0.8718146025532424,-1.0082447552921796,CD4 T-like
GGAAGGACGAGGGT-1,879,2881.0,97.0,3.3668864,879,0,T cells,0.7619531758626302,0.4034473631117079,-0.9755252876667061,CD4 T-like
GGAAGGACGCGAAG-1,858,2169.0,43.0,1.9824805,858,0,T cells,-0.6501653544108073,1.0187084756716334,-0.33772498718415833,CD4 T-like
GGAAGGTGGCGAGA-1,842,1633.0,38.0,2.3270056,842,2,NK / cytotoxic lymphocytes,-0.8270968119303386,-0.15445855940231168,2.380494254526466,NK-like
GGAATCTGAAGGGC-1,643,1734.0,37.0,2.1337948,643,0,T cells,0.7460715754826863,0.3462781106582796,-0.45737986227478644,CD4 T-like
GGAATCTGAGGAGC-1,1308,3501.0,42.0,1.1996573,1308,0,T cells,-0.05417765537897745,-0.014592630212957314,-0.7958247440029877,CD4 T-like
GGAATCTGCTTAGG-1,595,1513.0,35.0,2.3132849,595,3,B cells,0.43717246373494467,-0.6897628475921322,-0.8884935475359059,B cells
GGAATCTGCTTGTT-1,1181,3350.0,163.0,4.8656716,1181,1,CD14-like monocytes,-0.46588894287745153,-0.6490453069860285,-0.17944743850014433,CD14-like monocytes
GGAATCTGGGAGGT-1,909,2668.0,21.0,0.78710645,909,0,T cells,0.4755285596847534,0.21268829191573946,-0.8639033924449574,CD4 T-like
GGAATGCTTTCTAC-1,710,2254.0,34.0,1.5084294,710,0,T cells,0.35314234415690104,0.07528863386674367,-0.31060479674676444,CD4 T-like
GGACAGGAAAGGGC-1,821,2177.0,83.0,3.812586,821,2,NK / cytotoxic lymphocytes,0.9345912361145019,0.5405343026825877,0.08195538954301318,NK-like
GGACAGGAGTGCTA-1,817,2028.0,49.0,2.4161735,817,3,B cells,0.3209842069943746,-0.5543280765263722,-1.0547634856869477,B cells
GGACAGGATCTCGC-1,841,2191.0,27.0,1.232314,841,0,T cells,0.9180509297053019,0.5294797839540424,-0.8328260855241255,CD4 T-like
GGACCCGAAGCTAC-1,1197,3323.0,54.0,1.6250376,1197,1,CD14-like monocytes,-0.358394232193629,-1.0629081340751263,-0.42834546638257565,CD14-like monocytes
GGACCGTGCTTACT-1,640,1555.0,17.0,1.0932477,640,1,CD14-like monocytes,-0.514294179280599,-0.8589375043156171,0.25054363289264714,CD14-like monocytes
GGACCGTGGGAACG-1,1425,4455.0,125.0,2.8058362,1425,4,Dendritic cells,-0.8184454345703125,-1.169389050416272,-0.5660161490392204,Dendritic cells
GGACCGTGTAACGC-1,947,2914.0,66.0,2.2649279,947,0,T cells,1.3387519200642903,-0.6695580954503532,-1.1423524028123027,CD4 T-like
GGACCTCTGTAAGA-1,900,2399.0,78.0,3.2513547,900,1,CD14-like monocytes,-0.7071083577473959,-1.0186584935043796,0.1262239523608275,CD14-like monocytes
GGACCTCTTTTCTG-1,852,2024.0,62.0,3.063241,852,2,NK / cytotoxic lymphocytes,-0.6000925191243489,1.0748681675304068,-0.04632438216546564,NK-like
GGACGAGAGTGTCA-1,460,930.0,24.0,2.580645,460,1,CD14-like monocytes,-0.7022416687011719,-0.7430508546154908,0.6040570750381008,CD14-like monocytes
GGACGCTGACGCAT-1,1100,3051.0,87.0,2.851524,1100,2,NK / cytotoxic lymphocytes,0.7296023718516031,0.844089057228782,-0.11478625981494628,NK-like
GGACGCTGCTAGCA-1,824,3129.0,62.0,1.9814637,824,0,T cells,0.38119469165802,-0.20736457843973177,-1.0775762230458885,CD4 T-like
GGACGCTGTCCTCG-1,780,1529.0,21.0,1.3734467,780,2,NK / cytotoxic lymphocytes,-0.6515921020507812,-0.8115702157068734,3.035872627027107,NK-like
GGAGAGACGTGAGG-1,932,2677.0,43.0,1.6062757,932,0,T cells,1.49700182278951,-0.6089368237389459,-0.6961175297245835,CD4 T-like
GGAGCAGATTCAGG-1,542,1324.0,36.0,2.7190332,542,3,B cells,0.5753531344731648,-0.7267247209645281,-0.8351557567866161,B cells
GGAGCCACCTTCTA-1,1137,3351.0,53.0,1.5816175,1137,3,B cells,0.1411635025342306,-0.9194594103880603,-1.010673908272175,B cells
GGAGCGCTACGCAT-1,1225,3766.0,56.0,1.4869888,1225,1,CD14-like monocytes,-0.8024863688151042,-0.9740046491526594,-0.020892899445813073,CD14-like monocytes
GGAGCGCTCCGAAT-1,997,3246.0,38.0,1.1706716,997,0,T cells,0.7107857751846314,-0.014489948388301976,-1.0854659417662957,CD4 T-like
GGAGGATGCCACCT-1,572,1585.0,15.0,0.9463723,572,0,T cells,1.3400318733851115,0.33838123552726973,-0.7852688413677793,CD4 T-like
GGAGGATGGTTGAC-1,780,1792.0,36.0,2.0089285,780,1,CD14-like monocytes,-0.6566356404622395,-0.05964576306969238,-0.07270999388261279,CD14-like monocytes
GGAGGATGTCAGTG-1,765,2009.0,47.0,2.3394725,765,1,CD14-like monocytes,-0.7624873352050782,-0.9684877491960622,0.22770701129027082,CD14-like monocytes
GGAGGCCTCGTTGA-1,906,1941.0,31.0,1.5971148,906,2,NK / cytotoxic lymphocytes,-0.1816199258963267,-0.32267128915497756,1.5199452486905187,NK-like
GGAGGCCTTTCTTG-1,793,2408.0,51.0,2.1179402,793,0,T cells,1.3812048482894896,0.1096309054981578,-0.9895276156338778,CD4 T-like
GGAGGTGATACGCA-1,753,2326.0,51.0,2.1926053,753,0,T cells,0.9149832471211752,0.05055286330406106,-0.8709317602292456,CD4 T-like
GGAGGTGATCGCTC-1,772,1813.0,35.0,1.9305018,772,0,T cells,0.9658438841501872,1.0986912505795257,-1.050768226084083,CD4 T-like
GGATACTGCAGCTA-1,854,2652.0,46.0,1.7345401,854,0,T cells,0.9743427085876465,0.3547304008946275,-0.9681158354788115,CD4 T-like
GGATACTGTCTAGG-1,936,2715.0,37.0,1.3627993,936,0,T cells,0.7842592000961304,0.5656271414323286,-0.37613734476494065,CD4 T-like
GGATAGCTCGTCTC-1,1048,3054.0,56.0,1.8336607,1048,0,T cells,1.025745340983073,0.014512001384388462,-1.2653226756086253,CD4 T-like
GGATAGCTCTGAAC-1,819,2053.0,64.0,3.1173892,819,2,NK / cytotoxic lymphocytes,0.28301820437113445,1.1133882734510634,0.5535081805604878,NK-like
GGATGTACCAAAGA-1,645,1887.0,31.0,1.6428193,645,3,B cells,0.3015593163172404,-0.44724792278174197,-0.5687854877626053,B cells
GGATGTACGCGAAG-1,619,1595.0,25.0,1.5673982,619,0,T cells,0.8362456925710042,0.02384954462147726,-0.976557336672388,CD4 T-like
GGATGTACGTCTTT-1,314,562.0,17.0,3.024911,314,1,CD14-like monocytes,-0.38339619954427084,-0.6928691671352194,0.06343106163872614,CD14-like monocytes
GGATGTACGTGTCA-1,726,1638.0,52.0,3.1746035,726,2,NK / cytotoxic lymphocytes,0.6265447155634563,1.9562504277084813,-0.7055469895854141,NK-like
GGATTTCTAGGTTC-1,737,1902.0,44.0,2.3133545,737,0,T cells,0.1749767549832662,-0.40625784830613576,-0.7978880140516493,CD4 T-like
GGATTTCTTTGTCT-1,1162,3345.0,65.0,1.9431988,1162,1,CD14-like monocytes,-0.7709676615397135,-0.7424941178524134,0.12432269472064394,CD14-like monocytes
GGCAAGGAAAAAGC-1,1081,2377.0,51.0,2.1455617,1081,2,NK / cytotoxic lymphocytes,-0.8383155822753906,-0.669053619558161,2.794387516830907,NK-like
GGCAAGGAAGAAGT-1,868,2711.0,48.0,1.7705643,868,0,T cells,0.7261760425567627,-0.14631073691628194,-0.5854095343387488,CD4 T-like
GGCAAGGACTTGGA-1,1032,3094.0,69.0,2.2301228,1032,1,CD14-like monocytes,-0.2935620335737864,-0.8042887482980284,0.2562681390781596,CD14-like monocytes
GGCAAGGAGGACTT-1,913,2909.0,46.0,1.5812995,913,0,T cells,1.2925527826944987,-0.19445177906691424,-0.9469103572344539,CD4 T-like
GGCAATACGCTAAC-1,476,1078.0,35.0,3.2467532,476,3,B cells,0.3503568696975708,-0.8235591541637074,-0.8366891880228062,B cells
GGCAATACGGCATT-1,490,1109.0,27.0,2.4346259,490,2,NK / cytotoxic lymphocytes,-0.4935425313313802,1.111337187795928,0.5713559911708639,NK-like
GGCAATACGTTTCT-1,799,2079.0,46.0,2.2126024,799,3,B cells,0.822919807434082,-0.9549788658065025,-0.9242414224027383,B cells
GGCACGTGGCTTAG-1,1201,3600.0,48.0,1.3333334,1201,1,CD14-like monocytes,-0.49046722173690793,-0.6024760821853021,0.8945813651036736,CD14-like monocytes
GGCACGTGTGAGAA-1,2694,10359.0,182.0,1.7569263,2694,6,Cycling cells,-0.5176253982385,-0.9184912622577013,-1.2759180550623421,Cycling cells
GGCACTCTTTTGTC-1,997,2545.0,30.0,1.178782,997,0,T cells,0.8202880096435546,-0.024484810684666458,-1.1389597112482244,CD4 T-like
GGCATATGCTTATC-1,898,1940.0,29.0,1.4948454,898,2,NK / cytotoxic lymphocytes,-0.5815256754557292,0.3293611093000932,2.6601131246547505,NK-like
GGCATATGGGGAGT-1,212,575.0,7.0,1.2173914,212,5,Platelets,-0.26209716796875,0.6578626545992765,-0.2963316368334221,Platelets
GGCATATGTGTGAC-1,1586,5305.0,144.0,2.7144203,1586,0,T cells,-0.11782476902008054,0.06477227837148347,-1.030390322087991,CD4 T-like
GGCCACGACAGAGG-1,427,891.0,27.0,3.030303,427,0,T cells,1.6950730514526366,0.008035676166264716,-0.6193238460656368,CD4 T-like
GGCCAGACTGGTTG-1,947,2564.0,43.0,1.677067,947,0,T cells,1.001781881650289,-0.9496238785560684,-0.7237736405748311,CD4 T-like
GGCCCAGAAAGTAG-1,937,2686.0,29.0,1.0796723,937,1,CD14-like monocytes,-0.3263268860181173,-0.648654414186574,-0.24534080148947368,CD14-like monocytes
GGCCGAACAACGAA-1,724,2354.0,61.0,2.5913339,724,0,T cells,0.9049392954508464,-0.38705655107594494,-0.7125809351603191,CD4 T-like
GGCCGAACGCAGAG-1,380,837.0,30.0,3.5842295,380,0,T cells,1.8603500525156658,-0.1953392134772407,-0.6299157576127485,CD4 T-like
GGCCGAACGTAGGG-1,715,1809.0,38.0,2.100608,715,0,T cells,0.8564221890767415,0.391034049217147,-0.9031308106701783,CD4 T-like
GGCCGAACTCTAGG-1,739,1494.0,9.0,0.6024096,739,2,NK / cytotoxic lymphocytes,-0.6293034362792969,-0.9505095819030145,2.7159308038576686,NK-like
GGCCGATGCAGGAG-1,931,2878.0,41.0,1.4246005,931,0,T cells,1.394745012919108,-0.0018415171690662202,-1.0802189990727589,CD4 T-like
GGCCGATGCCGAAT-1,973,2616.0,35.0,1.3379205,973,0,T cells,1.5635909366607668,-0.5525118875985193,-0.7102957556946109,CD4 T-like
GGCCGATGTACTCT-1,773,2608.0,63.0,2.4156442,773,2,NK / cytotoxic lymphocytes,0.6016202354431153,1.3385809310758958,0.11720431356719052,NK-like
GGCGACACTGCCCT-1,1497,4441.0,78.0,1.7563611,1497,2,NK / cytotoxic lymphocytes,1.0205470609664917,0.2391736396635421,0.6311703961304944,NK-like
GGCGACTGCGTAAC-1,906,2524.0,18.0,0.7131537,906,0,T cells,0.7785246483484904,-0.004013066339974447,-1.0512920341106375,CD4 T-like
GGCGCATGCCTAAG-1,798,2096.0,43.0,2.0515268,798,1,CD14-like monocytes,-0.05371662457784021,-0.8225168555673926,0.9865657536670415,CD14-like monocytes
GGCGCATGCTCCAC-1,953,2535.0,18.0,0.71005917,953,0,T cells,0.1115362882614136,-0.07575167646311753,-1.008790834985598,CD4 T-like
GGCGCATGTGGAAA-1,471,1201.0,8.0,0.6661116,471,0,T cells,1.144439484278361,-0.31897328357503874,-0.8108148285836885,CD4 T-like
GGCGGACTAGAGGC-1,821,1760.0,30.0,1.7045455,821,0,T cells,0.3968919539451599,0.6286919179588858,-1.0627711132319286,CD4 T-like
GGCGGACTAGGAGC-1,806,1975.0,33.0,1.670886,806,2,NK / cytotoxic lymphocytes,0.8657637882232666,1.493024043844204,0.1870092892887616,NK-like
GGCGGACTCTGACA-1,714,2076.0,31.0,1.4932562,714,0,T cells,0.8861463133494059,0.12302641531433722,-0.9566750574593592,CD4 T-like
GGCGGACTCTTGGA-1,828,1934.0,65.0,3.36091,828,2,NK / cytotoxic lymphocytes,-0.18826218684514362,2.264886582499803,-0.2960738461427015,NK-like
GGCGGACTTACTGG-1,727,2404.0,76.0,3.1613975,727,0,T cells,0.7054798221588134,0.3999277211198904,-0.23619772882172563,CD4 T-like
GGCGGACTTGAACC-1,773,2112.0,34.0,1.6098485,773,0,T cells,1.1776854928334552,0.05723714924821954,-0.701350997192691,CD4 T-like
GGCTAAACACCTGA-1,976,2434.0,13.0,0.53410023,976,2,NK / cytotoxic lymphocytes,-0.2814977224667867,-0.5384817658048688,2.2634400319571446,NK-like
GGCTAAACTCTTAC-1,856,2667.0,45.0,1.687289,856,0,T cells,1.6563343683878582,-0.33752498337716774,-0.707144396473663,CD4 T-like
GGCTAATGAGCACT-1,727,1650.0,31.0,1.878788,727,2,NK / cytotoxic lymphocytes,0.5980973561604818,1.471017617890329,0.23688315381907454,NK-like
GGCTAATGGTCTAG-1,761,2255.0,47.0,2.0842574,761,0,T cells,1.3726138941446941,0.11074159024941799,-0.8517876827355587,CD4 T-like
GGCTCACTACTCAG-1,1084,3516.0,67.0,1.9055744,1084,1,CD14-like monocytes,-0.35262645204861964,-0.7018128469736888,-0.31604002750281124,CD14-like monocytes
GGGAACGAAGCTCA-1,1557,4322.0,108.0,2.4988432,1557,1,CD14-like monocytes,-0.9684473673502604,-0.810769162756024,0.3782581329345702,CD14-like monocytes
GGGAACGACACAAC-1,693,1713.0,32.0,1.8680677,693,3,B cells,0.16532992839813232,-0.37720518714249734,-0.7625904275913431,B cells
GGGAACGAGTGTCA-1,559,1149.0,26.0,2.2628372,559,1,CD14-like monocytes,-0.5895817057291667,-0.8459714639066446,-0.30559145513207026,CD14-like monocytes
GGGAAGTGTTGAGC-1,627,1555.0,67.0,4.3086815,627,1,CD14-like monocytes,-0.551475575764974,-0.7347375889017125,-0.12274706580422146,CD14-like monocytes
GGGACCACACGTTG-1,795,1863.0,49.0,2.6301663,795,2,NK / cytotoxic lymphocytes,-0.525045420328776,0.9001030411383119,1.4392129840272845,NK-like
GGGACCACAGAACA-1,750,2091.0,49.0,2.3433764,750,0,T cells,1.2903920714060466,-0.8875328603416982,-0.8166151721068103,CD4 T-like
GGGACCACGAATAG-1,838,2385.0,30.0,1.2578616,838,0,T cells,1.2338102817535401,-0.09271524024732192,-1.1595811169556898,CD4 T-like
GGGACCACGTCATG-1,803,2564.0,53.0,2.0670826,803,0,T cells,0.2548356437683106,0.062267627138080095,-1.047968854807844,CD4 T-like
GGGACCACTCAAGC-1,453,1064.0,18.0,1.6917294,453,0,T cells,0.9562246449788412,-0.24503132743064798,0.38223161601056954,CD4 T-like
GGGACCACTCGTGA-1,734,2291.0,52.0,2.2697513,734,0,T cells,1.4881865056355794,0.17250671868372447,-0.5080357958572079,CD4 T-like
GGGACCACTGCATG-1,607,1933.0,33.0,1.7071909,607,0,T cells,0.48663021723429367,-0.8694991294783775,-0.5419124251664287,CD4 T-like
GGGACCTGACCCTC-1,1029,3080.0,54.0,1.7532468,1029,1,CD14-like monocytes,-0.6794698588053385,-0.3469029132765954,-0.1852913095493509,CD14-like monocytes
GGGACCTGCTTGCC-1,805,2340.0,46.0,1.9658121,805,0,T cells,1.2613011423746745,-0.9473201867305872,-1.0698565858783144,CD4 T-like
GGGACCTGTGGAGG-1,669,1762.0,57.0,3.23496,669,3,B cells,0.3386997079849243,-0.9480482159238873,-0.7471625149852099,B cells
GGGATGGACGACAT-1,505,1309.0,14.0,1.0695187,505,3,B cells,0.32462981700897214,-0.6649315573952415,-0.7495164196900647,B cells
GGGATGGATACTTC-1,858,2272.0,63.0,2.7728872,858,0,T cells,0.977248961130778,0.0914614985687564,-0.91281158755524,CD4 T-like
GGGATGGATGGTTG-1,832,2068.0,49.0,2.3694391,832,1,CD14-like monocytes,-0.2121136069297791,-0.9556197349471275,-0.1998202627355402,CD14-like monocytes
GGGATTACGTCTAG-1,1019,3001.0,56.0,1.8660446,1019,0,T cells,1.2569626267751057,-0.12807963785499032,-0.5217016138211646,CD4 T-like
GGGCAAGATGCATG-1,585,1424.0,34.0,2.3876405,585,1,CD14-like monocytes,-0.6118778483072916,-0.7493460298788668,0.5772659089830185,CD14-like monocytes
GGGCACACGGTGAG-1,1225,4258.0,147.0,3.4523249,1225,1,CD14-like monocytes,0.24582450071970618,-0.11241691088435624,-0.142972881625397,CD14-like monocytes
GGGCACACGTTGCA-1,1287,4082.0,85.0,2.0823126,1287,0,T cells,1.2025122944513957,0.5156938639554111,-1.0652697784732086,CD4 T-like
GGGCAGCTTGGGAG-1,903,2246.0,55.0,2.4487977,903,2,NK / cytotoxic lymphocytes,0.665040316581726,0.6825717348040956,1.0012259589301213,NK-like
GGGCAGCTTTTCTG-1,752,2333.0,37.0,1.5859408,752,0,T cells,1.0264641825358072,-0.47403745193674107,-0.8743398647115688,CD4 T-like
GGGCCAACCTTGGA-1,2020,8424.0,89.0,1.0565052,2020,4,Dendritic cells,-0.457055409749349,-0.8957702790847931,-0.5969487074649695,Dendritic cells
GGGCCAACGCGTTA-1,774,2178.0,56.0,2.571166,774,3,B cells,0.4520885960261027,-0.5426683274182407,-1.0212667445943813,B cells
GGGCCAACTACGCA-1,666,1435.0,37.0,2.5783973,666,1,CD14-like monocytes,-0.6940459696451823,-0.8345645943073311,0.05938066521076235,CD14-like monocytes
GGGCCAACTCCAAG-1,843,2440.0,45.0,1.8442624,843,3,B cells,0.18967564582824703,-0.484569727772414,-0.44486165769172437,B cells
GGGCCATGATGGTC-1,857,2486.0,83.0,3.3386967,857,2,NK / cytotoxic lymphocytes,1.3407303682963052,0.3625553227434255,-0.22298807568020296,NK-like
GGGCCATGTTGACG-1,887,2262.0,37.0,1.6357206,887,0,T cells,0.9660238567988078,0.2744494967990452,-0.20778778105071094,CD4 T-like
GGGTAACTCAGCTA-1,1082,3430.0,71.0,2.0699708,1082,0,T cells,0.10121054251988726,0.19124976842090335,-1.026994724466343,CD4 T-like
GGGTAACTCTAGTG-1,656,1773.0,27.0,1.5228426,656,3,B cells,0.1469629430770874,-0.7631687202838936,-0.8459291554460622,B cells
GGGTAACTCTGGAT-1,674,1948.0,38.0,1.9507186,674,0,T cells,0.7201153246561686,0.33562483161386825,-1.0522473267834596,CD4 T-like
GGGTTAACGTGCAT-1,911,1815.0,30.0,1.6528925,911,2,NK / cytotoxic lymphocytes,-0.761826883951823,-0.06529356156936794,2.744837454593543,NK-like
GGTAAAGAGCTAAC-1,734,1614.0,51.0,3.1598513,734,2,NK / cytotoxic lymphocytes,-0.6828462727864584,1.713052662936124,1.6534904711174243,NK-like
GGTACAACTGCAAC-1,910,2655.0,18.0,0.6779661,910,0,T cells,0.9373447322845458,0.1677745231474289,-1.014416318951231,CD4 T-like
GGTACATGAAAGCA-1,672,1699.0,37.0,2.1777515,672,3,B cells,0.7373956219355265,-0.9704789441041272,-0.9464903552122791,B cells
GGTACATGAGCTCA-1,802,1753.0,16.0,0.9127211,802,0,T cells,0.728952267964681,0.9552767705435705,-0.9577274515171244,NK-like
GGTACATGCGGTAT-1,539,1373.0,24.0,1.747997,539,0,T cells,0.018414613405863478,0.4659931606716581,-0.9266459147135416,CD4 T-like
GGTACATGGTTACG-1,699,1930.0,28.0,1.4507773,699,0,T cells,0.7263165601094563,0.951798666366423,-0.606802430779043,CD4 T-like
GGTACATGTGGGAG-1,941,2747.0,64.0,2.3298144,941,0,T cells,0.7844155947367351,0.13799162874318127,-1.0914274273496685,CD4 T-like
GGTACTGAACTCTT-1,828,2050.0,58.0,2.8292682,828,1,CD14-like monocytes,0.21556416273117063,-0.8027248960552793,-0.1371058950520525,CD14-like monocytes
GGTAGTACACCACA-1,800,2290.0,60.0,2.6200874,800,2,NK / cytotoxic lymphocytes,0.9531960884730021,1.6057880074086817,-0.288902901639842,NK-like
GGTAGTACACTAGC-1,642,1655.0,50.0,3.021148,642,1,CD14-like monocytes,-0.6368614196777344,-0.4986725891479338,0.08092815514766805,CD14-like monocytes
GGTAGTACCCTGTC-1,733,2091.0,41.0,1.9607844,733,0,T cells,0.1267542258898417,-0.06213474707169975,-0.7817877567175663,CD4 T-like
GGTAGTACGCCATA-1,607,1347.0,21.0,1.55902,607,1,CD14-like monocytes,-0.5454450988769531,-0.8539424087062026,0.15319454116050635,CD14-like monocytes
GGTAGTACTGTCTT-1,992,2748.0,34.0,1.2372634,992,0,T cells,0.65784734249115,1.1613726702603429,-0.8078195490018287,NK-like
GGTATCGAGACAAA-1,379,809.0,15.0,1.8541409,379,1,CD14-like monocytes,0.32465875943501793,-0.723597131594263,0.1329808789070206,CD14-like monocytes
GGTATCGATGAACC-1,562,1508.0,31.0,2.055703,562,3,B cells,0.1791542148590088,-0.8047432947640467,-0.7842095885613952,B cells
GGTCAAACCAAAGA-1,847,2392.0,27.0,1.1287626,847,0,T cells,1.3055271561940511,0.1343516494288588,-0.5937609181259618,CD4 T-like
GGTCTAGAGAAACA-1,787,2333.0,66.0,2.8289757,787,1,CD14-like monocytes,-0.6181280008951823,-0.584277193714874,0.20090469206222383,CD14-like monocytes
GGTCTAGATAGCGT-1,1461,4661.0,56.0,1.2014589,1461,1,CD14-like monocytes,-0.5002491923173269,-1.0870787495314473,-0.4797413021627098,CD14-like monocytes
GGTGATACCGACTA-1,732,1698.0,42.0,2.4734983,732,3,B cells,1.3335851414998372,-0.8986313945115215,-1.023703218710543,B cells
GGTGATACGACTAC-1,941,2717.0,39.0,1.4354067,941,1,CD14-like monocytes,-0.18163448731104537,-1.0076918939147332,-0.23068685579781578,CD14-like monocytes
GGTGATACTGTTTC-1,785,2084.0,25.0,1.1996161,785,0,T cells,0.7760350735982259,-0.1772743258813415,-0.9616398666844224,CD4 T-like
GGTGGAGAAACGGG-1,696,1397.0,24.0,1.717967,696,2,NK / cytotoxic lymphocytes,0.01845409313837687,0.2390667462589764,1.3135275908190793,NK-like
GGTGGAGAAGTAGA-1,795,1898.0,32.0,1.6859852,795,0,T cells,0.49226202964782717,0.2755687501695421,-0.5487927595774332,CD4 T-like
GGTGGAGACAGATC-1,809,1440.0,29.0,2.0138888,809,2,NK / cytotoxic lymphocytes,-0.09557432254155473,-0.2086928680689648,1.6889015544544566,NK-like
GGTGGAGATCGATG-1,828,2297.0,48.0,2.089682,828,0,T cells,1.1262378120422363,-0.47611150548915665,-0.6919137754825632,CD4 T-like
GGTGGAGATCTCTA-1,651,1836.0,45.0,2.4509804,651,1,CD14-like monocytes,-0.5974983215332031,-0.8212611651179766,-0.025488223933210263,CD14-like monocytes
GGTGGAGATTACTC-1,882,2454.0,25.0,1.018745,882,2,NK / cytotoxic lymphocytes,0.20097119490305582,1.127059316153478,1.0780891206529406,NK-like
GGTTTACTACGCAT-1,972,2346.0,53.0,2.2591646,972,2,NK / cytotoxic lymphocytes,0.7241310691833496,1.917267685707169,0.7280458970503374,NK-like
GTAACGTGACCTCC-1,1323,4523.0,81.0,1.7908467,1323,1,CD14-like monocytes,-0.5238484358787536,-0.8314296052913474,-0.2537876894979766,CD14-like monocytes
GTAACGTGATCGGT-1,679,1887.0,46.0,2.4377317,679,3,B cells,0.3251151061058044,-0.7534605084043561,-0.8149857954545454,B cells
GTAACGTGCAGCTA-1,774,2109.0,34.0,1.6121384,774,3,B cells,0.42728442192077637,-0.9217504636205808,-0.9730074333422112,B cells
GTAACGTGGTTGAC-1,784,2307.0,48.0,2.080624,784,3,B cells,1.0576677815119426,-0.3915427285011368,-0.8515750615283696,B cells
GTAAGCACAACGGG-1,766,2030.0,17.0,0.83743846,766,0,T cells,1.576968952814738,0.02743009509462302,-0.5043533349277998,CD4 T-like
GTAAGCACTCATTC-1,520,1138.0,24.0,2.108963,520,3,B cells,0.4131144611040751,-0.6396167639530066,-0.7022923941564079,B cells
GTAAGCTGGTACCA-1,671,1450.0,42.0,2.8965518,671,1,CD14-like monocytes,-0.5286028035481771,-0.3418817264865144,0.14943450195620755,CD14-like monocytes
GTAATAACCTTCTA-1,796,2208.0,79.0,3.5778985,796,1,CD14-like monocytes,-0.6310054016113281,-0.8987747346511995,0.08301576749242923,CD14-like monocytes
GTAATAACGTTGTG-1,644,2118.0,54.0,2.549575,644,0,T cells,0.33661051432291667,0.4773115360375607,-0.8603732947147253,CD4 T-like
GTACCCTGACAGTC-1,1549,5050.0,81.0,1.6039604,1549,1,CD14-like monocytes,-0.19563799381256108,-0.6680566315699105,0.49657384313718245,CD14-like monocytes
GTACCCTGGAGCTT-1,756,2350.0,39.0,1.6595745,756,0,T cells,0.04109664916992184,-0.1329149650804924,-0.9320052946456755,CD4 T-like
GTACCCTGTCCTTA-1,723,1631.0,30.0,1.8393623,723,2,NK / cytotoxic lymphocytes,-0.654575703938802,0.8290008872446387,0.9513902278861615,NK-like
GTACCCTGTGAACC-1,788,2511.0,62.0,2.4691358,788,0,T cells,0.2196784750620524,0.4171586884392632,-0.6474026923227791,CD4 T-like
GTACGTGAACGTTG-1,643,1742.0,49.0,2.8128588,643,2,NK / cytotoxic lymphocytes,-0.5153409830729166,2.095900186866221,0.27133298739038325,NK-like
GTACTTTGTCGACA-1,856,2420.0,63.0,2.6033058,856,2,NK / cytotoxic lymphocytes,0.9522101370493571,1.3345597546510022,0.7033311429649892,NK-like
GTAGACTGAGATGA-1,825,2139.0,60.0,2.8050492,825,1,CD14-like monocytes,-0.0764380089441935,-0.8938436797170928,0.5766116835854269,CD14-like monocytes
GTAGACTGTATTCC-1,730,2008.0,22.0,1.0956175,730,0,T cells,0.7630503145853678,-0.09117667747266367,-0.2665382977687951,CD4 T-like
GTAGCAACAGTCGT-1,831,2232.0,44.0,1.9713262,831,1,CD14-like monocytes,-0.6100395202636719,-0.8747812906901041,-0.09566371127812545,CD14-like monocytes
GTAGCAACCATTTC-1,653,1657.0,56.0,3.3796017,653,3,B cells,-0.4174102783203125,-0.8814953120067867,-0.9574712888158933,B cells
GTAGCAACGGTAGG-1,429,955.0,4.0,0.41884816,429,1,CD14-like monocytes,-0.4095155588785807,-0.7096965288875079,-0.08099993599785693,CD14-like monocytes
GTAGCATGCACTCC-1,641,1680.0,41.0,2.4404762,641,3,B cells,0.08071683367093402,-0.813565726232047,-0.4973590824339125,B cells
GTAGCATGTAAGCC-1,637,1544.0,64.0,4.1450777,637,1,CD14-like monocytes,-0.4149866994222005,-0.39995463496506817,0.05000482328010325,CD14-like monocytes
GTAGCCCTGACGTT-1,812,2453.0,79.0,3.2205462,812,0,T cells,-0.5726113382975261,-0.2772906626113737,-0.5920770182754055,CD4 T-like
GTAGCTGAAGCTAC-1,1527,5103.0,139.0,2.723888,1527,1,CD14-like monocytes,-0.7022156556447346,-0.8082839676828095,0.7370485980101305,CD14-like monocytes
GTAGCTGAATTCGG-1,859,2430.0,54.0,2.2222223,859,0,T cells,1.6449906571706137,-0.46775866638530383,-0.22285975109447131,CD4 T-like
GTAGGTACACGGGA-1,972,2858.0,49.0,1.7144856,972,1,CD14-like monocytes,-0.7447931416829427,-0.6922033199156175,0.19062363595673526,CD14-like monocytes
GTAGTGACCTCATT-1,744,2328.0,41.0,1.7611685,744,0,T cells,0.009071411291758258,0.19095437406289462,-1.0216274839459043,CD4 T-like
GTAGTGTGAGCGGA-1,869,2056.0,32.0,1.5564202,869,2,NK / cytotoxic lymphocytes,-0.043024257024129264,-0.12793786212651415,2.3862843638718734,NK-like
GTAGTGTGAGGCGA-1,508,1148.0,27.0,2.3519163,508,1,CD14-like monocytes,-0.4367753092447917,-0.338439371128275,-0.06428434969198826,CD14-like monocytes
GTAGTGTGTGGTTG-1,624,1969.0,17.0,0.8633824,624,0,T cells,0.7843157577514648,0.15171794120711513,-0.48868793718742604,CD4 T-like
GTATCACTGGTAGG-1,923,2503.0,69.0,2.756692,923,1,CD14-like monocytes,-0.7506865437825521,-0.6771132001973161,-0.35590126731178984,CD14-like monocytes
GTATCTACAGAAGT-1,976,2285.0,45.0,1.9693654,976,2,NK / cytotoxic lymphocytes,-0.29137748718261713,1.3466089499117149,1.5291152221987947,NK-like
GTATCTACGACGAG-1,801,1939.0,33.0,1.7019082,801,2,NK / cytotoxic lymphocytes,-0.6111985270182292,1.8512809098368943,0.11103549244427913,NK-like
GTATCTACGTTACG-1,1014,2808.0,85.0,3.0270655,1014,0,T cells,0.8734645160039266,-0.8815915656812263,-0.6758364675020931,CD4 T-like
GTATTAGAAACAGA-1,1429,3490.0,50.0,1.4326648,1429,0,T cells,0.49808789889017746,0.9223143876200977,-1.1411249950678661,CD4 T-like
GTATTAGAGGTCTA-1,586,1410.0,20.0,1.4184396,586,0,T cells,0.3737856777509053,0.6727562143345072,-0.9104250512941919,CD4 T-like
GTATTCACACAGCT-1,692,1806.0,54.0,2.9900334,692,0,T cells,0.9785961786905925,0.6229884195809412,-0.8986843378856929,CD4 T-like
GTATTCACGGGTGA-1,704,1741.0,37.0,2.1252153,704,2,NK / cytotoxic lymphocytes,-0.4756499735514323,1.2664203874992603,-0.13311485618051855,NK-like
GTCAACGACACTGA-1,1176,3629.0,65.0,1.791127,1176,0,T cells,0.3833346509933472,-0.10431019368797845,-1.1118379072709517,CD4 T-like
GTCAACGAGTGTAC-1,806,2148.0,40.0,1.8621974,806,1,CD14-like monocytes,-0.29476526101430256,-0.9286892052852747,-0.36426771385501133,CD14-like monocytes
GTCAATCTACACCA-1,883,2273.0,55.0,2.4197097,883,2,NK / cytotoxic lymphocytes,0.35584582805633547,1.2489120059543186,-0.45673560132884017,NK-like
GTCAATCTGTAGCT-1,1249,3336.0,107.0,3.207434,1249,2,NK / cytotoxic lymphocytes,0.39897572199503584,1.2472360745824949,0.0378554623536389,NK-like
GTCAATCTTGTGGT-1,765,2261.0,15.0,0.66342324,765,0,T cells,1.7373450660705565,0.0007906461002851195,-0.8959506256411774,CD4 T-like
GTCACCTGCCTCCA-1,743,2127.0,22.0,1.0343206,743,0,T cells,0.6865013742446899,-0.5703762145957562,-0.9828711615668403,CD4 T-like
GTCACCTGTCCCGT-1,907,2796.0,68.0,2.4320457,907,0,T cells,0.5363841740290324,0.3949232005109691,-1.1066938458066997,CD4 T-like
GTCATACTAATCGC-1,666,1610.0,48.0,2.9813664,666,3,B cells,0.4921001203854879,-0.4521860510411889,-0.9474944297713462,B cells
GTCATACTGCGATT-1,669,1457.0,10.0,0.6863418,669,2,NK / cytotoxic lymphocytes,-0.5963188680013021,0.6539120895694001,0.5143438030975034,NK-like
GTCATACTTCGCCT-1,364,984.0,29.0,2.9471545,364,5,Platelets,-0.3107892100016276,0.7428069432576497,-0.35533396402994794,Platelets
GTCATACTTTACCT-1,794,1861.0,35.0,1.8807093,794,2,NK / cytotoxic lymphocytes,0.09099229097366335,1.5655187221488567,-0.6860062223492246,NK-like
GTCATACTTTGACG-1,959,2738.0,32.0,1.1687363,959,0,T cells,1.1701433515548705,0.22273713988487154,-0.7150565918045814,CD4 T-like
GTCCAAGAAAAACG-1,766,2261.0,30.0,1.3268465,766,0,T cells,0.5202723471323649,-0.24158817975208013,-0.9354953958530619,CD4 T-like
GTCCACTGACCTCC-1,937,3332.0,39.0,1.1704681,937,0,T cells,1.1758576933542888,0.326001524684405,-0.8367211698281645,CD4 T-like
GTCCACTGGGTACT-1,1398,4417.0,123.0,2.7846954,1398,1,CD14-like monocytes,-0.7991793823242187,-1.0484216092812895,0.22314906168465654,CD14-like monocytes
GTCCAGCTACGGGA-1,942,2634.0,33.0,1.2528473,942,0,T cells,1.3451579761505128,0.10598994650021942,-0.9091524066347064,CD4 T-like
GTCCCATGTGGTGT-1,1469,4746.0,120.0,2.528445,1469,1,CD14-like monocytes,-0.9084461466471354,-0.9565400181394634,-0.3103464569708314,CD14-like monocytes
GTCGAATGAAGGCG-1,905,2120.0,47.0,2.2169812,905,1,CD14-like monocytes,-0.78235595703125,-0.8301102609345408,0.17368367705682308,CD14-like monocytes
GTCGACCTGAATGA-1,812,1550.0,32.0,2.0645163,812,2,NK / cytotoxic lymphocytes,-0.11588671366373693,-0.19977283814940794,2.288274285287568,NK-like
GTCGACCTGTTCAG-1,572,1836.0,36.0,1.9607844,572,2,NK / cytotoxic lymphocytes,0.7675681606928508,0.9578645609846019,-0.5824342604839441,NK-like
GTCGCACTTGAGAA-1,1378,4067.0,67.0,1.6474059,1378,3,B cells,0.6889705928166707,-0.7883433789917917,-0.6578719929011181,B cells
GTCTAACTGGTCTA-1,1058,3369.0,97.0,2.8791926,1058,1,CD14-like monocytes,-0.6778236897786458,-0.8642311481514362,0.33397673597239486,CD14-like monocytes
GTCTAGGAGCTTCC-1,1215,3654.0,77.0,2.1072798,1215,1,CD14-like monocytes,-0.34539256970087684,-0.8860057484019886,-0.2345840415569267,CD14-like monocytes
GTGAACACACTCTT-1,697,2218.0,30.0,1.3525699,697,0,T cells,0.9054357369740804,-0.10956270718815353,-0.9194694287849196,CD4 T-like
GTGAACACTCAGGT-1,531,1244.0,12.0,0.9646302,531,0,T cells,1.786642173131307,0.42883554709078076,-0.29307548012396306,CD4 T-like
GTGACCCTTAAGCC-1,676,1896.0,29.0,1.5295359,676,2,NK / cytotoxic lymphocytes,0.25848115762074786,1.8624405543009437,-0.5478113318934585,NK-like
GTGATGACAAGTGA-1,1819,6333.0,134.0,2.1159008,1819,0,T cells,0.7941181945800782,-0.06577609476417012,-0.8794523718381169,CD4 T-like
GTGATGACCTGAGT-1,503,1096.0,22.0,2.0072992,503,3,B cells,0.46074730157852173,-0.2688707578061807,-0.8662070072058475,B cells
GTGATGACGGTTTG-1,801,2084.0,51.0,2.447217,801,2,NK / cytotoxic lymphocytes,1.0141401926676432,0.49470216770364783,-0.03479790735726396,NK-like
GTGATTCTCATTTC-1,943,2569.0,24.0,0.93421566,943,0,T cells,1.3633598899841308,-0.15201381914543388,-1.1308051215277777,CD4 T-like
GTGATTCTCTCTCG-1,874,2597.0,69.0,2.6569118,874,1,CD14-like monocytes,-0.570735117594401,-0.9195603650025647,0.07685239579942493,CD14-like monocytes
GTGATTCTGGTTCA-1,813,1657.0,28.0,1.6898009,813,2,NK / cytotoxic lymphocytes,-0.19735875089963273,0.4386062573904943,2.73990048109883,NK-like
GTGATTCTGTCGAT-1,694,1991.0,36.0,1.8081367,694,0,T cells,1.3312957366307576,0.3487848224061908,-0.8238458344430635,CD4 T-like
GTGATTCTTAGCGT-1,494,1344.0,33.0,2.455357,494,3,B cells,0.30721473932266236,-0.7997218430644334,-0.3793680523381089,B cells
GTGCCACTCAGGAG-1,660,1897.0,17.0,0.89615184,660,0,T cells,0.6282319513956706,0.35731847743795386,-0.8763440064709596,CD4 T-like
GTGGATTGCACTAG-1,1467,4561.0,147.0,3.2229774,1467,1,CD14-like monocytes,-0.5542199643452962,-0.963400869658499,0.25384758072670044,CD14-like monocytes
GTGGATTGCGGAGA-1,976,2774.0,63.0,2.2710888,976,0,T cells,1.2790124638875326,-0.23116590278317228,-0.8343499289618597,CD4 T-like
GTGGATTGTAACGC-1,833,2765.0,52.0,1.880651,833,0,T cells,1.460459082921346,-0.05828525466148293,-0.9642848775844381,CD4 T-like
GTGTACGATCAGTG-1,689,1979.0,33.0,1.6675088,689,0,T cells,0.6728629191716512,-0.07297760549217769,-1.0723507813733033,CD4 T-like
GTGTAGTGGGTACT-1,921,2627.0,72.0,2.740769,921,0,T cells,0.8994056463241578,-0.21782481549966215,-0.7401103424303459,CD4 T-like
GTGTATCTAGCCTA-1,625,1434.0,35.0,2.4407253,625,3,B cells,1.0372730159759522,-0.6730967820292771,-0.7189315641769255,B cells
GTGTATCTAGTAGA-1,1428,4444.0,91.0,2.0477047,1428,2,NK / cytotoxic lymphocytes,0.1954977448781331,0.34419004170581546,2.1091007386795195,NK-like
GTGTATCTGTTACG-1,817,2122.0,34.0,1.602262,817,3,B cells,0.43466502825419107,-0.47680322136541814,-0.9762201790857796,B cells
GTGTCAGAAGCGTT-1,909,2056.0,43.0,2.0914397,909,2,NK / cytotoxic lymphocytes,-0.13953255494435624,1.0527231197164515,1.890905332083654,NK-like
GTTAAAACCGAGAG-1,956,2019.0,17.0,0.842001,956,2,NK / cytotoxic lymphocytes,-0.6588662719726562,0.0008922162682118984,2.3211995982160474,NK-like
GTTAAATGCTCGAA-1,765,2651.0,60.0,2.2632968,765,0,T cells,0.6203662220637004,0.9985077790539674,0.07313368055555558,CD4 T-like
GTTAAATGTCGACA-1,1207,3783.0,74.0,1.9561195,1207,3,B cells,0.6792052984237671,-1.042323025790128,-0.7956296311484442,B cells
GTTAACCTAGCTAC-1,829,2450.0,66.0,2.6938775,829,0,T cells,1.389308892885844,-0.46137391244522247,-0.955362724535393,CD4 T-like
GTTAACCTTGCTTT-1,1648,6102.0,99.0,1.6224189,1648,4,Dendritic cells,-0.7946440124511719,-1.2043650463373974,-0.628687626424462,Dendritic cells
GTTAGGTGCACTCC-1,554,1391.0,49.0,3.5226457,554,0,T cells,1.112670194307963,-0.3684614759502988,-0.4109678384029504,CD4 T-like
GTTAGGTGCCAGTA-1,1500,4975.0,133.0,2.6733668,1500,1,CD14-like monocytes,-0.37069066206614176,-0.9005039364400536,-0.24724756491304645,CD14-like monocytes
GTTAGGTGCCCAAA-1,953,2189.0,13.0,0.59387845,953,1,CD14-like monocytes,-0.18427362402280167,-0.9380045418787484,0.31688590194239774,CD14-like monocytes
GTTAGGTGGAACTC-1,647,1653.0,29.0,1.754386,647,3,B cells,0.9396122296651205,-0.9457820545543324,-0.9323086208767362,B cells
GTTAGTCTAAGAAC-1,537,1154.0,50.0,4.3327556,537,2,NK / cytotoxic lymphocytes,1.19132048924764,0.30483401327422177,-0.2264599987954805,NK-like
GTTATAGAGGACAG-1,786,2053.0,33.0,1.6074038,786,0,T cells,0.1983845766385396,1.155772723573627,-0.06109943967877007,CD4 T-like
GTTATGCTTTCATC-1,814,2431.0,46.0,1.8922255,814,0,T cells,0.3847233279546102,0.04175711737738719,-0.7164754304018887,CD4 T-like
GTTCAACTGGGACA-1,761,1503.0,32.0,2.129075,761,2,NK / cytotoxic lymphocytes,-0.6085677083333333,0.45553502073191643,2.9395449551669035,NK-like
GTTCAACTTATGCG-1,862,2657.0,59.0,2.2205493,862,0,T cells,0.4658407799402873,0.46587722855384917,-0.653620238015146,CD4 T-like
GTTGACGAGCCCTT-1,838,1899.0,18.0,0.94786733,838,2,NK / cytotoxic lymphocytes,-0.19701640844345092,1.4077673883149118,1.11469783397636,NK-like
GTTGACGATATCGG-1,1102,2264.0,44.0,1.9434628,1102,2,NK / cytotoxic lymphocytes,-0.792531992594401,-0.14827933070635557,2.7127723115863223,NK-like
GTTGAGTGGTCTTT-1,1392,4397.0,47.0,1.0689106,1392,1,CD14-like monocytes,-0.19964679638544713,-0.5612263260465679,-0.16474666595458987,CD14-like monocytes
GTTGAGTGTGCTTT-1,1042,3840.0,75.0,1.953125,1042,0,T cells,0.3629169845581055,-0.013431312098647563,-1.0319717098968197,CD4 T-like
GTTGATCTGGGACA-1,372,944.0,4.0,0.42372882,372,0,T cells,0.49940927187601725,-0.2191662504215433,-0.678125940188013,CD4 T-like
GTTGATCTTTTCAC-1,971,2461.0,53.0,2.1535962,971,2,NK / cytotoxic lymphocytes,0.11344008525212601,2.0783951768971454,-0.17450626257694135,NK-like
GTTGGATGTTTACC-1,1364,4438.0,112.0,2.5236595,1364,1,CD14-like monocytes,-0.3052495694160462,-1.0775674376824889,0.08971492882930865,CD14-like monocytes
GTTGTACTATTCCT-1,1137,3103.0,61.0,1.9658396,1137,1,CD14-like monocytes,-0.7397600809733073,-1.0335305724481139,-0.39838720379453707,CD14-like monocytes
GTTGTACTTTTGGG-1,847,2404.0,54.0,2.246256,847,0,T cells,1.0550741227467855,-0.19284370210435653,-0.9715083729137074,CD4 T-like
GTTTAAGACCATGA-1,935,2598.0,59.0,2.2709777,935,1,CD14-like monocytes,-0.5915276590983073,-0.5081745306650798,0.1209358889647204,CD14-like monocytes
GTTTAAGACTGTCC-1,710,1584.0,35.0,2.209596,710,2,NK / cytotoxic lymphocytes,-0.5704316202799479,1.4483002942017835,0.1921600592256797,NK-like
TAAACAACCAACCA-1,1070,3425.0,64.0,1.868613,1070,0,T cells,1.4762194792429606,0.35425398084852433,-0.5220051982186057,CD4 T-like
TAAACAACGAATCC-1,914,2818.0,30.0,1.0645847,914,3,B cells,0.8920686578750611,-0.8652200409860322,-0.917507210163155,B cells
TAAAGACTCAGGAG-1,855,2375.0,36.0,1.5157895,855,0,T cells,0.564980099995931,0.22738551515521443,-0.7217339279675724,CD4 T-like
TAAATCGATGAGGG-1,759,2036.0,39.0,1.9155207,759,0,T cells,0.4426730235417684,-0.1958109528127342,-1.0178139426491477,CD4 T-like
TAACAATGTGCCCT-1,654,1343.0,21.0,1.5636634,654,3,B cells,0.2738058892885844,-0.7553123705314867,-0.8330334750088778,B cells
TAACACCTTCGCTC-1,981,2755.0,40.0,1.4519056,981,1,CD14-like monocytes,-0.6381054178873697,-0.5444240952983047,-0.05208421186967338,CD14-like monocytes
TAACACCTTCGTAG-1,1193,3283.0,58.0,1.7666768,1193,1,CD14-like monocytes,-0.842080078125,-1.1028654310438368,-0.2670321686099273,CD14-like monocytes
TAACACCTTGTTTC-1,397,1004.0,11.0,1.0956175,397,5,Platelets,-0.361421381632487,0.4625655472880662,-0.46498258186109137,Platelets
TAACATGACACTAG-1,1123,3390.0,66.0,1.9469026,1123,3,B cells,1.485868918100993,0.7895698489564839,-0.8023520106016988,B cells
TAACCGGACTTACT-1,616,2009.0,27.0,1.3439522,616,0,T cells,-0.3378337605794271,-0.2795664300822248,-0.4589879854760989,CD4 T-like
TAACGTCTCAACCA-1,747,1931.0,42.0,2.1750388,747,1,CD14-like monocytes,-0.07072511553764338,-0.12364499882014113,-0.0985355878117109,CD14-like monocytes
TAACGTCTCATTGG-1,876,2567.0,55.0,2.1425788,876,0,T cells,0.024835008780161538,-0.04106185123173878,-1.0048102176550664,CD4 T-like
TAACTAGAATTTCC-1,949,2538.0,36.0,1.4184396,949,0,T cells,0.6684568643569946,-0.21251044947691644,-1.0937028364701704,CD4 T-like
TAACTAGACTTAGG-1,965,2921.0,59.0,2.0198562,965,0,T cells,1.4149673875172932,-0.4792002085483435,-1.044741852114899,CD4 T-like
TAACTAGATCTGGA-1,789,2348.0,34.0,1.448041,789,0,T cells,1.1240674956639607,0.08101313812564115,-0.9388349128491951,CD4 T-like
TAACTCACGAGGAC-1,752,1922.0,78.0,4.058273,752,1,CD14-like monocytes,-0.6580742390950521,-0.8801452944977115,0.05325993769096604,CD14-like monocytes
TAACTCACGTACAC-1,717,2011.0,53.0,2.6355047,717,3,B cells,0.4553520957628886,-0.8987323491260258,-1.0396474973119871,B cells
TAACTCACGTATCG-1,1198,3807.0,74.0,1.9437877,1198,1,CD14-like monocytes,-0.4499325732390086,0.228833113776313,-0.29660662930421156,CD14-like monocytes
TAACTCACTCTACT-1,952,2227.0,67.0,3.0085316,952,2,NK / cytotoxic lymphocytes,-0.723045908610026,0.6269604480627813,2.7041975849806663,NK-like
TAAGAACTGTGTCA-1,625,1730.0,65.0,3.7572253,625,1,CD14-like monocytes,-0.45408111572265625,-0.318715916257916,0.09683845308091898,CD14-like monocytes
TAAGAGGACTAAGC-1,784,2019.0,43.0,2.1297672,784,3,B cells,1.1302143128712974,-0.8185154307972301,-0.525553640933952,B cells
TAAGAGGACTTGTT-1,914,2061.0,32.0,1.5526444,914,2,NK / cytotoxic lymphocytes,-0.0713598243395488,-0.6106930862773549,2.280533657651959,NK-like
TAAGATACGGTTCA-1,659,1465.0,14.0,0.9556314,659,1,CD14-like monocytes,-0.6339987691243489,-0.44276803141892557,-0.03255966841572455,CD14-like monocytes
TAAGATTGCGTAGT-1,913,2789.0,44.0,1.5776263,913,0,T cells,0.9850614515940348,0.2188617128314394,-1.029797178326231,CD4 T-like
TAAGATTGTTGCTT-1,863,2289.0,29.0,1.2669288,863,0,T cells,0.4186187823613484,-0.34298537331398093,-0.37179557097078575,CD4 T-like
TAAGCGTGAGGTTC-1,959,2838.0,65.0,2.2903454,959,1,CD14-like monocytes,-0.7084563700358073,-0.6313153307847301,0.4997971226470639,CD14-like monocytes
TAAGCGTGGACAAA-1,1637,5192.0,107.0,2.0608628,1637,1,CD14-like monocytes,-0.48144992192586267,-1.0224665632151595,0.19572093751695419,CD14-like monocytes
TAAGCGTGGGAAAT-1,796,2330.0,27.0,1.1587983,796,0,T cells,0.19642717123031617,0.13316384517785274,-0.31211984181644936,CD4 T-like
TAAGCGTGTGCTCC-1,1508,4978.0,111.0,2.2298112,1508,1,CD14-like monocytes,-0.8708009847005208,-1.0139268046677714,-0.0009895218743218859,CD14-like monocytes
TAAGGCTGCCATGA-1,906,2361.0,59.0,2.4989412,906,2,NK / cytotoxic lymphocytes,0.49536024570465087,0.7368365865765196,-0.594509825321159,CD4 T-like
TAAGGCTGCTGCTC-1,714,2147.0,34.0,1.583605,714,0,T cells,0.5821432177225749,-0.5246927918809833,-0.9589168664180872,CD4 T-like
TAAGGCTGTCTCGC-1,1195,3420.0,73.0,2.134503,1195,1,CD14-like monocytes,-0.4468258941173553,-1.1137660633433948,-0.2758115392742735,CD14-like monocytes
TAAGGGCTGCTGTA-1,867,1852.0,25.0,1.349892,867,0,T cells,1.1281788635253907,0.8200329308557992,-0.8107967256295561,CD4 T-like
TAAGGGCTTTACTC-1,819,2208.0,71.0,3.2155797,819,0,T cells,0.811418604850769,0.09940381483598193,-0.6437329533124211,CD4 T-like
TAAGTAACCGAGAG-1,375,702.0,19.0,2.7065527,375,3,B cells,0.4374568160374959,-0.6598057602391099,-0.7765954528192077,B cells
TAAGTAACCTCCAC-1,656,1740.0,58.0,3.3333335,656,3,B cells,1.154190149307251,-0.8413872766976405,-0.8992393570716934,B cells
TAAGTAACCTGTAG-1,1047,3397.0,94.0,2.7671475,1047,0,T cells,1.103274466196696,0.06499445558798445,-0.261661868625217,CD4 T-like
TAAGTAACTTGTCT-1,745,2113.0,62.0,2.9342167,745,0,T cells,1.466687545776367,1.0844620810614694,-0.5166099957745485,CD4 T-like
TAATGATGAGCGGA-1,866,2768.0,43.0,1.5534682,866,0,T cells,0.6928443733851115,0.536409183463665,-0.6435698983645198,CD4 T-like
TAATGCCTCATGAC-1,1186,4189.0,40.0,0.95488185,1186,0,T cells,0.6692502609888713,0.17522228703354337,-0.7817159214405099,CD4 T-like
TAATGCCTCGTCTC-1,1669,4213.0,83.0,1.9700925,1669,2,NK / cytotoxic lymphocytes,-0.8684116617838542,-0.28748737874657215,1.830461267028192,NK-like
TAATGTGAAGATGA-1,539,1314.0,19.0,1.4459665,539,0,T cells,0.6789652824401855,0.3224400645554669,-0.5203441701754175,CD4 T-like
TAATGTGACTGCAA-1,942,2532.0,55.0,2.172196,942,1,CD14-like monocytes,-0.6979771931966146,-1.0653475366457543,0.02888097859392258,CD14-like monocytes
TAATGTGATTACTC-1,839,2326.0,66.0,2.8374891,839,0,T cells,0.7008224360148112,0.8247094241055576,-0.5628916335828377,NK-like
TACAAATGGGTACT-1,927,2547.0,56.0,2.1986651,927,0,T cells,0.7534045886993408,-0.15012691960190283,-1.0278623946989425,CD4 T-like
TACAATGAAAACAG-1,796,1995.0,32.0,1.60401,796,1,CD14-like monocytes,-0.7493746948242187,-0.4780306228483566,0.34407110214233394,CD14-like monocytes
TACAATGACTTAGG-1,734,1948.0,33.0,1.6940452,734,0,T cells,0.9558124621709188,-0.3325614254884045,-1.0510172217783302,CD4 T-like
TACAATGATGCTAG-1,831,2466.0,81.0,3.2846715,831,2,NK / cytotoxic lymphocytes,0.5165298016866048,1.9395265039771497,0.07425953065506141,NK-like
TACACACTCACACA-1,967,3128.0,72.0,2.3017902,967,0,T cells,1.1854189364115397,0.17422856995553682,-0.6488880846235487,CD4 T-like
TACACACTCTTACT-1,620,1246.0,40.0,3.210273,620,0,T cells,0.3058583545684814,0.3007923135853777,-0.9050499501854482,CD4 T-like
TACATAGAACGCAT-1,814,2223.0,79.0,3.5537562,814,2,NK / cytotoxic lymphocytes,0.4621911652882894,1.5688263999091254,-0.12148705492115985,NK-like
TACATCACACGGGA-1,605,1622.0,27.0,1.6646115,605,0,T cells,0.2656644256909688,-0.37403538564238886,-0.8612016620058002,CD4 T-like
TACATCACCTGTTT-1,1391,4202.0,155.0,3.6887195,1391,1,CD14-like monocytes,-0.8898440551757812,-0.9384354870728772,0.789138165868894,CD14-like monocytes
TACATCACGCTAAC-1,655,1795.0,32.0,1.7827299,655,3,B cells,0.8974236615498861,-0.4954945499246771,-0.8958972198794587,B cells
TACATCACTGAACC-1,1512,4605.0,59.0,1.2812161,1512,1,CD14-like monocytes,-0.6199125790596008,-0.7337312736896554,0.8468496592357904,CD14-like monocytes
TACCATTGAGGTTC-1,625,1535.0,23.0,1.4983714,625,0,T cells,1.137952871322632,-0.11285244671985362,-0.7906404745699179,CD4 T-like
TACCATTGCGGGAA-1,719,2071.0,64.0,3.0902946,719,1,CD14-like monocytes,-0.21080832322438559,-0.8817964804292929,-0.3795782874328921,CD14-like monocytes
TACCATTGGGGATG-1,547,1425.0,33.0,2.3157895,547,1,CD14-like monocytes,-0.536223653157552,-0.39898192039643876,0.03453290871899528,CD14-like monocytes
TACCATTGTGAGGG-1,864,2349.0,87.0,3.7037036,864,1,CD14-like monocytes,-0.34518042167027796,-0.5913963120393078,-0.4007398301904852,CD14-like monocytes
TACCGGCTGTTGGT-1,902,2809.0,78.0,2.776789,902,0,T cells,1.0467687114079793,0.4245777024163141,-0.6605737481454406,CD4 T-like
TACGAGTGATCTCT-1,853,2692.0,50.0,1.857355,853,0,T cells,1.2094187784194945,-0.31147685628948796,0.3459942663558805,CD4 T-like
TACGAGTGATGCTG-1,1143,3689.0,74.0,2.0059636,1143,1,CD14-like monocytes,-0.7527336629231771,-1.0080668131510417,0.23324671273279662,CD14-like monocytes
TACGAGTGCGGAGA-1,990,2265.0,39.0,1.7218543,990,0,T cells,0.4293394867579142,0.3000238948398166,-0.4963105680966618,CD4 T-like
TACGAGTGGTTGGT-1,858,2222.0,41.0,1.8451846,858,0,T cells,0.3289741388956706,-0.4176408608754476,-1.043241019200797,CD4 T-like
TACGATCTAGTGTC-1,604,1422.0,39.0,2.7426162,604,0,T cells,0.8295618375142415,-0.30977290519560224,0.12757209238379885,CD4 T-like
TACGATCTCACTGA-1,1291,4206.0,99.0,2.3537803,1291,1,CD14-like monocytes,-0.800212656656901,-0.8686616456869878,0.09439689655496619,CD14-like monocytes
TACGATCTTACGAC-1,701,1686.0,47.0,2.787663,701,2,NK / cytotoxic lymphocytes,-0.18737377444903058,0.6424814850392969,0.9045214990172723,NK-like
TACGCAGAGAATCC-1,859,2121.0,17.0,0.80150867,859,2,NK / cytotoxic lymphocytes,0.035842032432556126,0.10436438069199072,1.1341809975980508,NK-like
TACGCCACATTCCT-1,768,1967.0,12.0,0.6100661,768,0,T cells,0.22393427054087323,-0.04928986520478218,-0.8546997995087595,CD4 T-like
TACGCCACTCCCAC-1,1621,5289.0,167.0,3.157497,1621,1,CD14-like monocytes,-0.5368099029858907,-1.0743725709240846,0.6954229239261511,CD14-like monocytes
TACGCCACTCCGAA-1,715,1857.0,39.0,2.1001616,715,3,B cells,0.7640672381718954,-0.8489351368913747,-0.9076785463275332,B cells
TACGGAACGCGTTA-1,594,1380.0,31.0,2.246377,594,3,B cells,0.3823273825645447,-0.6290105183919271,-0.3874374182537349,B cells
TACGGCCTGGGACA-1,783,1557.0,27.0,1.734104,783,2,NK / cytotoxic lymphocytes,-0.7363965352376302,0.6479071617126464,2.698480135985095,NK-like
TACGTACTACGGAG-1,1608,5282.0,79.0,1.4956455,1608,0,T cells,0.7686934264500936,0.6792110443115233,-0.40379264089796285,CD4 T-like
TACGTACTCAGTTG-1,927,2993.0,49.0,1.6371534,927,0,T cells,0.25265751997629804,0.19394889985672148,-1.0094780199455493,CD4 T-like
TACGTACTCCCGTT-1,740,1937.0,37.0,1.9101703,740,3,B cells,0.30896377642949424,-0.856388747090041,-0.846721533573035,B cells
TACGTTACAGAAGT-1,805,2256.0,32.0,1.4184396,805,0,T cells,0.040068717002868626,-0.020315648088551463,-1.2139892578125,CD4 T-like
TACGTTACCAAGCT-1,705,1701.0,43.0,2.5279248,705,1,CD14-like monocytes,-0.16777844031651812,-0.49227130726130325,-0.12438029472274015,CD14-like monocytes
TACTAAGAAAGGTA-1,491,988.0,14.0,1.417004,491,3,B cells,0.27994781573613486,-0.7429857350359059,-0.8225189363113558,B cells
TACTAAGAATCACG-1,514,1219.0,38.0,3.1173093,514,0,T cells,0.16218587557474773,0.2789039929707845,-0.8245578342013888,CD4 T-like
TACTAAGATGATGC-1,768,1864.0,43.0,2.3068671,768,1,CD14-like monocytes,-0.20539240161577865,-0.9063104186395202,-0.06513401089292581,CD14-like monocytes
TACTAAGATTGCGA-1,880,2551.0,38.0,1.4896119,880,0,T cells,1.4572354571024577,-0.4269551166380295,-1.015435035782631,CD4 T-like
TACTACACGAGAGC-1,993,3236.0,30.0,0.92707044,993,0,T cells,1.8575483004252116,-0.12413101196289067,-1.0914129392065184,CD4 T-like
TACTACACTTACCT-1,356,750.0,28.0,3.733333,356,3,B cells,-0.2963703409830729,-0.6673897637261285,-0.19530462159050832,B cells
TACTACTGAACCTG-1,748,1831.0,31.0,1.693064,748,1,CD14-like monocytes,-0.15049145460128788,-0.840786018756905,-0.050866540273030614,CD14-like monocytes
TACTACTGATGTCG-1,993,2304.0,36.0,1.5625,993,2,NK / cytotoxic lymphocytes,0.158294677734375,1.72376796838009,0.9156667651552142,NK-like
TACTACTGATTCTC-1,801,2383.0,31.0,1.3008813,801,0,T cells,0.6763318824768066,-0.29879169078788376,-0.8026978463837595,CD4 T-like
TACTACTGTATGGC-1,843,2843.0,81.0,2.8491032,843,0,T cells,1.150553452173869,-0.2307322444337787,-0.6685375517064874,CD4 T-like
TACTCAACGGTCTA-1,1194,3741.0,52.0,1.3900027,1194,1,CD14-like monocytes,-0.7521274312337239,-0.7568582424009689,-0.38640063844545913,CD14-like monocytes
TACTCAACTGCTAG-1,794,2242.0,66.0,2.9438002,794,3,B cells,0.37287586768468217,-0.5083690060509576,-1.073427681971078,B cells
TACTCCCTCAGTTG-1,606,1556.0,18.0,1.1568123,606,0,T cells,1.6667081101735433,0.1369686078543615,-0.5831261100191059,CD4 T-like
TACTCTGAATCGAC-1,810,1986.0,36.0,1.8126888,810,2,NK / cytotoxic lymphocytes,-0.7351244099934896,-0.9648990053119082,2.440775665129074,NK-like
TACTCTGACGAGTT-1,882,2524.0,47.0,1.8621236,882,0,T cells,0.5470419279734293,0.07659745071873514,-1.0527403860381155,CD4 T-like
TACTCTGATTGACG-1,682,1492.0,23.0,1.5415549,682,3,B cells,-0.08010788043340045,-0.7884394327799479,-0.39806767136159565,B cells
TACTGGGATCGATG-1,1126,3823.0,60.0,1.569448,1126,0,T cells,0.7997574869791667,0.06947095659044056,-1.0445406364672112,CD4 T-like
TACTGTTGAAAGCA-1,792,1991.0,36.0,1.8081367,792,0,T cells,0.4035804192225138,0.33301122068154687,-1.0205559008049243,CD4 T-like
TACTGTTGAGGCGA-1,829,1701.0,47.0,2.7630806,829,2,NK / cytotoxic lymphocytes,-0.572282206217448,-0.021311615452621946,3.1042625311649212,NK-like
TACTGTTGCTGAAC-1,1657,5201.0,166.0,3.1916938,1657,3,B cells,-0.7564988708496094,-1.0113331187855115,-0.7190091441376041,B cells
TACTTGACTCCTCG-1,786,1705.0,28.0,1.6422286,786,2,NK / cytotoxic lymphocytes,-0.07438775618871052,2.216662054350882,-0.397694512569543,NK-like
TACTTGACTGGTGT-1,610,1599.0,31.0,1.9387116,610,3,B cells,0.35549869855244953,-0.4369059550641763,-0.803403680974787,B cells
TACTTTCTTTTGGG-1,664,1591.0,66.0,4.1483345,664,2,NK / cytotoxic lymphocytes,0.9973926130930583,1.6386673744278726,0.11693921137337737,CD4 T-like
TAGAAACTAATCGC-1,790,2208.0,27.0,1.2228261,790,0,T cells,1.047269531885783,-0.07797010595148257,-0.5570013568858908,CD4 T-like
TAGAAACTGCTTCC-1,852,2211.0,52.0,2.351877,852,1,CD14-like monocytes,-0.5718446858723958,-0.5643506445065893,0.5552239803352741,CD14-like monocytes
TAGAAACTGGGATG-1,678,1371.0,18.0,1.3129103,678,2,NK / cytotoxic lymphocytes,-0.6087433878580729,1.052963374359439,1.2395700666639542,NK-like
TAGAATTGCGACAT-1,589,1742.0,37.0,2.1239955,589,0,T cells,0.6007999293009441,-0.22297040765935727,-0.8498163704920296,CD4 T-like
TAGAATTGTATCGG-1,930,3222.0,66.0,2.048417,930,0,T cells,0.8882742007573445,0.09050449024547225,-1.0559506657147648,CD4 T-like
TAGACGTGCTTGAG-1,690,1986.0,67.0,3.3736155,690,0,T cells,0.8069117927551269,-0.10480310748321842,-0.6766745880396678,CD4 T-like
TAGACGTGTCGCTC-1,840,2593.0,26.0,1.0026996,840,0,T cells,0.4673373285929362,0.11081968557955046,-0.6426690255752718,CD4 T-like
TAGAGCACCTTACT-1,647,1444.0,29.0,2.0083103,647,3,B cells,0.675190289815267,-0.45623037213026874,-0.9348256274907276,B cells
TAGATTGACTTGTT-1,622,1594.0,55.0,3.4504392,622,3,B cells,0.5460919189453125,-0.4057491538500545,-0.8893121276238952,B cells
TAGATTGAGGCATT-1,427,813.0,18.0,2.2140222,427,2,NK / cytotoxic lymphocytes,-0.47660196940104166,0.054097138510809994,0.010159913458005376,NK-like
TAGCATCTCAGCTA-1,856,1700.0,21.0,1.2352941,856,2,NK / cytotoxic lymphocytes,-0.7862030537923177,0.26961615880330403,3.338182326037474,NK-like
TAGCATCTCCCTCA-1,522,1138.0,30.0,2.636204,522,0,T cells,0.49580326318740847,1.7043552938133777,-0.8891650883838383,CD4 T-like
TAGCATCTGCTGTA-1,1262,3628.0,81.0,2.232635,1262,1,CD14-like monocytes,-0.3543274247646332,-0.9248934659090909,0.48785155614217124,CD14-like monocytes
TAGCATCTGGGACA-1,722,2069.0,42.0,2.029966,722,0,T cells,1.231436405181885,-0.062099158161818324,-0.7856716579861112,CD4 T-like
TAGCATCTTGTCGA-1,641,1753.0,26.0,1.4831717,641,0,T cells,1.6220239957173666,-0.03992913708542334,-0.8010410347370186,CD4 T-like
TAGCCCACAAAAGC-1,997,3164.0,42.0,1.3274336,997,0,T cells,1.0979037761688233,-0.009133149156666742,-1.0737899626144256,CD4 T-like
TAGCCCACAGCCAT-1,983,2261.0,50.0,2.211411,983,2,NK / cytotoxic lymphocytes,0.813839906056722,1.3600628746880425,0.04005783350780745,NK-like
TAGCCCACAGCTAC-1,1099,2171.0,63.0,2.9018884,1099,2,NK / cytotoxic lymphocytes,-0.24651203274726863,-0.22347495050141308,2.915944463556463,NK-like
TAGCCCACCCACAA-1,607,1986.0,44.0,2.2155085,607,0,T cells,0.3022180477778117,0.006863830065486409,-0.5528608011476921,CD4 T-like
TAGCCCTGCGGAGA-1,704,2044.0,100.0,4.892368,704,0,T cells,-0.12454539457956948,1.2856996497722588,-0.38628753170822605,NK-like
TAGCCGCTTACGAC-1,947,2796.0,35.0,1.2517883,947,0,T cells,0.844619566599528,0.37436967233214713,-0.4011237264883638,CD4 T-like
TAGCCGCTTACTTC-1,886,2301.0,40.0,1.7383747,886,2,NK / cytotoxic lymphocytes,0.7369344075520833,1.318806180087003,0.662191512367942,NK-like
TAGCCGCTTTCCAT-1,1062,3331.0,75.0,2.2515762,1062,1,CD14-like monocytes,-0.7697143046061198,-1.0573722762290878,-0.3021364192769984,CD14-like monocytes
TAGCTACTGAATAG-1,659,1645.0,19.0,1.1550152,659,3,B cells,0.7031274143854778,-0.7226748996310763,-0.7983416933001894,B cells
TAGCTACTGTAGCT-1,995,2915.0,37.0,1.2692968,995,0,T cells,0.5491372108459472,0.06720511696555398,-0.7561829422459458,CD4 T-like
TAGCTACTTTTGCT-1,492,1079.0,29.0,2.6876738,492,2,NK / cytotoxic lymphocytes,1.1747973601023356,2.030267262699628,-0.18990933533870813,NK-like
TAGGACTGTGCTGA-1,754,1709.0,51.0,2.9842014,754,0,T cells,0.994036865234375,0.49002029630872945,-0.8662066218828914,CD4 T-like
TAGGAGCTAAGGCG-1,676,2038.0,63.0,3.091266,676,3,B cells,0.3620975653330485,-0.5468969831563006,-0.965000807636916,B cells
TAGGAGCTGAGGGT-1,837,2596.0,48.0,1.8489984,837,0,T cells,0.9154454199473063,0.16355081616025968,-1.0121331263070155,CD4 T-like
TAGGAGCTTGCATG-1,532,1163.0,9.0,0.7738607,532,3,B cells,-0.4684558614095052,-0.7750840620561079,-0.8590434681285511,B cells
TAGGCAACCGTCTC-1,598,1691.0,29.0,1.7149616,598,3,B cells,0.42655290842056276,-0.7236012930821891,-0.8118164370758365,B cells
TAGGCATGCTCTCG-1,1274,3106.0,42.0,1.3522215,1274,4,Dendritic cells,-0.6321849060058594,-1.037971727775805,-0.5522508317773992,Dendritic cells
TAGGCATGGCGAGA-1,921,2403.0,29.0,1.2068248,921,2,NK / cytotoxic lymphocytes,0.1348373079299927,1.4243158571647876,-0.26912769837812944,NK-like
TAGGCTGATGCCTC-1,700,1640.0,24.0,1.4634147,700,1,CD14-like monocytes,-0.08469383080800374,-0.9242678555575284,0.025595769015225533,CD14-like monocytes
TAGGGACTGAACTC-1,828,1919.0,53.0,2.7618551,828,2,NK / cytotoxic lymphocytes,-0.6980604044596355,-0.2880931343695131,2.4517460794159858,NK-like
TAGGTCGACACTGA-1,828,2469.0,54.0,2.1871204,828,0,T cells,1.1139312553405762,0.23755751137781622,-0.4952494081824717,CD4 T-like
TAGGTCGAGGATCT-1,543,1221.0,25.0,2.047502,543,3,B cells,0.5077237558364869,-0.7597304835464015,0.015490121552438452,B cells
TAGGTGACACACTG-1,815,1991.0,73.0,3.6664991,815,0,T cells,-0.11999009609222411,-0.34576377338833286,-0.6223832881811893,CD4 T-like
TAGGTGACACGTTG-1,709,1889.0,73.0,3.8644786,709,3,B cells,0.8018232568105061,-0.7366980350378788,-0.8334287392972696,B cells
TAGGTGTGTTCTGT-1,842,1726.0,52.0,3.012746,842,0,T cells,0.5528580395380656,0.2355814664050785,-0.9864971276485559,CD4 T-like
TAGGTTCTGAAGGC-1,1200,3539.0,67.0,1.8931901,1200,0,T cells,0.4152297282218933,0.13402190738254127,-1.2131184279316602,CD4 T-like
TAGGTTCTTCTTAC-1,1126,3246.0,80.0,2.4645717,1126,1,CD14-like monocytes,-0.77506103515625,-1.0435041947798296,0.4632822104174681,CD14-like monocytes
TAGGTTCTTGCTGA-1,1327,3808.0,69.0,1.8119749,1327,1,CD14-like monocytes,-0.7988688151041666,-0.3428562491831153,-0.1793940009492816,CD14-like monocytes
TAGTAAACCTCGCT-1,849,2781.0,53.0,1.9057893,849,0,T cells,0.8248727385203044,-0.4081861428540162,-0.967046178952612,CD4 T-like
TAGTAAACGTCACA-1,1160,4046.0,86.0,2.125556,1160,0,T cells,0.9195565207799276,0.04652120609476107,-0.7653652212836526,CD4 T-like
TAGTAATGAGATCC-1,707,1814.0,15.0,0.82690185,707,0,T cells,0.3779772647221883,-0.7718151362255367,-0.4821923756840253,CD4 T-like
TAGTACCTAAGAAC-1,675,1663.0,31.0,1.8641009,675,1,CD14-like monocytes,-0.09612981319427494,-0.8958097515684186,-0.308127432158499,CD14-like monocytes
TAGTATGATCTTAC-1,709,1833.0,56.0,3.055101,709,3,B cells,-0.01945213158925374,-0.5536779143593528,-0.9204784354778252,B cells
TAGTATGATTCTCA-1,990,3358.0,68.0,2.0250149,990,0,T cells,0.8543537775675456,-0.08799248127022175,-0.5146689494450887,CD4 T-like
TAGTCTTGGCTGTA-1,270,652.0,0.0,0.0,270,0,T cells,0.5969784315427145,-0.6548487345377604,-0.7394989476059423,CD4 T-like
TAGTCTTGGGACTT-1,445,945.0,16.0,1.6931217,445,0,T cells,0.9292922496795655,0.7573429011335278,1.303157369054929,CD4 T-like
TAGTCTTGTGGAAA-1,892,2207.0,78.0,3.5342093,892,2,NK / cytotoxic lymphocytes,-0.5562062072753906,1.2849459677031547,1.0532189879754574,NK-like
TAGTGGTGAAGTGA-1,1040,2006.0,72.0,3.5892322,1040,2,NK / cytotoxic lymphocytes,-0.3784763904412588,-0.8460042934225063,2.810101503314394,NK-like
TAGTTAGAACCACA-1,832,1737.0,27.0,1.5544041,832,2,NK / cytotoxic lymphocytes,0.0058223899205526175,-0.1320983414698128,2.771048821343316,NK-like
TAGTTAGATGAACC-1,815,2217.0,34.0,1.5336039,815,0,T cells,0.4994548638661703,-0.48753218506321766,-0.2616120983855893,CD4 T-like
TATAAGACAACAGA-1,437,982.0,48.0,4.887984,437,0,T cells,1.137350966135661,0.5338697472003976,1.4333466770673038,CD4 T-like
TATAAGACAGCTCA-1,1401,4150.0,91.0,2.192771,1401,1,CD14-like monocytes,-0.6380474181969961,-0.8224688171136258,0.23927011393537434,CD14-like monocytes
TATAAGTGACACCA-1,1341,3900.0,168.0,4.307692,1341,1,CD14-like monocytes,-0.3822658713658651,-1.0053593799321339,0.3414966063065963,CD14-like monocytes
TATAAGTGTATCGG-1,480,973.0,16.0,1.6443988,480,1,CD14-like monocytes,-0.4166394297281901,-0.7030953301323785,0.1286246299743652,CD14-like monocytes
TATAAGTGTGGTGT-1,1517,4913.0,120.0,2.4424994,1517,1,CD14-like monocytes,-0.5513555220762889,-0.597888204304859,0.4430194825837106,CD14-like monocytes
TATACAGAACCCTC-1,704,1976.0,47.0,2.3785424,704,2,NK / cytotoxic lymphocytes,-0.5456622823079427,1.2099832958645291,0.6979850807575264,NK-like
TATACAGAAGAACA-1,622,1662.0,26.0,1.5643803,622,0,T cells,-0.5513608805338541,-0.3003528643136073,-0.8791550915650647,CD4 T-like
TATACAGATCCAGA-1,823,2249.0,41.0,1.8230325,823,0,T cells,1.5981029478708901,0.03381268472382515,-0.7329780862788962,CD4 T-like
TATACCACCTGATG-1,731,1972.0,67.0,3.397566,731,3,B cells,0.6366884120305379,-0.5452426264984439,-0.48565543685296564,B cells
TATACGCTACCAAC-1,781,2144.0,32.0,1.4925373,781,0,T cells,0.2706203230222066,-0.10452772583624337,-0.509117949129355,CD4 T-like
TATAGATGGACGGA-1,849,2088.0,30.0,1.4367816,849,0,T cells,0.6194028981526692,0.20266447548914446,-0.5807623321359808,CD4 T-like
TATAGATGTTCCGC-1,1209,3650.0,115.0,3.1506848,1209,1,CD14-like monocytes,-0.4524961241086324,-1.0357091884420375,0.24457618250991353,CD14-like monocytes
TATCCAACCAGCTA-1,472,1074.0,16.0,1.4897579,472,1,CD14-like monocytes,0.048538500467936174,-0.7764818596117424,0.3614939805233117,CD14-like monocytes
TATCCAACTCTCTA-1,838,1973.0,54.0,2.7369487,838,2,NK / cytotoxic lymphocytes,1.0677619187037148,1.433967690516,0.03125910807137533,NK-like
TATCGACTACTAGC-1,643,1478.0,37.0,2.503383,643,2,NK / cytotoxic lymphocytes,0.2993674103418986,0.19943033854166659,1.4247810171108055,NK-like
TATCGACTCGATAC-1,1101,3151.0,82.0,2.6023486,1101,1,CD14-like monocytes,-0.418083301782608,-0.6462294797704677,0.37233201614534006,CD14-like monocytes
TATCGTACAGATGA-1,879,2185.0,55.0,2.5171626,879,2,NK / cytotoxic lymphocytes,0.7190463987986246,1.33464047981031,-0.49804876019256294,NK-like
TATCGTACATTCCT-1,895,2324.0,56.0,2.4096384,895,1,CD14-like monocytes,-0.7897295125325521,-0.9582675201724274,0.3033798410434916,CD14-like monocytes
TATCTCGAGAGATA-1,408,1174.0,16.0,1.362862,408,0,T cells,0.4405696153640747,-0.17753502913195685,-0.8244685934047506,CD4 T-like
TATCTGACAGGTTC-1,832,1888.0,47.0,2.4894068,832,2,NK / cytotoxic lymphocytes,-0.6772143046061198,1.2736200236310862,0.5454136925514297,NK-like
TATCTGACTGTTTC-1,845,2662.0,34.0,1.2772352,845,2,NK / cytotoxic lymphocytes,0.805278304417928,1.962989456485016,-0.39627576548643795,NK-like
TATCTTCTAAACAG-1,928,3051.0,63.0,2.0648968,928,0,T cells,0.992850481669108,0.4225529372090041,-0.9615015357431739,CD4 T-like
TATGAATGGAGGAC-1,920,2033.0,21.0,1.0329562,920,2,NK / cytotoxic lymphocytes,-0.6980211385091146,1.0300508595476248,1.2696449645841965,NK-like
TATGAATGTTTGCT-1,1269,3725.0,96.0,2.577181,1269,1,CD14-like monocytes,-0.3810704346497854,-1.1279981208570076,0.44536303221577356,CD14-like monocytes
TATGCGGATAACCG-1,652,1373.0,46.0,3.350328,652,0,T cells,1.1754563808441163,-0.2816363488784943,-0.5557295587327745,CD4 T-like
TATGGGTGCATCAG-1,1463,3551.0,42.0,1.1827654,1463,2,NK / cytotoxic lymphocytes,-0.8776793416341145,-1.0507368607954546,2.215175235632694,NK-like
TATGGGTGCTAGCA-1,840,2023.0,47.0,2.3232822,840,3,B cells,0.7740002934137981,-0.8559144915956439,-0.94395084573765,B cells
TATGGTCTCTACCC-1,706,1898.0,47.0,2.4762907,706,0,T cells,1.327366976737976,0.34019436691746574,-0.9205171219026199,CD4 T-like
TATGTCACGGAACG-1,956,3336.0,85.0,2.5479617,956,3,B cells,0.04571933348973589,-1.038364371868095,-1.1381257182419902,B cells
TATGTCACTAACCG-1,1219,3467.0,63.0,1.817133,1219,1,CD14-like monocytes,-0.7806040954589843,-1.0545226588393704,-0.15473760739721443,CD14-like monocytes
TATGTCACTTCTCA-1,612,1388.0,41.0,2.9538906,612,3,B cells,0.4178394905726115,-0.7927910390526357,-0.8732579549153646,B cells
TATGTGCTCCGATA-1,970,2912.0,48.0,1.6483518,970,1,CD14-like monocytes,-0.26889868021011354,-0.6750634978515934,0.16512751242127088,CD14-like monocytes
TATGTGCTGGATTC-1,789,2276.0,19.0,0.83479786,789,0,T cells,1.6171603616078696,0.42753974837486186,-0.8437825212574969,CD4 T-like
TATTGCTGAAGAAC-1,382,805.0,31.0,3.8509316,382,1,CD14-like monocytes,-0.5988309224446614,-0.08703079608955766,0.3941150703815498,CD14-like monocytes
TATTGCTGCCGTTC-1,533,1289.0,63.0,4.88751,533,3,B cells,0.3883620643615723,-0.44093413497462414,-0.8248043638287168,B cells
TATTGCTGTCTGGA-1,627,2093.0,44.0,2.1022456,627,0,T cells,1.4627047713597616,0.5209988150933776,-0.8111852010091146,CD4 T-like
TATTGCTGTGCACA-1,388,780.0,24.0,3.0769231,388,2,NK / cytotoxic lymphocytes,0.8783724848429362,-0.2193712672801933,-0.09116036289870133,NK-like
TATTTCCTATTGGC-1,655,1638.0,31.0,1.892552,655,1,CD14-like monocytes,-0.6241153971354166,-1.0086828674932924,0.660856433829876,CD14-like monocytes
TATTTCCTGGAGGT-1,1103,2265.0,41.0,1.8101546,1103,2,NK / cytotoxic lymphocytes,-0.3979551871617635,-0.23178714068249018,1.623696192346438,NK-like
TATTTCCTGGTGTT-1,782,2209.0,20.0,0.905387,782,0,T cells,1.6497518889109295,-0.4612686455851853,-0.5942661006041248,CD4 T-like
TCAACACTGTTTGG-1,1231,2765.0,67.0,2.4231465,1231,2,NK / cytotoxic lymphocytes,-0.11798399607340493,-0.24356242911984216,2.4517550304682567,NK-like
TCAAGGACAGCGTT-1,617,1738.0,26.0,1.4959724,617,0,T cells,0.8011376905441284,0.5804693954159516,-0.9726564041291824,CD4 T-like
TCAAGGACATTCTC-1,589,1218.0,22.0,1.8062398,589,2,NK / cytotoxic lymphocytes,-0.48425445556640623,1.321035462196427,1.1710224402071248,NK-like
TCAAGGACGGTGTT-1,758,2074.0,21.0,1.0125362,758,1,CD14-like monocytes,-0.7097327677408855,-0.9091797645645913,0.5377516322665743,CD14-like monocytes
TCAATCACACTCTT-1,882,2134.0,59.0,2.764761,882,2,NK / cytotoxic lymphocytes,-0.7269294738769532,1.3318426690920435,0.3386241084397442,NK-like
TCAATCACAGTCGT-1,909,2583.0,83.0,3.2133176,909,1,CD14-like monocytes,-0.31233993132909144,-0.6990228147217722,0.7232077839398625,CD14-like monocytes
TCACAACTATGTGC-1,661,1839.0,36.0,1.9575857,661,0,T cells,0.9408161544799805,0.14552455959898047,-0.8762525308011758,CD4 T-like
TCACAACTTTGCTT-1,558,1300.0,44.0,3.3846154,558,1,CD14-like monocytes,0.06402039766311646,-0.3369881027876728,-0.16662142975161776,CD14-like monocytes
TCACATACACTTTC-1,947,2580.0,41.0,1.5891473,947,0,T cells,0.7606363201141357,1.4735116091641514,-0.7333298777088975,NK-like
TCACATACAGGGTG-1,491,1203.0,20.0,1.6625104,491,0,T cells,0.8613194052378337,0.37109422202062126,-0.8497060139973959,CD4 T-like
TCACCCGAGACGGA-1,1386,4220.0,91.0,2.156398,1386,1,CD14-like monocytes,-0.6782336493333181,-0.780642166763845,0.2896700242553094,CD14-like monocytes
TCACCGTGCTCGCT-1,1481,4576.0,160.0,3.4965034,1481,1,CD14-like monocytes,-0.5028098710378011,-1.1169569227430556,0.7191953562726878,CD14-like monocytes
TCACCTCTACGACT-1,823,2131.0,77.0,3.613327,823,2,NK / cytotoxic lymphocytes,0.2783025805155436,1.3416625167384293,0.48679299595380066,NK-like
TCACCTCTTCCAAG-1,1064,2765.0,71.0,2.567812,1064,1,CD14-like monocytes,-0.3860950517654419,-1.0066435072157118,0.6628112311315055,CD14-like monocytes
TCACGAGAGGAGGT-1,681,1644.0,32.0,1.946472,681,3,B cells,0.4403502178192139,-0.8584454469006471,-0.908092691440775,B cells
TCACTATGGGGCAA-1,652,1431.0,27.0,1.8867924,652,2,NK / cytotoxic lymphocytes,0.40339120070139567,2.111433454956671,-0.28144328184802125,NK-like
TCACTATGGTTGTG-1,363,808.0,5.0,0.6188119,363,3,B cells,0.5052526084582011,-0.6750315656565656,-0.7798186793471827,B cells
TCAGACGACGCTAA-1,824,2309.0,29.0,1.255955,824,0,T cells,1.3902037239074707,0.009128126471933617,-0.7010126410108624,CD4 T-like
TCAGACGACGTTAG-1,933,2038.0,39.0,1.9136409,933,2,NK / cytotoxic lymphocytes,-0.7553204345703125,-0.38421949714121195,2.182327730968745,NK-like
TCAGAGACTCCAGA-1,611,2093.0,31.0,1.4811275,611,0,T cells,0.808532223701477,-0.011275343461470189,-0.8749358051955097,CD4 T-like
TCAGCAGACTCCAC-1,886,2640.0,29.0,1.0984849,886,0,T cells,0.9333176740010579,-0.6138709877476548,-0.6514092271978205,CD4 T-like
TCAGCGCTCTAGTG-1,806,1781.0,48.0,2.695115,806,2,NK / cytotoxic lymphocytes,0.9014428488413493,1.8814853803075926,0.09999653113008744,NK-like
TCAGCGCTGGATCT-1,531,1276.0,26.0,2.0376177,531,3,B cells,0.42237774054209387,-0.7649053708471433,-0.7972273393110796,B cells
TCAGCGCTGGTATC-1,864,2363.0,71.0,3.0046551,864,2,NK / cytotoxic lymphocytes,0.8519383112589518,2.000725590098988,0.1894020620018545,NK-like
TCAGGATGAAGTAG-1,648,1623.0,20.0,1.2322859,648,0,T cells,0.8924383799235026,0.3217805188111583,-0.8210208777225378,CD4 T-like
TCAGGATGCCTTTA-1,1142,3122.0,81.0,2.5944908,1142,1,CD14-like monocytes,-0.3487516005833944,-0.8222136759998823,0.9145348192465426,CD14-like monocytes
TCAGTGGAAGATCC-1,736,1688.0,32.0,1.8957347,736,2,NK / cytotoxic lymphocytes,-0.07679672479629518,0.750861938553627,0.34471178632793986,NK-like
TCAGTTACCTACGA-1,955,2574.0,69.0,2.6806526,955,1,CD14-like monocytes,-0.316824467976888,-0.8923045457011521,-0.38655963907338153,CD14-like monocytes
TCAGTTACTAGAAG-1,826,2239.0,28.0,1.2505583,826,0,T cells,1.1638541746139526,-0.9678374781753077,-1.0596953883315579,CD4 T-like
TCATCAACCCGATA-1,725,2340.0,52.0,2.2222223,725,0,T cells,0.6202839247385661,0.5904961711228497,-0.5831134321713688,CD4 T-like
TCATCAACTGTTCT-1,1174,4052.0,111.0,2.739388,1174,1,CD14-like monocytes,-0.47716015021006264,-1.074967971955887,0.03939873473812838,CD14-like monocytes
TCATCATGCAGTTG-1,841,2220.0,30.0,1.3513514,841,0,T cells,0.32635727326075237,0.5566096517774795,-0.49294004030901983,CD4 T-like
TCATCCCTTACTGG-1,1006,2834.0,39.0,1.3761468,1006,0,T cells,1.577336285909017,0.5601724123713947,-0.5543969833489619,CD4 T-like
TCATTCGATACAGC-1,1418,4631.0,138.0,2.979918,1418,1,CD14-like monocytes,-0.8080584716796875,-1.0100307271938131,0.4499847913029218,CD14-like monocytes
TCCACGTGGAAACA-1,955,3201.0,51.0,1.5932521,955,0,T cells,0.9488851451873779,-0.13508148964005284,-0.9438564416133997,CD4 T-like
TCCACTCTACACTG-1,829,2049.0,14.0,0.6832601,829,0,T cells,1.006563736597697,0.04756362799442171,-0.6705411824313077,CD4 T-like
TCCACTCTGAGCTT-1,1038,3186.0,80.0,2.5109856,1038,1,CD14-like monocytes,-0.7302704874674479,-1.0158452506017204,-0.19419396044027937,CD14-like monocytes
TCCACTCTTACTTC-1,632,1502.0,11.0,0.73235685,632,3,B cells,0.5562572113672892,-0.4515175400358258,-0.567293756176727,B cells
TCCATAACAAAGTG-1,750,2226.0,50.0,2.2461815,750,0,T cells,1.1402712233861287,-0.2623321648800012,-0.9503181534584122,CD4 T-like
TCCATAACCGTAGT-1,846,2093.0,21.0,1.0033444,846,3,B cells,0.468623693784078,-0.77622623636265,-1.0490783537277069,B cells
TCCATAACGATGAA-1,1033,2555.0,41.0,1.6046968,1033,0,T cells,0.9405345916748047,0.10022801196936393,-0.8030735066442778,CD4 T-like
TCCATAACTACGCA-1,859,2497.0,44.0,1.7621145,859,0,T cells,1.1142367362976073,-0.5695880379339662,-0.3672720841687135,CD4 T-like
TCCATCCTCCCTAC-1,890,2010.0,43.0,2.1393034,890,2,NK / cytotoxic lymphocytes,-0.7054064432779948,0.6731840172199287,1.3542316398235283,NK-like
TCCCACGATCATTC-1,893,2636.0,28.0,1.0622154,893,0,T cells,1.2649422868092854,-0.5811479209649443,-0.9737614333027541,CD4 T-like
TCCCATCTCAAAGA-1,1030,3217.0,64.0,1.9894311,1030,1,CD14-like monocytes,-0.7686057535807291,-0.6325197752075966,-0.19251220876520336,CD14-like monocytes
TCCCGAACACAGTC-1,913,1722.0,61.0,3.5423927,913,2,NK / cytotoxic lymphocytes,-0.7451811726888021,-0.9737904095890546,1.5860441689539435,NK-like
TCCCGAACTTCGCC-1,1385,4180.0,101.0,2.4162679,1385,1,CD14-like monocytes,-0.33570705652236943,-0.8181739217103129,0.798172247530234,CD14-like monocytes
TCCCGATGAGATCC-1,750,1773.0,37.0,2.0868585,750,0,T cells,1.1680971590677895,-0.26675881905989207,-0.9944689972232087,CD4 T-like
TCCCGATGCCTGAA-1,416,810.0,17.0,2.0987654,416,1,CD14-like monocytes,-0.46469441731770833,-0.7134777030559502,0.10374396545718412,CD14-like monocytes
TCCCTACTCAACTG-1,703,1717.0,25.0,1.456028,703,3,B cells,0.7621187655131022,-0.92080719302399,-1.0558974911468197,B cells
TCCGAAGACAATCG-1,522,1103.0,18.0,1.631913,522,1,CD14-like monocytes,-0.37542928059895836,0.2746160391605261,0.6457526794587723,CD14-like monocytes
TCCGAAGACGTTAG-1,856,2866.0,50.0,1.7445918,856,0,T cells,0.9780045731862386,-0.21581076323383985,-1.0132715244485875,CD4 T-like
TCCGGACTGAGGTG-1,914,2387.0,21.0,0.8797654,914,0,T cells,1.2243954706192017,-0.08783904566909329,-1.1493041683929135,CD4 T-like
TCCGGACTGTACGT-1,742,1942.0,51.0,2.6261587,742,2,NK / cytotoxic lymphocytes,0.8968965164820353,1.5735220514162624,0.11283807272862911,NK-like
TCCTAAACATCGAC-1,381,893.0,7.0,0.7838746,381,0,T cells,0.4979032842318217,1.294556295992148,-0.544957864164102,CD4 T-like
TCCTAAACCGAGAG-1,1079,3321.0,88.0,2.649804,1079,0,T cells,0.7143555943171184,0.1548952420552573,-0.7720077264188515,CD4 T-like
TCCTAAACCGCATA-1,671,1386.0,30.0,2.1645021,671,2,NK / cytotoxic lymphocytes,-0.5321436564127604,-0.9215500186188053,3.4485538482666014,NK-like
TCCTAATGGTTTGG-1,1101,2660.0,45.0,1.6917294,1101,2,NK / cytotoxic lymphocytes,-0.816492919921875,1.6196075285323945,0.7230456419665405,NK-like
TCCTACCTGTCGTA-1,858,2508.0,26.0,1.0366826,858,0,T cells,0.9920545705159505,0.08099043971360342,-1.1204133467240767,CD4 T-like
TCCTATGAAAAGCA-1,663,1545.0,34.0,2.2006474,663,2,NK / cytotoxic lymphocytes,-0.5472447204589844,0.8794358725499625,-0.1860102489741161,NK-like
TCGAATCTCTGGTA-1,581,1305.0,31.0,2.3754787,581,2,NK / cytotoxic lymphocytes,-0.5154892985026042,1.5253339305068505,0.5440208319461706,NK-like
TCGACCTGCCGATA-1,845,2173.0,32.0,1.4726186,845,1,CD14-like monocytes,-0.7240005493164062,-0.5288750448612252,0.21349920600351668,CD14-like monocytes
TCGACGCTTCTATC-1,881,2541.0,26.0,1.0232192,881,1,CD14-like monocytes,0.26381576458613076,-0.534354318031157,-0.04167405330773555,CD14-like monocytes
TCGACGCTTTGACG-1,823,2196.0,70.0,3.187614,823,0,T cells,0.7199779891967774,-0.12203673593925712,-0.623010353367738,CD4 T-like
TCGAGAACGACAGG-1,835,2496.0,108.0,4.3269234,835,0,T cells,1.5586965211232502,0.06072128372963037,-0.34318180903039797,CD4 T-like
TCGAGAACGTTAGC-1,1290,3384.0,54.0,1.5957447,1290,0,T cells,-0.731759033203125,0.3386827719331992,-1.0549405030529908,CD4 T-like
TCGAGCCTATCAGC-1,598,1489.0,33.0,2.2162526,598,3,B cells,0.897205499013265,-0.7960762255119554,-0.517417082642064,B cells
TCGAGCCTGCGAGA-1,1130,3237.0,79.0,2.4405313,1130,2,NK / cytotoxic lymphocytes,0.8938173389434815,1.4508828712232187,-0.10177845232414473,NK-like
TCGAGCCTTGTGAC-1,793,2608.0,87.0,3.3358893,793,0,T cells,0.18477119763692218,0.7564584558660333,-0.8968833383887705,CD4 T-like
TCGATACTATTCCT-1,838,2486.0,34.0,1.367659,838,0,T cells,0.5221572287877401,1.2820185227827592,0.06525169045034085,NK-like
TCGATACTTGCACA-1,765,1825.0,39.0,2.1369863,765,0,T cells,0.13577058474222814,0.5634008484657365,-0.8911020298196812,CD4 T-like
TCGATTTGATGCCA-1,768,2116.0,25.0,1.1814746,768,1,CD14-like monocytes,-0.622591807047526,-1.0119326813052398,0.7166122012668186,CD14-like monocytes
TCGATTTGCACTCC-1,815,2506.0,27.0,1.0774142,815,0,T cells,0.15828345616658523,-0.30317807053074697,-0.9808526857934817,CD4 T-like
TCGATTTGCAGCTA-1,810,1686.0,40.0,2.3724792,810,2,NK / cytotoxic lymphocytes,-0.30683328231175744,-0.9688768483171559,2.3720034088751287,NK-like
TCGATTTGCCTACC-1,912,2281.0,64.0,2.8057868,912,1,CD14-like monocytes,-0.6998026021321615,-0.971102242517953,0.31542347127741044,CD14-like monocytes
TCGATTTGTCGTGA-1,818,2737.0,51.0,1.8633541,818,3,B cells,0.36936245997746786,-0.5364473025004068,-0.9710167008216934,B cells
TCGCAGCTAGATCC-1,790,2098.0,50.0,2.383222,790,2,NK / cytotoxic lymphocytes,0.18838986237843836,1.3195360935095586,-0.25291688514478283,NK-like
TCGCCATGAGACTC-1,665,1864.0,33.0,1.7703863,665,0,T cells,0.23156625032424927,-0.23576991196834685,-0.7850185355754814,CD4 T-like
TCGCCATGTGGTCA-1,703,1582.0,28.0,1.7699115,703,3,B cells,0.47220994472503663,-0.947535813456834,-1.0385840059530855,B cells
TCGGACCTAACAGA-1,875,2910.0,33.0,1.1340207,875,0,T cells,1.0435256973902385,0.171278699239095,-1.0309998483368845,CD4 T-like
TCGGACCTATAAGG-1,657,1368.0,16.0,1.1695907,657,3,B cells,0.4184755301475525,-0.7701007573291508,-0.862741181344697,B cells
TCGGACCTGTACAC-1,1567,5600.0,80.0,1.4285715,1567,0,T cells,0.8222673718134562,-0.20208194809730595,-1.1024056636925899,CD4 T-like
TCGGTAGAGTAGGG-1,688,2104.0,32.0,1.5209125,688,0,T cells,1.3215611696243286,0.4567675561615916,-0.8892419988458807,CD4 T-like
TCGGTAGATCCCAC-1,749,2177.0,38.0,1.7455213,749,3,B cells,0.23870989481608074,-0.3629101117451986,-0.5106263213687472,B cells
TCGTAGGATCGACA-1,1076,2905.0,91.0,3.1325302,1076,0,T cells,0.9682916323343913,-0.3504719772724191,-0.8446378021529226,CD4 T-like
TCGTTATGGACAAA-1,782,2162.0,27.0,1.2488437,782,0,T cells,0.8186441882451375,0.2493807407340618,-0.8781697437016651,CD4 T-like
TCTAACACCAGTTG-1,543,1090.0,40.0,3.6697247,543,2,NK / cytotoxic lymphocytes,-0.6434246826171875,-0.0967880634346393,0.744052391822892,NK-like
TCTAACACGAGCAG-1,1100,3182.0,51.0,1.6027656,1100,4,Dendritic cells,0.2965071249008179,-0.9378332272924558,0.012236665475247932,Dendritic cells
TCTAACTGAACCAC-1,841,2303.0,61.0,2.648719,841,2,NK / cytotoxic lymphocytes,0.7813584136962891,0.3756663967864682,-0.6466421975029839,CD4 T-like
TCTAAGCTAATGCC-1,809,2515.0,32.0,1.2723658,809,0,T cells,0.6419075043996175,0.07217948605315849,-0.984989821308791,CD4 T-like
TCTAAGCTTAGTCG-1,789,1791.0,32.0,1.7867112,789,2,NK / cytotoxic lymphocytes,-0.6640215555826823,1.0268311722110015,1.3042359149817266,NK-like
TCTAAGCTTCTAGG-1,1263,3782.0,64.0,1.6922263,1263,1,CD14-like monocytes,-0.4478754957516988,-1.0182418823242188,0.30435754602605636,CD14-like monocytes
TCTAAGCTTGTTCT-1,758,2052.0,51.0,2.4853802,758,1,CD14-like monocytes,-0.14701001922289525,-0.8466060908153804,-0.23983305102646957,CD14-like monocytes
TCTAAGCTTTCGCC-1,368,686.0,6.0,0.8746356,368,3,B cells,0.6354764405886333,-0.5183706572561553,-0.09327705315869261,B cells
TCTACAACGACTAC-1,1022,2564.0,58.0,2.2620904,1022,1,CD14-like monocytes,-0.19312397956848149,-0.9039593320904356,-0.3028044060023144,CD14-like monocytes
TCTAGACTTAGAAG-1,730,1834.0,68.0,3.7077427,730,1,CD14-like monocytes,-0.579723612467448,-0.7471650248826153,0.07206207140527587,CD14-like monocytes
TCTAGTTGCACCAA-1,1101,3303.0,44.0,1.3321223,1101,1,CD14-like monocytes,-0.4272303525606791,-1.04998024063881,0.08169307227086531,CD14-like monocytes
TCTATGTGAAGAGT-1,478,1131.0,19.0,1.6799294,478,1,CD14-like monocytes,-0.4790351359049479,-0.5969930321279199,0.11167282383851329,CD14-like monocytes
TCTATGTGAGTCTG-1,488,951.0,28.0,2.9442692,488,2,NK / cytotoxic lymphocytes,0.41681962490081786,1.8930595513546107,-0.1799266612890995,NK-like
TCTCAAACCTAAGC-1,618,1479.0,25.0,1.6903313,618,3,B cells,0.41104756355285643,-0.4318888288555723,-0.821244827424637,B cells
TCTCTAGAATTTCC-1,940,2723.0,33.0,1.2118987,940,0,T cells,0.6826921049753825,0.763786901608862,-0.7477029417500352,CD4 T-like
TCTGATACACGTGT-1,771,2225.0,46.0,2.0674157,771,0,T cells,0.20218786636988317,0.11372493782428772,-0.8911654539782592,CD4 T-like
TCTGATACTCGCCT-1,784,2451.0,82.0,3.3455734,784,0,T cells,-0.465107421875,-0.2316146026958119,-0.9314114349056976,CD4 T-like
TCTTACGAACCTGA-1,847,2156.0,54.0,2.5046382,847,1,CD14-like monocytes,-0.7084708658854166,-0.9627159966362847,0.25217236990880476,CD14-like monocytes
TCTTCAGAGCTACA-1,1303,3625.0,71.0,1.9586208,1303,1,CD14-like monocytes,-0.8557159423828125,-0.6914660511594829,0.3316823458430742,CD14-like monocytes
TCTTGATGCGGAGA-1,821,2273.0,50.0,2.199736,821,2,NK / cytotoxic lymphocytes,-0.15972626686096192,1.2031601626463608,-0.1908494236493351,NK-like
TGAAATTGGTGAGG-1,1111,3348.0,83.0,2.4790921,1111,1,CD14-like monocytes,-0.6991718037923177,-1.095468617448903,-0.01974717149830818,CD14-like monocytes
TGAACCGAAAACGA-1,752,2185.0,57.0,2.6086955,752,0,T cells,0.7719292418162028,-0.10522958293105611,-0.5925488794692839,CD4 T-like
TGAACCGACTACTT-1,1128,2913.0,42.0,1.4418126,1128,1,CD14-like monocytes,-0.4114657274881999,-0.987453499225655,0.47730342595264164,CD14-like monocytes
TGAACCGATTCGGA-1,958,2871.0,58.0,2.020202,958,1,CD14-like monocytes,-0.42329448342323306,-0.628180582595594,1.0078968317821773,CD14-like monocytes
TGAAGCACTCACGA-1,742,1917.0,49.0,2.5560772,742,2,NK / cytotoxic lymphocytes,0.7656022024154663,0.9401896197386462,0.38484048361730094,NK-like
TGAAGCTGAACGAA-1,782,2514.0,53.0,2.108194,782,0,T cells,1.2875428088506062,-0.3626093445402203,-0.5833507386120882,CD4 T-like
TGAAGCTGCATGGT-1,824,2029.0,39.0,1.9221292,824,3,B cells,0.19943847735722858,-0.8261050599994082,-0.9102556633226799,B cells
TGAAGCTGCGTAAC-1,751,2178.0,52.0,2.3875115,751,0,T cells,0.7119533507029215,-0.15399504045043333,-0.8721366651130446,CD4 T-like
TGAATAACCACTTT-1,872,2591.0,45.0,1.7367812,872,0,T cells,1.5628624661763508,0.44047629520146525,-0.677314036783546,CD4 T-like
TGAATAACTCCCAC-1,939,2142.0,97.0,4.528478,939,2,NK / cytotoxic lymphocytes,-0.6306316121419271,0.8805242904508958,1.1130510696257003,NK-like
TGACACGACCTTAT-1,606,1510.0,29.0,1.9205298,606,3,B cells,1.109081514676412,-0.6833083027541035,-0.9051304056186869,B cells
TGACCAGACAACCA-1,698,1800.0,20.0,1.1111112,698,0,T cells,0.27496028900146485,-0.09830552688752758,-0.7910030634716304,CD4 T-like
TGACCAGAGGATTC-1,705,1923.0,47.0,2.4440978,705,0,T cells,0.7648930088678996,0.2925168856225834,-0.8705040517479482,CD4 T-like
TGACCGCTAAAAGC-1,963,3021.0,43.0,1.4233698,963,0,T cells,0.7681600348154703,-0.08288730081885742,-1.1020204948656487,CD4 T-like
TGACCGCTCTGCAA-1,607,1926.0,31.0,1.6095533,607,0,T cells,0.4274048352241516,-0.1570993625756466,-0.505248979366187,CD4 T-like
TGACGATGCAAAGA-1,621,1634.0,28.0,1.7135862,621,1,CD14-like monocytes,-0.5930954996744792,-0.9352351487284959,-0.16601277842666162,CD14-like monocytes
TGACGCCTGTACCA-1,1650,5159.0,153.0,2.9656909,1650,0,T cells,-0.2987461642424265,-0.14296842247548747,-1.0909893652405402,CD4 T-like
TGACGCCTTTACTC-1,1093,2613.0,23.0,0.8802143,1093,0,T cells,0.0905543454488118,0.25637933365022303,-0.7976551130564525,CD4 T-like
TGACTGGAAGAGAT-1,545,1442.0,32.0,2.21914,545,1,CD14-like monocytes,-0.4670054117838542,-0.8946308174518623,-0.09188965787791248,CD14-like monocytes
TGACTGGACCGTAA-1,670,1494.0,7.0,0.46854085,670,0,T cells,0.5740616416931152,0.0422749567513514,-0.4489871998025914,CD4 T-like
TGACTGGACGCAAT-1,617,1756.0,29.0,1.6514806,617,0,T cells,0.10309591531753537,0.48968440354472464,-0.8005499791617345,CD4 T-like
TGACTGGAGGACAG-1,723,1852.0,40.0,2.1598272,723,3,B cells,0.3637551824251811,-0.49031466089113795,-0.4950880416715988,B cells
TGACTGGATTCTCA-1,1194,4076.0,80.0,1.9627085,1194,0,T cells,0.873538212776184,0.24336705641313028,-0.6215045779642433,CD4 T-like
TGACTTACACACCA-1,1019,3324.0,30.0,0.9025271,1019,0,T cells,0.785945307413737,0.16237047079837674,-0.9718007559728141,CD4 T-like
TGACTTACAGTCTG-1,1291,4136.0,79.0,1.910058,1291,1,CD14-like monocytes,-0.695113271077474,-0.6988675129534019,-0.31585223939683704,CD14-like monocytes
TGACTTTGCGCATA-1,758,2348.0,32.0,1.362862,758,0,T cells,0.29830467383066817,0.4880310135658341,-0.870930527195786,CD4 T-like
TGACTTTGTTTGTC-1,855,2289.0,36.0,1.5727391,855,0,T cells,0.5972814655303955,-0.2435873513269906,-1.1077752932153566,CD4 T-like
TGAGACACAAGGTA-1,1549,5138.0,68.0,1.3234721,1549,0,T cells,1.3681529076894123,0.20531121841584787,-0.5206766181521945,CD4 T-like
TGAGACACTCAAGC-1,743,1816.0,72.0,3.9647574,743,2,NK / cytotoxic lymphocytes,0.08633385658264159,1.118694962395562,0.645052613152398,NK-like
TGAGCTGAATGCTG-1,1372,4165.0,85.0,2.0408163,1372,1,CD14-like monocytes,-0.10688515265782672,-0.7027492051172738,0.8066212702279139,CD14-like monocytes
TGAGCTGACTGGAT-1,802,2132.0,70.0,3.283302,802,1,CD14-like monocytes,-0.2519828569889069,-0.8909759521484375,-0.08213799794514975,CD14-like monocytes
TGAGCTGATGCTAG-1,337,661.0,22.0,3.3282905,337,1,CD14-like monocytes,-0.5391872151692708,-0.6906685106682054,-0.6558982772056503,CD14-like monocytes
TGAGGACTCTCATT-1,1121,3669.0,148.0,4.0337963,1121,1,CD14-like monocytes,-0.3195239766438802,-0.9691797121606692,-0.35287267463375827,CD14-like monocytes
TGAGGACTTCATTC-1,1028,3089.0,57.0,1.8452574,1028,0,T cells,1.466088269551595,-0.1623922189076742,-0.9845372209645281,CD4 T-like
TGAGGTACGAACCT-1,1524,4755.0,136.0,2.8601472,1524,1,CD14-like monocytes,-0.89515625,-0.9934084343187737,0.47558050155639653,CD14-like monocytes
TGAGTCGAGTTACG-1,645,1377.0,34.0,2.4691358,645,3,B cells,-0.4434271240234375,-0.32584761320942573,-0.8717758486969303,B cells
TGAGTGACTGAGCT-1,847,2457.0,47.0,1.9129019,847,0,T cells,1.3028135903676352,-0.12770523206152107,-1.0516691882200915,CD4 T-like
TGATAAACGAATCC-1,866,2519.0,54.0,2.1437078,866,0,T cells,1.1567248694101968,-0.020165251722239486,-0.9606757886482008,CD4 T-like
TGATAAACTCCGTC-1,941,2068.0,37.0,1.7891682,941,2,NK / cytotoxic lymphocytes,-0.23115373134613038,0.0687125735812717,2.9386380590573706,NK-like
TGATAAACTTTCAC-1,751,1922.0,35.0,1.8210196,751,0,T cells,1.5177783457438152,0.3160713436627629,-0.10025627926142533,CD4 T-like
TGATACCTCACTAG-1,583,1506.0,20.0,1.3280213,583,1,CD14-like monocytes,-0.07472563584645586,-0.9396778453480114,-0.18959445568046185,CD14-like monocytes
TGATACCTGTTGGT-1,796,2216.0,34.0,1.534296,796,0,T cells,1.1184031852086385,0.19779960844251843,-0.5954542092602662,CD4 T-like
TGATACCTTATGCG-1,793,2264.0,53.0,2.3409894,793,0,T cells,0.13366009076436358,0.34470791961207536,-0.8575414792455808,CD4 T-like
TGATACCTTGAAGA-1,975,3063.0,39.0,1.2732614,975,0,T cells,1.0865465100606282,-0.18442483574453028,-0.8369467183797047,CD4 T-like
TGATATGAACCTTT-1,936,2958.0,51.0,1.7241379,936,0,T cells,0.9301118993759155,0.04965864431978473,-1.0261318322383997,CD4 T-like
TGATCACTAGCATC-1,524,1110.0,51.0,4.5945945,524,2,NK / cytotoxic lymphocytes,0.13568148692448934,0.014170121183299078,0.4311653618860727,NK-like
TGATCACTCTCGCT-1,659,1843.0,45.0,2.4416711,659,0,T cells,1.1578115224838257,-0.2431209573842058,-0.8793703329683554,CD4 T-like
TGATCACTTCTACT-1,607,1756.0,47.0,2.6765375,607,3,B cells,0.4374227778116862,-0.07163461868209076,-0.9346274173620975,B cells
TGATCGGACTGACA-1,1433,4211.0,153.0,3.6333413,1433,1,CD14-like monocytes,-0.21424831708272296,-0.7759098862156724,0.24786250085541695,CD14-like monocytes
TGATCGGAGGAGCA-1,562,1352.0,17.0,1.2573965,562,3,B cells,0.48882660309473674,-0.3928372537246858,-0.9444322682390309,B cells
TGATCGGATATGCG-1,696,1526.0,56.0,3.6697247,696,1,CD14-like monocytes,-0.005851816336313931,-0.4185841377335366,0.38433936629632504,CD14-like monocytes
TGATTAGACATTGG-1,927,2278.0,30.0,1.3169447,927,0,T cells,0.849529816309611,0.12284017813326131,-1.1336636013454862,CD4 T-like
TGATTAGATGACTG-1,517,1175.0,35.0,2.9787235,517,3,B cells,0.21170248111089068,-0.6793720746281171,-0.829148880159012,B cells
TGATTAGATGCTAG-1,719,2242.0,41.0,1.8287244,719,0,T cells,0.7385178216298421,-0.18449307258683012,-0.9150910810990767,CD4 T-like
TGATTCACTATGCG-1,599,1901.0,44.0,2.3145714,599,0,T cells,0.9935260725021362,0.19047643777095913,-0.8881512266216856,CD4 T-like
TGATTCACTGTCAG-1,639,1733.0,26.0,1.5002885,639,3,B cells,0.918488089243571,-0.7779827695904356,-0.9319291548295454,B cells
TGATTCTGCCGAAT-1,977,3102.0,56.0,1.8052869,977,0,T cells,0.5559819984436035,-0.21291864568536922,-0.4477054359936955,CD4 T-like
TGATTCTGCTCTTA-1,1019,2820.0,39.0,1.3829787,1019,0,T cells,0.6223507324854533,0.22526952184811988,-1.0049206512142914,CD4 T-like
TGCAAGTGAGAACA-1,816,2063.0,60.0,2.908386,816,0,T cells,1.0535937070846557,0.2840293364091353,-0.9506093034840594,CD4 T-like
TGCAAGTGGGTAGG-1,672,1705.0,31.0,1.8181818,672,1,CD14-like monocytes,-0.6151258850097656,-0.7840445162069918,-0.12207847364021074,CD14-like monocytes
TGCAATCTTCAGGT-1,1903,6317.0,107.0,1.693842,1903,4,Dendritic cells,-0.4129682497183482,-1.0803179500078914,-0.7587721930609808,Dendritic cells
TGCACAGACGACAT-1,1162,2463.0,69.0,2.8014617,1162,2,NK / cytotoxic lymphocytes,-0.9070416259765625,0.24680146882028287,2.549591257114603,NK-like
TGCCAAGAGCAGTT-1,964,2914.0,47.0,1.6129031,964,1,CD14-like monocytes,0.3246168033281962,-0.9838584360450205,-0.123163668314616,CD14-like monocytes
TGCCAAGATCTCTA-1,936,3094.0,54.0,1.7453136,936,0,T cells,1.5885864448547364,-0.0454662997313221,-1.1176025698883365,CD4 T-like
TGCCACTGAACGTC-1,947,2656.0,20.0,0.75301206,947,0,T cells,2.113092549641927,-0.4361920530145819,-0.9499762949317393,CD4 T-like
TGCCACTGCGATAC-1,989,1949.0,25.0,1.2827091,989,2,NK / cytotoxic lymphocytes,-0.6598773701985677,0.09861164767332764,1.7837661261510367,NK-like
TGCCAGCTTGGCAT-1,790,2184.0,30.0,1.3736264,790,0,T cells,1.2598336108525594,-0.3312291106792412,-0.9547106039644492,CD4 T-like
TGCCCAACAGCAAA-1,902,2794.0,34.0,1.2168933,902,0,T cells,0.8429620615641276,-0.6320204636063239,-0.7052104783780647,CD4 T-like
TGCCCAACCGCATA-1,982,2799.0,91.0,3.251161,982,1,CD14-like monocytes,-0.7534459431966146,-0.7065587050987012,0.3943082607153692,CD14-like monocytes
TGCCGACTCTCCCA-1,673,1904.0,42.0,2.2058823,673,3,B cells,-0.0526836156845093,-0.7385394934451941,-0.9214092986752288,B cells
TGCGAAACAGTCAC-1,856,2339.0,58.0,2.4796922,856,3,B cells,0.1805962657928467,-0.9693027843128551,-0.6626085136875962,B cells
TGCGAAACGTTGCA-1,629,1420.0,46.0,3.2394364,629,3,B cells,0.2047507127126058,-0.8952109596946023,-0.8549154262350063,B cells
TGCGATGAACGGTT-1,692,1829.0,42.0,2.2963367,692,0,T cells,0.17571869373321536,0.07109123769432613,-0.8112216525607638,CD4 T-like
TGCGATGACCTCGT-1,843,2220.0,45.0,2.027027,843,0,T cells,1.8959977054595947,-0.5163821959736371,-0.9496748182508681,CD4 T-like
TGCGATGACTAGTG-1,940,2846.0,54.0,1.8973999,940,3,B cells,0.33766716639200844,-0.8169861610489663,-0.25608162590951633,B cells
TGCGATGACTGCTC-1,795,2314.0,45.0,1.9446846,795,3,B cells,0.2575372266769409,-0.5621156482985525,-1.0436076925258444,B cells
TGCGATGACTTGCC-1,780,1951.0,25.0,1.2813941,780,3,B cells,0.3707134064038594,-0.8859251388395676,-0.922549469302399,B cells
TGCGATGAGTGCTA-1,821,1915.0,45.0,2.3498695,821,1,CD14-like monocytes,-0.7334984334309896,-0.7922314730557528,0.30693378544817074,CD14-like monocytes
TGCGCACTCTTGAG-1,471,1059.0,19.0,1.7941455,471,1,CD14-like monocytes,-0.0071360556284586485,-0.7375698667584043,0.1981276049758448,CD14-like monocytes
TGCGTAGAATAAGG-1,702,1588.0,45.0,2.833753,702,1,CD14-like monocytes,-0.6058756510416666,-0.5507434194738214,-0.11271309322781042,CD14-like monocytes
TGCGTAGACGGGAA-1,631,1553.0,34.0,2.189311,631,3,B cells,0.16850595156351728,-0.9083933204111426,-1.022731896602746,B cells
TGCGTAGATGGTCA-1,1557,5486.0,152.0,2.770689,1557,1,CD14-like monocytes,-0.3793319320678711,-1.133760317407473,0.3300802539093326,CD14-like monocytes
TGCTAGGAAACCGT-1,868,2223.0,54.0,2.4291499,868,2,NK / cytotoxic lymphocytes,-0.1325855998198191,2.1934137922344785,-0.8944608129636206,NK-like
TGCTAGGATAGTCG-1,901,3056.0,53.0,1.7342932,901,0,T cells,1.5483532651265461,-0.6668637266062727,-0.9924279415246212,CD4 T-like
TGCTATACGGTTCA-1,798,2123.0,54.0,2.5435705,798,1,CD14-like monocytes,-0.1060272447268168,-0.790701201467803,-0.19444916368734955,CD14-like monocytes
TGCTATACTGCTGA-1,1020,2583.0,76.0,2.942315,1020,2,NK / cytotoxic lymphocytes,0.2940375804901123,0.7858150539976178,0.4798469206299445,NK-like
TGCTGAGAGAGCAG-1,885,1992.0,68.0,3.4136546,885,2,NK / cytotoxic lymphocytes,-0.2717196492354075,-0.5592367034969907,2.9656102536904694,NK-like
TGCTGAGATTATCC-1,881,2754.0,39.0,1.416122,881,0,T cells,0.7793609015146892,-0.5039862112565474,-0.6837888963294751,CD4 T-like
TGGAAAGACTCTCG-1,719,1918.0,47.0,2.4504693,719,3,B cells,0.04691562334696453,-0.5845323447025184,-0.9233286693842724,B cells
TGGAAAGAGCGATT-1,1043,2879.0,33.0,1.1462313,1043,0,T cells,0.5634811560312907,0.247429395926119,-0.7327701823879975,CD4 T-like
TGGAAAGAGGTCAT-1,1238,3494.0,124.0,3.5489411,1238,1,CD14-like monocytes,-0.16369317770004277,-0.9978159894846906,0.8846745963048455,CD14-like monocytes
TGGAAAGATATGGC-1,565,1647.0,40.0,2.428658,565,0,T cells,0.6857032855351766,0.23665491354585888,-0.9684574628117109,CD4 T-like
TGGAACACAAACAG-1,776,1467.0,44.0,2.9993184,776,2,NK / cytotoxic lymphocytes,-0.669247792561849,0.27917758093939893,2.367949140914763,NK-like
TGGAACACGCTAAC-1,696,1655.0,41.0,2.4773414,696,2,NK / cytotoxic lymphocytes,0.8691036256154379,1.3193521191375426,-0.01844669303508728,NK-like
TGGAAGCTCAGATC-1,725,1931.0,26.0,1.3464526,725,0,T cells,0.688022216161092,-0.08776897854275179,-0.647321405073609,CD4 T-like
TGGACCCTACACTG-1,365,696.0,13.0,1.8678161,365,1,CD14-like monocytes,-0.49492151896158854,-0.6885736638849432,0.04539802869160969,CD14-like monocytes
TGGACCCTCATGGT-1,811,1912.0,45.0,2.3535564,811,2,NK / cytotoxic lymphocytes,1.03661128838857,0.18360988925201727,-0.4054025332132975,NK-like
TGGACCCTGGTACT-1,1212,3734.0,117.0,3.133369,1212,1,CD14-like monocytes,-0.8367125956217448,-0.689943134664285,0.059356946656198284,CD14-like monocytes
TGGACTGAGTATGC-1,1178,3267.0,56.0,1.7141107,1178,0,T cells,0.2530826632181803,0.2520566998106061,-1.1204231339271622,CD4 T-like
TGGAGACTATCAGC-1,1132,3293.0,49.0,1.4880049,1132,1,CD14-like monocytes,-0.670410868326823,-1.0146334099047112,-0.40626552899678536,CD14-like monocytes
TGGAGACTTCAAGC-1,661,2015.0,20.0,0.9925558,661,0,T cells,0.44536113341649375,0.18186607264509103,-0.759465920804727,CD4 T-like
TGGAGACTTGACCA-1,831,2131.0,27.0,1.2670108,831,2,NK / cytotoxic lymphocytes,-0.5689625549316406,1.063480267380223,0.34548485688488884,NK-like
TGGAGGGACGGAGA-1,786,2106.0,50.0,2.374169,786,1,CD14-like monocytes,-0.759743398030599,-0.9249944975881865,-0.05542554951677425,CD14-like monocytes
TGGAGGGAGCTATG-1,471,1147.0,16.0,1.3949434,471,0,T cells,-0.3939708201090495,1.2749454382694128,-0.16180608874619606,CD4 T-like
TGGATCGATAAAGG-1,835,2568.0,25.0,0.9735202,835,0,T cells,1.262172115643819,-0.3869812339243262,-0.9778542566781092,CD4 T-like
TGGATGTGACCTAG-1,564,1634.0,36.0,2.2031822,564,3,B cells,1.089005184173584,-0.7321335763642283,-0.747187219484888,B cells
TGGATGTGTGAAGA-1,929,2635.0,50.0,1.8975332,929,3,B cells,0.26557662566502893,-0.465913536813524,-0.6959437122248641,B cells
TGGATTCTCATACG-1,958,2451.0,63.0,2.5703795,958,2,NK / cytotoxic lymphocytes,0.6864697233835856,1.3505288133717546,-0.2866830565712668,NK-like
TGGCAATGCTTGTT-1,706,1726.0,44.0,2.5492468,706,3,B cells,0.3749183138211568,-0.7630436444523359,-0.3312514160618638,B cells
TGGCACCTTCACGA-1,388,768.0,20.0,2.6041665,388,0,T cells,0.31437697887420657,1.3615578391335228,-0.058141730530093416,CD4 T-like
TGGCACCTTCAGTG-1,842,1808.0,35.0,1.9358407,842,1,CD14-like monocytes,-0.7507637023925782,-0.40840619886764373,0.04424834781222864,CD14-like monocytes
TGGGTATGAAGAGT-1,965,3115.0,44.0,1.41252,965,0,T cells,1.4866453997294107,-0.2026499497770059,-1.0558766066425977,CD4 T-like
TGGGTATGCACAAC-1,1088,3100.0,44.0,1.4193549,1088,0,T cells,0.28211305936177566,-0.2711219007318669,-1.1852881691672585,CD4 T-like
TGGGTATGGTACGT-1,511,1137.0,21.0,1.8469658,511,3,B cells,0.10573882659276329,-0.9112696021494239,-1.0265159221610638,B cells
TGGGTATGTTTGGG-1,794,2341.0,46.0,1.9649721,794,1,CD14-like monocytes,-0.2535751267274221,-0.9256077776051531,-0.11992262348984228,CD14-like monocytes
TGGTAGACATGCCA-1,900,2963.0,46.0,1.5524806,900,0,T cells,1.4986054929097494,-0.5272798735686024,-0.3820492137562145,CD4 T-like
TGGTAGACCCTCAC-1,865,1802.0,51.0,2.8301888,865,2,NK / cytotoxic lymphocytes,-0.7849440511067708,-0.9161820845170454,2.6350448184543187,NK-like
TGGTAGACCTGATG-1,789,1696.0,19.0,1.120283,789,0,T cells,0.06005032062530513,-0.0011293083730370412,-0.6765854110621443,CD4 T-like
TGGTAGTGCACTGA-1,504,1111.0,13.0,1.170117,504,1,CD14-like monocytes,0.24894221385320026,-0.8769307762685449,0.30257717768351233,CD14-like monocytes
TGGTATCTAAACAG-1,701,2095.0,38.0,1.8138425,701,0,T cells,1.2891672658920288,0.5695245550136374,-0.5729471387285174,CD4 T-like
TGGTATCTCTTCCG-1,817,2483.0,51.0,2.053967,817,0,T cells,0.7698446846008301,-0.23933234600105668,-0.8912358139500474,CD4 T-like
TGGTCAGACCCAAA-1,796,1948.0,38.0,1.9507186,796,0,T cells,-0.6126594034830729,-0.515793798427389,-1.0051391293304135,CD4 T-like
TGGTTACTGACGTT-1,972,2738.0,16.0,0.58436817,972,1,CD14-like monocytes,-0.7881016540527344,-1.0845598163026753,-0.11497383791990956,CD14-like monocytes
TGGTTACTGTTCTT-1,906,2611.0,56.0,2.1447723,906,0,T cells,0.7253774452209473,0.09556061234137037,-0.4276803146709094,CD4 T-like
TGTAACCTAGAGGC-1,871,2765.0,46.0,1.6636528,871,0,T cells,1.204880126317342,-0.08677221982166028,-1.005514048566722,CD4 T-like
TGTAACCTTGCCTC-1,922,2337.0,70.0,2.9952931,922,1,CD14-like monocytes,-0.21568672577540082,-0.6691433285221909,-0.31727451025837605,CD14-like monocytes
TGTAATGACACAAC-1,724,1462.0,21.0,1.4363885,724,2,NK / cytotoxic lymphocytes,-0.6553827412923177,-0.045872026019626144,2.614494447033815,NK-like
TGTAATGAGGTAAA-1,628,1205.0,17.0,1.4107884,628,2,NK / cytotoxic lymphocytes,-0.5233321634928385,0.7564395788944129,2.653915617201063,NK-like
TGTACTTGCTCTAT-1,1479,4907.0,82.0,1.6710821,1479,1,CD14-like monocytes,-0.6108132922649383,-1.132470256150371,1.008269631742227,CD14-like monocytes
TGTAGGTGCGAGAG-1,533,1144.0,36.0,3.1468532,533,3,B cells,0.16486504634221394,-0.6786166104403409,-0.7541152491714015,B cells
TGTAGGTGCTATGG-1,1101,4234.0,105.0,2.4799244,1101,0,T cells,1.727419401804606,0.19960482240927335,-1.0549276332662563,CD4 T-like
TGTAGGTGCTCTAT-1,1913,6287.0,171.0,2.7198982,1913,4,Dendritic cells,-0.8729257202148437,-0.8853846737832735,-0.4416178621426978,Dendritic cells
TGTAGGTGTGCTGA-1,855,2544.0,53.0,2.0833335,855,0,T cells,1.0522812986373902,0.13353756605976752,-0.9736920751706518,CD4 T-like
TGTAGTCTTCCAGA-1,1266,4154.0,58.0,1.3962445,1266,0,T cells,-0.3809208750724793,-0.5667296912935045,-0.7340973290530118,CD4 T-like
TGTAGTCTTGCACA-1,884,2177.0,76.0,3.4910426,884,2,NK / cytotoxic lymphocytes,-0.6151913452148438,0.7065846626204674,-0.3593175868795375,NK-like
TGTATCTGTTAGGC-1,817,1996.0,27.0,1.3527055,817,0,T cells,1.2058292071024577,0.49668014892423995,-1.0236961287681503,CD4 T-like
TGTATGCTCATGGT-1,619,1479.0,48.0,3.245436,619,3,B cells,0.44544719616572065,-0.7521465571239742,-0.82443206478851,B cells
TGTATGCTGTAGGG-1,591,1455.0,31.0,2.1305842,591,0,T cells,0.4453796148300171,0.5378313632926557,-0.9184298274492977,CD4 T-like
TGTATGCTTTCATC-1,685,1968.0,43.0,2.1849594,685,2,NK / cytotoxic lymphocytes,0.21002949078877764,0.046037361838600854,-0.9194413772737137,CD4 T-like
TGTCAGGAATACCG-1,887,2767.0,88.0,3.1803396,887,0,T cells,1.0815916538238526,0.6933399643560852,-0.5888802468174636,CD4 T-like
TGTCAGGAGATGAA-1,1336,4083.0,81.0,1.9838353,1336,1,CD14-like monocytes,-0.8593558756510417,-0.7031578620274861,0.37359810453472697,CD14-like monocytes
TGTCTAACCCCTTG-1,656,1978.0,55.0,2.7805865,656,0,T cells,1.7741726303100587,-0.0694817138440681,-0.9660465741398359,CD4 T-like
TGTGACGATTCTCA-1,1227,3098.0,48.0,1.5493867,1227,2,NK / cytotoxic lymphocytes,-0.09843328078587854,1.0105421027751884,0.1338341337261777,NK-like
TGTGAGACTGTCAG-1,980,2666.0,42.0,1.5753938,980,1,CD14-like monocytes,-0.845604248046875,-0.9841630723741319,0.583704351174711,CD14-like monocytes
TGTGAGACTTGAGC-1,817,2447.0,58.0,2.3702493,817,0,T cells,1.1996008618672689,-0.48240777362476694,-1.0004819619535195,CD4 T-like
TGTGAGTGACCACA-1,582,1583.0,50.0,3.1585596,582,0,T cells,0.48135470390319823,-0.12034607848735779,-0.8623299646859217,CD4 T-like
TGTGAGTGAGTGCT-1,1370,4110.0,84.0,2.0437956,1370,1,CD14-like monocytes,-0.5386259174346923,-1.0213286274611348,0.6488233816744102,CD14-like monocytes
TGTGAGTGGAGATA-1,460,969.0,7.0,0.7223942,460,2,NK / cytotoxic lymphocytes,-0.44635523478190103,2.553712474938595,0.4692354298601247,NK-like
TGTGATCTCTCTAT-1,638,1690.0,50.0,2.95858,638,3,B cells,0.5473530308405559,-0.7498221349234533,-0.970150726010101,B cells
TGTGATCTGACACT-1,471,1108.0,43.0,3.8808663,471,0,T cells,0.24883977095286053,0.5144487082356154,-0.6696406663066209,NK-like
TGTGGATGGCCAAT-1,650,1945.0,52.0,2.6735218,650,3,B cells,-0.5574855550130209,-0.9269023856731377,-0.908555618440262,B cells
TGTTAAGACAAAGA-1,414,848.0,15.0,1.7688679,414,1,CD14-like monocytes,-0.5167235819498698,-0.70361328125,0.0020044268983783198,CD14-like monocytes
TGTTAAGATAAGGA-1,907,2173.0,72.0,3.3133917,907,1,CD14-like monocytes,-0.17721137921015417,-0.8688769099688289,-0.10400186403833256,CD14-like monocytes
TGTTACACCGCATA-1,1147,3410.0,63.0,1.8475072,1147,1,CD14-like monocytes,-0.8390421549479167,-1.1789261789032908,0.38503896925184455,CD14-like monocytes
TGTTACACGACTAC-1,732,1953.0,60.0,3.0721967,732,1,CD14-like monocytes,-0.5124707539876302,-0.35973747667640144,-0.04257869816789728,CD14-like monocytes
TGTTACTGGCTACA-1,992,2483.0,75.0,3.0205398,992,2,NK / cytotoxic lymphocytes,0.21084540526072182,1.6269961617209694,0.10744797196051081,NK-like
TGTTACTGTAGTCG-1,801,1772.0,61.0,3.442438,801,2,NK / cytotoxic lymphocytes,-0.6935206604003906,0.29366546110673397,0.9259328688033904,NK-like
TTAACCACCGTAAC-1,822,2192.0,60.0,2.7372262,822,0,T cells,1.114596799214681,-0.04508404009269951,-0.6762814480848987,CD4 T-like
TTAACCACTAAGGA-1,529,1198.0,23.0,1.9198663,529,2,NK / cytotoxic lymphocytes,0.13139394442240399,0.9519025494353939,0.3958352869207208,NK-like
TTAACCACTCAGAC-1,737,1828.0,54.0,2.9540482,737,2,NK / cytotoxic lymphocytes,0.6365150054295857,1.7364623406920772,0.0396482082328411,NK-like
TTACACACGTGTTG-1,806,2613.0,41.0,1.5690777,806,0,T cells,0.82836438814799,-0.14263324255895138,-1.2245304608585859,CD4 T-like
TTACACACTCCTAT-1,816,2508.0,55.0,2.1929824,816,0,T cells,0.8388814528783162,0.10367096024330225,-1.043122725053267,CD4 T-like
TTACCATGAATCGC-1,889,2421.0,80.0,3.3044198,889,1,CD14-like monocytes,0.09951808611551916,-0.5349751067884041,0.7767690909029258,CD14-like monocytes
TTACCATGGTTGAC-1,1305,4142.0,42.0,1.0140029,1305,0,T cells,1.440184990564982,-0.04990967644585498,-1.0624990752249053,CD4 T-like
TTACCATGTGTCTT-1,588,1123.0,37.0,3.2947462,588,2,NK / cytotoxic lymphocytes,-0.5298948160807292,0.21544563409053918,1.795434341045341,CD4 T-like
TTACCATGTTGTGG-1,657,1548.0,22.0,1.4211887,657,3,B cells,1.3058733383814494,-0.7121929592556424,-0.9366471261689158,B cells
TTACGACTGAGAGC-1,1154,3288.0,57.0,1.7335767,1154,0,T cells,0.4607700792948405,0.04286975667934212,-0.7711468328129163,CD4 T-like
TTACGACTTGACAC-1,713,1902.0,42.0,2.208202,713,1,CD14-like monocytes,-0.2558359289169312,-0.9402262369791666,-0.26015973669109926,CD14-like monocytes
TTACGTACGTTCAG-1,326,947.0,26.0,2.745512,326,5,Platelets,-0.3282452392578125,0.6019295307120891,0.08910721576575081,Platelets
TTACTCGAACGTTG-1,3315,15301.0,270.0,1.7645905,3315,6,Cycling cells,-0.7927949233849844,-0.7382680919435289,-0.8154794505148223,Cycling cells
TTACTCGAAGAATG-1,1129,3863.0,100.0,2.5886617,1129,1,CD14-like monocytes,-0.4243094631036123,-0.9408109260327888,-0.06505768419516211,CD14-like monocytes
TTACTCGACGCAAT-1,1603,5031.0,125.0,2.4845955,1603,4,Dendritic cells,-0.5666498514016469,-0.7345701333248255,-0.14199105561381642,Dendritic cells
TTACTCGAGGGTGA-1,879,2549.0,54.0,2.1184778,879,0,T cells,1.2980771350860596,-0.24262005728904645,-1.0414461078065815,CD4 T-like
TTACTCGATCTACT-1,1156,2551.0,44.0,1.7248139,1156,2,NK / cytotoxic lymphocytes,-0.87959228515625,-0.2948128363098761,1.9964593135949338,NK-like
TTAGAATGTGGTGT-1,642,1740.0,30.0,1.7241379,642,0,T cells,1.3338104661305745,-0.5030414142993966,-0.571629560836638,CD4 T-like
TTAGAATGTGTAGC-1,285,627.0,21.0,3.3492823,285,0,T cells,1.6122829723358154,-0.06643401589056463,-0.7316372033321497,CD4 T-like
TTAGACCTCCTACC-1,825,2485.0,108.0,4.3460765,825,0,T cells,1.3016684595743815,0.20143199111476096,-0.6920452392462529,CD4 T-like
TTAGACCTCCTTTA-1,823,2311.0,35.0,1.5144958,823,1,CD14-like monocytes,-0.6634663899739583,-0.9527530092181582,0.07691088686085701,CD14-like monocytes
TTAGCTACAACCGT-1,719,2101.0,44.0,2.094241,719,0,T cells,1.3900321833292644,0.30013549111106186,-1.0434459339488635,CD4 T-like
TTAGCTACTGTCCC-1,1253,3703.0,69.0,1.8633541,1253,1,CD14-like monocytes,-0.7805256144205729,-1.056642320421007,0.3886792866870612,CD14-like monocytes
TTAGCTACTTTCGT-1,971,2921.0,126.0,4.313591,971,0,T cells,1.273981917699178,0.13196861768009682,-0.9824671119150489,CD4 T-like
TTAGGGACGCGAAG-1,853,2200.0,52.0,2.3636363,853,2,NK / cytotoxic lymphocytes,0.9579771518707275,1.5904313694347034,-0.03677086011327879,NK-like
TTAGGGTGCTGGAT-1,916,2846.0,48.0,1.6865777,916,3,B cells,0.35986961921056115,-0.40912000916220925,-0.4650200434405395,B cells
TTAGGGTGTCCTGC-1,1053,2734.0,85.0,3.1089978,1053,1,CD14-like monocytes,-0.67195068359375,-0.49234530709006563,-0.21365489863386067,CD14-like monocytes
TTAGGTCTACTTTC-1,515,1106.0,38.0,3.4358046,515,1,CD14-like monocytes,-0.4462449645996094,-0.8636057689936474,-0.33725972368259627,CD14-like monocytes
TTAGTCACCAGTTG-1,1017,2674.0,42.0,1.5706805,1017,0,T cells,0.21599933544794714,0.15407887757426575,-0.6290602305922846,CD4 T-like
TTAGTCTGAAAGCA-1,953,2747.0,83.0,3.021478,953,3,B cells,0.513579338391622,-0.8702579845081676,-1.0879930438417378,B cells
TTAGTCTGCCAACA-1,832,1735.0,42.0,2.4207494,832,2,NK / cytotoxic lymphocytes,-0.032551471392313625,0.21332470286976202,2.405111944795859,NK-like
TTAGTCTGTGCACA-1,645,1692.0,68.0,4.0189123,645,0,T cells,0.020514940420786498,-0.03719245640918467,-0.9280070295237531,CD4 T-like
TTATCCGACTAGTG-1,667,1903.0,47.0,2.4697845,667,3,B cells,0.7109366544087727,-0.5253156652354231,-0.8860035135288431,B cells
TTATCCGAGAAAGT-1,1326,4231.0,135.0,3.1907349,1326,1,CD14-like monocytes,-0.7978477478027344,-0.780673387556365,-0.439072141262016,CD14-like monocytes
TTATGAGAGATAAG-1,547,1293.0,36.0,2.7842228,547,0,T cells,0.5069088649749756,0.7007277806599935,-0.5141268763879333,CD4 T-like
TTATGCACGTCACA-1,636,1590.0,29.0,1.8238994,636,3,B cells,0.5291895707448324,-0.9345912740688131,-0.5649596137229843,B cells
TTATGGCTTATGGC-1,1783,6165.0,136.0,2.2060015,1783,4,Dendritic cells,-0.392948305606842,-0.7378460792580036,-0.6535318061558888,Dendritic cells
TTATTCCTATGCTG-1,1211,3963.0,87.0,2.1953065,1211,1,CD14-like monocytes,-0.7950388081868489,-1.0671958538016888,0.46793380120787953,CD14-like monocytes
TTATTCCTGGACAG-1,788,2514.0,33.0,1.3126491,788,3,B cells,0.3143093697230021,-0.7214238330571339,-0.8701967181581439,B cells
TTATTCCTGGTACT-1,807,2496.0,61.0,2.4439101,807,3,B cells,0.5035629828770956,-0.5855850788077923,-0.9529172338620581,B cells
TTATTCCTTCGTGA-1,1104,3207.0,79.0,2.4633615,1104,0,T cells,1.32335445245107,-0.14650986315024028,-0.7277755144870642,CD4 T-like
TTCAAAGATAAAGG-1,884,2385.0,57.0,2.3899372,884,2,NK / cytotoxic lymphocytes,0.5303005441029867,0.8764367903121794,-0.4713063018490569,NK-like
TTCAACACAACAGA-1,848,2430.0,29.0,1.1934156,848,0,T cells,1.41826118628184,0.007631843258636195,-0.9559336960917771,CD4 T-like
TTCAACACCCCAAA-1,788,2094.0,50.0,2.3877745,788,1,CD14-like monocytes,-0.24162041306495663,-0.8675895459724196,0.060356070778586624,CD14-like monocytes
TTCAACACGGACGA-1,1013,2584.0,52.0,2.012384,1013,1,CD14-like monocytes,-0.40957753539085384,-1.1244086833915325,0.05197395074247102,CD14-like monocytes
TTCAAGCTAAGAAC-1,1003,2641.0,69.0,2.6126466,1003,1,CD14-like monocytes,-0.40815489689509077,-0.861272561429727,0.148328478649409,CD14-like monocytes
TTCAAGCTAGATGA-1,916,2974.0,70.0,2.3537323,916,0,T cells,1.1166096750895182,-0.2074276481011902,-0.9053748545020518,CD4 T-like
TTCAAGCTGTTGAC-1,818,2375.0,47.0,1.9789474,818,0,T cells,0.39632967233657834,1.0193240136811228,-0.5529220142749824,CD4 T-like
TTCAAGCTTGATGC-1,828,2404.0,39.0,1.6222961,828,0,T cells,0.7843172677357991,0.06184606263131809,-0.9455052385426531,CD4 T-like
TTCAAGCTTTCGCC-1,882,2878.0,81.0,2.8144543,882,0,T cells,0.8373886013031006,-0.07547917703185425,-0.9499890105892913,CD4 T-like
TTCACAACCCGTTC-1,959,2526.0,24.0,0.9501188,959,1,CD14-like monocytes,-0.6876653035481771,-1.0916190099234533,-0.0102870652169893,CD14-like monocytes
TTCACAACGTCTGA-1,395,678.0,4.0,0.58997047,395,1,CD14-like monocytes,-0.4838799540201823,-0.8356308599915168,0.8928132567742858,CD14-like monocytes
TTCAGACTACCCAA-1,368,789.0,29.0,3.6755388,368,0,T cells,0.32252649863560995,0.224868026405874,-0.7097422281901041,CD4 T-like
TTCAGACTCTCGAA-1,787,2264.0,22.0,0.9717314,787,0,T cells,1.5013997332255045,-0.05800820071287838,-0.9338936853890467,CD4 T-like
TTCAGTACCGACTA-1,929,2769.0,48.0,1.7334778,929,0,T cells,1.6197269598642985,-0.026988757740367464,-0.3864014562934336,CD4 T-like
TTCAGTACTCAAGC-1,1379,5220.0,118.0,2.2605364,1379,0,T cells,0.3177491998672486,0.18082987563778663,-1.1402615633877842,CD4 T-like
TTCAGTACTCCTAT-1,711,1850.0,53.0,2.8648648,711,1,CD14-like monocytes,-0.631385243733724,-0.7665501604176531,0.10313200998787919,CD14-like monocytes
TTCAGTTGCCAAGT-1,733,2003.0,48.0,2.3964052,733,0,T cells,1.5046182219187418,-0.16498457831565772,-0.6681665365142052,CD4 T-like
TTCAGTTGTCCTTA-1,752,1975.0,17.0,0.8607595,752,4,Dendritic cells,-0.09850668748219804,-0.8394276012073864,-0.11743689257689205,Dendritic cells
TTCAGTTGTCTAGG-1,464,1031.0,12.0,1.1639185,464,0,T cells,1.0466813739140828,1.9832847055762706,-0.30078578525119354,NK-like
TTCAGTTGTCTCGC-1,626,1865.0,33.0,1.7694371,626,3,B cells,0.8046262137095134,0.16443238499188662,-0.07621346820484509,B cells
TTCATCGAGGTGGA-1,735,1914.0,28.0,1.4629049,735,1,CD14-like monocytes,-0.5966714986165365,-0.9512215045967487,0.22196065536653153,CD14-like monocytes
TTCATGTGTGGTGT-1,946,3025.0,56.0,1.8512396,946,0,T cells,1.5366694577534994,-0.41807126998901367,-0.33878011270002883,CD4 T-like
TTCATTCTATGTCG-1,876,2625.0,38.0,1.4476191,876,1,CD14-like monocytes,-0.2829560899734497,-0.9721598769679214,0.11756607595116186,CD14-like monocytes
TTCATTCTTCTCTA-1,647,1986.0,76.0,3.8267877,647,0,T cells,-0.06922464330991107,-0.08776136504279242,-0.46869039222447556,CD4 T-like
TTCCAAACCTATGG-1,536,1057.0,13.0,1.229896,536,1,CD14-like monocytes,-0.5948803202311198,-0.9022170558120265,0.5514095402727224,CD14-like monocytes
TTCCAAACCTCCCA-1,954,2726.0,36.0,1.3206162,954,3,B cells,0.46892949581146237,-0.6657772227971241,-1.0525869504369871,B cells
TTCCAAACTCCCAC-1,486,793.0,13.0,1.6393442,486,2,NK / cytotoxic lymphocytes,-0.5627726236979167,0.05789766985960687,3.0444557575264364,NK-like
TTCCAAACTTGACG-1,712,1647.0,49.0,2.9751062,712,2,NK / cytotoxic lymphocytes,-0.6204788716634114,1.202995543046431,1.7773100303881095,NK-like
TTCCATGACGAGAG-1,786,1840.0,60.0,3.2608695,786,1,CD14-like monocytes,-0.7581785583496093,-1.0117956604620424,0.6108615489921185,CD14-like monocytes
TTCCATGACTGTCC-1,438,1050.0,31.0,2.9523811,438,0,T cells,0.42975480635960894,1.0490554616908834,-0.8068334406072443,CD4 T-like
TTCCCACTTGAGGG-1,807,1520.0,35.0,2.3026316,807,2,NK / cytotoxic lymphocytes,-0.624406229654948,-0.2687447485297617,2.219533276798749,NK-like
TTCCCACTTGTCTT-1,1016,3163.0,57.0,1.8020866,1016,1,CD14-like monocytes,-0.3951208865642548,-0.9835317592428188,0.21350020880650988,CD14-like monocytes
TTCCTAGAAAGTGA-1,551,1552.0,6.0,0.38659793,551,0,T cells,0.4736215655008952,0.22511176485003837,-0.8804114755958018,CD4 T-like
TTCCTAGACTAGTG-1,841,1943.0,24.0,1.2352033,841,1,CD14-like monocytes,-0.2379439989725749,-0.5289225992530284,0.09654251541754211,CD14-like monocytes
TTCGAGGACTCTAT-1,929,2746.0,63.0,2.2942462,929,0,T cells,0.869476219813029,0.27507881203083073,-1.079054244840988,CD4 T-like
TTCGAGGAGGGCAA-1,757,1816.0,30.0,1.6519824,757,0,T cells,0.7339319181442261,0.8652753772157612,-0.8906319358132102,CD4 T-like
TTCGAGGATAGAAG-1,971,2749.0,74.0,2.6918879,971,1,CD14-like monocytes,0.5650047524770101,-1.0247892899946733,0.3336785682524094,CD14-like monocytes
TTCGATTGAGCATC-1,708,1910.0,29.0,1.5183246,708,0,T cells,0.9356365140279134,-0.8436680032749369,-0.9484434802122791,CD4 T-like
TTCGGAGAATGCCA-1,567,1191.0,34.0,2.854744,567,1,CD14-like monocytes,-0.47853474934895834,-0.7877688937717013,-0.08152916648171171,CD14-like monocytes
TTCGGAGATGTGCA-1,881,2412.0,28.0,1.1608624,881,0,T cells,1.1623826789855958,0.613124407180632,-0.6956742370971527,CD4 T-like
TTCGTATGAAAAGC-1,801,1991.0,32.0,1.6072326,801,2,NK / cytotoxic lymphocytes,0.19863929271698,0.6955773247612848,1.538166951651525,NK-like
TTCGTATGGATAGA-1,873,1983.0,26.0,1.3111447,873,2,NK / cytotoxic lymphocytes,-0.6542081705729167,1.5411529329088,1.0707856592505869,NK-like
TTCGTATGGTCTGA-1,805,2258.0,65.0,2.8786535,805,0,T cells,0.9427477566401163,-0.04894626309173267,-0.6381215102744826,CD4 T-like
TTCGTATGTCCTTA-1,1359,4348.0,87.0,2.0009198,1359,1,CD14-like monocytes,-0.8386253356933594,-0.9920833857372554,-0.2731788326995541,CD14-like monocytes
TTCTACGAACGTAC-1,866,2494.0,33.0,1.3231757,866,0,T cells,1.1712407048543294,0.3852865700769905,-0.4308305056408197,CD4 T-like
TTCTACGAGTTGGT-1,945,2589.0,32.0,1.2359984,945,0,T cells,0.4351605161031087,-0.2732042322255144,-1.0505390359897806,CD4 T-like
TTCTAGTGACACGT-1,1068,3018.0,31.0,1.0271703,1068,0,T cells,1.087905673980713,-0.24791685932814467,-1.133795227667298,CD4 T-like
TTCTAGTGCATGAC-1,819,2073.0,74.0,3.5697057,819,1,CD14-like monocytes,-0.572522226969401,-0.7423292988478535,-0.1489984406365289,CD14-like monocytes
TTCTAGTGGAGAGC-1,815,1586.0,45.0,2.8373265,815,2,NK / cytotoxic lymphocytes,-0.19264546434084573,-0.9288484977953362,2.9439950885194723,NK-like
TTCTAGTGGTCACA-1,1058,2832.0,42.0,1.4830508,1058,1,CD14-like monocytes,-0.6713385009765624,-0.571437855441161,-0.00843159646698921,CD14-like monocytes
TTCTCAGAAGAGAT-1,845,2189.0,37.0,1.6902695,845,0,T cells,0.7165458186467488,0.045990762806902064,-1.0814278342507102,CD4 T-like
TTCTCAGAAGCATC-1,881,2497.0,53.0,2.1225471,881,3,B cells,0.1514843964576721,-0.3100822058590975,-0.9973690148555872,B cells
TTCTCAGATGGAGG-1,1051,2643.0,19.0,0.71888006,1051,0,T cells,0.629589376449585,-0.024452415620437762,-0.5245784610208839,CD4 T-like
TTCTGATGGAGACG-1,1179,2434.0,46.0,1.8898932,1179,2,NK / cytotoxic lymphocytes,-0.86441162109375,-0.6022341106877183,2.252441953408598,NK-like
TTCTTACTCTGGAT-1,718,1741.0,39.0,2.240092,718,1,CD14-like monocytes,-0.21602668126424152,-0.4714000470710524,0.6692530641652118,CD14-like monocytes
TTGAACCTCCTTGC-1,657,1746.0,26.0,1.489118,657,3,B cells,0.7234482558568318,-0.7472877887764362,-0.42755290546802555,B cells
TTGAATGAACTACG-1,882,2289.0,55.0,2.402796,882,1,CD14-like monocytes,-0.23902701377868651,-0.9124849107530382,0.4896967878245343,CD14-like monocytes
TTGAATGACTTACT-1,709,2102.0,35.0,1.6650809,709,0,T cells,1.021181739171346,0.17343482971191415,-0.9713457666262232,CD4 T-like
TTGAATGATCTCAT-1,754,2015.0,35.0,1.7369727,754,3,B cells,0.7184234889348349,-0.8681457211272885,-1.0276102393564552,B cells
TTGACACTCTGTAG-1,735,1943.0,26.0,1.3381369,735,0,T cells,0.7984827677408854,0.7424319064978396,-0.4000290148185962,CD4 T-like
TTGACACTGATAAG-1,603,1315.0,35.0,2.661597,603,3,B cells,0.46575523217519127,-0.8409072413589015,-0.8844016489356455,B cells
TTGAGGACAGAACA-1,944,2956.0,86.0,2.909337,944,1,CD14-like monocytes,0.07475897391637165,-0.9695625690498737,0.45615138140591704,CD14-like monocytes
TTGAGGACTACGCA-1,1794,6344.0,155.0,2.4432535,1794,4,Dendritic cells,-0.5550747789939244,-0.7572836730215284,-0.8241743150383536,Dendritic cells
TTGAGGTGGACGGA-1,712,2011.0,21.0,1.0442566,712,0,T cells,1.055364777247111,0.043640746492328075,-0.4591121485739043,CD4 T-like
TTGCATTGAGCTAC-1,721,1991.0,35.0,1.7579106,721,2,NK / cytotoxic lymphocytes,0.42456946849822996,1.7970657348632812,-0.21830465528700094,NK-like
TTGCATTGCTAAGC-1,1097,3248.0,162.0,4.9876847,1097,1,CD14-like monocytes,-0.81395263671875,-0.773940266744055,0.018072702427103016,CD14-like monocytes
TTGCATTGTGACTG-1,813,2441.0,42.0,1.7206063,813,0,T cells,0.8654372024536133,-0.5483322030366069,-0.6470945611144556,CD4 T-like
TTGCTAACACCAAC-1,788,1921.0,41.0,2.134305,788,2,NK / cytotoxic lymphocytes,0.2529807957013448,1.8849109534061317,-0.04669161613541417,NK-like
TTGCTAACACGCTA-1,917,2576.0,51.0,1.9798137,917,1,CD14-like monocytes,-0.29762357076009116,-0.8534612944631865,0.11459153300583969,CD14-like monocytes
TTGCTAACCACTCC-1,656,1943.0,44.0,2.2645392,656,0,T cells,0.7007193883260091,-0.11817917293972446,-0.9492481116092566,CD4 T-like
TTGCTATGGTACGT-1,1104,3109.0,64.0,2.0585396,1104,1,CD14-like monocytes,-0.7154932657877604,-0.9298044840494791,0.4307355341285166,CD14-like monocytes
TTGCTATGGTAGGG-1,1268,3406.0,82.0,2.4075162,1268,1,CD14-like monocytes,-0.2226944557825724,-1.1202997535166115,0.614978291289975,CD14-like monocytes
TTGGAGACCAATCG-1,1239,4166.0,49.0,1.1761882,1239,0,T cells,1.6502351760864258,0.42406135038896053,-1.1508396803730665,NK-like
TTGGAGACGCTATG-1,862,2662.0,64.0,2.4042075,862,1,CD14-like monocytes,-0.7102387491861979,-0.930074287183357,-0.15305307513535626,CD14-like monocytes
TTGGAGACTATGGC-1,739,1779.0,51.0,2.866779,739,3,B cells,0.038041121164957725,-0.806640316741635,-0.9121581568862452,B cells
TTGGGAACTGAACC-1,858,2652.0,56.0,2.111614,858,0,T cells,0.18285561641057335,0.20590482191605997,-0.9649741432883523,CD4 T-like
TTGGTACTACTGGT-1,1066,3268.0,93.0,2.8457773,1066,1,CD14-like monocytes,-0.7744574483235677,-0.9352619672062421,-0.23141505212494828,CD14-like monocytes
TTGGTACTCTTAGG-1,752,2928.0,51.0,1.7418033,752,0,T cells,-0.10572726647059122,-0.5370055795920016,-0.9937509093621765,CD4 T-like
TTGGTACTGAATCC-1,615,1855.0,47.0,2.5336926,615,3,B cells,0.4691700530052185,-0.4927422629462348,-0.5887709087795682,B cells
TTGGTACTGGATTC-1,721,1883.0,36.0,1.9118428,721,3,B cells,0.8781972042719524,-0.8147920550722064,-0.9120619032118056,B cells
TTGTACACGTTGTG-1,571,1537.0,58.0,3.7735848,571,3,B cells,0.4957390801111857,-0.4152613346022789,-0.958654846807923,B cells
TTGTACACTTGCAG-1,861,2260.0,31.0,1.3716815,861,0,T cells,0.19439568996429446,0.10434742359199911,-0.6249396396405769,CD4 T-like
TTGTAGCTAGCTCA-1,933,2519.0,56.0,2.2231045,933,0,T cells,0.5997768719991048,0.25136082485468714,-0.7795736320091016,CD4 T-like
TTGTAGCTCTCTTA-1,807,2136.0,56.0,2.6217227,807,3,B cells,0.7760933383305868,-0.1914915566492562,-1.0271423031585385,B cells
TTGTCATGGACGGA-1,1082,2178.0,40.0,1.8365473,1082,2,NK / cytotoxic lymphocytes,-0.728843994140625,-0.17531260432619045,2.9479443945065893,NK-like
TTTAGAGATCCTCG-1,820,2362.0,32.0,1.354784,820,3,B cells,0.7501391092936198,-0.9987145626183712,-1.0165636467211174,B cells
TTTAGCTGATACCG-1,887,2756.0,63.0,2.2859216,887,0,T cells,0.6884310913085937,-0.23843863708804358,-1.112417818319918,CD4 T-like
TTTAGCTGGATACC-1,850,2454.0,27.0,1.1002445,850,1,CD14-like monocytes,-0.18012826959292094,-0.9763497246636285,-0.22746406227651272,CD14-like monocytes
TTTAGCTGTACTCT-1,1567,5678.0,120.0,2.1134202,1567,4,Dendritic cells,-0.22701929092407225,-1.0671713472616793,-0.6265854281608505,Dendritic cells
TTTAGGCTCCTTTA-1,803,1984.0,46.0,2.3185484,803,1,CD14-like monocytes,-0.20207813739776614,-1.0067257351345487,0.05125800720368978,CD14-like monocytes
TTTATCCTGTTGTG-1,1156,3680.0,48.0,1.3043478,1156,1,CD14-like monocytes,-0.46790251851081843,-0.9803835936266967,0.18166021963562629,CD14-like monocytes
TTTCACGAGGTTCA-1,721,2037.0,27.0,1.3254787,721,0,T cells,1.3718846066792807,-0.009483133181176995,-0.47866693795329396,CD4 T-like
TTTCAGTGGAAGGC-1,692,1781.0,27.0,1.5160022,692,2,NK / cytotoxic lymphocytes,0.8877083905537924,1.6799600716793177,0.24641175318245923,NK-like
TTTCAGTGTCACGA-1,700,1634.0,56.0,3.4271724,700,3,B cells,0.4648547585805257,-0.8452393502900095,-1.0024662981129655,B cells
TTTCAGTGTCTATC-1,458,937.0,23.0,2.4546423,458,1,CD14-like monocytes,-0.6317461140950521,-0.6988432142469618,-0.22565967964403555,CD14-like monocytes
TTTCAGTGTGCAGT-1,637,1322.0,25.0,1.8910742,637,3,B cells,-0.4987985229492187,-0.8348378653478141,-0.45186890447982636,B cells
TTTCCAGAGGTGAG-1,873,2187.0,15.0,0.68587106,873,0,T cells,0.2978269378344218,0.0784083867313885,-1.0948223537868924,CD4 T-like
TTTCGAACACCTGA-1,1544,4460.0,58.0,1.3004484,1544,4,Dendritic cells,-0.08298881848653161,-1.0446139248934658,-0.46411246579102794,Dendritic cells
TTTCGAACTCTCAT-1,1155,3461.0,73.0,2.109217,1155,1,CD14-like monocytes,-0.7934502665201822,-1.1257124621458727,-0.18330315098618022,CD14-like monocytes
TTTCTACTGAGGCA-1,1227,3447.0,32.0,0.9283435,1227,3,B cells,-0.26213655948638914,-0.9799900247593119,-0.827339811036081,B cells
TTTCTACTTCCTCG-1,622,1684.0,37.0,2.1971495,622,3,B cells,0.10229602177937824,-0.8436127479630288,-0.9368968154444839,B cells
TTTGCATGAGAGGC-1,454,1024.0,21.0,2.0507812,454,3,B cells,-0.28913970947265627,-0.7574583111387311,-0.8773526278409091,B cells
TTTGCATGCCTCAC-1,724,1985.0,16.0,0.80604535,724,0,T cells,0.19842436472574865,0.09910907263707636,-0.9660593668619791,CD4 T-like
