Gene_set,Term,Overlap,P-value,Adjusted P-value,Old P-value,Old Adjusted P-value,Odds Ratio,Combined Score,Genes
GO_Biological_Process_2023,Response To Type II Interferon (GO:0034341),7/80,2.527198852164064e-07,0.0002501926863642423,0,0,18.81635697816357,285.83898032710783,BST2;IFITM1;IFITM2;CCL4;XCL2;CCL3;CALM1
GO_Biological_Process_2023,Regulation Of Lamellipodium Assembly (GO:0010591),5/33,8.799750687584821e-07,0.00043558765903544864,0,0,34.438280166435504,480.1857603834293,CAPZB;ARPC2;ABI3;RAC2;RAC1
GO_Biological_Process_2023,Arp2/3 Complex-Mediated Actin Nucleation (GO:0034314),4/19,2.9276969582146035e-06,0.0007982143604773249,0,0,50.96666666666667,649.3813079045462,ARPC2;ARPC3;ARPC5L;ARPC5
GO_Biological_Process_2023,Proteolysis Involved In Protein Catabolic Process (GO:0051603),6/78,4.038124649636853e-06,0.0007982143604773249,0,0,16.19281045751634,201.110336566556,UBB;GZMA;GZMB;CTSW;ISG15;CTSC
GO_Biological_Process_2023,Natural Killer Cell Mediated Immunity (GO:0002228),4/22,5.456813501652542e-06,0.0007982143604773249,0,0,42.465811965811966,514.6281230507192,FCGR3A;GZMB;NKG7;KLRD1
GO_Biological_Process_2023,Regulation Of Tumor Necrosis Factor Production (GO:0032680),7/127,5.776081763601884e-06,0.0007982143604773249,0,0,11.41947194719472,137.73921544888108,CX3CR1;FCGR3A;TYROBP;GSTP1;CCL3;CYBA;HAVCR2
GO_Biological_Process_2023,Positive Regulation Of Reactive Oxygen Species Metabolic Process (GO:2000379),5/48,5.953249140321889e-06,0.0007982143604773249,0,0,22.40799277489275,269.60341011911675,TYROBP;GSTP1;ITGB2;AKR1C3;CYBA
GO_Biological_Process_2023,Actin Nucleation (GO:0045010),4/23,6.578211677551968e-06,0.0007982143604773249,0,0,40.22874493927125,479.9992321310103,ARPC2;ARPC3;ARPC5L;ARPC5
GO_Biological_Process_2023,Fc-gamma Receptor Signaling Pathway (GO:0038094),4/24,7.861108287799768e-06,0.0007982143604773249,0,0,38.215384615384615,449.1676933459857,FGR;FCGR3A;FCER1G;CD247
GO_Biological_Process_2023,Positive Regulation Of Actin Filament Bundle Assembly (GO:0032233),5/51,8.062771317952776e-06,0.0007982143604773249,0,0,20.943436048965808,245.6299213748481,PLEK;EVL;RAC1;RHOC;PFN1
GO_Biological_Process_2023,Negative Regulation Of Viral Genome Replication (GO:0045071),5/53,9.765696598366386e-06,0.0008789126938529748,0,0,20.068770226537215,231.52607017787537,BST2;IFITM1;IFITM2;APOBEC3G;ISG15
GO_Biological_Process_2023,Regulation Of Phagocytosis (GO:0050764),5/58,1.5262814527925265e-05,0.0012591821985538,0,0,18.170910423154425,201.51705215986772,FGR;FCER1G;IL2RB;CYBA;CALR
GO_Biological_Process_2023,Response To Interferon-Beta (GO:0035456),4/29,1.7209662167179575e-05,0.001310581965039,0,0,30.564615384615383,335.2950404544701,BST2;IFITM1;IFITM2;CALM1
GO_Biological_Process_2023,Negative Regulation Of Viral Process (GO:0048525),5/61,1.9563421351270764e-05,0.0013834133669827,0,0,17.194868238557557,186.42416489601743,BST2;IFITM1;IFITM2;APOBEC3G;ISG15
GO_Biological_Process_2023,Regulation Of Viral Genome Replication (GO:0045069),5/67,3.0953431956436826e-05,0.0020429265091248,0,0,15.526150955214533,161.20843957245597,BST2;IFITM1;IFITM2;APOBEC3G;ISG15
GO_Biological_Process_2023,Neutrophil Chemotaxis (GO:0030593),5/70,3.829629576489205e-05,0.0023156694780344,0,0,14.807318894697536,150.59276357603198,FCER1G;ITGB2;CCL4;XCL2;CCL3
GO_Biological_Process_2023,Positive Regulation Of Leukocyte Degranulation (GO:0043302),3/13,4.210308141880867e-05,0.0023156694780344,0,0,56.80571428571429,572.3397044747801,FGR;LAMP1;ITGB2
GO_Biological_Process_2023,Positive Regulation Of Superoxide Anion Generation (GO:0032930),3/13,4.210308141880867e-05,0.0023156694780344,0,0,56.80571428571429,572.3397044747801,TYROBP;GSTP1;ITGB2
GO_Biological_Process_2023,Granulocyte Chemotaxis (GO:0071621),5/73,4.69213025940878e-05,0.0024448468193761,0,0,14.15191319246145,141.05266749491227,FCER1G;ITGB2;CCL4;XCL2;CCL3
GO_Biological_Process_2023,Regulation Of Superoxide Anion Generation (GO:0032928),3/14,5.337530689806465e-05,0.002520098082067,0,0,51.63896103896104,508.0324815939059,TYROBP;GSTP1;ITGB2
GO_Biological_Process_2023,Regulation Of Stress Fiber Assembly (GO:0051492),5/75,5.3456625983240095e-05,0.002520098082067,0,0,13.74618585298197,135.21628108880702,EVL;RAC1;RHOC;PFN1;ACTG1
GO_Biological_Process_2023,Neutrophil Migration (GO:1990266),5/77,6.067381416232769e-05,0.0027303216373047,0,0,13.362998921251348,129.7546974848583,FCER1G;ITGB2;CCL4;XCL2;CCL3
GO_Biological_Process_2023,Positive Regulation Of Tumor Necrosis Factor Production (GO:0032760),5/78,6.455299915888626e-05,0.0027785856159694,0,0,13.179279159462697,127.15400135881764,FCGR3A;TYROBP;CCL3;CYBA;HAVCR2
GO_Biological_Process_2023,Positive Regulation Of Tumor Necrosis Factor Superfamily Cytokine Production (GO:1903557),5/82,8.201820379507465e-05,0.0033832509065468,0,0,12.492119530954485,117.53297278353196,FCGR3A;TYROBP;CCL3;CYBA;HAVCR2
GO_Biological_Process_2023,Regulation Of Interleukin-1 Beta Production (GO:0032651),5/84,9.200989148455675e-05,0.0036132218608982,0,0,12.174634386137395,113.14635830476188,CX3CR1;SERPINB1;TYROBP;GSTP1;CCL3
GO_Biological_Process_2023,Response To Interferon-Alpha (GO:0035455),3/17,9.854241438813502e-05,0.0036132218608982,0,0,40.56734693877551,374.23472882435175,BST2;IFITM1;IFITM2
GO_Biological_Process_2023,Positive Regulation Of Lymphocyte Chemotaxis (GO:0140131),3/17,9.854241438813502e-05,0.0036132218608982,0,0,40.56734693877551,374.23472882435175,CCL4;CCL3;XCL2
GO_Biological_Process_2023,Homotypic Cell-Cell Adhesion (GO:0034109),4/46,0.00011018759941759528,0.0038869664838164,0,0,18.17765567765568,165.65890566083516,PLEK;CLIC1;CD99;ACTG1
GO_Biological_Process_2023,Antigen Processing And Presentation Of Peptide Antigen Via MHC Class I (GO:0002474),3/18,0.0001177868631459522,0.0038869664838164,0,0,37.860952380952384,342.5141719356897,PDIA3;FCER1G;CALR
GO_Biological_Process_2023,Positive Regulation Of Natural Killer Cell Activation (GO:0032816),3/18,0.0001177868631459522,0.0038869664838164,0,0,37.860952380952384,342.5141719356897,FCGR3A;TYROBP;LAMP1
GO_Biological_Process_2023,Cellular Defense Response (GO:0006968),4/48,0.00013030189954309774,0.004161254211215,0,0,17.34965034965035,155.20401234867848,CX3CR1;TYROBP;GNLY;PRF1
GO_Biological_Process_2023,Defense Response To Symbiont (GO:0140546),6/148,0.00015265358174963893,0.0046750675874679,0,0,8.181441590720796,71.89310383648919,BST2;IFITM1;IFITM2;APOBEC3G;PRF1;ISG15
GO_Biological_Process_2023,Negative Regulation Of Viral Life Cycle (GO:1903901),3/20,0.00016326661819608508,0.0046750675874679,0,0,33.403361344537814,291.281519714302,BST2;IFITM1;IFITM2
GO_Biological_Process_2023,Microglial Cell Activation (GO:0001774),3/20,0.00016326661819608508,0.0046750675874679,0,0,33.403361344537814,291.281519714302,CX3CR1;TYROBP;ITGB2
GO_Biological_Process_2023,Positive Regulation Of Leukocyte Mediated Cytotoxicity (GO:0001912),4/51,0.00016528016723371363,0.0046750675874679,0,0,16.23977086743044,141.4137898458566,TYROBP;LAMP1;HLA-B;KLRD1
GO_Biological_Process_2023,Protein Catabolic Process (GO:0030163),5/102,0.000229878604593593,0.0060211909729292,0,0,9.906415774196777,82.99554711991793,GZMA;GZMB;CTSW;CTSD;CTSC
GO_Biological_Process_2023,Positive Regulation Of Lamellipodium Assembly (GO:0010592),3/23,0.00025066432664007577,0.0060211909729292,0,0,28.388571428571428,235.38088355565063,ARPC2;RAC2;RAC1
GO_Biological_Process_2023,Positive Regulation Of Neutrophil Migration (GO:1902624),3/23,0.00025066432664007577,0.0060211909729292,0,0,28.388571428571428,235.38088355565063,RAC2;RAC1;CD99
GO_Biological_Process_2023,Negative Regulation Of Cell Migration (GO:0030336),6/163,0.0002576907771864732,0.0060211909729292,0,0,7.3941551142750095,61.10345102551161,BST2;IFITM1;ARHGDIB;EVL;CALR;RAC1
GO_Biological_Process_2023,Regulation Of Proteolysis Involved In Protein Catabolic Process (GO:1903050),3/24,0.0002853507455627043,0.0060211909729292,0,0,27.035374149659862,220.65708553315363,UBB;PSME2;CTSC
GO_Biological_Process_2023,Eosinophil Chemotaxis (GO:0048245),3/24,0.0002853507455627043,0.0060211909729292,0,0,27.035374149659862,220.65708553315363,CCL4;CCL3;XCL2
GO_Biological_Process_2023,Eosinophil Migration (GO:0072677),3/24,0.0002853507455627043,0.0060211909729292,0,0,27.035374149659862,220.65708553315363,CCL4;CCL3;XCL2
GO_Biological_Process_2023,Positive Regulation Of Natural Killer Cell Mediated Immunity (GO:0002717),3/24,0.0002853507455627043,0.0060211909729292,0,0,27.035374149659862,220.65708553315363,LAMP1;SH2D1B;KLRD1
GO_Biological_Process_2023,Natural Killer Cell Mediated Cytotoxicity (GO:0042267),3/24,0.0002853507455627043,0.0060211909729292,0,0,27.035374149659862,220.65708553315363,FCGR3A;GZMB;NKG7
GO_Biological_Process_2023,Regulation Of Hydrogen Peroxide Metabolic Process (GO:0010310),2/5,0.0002858545209370448,0.0060211909729292,0,0,125.0880503144654,1020.7219360678738,RAC2;RAC1
GO_Biological_Process_2023,Negative Regulation Of Trophoblast Cell Migration (GO:1901164),2/5,0.0002858545209370448,0.0060211909729292,0,0,125.0880503144654,1020.7219360678738,ARHGDIB;CALR
GO_Biological_Process_2023,Natural Killer Cell Degranulation (GO:0043320),2/5,0.0002858545209370448,0.0060211909729292,0,0,125.0880503144654,1020.7219360678738,FCGR3A;NKG7
GO_Biological_Process_2023,Inflammatory Response (GO:0006954),7/236,0.00029576363200324644,0.0061001249100669,0,0,5.9510138786804445,48.35764100830603,PRDX5;ITGB2;CCL4;XCL2;CCL3;CYBA;RAC1
GO_Biological_Process_2023,Positive Regulation Of Phagocytosis (GO:0050766),4/60,0.00031071960518130865,0.0062778042679488,0,0,13.623626373626374,110.03284838520246,FCER1G;IL2RB;CYBA;CALR
GO_Biological_Process_2023,Cytoskeleton Organization (GO:0007010),5/111,0.00034040816887029605,0.0067400817436318,0,0,9.061183366917016,72.35685800004681,CAPZB;CFL1;CCL3;SH3BGRL3;RAC1
GO_Biological_Process_2023,Negative Regulation Of Interleukin-1 Beta Production (GO:0032691),3/26,0.0003636905569055385,0.0067934651195562,0,0,24.681987577639752,195.46177300147025,CX3CR1;SERPINB1;GSTP1
GO_Biological_Process_2023,Fc Receptor Signaling Pathway (GO:0038093),3/26,0.0003636905569055385,0.0067934651195562,0,0,24.681987577639752,195.46177300147025,FCGR3A;FCER1G;CD247
GO_Biological_Process_2023,Regulation Of Actin Filament Bundle Assembly (GO:0032231),3/26,0.0003636905569055385,0.0067934651195562,0,0,24.681987577639752,195.46177300147025,PLEK;RAC1;PFN1
GO_Biological_Process_2023,Regulation Of Natural Killer Cell Chemotaxis (GO:2000501),2/6,0.0004272697218479748,0.0078332782338795,0,0,93.811320754717,727.7971457198595,CCL4;CCL3
GO_Biological_Process_2023,Cellular Response To Type II Interferon (GO:0071346),4/66,0.0004479861983152649,0.0080637515696747,0,0,12.301488833746898,94.85368206231163,CCL4;XCL2;CCL3;CALM1
GO_Biological_Process_2023,Positive Regulation Of Intracellular Signal Transduction (GO:1902533),10/525,0.0005533172735185618,0.009197178676346,0,0,3.839310481474143,28.79321222089481,BST2;FGR;CX3CR1;LGALS1;CCL4;CCL3;AKR1C3;RHOC;LITAF;HCST
GO_Biological_Process_2023,Negative Regulation Of Interleukin-1 Production (GO:0032692),3/30,0.0005590743369471263,0.009197178676346,0,0,21.021164021164022,157.43229252657446,CX3CR1;SERPINB1;GSTP1
GO_Biological_Process_2023,"Phagocytosis, Engulfment (GO:0006911)",3/30,0.0005590743369471263,0.009197178676346,0,0,21.021164021164022,157.43229252657446,BIN2;ITGB2;RAC1
GO_Biological_Process_2023,Regulation Of Calcium-Mediated Signaling (GO:0050848),3/30,0.0005590743369471263,0.009197178676346,0,0,21.021164021164022,157.43229252657446,PLEK;CCL4;CCL3
GO_Biological_Process_2023,Positive Regulation Of Defense Response (GO:0031349),5/124,0.0005657913582508232,0.009197178676346,0,0,8.066003100269233,60.31180538474486,LGALS1;SH2D1B;CCL3;NKG7;CYBA
GO_Biological_Process_2023,Defense Response To Virus (GO:0051607),6/189,0.0005666948477344519,0.009197178676346,0,0,6.335261973641916,47.36045196428515,BST2;IFITM1;IFITM2;APOBEC3G;PRF1;ISG15
GO_Biological_Process_2023,Regulation Of Nitric Oxide Metabolic Process (GO:0080164),2/7,0.0005960686757369518,0.0095178707899932,0,0,75.04528301886792,557.2228336533019,CX3CR1;RAC1
GO_Biological_Process_2023,Positive Regulation Of Lamellipodium Organization (GO:1902745),3/31,0.0006165529516371596,0.0096886892400125,0,0,20.26938775510204,149.81847055400618,ARPC2;RAC2;RAC1
GO_Biological_Process_2023,Modification-Dependent Macromolecule Catabolic Process (GO:0043632),2/8,0.0007919570379448901,0.01225058543071,0,0,62.53459119496856,446.5597291313328,UBB;ISG15
GO_Biological_Process_2023,Positive Regulation Of Neuron Death (GO:1901216),3/34,0.0008111964834682084,0.0123551464405157,0,0,18.30506912442396,130.27718171989054,TYROBP;ITGB2;CCL3
GO_Biological_Process_2023,Platelet Aggregation (GO:0070527),3/35,0.0008837772712211772,0.0130784944004123,0,0,17.732142857142858,124.68011329153576,PLEK;CLIC1;ACTG1
GO_Biological_Process_2023,Positive Regulation Of Endocytosis (GO:0045807),4/79,0.0008851102270986133,0.0130784944004123,0,0,10.162564102564104,71.44077656645923,FCER1G;IL2RB;CYBA;CALR
GO_Biological_Process_2023,Granulocyte Migration (GO:0097530),2/9,0.001014642785373,0.0147720052576374,0,0,53.59838274932615,369.4653723292254,ITGB2;CCL3
GO_Biological_Process_2023,Integrin-Mediated Signaling Pathway (GO:0007229),4/85,0.0011636315447141,0.0166955830328546,0,0,9.40693257359924,63.55520742773735,FGR;ITGB2;PLEK;ISG15
GO_Biological_Process_2023,Regulation Of Dendritic Cell Differentiation (GO:2001198),2/10,0.0012638362023541,0.0173777477823698,0,0,46.89622641509434,312.96682441721515,LGALS1;HLA-B
GO_Biological_Process_2023,Regulation Of Respiratory Burst (GO:0060263),2/10,0.0012638362023541,0.0173777477823698,0,0,46.89622641509434,312.96682441721515,RAC2;RAC1
GO_Biological_Process_2023,Positive Regulation Of Integrin Activation (GO:0033625),2/10,0.0012638362023541,0.0173777477823698,0,0,46.89622641509434,312.96682441721515,RAP1B;PLEK
GO_Biological_Process_2023,Positive Regulation Of Plasma Membrane Bounded Cell Projection Assembly (GO:0120034),4/88,0.0013236562416172,0.017950954509604,0,0,9.06959706959707,60.10746208334937,ARPC2;RAC2;RAC1;PFN1
GO_Biological_Process_2023,Lymphocyte Migration (GO:0072676),3/41,0.0014060177420553,0.0188102373599298,0,0,14.92781954887218,98.0308994229951,CCL4;CCL3;XCL2
GO_Biological_Process_2023,Apoptotic Process (GO:0006915),6/228,0.0014956637651333,0.0192893337683636,0,0,5.211976682564917,33.904873477148776,GZMM;GZMA;ITGB2;PRF1;GZMB;GZMH
GO_Biological_Process_2023,Modulation By Host Of Symbiont Process (GO:0051851),3/42,0.0015082624907041,0.0192893337683636,0,0,14.544322344322344,94.49150917862244,CX3CR1;CCL4;CCL3
GO_Biological_Process_2023,Monocyte Chemotaxis (GO:0002548),3/42,0.0015082624907041,0.0192893337683636,0,0,14.544322344322344,94.49150917862244,CCL4;CCL3;XCL2
GO_Biological_Process_2023,Positive Regulation Of Response To External Stimulus (GO:0032103),5/155,0.00153867733693,0.0192893337683636,0,0,6.3889967637540455,41.38045935005785,LGALS1;SH2D1B;CCL3;NKG7;CYBA
GO_Biological_Process_2023,Neutrophil Activation Involved In Immune Response (GO:0002283),2/11,0.0015392498663643,0.0192893337683636,0,0,41.683438155136265,269.96112325022307,FCER1G;TYROBP
GO_Biological_Process_2023,Positive Regulation Of Stress Fiber Assembly (GO:0051496),3/43,0.001615054703577,0.0199863019567664,0,0,14.18,91.1545198708865,EVL;RAC1;RHOC
GO_Biological_Process_2023,Regulation Of Viral Entry Into Host Cell (GO:0046596),3/44,0.001726467054893,0.0208439315163913,0,0,13.833449477351916,88.00395291034313,IFITM1;IFITM2;LGALS1
GO_Biological_Process_2023,Lymphocyte Chemotaxis (GO:0048247),3/44,0.001726467054893,0.0208439315163913,0,0,13.833449477351916,88.00395291034313,CCL4;CCL3;XCL2
GO_Biological_Process_2023,Positive Regulation Of Epithelial Cell Migration (GO:0010634),4/95,0.0017557346779323,0.0209418955560606,0,0,8.368977176669484,53.10005455835685,GLIPR2;RAC1;CALR;PFN1
GO_Biological_Process_2023,Positive Regulation Of Supramolecular Fiber Organization (GO:1902905),4/96,0.001824546374544,0.021437560551824,0,0,8.277591973244148,52.2020037281825,PLEK;EVL;RAC1;PFN1
GO_Biological_Process_2023,Positive Regulation Of Myeloid Leukocyte Mediated Immunity (GO:0002888),2/12,0.0018405986332374,0.021437560551824,0,0,37.51320754716981,236.2455923044633,TYROBP;ITGB2
GO_Biological_Process_2023,Positive Regulation Of Protein-Containing Complex Assembly (GO:0031334),4/98,0.0019677410900012,0.0226519032453626,0,0,8.100654664484452,50.47411842529485,RAP1B;PLEK;ISG15;RHOC
GO_Biological_Process_2023,Regulation Of Cytokine Production (GO:0001817),5/167,0.0021331511278547,0.0241115014051676,0,0,5.912141915378161,36.360589100974686,SRGN;FGR;HLA-B;ISG15;LITAF
GO_Biological_Process_2023,Regulation Of Trophoblast Cell Migration (GO:1901163),2/13,0.0021675996212726,0.0241115014051676,0,0,34.101200686106345,209.18136488524144,ARHGDIB;CALR
GO_Biological_Process_2023,Negative Regulation Of Bone Mineralization (GO:0030502),2/13,0.0021675996212726,0.0241115014051676,0,0,34.101200686106345,209.18136488524144,SRGN;CCL3
GO_Biological_Process_2023,Regulation Of Cell Migration (GO:0030334),8/434,0.0024519644121378,0.0268255104780706,0,0,3.655586854460094,21.973241910368845,BST2;FGR;IFITM1;CCL3;RAC1;RHOC;TMSB10;ACTG1
GO_Biological_Process_2023,Regulation Of Epithelial Cell Migration (GO:0010632),3/50,0.0024958414919694,0.0268255104780706,0,0,12.063829787234043,72.30009219407567,GLIPR2;EVL;PFN1
GO_Biological_Process_2023,Negative Regulation Of Leukocyte Mediated Cytotoxicity (GO:0001911),2/14,0.0025199721964248,0.0268255104780706,0,0,31.257861635220127,187.03164673648803,CX3CR1;KLRD1
GO_Biological_Process_2023,Regulation Of Integrin Activation (GO:0033623),2/14,0.0025199721964248,0.0268255104780706,0,0,31.257861635220127,187.03164673648803,RAP1B;PLEK
GO_Biological_Process_2023,Positive Regulation Of Hydrolase Activity (GO:0051345),5/176,0.0026779235081102,0.0282036624790333,0,0,5.598421620394027,33.15784784269498,CCL4;XCL2;CCL3;CALM1;RHOC
GO_Biological_Process_2023,B Cell Mediated Immunity (GO:0019724),2/15,0.0028974379576251,0.0295717894644221,0,0,28.851959361393323,168.60878457384547,FCER1G;IL2RB
GO_Biological_Process_2023,Alpha-Beta T Cell Activation (GO:0046631),2/15,0.0028974379576251,0.0295717894644221,0,0,28.851959361393323,168.60878457384547,NKG7;CD247
GO_Biological_Process_2023,Positive Regulation Of Syncytium Formation By Plasma Membrane Fusion (GO:0060143),2/15,0.0028974379576251,0.0295717894644221,0,0,28.851959361393323,168.60878457384547,CD53;TYROBP
GO_Biological_Process_2023,Actin Polymerization Or Depolymerization (GO:0008154),3/53,0.0029483252184116,0.0297841016961996,0,0,11.338285714285714,66.06272571746393,CFL1;EVL;RAC1
GO_Biological_Process_2023,Peptidyl-Tyrosine Modification (GO:0018212),3/54,0.0031096049416537,0.0310960494165377,0,0,11.115406162464986,64.17212521604772,FGR;TPST2;ABI3
GO_Biological_Process_2023,Negative Regulation Of Natural Killer Cell Mediated Cytotoxicity (GO:0045953),2/16,0.0032997207202743,0.0317157622628315,0,0,26.78975741239892,153.07446220756404,HLA-B;KLRD1
GO_Biological_Process_2023,Regulation Of Natural Killer Cell Activation (GO:0032814),2/16,0.0032997207202743,0.0317157622628315,0,0,26.78975741239892,153.07446220756404,TYROBP;KLRD1
GO_Biological_Process_2023,Ruffle Organization (GO:0031529),2/16,0.0032997207202743,0.0317157622628315,0,0,26.78975741239892,153.07446220756404,PLEK;RAC1
GO_Biological_Process_2023,Prostanoid Metabolic Process (GO:0006692),2/16,0.0032997207202743,0.0317157622628315,0,0,26.78975741239892,153.07446220756404,GSTP1;AKR1C3
GO_Biological_Process_2023,Regulation Of Reactive Oxygen Species Metabolic Process (GO:2000377),3/56,0.0034481839759687,0.0328240590020101,0,0,10.69487870619946,60.638973739770016,RAC2;AKR1C3;RAC1
GO_Biological_Process_2023,Chemokine-Mediated Signaling Pathway (GO:0070098),3/57,0.0036255924841709,0.0341841577078978,0,0,10.496296296296295,58.98643053846323,CCL4;XCL2;CCL3
GO_Biological_Process_2023,T Cell Migration (GO:0072678),2/17,0.0037265465017291,0.0344792620253443,0,0,25.00251572327044,139.82090223868067,CCL3;CD99
GO_Biological_Process_2023,Myeloid Cell Activation Involved In Immune Response (GO:0002275),2/17,0.0037265465017291,0.0344792620253443,0,0,25.00251572327044,139.82090223868067,FCER1G;TYROBP
GO_Biological_Process_2023,Regulation Of Neuron Death (GO:1901214),3/58,0.0038084842269964,0.0345908200433623,0,0,10.304935064935066,57.4038881974808,TYROBP;UBB;ITGB2
GO_Biological_Process_2023,Regulation Of Bone Mineralization (GO:0030500),3/58,0.0038084842269964,0.0345908200433623,0,0,10.304935064935066,57.4038881974808,SRGN;CCL3;ISG15
GO_Biological_Process_2023,Cellular Response To Chemokine (GO:1990869),3/59,0.0039969104890497,0.0359640614915383,0,0,10.120408163265306,55.887257944551614,CCL4;XCL2;CCL3
GO_Biological_Process_2023,Negative Regulation Of Viral Entry Into Host Cell (GO:0046597),2/18,0.0041776435065928,0.0359640614915383,0,0,23.43867924528302,128.39727114514832,IFITM1;IFITM2
GO_Biological_Process_2023,Neutrophil Activation (GO:0042119),2/18,0.0041776435065928,0.0359640614915383,0,0,23.43867924528302,128.39727114514832,FCER1G;TYROBP
GO_Biological_Process_2023,Peptide Antigen Assembly With MHC Protein Complex (GO:0002501),2/18,0.0041776435065928,0.0359640614915383,0,0,23.43867924528302,128.39727114514832,PDIA3;CALR
GO_Biological_Process_2023,Positive Regulation Of Interleukin-4 Production (GO:0032753),2/18,0.0041776435065928,0.0359640614915383,0,0,23.43867924528302,128.39727114514832,FCER1G;HAVCR2
GO_Biological_Process_2023,Positive Regulation Of Neutrophil Chemotaxis (GO:0090023),2/18,0.0041776435065928,0.0359640614915383,0,0,23.43867924528302,128.39727114514832,RAC2;RAC1
GO_Biological_Process_2023,Cellular Response To Lectin (GO:1990858),2/19,0.0046527421101487,0.0393693563166435,0,0,22.058823529411764,118.46246761943335,TYROBP;KLRD1
GO_Biological_Process_2023,Stimulatory C-type Lectin Receptor Signaling Pathway (GO:0002223),2/19,0.0046527421101487,0.0393693563166435,0,0,22.058823529411764,118.46246761943335,TYROBP;KLRD1
GO_Biological_Process_2023,Response To Cytokine (GO:0034097),4/125,0.0047253199391149,0.0396446333874898,0,0,6.284488239033694,33.652303364597664,BST2;IFITM1;IFITM2;ISG15
GO_Biological_Process_2023,Regulation Of Apoptotic Process (GO:0042981),10/705,0.0048326207406532,0.0402041557415689,0,0,2.8185288503890766,15.02942843231408,PRDX5;LGALS1;UBB;GSTP1;GZMA;CFL1;IL2RB;CALR;CTSD;ACTB
GO_Biological_Process_2023,Negative Regulation Of Reproductive Process (GO:2000242),2/20,0.0051515748448776,0.0425004924702405,0,0,20.832285115303986,109.75391117798864,ARHGDIB;CALR
GO_Biological_Process_2023,Positive Regulation Of Granulocyte Chemotaxis (GO:0071624),2/21,0.0056738763837511,0.0456677855277535,0,0,19.73485600794439,102.06636095213236,RAC2;RAC1
GO_Biological_Process_2023,Positive Regulation Of Natural Killer Cell Mediated Cytotoxicity (GO:0045954),2/21,0.0056738763837511,0.0456677855277535,0,0,19.73485600794439,102.06636095213236,LAMP1;KLRD1
GO_Biological_Process_2023,Negative Regulation Of Biomineral Tissue Development (GO:0070168),2/21,0.0056738763837511,0.0456677855277535,0,0,19.73485600794439,102.06636095213236,SRGN;CCL3
GO_Biological_Process_2023,Regulation Of Endopeptidase Activity (GO:0052548),3/69,0.0061959464988737,0.047362997633978,0,0,8.582683982683983,43.63316371710528,SERPINB1;PSME2;PSMB8
GO_Biological_Process_2023,Phagocytosis (GO:0006909),3/69,0.0061959464988737,0.047362997633978,0,0,8.582683982683983,43.63316371710528,TYROBP;BIN2;ITGB2
GO_Biological_Process_2023,Fc Receptor Mediated Stimulatory Signaling Pathway (GO:0002431),2/22,0.006219383527694,0.047362997633978,0,0,18.74716981132076,95.23720656075557,FGR;FCER1G
GO_Biological_Process_2023,Cellular Response To Interferon-Beta (GO:0035458),2/22,0.006219383527694,0.047362997633978,0,0,18.74716981132076,95.23720656075557,IFITM2;CALM1
GO_Biological_Process_2023,Cellular Response To Low-Density Lipoprotein Particle Stimulus (GO:0071404),2/22,0.006219383527694,0.047362997633978,0,0,18.74716981132076,95.23720656075557,FCER1G;ITGB2
GO_Biological_Process_2023,Positive Regulation Of Phosphatase Activity (GO:0010922),2/22,0.006219383527694,0.047362997633978,0,0,18.74716981132076,95.23720656075557,PLEK;CALM1
GO_Biological_Process_2023,Natural Killer Cell Activation Involved In Immune Response (GO:0002323),2/22,0.006219383527694,0.047362997633978,0,0,18.74716981132076,95.23720656075557,FCGR3A;NKG7
GO_Biological_Process_2023,Positive Regulation Of Protein Polymerization (GO:0032273),3/70,0.0064482770839616,0.0487312542986413,0,0,8.454157782515992,42.642284072279054,EVL;RAC1;PFN1
GO_Biological_Process_2023,Negative Regulation Of Cellular Biosynthetic Process (GO:0031327),4/137,0.0065193215139164,0.048754812667669,0,0,5.713996529786003,28.75845865728024,PLEK;AKR1C3;GZMB;CALR
GO_Biological_Process_2023,Cellular Response To Cytokine Stimulus (GO:0071345),6/308,0.0065498889745454,0.048754812667669,0,0,3.815738215816128,19.18670386732044,IFITM2;CCL4;IL2RB;XCL2;CCL3;CALM1
GO_Biological_Process_2023,Regulation Of Interleukin-4 Production (GO:0032673),2/23,0.0067878351896843,0.0494114473366729,0,0,17.853548966756513,89.13604298019607,FCER1G;HAVCR2
GO_Biological_Process_2023,Positive Regulation Of Neuron Apoptotic Process (GO:0043525),2/23,0.0067878351896843,0.0494114473366729,0,0,17.853548966756513,89.13604298019607,TYROBP;CCL3
GO_Biological_Process_2023,Negative Regulation Of Actin Filament Polymerization (GO:0030837),2/23,0.0067878351896843,0.0494114473366729,0,0,17.853548966756513,89.13604298019607,PFN1;TMSB10
GO_Biological_Process_2023,Negative Regulation Of Ossification (GO:0030279),2/24,0.0073789723758302,0.0529361061744342,0,0,17.041166380789022,83.65714594713813,SRGN;CCL3
GO_Biological_Process_2023,Regulation Of Ruffle Assembly (GO:1900027),2/24,0.0073789723758302,0.0529361061744342,0,0,17.041166380789022,83.65714594713813,EVL;PFN1
GO_Biological_Process_2023,Ras Protein Signal Transduction (GO:0007265),4/144,0.0077497336029764,0.0551959443665229,0,0,5.426373626373627,26.372701151499736,RAP1B;ARHGDIB;CFL1;RAC1
GO_Biological_Process_2023,Positive Regulation Of Cytokine Production (GO:0001819),6/320,0.0078386239105068,0.0553329566265303,0,0,3.6676657924316234,17.783381719115276,FGR;TYROBP;FCER1G;CYBA;ISG15;HAVCR2
GO_Biological_Process_2023,Regulation Of Neutrophil Chemotaxis (GO:0090022),2/25,0.0079925381793877,0.0553329566265303,0,0,16.299425758818703,78.7139513198353,RAC2;RAC1
GO_Biological_Process_2023,Regulation Of Postsynapse Organization (GO:0099175),2/25,0.0079925381793877,0.0553329566265303,0,0,16.299425758818703,78.7139513198353,ABI3;CFL1
GO_Biological_Process_2023,Regulation Of Cell Size (GO:0008361),2/25,0.0079925381793877,0.0553329566265303,0,0,16.299425758818703,78.7139513198353,PLEK;RAC1
GO_Biological_Process_2023,Regulation Of I-kappaB kinase/NF-kappaB Signaling (GO:0043122),5/232,0.0085321134621819,0.0585068149534581,0,0,4.205337667336726,20.03388456660773,BST2;LGALS1;GSTP1;RHOC;LITAF
GO_Biological_Process_2023,Antigen Processing And Presentation Of Exogenous Peptide Antigen Via MHC Class II (GO:0019886),2/26,0.008628277760813,0.0585068149534581,0,0,15.619496855345911,74.2349444914434,FCER1G;CTSD
GO_Biological_Process_2023,Plasma Membrane Invagination (GO:0099024),2/26,0.008628277760813,0.0585068149534581,0,0,15.619496855345911,74.2349444914434,BIN2;ITGB2
GO_Biological_Process_2023,Positive Regulation Of Cytoskeleton Organization (GO:0051495),3/79,0.0089956784330022,0.0605031336320264,0,0,7.449624060150376,35.09526082676218,PLEK;EVL;PFN1
GO_Biological_Process_2023,Proteolysis (GO:0006508),6/330,0.0090449129066059,0.0605031336320264,0,0,3.552650689905592,16.717185362514094,SRGN;GZMA;GZMB;CTSW;CTSD;CTSC
GO_Biological_Process_2023,Regulation Of Peptidase Activity (GO:0052547),2/27,0.0092859383312622,0.0612871929863309,0,0,14.993962264150944,70.16055835695548,CST7;PSMB8
GO_Biological_Process_2023,Cortical Cytoskeleton Organization (GO:0030865),2/27,0.0092859383312622,0.0612871929863309,0,0,14.993962264150944,70.16055835695548,PLEK;RAC1
GO_Biological_Process_2023,Cellular Response To Interleukin-1 (GO:0071347),3/81,0.0096307019420511,0.0631416882293419,0,0,7.257875457875458,33.69685811295652,CCL4;XCL2;CCL3
GO_Biological_Process_2023,Antigen Processing And Presentation Of Peptide Antigen Via MHC Class II (GO:0002495),2/28,0.0099652691405644,0.0636491383816699,0,0,14.416545718432513,66.44080358013153,FCER1G;CTSD
GO_Biological_Process_2023,Apoptotic Cell Clearance (GO:0043277),2/28,0.0099652691405644,0.0636491383816699,0,0,14.416545718432513,66.44080358013153,TYROBP;RAC1
GO_Biological_Process_2023,Regulation Of Platelet Activation (GO:0010543),2/28,0.0099652691405644,0.0636491383816699,0,0,14.416545718432513,66.44080358013153,FCER1G;PLEK
GO_Biological_Process_2023,Pyroptosis (GO:0070269),2/28,0.0099652691405644,0.0636491383816699,0,0,14.416545718432513,66.44080358013153,GZMA;GZMB
GO_Biological_Process_2023,Regulation Of ERK1 And ERK2 Cascade (GO:0070372),5/244,0.0104612341003326,0.0663886010213418,0,0,3.991753666165658,18.20271144546307,GLIPR2;GSTP1;CCL4;XCL2;CCL3
GO_Biological_Process_2023,Negative Regulation Of Plasma Membrane Bounded Cell Projection Assembly (GO:0120033),2/29,0.0106660214694347,0.0664110770738389,0,0,13.88190076869322,63.03343790190745,CAPZB;EVL
GO_Biological_Process_2023,Positive Regulation Of Calcium Ion Transport (GO:0051928),2/29,0.0106660214694347,0.0664110770738389,0,0,13.88190076869322,63.03343790190745,CCL4;CCL3
GO_Biological_Process_2023,Glycolytic Process (GO:0006096),2/29,0.0106660214694347,0.0664110770738389,0,0,13.88190076869322,63.03343790190745,TPI1;UCP2
GO_Biological_Process_2023,Response To Interleukin-1 (GO:0070555),3/85,0.010977561500238,0.0679236617827231,0,0,6.902439024390244,31.143128115672216,CCL4;XCL2;CCL3
GO_Biological_Process_2023,Regulation Of Dendritic Spine Morphogenesis (GO:0061001),2/30,0.0113879486023853,0.0687443238802529,0,0,13.38544474393531,59.90253727027526,ABI3;CFL1
GO_Biological_Process_2023,Immunoglobulin Mediated Immune Response (GO:0016064),2/30,0.0113879486023853,0.0687443238802529,0,0,13.38544474393531,59.90253727027526,FCER1G;IL2RB
GO_Biological_Process_2023,Innate Immune Response Activating Cell Surface Receptor Signaling Pathway (GO:0002220),2/30,0.0113879486023853,0.0687443238802529,0,0,13.38544474393531,59.90253727027526,TYROBP;KLRD1
GO_Biological_Process_2023,Prostaglandin Metabolic Process (GO:0006693),2/30,0.0113879486023853,0.0687443238802529,0,0,13.38544474393531,59.90253727027526,GSTP1;AKR1C3
GO_Biological_Process_2023,Antigen Processing And Presentation Of Exogenous Peptide Antigen (GO:0002478),2/31,0.0121308058226154,0.072346372074634,0,0,12.923227065712426,57.01736990523055,FCER1G;CTSD
GO_Biological_Process_2023,Regulation Of Cell Morphogenesis (GO:0022604),2/31,0.0121308058226154,0.072346372074634,0,0,12.923227065712426,57.01736990523055,CAPZB;CFL1
GO_Biological_Process_2023,Cytokine-Mediated Signaling Pathway (GO:0019221),5/257,0.0128677906450779,0.0759845648250089,0,0,3.783325627985822,16.46892216156114,FCER1G;CCL4;IL2RB;XCL2;CCL3
GO_Biological_Process_2023,Regulation Of Natural Killer Cell Mediated Cytotoxicity (GO:0042269),2/32,0.0128943503945469,0.0759845648250089,0,0,12.491823899371068,54.35150128220099,LAMP1;KLRD1
GO_Biological_Process_2023,Regulation Of Actin Cytoskeleton Organization (GO:0032956),3/91,0.0131924894701215,0.0772814471918364,0,0,6.42987012987013,27.829169717311338,BST2;ARHGDIB;RAC1
GO_Biological_Process_2023,Positive Regulation Of Establishment Of Protein Localization To Mitochondrion (GO:1903749),2/33,0.0136783415548051,0.0796562243485713,0,0,12.088253195374316,51.88207682717517,RAC2;GZMB
GO_Biological_Process_2023,Positive Regulation Of Cellular Component Biogenesis (GO:0044089),3/93,0.0139832945120685,0.0804852416683017,0,0,6.286349206349207,26.842031625870444,PLEK;RHOC;PFN1
GO_Biological_Process_2023,Positive Regulation Of Protein Kinase B Signaling (GO:0051897),3/93,0.0139832945120685,0.0804852416683017,0,0,6.286349206349207,26.842031625870444,CX3CR1;CCL3;AKR1C3
GO_Biological_Process_2023,Positive Regulation Of I-kappaB kinase/NF-kappaB Signaling (GO:0043123),4/175,0.0150105496708319,0.085898521237709,0,0,4.435672514619883,18.625397820996778,BST2;LGALS1;RHOC;LITAF
GO_Biological_Process_2023,Positive Regulation Of Substrate Adhesion-Dependent Cell Spreading (GO:1900026),2/35,0.0153067103295569,0.0865922470072081,0,0,11.35448827901658,47.45567458161679,RAC1;CALR
GO_Biological_Process_2023,Macrophage Activation (GO:0042116),2/35,0.0153067103295569,0.0865922470072081,0,0,11.35448827901658,47.45567458161679,FCGR3A;ITGB2
GO_Biological_Process_2023,Negative Regulation Of Cytokine Production (GO:0001818),4/178,0.015881308115741,0.0889816378162878,0,0,4.358532272325376,18.055710061639434,SRGN;TYROBP;RAC1;HAVCR2
GO_Biological_Process_2023,Negative Regulation Of Macromolecule Biosynthetic Process (GO:0010558),3/98,0.0160762619126577,0.0889816378162878,0,0,5.953984962406015,24.59240802131859,GSTP1;GZMB;CALR
GO_Biological_Process_2023,Positive Regulation Of Cell Migration (GO:0030335),5/272,0.0160811682708046,0.0889816378162878,0,0,3.568052070833788,14.736434565595646,FGR;GLIPR2;CCL3;PFN1;RHOC
GO_Biological_Process_2023,Regulation Of T Cell Mediated Cytotoxicity (GO:0001914),2/36,0.0161506161302663,0.0889816378162878,0,0,11.019977802441732,45.46619223413336,HLA-B;KLRD1
GO_Biological_Process_2023,Positive Regulation Of ERK1 And ERK2 Cascade (GO:0070374),4/179,0.0161784796029614,0.0889816378162878,0,0,4.333406593406593,17.87128660084573,GLIPR2;CCL4;XCL2;CCL3
GO_Biological_Process_2023,Type I Interferon-Mediated Signaling Pathway (GO:0060337),2/37,0.0170140248654096,0.0930601360041745,0,0,10.704582210242588,43.6074415567519,IFITM1;IFITM2
GO_Biological_Process_2023,Negative Regulation Of Type I Interferon Production (GO:0032480),2/38,0.0178967053977828,0.0968182423158743,0,0,10.40670859538784,41.86763145560088,TYROBP;HAVCR2
GO_Biological_Process_2023,Cellular Response To Type I Interferon (GO:0071357),2/38,0.0178967053977828,0.0968182423158743,0,0,10.40670859538784,41.86763145560088,IFITM1;IFITM2
GO_Biological_Process_2023,Regulation Of Nitric Oxide Biosynthetic Process (GO:0045428),2/39,0.0187984284927628,0.1006483888887076,0,0,10.12493625701173,40.23631447144938,CX3CR1;RAC1
GO_Biological_Process_2023,Positive Regulation Of Inflammatory Response (GO:0050729),3/104,0.0188080322670817,0.1006483888887076,0,0,5.598585572842999,22.245818826347204,LGALS1;CCL3;NKG7
GO_Biological_Process_2023,Positive Regulation Of Monoatomic Ion Transport (GO:0043270),2/40,0.0197189667761209,0.10495579090516,0,0,9.857994041708045,38.70420311143255,CCL4;CCL3
GO_Biological_Process_2023,Carbohydrate Catabolic Process (GO:0016052),2/41,0.0206580947385911,0.1081883878793255,0,0,9.604741170778906,37.26301525176931,TPI1;UCP2
GO_Biological_Process_2023,Positive Regulation Of Actin Filament Polymerization (GO:0030838),2/41,0.0206580947385911,0.1081883878793255,0,0,9.604741170778906,37.26301525176931,EVL;PFN1
GO_Biological_Process_2023,Positive Regulation Of Response To Biotic Stimulus (GO:0002833),2/41,0.0206580947385911,0.1081883878793255,0,0,9.604741170778906,37.26301525176931,SH2D1B;CYBA
GO_Biological_Process_2023,Response To Tumor Necrosis Factor (GO:0034612),3/108,0.0207634279768402,0.1081883878793255,0,0,5.3842176870748295,20.86148584335865,CCL4;XCL2;CCL3
GO_Biological_Process_2023,Cell-Matrix Adhesion (GO:0007160),3/109,0.0212690959455783,0.1102429580425267,0,0,5.333153638814016,20.53530890973108,CD63;ITGB2;RAC1
GO_Biological_Process_2023,Negative Regulation Of Inflammatory Response (GO:0050728),3/111,0.0223006308938563,0.1149876280464468,0,0,5.233862433862434,19.905113197709223,FGR;GSTP1;AOAH
GO_Biological_Process_2023,Regulation Of Cellular Component Size (GO:0032535),2/43,0.0225912268872475,0.1158824591625649,0,0,9.13529682466636,34.62454391430666,RAC1;PPP1CA
GO_Biological_Process_2023,Cellular Response To Oxygen-Containing Compound (GO:1901701),6/406,0.0228588068205798,0.1166506121256392,0,0,2.8664705882352943,10.830726409117023,RAP1B;CX3CR1;PRDX5;GSTP1;AKR1C3;ACTB
GO_Biological_Process_2023,Regulation Of Cell-Substrate Adhesion (GO:0010810),2/44,0.0235847892398263,0.1180594332098232,0,0,8.917340521114106,33.41464194737508,RAC2;RAC1
GO_Biological_Process_2023,Regulation Of Interleukin-6 Production (GO:0032675),3/114,0.0238984401976817,0.1180594332098232,0,0,5.091634491634491,19.011868314180123,TYROBP;HLA-B;CYBA
GO_Biological_Process_2023,Natural Killer Cell Activation (GO:0030101),2/45,0.024596057572296,0.1180594332098232,0,0,8.709521720052654,32.2702508415444,FCGR3A;IL2RB
GO_Biological_Process_2023,Defense Response To Bacterium (GO:0042742),4/204,0.0247664266448218,0.1180594332098232,0,0,3.786923076923077,14.005050023720187,FGR;FCER1G;GNLY;ISG15
GO_Biological_Process_2023,Protein Maturation (GO:0051604),3/117,0.0255568377485896,0.1180594332098232,0,0,4.956892230576441,18.176182138900124,SRGN;GZMA;GZMB
GO_Biological_Process_2023,Regulation Of Interleukin-10 Production (GO:0032653),2/46,0.025624815480171,0.1180594332098232,0,0,8.51114922813036,31.186502295039844,TYROBP;ISG15
GO_Biological_Process_2023,Protein Stabilization (GO:0050821),4/208,0.0263526475596065,0.1180594332098232,0,0,3.7119155354449473,13.497217279379363,TYROBP;LAMP1;CALR;PFN1
GO_Biological_Process_2023,Negative Regulation Of Tumor Necrosis Factor Production (GO:0032720),2/47,0.0266708483443649,0.1180594332098232,0,0,8.321593291404612,30.15898636263324,GSTP1;HAVCR2
GO_Biological_Process_2023,Cellular Response To Tumor Necrosis Factor (GO:0071356),3/119,0.0266960641871404,0.1180594332098232,0,0,4.870935960591133,17.648565787544694,CCL4;XCL2;CCL3
GO_Biological_Process_2023,"CD4-positive, Alpha-Beta T Cell Activation (GO:0035710)",1/5,0.0267124374131317,0.1180594332098232,0,0,46.467289719626166,168.3336119491956,NKG7
GO_Biological_Process_2023,Negative Regulation Of Fibroblast Migration (GO:0010764),1/5,0.0267124374131317,0.1180594332098232,0,0,46.467289719626166,168.3336119491956,RAC1
GO_Biological_Process_2023,ISG15-protein Conjugation (GO:0032020),1/5,0.0267124374131317,0.1180594332098232,0,0,46.467289719626166,168.3336119491956,ISG15
GO_Biological_Process_2023,Negative Regulation Of Myeloid Leukocyte Mediated Immunity (GO:0002887),1/5,0.0267124374131317,0.1180594332098232,0,0,46.467289719626166,168.3336119491956,CX3CR1
GO_Biological_Process_2023,Regulation Of Natural Killer Cell Mediated Immunity (GO:0002715),1/5,0.0267124374131317,0.1180594332098232,0,0,46.467289719626166,168.3336119491956,SH2D1B
GO_Biological_Process_2023,Autocrine Signaling (GO:0035425),1/5,0.0267124374131317,0.1180594332098232,0,0,46.467289719626166,168.3336119491956,CX3CR1
GO_Biological_Process_2023,Regulation Of Neutrophil Extravasation (GO:2000389),1/5,0.0267124374131317,0.1180594332098232,0,0,46.467289719626166,168.3336119491956,CD99
GO_Biological_Process_2023,Cell Junction Disassembly (GO:0150146),1/5,0.0267124374131317,0.1180594332098232,0,0,46.467289719626166,168.3336119491956,CX3CR1
GO_Biological_Process_2023,Positive Regulation Of I-kappaB Phosphorylation (GO:1903721),1/5,0.0267124374131317,0.1180594332098232,0,0,46.467289719626166,168.3336119491956,CX3CR1
GO_Biological_Process_2023,Ruffle Assembly (GO:0097178),1/5,0.0267124374131317,0.1180594332098232,0,0,46.467289719626166,168.3336119491956,RAC1
GO_Biological_Process_2023,"Establishment Of Mitochondrion Localization, Microtubule-Mediated (GO:0034643)",1/5,0.0267124374131317,0.1180594332098232,0,0,46.467289719626166,168.3336119491956,UBB
GO_Biological_Process_2023,Positive Regulation Of Intrinsic Apoptotic Signaling Pathway By P53 Class Mediator (GO:1902255),1/5,0.0267124374131317,0.1180594332098232,0,0,46.467289719626166,168.3336119491956,UBB
GO_Biological_Process_2023,Positive Regulation Of Killing Of Cells Of Another Organism (GO:0051712),1/5,0.0267124374131317,0.1180594332098232,0,0,46.467289719626166,168.3336119491956,PRF1
GO_Biological_Process_2023,Type B Pancreatic Cell Proliferation (GO:0044342),1/5,0.0267124374131317,0.1180594332098232,0,0,46.467289719626166,168.3336119491956,SERPINB1
GO_Biological_Process_2023,Zymogen Inhibition (GO:0097341),1/5,0.0267124374131317,0.1180594332098232,0,0,46.467289719626166,168.3336119491956,CST7
GO_Biological_Process_2023,Hydrogen Peroxide Biosynthetic Process (GO:0050665),1/5,0.0267124374131317,0.1180594332098232,0,0,46.467289719626166,168.3336119491956,CYBA
GO_Biological_Process_2023,Lipoprotein Metabolic Process (GO:0042157),1/5,0.0267124374131317,0.1180594332098232,0,0,46.467289719626166,168.3336119491956,CTSD
GO_Biological_Process_2023,Protection From Natural Killer Cell Mediated Cytotoxicity (GO:0042270),1/5,0.0267124374131317,0.1180594332098232,0,0,46.467289719626166,168.3336119491956,HLA-B
GO_Biological_Process_2023,Protein Import (GO:0017038),1/5,0.0267124374131317,0.1180594332098232,0,0,46.467289719626166,168.3336119491956,PRF1
GO_Biological_Process_2023,Protein Sulfation (GO:0006477),1/5,0.0267124374131317,0.1180594332098232,0,0,46.467289719626166,168.3336119491956,TPST2
GO_Biological_Process_2023,Regulation Of T Cell Activation Via T Cell Receptor Contact With Antigen Bound To MHC Molecule On Antigen Presenting Cell (GO:2001188),1/5,0.0267124374131317,0.1180594332098232,0,0,46.467289719626166,168.3336119491956,HAVCR2
GO_Biological_Process_2023,Negative Regulation Of Tumor Necrosis Factor Superfamily Cytokine Production (GO:1903556),2/49,0.0288138892873746,0.1255944131203354,0,0,7.966680048173425,28.256999467496986,GSTP1;HAVCR2
GO_Biological_Process_2023,Interferon-Mediated Signaling Pathway (GO:0140888),2/49,0.0288138892873746,0.1255944131203354,0,0,7.966680048173425,28.256999467496986,IFITM1;IFITM2
GO_Biological_Process_2023,Cellular Response To Lipopolysaccharide (GO:0071222),3/124,0.0296615741333309,0.1255944131203354,0,0,4.668476977567886,16.42324856295764,CX3CR1;GSTP1;CCL3
GO_Biological_Process_2023,Positive Regulation Of Cell Death (GO:0010942),2/50,0.029910476921657,0.1255944131203354,0,0,7.800314465408805,27.37556602865933,TYROBP;ITGB2
GO_Biological_Process_2023,Pyruvate Metabolic Process (GO:0006090),2/50,0.029910476921657,0.1255944131203354,0,0,7.800314465408805,27.37556602865933,TPI1;UCP2
GO_Biological_Process_2023,Positive Regulation Of Intracellular Protein Transport (GO:0090316),3/126,0.0308946277884644,0.1255944131203354,0,0,4.592102206736353,15.96753366034656,ITGB2;RAC2;GZMB
GO_Biological_Process_2023,Regulation Of Substrate Adhesion-Dependent Cell Spreading (GO:1900024),2/51,0.0310234985969286,0.1255944131203354,0,0,7.640739314593762,26.53636666311081,RAC1;CALR
GO_Biological_Process_2023,Receptor Internalization (GO:0031623),2/51,0.0310234985969286,0.1255944131203354,0,0,7.640739314593762,26.53636666311081,FCER1G;ITGB2
GO_Biological_Process_2023,Regulation Of Anatomical Structure Morphogenesis (GO:0022603),3/127,0.031521163938244,0.1255944131203354,0,0,4.554838709677419,15.746515083328022,CAPZB;ABI3;CFL1
GO_Biological_Process_2023,G-quadruplex DNA Unwinding (GO:0044806),1/6,0.0319694869760854,0.1255944131203354,0,0,37.17196261682243,127.98207714314653,HNRNPA2B1
GO_Biological_Process_2023,Regulation Of Inositol Phosphate Biosynthetic Process (GO:0010919),1/6,0.0319694869760854,0.1255944131203354,0,0,37.17196261682243,127.98207714314653,PLEK
GO_Biological_Process_2023,Negative Regulation Of Ruffle Assembly (GO:1900028),1/6,0.0319694869760854,0.1255944131203354,0,0,37.17196261682243,127.98207714314653,EVL
GO_Biological_Process_2023,Aldehyde Biosynthetic Process (GO:0046184),1/6,0.0319694869760854,0.1255944131203354,0,0,37.17196261682243,127.98207714314653,TPI1
GO_Biological_Process_2023,Negative Regulation Of Stress-Activated Protein Kinase Signaling Cascade (GO:0070303),1/6,0.0319694869760854,0.1255944131203354,0,0,37.17196261682243,127.98207714314653,GSTP1
GO_Biological_Process_2023,Regulation Of Microglial Cell Migration (GO:1904139),1/6,0.0319694869760854,0.1255944131203354,0,0,37.17196261682243,127.98207714314653,CX3CR1
GO_Biological_Process_2023,Antigen Processing And Presentation Of Exogenous Peptide Antigen Via MHC Class I (GO:0042590),1/6,0.0319694869760854,0.1255944131203354,0,0,37.17196261682243,127.98207714314653,FCER1G
GO_Biological_Process_2023,Autophagosome Membrane Docking (GO:0016240),1/6,0.0319694869760854,0.1255944131203354,0,0,37.17196261682243,127.98207714314653,CALM1
GO_Biological_Process_2023,Regulation Of Osteoclast Development (GO:2001204),1/6,0.0319694869760854,0.1255944131203354,0,0,37.17196261682243,127.98207714314653,TYROBP
GO_Biological_Process_2023,Regulation Of Transforming Growth Factor Beta1 Production (GO:0032908),1/6,0.0319694869760854,0.1255944131203354,0,0,37.17196261682243,127.98207714314653,TYROBP
GO_Biological_Process_2023,Response To Lead Ion (GO:0010288),1/6,0.0319694869760854,0.1255944131203354,0,0,37.17196261682243,127.98207714314653,PPP1CA
GO_Biological_Process_2023,Positive Regulation Of Cell Killing (GO:0031343),1/6,0.0319694869760854,0.1255944131203354,0,0,37.17196261682243,127.98207714314653,PRF1
GO_Biological_Process_2023,Hepatocyte Growth Factor Receptor Signaling Pathway (GO:0048012),1/6,0.0319694869760854,0.1255944131203354,0,0,37.17196261682243,127.98207714314653,RAC1
GO_Biological_Process_2023,Host-Mediated Regulation Of Intestinal Microbiota Composition (GO:0048874),1/6,0.0319694869760854,0.1255944131203354,0,0,37.17196261682243,127.98207714314653,CX3CR1
GO_Biological_Process_2023,Interleukin-3-Mediated Signaling Pathway (GO:0038156),1/6,0.0319694869760854,0.1255944131203354,0,0,37.17196261682243,127.98207714314653,FCER1G
GO_Biological_Process_2023,Mitochondrion-Endoplasmic Reticulum Membrane Tethering (GO:1990456),1/6,0.0319694869760854,0.1255944131203354,0,0,37.17196261682243,127.98207714314653,CALM1
GO_Biological_Process_2023,Regulation Of I-kappaB Phosphorylation (GO:1903719),1/6,0.0319694869760854,0.1255944131203354,0,0,37.17196261682243,127.98207714314653,CX3CR1
GO_Biological_Process_2023,Regulation Of T Cell Tolerance Induction (GO:0002664),1/6,0.0319694869760854,0.1255944131203354,0,0,37.17196261682243,127.98207714314653,HLA-B
GO_Biological_Process_2023,Negative Regulation Of Acute Inflammatory Response (GO:0002674),1/6,0.0319694869760854,0.1255944131203354,0,0,37.17196261682243,127.98207714314653,GSTP1
GO_Biological_Process_2023,Rho Protein Signal Transduction (GO:0007266),2/52,0.032152748417315,0.1258151025025373,0,0,7.487547169811321,25.7366265027204,ARHGDIB;CFL1
GO_Biological_Process_2023,Protein-Containing Complex Assembly (GO:0065003),5/328,0.0326662078907476,0.1273210465033078,0,0,2.94102618052842,10.062468540286089,TRAPPC1;BIN2;IL2RB;CYBA;CD247
GO_Biological_Process_2023,Regulation Of Proteasomal Protein Catabolic Process (GO:0061136),2/53,0.033298022190603,0.129274674387047,0,0,7.340362560118387,24.973801939175644,UBB;PSME2
GO_Biological_Process_2023,Regulation Of Focal Adhesion Assembly (GO:0051893),2/54,0.0344591174305951,0.1324691387284121,0,0,7.198838896952105,24.24555737554133,RAC1;ACTG1
GO_Biological_Process_2023,Negative Regulation Of Gene Expression (GO:0010629),5/336,0.0356701317247241,0.1324691387284121,0,0,2.8687707153961224,9.562879605542571,SRGN;CCL3;GZMB;CALR;HAVCR2
GO_Biological_Process_2023,Negative Regulation Of Multicellular Organismal Process (GO:0051241),4/231,0.0366447622634661,0.1324691387284121,0,0,3.331921382582176,11.016947316949402,SRGN;ARHGDIB;EVL;CALR
GO_Biological_Process_2023,Regulation Of Dendritic Cell Chemotaxis (GO:2000508),1/7,0.0371984046126248,0.1324691387284121,0,0,30.97507788161994,101.9541406781754,CALR
GO_Biological_Process_2023,Regulation Of Dopamine Metabolic Process (GO:0042053),1/7,0.0371984046126248,0.1324691387284121,0,0,30.97507788161994,101.9541406781754,ITGB2
GO_Biological_Process_2023,Regulation Of Endodeoxyribonuclease Activity (GO:0032071),1/7,0.0371984046126248,0.1324691387284121,0,0,30.97507788161994,101.9541406781754,GZMA
GO_Biological_Process_2023,Negative Regulation Of Leukocyte Proliferation (GO:0070664),1/7,0.0371984046126248,0.1324691387284121,0,0,30.97507788161994,101.9541406781754,GSTP1
GO_Biological_Process_2023,Regulation Of Leukocyte Proliferation (GO:0070663),1/7,0.0371984046126248,0.1324691387284121,0,0,30.97507788161994,101.9541406781754,GSTP1
GO_Biological_Process_2023,Regulation Of Lipase Activity (GO:0060191),1/7,0.0371984046126248,0.1324691387284121,0,0,30.97507788161994,101.9541406781754,RHOC
GO_Biological_Process_2023,Cellular Response To Interleukin-2 (GO:0071352),1/7,0.0371984046126248,0.1324691387284121,0,0,30.97507788161994,101.9541406781754,IL2RB
GO_Biological_Process_2023,Cytochrome Complex Assembly (GO:0017004),1/7,0.0371984046126248,0.1324691387284121,0,0,30.97507788161994,101.9541406781754,CYBA
GO_Biological_Process_2023,Positive Regulation Of Calcium Ion Import (GO:0090280),1/7,0.0371984046126248,0.1324691387284121,0,0,30.97507788161994,101.9541406781754,CCL3
GO_Biological_Process_2023,Positive Regulation Of Dendritic Cell Chemotaxis (GO:2000510),1/7,0.0371984046126248,0.1324691387284121,0,0,30.97507788161994,101.9541406781754,CALR
GO_Biological_Process_2023,Positive Regulation Of Isomerase Activity (GO:0010912),1/7,0.0371984046126248,0.1324691387284121,0,0,30.97507788161994,101.9541406781754,ITGB2
GO_Biological_Process_2023,Positive Regulation Of Leukocyte Differentiation (GO:1902107),1/7,0.0371984046126248,0.1324691387284121,0,0,30.97507788161994,101.9541406781754,LGALS1
GO_Biological_Process_2023,Hepoxilin Biosynthetic Process (GO:0051122),1/7,0.0371984046126248,0.1324691387284121,0,0,30.97507788161994,101.9541406781754,GSTP1
GO_Biological_Process_2023,Hepoxilin Metabolic Process (GO:0051121),1/7,0.0371984046126248,0.1324691387284121,0,0,30.97507788161994,101.9541406781754,GSTP1
GO_Biological_Process_2023,Immunological Synapse Formation (GO:0001771),1/7,0.0371984046126248,0.1324691387284121,0,0,30.97507788161994,101.9541406781754,PRF1
GO_Biological_Process_2023,Inhibition Of Cysteine-Type Endopeptidase Activity (GO:0097340),1/7,0.0371984046126248,0.1324691387284121,0,0,30.97507788161994,101.9541406781754,CST7
GO_Biological_Process_2023,Positive Regulation Of Ryanodine-Sensitive Calcium-Release Channel Activity (GO:0060316),1/7,0.0371984046126248,0.1324691387284121,0,0,30.97507788161994,101.9541406781754,CALM1
GO_Biological_Process_2023,Interleukin-2-Mediated Signaling Pathway (GO:0038110),1/7,0.0371984046126248,0.1324691387284121,0,0,30.97507788161994,101.9541406781754,IL2RB
GO_Biological_Process_2023,Leukocyte Aggregation (GO:0070486),1/7,0.0371984046126248,0.1324691387284121,0,0,30.97507788161994,101.9541406781754,RAC2
GO_Biological_Process_2023,Negative Regulation Of T Cell Mediated Cytotoxicity (GO:0001915),1/7,0.0371984046126248,0.1324691387284121,0,0,30.97507788161994,101.9541406781754,KLRD1
GO_Biological_Process_2023,Regulation Of Protein Kinase B Signaling (GO:0051896),3/136,0.0374585232397423,0.1329173405281181,0,0,4.244683136412459,13.94175092140163,CX3CR1;CCL3;AKR1C3
GO_Biological_Process_2023,Positive Regulation Of Interleukin-1 Beta Production (GO:0032731),2/57,0.0380353321495564,0.1334617704710944,0,0,6.805145797598628,22.247653199383475,TYROBP;CCL3
GO_Biological_Process_2023,Monoatomic Anion Transport (GO:0006820),2/57,0.0380353321495564,0.1334617704710944,0,0,6.805145797598628,22.247653199383475,CLIC3;CLIC1
GO_Biological_Process_2023,Regulation Of Calcium Ion Transport (GO:0051924),2/57,0.0380353321495564,0.1334617704710944,0,0,6.805145797598628,22.247653199383475,CCL4;CCL3
GO_Biological_Process_2023,Protein Localization To Organelle (GO:0033365),3/137,0.0381511929730502,0.1334617704710944,0,0,4.212793176972282,13.759817707081377,LAMP1;ISG15;CALR
GO_Biological_Process_2023,Inorganic Anion Transport (GO:0015698),2/58,0.0392577217896764,0.136849100604858,0,0,6.683288409703504,21.637862144334814,CLIC3;CLIC1
GO_Biological_Process_2023,Mitotic Cytokinesis (GO:0000281),2/59,0.0404949454372152,0.1385324941172347,0,0,6.565706719629262,21.053451487686853,CFL1;RHOC
GO_Biological_Process_2023,Negative Regulation Of Cytokine-Mediated Signaling Pathway (GO:0001960),2/59,0.0404949454372152,0.1385324941172347,0,0,6.565706719629262,21.053451487686853,GSTP1;ISG15
GO_Biological_Process_2023,Regulation Of Inflammatory Response (GO:0050727),4/240,0.0412216781529369,0.1385324941172347,0,0,3.2033898305084745,10.2149406361724,LGALS1;CCL3;NKG7;AOAH
GO_Biological_Process_2023,Negative Regulation Of Peptidase Activity (GO:0010466),2/60,0.0417468105256925,0.1385324941172347,0,0,6.452179570592063,20.492975456919577,SERPINB1;CST7
GO_Biological_Process_2023,DNA Cytosine Deamination (GO:0070383),1/8,0.0423993391086082,0.1385324941172347,0,0,26.548731642189587,83.91051867901874,APOBEC3G
GO_Biological_Process_2023,Negative Regulation Of Long-Term Synaptic Potentiation (GO:1900272),1/8,0.0423993391086082,0.1385324941172347,0,0,26.548731642189587,83.91051867901874,TYROBP
GO_Biological_Process_2023,T Cell Mediated Cytotoxicity (GO:0001913),1/8,0.0423993391086082,0.1385324941172347,0,0,26.548731642189587,83.91051867901874,PRF1
GO_Biological_Process_2023,Regulation Of Interleukin-23 Production (GO:0032667),1/8,0.0423993391086082,0.1385324941172347,0,0,26.548731642189587,83.91051867901874,RAC1
GO_Biological_Process_2023,Regulation Of Intrinsic Apoptotic Signaling Pathway By P53 Class Mediator (GO:1902253),1/8,0.0423993391086082,0.1385324941172347,0,0,26.548731642189587,83.91051867901874,UBB
GO_Biological_Process_2023,Negative Regulation Of Regulated Secretory Pathway (GO:1903306),1/8,0.0423993391086082,0.1385324941172347,0,0,26.548731642189587,83.91051867901874,RAP1B
GO_Biological_Process_2023,Regulation Of Macrophage Migration (GO:1905521),1/8,0.0423993391086082,0.1385324941172347,0,0,26.548731642189587,83.91051867901874,CX3CR1
GO_Biological_Process_2023,Regulation Of Neutrophil Migration (GO:1902622),1/8,0.0423993391086082,0.1385324941172347,0,0,26.548731642189587,83.91051867901874,RAC2
GO_Biological_Process_2023,Nucleic Acid Transport (GO:0050657),1/8,0.0423993391086082,0.1385324941172347,0,0,26.548731642189587,83.91051867901874,HNRNPA2B1
GO_Biological_Process_2023,Regulation Of Tumor Necrosis Factor Superfamily Cytokine Production (GO:1903555),1/8,0.0423993391086082,0.1385324941172347,0,0,26.548731642189587,83.91051867901874,CX3CR1
GO_Biological_Process_2023,Sequestering Of Actin Monomers (GO:0042989),1/8,0.0423993391086082,0.1385324941172347,0,0,26.548731642189587,83.91051867901874,TMSB10
GO_Biological_Process_2023,Endosome To Melanosome Transport (GO:0035646),1/8,0.0423993391086082,0.1385324941172347,0,0,26.548731642189587,83.91051867901874,CD63
GO_Biological_Process_2023,Endosome To Pigment Granule Transport (GO:0043485),1/8,0.0423993391086082,0.1385324941172347,0,0,26.548731642189587,83.91051867901874,CD63
GO_Biological_Process_2023,Sphingosine-1-Phosphate Receptor Signaling Pathway (GO:0003376),1/8,0.0423993391086082,0.1385324941172347,0,0,26.548731642189587,83.91051867901874,RAC1
GO_Biological_Process_2023,Synapse Pruning (GO:0098883),1/8,0.0423993391086082,0.1385324941172347,0,0,26.548731642189587,83.91051867901874,CX3CR1
GO_Biological_Process_2023,Actin Filament Organization (GO:0007015),3/144,0.0431823486179759,0.1406267274072244,0,0,4.002228976697062,12.576298021922383,RAC2;EVL;RAC1
GO_Biological_Process_2023,Positive Regulation Of Programmed Cell Death (GO:0043068),4/245,0.0438987488236419,0.1424910207718215,0,0,3.1361315033514203,9.803137688580223,LGALS1;GZMA;PRF1;CTSD
GO_Biological_Process_2023,Response To Metal Ion (GO:0010038),2/64,0.0468968900675209,0.1476386024503696,0,0,6.034692635423006,18.4649761552462,CALM1;PPP1CA
GO_Biological_Process_2023,Positive Regulation Of Interleukin-1 Production (GO:0032732),2/64,0.0468968900675209,0.1476386024503696,0,0,6.034692635423006,18.4649761552462,TYROBP;CCL3
GO_Biological_Process_2023,Regulation Of High Voltage-Gated Calcium Channel Activity (GO:1901841),1/9,0.0475724385673413,0.1476386024503696,0,0,23.22897196261682,70.74387376718869,CALM1
GO_Biological_Process_2023,Negative Regulation Of Transforming Growth Factor Beta Production (GO:0071635),1/9,0.0475724385673413,0.1476386024503696,0,0,23.22897196261682,70.74387376718869,TYROBP
GO_Biological_Process_2023,Peptidyl-Serine Dephosphorylation (GO:0070262),1/9,0.0475724385673413,0.1476386024503696,0,0,23.22897196261682,70.74387376718869,PPP1CA
GO_Biological_Process_2023,Regulation Of Transmembrane Transporter Activity (GO:0022898),1/9,0.0475724385673413,0.1476386024503696,0,0,23.22897196261682,70.74387376718869,ACTB
GO_Biological_Process_2023,Cellular Response To Prostaglandin Stimulus (GO:0071379),1/9,0.0475724385673413,0.1476386024503696,0,0,23.22897196261682,70.74387376718869,AKR1C3
GO_Biological_Process_2023,Response To Type I Interferon (GO:0034340),1/9,0.0475724385673413,0.1476386024503696,0,0,23.22897196261682,70.74387376718869,ISG15
GO_Biological_Process_2023,Positive Regulation Of Lipase Activity (GO:0060193),1/9,0.0475724385673413,0.1476386024503696,0,0,23.22897196261682,70.74387376718869,RHOC
GO_Biological_Process_2023,Positive Regulation Of Myoblast Fusion (GO:1901741),1/9,0.0475724385673413,0.1476386024503696,0,0,23.22897196261682,70.74387376718869,CD53
GO_Biological_Process_2023,Positive Regulation Of Platelet Activation (GO:0010572),1/9,0.0475724385673413,0.1476386024503696,0,0,23.22897196261682,70.74387376718869,PLEK
GO_Biological_Process_2023,Ketone Biosynthetic Process (GO:0042181),1/9,0.0475724385673413,0.1476386024503696,0,0,23.22897196261682,70.74387376718869,TPI1
GO_Biological_Process_2023,Primary Alcohol Catabolic Process (GO:0034310),1/9,0.0475724385673413,0.1476386024503696,0,0,23.22897196261682,70.74387376718869,AKR1C3
GO_Biological_Process_2023,Motor Neuron Axon Guidance (GO:0008045),1/9,0.0475724385673413,0.1476386024503696,0,0,23.22897196261682,70.74387376718869,RAC1
GO_Biological_Process_2023,Cellular Response To Organic Cyclic Compound (GO:0071407),3/152,0.0493180990748277,0.1523581994375602,0,0,3.785810162991371,11.393259941940098,RAP1B;CCL3;ACTB
GO_Biological_Process_2023,Negative Regulation Of Immune Response (GO:0050777),2/66,0.0495548891099943,0.1523581994375602,0,0,5.845518867924528,17.563880621505387,FGR;HAVCR2
GO_Biological_Process_2023,Response To Reactive Oxygen Species (GO:0000302),2/66,0.0495548891099943,0.1523581994375602,0,0,5.845518867924528,17.563880621505387,PRDX5;GSTP1
GO_Biological_Process_2023,Peptidyl-Tyrosine Phosphorylation (GO:0018108),2/67,0.0509039863408983,0.1526043037264448,0,0,5.755297532656023,17.138205805076,FGR;ABI3
GO_Biological_Process_2023,Negative Regulation Of Natural Killer Cell Mediated Immunity (GO:0002716),1/10,0.0527178503782264,0.1526043037264448,0,0,20.64693665628245,60.75982922373895,KLRD1
GO_Biological_Process_2023,Rap Protein Signal Transduction (GO:0032486),1/10,0.0527178503782264,0.1526043037264448,0,0,20.64693665628245,60.75982922373895,RAP1B
GO_Biological_Process_2023,Negative Regulation Of Oxidoreductase Activity (GO:0051354),1/10,0.0527178503782264,0.1526043037264448,0,0,20.64693665628245,60.75982922373895,GZMA
GO_Biological_Process_2023,T Cell Chemotaxis (GO:0010818),1/10,0.0527178503782264,0.1526043037264448,0,0,20.64693665628245,60.75982922373895,CCL3
GO_Biological_Process_2023,Cellular Response To Interleukin-15 (GO:0071350),1/10,0.0527178503782264,0.1526043037264448,0,0,20.64693665628245,60.75982922373895,IL2RB
GO_Biological_Process_2023,Regulation Of Toll-Like Receptor 2 Signaling Pathway (GO:0034135),1/10,0.0527178503782264,0.1526043037264448,0,0,20.64693665628245,60.75982922373895,CYBA
GO_Biological_Process_2023,Positive Regulation Of Actin Filament Depolymerization (GO:0030836),1/10,0.0527178503782264,0.1526043037264448,0,0,20.64693665628245,60.75982922373895,PLEK
GO_Biological_Process_2023,Response To Corticosteroid (GO:0031960),1/10,0.0527178503782264,0.1526043037264448,0,0,20.64693665628245,60.75982922373895,AKR1C3
GO_Biological_Process_2023,Response To Sterol (GO:0036314),1/10,0.0527178503782264,0.1526043037264448,0,0,20.64693665628245,60.75982922373895,CCL3
GO_Biological_Process_2023,Sarcoplasmic Reticulum Calcium Ion Transport (GO:0070296),1/10,0.0527178503782264,0.1526043037264448,0,0,20.64693665628245,60.75982922373895,CCL3
GO_Biological_Process_2023,Engulfment Of Apoptotic Cell (GO:0043652),1/10,0.0527178503782264,0.1526043037264448,0,0,20.64693665628245,60.75982922373895,RAC1
GO_Biological_Process_2023,Positive Regulation Of Mitochondrial Outer Membrane Permeabilization Involved In Apoptotic Signaling Pathway (GO:1901030),1/10,0.0527178503782264,0.1526043037264448,0,0,20.64693665628245,60.75982922373895,GZMB
GO_Biological_Process_2023,Positive Regulation Of Protein Depolymerization (GO:1901881),1/10,0.0527178503782264,0.1526043037264448,0,0,20.64693665628245,60.75982922373895,PLEK
GO_Biological_Process_2023,Interleukin-15-Mediated Signaling Pathway (GO:0035723),1/10,0.0527178503782264,0.1526043037264448,0,0,20.64693665628245,60.75982922373895,IL2RB
GO_Biological_Process_2023,Lipoprotein Catabolic Process (GO:0042159),1/10,0.0527178503782264,0.1526043037264448,0,0,20.64693665628245,60.75982922373895,CTSD
GO_Biological_Process_2023,Protein Kinase C Signaling (GO:0070528),1/10,0.0527178503782264,0.1526043037264448,0,0,20.64693665628245,60.75982922373895,PLEK
GO_Biological_Process_2023,Muscle Filament Sliding (GO:0030049),1/10,0.0527178503782264,0.1526043037264448,0,0,20.64693665628245,60.75982922373895,MYL6
GO_Biological_Process_2023,Negative Regulation Of B Cell Proliferation (GO:0030889),1/10,0.0527178503782264,0.1526043037264448,0,0,20.64693665628245,60.75982922373895,TYROBP
GO_Biological_Process_2023,Regulation Of Biosynthetic Process (GO:0009889),1/10,0.0527178503782264,0.1526043037264448,0,0,20.64693665628245,60.75982922373895,GSTP1
GO_Biological_Process_2023,Positive Regulation Of Phosphatidylinositol 3-Kinase Signaling (GO:0014068),2/69,0.0536414762845533,0.1548252522498771,0,0,5.582934384680372,16.332498804556064,FGR;HCST
GO_Biological_Process_2023,Regulation Of Actin Filament Polymerization (GO:0030833),2/70,0.0550295135729942,0.1574543885470066,0,0,5.500554938956714,15.950980209409687,EVL;PFN1
GO_Biological_Process_2023,Regulation Of Actin Filament-Based Process (GO:0032970),2/70,0.0550295135729942,0.1574543885470066,0,0,5.500554938956714,15.950980209409687,BST2;RAC1
GO_Biological_Process_2023,Regulation Of Cellular Biosynthetic Process (GO:0031326),2/70,0.0550295135729942,0.1574543885470066,0,0,5.500554938956714,15.950980209409687,CX3CR1;RAC1
GO_Biological_Process_2023,Cell-Cell Junction Assembly (GO:0007043),2/71,0.0564301779810872,0.1590690627368283,0,0,5.420563303254033,15.582770822711105,RHOC;ACTG1
GO_Biological_Process_2023,Positive Regulation Of Cell-Substrate Adhesion (GO:0010811),2/71,0.0564301779810872,0.1590690627368283,0,0,5.420563303254033,15.582770822711105,RAC1;CALR
GO_Biological_Process_2023,Myeloid Leukocyte Differentiation (GO:0002573),2/71,0.0564301779810872,0.1590690627368283,0,0,5.420563303254033,15.582770822711105,TYROBP;UCP2
GO_Biological_Process_2023,Golgi To Lysosome Transport (GO:0090160),1/11,0.0578357212172233,0.1590690627368283,0,0,18.581308411214952,52.959491641957904,LAMP1
GO_Biological_Process_2023,Regulation Of Microtubule-Based Movement (GO:0060632),1/11,0.0578357212172233,0.1590690627368283,0,0,18.581308411214952,52.959491641957904,LAMP1
GO_Biological_Process_2023,Regulation Of Monocyte Chemotactic Protein-1 Production (GO:0071637),1/11,0.0578357212172233,0.1590690627368283,0,0,18.581308411214952,52.959491641957904,GSTP1
GO_Biological_Process_2023,Regulation Of Stress-Activated Protein Kinase Signaling Cascade (GO:0070302),1/11,0.0578357212172233,0.1590690627368283,0,0,18.581308411214952,52.959491641957904,GSTP1
GO_Biological_Process_2023,Cytidine To Uridine Editing (GO:0016554),1/11,0.0578357212172233,0.1590690627368283,0,0,18.581308411214952,52.959491641957904,APOBEC3G
GO_Biological_Process_2023,Glycerol Metabolic Process (GO:0006071),1/11,0.0578357212172233,0.1590690627368283,0,0,18.581308411214952,52.959491641957904,TPI1
GO_Biological_Process_2023,Macrophage Activation Involved In Immune Response (GO:0002281),1/11,0.0578357212172233,0.1590690627368283,0,0,18.581308411214952,52.959491641957904,TYROBP
GO_Biological_Process_2023,Macrophage Chemotaxis (GO:0048246),1/11,0.0578357212172233,0.1590690627368283,0,0,18.581308411214952,52.959491641957904,CCL3
GO_Biological_Process_2023,Regulation Of Actin Filament Depolymerization (GO:0030834),1/11,0.0578357212172233,0.1590690627368283,0,0,18.581308411214952,52.959491641957904,PLEK
GO_Biological_Process_2023,Regulation Of Cell Activation (GO:0050865),1/11,0.0578357212172233,0.1590690627368283,0,0,18.581308411214952,52.959491641957904,FCER1G
GO_Biological_Process_2023,Second-Messenger-Mediated Signaling (GO:0019932),2/72,0.0578432955406648,0.1590690627368283,0,0,5.342857142857143,15.227237564150975,FCGR3A;CCL3
GO_Biological_Process_2023,Positive Regulation Of Apoptotic Process (GO:0043065),4/270,0.0587189306812513,0.1605591109585939,0,0,2.8377674956622325,8.045051284677644,LGALS1;GZMA;CCL3;CTSD
GO_Biological_Process_2023,Positive Regulation Of Multicellular Organismal Process (GO:0051240),5/387,0.0587764056877873,0.1605591109585939,0,0,2.479286331520358,7.026334078666973,FGR;GLIPR2;CFL1;UCP2;ACTB
GO_Biological_Process_2023,Regulation Of Rho Protein Signal Transduction (GO:0035023),2/73,0.0592686937759916,0.1605591109585939,0,0,5.267339888386926,14.883785592800152,ARHGDIB;RAC1
GO_Biological_Process_2023,Regulation Of Plasma Membrane Bounded Cell Projection Assembly (GO:0120032),2/75,0.0621556496579174,0.1605591109585939,0,0,5.122512277074179,14.230920826249276,CAPZB;RAC1
GO_Biological_Process_2023,C4-dicarboxylate Transport (GO:0015740),1/12,0.062926197022156,0.1605591109585939,0,0,16.89124893797791,46.71769326233609,UCP2
GO_Biological_Process_2023,DNA Deamination (GO:0045006),1/12,0.062926197022156,0.1605591109585939,0,0,16.89124893797791,46.71769326233609,APOBEC3G
GO_Biological_Process_2023,Actin-Myosin Filament Sliding (GO:0033275),1/12,0.062926197022156,0.1605591109585939,0,0,16.89124893797791,46.71769326233609,MYL6
GO_Biological_Process_2023,Regulation Of Leukocyte Adhesion To Vascular Endothelial Cell (GO:1904994),1/12,0.062926197022156,0.1605591109585939,0,0,16.89124893797791,46.71769326233609,ITGB2
GO_Biological_Process_2023,Regulation Of Retinoic Acid Receptor Signaling Pathway (GO:0048385),1/12,0.062926197022156,0.1605591109585939,0,0,16.89124893797791,46.71769326233609,CALR
GO_Biological_Process_2023,Regulation Of Sensory Perception (GO:0051931),1/12,0.062926197022156,0.1605591109585939,0,0,16.89124893797791,46.71769326233609,CCL3
GO_Biological_Process_2023,Positive Regulation By Symbiont Of Entry Into Host (GO:0075294),1/12,0.062926197022156,0.1605591109585939,0,0,16.89124893797791,46.71769326233609,LGALS1
GO_Biological_Process_2023,Positive Regulation Of T Cell Chemotaxis (GO:0010820),1/12,0.062926197022156,0.1605591109585939,0,0,16.89124893797791,46.71769326233609,XCL2
GO_Biological_Process_2023,Positive Regulation Of Calcium-Mediated Signaling (GO:0050850),1/12,0.062926197022156,0.1605591109585939,0,0,16.89124893797791,46.71769326233609,CCL4
GO_Biological_Process_2023,Defense Response To Tumor Cell (GO:0002357),1/12,0.062926197022156,0.1605591109585939,0,0,16.89124893797791,46.71769326233609,PRF1
GO_Biological_Process_2023,Detection Of Bacterium (GO:0016045),1/12,0.062926197022156,0.1605591109585939,0,0,16.89124893797791,46.71769326233609,HLA-B
GO_Biological_Process_2023,Positive Regulation Of Cellular Extravasation (GO:0002693),1/12,0.062926197022156,0.1605591109585939,0,0,16.89124893797791,46.71769326233609,CD99
GO_Biological_Process_2023,Positive Regulation Of Protein Localization To Cell Surface (GO:2000010),1/12,0.062926197022156,0.1605591109585939,0,0,16.89124893797791,46.71769326233609,TYROBP
GO_Biological_Process_2023,Positive Regulation Of Reactive Oxygen Species Biosynthetic Process (GO:1903428),1/12,0.062926197022156,0.1605591109585939,0,0,16.89124893797791,46.71769326233609,CYBA
GO_Biological_Process_2023,Positive Regulation Of Ruffle Assembly (GO:1900029),1/12,0.062926197022156,0.1605591109585939,0,0,16.89124893797791,46.71769326233609,PFN1
GO_Biological_Process_2023,Positive Regulation Of Viral Entry Into Host Cell (GO:0046598),1/12,0.062926197022156,0.1605591109585939,0,0,16.89124893797791,46.71769326233609,LGALS1
GO_Biological_Process_2023,Primary miRNA Processing (GO:0031053),1/12,0.062926197022156,0.1605591109585939,0,0,16.89124893797791,46.71769326233609,HNRNPA2B1
GO_Biological_Process_2023,Macrophage Migration (GO:1905517),1/12,0.062926197022156,0.1605591109585939,0,0,16.89124893797791,46.71769326233609,CCL3
GO_Biological_Process_2023,Morphogenesis Of A Polarized Epithelium (GO:0001738),1/12,0.062926197022156,0.1605591109585939,0,0,16.89124893797791,46.71769326233609,ACTG1
GO_Biological_Process_2023,Negative Regulation By Host Of Viral Transcription (GO:0043922),1/12,0.062926197022156,0.1605591109585939,0,0,16.89124893797791,46.71769326233609,CCL4
GO_Biological_Process_2023,Negative Regulation Of JUN Kinase Activity (GO:0043508),1/12,0.062926197022156,0.1605591109585939,0,0,16.89124893797791,46.71769326233609,GSTP1
GO_Biological_Process_2023,Regulation Of Actomyosin Structure Organization (GO:0110020),1/12,0.062926197022156,0.1605591109585939,0,0,16.89124893797791,46.71769326233609,RAC1
GO_Biological_Process_2023,Negative Regulation Of Alcohol Biosynthetic Process (GO:1902931),1/12,0.062926197022156,0.1605591109585939,0,0,16.89124893797791,46.71769326233609,PLEK
GO_Biological_Process_2023,Regulation Of Cell Communication By Electrical Coupling (GO:0010649),1/12,0.062926197022156,0.1605591109585939,0,0,16.89124893797791,46.71769326233609,CALM1
GO_Biological_Process_2023,Positive Regulation Of Interleukin-6 Production (GO:0032755),2/76,0.0636168696434223,0.1619041155449565,0,0,5.053034166241713,13.92048557267431,TYROBP;CYBA
GO_Biological_Process_2023,Regulation Of Immune Response (GO:0050776),2/77,0.0650896949679921,0.1647648092701529,0,0,4.985408805031447,13.620082203899694,FGR;FCGR3A
GO_Biological_Process_2023,Chloride Transport (GO:0006821),2/77,0.0650896949679921,0.1647648092701529,0,0,4.985408805031447,13.620082203899694,CLIC3;CLIC1
GO_Biological_Process_2023,Regulation Of Innate Immune Response (GO:0045088),2/78,0.0665739603562216,0.1647648092701529,0,0,4.919563058589871,13.32926960927718,FGR;SH2D1B
GO_Biological_Process_2023,Negative Regulation Of Neuroinflammatory Response (GO:0150079),1/13,0.0679894229711755,0.1647648092701529,0,0,15.482866043613708,41.62418553992519,CST7
GO_Biological_Process_2023,Regulation Of Lamellipodium Organization (GO:1902743),1/13,0.0679894229711755,0.1647648092701529,0,0,15.482866043613708,41.62418553992519,RAC1
GO_Biological_Process_2023,Regulation Of Leukocyte Migration (GO:0002685),1/13,0.0679894229711755,0.1647648092701529,0,0,15.482866043613708,41.62418553992519,RAC2
GO_Biological_Process_2023,Antigen Processing And Presentation Of Endogenous Peptide Antigen Via MHC Class I Via ER Pathway (GO:0002484),1/13,0.0679894229711755,0.1647648092701529,0,0,15.482866043613708,41.62418553992519,HLA-B
GO_Biological_Process_2023,"Antigen Processing And Presentation Of Endogenous Peptide Antigen Via MHC Class I Via ER Pathway, TAP-independent (GO:0002486)",1/13,0.0679894229711755,0.1647648092701529,0,0,15.482866043613708,41.62418553992519,HLA-B
GO_Biological_Process_2023,Antigen Processing And Presentation Of Endogenous Peptide Antigen Via MHC Class Ib (GO:0002476),1/13,0.0679894229711755,0.1647648092701529,0,0,15.482866043613708,41.62418553992519,HLA-B
GO_Biological_Process_2023,Antigen Processing And Presentation Of Peptide Antigen Via MHC Class Ib (GO:0002428),1/13,0.0679894229711755,0.1647648092701529,0,0,15.482866043613708,41.62418553992519,HLA-B
GO_Biological_Process_2023,Regulation Of Myoblast Fusion (GO:1901739),1/13,0.0679894229711755,0.1647648092701529,0,0,15.482866043613708,41.62418553992519,CD53
GO_Biological_Process_2023,Regulation Of Nitric-Oxide Synthase Biosynthetic Process (GO:0051769),1/13,0.0679894229711755,0.1647648092701529,0,0,15.482866043613708,41.62418553992519,GSTP1
GO_Biological_Process_2023,Regulation Of Oxidoreductase Activity (GO:0051341),1/13,0.0679894229711755,0.1647648092701529,0,0,15.482866043613708,41.62418553992519,GZMA
GO_Biological_Process_2023,Glutamine Metabolic Process (GO:0006541),1/13,0.0679894229711755,0.1647648092701529,0,0,15.482866043613708,41.62418553992519,UCP2
GO_Biological_Process_2023,Immune Response-Regulating Cell Surface Receptor Signaling Pathway (GO:0002768),1/13,0.0679894229711755,0.1647648092701529,0,0,15.482866043613708,41.62418553992519,FGR
GO_Biological_Process_2023,Microvillus Organization (GO:0032528),1/13,0.0679894229711755,0.1647648092701529,0,0,15.482866043613708,41.62418553992519,RAP1B
GO_Biological_Process_2023,Mitochondrial Fission (GO:0000266),1/13,0.0679894229711755,0.1647648092701529,0,0,15.482866043613708,41.62418553992519,UCP2
GO_Biological_Process_2023,Purine Ribonucleoside Bisphosphate Metabolic Process (GO:0034035),1/13,0.0679894229711755,0.1647648092701529,0,0,15.482866043613708,41.62418553992519,TPST2
GO_Biological_Process_2023,Regulation Of T Cell Chemotaxis (GO:0010819),1/13,0.0679894229711755,0.1647648092701529,0,0,15.482866043613708,41.62418553992519,XCL2
GO_Biological_Process_2023,Positive Regulation Of Protein Localization To Membrane (GO:1905477),2/79,0.0680695020116086,0.1647648092701529,0,0,4.855427591276648,13.047631300213183,ITGB2;GZMB
GO_Biological_Process_2023,Positive Regulation Of Immune Response (GO:0050778),2/80,0.0695761575024931,0.1680009656767517,0,0,4.792936623125303,12.774773753917486,ITGB2;SH2D1B
GO_Biological_Process_2023,Cytoskeleton-Dependent Cytokinesis (GO:0061640),2/81,0.0710937658008508,0.1709108465135873,0,0,4.732027704800573,12.510324877095648,CFL1;RHOC
GO_Biological_Process_2023,Negative Regulation Of Apoptotic Signaling Pathway (GO:2001234),2/82,0.072622167258113,0.1709108465135873,0,0,4.672641509433962,12.253932594189273,CX3CR1;GSTP1
GO_Biological_Process_2023,Regulation Of Establishment Of Protein Localization (GO:0070201),1/14,0.0730255435103509,0.1709108465135873,0,0,14.291157440690151,37.39918712739953,CTSD
GO_Biological_Process_2023,Negative Regulation Of Peptidyl-Threonine Phosphorylation (GO:0010801),1/14,0.0730255435103509,0.1709108465135873,0,0,14.291157440690151,37.39918712739953,CALM1
GO_Biological_Process_2023,Negative Regulation Of Single Stranded Viral RNA Replication Via Double Stranded DNA Intermediate (GO:0045869),1/14,0.0730255435103509,0.1709108465135873,0,0,14.291157440690151,37.39918712739953,APOBEC3G
GO_Biological_Process_2023,Regulation Of Mast Cell Degranulation (GO:0043304),1/14,0.0730255435103509,0.1709108465135873,0,0,14.291157440690151,37.39918712739953,FGR
GO_Biological_Process_2023,Regulation Of Microglial Cell Activation (GO:1903978),1/14,0.0730255435103509,0.1709108465135873,0,0,14.291157440690151,37.39918712739953,CST7
GO_Biological_Process_2023,Regulation Of Sensory Perception Of Pain (GO:0051930),1/14,0.0730255435103509,0.1709108465135873,0,0,14.291157440690151,37.39918712739953,CCL3
GO_Biological_Process_2023,Regulation Of Transposition (GO:0010528),1/14,0.0730255435103509,0.1709108465135873,0,0,14.291157440690151,37.39918712739953,APOBEC3G
GO_Biological_Process_2023,Formation Of Cytoplasmic Translation Initiation Complex (GO:0001732),1/14,0.0730255435103509,0.1709108465135873,0,0,14.291157440690151,37.39918712739953,EIF3G
GO_Biological_Process_2023,Microvillus Assembly (GO:0030033),1/14,0.0730255435103509,0.1709108465135873,0,0,14.291157440690151,37.39918712739953,RAP1B
GO_Biological_Process_2023,Mitochondrion Transport Along Microtubule (GO:0047497),1/14,0.0730255435103509,0.1709108465135873,0,0,14.291157440690151,37.39918712739953,UBB
GO_Biological_Process_2023,Negative Regulation Of T Cell Mediated Immunity (GO:0002710),1/14,0.0730255435103509,0.1709108465135873,0,0,14.291157440690151,37.39918712739953,KLRD1
GO_Biological_Process_2023,Calcium-Mediated Signaling (GO:0019722),2/85,0.0772705548558434,0.1784165249997147,0,0,4.503068879290748,11.529848111846926,FCGR3A;CCL3
GO_Biological_Process_2023,Positive Regulation Of Endothelial Cell Migration (GO:0010595),2/85,0.0772705548558434,0.1784165249997147,0,0,4.503068879290748,11.529848111846926,RAC1;CALR
GO_Biological_Process_2023,3'-Phosphoadenosine 5'-Phosphosulfate Metabolic Process (GO:0050427),1/15,0.07803470234836,0.1784165249997147,0,0,13.269692923898532,33.84570065779822,TPST2
GO_Biological_Process_2023,Negative Regulation Of Immune Effector Process (GO:0002698),1/15,0.07803470234836,0.1784165249997147,0,0,13.269692923898532,33.84570065779822,HAVCR2
GO_Biological_Process_2023,Negative Regulation Of Macrophage Activation (GO:0043031),1/15,0.07803470234836,0.1784165249997147,0,0,13.269692923898532,33.84570065779822,CST7
GO_Biological_Process_2023,Negative Regulation Of Type I Interferon-Mediated Signaling Pathway (GO:0060339),1/15,0.07803470234836,0.1784165249997147,0,0,13.269692923898532,33.84570065779822,ISG15
GO_Biological_Process_2023,Defense Response To Protozoan (GO:0042832),1/15,0.07803470234836,0.1784165249997147,0,0,13.269692923898532,33.84570065779822,NKG7
GO_Biological_Process_2023,Positive Regulation Of Cell Activation (GO:0050867),1/15,0.07803470234836,0.1784165249997147,0,0,13.269692923898532,33.84570065779822,PLEK
GO_Biological_Process_2023,Epiboly Involved In Wound Healing (GO:0090505),1/15,0.07803470234836,0.1784165249997147,0,0,13.269692923898532,33.84570065779822,RHOC
GO_Biological_Process_2023,Protein Localization To Cell-Cell Junction (GO:0150105),1/15,0.07803470234836,0.1784165249997147,0,0,13.269692923898532,33.84570065779822,ACTG1
GO_Biological_Process_2023,Negative Regulation Of Binding (GO:0051100),2/86,0.0788405599840855,0.1798436736964163,0,0,4.449236298292902,11.30251818539782,GZMA;PPP1CA
GO_Biological_Process_2023,Regulation Of Type II Interferon Production (GO:0032649),2/87,0.0804205805055144,0.183026148736688,0,0,4.396670366259712,11.08174240768644,ISG15;HAVCR2
GO_Biological_Process_2023,Regulation Of Endothelial Cell Migration (GO:0010594),2/88,0.0820104649207089,0.183863248306393,0,0,4.345326897762177,10.8672646213839,RAC1;CALR
GO_Biological_Process_2023,Negative Regulation Of Inflammatory Response To Antigenic Stimulus (GO:0002862),1/16,0.0830170424171289,0.183863248306393,0,0,12.38442367601246,30.821231144674936,FGR
GO_Biological_Process_2023,Negative Regulation Of Interleukin-10 Production (GO:0032693),1/16,0.0830170424171289,0.183863248306393,0,0,12.38442367601246,30.821231144674936,TYROBP
GO_Biological_Process_2023,Antifungal Innate Immune Response (GO:0061760),1/16,0.0830170424171289,0.183863248306393,0,0,12.38442367601246,30.821231144674936,CX3CR1
GO_Biological_Process_2023,Cellular Response To Fatty Acid (GO:0071398),1/16,0.0830170424171289,0.183863248306393,0,0,12.38442367601246,30.821231144674936,AKR1C3
GO_Biological_Process_2023,Retinal Metabolic Process (GO:0042574),1/16,0.0830170424171289,0.183863248306393,0,0,12.38442367601246,30.821231144674936,AKR1C3
GO_Biological_Process_2023,Lymphocyte Mediated Immunity (GO:0002449),1/16,0.0830170424171289,0.183863248306393,0,0,12.38442367601246,30.821231144674936,KLRD1
GO_Biological_Process_2023,Protein Localization To Mitochondrion (GO:0070585),1/16,0.0830170424171289,0.183863248306393,0,0,12.38442367601246,30.821231144674936,ISG15
GO_Biological_Process_2023,Negative Regulation Of RNA Biosynthetic Process (GO:1902679),1/16,0.0830170424171289,0.183863248306393,0,0,12.38442367601246,30.821231144674936,APOBEC3G
GO_Biological_Process_2023,Negative Regulation Of Biosynthetic Process (GO:0009890),1/16,0.0830170424171289,0.183863248306393,0,0,12.38442367601246,30.821231144674936,GSTP1
GO_Biological_Process_2023,Regulation Of Cardiac Muscle Contraction By Regulation Of The Release Of Sequestered Calcium Ion (GO:0010881),1/16,0.0830170424171289,0.183863248306393,0,0,12.38442367601246,30.821231144674936,CALM1
GO_Biological_Process_2023,Negative Regulation Of Chemokine Production (GO:0032682),1/16,0.0830170424171289,0.183863248306393,0,0,12.38442367601246,30.821231144674936,GSTP1
GO_Biological_Process_2023,Regulation Of Phosphatidylinositol 3-Kinase Signaling (GO:0014066),2/90,0.0852192258283789,0.1881057859751952,0,0,4.246140651801029,10.45624116136443,FGR;HCST
GO_Biological_Process_2023,Regulation Of Signal Transduction (GO:0009966),3/193,0.0868305946851613,0.1881057859751952,0,0,2.962706766917293,7.240251675253812,CD63;AKR1C3;IGFBP7
GO_Biological_Process_2023,Positive Regulation Of MAPK Cascade (GO:0043410),4/310,0.0872842131042949,0.1881057859751952,0,0,2.461789844142785,6.003285430302854,GLIPR2;CCL4;XCL2;CCL3
GO_Biological_Process_2023,Negative Regulation Of Fibroblast Proliferation (GO:0048147),1/17,0.0879727059661771,0.1881057859751952,0,0,11.60981308411215,28.22030554114064,GSTP1
GO_Biological_Process_2023,Negative Regulation Of Leukocyte Activation (GO:0002695),1/17,0.0879727059661771,0.1881057859751952,0,0,11.60981308411215,28.22030554114064,HAVCR2
GO_Biological_Process_2023,Regulation Of Establishment Of Cell Polarity (GO:2000114),1/17,0.0879727059661771,0.1881057859751952,0,0,11.60981308411215,28.22030554114064,RAP1B
GO_Biological_Process_2023,Golgi To Vacuole Transport (GO:0006896),1/17,0.0879727059661771,0.1881057859751952,0,0,11.60981308411215,28.22030554114064,LAMP1
GO_Biological_Process_2023,Rac Protein Signal Transduction (GO:0016601),1/17,0.0879727059661771,0.1881057859751952,0,0,11.60981308411215,28.22030554114064,RAC1
GO_Biological_Process_2023,Regulation Of Inflammatory Response To Antigenic Stimulus (GO:0002861),1/17,0.0879727059661771,0.1881057859751952,0,0,11.60981308411215,28.22030554114064,FGR
GO_Biological_Process_2023,Base Conversion Or Substitution Editing (GO:0016553),1/17,0.0879727059661771,0.1881057859751952,0,0,11.60981308411215,28.22030554114064,APOBEC3G
GO_Biological_Process_2023,Peptidyl-Threonine Dephosphorylation (GO:0035970),1/17,0.0879727059661771,0.1881057859751952,0,0,11.60981308411215,28.22030554114064,PPP1CA
GO_Biological_Process_2023,Regulation Of Single Stranded Viral RNA Replication Via Double Stranded DNA Intermediate (GO:0045091),1/17,0.0879727059661771,0.1881057859751952,0,0,11.60981308411215,28.22030554114064,APOBEC3G
GO_Biological_Process_2023,Regulation Of Telomere Maintenance Via Telomere Lengthening (GO:1904356),1/17,0.0879727059661771,0.1881057859751952,0,0,11.60981308411215,28.22030554114064,HNRNPA2B1
GO_Biological_Process_2023,Positive Regulation By Host Of Viral Process (GO:0044794),1/17,0.0879727059661771,0.1881057859751952,0,0,11.60981308411215,28.22030554114064,CFL1
GO_Biological_Process_2023,Positive Regulation Of Leukocyte Adhesion To Vascular Endothelial Cell (GO:1904996),1/17,0.0879727059661771,0.1881057859751952,0,0,11.60981308411215,28.22030554114064,ITGB2
GO_Biological_Process_2023,Leukocyte Tethering Or Rolling (GO:0050901),1/17,0.0879727059661771,0.1881057859751952,0,0,11.60981308411215,28.22030554114064,CX3CR1
GO_Biological_Process_2023,Regulation Of Programmed Cell Death (GO:0043067),3/195,0.0889019195005047,0.1896829747963355,0,0,2.931547619047619,7.094994707852537,LGALS1;CALR;ACTB
GO_Biological_Process_2023,Negative Regulation Of Amide Metabolic Process (GO:0034249),2/93,0.090102633203252,0.1918314126262785,0,0,4.105535973460502,9.8812281602883,GZMB;CALR
GO_Biological_Process_2023,Vesicle Organization (GO:0016050),2/94,0.0917485918082608,0.192010054447124,0,0,4.06070549630845,9.699819970882064,SRGN;TRAPPC1
GO_Biological_Process_2023,Regulation Of Establishment Or Maintenance Of Cell Polarity (GO:0032878),1/18,0.0929018344244166,0.192010054447124,0,0,10.926333150082463,25.96328271398022,RAP1B
GO_Biological_Process_2023,Actin Filament Capping (GO:0051693),1/18,0.0929018344244166,0.192010054447124,0,0,10.926333150082463,25.96328271398022,CAPZB
GO_Biological_Process_2023,Regulation Of Lymphocyte Activation (GO:0051249),1/18,0.0929018344244166,0.192010054447124,0,0,10.926333150082463,25.96328271398022,KLRD1
GO_Biological_Process_2023,Barbed-End Actin Filament Capping (GO:0051016),1/18,0.0929018344244166,0.192010054447124,0,0,10.926333150082463,25.96328271398022,CAPZB
GO_Biological_Process_2023,Regulation Of Synaptic Vesicle Exocytosis (GO:2000300),1/18,0.0929018344244166,0.192010054447124,0,0,10.926333150082463,25.96328271398022,RAP1B
GO_Biological_Process_2023,Response To Axon Injury (GO:0048678),1/18,0.0929018344244166,0.192010054447124,0,0,10.926333150082463,25.96328271398022,TYROBP
GO_Biological_Process_2023,Response To Cholesterol (GO:0070723),1/18,0.0929018344244166,0.192010054447124,0,0,10.926333150082463,25.96328271398022,CCL3
GO_Biological_Process_2023,Positive Regulation Of Focal Adhesion Assembly (GO:0051894),1/18,0.0929018344244166,0.192010054447124,0,0,10.926333150082463,25.96328271398022,RAC1
GO_Biological_Process_2023,Positive Regulation Of Macrophage Migration (GO:1905523),1/18,0.0929018344244166,0.192010054447124,0,0,10.926333150082463,25.96328271398022,CCL3
GO_Biological_Process_2023,Positive Regulation Of Nervous System Process (GO:0031646),1/18,0.0929018344244166,0.192010054447124,0,0,10.926333150082463,25.96328271398022,CST7
GO_Biological_Process_2023,Positive Regulation Of Neuroblast Proliferation (GO:0002052),1/18,0.0929018344244166,0.192010054447124,0,0,10.926333150082463,25.96328271398022,CX3CR1
GO_Biological_Process_2023,Positive Regulation Of Osteoclast Differentiation (GO:0045672),1/18,0.0929018344244166,0.192010054447124,0,0,10.926333150082463,25.96328271398022,TYROBP
GO_Biological_Process_2023,Positive Regulation Of Phosphoprotein Phosphatase Activity (GO:0032516),1/18,0.0929018344244166,0.192010054447124,0,0,10.926333150082463,25.96328271398022,CALM1
GO_Biological_Process_2023,COPII Vesicle Coating (GO:0048208),1/19,0.0978045685552119,0.1976051487135913,0,0,10.318795430944965,23.9889704117679,TRAPPC1
GO_Biological_Process_2023,Regulation Of Integrin-Mediated Signaling Pathway (GO:2001044),1/19,0.0978045685552119,0.1976051487135913,0,0,10.318795430944965,23.9889704117679,CD63
GO_Biological_Process_2023,Regulation Of Vascular Endothelial Growth Factor Signaling Pathway (GO:1900746),1/19,0.0978045685552119,0.1976051487135913,0,0,10.318795430944965,23.9889704117679,CD63
GO_Biological_Process_2023,Cortical Actin Cytoskeleton Organization (GO:0030866),1/19,0.0978045685552119,0.1976051487135913,0,0,10.318795430944965,23.9889704117679,PLEK
GO_Biological_Process_2023,Superoxide Anion Generation (GO:0042554),1/19,0.0978045685552119,0.1976051487135913,0,0,10.318795430944965,23.9889704117679,CYBA
GO_Biological_Process_2023,"Vesicle Targeting, Rough ER To cis-Golgi (GO:0048207)",1/19,0.0978045685552119,0.1976051487135913,0,0,10.318795430944965,23.9889704117679,TRAPPC1
GO_Biological_Process_2023,Leukocyte Adhesion To Vascular Endothelial Cell (GO:0061756),1/19,0.0978045685552119,0.1976051487135913,0,0,10.318795430944965,23.9889704117679,CX3CR1
GO_Biological_Process_2023,Linoleic Acid Metabolic Process (GO:0043651),1/19,0.0978045685552119,0.1976051487135913,0,0,10.318795430944965,23.9889704117679,GSTP1
GO_Biological_Process_2023,Receptor Clustering (GO:0043113),1/19,0.0978045685552119,0.1976051487135913,0,0,10.318795430944965,23.9889704117679,ITGB2
GO_Biological_Process_2023,Regulation Of Acute Inflammatory Response (GO:0002673),1/19,0.0978045685552119,0.1976051487135913,0,0,10.318795430944965,23.9889704117679,GSTP1
GO_Biological_Process_2023,Regulation Of Behavior (GO:0050795),1/19,0.0978045685552119,0.1976051487135913,0,0,10.318795430944965,23.9889704117679,CCL3
GO_Biological_Process_2023,Fc-gamma Receptor Signaling Pathway Involved In Phagocytosis (GO:0038096),1/20,0.1026810483364275,0.2020959003043007,0,0,9.775209050664044,22.249624223401657,FGR
GO_Biological_Process_2023,Regulation Of Fibroblast Migration (GO:0010762),1/20,0.1026810483364275,0.2020959003043007,0,0,9.775209050664044,22.249624223401657,RAC1
GO_Biological_Process_2023,Negative Regulation Of Phosphate Metabolic Process (GO:0045936),1/20,0.1026810483364275,0.2020959003043007,0,0,9.775209050664044,22.249624223401657,PLEK
GO_Biological_Process_2023,T Cell Mediated Immunity (GO:0002456),1/20,0.1026810483364275,0.2020959003043007,0,0,9.775209050664044,22.249624223401657,PRF1
GO_Biological_Process_2023,Regulation Of Protein Localization To Cell Periphery (GO:1904375),1/20,0.1026810483364275,0.2020959003043007,0,0,9.775209050664044,22.249624223401657,ACTB
GO_Biological_Process_2023,Cell Projection Organization (GO:0030030),1/20,0.1026810483364275,0.2020959003043007,0,0,9.775209050664044,22.249624223401657,PLEK
GO_Biological_Process_2023,Positive Regulation Of Embryonic Development (GO:0040019),1/20,0.1026810483364275,0.2020959003043007,0,0,9.775209050664044,22.249624223401657,CFL1
GO_Biological_Process_2023,Endothelial Cell Development (GO:0001885),1/20,0.1026810483364275,0.2020959003043007,0,0,9.775209050664044,22.249624223401657,RAP1B
GO_Biological_Process_2023,Hydrogen Peroxide Catabolic Process (GO:0042744),1/20,0.1026810483364275,0.2020959003043007,0,0,9.775209050664044,22.249624223401657,PRDX5
GO_Biological_Process_2023,Lipopolysaccharide-Mediated Signaling Pathway (GO:0031663),1/20,0.1026810483364275,0.2020959003043007,0,0,9.775209050664044,22.249624223401657,CCL3
GO_Biological_Process_2023,Negative Regulation Of B Cell Activation (GO:0050869),1/20,0.1026810483364275,0.2020959003043007,0,0,9.775209050664044,22.249624223401657,TYROBP
GO_Biological_Process_2023,Regulation Of Calcium Ion Import (GO:0090279),1/20,0.1026810483364275,0.2020959003043007,0,0,9.775209050664044,22.249624223401657,CCL3
GO_Biological_Process_2023,Regulation Of Cardiac Muscle Contraction By Calcium Ion Signaling (GO:0010882),1/20,0.1026810483364275,0.2020959003043007,0,0,9.775209050664044,22.249624223401657,CALM1
GO_Biological_Process_2023,Calcium Ion Homeostasis (GO:0055074),2/102,0.1052227719094245,0.2066875876792268,0,0,3.734339622641509,8.40852118294124,CCL3;CALR
GO_Biological_Process_2023,Negative Regulation Of Interleukin-2 Production (GO:0032703),1/21,0.107531413032235,0.2079220681677982,0,0,9.285981308411214,20.707480723217916,HAVCR2
GO_Biological_Process_2023,Negative Regulation Of Osteoclast Differentiation (GO:0045671),1/21,0.107531413032235,0.2079220681677982,0,0,9.285981308411214,20.707480723217916,CCL3
GO_Biological_Process_2023,Negative Regulation Of Tumor Necrosis Factor-Mediated Signaling Pathway (GO:0010804),1/21,0.107531413032235,0.2079220681677982,0,0,9.285981308411214,20.707480723217916,GSTP1
GO_Biological_Process_2023,Antigen Processing And Presentation Of Endogenous Peptide Antigen (GO:0002483),1/21,0.107531413032235,0.2079220681677982,0,0,9.285981308411214,20.707480723217916,HLA-B
GO_Biological_Process_2023,Retrotransposon Silencing (GO:0010526),1/21,0.107531413032235,0.2079220681677982,0,0,9.285981308411214,20.707480723217916,APOBEC3G
GO_Biological_Process_2023,Positive Regulation Of Signal Transduction By P53 Class Mediator (GO:1901798),1/21,0.107531413032235,0.2079220681677982,0,0,9.285981308411214,20.707480723217916,UBB
GO_Biological_Process_2023,Lipid Catabolic Process (GO:0016042),1/21,0.107531413032235,0.2079220681677982,0,0,9.285981308411214,20.707480723217916,AOAH
GO_Biological_Process_2023,Macrophage Differentiation (GO:0030225),1/21,0.107531413032235,0.2079220681677982,0,0,9.285981308411214,20.707480723217916,UCP2
GO_Biological_Process_2023,Regulation Of GTPase Activity (GO:0043087),3/214,0.1095822925672852,0.2114681429262593,0,0,2.664996614759648,5.892519333663631,CCL4;XCL2;CCL3
GO_Biological_Process_2023,Regulation Of Neuron Apoptotic Process (GO:0043523),2/105,0.1104070734077805,0.2114681429262593,0,0,3.625022897966661,7.988031859725906,UBB;CCL3
GO_Biological_Process_2023,Cellular Response To Organonitrogen Compound (GO:0071417),2/105,0.1104070734077805,0.2114681429262593,0,0,3.625022897966661,7.988031859725906,RAP1B;ACTB
GO_Biological_Process_2023,Response To Calcium Ion (GO:0051592),2/106,0.1121500515418923,0.2114681429262593,0,0,3.5899854862119014,7.854592279813658,AKR1C3;CALM1
GO_Biological_Process_2023,Fc-epsilon Receptor Signaling Pathway (GO:0038095),1/22,0.1123558011911236,0.2114681429262593,0,0,8.84334668446818,19.332304412306986,FCER1G
GO_Biological_Process_2023,Organelle Fission (GO:0048285),1/22,0.1123558011911236,0.2114681429262593,0,0,8.84334668446818,19.332304412306986,UCP2
GO_Biological_Process_2023,Oxoacid Metabolic Process (GO:0043436),1/22,0.1123558011911236,0.2114681429262593,0,0,8.84334668446818,19.332304412306986,TPST2
GO_Biological_Process_2023,Regulation Of Release Of Sequestered Calcium Ion Into Cytosol By Sarcoplasmic Reticulum (GO:0010880),1/22,0.1123558011911236,0.2114681429262593,0,0,8.84334668446818,19.332304412306986,CALM1
GO_Biological_Process_2023,Positive Regulation Of Protein Autophosphorylation (GO:0031954),1/22,0.1123558011911236,0.2114681429262593,0,0,8.84334668446818,19.332304412306986,CALM1
GO_Biological_Process_2023,Positive Regulation Of Receptor Internalization (GO:0002092),1/22,0.1123558011911236,0.2114681429262593,0,0,8.84334668446818,19.332304412306986,CD63
GO_Biological_Process_2023,Positive Regulation Of Viral Life Cycle (GO:1903902),1/22,0.1123558011911236,0.2114681429262593,0,0,8.84334668446818,19.332304412306986,LGALS1
GO_Biological_Process_2023,Protein Neddylation (GO:0045116),1/22,0.1123558011911236,0.2114681429262593,0,0,8.84334668446818,19.332304412306986,UBE2F
GO_Biological_Process_2023,Modulation By Host Of Viral Process (GO:0044788),1/22,0.1123558011911236,0.2114681429262593,0,0,8.84334668446818,19.332304412306986,CFL1
GO_Biological_Process_2023,Negative Regulation Of G Protein-Coupled Receptor Signaling Pathway (GO:0045744),1/22,0.1123558011911236,0.2114681429262593,0,0,8.84334668446818,19.332304412306986,PLEK
GO_Biological_Process_2023,Negative Regulation Of Translation (GO:0017148),2/107,0.1139002540395629,0.2139682191635053,0,0,3.5556154537286613,7.724333424835294,GZMB;CALR
GO_Biological_Process_2023,Negative Regulation Of Neuron Differentiation (GO:0045665),1/23,0.1171543506290522,0.2176037657087461,0,0,8.440951571792693,18.099619949979104,CALR
GO_Biological_Process_2023,Positive Regulation Of Cell-Substrate Junction Organization (GO:0150117),1/23,0.1171543506290522,0.2176037657087461,0,0,8.440951571792693,18.099619949979104,RAC1
GO_Biological_Process_2023,Entrainment Of Circadian Clock By Photoperiod (GO:0043153),1/23,0.1171543506290522,0.2176037657087461,0,0,8.440951571792693,18.099619949979104,PPP1CA
GO_Biological_Process_2023,Positive Regulation Of Protein Targeting To Membrane (GO:0090314),1/23,0.1171543506290522,0.2176037657087461,0,0,8.440951571792693,18.099619949979104,ITGB2
GO_Biological_Process_2023,Immune Response-Activating Cell Surface Receptor Signaling Pathway (GO:0002429),1/23,0.1171543506290522,0.2176037657087461,0,0,8.440951571792693,18.099619949979104,FCER1G
GO_Biological_Process_2023,Regulation Of Cell Junction Assembly (GO:1901888),1/23,0.1171543506290522,0.2176037657087461,0,0,8.440951571792693,18.099619949979104,RAP1B
GO_Biological_Process_2023,Positive Regulation Of Cell Motility (GO:2000147),3/221,0.117632621494755,0.2180829499621862,0,0,2.5785058977719526,5.518489670882307,FGR;CCL3;RHOC
GO_Biological_Process_2023,Negative Regulation Of Apoptotic Process (GO:0043066),5/482,0.1199976482550517,0.2220517229392547,0,0,1.9758401009545907,4.189340442061834,CX3CR1;PRDX5;GSTP1;CFL1;IL2RB
GO_Biological_Process_2023,T Cell Activation (GO:0042110),2/111,0.120970785859289,0.2227083513055399,0,0,3.4244417517742773,7.233127105512683,CD7;CD247
GO_Biological_Process_2023,Regulation Of Neuroblast Proliferation (GO:1902692),1/24,0.1219271983915178,0.2227083513055399,0,0,8.073547338480292,16.989417130025068,CX3CR1
GO_Biological_Process_2023,Regulation Of Ryanodine-Sensitive Calcium-Release Channel Activity (GO:0060314),1/24,0.1219271983915178,0.2227083513055399,0,0,8.073547338480292,16.989417130025068,CALM1
GO_Biological_Process_2023,Photoperiodism (GO:0009648),1/24,0.1219271983915178,0.2227083513055399,0,0,8.073547338480292,16.989417130025068,PPP1CA
GO_Biological_Process_2023,Dicarboxylic Acid Transport (GO:0006835),1/24,0.1219271983915178,0.2227083513055399,0,0,8.073547338480292,16.989417130025068,UCP2
GO_Biological_Process_2023,Positive Regulation Of Peptidyl-Threonine Phosphorylation (GO:0010800),1/24,0.1219271983915178,0.2227083513055399,0,0,8.073547338480292,16.989417130025068,CALM1
GO_Biological_Process_2023,Protein Kinase B Signaling (GO:0043491),1/24,0.1219271983915178,0.2227083513055399,0,0,8.073547338480292,16.989417130025068,CCL3
GO_Biological_Process_2023,Regulation Of Protein Serine/Threonine Kinase Activity (GO:0071900),2/112,0.1227552286632157,0.2238078754633216,0,0,3.3931389365351627,7.117322406116919,CALM1;ACTB
GO_Biological_Process_2023,Regulation Of Protein Ubiquitination (GO:0031396),2/113,0.1245461510748402,0.2243429983535368,0,0,3.362400135985041,7.0041449124761535,UBB;ISG15
GO_Biological_Process_2023,Cellular Response To Lipid (GO:0071396),3/228,0.1258981721891866,0.2243429983535368,0,0,2.4973968253968253,5.175310128487949,CX3CR1;GSTP1;AKR1C3
GO_Biological_Process_2023,Regulation Of Cytoskeleton Organization (GO:0051493),2/114,0.1263434328334892,0.2243429983535368,0,0,3.332210242587601,6.893514679389221,BST2;RAC1
GO_Biological_Process_2023,Negative Regulation Of Lipid Biosynthetic Process (GO:0051055),1/25,0.1266744808885122,0.2243429983535368,0,0,7.736760124610591,15.985187983477685,AKR1C3
GO_Biological_Process_2023,Negative Regulation Of Stress Fiber Assembly (GO:0051497),1/25,0.1266744808885122,0.2243429983535368,0,0,7.736760124610591,15.985187983477685,PFN1
GO_Biological_Process_2023,Negative Regulation Of Transposition (GO:0010529),1/25,0.1266744808885122,0.2243429983535368,0,0,7.736760124610591,15.985187983477685,APOBEC3G
GO_Biological_Process_2023,Osteoclast Differentiation (GO:0030316),1/25,0.1266744808885122,0.2243429983535368,0,0,7.736760124610591,15.985187983477685,TYROBP
GO_Biological_Process_2023,Cellular Response To Hexose Stimulus (GO:0071331),1/25,0.1266744808885122,0.2243429983535368,0,0,7.736760124610591,15.985187983477685,UCP2
GO_Biological_Process_2023,Cellular Response To Steroid Hormone Stimulus (GO:0071383),1/25,0.1266744808885122,0.2243429983535368,0,0,7.736760124610591,15.985187983477685,AKR1C3
GO_Biological_Process_2023,Positive Regulation Of T Cell Migration (GO:2000406),1/25,0.1266744808885122,0.2243429983535368,0,0,7.736760124610591,15.985187983477685,XCL2
GO_Biological_Process_2023,Secretory Granule Organization (GO:0033363),1/25,0.1266744808885122,0.2243429983535368,0,0,7.736760124610591,15.985187983477685,SRGN
GO_Biological_Process_2023,Positive Regulation Of Peptidase Activity (GO:0010952),1/25,0.1266744808885122,0.2243429983535368,0,0,7.736760124610591,15.985187983477685,PSME2
GO_Biological_Process_2023,"Wound Healing, Spreading Of Cells (GO:0044319)",1/25,0.1266744808885122,0.2243429983535368,0,0,7.736760124610591,15.985187983477685,RHOC
GO_Biological_Process_2023,Lamellipodium Assembly (GO:0030032),1/25,0.1266744808885122,0.2243429983535368,0,0,7.736760124610591,15.985187983477685,RAC1
GO_Biological_Process_2023,Long-Chain Fatty Acid Biosynthetic Process (GO:0042759),1/25,0.1266744808885122,0.2243429983535368,0,0,7.736760124610591,15.985187983477685,GSTP1
GO_Biological_Process_2023,Regulation Of Actin Cytoskeleton Reorganization (GO:2000249),1/25,0.1266744808885122,0.2243429983535368,0,0,7.736760124610591,15.985187983477685,ARHGDIB
GO_Biological_Process_2023,Regulation Of Interferon-Alpha Production (GO:0032647),1/26,0.1313963337628756,0.2286157652464796,0,0,7.426915887850467,15.07320114483968,HAVCR2
GO_Biological_Process_2023,"Wnt Signaling Pathway, Planar Cell Polarity Pathway (GO:0060071)",1/26,0.1313963337628756,0.2286157652464796,0,0,7.426915887850467,15.07320114483968,RAC1
GO_Biological_Process_2023,Negative Regulation Of Protein Polymerization (GO:0032272),1/26,0.1313963337628756,0.2286157652464796,0,0,7.426915887850467,15.07320114483968,PFN1
GO_Biological_Process_2023,Negative Regulation Of Receptor-Mediated Endocytosis (GO:0048261),1/26,0.1313963337628756,0.2286157652464796,0,0,7.426915887850467,15.07320114483968,RAC1
GO_Biological_Process_2023,Regulation Of Reactive Oxygen Species Biosynthetic Process (GO:1903426),1/26,0.1313963337628756,0.2286157652464796,0,0,7.426915887850467,15.07320114483968,CYBA
GO_Biological_Process_2023,Regulation Of Transcription By RNA Polymerase III (GO:0006359),1/26,0.1313963337628756,0.2286157652464796,0,0,7.426915887850467,15.07320114483968,PRDX5
GO_Biological_Process_2023,Positive Regulation Of Microtubule Polymerization Or Depolymerization (GO:0031112),1/26,0.1313963337628756,0.2286157652464796,0,0,7.426915887850467,15.07320114483968,RAC1
GO_Biological_Process_2023,Positive Regulation Of Phosphatidylinositol 3-Kinase Activity (GO:0043552),1/26,0.1313963337628756,0.2286157652464796,0,0,7.426915887850467,15.07320114483968,FGR
GO_Biological_Process_2023,Protein Export From Nucleus (GO:0006611),1/26,0.1313963337628756,0.2286157652464796,0,0,7.426915887850467,15.07320114483968,CALR
GO_Biological_Process_2023,Negative Regulation Of Catalytic Activity (GO:0043086),1/26,0.1313963337628756,0.2286157652464796,0,0,7.426915887850467,15.07320114483968,GZMA
GO_Biological_Process_2023,Cellular Response To Molecule Of Bacterial Origin (GO:0071219),2/117,0.1317722480205943,0.228867588667348,0,0,3.2447908121410998,6.576153423150368,CX3CR1;GSTP1
GO_Biological_Process_2023,Positive Regulation Of GTPase Activity (GO:0043547),3/234,0.1331458936405435,0.2308483970300142,0,0,2.4317872603586888,4.903236502325563,CCL4;XCL2;CCL3
GO_Biological_Process_2023,Regulation Of Protein Kinase Activity (GO:0045859),2/119,0.1354210989691592,0.2343164574424127,0,0,3.1890017739074343,6.375982051366627,FGR;GSTP1
GO_Biological_Process_2023,T Cell Activation Involved In Immune Response (GO:0002286),1/27,0.136092891948876,0.2343164574424127,0,0,7.140905823148814,14.241948234838476,FCER1G
GO_Biological_Process_2023,Positive Regulation Of Calcium Ion Transmembrane Transporter Activity (GO:1901021),1/27,0.136092891948876,0.2343164574424127,0,0,7.140905823148814,14.241948234838476,CALM1
GO_Biological_Process_2023,Regulation Of Actin Polymerization Or Depolymerization (GO:0008064),1/27,0.136092891948876,0.2343164574424127,0,0,7.140905823148814,14.241948234838476,PFN1
GO_Biological_Process_2023,Negative Regulation Of Type II Interferon Production (GO:0032689),1/28,0.1407642896836536,0.2376953725747838,0,0,6.876081689165801,13.481716715211531,HAVCR2
GO_Biological_Process_2023,Regulation Of Protein Targeting To Membrane (GO:0090313),1/28,0.1407642896836536,0.2376953725747838,0,0,6.876081689165801,13.481716715211531,ITGB2
GO_Biological_Process_2023,Diterpenoid Metabolic Process (GO:0016101),1/28,0.1407642896836536,0.2376953725747838,0,0,6.876081689165801,13.481716715211531,AKR1C3
GO_Biological_Process_2023,Positive Regulation Of Defense Response To Virus By Host (GO:0002230),1/28,0.1407642896836536,0.2376953725747838,0,0,6.876081689165801,13.481716715211531,APOBEC3G
GO_Biological_Process_2023,Establishment Of Endothelial Barrier (GO:0061028),1/28,0.1407642896836536,0.2376953725747838,0,0,6.876081689165801,13.481716715211531,RAP1B
GO_Biological_Process_2023,Hematopoietic Progenitor Cell Differentiation (GO:0002244),1/28,0.1407642896836536,0.2376953725747838,0,0,6.876081689165801,13.481716715211531,PLEK
GO_Biological_Process_2023,Vesicle Coating (GO:0006901),1/28,0.1407642896836536,0.2376953725747838,0,0,6.876081689165801,13.481716715211531,TRAPPC1
GO_Biological_Process_2023,Negative Regulation Of Actin Filament Bundle Assembly (GO:0032232),1/28,0.1407642896836536,0.2376953725747838,0,0,6.876081689165801,13.481716715211531,PFN1
GO_Biological_Process_2023,Regulation Of Cardiac Muscle Cell Action Potential (GO:0098901),1/28,0.1407642896836536,0.2376953725747838,0,0,6.876081689165801,13.481716715211531,CALM1
GO_Biological_Process_2023,Negative Regulation Of Cytoskeleton Organization (GO:0051494),1/28,0.1407642896836536,0.2376953725747838,0,0,6.876081689165801,13.481716715211531,PFN1
GO_Biological_Process_2023,Regulation Of Protein Catabolic Process (GO:0042176),2/122,0.1409365491933314,0.2376953725747838,0,0,3.1088050314465407,6.091534015591359,UBB;PSME2
GO_Biological_Process_2023,Receptor-Mediated Endocytosis (GO:0006898),2/122,0.1409365491933314,0.2376953725747838,0,0,3.1088050314465407,6.091534015591359,FCER1G;ITGB2
GO_Biological_Process_2023,Regulation Of Cell Motility (GO:2000145),2/123,0.1427858308450318,0.2391304882085074,0,0,3.0829564946203023,6.000695679034561,RAC1;TMSB10
GO_Biological_Process_2023,Enzyme-Linked Receptor Protein Signaling Pathway (GO:0007167),2/124,0.1446403278885706,0.2391304882085074,0,0,3.057531704299412,5.911753190797638,FGR;CD7
GO_Biological_Process_2023,Regulation Of Establishment Of Planar Polarity (GO:0090175),1/29,0.1454106605065873,0.2391304882085074,0,0,6.630173564753004,12.784256895768596,RAC1
GO_Biological_Process_2023,Carbohydrate Derivative Biosynthetic Process (GO:1901137),1/29,0.1454106605065873,0.2391304882085074,0,0,6.630173564753004,12.784256895768596,TPI1
GO_Biological_Process_2023,Regulation Of Striated Muscle Contraction (GO:0006942),1/29,0.1454106605065873,0.2391304882085074,0,0,6.630173564753004,12.784256895768596,CALM1
GO_Biological_Process_2023,Response To Alcohol (GO:0097305),1/29,0.1454106605065873,0.2391304882085074,0,0,6.630173564753004,12.784256895768596,CCL3
GO_Biological_Process_2023,Defense Response To Fungus (GO:0050832),1/29,0.1454106605065873,0.2391304882085074,0,0,6.630173564753004,12.784256895768596,CX3CR1
GO_Biological_Process_2023,Positive Regulation Of Dephosphorylation (GO:0035306),1/29,0.1454106605065873,0.2391304882085074,0,0,6.630173564753004,12.784256895768596,CALM1
GO_Biological_Process_2023,Positive Regulation Of Endopeptidase Activity (GO:0010950),1/29,0.1454106605065873,0.2391304882085074,0,0,6.630173564753004,12.784256895768596,PSME2
GO_Biological_Process_2023,Positive Regulation Of Microtubule Polymerization (GO:0031116),1/29,0.1454106605065873,0.2391304882085074,0,0,6.630173564753004,12.784256895768596,RAC1
GO_Biological_Process_2023,Positive Regulation Of Neural Precursor Cell Proliferation (GO:2000179),1/29,0.1454106605065873,0.2391304882085074,0,0,6.630173564753004,12.784256895768596,CX3CR1
GO_Biological_Process_2023,Heterotypic Cell-Cell Adhesion (GO:0034113),1/29,0.1454106605065873,0.2391304882085074,0,0,6.630173564753004,12.784256895768596,ITGB2
GO_Biological_Process_2023,Maintenance Of Blood-Brain Barrier (GO:0035633),1/29,0.1454106605065873,0.2391304882085074,0,0,6.630173564753004,12.784256895768596,ACTG1
GO_Biological_Process_2023,Morphogenesis Of An Epithelium (GO:0002009),1/29,0.1454106605065873,0.2391304882085074,0,0,6.630173564753004,12.784256895768596,ACTG1
GO_Biological_Process_2023,Negative Regulation Of DNA Binding (GO:0043392),1/29,0.1454106605065873,0.2391304882085074,0,0,6.630173564753004,12.784256895768596,GZMA
GO_Biological_Process_2023,Protein-Containing Complex Organization (GO:0043933),2/126,0.1483645342723028,0.2423031253890801,0,0,3.0079123554473526,5.7393463232186335,IL2RB;CD247
GO_Biological_Process_2023,DNA Geometric Change (GO:0032392),1/30,0.1500321372358647,0.2423031253890801,0,0,6.401224621334193,12.142519852667972,HNRNPA2B1
GO_Biological_Process_2023,Negative Regulation Of Myeloid Leukocyte Differentiation (GO:0002762),1/30,0.1500321372358647,0.2423031253890801,0,0,6.401224621334193,12.142519852667972,CCL3
GO_Biological_Process_2023,Regulation Of Potassium Ion Transport (GO:0043266),1/30,0.1500321372358647,0.2423031253890801,0,0,6.401224621334193,12.142519852667972,CD63
GO_Biological_Process_2023,Cytoplasmic Translational Initiation (GO:0002183),1/30,0.1500321372358647,0.2423031253890801,0,0,6.401224621334193,12.142519852667972,EIF3G
GO_Biological_Process_2023,Positive Regulation Of Interleukin-10 Production (GO:0032733),1/30,0.1500321372358647,0.2423031253890801,0,0,6.401224621334193,12.142519852667972,ISG15
GO_Biological_Process_2023,Positive Regulation Of Lipid Kinase Activity (GO:0090218),1/30,0.1500321372358647,0.2423031253890801,0,0,6.401224621334193,12.142519852667972,FGR
GO_Biological_Process_2023,Positive Regulation Of Protein Targeting To Mitochondrion (GO:1903955),1/30,0.1500321372358647,0.2423031253890801,0,0,6.401224621334193,12.142519852667972,RAC2
GO_Biological_Process_2023,Lamellipodium Organization (GO:0097581),1/30,0.1500321372358647,0.2423031253890801,0,0,6.401224621334193,12.142519852667972,RAC1
GO_Biological_Process_2023,Negative Regulation Of Calcium Ion Transmembrane Transporter Activity (GO:1901020),1/30,0.1500321372358647,0.2423031253890801,0,0,6.401224621334193,12.142519852667972,CALM1
GO_Biological_Process_2023,Negative Regulation Of Carbohydrate Metabolic Process (GO:0045912),1/30,0.1500321372358647,0.2423031253890801,0,0,6.401224621334193,12.142519852667972,PLEK
GO_Biological_Process_2023,Negative Regulation Of Programmed Cell Death (GO:0043069),4/381,0.1511994246809615,0.243790603312951,0,0,1.9909202203631915,3.761158123796442,PRDX5;GSTP1;CFL1;IL2RB
GO_Biological_Process_2023,Negative Regulation Of Intracellular Steroid Hormone Receptor Signaling Pathway (GO:0033144),1/31,0.1546288520007175,0.2441508189485014,0,0,6.187538940809969,11.55044932516124,CALR
GO_Biological_Process_2023,Actin Filament Polymerization (GO:0030041),1/31,0.1546288520007175,0.2441508189485014,0,0,6.187538940809969,11.55044932516124,RAC1
GO_Biological_Process_2023,Regulation Of Long-Term Synaptic Potentiation (GO:1900271),1/31,0.1546288520007175,0.2441508189485014,0,0,6.187538940809969,11.55044932516124,TYROBP
GO_Biological_Process_2023,Regulation Of Protein Autophosphorylation (GO:0031952),1/31,0.1546288520007175,0.2441508189485014,0,0,6.187538940809969,11.55044932516124,CALM1
GO_Biological_Process_2023,Regulation Of Protein Localization To Cell Surface (GO:2000008),1/31,0.1546288520007175,0.2441508189485014,0,0,6.187538940809969,11.55044932516124,TYROBP
GO_Biological_Process_2023,Regulation Of Response To Biotic Stimulus (GO:0002831),1/31,0.1546288520007175,0.2441508189485014,0,0,6.187538940809969,11.55044932516124,FGR
GO_Biological_Process_2023,Cellular Response To cAMP (GO:0071320),1/31,0.1546288520007175,0.2441508189485014,0,0,6.187538940809969,11.55044932516124,RAP1B
GO_Biological_Process_2023,Positive Regulation Of Rho Protein Signal Transduction (GO:0035025),1/31,0.1546288520007175,0.2441508189485014,0,0,6.187538940809969,11.55044932516124,RAC1
GO_Biological_Process_2023,Endodermal Cell Differentiation (GO:0035987),1/31,0.1546288520007175,0.2441508189485014,0,0,6.187538940809969,11.55044932516124,ITGB2
GO_Biological_Process_2023,Positive Regulation Of Mononuclear Cell Migration (GO:0071677),1/31,0.1546288520007175,0.2441508189485014,0,0,6.187538940809969,11.55044932516124,CALR
GO_Biological_Process_2023,Glutamine Family Amino Acid Metabolic Process (GO:0009064),1/31,0.1546288520007175,0.2441508189485014,0,0,6.187538940809969,11.55044932516124,UCP2
GO_Biological_Process_2023,Positive Regulation Of Proteolysis Involved In Protein Catabolic Process (GO:1903052),1/31,0.1546288520007175,0.2441508189485014,0,0,6.187538940809969,11.55044932516124,CTSC
GO_Biological_Process_2023,Leukocyte Cell-Cell Adhesion (GO:0007159),1/31,0.1546288520007175,0.2441508189485014,0,0,6.187538940809969,11.55044932516124,ITGB2
GO_Biological_Process_2023,Phosphatidylinositol 3-Kinase Signaling (GO:0014065),1/32,0.1592009362234696,0.2489872462262795,0,0,5.987639433222792,11.00281511800529,FCGR3A
GO_Biological_Process_2023,Regulation Of Transmembrane Transport (GO:0034762),1/32,0.1592009362234696,0.2489872462262795,0,0,5.987639433222792,11.00281511800529,ACTB
GO_Biological_Process_2023,Gluconeogenesis (GO:0006094),1/32,0.1592009362234696,0.2489872462262795,0,0,5.987639433222792,11.00281511800529,TPI1
GO_Biological_Process_2023,Vesicle Budding From Membrane (GO:0006900),1/32,0.1592009362234696,0.2489872462262795,0,0,5.987639433222792,11.00281511800529,TRAPPC1
GO_Biological_Process_2023,miRNA Processing (GO:0035196),1/32,0.1592009362234696,0.2489872462262795,0,0,5.987639433222792,11.00281511800529,HNRNPA2B1
GO_Biological_Process_2023,Regulation Of Calcium Ion Transmembrane Transporter Activity (GO:1901019),1/32,0.1592009362234696,0.2489872462262795,0,0,5.987639433222792,11.00281511800529,CALM1
GO_Biological_Process_2023,Plasma Membrane Bounded Cell Projection Organization (GO:0120036),2/132,0.1596512205959085,0.2492976473027593,0,0,2.868214804063861,5.262496447606224,PLEK;RAC1
GO_Biological_Process_2023,Negative Regulation Of Cell Motility (GO:2000146),2/133,0.1615478824874945,0.2513349387440899,0,0,2.846176004608959,5.188447062150318,BST2;IFITM1
GO_Biological_Process_2023,Negative Regulation Of Endocytosis (GO:0045806),1/33,0.163748520696907,0.2513349387440899,0,0,5.800233644859813,10.495078705319292,RAC1
GO_Biological_Process_2023,Negative Regulation Of Epithelial Cell Migration (GO:0010633),1/33,0.163748520696907,0.2513349387440899,0,0,5.800233644859813,10.495078705319292,EVL
GO_Biological_Process_2023,Actin Filament Bundle Assembly (GO:0051017),1/33,0.163748520696907,0.2513349387440899,0,0,5.800233644859813,10.495078705319292,LIMD2
GO_Biological_Process_2023,Actin Filament Bundle Organization (GO:0061572),1/33,0.163748520696907,0.2513349387440899,0,0,5.800233644859813,10.495078705319292,LIMD2
GO_Biological_Process_2023,Regulation Of Potassium Ion Transmembrane Transport (GO:1901379),1/33,0.163748520696907,0.2513349387440899,0,0,5.800233644859813,10.495078705319292,CD63
GO_Biological_Process_2023,Regulation Of Protein Polymerization (GO:0032271),1/33,0.163748520696907,0.2513349387440899,0,0,5.800233644859813,10.495078705319292,PFN1
GO_Biological_Process_2023,Regulation Of Type I Interferon-Mediated Signaling Pathway (GO:0060338),1/33,0.163748520696907,0.2513349387440899,0,0,5.800233644859813,10.495078705319292,ISG15
GO_Biological_Process_2023,Positive Regulation Of T Cell Mediated Cytotoxicity (GO:0001916),1/33,0.163748520696907,0.2513349387440899,0,0,5.800233644859813,10.495078705319292,HLA-B
GO_Biological_Process_2023,Positive Regulation Of Protein Dephosphorylation (GO:0035307),1/33,0.163748520696907,0.2513349387440899,0,0,5.800233644859813,10.495078705319292,CALM1
GO_Biological_Process_2023,Positive Regulation Of Release Of Sequestered Calcium Ion Into Cytosol (GO:0051281),1/33,0.163748520696907,0.2513349387440899,0,0,5.800233644859813,10.495078705319292,CALM1
GO_Biological_Process_2023,Negative Regulation Of Cellular Process (GO:0048523),5/537,0.1652396966070461,0.2532311139953183,0,0,1.7665523030878163,3.18042684073441,BST2;IFITM1;APOBEC3G;IGFBP7;ACTB
GO_Biological_Process_2023,Cellular Component Assembly (GO:0022607),3/260,0.1661162640765126,0.2541809913999189,0,0,2.1828793774319064,3.918415498932441,IL2RB;CD247;LIMD2
GO_Biological_Process_2023,Regulation Of Phosphatidylinositol 3-Kinase Activity (GO:0043551),1/34,0.1682717354144774,0.2547232692054017,0,0,5.624185783064288,10.023284049176388,FGR
GO_Biological_Process_2023,Organophosphate Biosynthetic Process (GO:0090407),1/34,0.1682717354144774,0.2547232692054017,0,0,5.624185783064288,10.023284049176388,TPI1
GO_Biological_Process_2023,Cellular Response To Glucose Stimulus (GO:0071333),1/34,0.1682717354144774,0.2547232692054017,0,0,5.624185783064288,10.023284049176388,UCP2
GO_Biological_Process_2023,Semaphorin-Plexin Signaling Pathway (GO:0071526),1/34,0.1682717354144774,0.2547232692054017,0,0,5.624185783064288,10.023284049176388,RAC1
GO_Biological_Process_2023,Superoxide Metabolic Process (GO:0006801),1/34,0.1682717354144774,0.2547232692054017,0,0,5.624185783064288,10.023284049176388,CYBA
GO_Biological_Process_2023,"Mitochondrial Electron Transport, NADH To Ubiquinone (GO:0006120)",1/34,0.1682717354144774,0.2547232692054017,0,0,5.624185783064288,10.023284049176388,NDUFB2
GO_Biological_Process_2023,Negative Regulation Of JNK Cascade (GO:0046329),1/34,0.1682717354144774,0.2547232692054017,0,0,5.624185783064288,10.023284049176388,GSTP1
GO_Biological_Process_2023,Regulation Of Protein Phosphorylation (GO:0001932),3/265,0.1727171524250009,0.2587340184015143,0,0,2.1406761177753544,3.7592412866831246,FGR;ITGB2;RAC1
GO_Biological_Process_2023,Positive Regulation Of Cell Development (GO:0010720),1/35,0.1727707097695184,0.2587340184015143,0,0,5.45849367784497,9.583968290542655,CX3CR1
GO_Biological_Process_2023,Endoderm Formation (GO:0001706),1/35,0.1727707097695184,0.2587340184015143,0,0,5.45849367784497,9.583968290542655,ITGB2
GO_Biological_Process_2023,Skeletal Muscle Organ Development (GO:0060538),1/35,0.1727707097695184,0.2587340184015143,0,0,5.45849367784497,9.583968290542655,MYL6
GO_Biological_Process_2023,Hexose Biosynthetic Process (GO:0019319),1/35,0.1727707097695184,0.2587340184015143,0,0,5.45849367784497,9.583968290542655,TPI1
GO_Biological_Process_2023,Positive Regulation Of Telomere Maintenance Via Telomere Lengthening (GO:1904358),1/35,0.1727707097695184,0.2587340184015143,0,0,5.45849367784497,9.583968290542655,HNRNPA2B1
GO_Biological_Process_2023,Regulation Of Cardiac Muscle Contraction (GO:0055117),1/35,0.1727707097695184,0.2587340184015143,0,0,5.45849367784497,9.583968290542655,CALM1
GO_Biological_Process_2023,Intracellular Calcium Ion Homeostasis (GO:0006874),2/139,0.1730120405876792,0.2587340184015143,0,0,2.7206996281503923,4.773179343214136,CCL3;CALR
GO_Biological_Process_2023,Negative Regulation Of Signal Transduction (GO:0009968),3/267,0.1753785600328704,0.261877487831888,0,0,2.124242424242424,3.697899143317994,CX3CR1;PLEK;CALR
GO_Biological_Process_2023,COPII-coated Vesicle Budding (GO:0090114),1/36,0.1772455725004333,0.261900174291685,0,0,5.302269692923899,9.174088257462778,TRAPPC1
GO_Biological_Process_2023,Regulation Of Peptidyl-Threonine Phosphorylation (GO:0010799),1/36,0.1772455725004333,0.261900174291685,0,0,5.302269692923899,9.174088257462778,CALM1
GO_Biological_Process_2023,Regulation Of Receptor Internalization (GO:0002090),1/36,0.1772455725004333,0.261900174291685,0,0,5.302269692923899,9.174088257462778,CD63
GO_Biological_Process_2023,Regulation Of Trans-Synaptic Signaling (GO:0099177),1/36,0.1772455725004333,0.261900174291685,0,0,5.302269692923899,9.174088257462778,CX3CR1
GO_Biological_Process_2023,Substrate Adhesion-Dependent Cell Spreading (GO:0034446),1/36,0.1772455725004333,0.261900174291685,0,0,5.302269692923899,9.174088257462778,RAC1
GO_Biological_Process_2023,Positive Regulation Of Interferon-Beta Production (GO:0032728),1/36,0.1772455725004333,0.261900174291685,0,0,5.302269692923899,9.174088257462778,ISG15
GO_Biological_Process_2023,Protein Destabilization (GO:0031648),1/36,0.1772455725004333,0.261900174291685,0,0,5.302269692923899,9.174088257462778,SERF2
GO_Biological_Process_2023,Regulation Of Defense Response To Virus By Host (GO:0050691),1/37,0.181696451581132,0.2664881289856603,0,0,5.15472481827622,8.79095962810174,APOBEC3G
GO_Biological_Process_2023,Negative Regulation Of Stress-Activated MAPK Cascade (GO:0032873),1/37,0.181696451581132,0.2664881289856603,0,0,5.15472481827622,8.79095962810174,GSTP1
GO_Biological_Process_2023,Regulation Of Phosphoprotein Phosphatase Activity (GO:0043666),1/37,0.181696451581132,0.2664881289856603,0,0,5.15472481827622,8.79095962810174,CALM1
GO_Biological_Process_2023,Muscle Tissue Development (GO:0060537),1/37,0.181696451581132,0.2664881289856603,0,0,5.15472481827622,8.79095962810174,MYL6
GO_Biological_Process_2023,Regulation Of Cellular Component Biogenesis (GO:0044087),1/37,0.181696451581132,0.2664881289856603,0,0,5.15472481827622,8.79095962810174,RAP1B
GO_Biological_Process_2023,Regulation Of Intracellular Transport (GO:0032386),1/38,0.1861234743707439,0.2713729596863571,0,0,5.015155342258146,8.432206282752748,LAMP1
GO_Biological_Process_2023,Response To cAMP (GO:0051591),1/38,0.1861234743707439,0.2713729596863571,0,0,5.015155342258146,8.432206282752748,RAP1B
GO_Biological_Process_2023,Positive Regulation Of Bone Mineralization (GO:0030501),1/38,0.1861234743707439,0.2713729596863571,0,0,5.015155342258146,8.432206282752748,ISG15
GO_Biological_Process_2023,Positive Regulation Of Cation Channel Activity (GO:2001259),1/38,0.1861234743707439,0.2713729596863571,0,0,5.015155342258146,8.432206282752748,CALM1
GO_Biological_Process_2023,Negative Regulation Of Protein Metabolic Process (GO:0051248),2/147,0.1884954397532553,0.2725744217641213,0,0,2.569551073519844,4.28776224892379,GZMB;CALR
GO_Biological_Process_2023,Organelle Organization (GO:0006996),4/418,0.1900004255872963,0.2725744217641213,0,0,1.809550353028614,3.0051726883224923,CAPZB;CFL1;CCL3;SH3BGRL3
GO_Biological_Process_2023,Negative Regulation Of Lymphocyte Proliferation (GO:0050672),1/39,0.1905267675361332,0.2725744217641213,0,0,4.88293162813576,8.09571793130784,TYROBP
GO_Biological_Process_2023,RNA Transport (GO:0050658),1/39,0.1905267675361332,0.2725744217641213,0,0,4.88293162813576,8.09571793130784,HNRNPA2B1
GO_Biological_Process_2023,Regulation Of Mitochondrial Membrane Potential (GO:0051881),1/39,0.1905267675361332,0.2725744217641213,0,0,4.88293162813576,8.09571793130784,UBB
GO_Biological_Process_2023,Regulation Of Monoatomic Cation Transmembrane Transport (GO:1904062),1/39,0.1905267675361332,0.2725744217641213,0,0,4.88293162813576,8.09571793130784,CD63
GO_Biological_Process_2023,Organelle Transport Along Microtubule (GO:0072384),1/39,0.1905267675361332,0.2725744217641213,0,0,4.88293162813576,8.09571793130784,UBB
GO_Biological_Process_2023,Regulation Of Protein Targeting To Mitochondrion (GO:1903214),1/39,0.1905267675361332,0.2725744217641213,0,0,4.88293162813576,8.09571793130784,RAC2
GO_Biological_Process_2023,Regulation Of Receptor-Mediated Endocytosis (GO:0048259),1/39,0.1905267675361332,0.2725744217641213,0,0,4.88293162813576,8.09571793130784,RAC1
GO_Biological_Process_2023,Positive Regulation Of ATP-dependent Activity (GO:0032781),1/39,0.1905267675361332,0.2725744217641213,0,0,4.88293162813576,8.09571793130784,PFN1
GO_Biological_Process_2023,Retina Homeostasis (GO:0001895),1/39,0.1905267675361332,0.2725744217641213,0,0,4.88293162813576,8.09571793130784,ACTG1
GO_Biological_Process_2023,Positive Regulation Of Intrinsic Apoptotic Signaling Pathway (GO:2001244),1/39,0.1905267675361332,0.2725744217641213,0,0,4.88293162813576,8.09571793130784,UBB
GO_Biological_Process_2023,Positive Regulation Of Pattern Recognition Receptor Signaling Pathway (GO:0062208),1/39,0.1905267675361332,0.2725744217641213,0,0,4.88293162813576,8.09571793130784,CYBA
GO_Biological_Process_2023,Negative Regulation Of Protein Phosphorylation (GO:0001933),2/149,0.1923967472625034,0.2748524960892906,0,0,2.534334488512386,4.177079072042264,GSTP1;CALM1
GO_Biological_Process_2023,Regulation Of Microtubule Polymerization (GO:0031113),1/40,0.194906457103083,0.2772376329483508,0,0,4.757488617301702,7.779614480899461,RAC1
GO_Biological_Process_2023,Regulation Of Protein Dephosphorylation (GO:0035304),1/40,0.194906457103083,0.2772376329483508,0,0,4.757488617301702,7.779614480899461,CALM1
GO_Biological_Process_2023,Retinoid Metabolic Process (GO:0001523),1/40,0.194906457103083,0.2772376329483508,0,0,4.757488617301702,7.779614480899461,AKR1C3
GO_Biological_Process_2023,Positive Regulation Of Cell Differentiation (GO:0045597),3/283,0.1970680057045912,0.279910079838659,0,0,2.001224489795918,3.2504016305510834,IFITM1;GLIPR2;ACTB
GO_Biological_Process_2023,Transmembrane Receptor Protein Tyrosine Kinase Signaling Pathway (GO:0007169),3/284,0.1984454163607789,0.2814123276871312,0,0,1.9940010167768172,3.224780591628458,FGR;CD7;RAC1
GO_Biological_Process_2023,Negative Regulation Of Proteolysis (GO:0045861),1/41,0.199262668392605,0.2814123276871312,0,0,4.638317757009346,7.4822159378957585,CST7
GO_Biological_Process_2023,Non-Canonical Wnt Signaling Pathway (GO:0035567),1/41,0.199262668392605,0.2814123276871312,0,0,4.638317757009346,7.4822159378957585,RAC1
GO_Biological_Process_2023,Positive Regulation Of Ossification (GO:0045778),1/41,0.199262668392605,0.2814123276871312,0,0,4.638317757009346,7.4822159378957585,ISG15
GO_Biological_Process_2023,Regulation Of Osteoclast Differentiation (GO:0045670),1/42,0.2035955261170663,0.2850913307721296,0,0,4.524960109414178,7.20201686650159,CCL3
GO_Biological_Process_2023,Organic Hydroxy Compound Biosynthetic Process (GO:1901617),1/42,0.2035955261170663,0.2850913307721296,0,0,4.524960109414178,7.20201686650159,AKR1C3
GO_Biological_Process_2023,Skeletal Muscle Tissue Development (GO:0007519),1/42,0.2035955261170663,0.2850913307721296,0,0,4.524960109414178,7.20201686650159,MYL6
GO_Biological_Process_2023,Substantia Nigra Development (GO:0021762),1/42,0.2035955261170663,0.2850913307721296,0,0,4.524960109414178,7.20201686650159,CALM1
GO_Biological_Process_2023,Keratinocyte Differentiation (GO:0030216),1/42,0.2035955261170663,0.2850913307721296,0,0,4.524960109414178,7.20201686650159,AKR1C3
GO_Biological_Process_2023,Negative Regulation Of I-kappaB kinase/NF-kappaB Signaling (GO:0043124),1/42,0.2035955261170663,0.2850913307721296,0,0,4.524960109414178,7.20201686650159,GSTP1
GO_Biological_Process_2023,Regulation Of Filopodium Assembly (GO:0051489),1/43,0.2079051543056224,0.2882718526086362,0,0,4.417000445037829,6.937664630615158,CAPZB
GO_Biological_Process_2023,Positive Regulation Of T Cell Mediated Immunity (GO:0002711),1/43,0.2079051543056224,0.2882718526086362,0,0,4.417000445037829,6.937664630615158,HLA-B
GO_Biological_Process_2023,Positive Regulation Of Biomineral Tissue Development (GO:0070169),1/43,0.2079051543056224,0.2882718526086362,0,0,4.417000445037829,6.937664630615158,ISG15
GO_Biological_Process_2023,Positive Regulation Of Cell-Matrix Adhesion (GO:0001954),1/43,0.2079051543056224,0.2882718526086362,0,0,4.417000445037829,6.937664630615158,RAC1
GO_Biological_Process_2023,Positive Regulation Of Receptor-Mediated Endocytosis (GO:0048260),1/43,0.2079051543056224,0.2882718526086362,0,0,4.417000445037829,6.937664630615158,CD63
GO_Biological_Process_2023,Intracellular Glucose Homeostasis (GO:0001678),1/43,0.2079051543056224,0.2882718526086362,0,0,4.417000445037829,6.937664630615158,UCP2
GO_Biological_Process_2023,Regulation Of JUN Kinase Activity (GO:0043506),1/43,0.2079051543056224,0.2882718526086362,0,0,4.417000445037829,6.937664630615158,GSTP1
GO_Biological_Process_2023,Response To Lipopolysaccharide (GO:0032496),2/159,0.2120516964850491,0.2909553456942816,0,0,2.371710130993871,3.678344968205228,CX3CR1;GSTP1
GO_Biological_Process_2023,Autophagosome Maturation (GO:0097352),1/44,0.2121916763548195,0.2909553456942816,0,0,4.314062160399913,6.687940778904226,CALM1
GO_Biological_Process_2023,Cellular Response To Ketone (GO:1901655),1/44,0.2121916763548195,0.2909553456942816,0,0,4.314062160399913,6.687940778904226,AKR1C3
GO_Biological_Process_2023,Regulation Of Transport (GO:0051049),1/44,0.2121916763548195,0.2909553456942816,0,0,4.314062160399913,6.687940778904226,ACTG1
GO_Biological_Process_2023,Positive Regulation Of Biosynthetic Process (GO:0009891),1/44,0.2121916763548195,0.2909553456942816,0,0,4.314062160399913,6.687940778904226,CYBA
GO_Biological_Process_2023,Positive Regulation Of Leukocyte Cell-Cell Adhesion (GO:1903039),1/44,0.2121916763548195,0.2909553456942816,0,0,4.314062160399913,6.687940778904226,ITGB2
GO_Biological_Process_2023,Positive Regulation Of Osteoblast Differentiation (GO:0045669),1/44,0.2121916763548195,0.2909553456942816,0,0,4.314062160399913,6.687940778904226,IFITM1
GO_Biological_Process_2023,Regulation Of B Cell Proliferation (GO:0030888),1/44,0.2121916763548195,0.2909553456942816,0,0,4.314062160399913,6.687940778904226,TYROBP
GO_Biological_Process_2023,Gene Expression (GO:0010467),3/296,0.215151369699586,0.2946056099620888,0,0,1.9111652852267187,2.9363400560149606,GZMA;HNRNPA2B1;GZMB
GO_Biological_Process_2023,Establishment Of Protein Localization To Extracellular Region (GO:0035592),1/45,0.2164552149379061,0.2951662021880538,0,0,4.215802888700085,6.451745064117767,PRF1
GO_Biological_Process_2023,Positive Regulation Of Innate Immune Response (GO:0045089),1/45,0.2164552149379061,0.2951662021880538,0,0,4.215802888700085,6.451745064117767,SH2D1B
GO_Biological_Process_2023,Regulation Of Apoptotic Signaling Pathway (GO:2001233),1/45,0.2164552149379061,0.2951662021880538,0,0,4.215802888700085,6.451745064117767,CX3CR1
GO_Biological_Process_2023,Regulation Of Fibroblast Proliferation (GO:0048145),1/46,0.2206958921961385,0.2984821492816628,0,0,4.121910695742471,6.2280816665872045,GSTP1
GO_Biological_Process_2023,T Cell Differentiation (GO:0030217),1/46,0.2206958921961385,0.2984821492816628,0,0,4.121910695742471,6.2280816665872045,FCER1G
GO_Biological_Process_2023,Regulation Of Nervous System Development (GO:0051960),1/46,0.2206958921961385,0.2984821492816628,0,0,4.121910695742471,6.2280816665872045,CX3CR1
GO_Biological_Process_2023,Response To Glucose (GO:0009749),1/46,0.2206958921961385,0.2984821492816628,0,0,4.121910695742471,6.2280816665872045,UCP2
GO_Biological_Process_2023,Development Of Primary Male Sexual Characteristics (GO:0046546),1/46,0.2206958921961385,0.2984821492816628,0,0,4.121910695742471,6.2280816665872045,AKR1C3
GO_Biological_Process_2023,Male Gonad Development (GO:0008584),1/46,0.2206958921961385,0.2984821492816628,0,0,4.121910695742471,6.2280816665872045,AKR1C3
GO_Biological_Process_2023,Negative Regulation Of Hydrolase Activity (GO:0051346),1/47,0.2249138295396826,0.3021230546055439,0,0,4.032100772043885,6.016047289297782,CST7
GO_Biological_Process_2023,Regulation Of Interleukin-2 Production (GO:0032663),1/47,0.2249138295396826,0.3021230546055439,0,0,4.032100772043885,6.016047289297782,HAVCR2
GO_Biological_Process_2023,Positive Regulation Of Epithelial To Mesenchymal Transition (GO:0010718),1/47,0.2249138295396826,0.3021230546055439,0,0,4.032100772043885,6.016047289297782,GLIPR2
GO_Biological_Process_2023,Positive Regulation Of Lymphocyte Activation (GO:0051251),1/47,0.2249138295396826,0.3021230546055439,0,0,4.032100772043885,6.016047289297782,TYROBP
GO_Biological_Process_2023,Regulation Of T Cell Differentiation (GO:0045580),1/47,0.2249138295396826,0.3021230546055439,0,0,4.032100772043885,6.016047289297782,ACTB
GO_Biological_Process_2023,Regulation Of Tumor Necrosis Factor-Mediated Signaling Pathway (GO:0010803),1/48,0.2291091477632304,0.3060972419508747,0,0,3.9461125472260887,5.814820824388835,GSTP1
GO_Biological_Process_2023,Post-Translational Protein Modification (GO:0043687),1/48,0.2291091477632304,0.3060972419508747,0,0,3.9461125472260887,5.814820824388835,UBE2F
GO_Biological_Process_2023,Regulation Of DNA Binding (GO:0051101),1/48,0.2291091477632304,0.3060972419508747,0,0,3.9461125472260887,5.814820824388835,GZMA
GO_Biological_Process_2023,Negative Regulation Of ERK1 And ERK2 Cascade (GO:0070373),1/48,0.2291091477632304,0.3060972419508747,0,0,3.9461125472260887,5.814820824388835,GSTP1
GO_Biological_Process_2023,Nuclear Export (GO:0051168),1/49,0.2332819671059828,0.30916887206817,0,0,3.863707165109034,5.623654361810044,CALR
GO_Biological_Process_2023,Positive Regulation Of Nervous System Development (GO:0051962),1/49,0.2332819671059828,0.30916887206817,0,0,3.863707165109034,5.623654361810044,CX3CR1
GO_Biological_Process_2023,Unsaturated Fatty Acid Metabolic Process (GO:0033559),1/49,0.2332819671059828,0.30916887206817,0,0,3.863707165109034,5.623654361810044,GSTP1
GO_Biological_Process_2023,Proton Transmembrane Transport (GO:1902600),1/49,0.2332819671059828,0.30916887206817,0,0,3.863707165109034,5.623654361810044,UCP2
GO_Biological_Process_2023,Negative Regulation Of T Cell Activation (GO:0050868),1/49,0.2332819671059828,0.30916887206817,0,0,3.863707165109034,5.623654361810044,HAVCR2
GO_Biological_Process_2023,Regulation Of Cell Communication (GO:0010646),1/49,0.2332819671059828,0.30916887206817,0,0,3.863707165109034,5.623654361810044,IGFBP7
GO_Biological_Process_2023,Regulation Of Interferon-Beta Production (GO:0032648),1/50,0.2374324069826741,0.3117481205740682,0,0,3.7846652679763495,5.441865346754643,ISG15
GO_Biological_Process_2023,Regulation Of Interleukin-12 Production (GO:0032655),1/50,0.2374324069826741,0.3117481205740682,0,0,3.7846652679763495,5.441865346754643,HLA-B
GO_Biological_Process_2023,Blood Circulation (GO:0008015),1/50,0.2374324069826741,0.3117481205740682,0,0,3.7846652679763495,5.441865346754643,XCL2
GO_Biological_Process_2023,Cell Chemotaxis (GO:0060326),1/50,0.2374324069826741,0.3117481205740682,0,0,3.7846652679763495,5.441865346754643,BIN2
GO_Biological_Process_2023,Plasma Membrane Bounded Cell Projection Morphogenesis (GO:0120039),1/50,0.2374324069826741,0.3117481205740682,0,0,3.7846652679763495,5.441865346754643,UBB
GO_Biological_Process_2023,Steroid Biosynthetic Process (GO:0006694),1/50,0.2374324069826741,0.3117481205740682,0,0,3.7846652679763495,5.441865346754643,AKR1C3
GO_Biological_Process_2023,Positive Regulation Of Transport (GO:0051050),1/50,0.2374324069826741,0.3117481205740682,0,0,3.7846652679763495,5.441865346754643,ACTB
GO_Biological_Process_2023,RNA Modification (GO:0009451),1/51,0.2415605864133505,0.3146468273516114,0,0,3.708785046728972,5.26882970368819,APOBEC3G
GO_Biological_Process_2023,Regulation Of Release Of Sequestered Calcium Ion Into Cytosol (GO:0051279),1/51,0.2415605864133505,0.3146468273516114,0,0,3.708785046728972,5.26882970368819,CALM1
GO_Biological_Process_2023,Regulation Of Stress-Activated MAPK Cascade (GO:0032872),1/51,0.2415605864133505,0.3146468273516114,0,0,3.708785046728972,5.26882970368819,GSTP1
GO_Biological_Process_2023,Positive Regulation Of Ras Protein Signal Transduction (GO:0046579),1/51,0.2415605864133505,0.3146468273516114,0,0,3.708785046728972,5.26882970368819,RAC1
GO_Biological_Process_2023,Regulated Exocytosis (GO:0045055),1/51,0.2415605864133505,0.3146468273516114,0,0,3.708785046728972,5.26882970368819,PLEK
GO_Biological_Process_2023,Negative Regulation Of MAP Kinase Activity (GO:0043407),1/51,0.2415605864133505,0.3146468273516114,0,0,3.708785046728972,5.26882970368819,GSTP1
GO_Biological_Process_2023,Regulation Of Neuron Projection Development (GO:0010975),2/174,0.2418648844591679,0.3146468273516114,0,0,2.1632294866169373,3.07043609676624,ABI3;CFL1
GO_Biological_Process_2023,Supramolecular Fiber Organization (GO:0097435),3/316,0.2436157825089371,0.3165086938108238,0,0,1.7872204472843451,2.523846510969764,RAC2;EVL;RAC1
GO_Biological_Process_2023,Negative Regulation Of Innate Immune Response (GO:0045824),1/52,0.245666623643169,0.317506471810362,0,0,3.635880520432472,5.103975813737589,ISG15
GO_Biological_Process_2023,Arachidonic Acid Metabolic Process (GO:0019369),1/52,0.245666623643169,0.317506471810362,0,0,3.635880520432472,5.103975813737589,AKR1C3
GO_Biological_Process_2023,Positive Regulation Of Telomere Maintenance (GO:0032206),1/52,0.245666623643169,0.317506471810362,0,0,3.635880520432472,5.103975813737589,HNRNPA2B1
GO_Biological_Process_2023,Regulation Of Cell Development (GO:0060284),1/52,0.245666623643169,0.317506471810362,0,0,3.635880520432472,5.103975813737589,CX3CR1
GO_Biological_Process_2023,Negative Regulation Of Metabolic Process (GO:0009892),1/53,0.2497506362945998,0.3190362966860049,0,0,3.565780014378145,4.946779206400968,GSTP1
GO_Biological_Process_2023,NADH Dehydrogenase Complex Assembly (GO:0010257),1/53,0.2497506362945998,0.3190362966860049,0,0,3.565780014378145,4.946779206400968,NDUFB2
GO_Biological_Process_2023,Actin Cytoskeleton Reorganization (GO:0031532),1/53,0.2497506362945998,0.3190362966860049,0,0,3.565780014378145,4.946779206400968,PLEK
GO_Biological_Process_2023,Regulation Of Receptor Signaling Pathway Via JAK-STAT (GO:0046425),1/53,0.2497506362945998,0.3190362966860049,0,0,3.565780014378145,4.946779206400968,CALM1
GO_Biological_Process_2023,Cellular Response To Alcohol (GO:0097306),1/53,0.2497506362945998,0.3190362966860049,0,0,3.565780014378145,4.946779206400968,AKR1C3
GO_Biological_Process_2023,Gonad Development (GO:0008406),1/53,0.2497506362945998,0.3190362966860049,0,0,3.565780014378145,4.946779206400968,AKR1C3
GO_Biological_Process_2023,Proton Motive Force-Driven Mitochondrial ATP Synthesis (GO:0042776),1/53,0.2497506362945998,0.3190362966860049,0,0,3.565780014378145,4.946779206400968,NDUFB2
GO_Biological_Process_2023,Mitochondrial Respiratory Chain Complex I Assembly (GO:0032981),1/53,0.2497506362945998,0.3190362966860049,0,0,3.565780014378145,4.946779206400968,NDUFB2
GO_Biological_Process_2023,Negative Regulation Of Cysteine-Type Endopeptidase Activity (GO:2000117),1/53,0.2497506362945998,0.3190362966860049,0,0,3.565780014378145,4.946779206400968,CST7
GO_Biological_Process_2023,Negative Regulation Of Protein Modification By Small Protein Conjugation Or Removal (GO:1903321),1/54,0.2538127414545097,0.3221469410768777,0,0,3.498324810439076,4.796757877346515,ISG15
GO_Biological_Process_2023,Negative Regulation Of Protein Ubiquitination (GO:0031397),1/54,0.2538127414545097,0.3221469410768777,0,0,3.498324810439076,4.796757877346515,ISG15
GO_Biological_Process_2023,Apical Junction Assembly (GO:0043297),1/54,0.2538127414545097,0.3221469410768777,0,0,3.498324810439076,4.796757877346515,RHOC
GO_Biological_Process_2023,Epidermal Cell Differentiation (GO:0009913),1/54,0.2538127414545097,0.3221469410768777,0,0,3.498324810439076,4.796757877346515,AKR1C3
GO_Biological_Process_2023,Positive Regulation Of Leukocyte Chemotaxis (GO:0002690),1/54,0.2538127414545097,0.3221469410768777,0,0,3.498324810439076,4.796757877346515,CALR
GO_Biological_Process_2023,Neuron Migration (GO:0001764),1/55,0.257853055534351,0.326855985888614,0,0,3.433367947386639,4.653468150572839,RAC1
GO_Biological_Process_2023,Positive Regulation Of Gene Expression (GO:0010628),4/480,0.2609047668733614,0.3303014312079639,0,0,1.5688429217840982,2.107897061235637,FGR;TYROBP;CCL3;ACTG1
GO_Biological_Process_2023,Positive Regulation Of Cellular Metabolic Process (GO:0031325),1/56,0.2618716943194929,0.3306798180820127,0,0,3.370773152081563,4.516501007732415,AKR1C3
GO_Biological_Process_2023,Regulation Of Cation Channel Activity (GO:2001257),1/56,0.2618716943194929,0.3306798180820127,0,0,3.370773152081563,4.516501007732415,CALM1
GO_Biological_Process_2023,Positive Regulation Of Cell Population Proliferation (GO:0008284),4/483,0.2644719934061859,0.3335379279899669,0,0,1.5587762967721217,2.073203522931923,BST2;AKR1C3;CALR;ACTB
GO_Biological_Process_2023,Negative Regulation Of Macromolecule Metabolic Process (GO:0010605),2/186,0.2658582373412699,0.3348596119183933,0,0,2.020918785890074,2.6772971505203134,CCL3;HAVCR2
GO_Biological_Process_2023,Response To Organic Cyclic Compound (GO:0014070),1/58,0.269844406237758,0.3381594457916209,0,0,3.2521724872929987,4.260052479988043,CCL3
GO_Biological_Process_2023,Selective Autophagy (GO:0061912),1/58,0.269844406237758,0.3381594457916209,0,0,3.2521724872929987,4.260052479988043,CALR
GO_Biological_Process_2023,Positive Regulation Of Type II Interferon Production (GO:0032729),1/58,0.269844406237758,0.3381594457916209,0,0,3.2521724872929987,4.260052479988043,ISG15
GO_Biological_Process_2023,mRNA Transport (GO:0051028),1/58,0.269844406237758,0.3381594457916209,0,0,3.2521724872929987,4.260052479988043,HNRNPA2B1
GO_Biological_Process_2023,Aerobic Respiration (GO:0009060),1/59,0.2737987080032929,0.3410368568039984,0,0,3.1959394134708345,4.139898741846775,NDUFB2
GO_Biological_Process_2023,Regulation Of Type I Interferon Production (GO:0032479),1/59,0.2737987080032929,0.3410368568039984,0,0,3.1959394134708345,4.139898741846775,TYROBP
GO_Biological_Process_2023,Glucose Metabolic Process (GO:0006006),1/59,0.2737987080032929,0.3410368568039984,0,0,3.1959394134708345,4.139898741846775,TPI1
GO_Biological_Process_2023,Positive Regulation Of Proteolysis (GO:0045862),1/59,0.2737987080032929,0.3410368568039984,0,0,3.1959394134708345,4.139898741846775,CTSC
GO_Biological_Process_2023,Intracellular Monoatomic Cation Homeostasis (GO:0030003),2/190,0.2738629304638169,0.3410368568039984,0,0,1.9775190686471296,2.5611394295093697,CCL3;CALR
GO_Biological_Process_2023,Regulation Of Extrinsic Apoptotic Signaling Pathway (GO:2001236),1/60,0.277731791604688,0.344719050984771,0,0,3.141612545540948,4.024717976625157,GSTP1
GO_Biological_Process_2023,Proton Motive Force-Driven ATP Synthesis (GO:0015986),1/60,0.277731791604688,0.344719050984771,0,0,3.141612545540948,4.024717976625157,NDUFB2
GO_Biological_Process_2023,Modification-Dependent Protein Catabolic Process (GO:0019941),2/192,0.2778644471574215,0.344719050984771,0,0,1.9565044687189672,2.505542439490176,UBB;ISG15
GO_Biological_Process_2023,Positive Regulation Of Cell Junction Assembly (GO:1901890),1/61,0.2816437699407288,0.348970378274495,0,0,3.0890965732087228,3.914232059143511,RAC1
GO_Biological_Process_2023,Regulation Of Embryonic Development (GO:0045995),1/62,0.2855347551569803,0.3507188679967872,0,0,3.038302436034932,3.808182517469033,CFL1
GO_Biological_Process_2023,Negative Regulation Of Kinase Activity (GO:0033673),1/62,0.2855347551569803,0.3507188679967872,0,0,3.038302436034932,3.808182517469033,GSTP1
GO_Biological_Process_2023,Phosphatidylinositol-Mediated Signaling (GO:0048015),1/62,0.2855347551569803,0.3507188679967872,0,0,3.038302436034932,3.808182517469033,FCGR3A
GO_Biological_Process_2023,Fat Cell Differentiation (GO:0045444),1/62,0.2855347551569803,0.3507188679967872,0,0,3.038302436034932,3.808182517469033,PSMB8
GO_Biological_Process_2023,Glycerophospholipid Metabolic Process (GO:0006650),1/62,0.2855347551569803,0.3507188679967872,0,0,3.038302436034932,3.808182517469033,PLEK
GO_Biological_Process_2023,mRNA Export From Nucleus (GO:0006406),1/62,0.2855347551569803,0.3507188679967872,0,0,3.038302436034932,3.808182517469033,HNRNPA2B1
GO_Biological_Process_2023,Protein-Containing Complex Disassembly (GO:0032984),1/62,0.2855347551569803,0.3507188679967872,0,0,3.038302436034932,3.808182517469033,PPP1CA
GO_Biological_Process_2023,Oxidative Phosphorylation (GO:0006119),1/63,0.2894048588657844,0.3541542772275978,0,0,2.9891468194151343,3.706328856610592,NDUFB2
GO_Biological_Process_2023,Phosphatidylinositol Metabolic Process (GO:0046488),1/63,0.2894048588657844,0.3541542772275978,0,0,2.9891468194151343,3.706328856610592,PLEK
GO_Biological_Process_2023,Protein Polymerization (GO:0051258),1/63,0.2894048588657844,0.3541542772275978,0,0,2.9891468194151343,3.706328856610592,RAC1
GO_Biological_Process_2023,Positive Regulation Of Cysteine-Type Endopeptidase Activity (GO:2001056),1/64,0.2932541921172858,0.3579798399458853,0,0,2.941551698561044,3.6084470514412463,CTSD
GO_Biological_Process_2023,Positive Regulation Of Type I Interferon Production (GO:0032481),1/64,0.2932541921172858,0.3579798399458853,0,0,2.941551698561044,3.6084470514412463,ISG15
GO_Biological_Process_2023,RNA Export From Nucleus (GO:0006405),1/65,0.2970828652850231,0.3604314174413883,0,0,2.895443925233645,3.514328187871248,HNRNPA2B1
GO_Biological_Process_2023,Antimicrobial Humoral Immune Response Mediated By Antimicrobial Peptide (GO:0061844),1/65,0.2970828652850231,0.3604314174413883,0,0,2.895443925233645,3.514328187871248,GNLY
GO_Biological_Process_2023,Canonical Wnt Signaling Pathway (GO:0060070),1/65,0.2970828652850231,0.3604314174413883,0,0,2.895443925233645,3.514328187871248,PPP1CA
GO_Biological_Process_2023,Positive Regulation Of Cell Cycle (GO:0045787),1/65,0.2970828652850231,0.3604314174413883,0,0,2.895443925233645,3.514328187871248,CALR
GO_Biological_Process_2023,Regulation Of Cell-Matrix Adhesion (GO:0001952),1/65,0.2970828652850231,0.3604314174413883,0,0,2.895443925233645,3.514328187871248,ACTG1
GO_Biological_Process_2023,Regulation Of Translation (GO:0006417),2/202,0.297846204798998,0.3609152298053953,0,0,1.857735849056604,2.2500488217259837,GZMB;CALR
GO_Biological_Process_2023,Negative Regulation Of Endopeptidase Activity (GO:0010951),1/66,0.3008909882822446,0.3637143814400758,0,0,2.850754852624012,3.4237772317379465,SERPINB1
GO_Biological_Process_2023,Regulation Of Endocytosis (GO:0030100),1/66,0.3008909882822446,0.3637143814400758,0,0,2.850754852624012,3.4237772317379465,FGR
GO_Biological_Process_2023,Regulation Of Neurogenesis (GO:0050767),1/67,0.304678670379657,0.3673957170229725,0,0,2.8074199943358824,3.336611918376091,CX3CR1
GO_Biological_Process_2023,Protein Secretion (GO:0009306),1/67,0.304678670379657,0.3673957170229725,0,0,2.8074199943358824,3.336611918376091,PRF1
GO_Biological_Process_2023,Negative Regulation Of Cell Differentiation (GO:0045596),2/207,0.3078099477180746,0.3705844175441269,0,0,1.8119650253106303,2.1349889939382463,CALR;ACTB
GO_Biological_Process_2023,Aerobic Electron Transport Chain (GO:0019646),1/68,0.30844602025895,0.3705844175441269,0,0,2.7653787139071,3.2526617438144703,NDUFB2
GO_Biological_Process_2023,Skin Development (GO:0043588),1/68,0.30844602025895,0.3705844175441269,0,0,2.7653787139071,3.2526617438144703,AKR1C3
GO_Biological_Process_2023,Regulation Of Heart Contraction (GO:0008016),1/69,0.3121931460707797,0.3741782259201839,0,0,2.724573941726223,3.1717670489627245,CALM1
GO_Biological_Process_2023,Cellular Response To Calcium Ion (GO:0071277),1/69,0.3121931460707797,0.3741782259201839,0,0,2.724573941726223,3.1717670489627245,AKR1C3
GO_Biological_Process_2023,Positive Regulation Of Macromolecule Metabolic Process (GO:0010604),3/364,0.3138793737136888,0.3752905555272366,0,0,1.5457855164226355,1.7911735986876705,TYROBP;CCL3;ACTG1
GO_Biological_Process_2023,Protein Modification By Small Protein Conjugation (GO:0032446),3/364,0.3138793737136888,0.3752905555272366,0,0,1.5457855164226355,1.7911735986876705,UBE2F;UBB;ISG15
GO_Biological_Process_2023,Negative Regulation Of Extrinsic Apoptotic Signaling Pathway (GO:2001237),1/70,0.3159201553053823,0.3759146078753949,0,0,2.684951916565082,3.093778188645756,GSTP1
GO_Biological_Process_2023,Sulfur Compound Biosynthetic Process (GO:0044272),1/70,0.3159201553053823,0.3759146078753949,0,0,2.684951916565082,3.093778188645756,GSTP1
GO_Biological_Process_2023,Mitochondrial ATP Synthesis Coupled Electron Transport (GO:0042775),1/70,0.3159201553053823,0.3759146078753949,0,0,2.684951916565082,3.093778188645756,NDUFB2
GO_Biological_Process_2023,Regulation Of G Protein-Coupled Receptor Signaling Pathway (GO:0008277),1/70,0.3159201553053823,0.3759146078753949,0,0,2.684951916565082,3.093778188645756,PLEK
GO_Biological_Process_2023,Regulation Of Double-Strand Break Repair Via Homologous Recombination (GO:0010569),1/71,0.319627155055696,0.3789591419223223,0,0,2.646461949265688,3.0185547717675925,ACTB
GO_Biological_Process_2023,Negative Regulation Of Protein Binding (GO:0032091),1/71,0.319627155055696,0.3789591419223223,0,0,2.646461949265688,3.0185547717675925,PPP1CA
GO_Biological_Process_2023,Negative Regulation Of Supramolecular Fiber Organization (GO:1902904),1/71,0.319627155055696,0.3789591419223223,0,0,2.646461949265688,3.0185547717675925,PFN1
GO_Biological_Process_2023,Plasma Membrane Organization (GO:0007009),1/72,0.3233142516743479,0.3828721401406751,0,0,2.609056206397262,2.9459649736477966,BIN2
GO_Biological_Process_2023,Cellular Response To Reactive Oxygen Species (GO:0034614),1/73,0.326981551055418,0.3862908538721525,0,0,2.5726895119418485,2.8758849031958693,PRDX5
GO_Biological_Process_2023,Ubiquitin-Dependent ERAD Pathway (GO:0030433),1/73,0.326981551055418,0.3862908538721525,0,0,2.5726895119418485,2.8758849031958693,CALR
GO_Biological_Process_2023,Negative Regulation Of Neuron Apoptotic Process (GO:0043524),1/74,0.3306291584936989,0.3892067382981711,0,0,2.5373191652797336,2.808198027883916,CX3CR1
GO_Biological_Process_2023,Positive Regulation Of Lymphocyte Proliferation (GO:0050671),1/74,0.3306291584936989,0.3892067382981711,0,0,2.5373191652797336,2.808198027883916,FCGR3A
GO_Biological_Process_2023,Regulation Of Cell Cycle G1/S Phase Transition (GO:1902806),1/74,0.3306291584936989,0.3892067382981711,0,0,2.5373191652797336,2.808198027883916,PSME2
GO_Biological_Process_2023,Positive Regulation Of Protein Phosphorylation (GO:0001934),3/377,0.3331081887900864,0.3916592718553273,0,0,1.4910618792971737,1.63910635737008,CX3CR1;RAC1;CALM1
GO_Biological_Process_2023,Positive Regulation Of Neurogenesis (GO:0050769),1/75,0.3342571787783859,0.3925440177824461,0,0,2.502904773932811,2.742794645682853,CX3CR1
GO_Biological_Process_2023,Negative Regulation Of Cell Population Proliferation (GO:0008285),3/379,0.3360666397657394,0.3942013902465427,0,0,1.4829787234042553,1.617107929394766,IFITM1;GSTP1;IGFBP7
GO_Biological_Process_2023,Regulation Of Ras Protein Signal Transduction (GO:0046578),1/76,0.3378657160890881,0.3958426732878073,0,0,2.469408099688473,2.679571402703941,ARHGDIB
GO_Biological_Process_2023,Positive Regulation Of Protein Modification Process (GO:0031401),2/225,0.3434226417044229,0.4018775594413459,0,0,1.6641847872070394,1.778669714922135,RAC1;CALM1
GO_Biological_Process_2023,Long-Chain Fatty Acid Metabolic Process (GO:0001676),1/78,0.3450247558692239,0.4032756886783136,0,0,2.405024881660396,2.559281033207697,GSTP1
GO_Biological_Process_2023,Regulation Of Neuron Differentiation (GO:0045664),1/79,0.3485754639703134,0.406466088728634,0,0,2.374071411454589,2.502035125563544,CALR
GO_Biological_Process_2023,Positive Regulation Of Protein Modification By Small Protein Conjugation Or Removal (GO:1903322),1/79,0.3485754639703134,0.406466088728634,0,0,2.374071411454589,2.502035125563544,UBB
GO_Biological_Process_2023,Regulation Of Cytokinesis (GO:0032465),1/80,0.352107100496036,0.4091385322665207,0,0,2.3439015734058914,2.446611075233223,CALM1
GO_Biological_Process_2023,Negative Regulation Of Protein Serine/Threonine Kinase Activity (GO:0071901),1/80,0.352107100496036,0.4091385322665207,0,0,2.3439015734058914,2.446611075233223,GSTP1
GO_Biological_Process_2023,Regulation Of Protein Localization To Plasma Membrane (GO:1903076),1/80,0.352107100496036,0.4091385322665207,0,0,2.3439015734058914,2.446611075233223,ACTB
GO_Biological_Process_2023,Negative Regulation Of Intracellular Signal Transduction (GO:1902532),2/231,0.3551749723648525,0.4122194872698758,0,0,1.6200873362445414,1.6770248699237948,GSTP1;PLEK
GO_Biological_Process_2023,Negative Regulation Of NF-kappaB Transcription Factor Activity (GO:0032088),1/81,0.3556197668636824,0.4122524229450182,0,0,2.3144859813084118,2.3929312933411757,HAVCR2
GO_Biological_Process_2023,Cellular Response To Organic Substance (GO:0071310),1/82,0.359113564028661,0.415815705717397,0,0,2.285796700126918,2.3409223589407766,CCL3
GO_Biological_Process_2023,Regulation Of Epithelial To Mesenchymal Transition (GO:0010717),1/83,0.3625885924366177,0.4183714528114819,0,0,2.257807157510828,2.2905147490825715,GLIPR2
GO_Biological_Process_2023,Phospholipase C-activating G Protein-Coupled Receptor Signaling Pathway (GO:0007200),1/83,0.3625885924366177,0.4183714528114819,0,0,2.257807157510828,2.2905147490825715,CX3CR1
GO_Biological_Process_2023,Regulation Of Cell Division (GO:0051302),1/83,0.3625885924366177,0.4183714528114819,0,0,2.257807157510828,2.2905147490825715,CALM1
GO_Biological_Process_2023,Regulation Of Cysteine-Type Endopeptidase Activity Involved In Apoptotic Process (GO:0043281),1/84,0.3660449519817009,0.4208879238813983,0,0,2.230492061704763,2.2416425892926948,CTSD
GO_Biological_Process_2023,Positive Regulation Of Protein Ubiquitination (GO:0031398),1/84,0.3660449519817009,0.4208879238813983,0,0,2.230492061704763,2.2416425892926948,UBB
GO_Biological_Process_2023,Purine Ribonucleotide Metabolic Process (GO:0009150),1/84,0.3660449519817009,0.4208879238813983,0,0,2.230492061704763,2.2416425892926948,TPST2
GO_Biological_Process_2023,Regulation Of Kinase Activity (GO:0043549),1/85,0.369482741955968,0.4214146480834198,0,0,2.2038273253226524,2.194243422787277,FGR
GO_Biological_Process_2023,Regulation Of Osteoblast Differentiation (GO:0045667),1/85,0.369482741955968,0.4214146480834198,0,0,2.2038273253226524,2.194243422787277,IFITM1
GO_Biological_Process_2023,Cellular Respiration (GO:0045333),1/85,0.369482741955968,0.4214146480834198,0,0,2.2038273253226524,2.194243422787277,NDUFB2
GO_Biological_Process_2023,Defense Response To Gram-positive Bacterium (GO:0050830),1/85,0.369482741955968,0.4214146480834198,0,0,2.2038273253226524,2.194243422787277,FGR
GO_Biological_Process_2023,Establishment Of Protein Localization To Organelle (GO:0072594),1/85,0.369482741955968,0.4214146480834198,0,0,2.2038273253226524,2.194243422787277,LAMP1
GO_Biological_Process_2023,Positive Regulation Of Protein Localization (GO:1903829),1/85,0.369482741955968,0.4214146480834198,0,0,2.2038273253226524,2.194243422787277,TYROBP
GO_Biological_Process_2023,mRNA Metabolic Process (GO:0016071),1/85,0.369482741955968,0.4214146480834198,0,0,2.2038273253226524,2.194243422787277,HNRNPA2B1
GO_Biological_Process_2023,Regulation Of Mitotic Cell Cycle Phase Transition (GO:1901990),1/86,0.3729020612665014,0.424336828337743,0,0,2.177789994502474,2.148257995201809,PSME2
GO_Biological_Process_2023,Exocytosis (GO:0006887),1/86,0.3729020612665014,0.424336828337743,0,0,2.177789994502474,2.148257995201809,CCL3
GO_Biological_Process_2023,Negative Regulation Of Protein Kinase Activity (GO:0006469),1/88,0.3796856806025477,0.4310651649042686,0,0,2.1275110108497155,2.060306182159224,GSTP1
GO_Biological_Process_2023,Positive Regulation Of Cell Adhesion (GO:0045785),1/88,0.3796856806025477,0.4310651649042686,0,0,2.1275110108497155,2.060306182159224,RAC1
GO_Biological_Process_2023,ERAD Pathway (GO:0036503),1/89,0.3830501756920451,0.4333939130687139,0,0,2.1032285471537806,2.018235591117378,CALR
GO_Biological_Process_2023,Cellular Response To Chemical Stress (GO:0062197),1/89,0.3830501756920451,0.4333939130687139,0,0,2.1032285471537806,2.018235591117378,PRDX5
GO_Biological_Process_2023,Positive Regulation Of DNA Repair (GO:0045739),1/89,0.3830501756920451,0.4333939130687139,0,0,2.1032285471537806,2.018235591117378,ACTB
GO_Biological_Process_2023,Regulation Of Peptidyl-Tyrosine Phosphorylation (GO:0050730),1/90,0.3863965902718104,0.4361831520742215,0,0,2.079491756799328,1.9773699982586797,ITGB2
GO_Biological_Process_2023,Mitochondrial Respiratory Chain Complex Assembly (GO:0033108),1/90,0.3863965902718104,0.4361831520742215,0,0,2.079491756799328,1.9773699982586797,NDUFB2
GO_Biological_Process_2023,Steroid Metabolic Process (GO:0008202),1/92,0.3930355624087314,0.4431722172945833,0,0,2.033583239190716,1.8990722451680675,AKR1C3
GO_Biological_Process_2023,Regulation Of Cell Population Proliferation (GO:0042127),5/766,0.3983423086491554,0.4486449210041682,0,0,1.2203539032698416,1.1232669050547512,IFITM1;AKR1C3;IGFBP7;CALR;ACTB
GO_Biological_Process_2023,Cellular Response To Hormone Stimulus (GO:0032870),1/94,0.3996033610453032,0.4489401754164249,0,0,1.9896492814792484,1.8250711061513003,AKR1C3
GO_Biological_Process_2023,Muscle Contraction (GO:0006936),1/94,0.3996033610453032,0.4489401754164249,0,0,1.9896492814792484,1.8250711061513003,MYL6
GO_Biological_Process_2023,Positive Regulation Of Cellular Process (GO:0048522),4/594,0.3999648835528149,0.4489401754164249,0,0,1.2582790091264668,1.1530598647445354,AKR1C3;CALR;CST7;ACTB
GO_Biological_Process_2023,T Cell Receptor Signaling Pathway (GO:0050852),1/95,0.4028608068365909,0.4516785943015006,0,0,1.9683833764167824,1.7895836370126594,CD247
GO_Biological_Process_2023,Regulation Of Defense Response (GO:0031347),1/97,0.409323260133277,0.4573702342347001,0,0,1.9271806853582556,1.721454278323343,FGR
GO_Biological_Process_2023,Regulation Of Protein Localization (GO:0032880),1/97,0.409323260133277,0.4573702342347001,0,0,1.9271806853582556,1.721454278323343,CTSD
GO_Biological_Process_2023,Monocarboxylic Acid Metabolic Process (GO:0032787),1/97,0.409323260133277,0.4573702342347001,0,0,1.9271806853582556,1.721454278323343,AOAH
GO_Biological_Process_2023,MAPK Cascade (GO:0000165),1/98,0.4125284536610831,0.4599134787437751,0,0,1.907216494845361,1.6887450303875085,CCL3
GO_Biological_Process_2023,Positive Regulation Of Cold-Induced Thermogenesis (GO:0120162),1/98,0.4125284536610831,0.4599134787437751,0,0,1.907216494845361,1.6887450303875085,UCP2
GO_Biological_Process_2023,Antimicrobial Humoral Response (GO:0019730),1/100,0.4188872357630098,0.4659532173094154,0,0,1.8684980647597471,1.6258801725332537,GNLY
GO_Biological_Process_2023,Protein Complex Oligomerization (GO:0051259),1/100,0.4188872357630098,0.4659532173094154,0,0,1.8684980647597471,1.6258801725332537,PRF1
GO_Biological_Process_2023,Hemopoiesis (GO:0030097),1/101,0.4220410074490178,0.4689344527211309,0,0,1.8497196261682245,1.595665806622413,PLEK
GO_Biological_Process_2023,Macroautophagy (GO:0016236),1/104,0.4314009334415126,0.4787970001200645,0,0,1.7955720896470375,1.509568665107465,CALR
GO_Biological_Process_2023,Lysosomal Transport (GO:0007041),1/105,0.4344874119222594,0.4811437783031732,0,0,1.778217109992811,1.4823009886086629,LAMP1
GO_Biological_Process_2023,Negative Regulation Of MAPK Cascade (GO:0043409),1/105,0.4344874119222594,0.4811437783031732,0,0,1.778217109992811,1.4823009886086629,GSTP1
GO_Biological_Process_2023,Regulation Of G1/S Transition Of Mitotic Cell Cycle (GO:2000045),1/106,0.4375572906338494,0.4840019192486156,0,0,1.7611927013796174,1.4557096563585978,PSME2
GO_Biological_Process_2023,Plasma Membrane Bounded Cell Projection Assembly (GO:0120031),2/275,0.4387018793663735,0.4847264068891849,0,0,1.3559333748012994,1.1172012185567195,RAP1B;RAC1
GO_Biological_Process_2023,Positive Regulation Of T Cell Activation (GO:0050870),1/107,0.4406106579835205,0.4862926994466948,0,0,1.7444895080232763,1.429772532343384,ACTB
GO_Biological_Process_2023,Positive Regulation Of Metabolic Process (GO:0009893),1/108,0.4436476018958359,0.4890992493060997,0,0,1.7280985238885491,1.404468390881233,UCP2
GO_Biological_Process_2023,Cellular Response To Salt (GO:1902075),1/109,0.4466682099470877,0.49078970904286,0,0,1.7120110764970575,1.3797768709485898,AKR1C3
GO_Biological_Process_2023,Positive Regulation Of Cysteine-Type Endopeptidase Activity Involved In Apoptotic Process (GO:0043280),1/109,0.4466682099470877,0.49078970904286,0,0,1.7120110764970575,1.3797768709485898,CTSD
GO_Biological_Process_2023,Regulation Of Wnt Signaling Pathway (GO:0030111),1/109,0.4466682099470877,0.49078970904286,0,0,1.7120110764970575,1.3797768709485898,PPP1CA
GO_Biological_Process_2023,Central Nervous System Development (GO:0007417),2/283,0.4532796078024917,0.4975020085637104,0,0,1.3167931242865776,1.0419074348220865,CX3CR1;GSTP1
GO_Biological_Process_2023,Calcium Ion Transport (GO:0006816),1/112,0.4556328871758929,0.4984271362476619,0,0,1.6654879178243664,1.3091865329048908,CCL3
GO_Biological_Process_2023,Small GTPase Mediated Signal Transduction (GO:0007264),1/112,0.4556328871758929,0.4984271362476619,0,0,1.6654879178243664,1.3091865329048908,RAC1
GO_Biological_Process_2023,Negative Regulation Of Defense Response (GO:0031348),1/112,0.4556328871758929,0.4984271362476619,0,0,1.6654879178243664,1.3091865329048908,AOAH
GO_Biological_Process_2023,Positive Regulation Of Cellular Component Organization (GO:0051130),1/113,0.4585890176972445,0.5011072047685122,0,0,1.6505340453938584,1.2867577551410967,RHOC
GO_Biological_Process_2023,Response To Endoplasmic Reticulum Stress (GO:0034976),1/114,0.4615292430820439,0.5032091967524487,0,0,1.635844843271855,1.2648513651191704,PDIA3
GO_Biological_Process_2023,Regulation Of MAP Kinase Activity (GO:0043405),1/114,0.4615292430820439,0.5032091967524487,0,0,1.635844843271855,1.2648513651191704,GSTP1
GO_Biological_Process_2023,Endoplasmic Reticulum To Golgi Vesicle-Mediated Transport (GO:0006888),1/115,0.4644536480346223,0.5058406067703808,0,0,1.6214133464502378,1.243451379965166,TRAPPC1
GO_Biological_Process_2023,Cellular Response To Oxidative Stress (GO:0034599),1/117,0.4702553336919282,0.5104745398629483,0,0,1.5932968095391558,1.2021097302114303,PRDX5
GO_Biological_Process_2023,Positive Regulation Of Protein Serine/Threonine Kinase Activity (GO:0071902),1/117,0.4702553336919282,0.5104745398629483,0,0,1.5932968095391558,1.2021097302114303,CALM1
GO_Biological_Process_2023,Protein Processing (GO:0016485),1/117,0.4702553336919282,0.5104745398629483,0,0,1.5932968095391558,1.2021097302114303,SRGN
GO_Biological_Process_2023,Regulation Of Protein Binding (GO:0043393),1/118,0.4731327816452936,0.5130355463623666,0,0,1.5795990095055517,1.1821390550450486,PPP1CA
GO_Biological_Process_2023,Regulation Of Protein-Containing Complex Assembly (GO:0043254),1/119,0.4759947439940393,0.5155741756609398,0,0,1.566133375574212,1.1626167102260518,RHOC
GO_Biological_Process_2023,Regulation Of Cell Cycle (GO:0051726),2/298,0.4800291423997769,0.5193757934161521,0,0,1.249107598164202,0.9167306382276738,CALR;ACTB
GO_Biological_Process_2023,Fatty Acid Metabolic Process (GO:0006631),1/122,0.4844885399305053,0.5230574204266087,0,0,1.527071908550243,1.1066102218816678,AOAH
GO_Biological_Process_2023,Protein Localization To Nucleus (GO:0034504),1/122,0.4844885399305053,0.5230574204266087,0,0,1.527071908550243,1.1066102218816678,CALR
GO_Biological_Process_2023,Organonitrogen Compound Biosynthetic Process (GO:1901566),1/123,0.4872893806571326,0.5249363295435923,0,0,1.5144783208212045,1.0887541055305607,GSTP1
GO_Biological_Process_2023,Modulation Of Chemical Synaptic Transmission (GO:0050804),1/123,0.4872893806571326,0.5249363295435923,0,0,1.5144783208212045,1.0887541055305607,CX3CR1
GO_Biological_Process_2023,Negative Regulation Of Growth (GO:0045926),1/124,0.4900751441332689,0.5267908715439047,0,0,1.502089506876377,1.071285045475212,BST2
GO_Biological_Process_2023,Protein Dephosphorylation (GO:0006470),1/124,0.4900751441332689,0.5267908715439047,0,0,1.502089506876377,1.071285045475212,PPP1CA
GO_Biological_Process_2023,Negative Regulation Of Cell Growth (GO:0030308),1/125,0.4928459107875811,0.5291946330582488,0,0,1.4899005125113054,1.0541920816483952,BST2
GO_Biological_Process_2023,Regulation Of Response To External Stimulus (GO:0032101),1/127,0.4983427731162494,0.5339386854816959,0,0,1.4661029520842606,1.0210925289525392,FGR
GO_Biological_Process_2023,Cytosolic Transport (GO:0016482),1/127,0.4983427731162494,0.5339386854816959,0,0,1.4661029520842606,1.0210925289525392,LAMP1
GO_Biological_Process_2023,Protein Homooligomerization (GO:0051260),1/129,0.5037806024224141,0.5385991321794708,0,0,1.4430490654205608,0.9893752456255066,PRF1
GO_Biological_Process_2023,Regulation Of DNA Repair (GO:0006282),1/129,0.5037806024224141,0.5385991321794708,0,0,1.4430490654205608,0.9893752456255066,ACTB
GO_Biological_Process_2023,Regulation Of Cell Cycle Process (GO:0010564),1/130,0.5064775762938996,0.5408983824497956,0,0,1.4317901905382888,0.974011398533109,CALM1
GO_Biological_Process_2023,Protein Phosphorylation (GO:0006468),3/500,0.5089992912119659,0.5425924937086571,0,0,1.1149755676918656,0.7529526509128106,FGR;ABI3;HCST
GO_Biological_Process_2023,Synapse Organization (GO:0050808),1/131,0.5091600269245884,0.5425924937086571,0,0,1.420704529115744,0.9589654944443032,CX3CR1
GO_Biological_Process_2023,Antigen Receptor-Mediated Signaling Pathway (GO:0050851),1/134,0.5171210121789799,0.5504836581260109,0,0,1.388447754901272,0.9156512563352872,CD247
GO_Biological_Process_2023,Non-Membrane-Bounded Organelle Assembly (GO:0140694),1/135,0.5197461406106328,0.5520908575155864,0,0,1.3780164597572884,0.9017943352398484,BIN2
GO_Biological_Process_2023,Cellular Response To Metal Ion (GO:0071248),1/135,0.5197461406106328,0.5520908575155864,0,0,1.3780164597572884,0.9017943352398484,AKR1C3
GO_Biological_Process_2023,Protein Modification Process (GO:0036211),4/711,0.538076248456854,0.5709490739252792,0,0,1.0436840387335438,0.6468284046672662,UBE2F;FGR;HCST;PPP1CA
GO_Biological_Process_2023,Positive Regulation Of Transferase Activity (GO:0051347),1/143,0.5402444202472914,0.5726359486561226,0,0,1.2998552060023694,0.80036454073392,HNRNPA2B1
GO_Biological_Process_2023,Regulation Of Cell Adhesion (GO:0030155),1/144,0.5427449727597176,0.5746711476279363,0,0,1.2906999542513562,0.788767048367952,RAC2
GO_Biological_Process_2023,Positive Regulation Of Protein Kinase Activity (GO:0045860),1/145,0.5452320503196295,0.5766877455303774,0,0,1.2816718587746625,0.7773901125694711,CALM1
GO_Biological_Process_2023,Regulation Of Cold-Induced Thermogenesis (GO:0120161),1/146,0.5477057248144507,0.5774533200919129,0,0,1.2727682887528198,0.7662283184379374,UCP2
GO_Biological_Process_2023,Negative Regulation Of Response To External Stimulus (GO:0032102),1/146,0.5477057248144507,0.5774533200919129,0,0,1.2727682887528198,0.7662283184379374,AOAH
GO_Biological_Process_2023,Neuron Projection Morphogenesis (GO:0048812),1/146,0.5477057248144507,0.5774533200919129,0,0,1.2727682887528198,0.7662283184379374,UBB
GO_Biological_Process_2023,Dephosphorylation (GO:0016311),1/147,0.5501660678196252,0.5794302203632222,0,0,1.2639866854436053,0.755276416603605,PPP1CA
GO_Biological_Process_2023,Axon Guidance (GO:0007411),1/149,0.555047043675657,0.5833296955826969,0,0,1.246779489770144,0.7339820846913534,RAC1
GO_Biological_Process_2023,Negative Regulation Of DNA-binding Transcription Factor Activity (GO:0043433),1/149,0.555047043675657,0.5833296955826969,0,0,1.246779489770144,0.7339820846913534,HAVCR2
GO_Biological_Process_2023,protein-RNA Complex Assembly (GO:0022618),1/150,0.5574678178328542,0.5852525340981184,0,0,1.2383491187354951,0.7236299306386814,EIF3G
GO_Biological_Process_2023,Positive Regulation Of NF-kappaB Transcription Factor Activity (GO:0051092),1/152,0.56227028865236,0.5896690527180469,0,0,1.2218233582967135,0.7034924166843454,CX3CR1
GO_Biological_Process_2023,Regulation Of Cellular Component Organization (GO:0051128),1/153,0.5646521243758188,0.5915403207746673,0,0,1.2137235612395474,0.6936981747747181,RAP1B
GO_Biological_Process_2023,Regulation Of Gene Expression (GO:0010468),6/1127,0.5734551539853209,0.6001274867288242,0,0,0.9849923912473108,0.5477301783523487,TYROBP;CCL3;CALR;LITAF;ACTG1;HAVCR2
GO_Biological_Process_2023,Protein Autophosphorylation (GO:0046777),1/162,0.5855189525065707,0.6114596655923049,0,0,1.1453532245893074,0.6130580178947658,FGR
GO_Biological_Process_2023,Mitochondrion Organization (GO:0007005),1/162,0.5855189525065707,0.6114596655923049,0,0,1.1453532245893074,0.6130580178947658,UCP2
GO_Biological_Process_2023,Brain Development (GO:0007420),1/169,0.6010608972060284,0.62702875472494,0,0,1.0972407654650644,0.5585603121886916,CX3CR1
GO_Biological_Process_2023,Metal Ion Transport (GO:0030001),1/171,0.6053944199172978,0.6308847112822367,0,0,1.0842221000549752,0.5441440744754975,CCL3
GO_Biological_Process_2023,Cell-Cell Adhesion Via Plasma-Membrane Adhesion Molecules (GO:0098742),1/172,0.6075436591612166,0.6317943514386601,0,0,1.0778269661693174,0.537114847928969,ITGB2
GO_Biological_Process_2023,Generation Of Neurons (GO:0048699),1/172,0.6075436591612166,0.6317943514386601,0,0,1.0778269661693174,0.537114847928969,RAC1
GO_Biological_Process_2023,"RNA Splicing, Via Transesterification Reactions With Bulged Adenosine As Nucleophile (GO:0000377)",1/180,0.624325205682766,0.6485644843923801,0,0,1.0292382394402966,0.4848575467976391,HNRNPA2B1
GO_Biological_Process_2023,RNA Processing (GO:0006396),1/183,0.6304332906934571,0.6542232261913234,0,0,1.0121187223990962,0.4669388805209843,HNRNPA2B1
GO_Biological_Process_2023,Phosphate-Containing Compound Metabolic Process (GO:0006796),1/184,0.6324473727009546,0.6556260722240264,0,0,1.006536949083295,0.4611532243219391,PPP1CA
GO_Biological_Process_2023,Endocytosis (GO:0006897),1/189,0.6423558106729161,0.6652011010106559,0,0,0.9795187910121296,0.4335476591441499,ITGB2
GO_Biological_Process_2023,Neuron Projection Development (GO:0031175),1/192,0.6481733626057767,0.6691257862145141,0,0,0.963986886529334,0.4179819025559273,UBB
GO_Biological_Process_2023,Transcription By RNA Polymerase II (GO:0006366),1/192,0.6481733626057767,0.6691257862145141,0,0,0.963986886529334,0.4179819025559273,DRAP1
GO_Biological_Process_2023,Protein Localization To Membrane (GO:0072657),1/192,0.6481733626057767,0.6691257862145141,0,0,0.963986886529334,0.4179819025559273,ITGB2
GO_Biological_Process_2023,Endomembrane System Organization (GO:0010256),1/196,0.6557844959164566,0.6762777614138459,0,0,0.9440210879463216,0.3983042626686592,SRGN
GO_Biological_Process_2023,Golgi Vesicle Transport (GO:0048193),1/197,0.6576616485137511,0.6775078376988696,0,0,0.9391569711996948,0.3935675267762052,TRAPPC1
GO_Biological_Process_2023,DNA-templated Transcription (GO:0006351),1/199,0.6613855799209482,0.6806358878604352,0,0,0.9295761351836118,0.3843037678934868,DRAP1
GO_Biological_Process_2023,Organic Substance Transport (GO:0071702),1/201,0.6650693735551436,0.6837161784211756,0,0,0.9201869158878504,0.3753110450684768,CCL3
GO_Biological_Process_2023,Regulation Of MAPK Cascade (GO:0043408),1/204,0.6705207418621228,0.688605326186205,0,0,0.9064499792827218,0.3623086384983615,GSTP1
GO_Biological_Process_2023,Regulation Of Canonical Wnt Signaling Pathway (GO:0060828),1/207,0.6758841909312651,0.6933941440641994,0,0,0.893113147627257,0.3498623685152733,PPP1CA
GO_Biological_Process_2023,Phosphorylation (GO:0016310),2/429,0.6770204289925599,0.6938408123215676,0,0,0.8601033979939021,0.3354866252377744,FGR;HCST
GO_Biological_Process_2023,Nervous System Development (GO:0007399),2/433,0.6819710965533601,0.6980053311927558,0,0,0.8519458915203783,0.3260976270987402,GSTP1;EVL
GO_Biological_Process_2023,"mRNA Splicing, Via Spliceosome (GO:0000398)",1/211,0.6829011180802418,0.6980053311927558,0,0,0.8759234534935469,0.3340817650125082,HNRNPA2B1
GO_Biological_Process_2023,Protein Ubiquitination (GO:0016567),2/434,0.6831991575007882,0.6980053311927558,0,0,0.8499301187980434,0.3237969166610853,UBB;ISG15
GO_Biological_Process_2023,mRNA Processing (GO:0006397),1/214,0.6880648473427021,0.7022517514116238,0,0,0.8634548725374052,0.322821764707369,HNRNPA2B1
GO_Biological_Process_2023,Regulation Of Cell Growth (GO:0001558),1/227,0.709495120442205,0.723378135157346,0,0,0.8132495244396659,0.2791085866725901,BST2
GO_Biological_Process_2023,Positive Regulation Of Phosphorylation (GO:0042327),1/231,0.715790695224909,0.7290460784698148,0,0,0.7989435188947582,0.2671407309646622,RAC1
GO_Biological_Process_2023,Positive Regulation Of Developmental Process (GO:0051094),1/233,0.7188876025258938,0.7314478175751643,0,0,0.7919755075733161,0.2613917207639683,CFL1
GO_Biological_Process_2023,Positive Regulation Of DNA-binding Transcription Factor Activity (GO:0051091),1/246,0.738218271641687,0.7503450604982239,0,0,0.7494564180812512,0.2274718171419489,CX3CR1
GO_Biological_Process_2023,Positive Regulation Of Signal Transduction (GO:0009967),1/266,0.7654159696017737,0.7771915999033394,0,0,0.6921883265737965,0.1850467489834416,CD63
GO_Biological_Process_2023,Monoatomic Cation Transmembrane Transport (GO:0098655),1/281,0.7839590769638146,0.795204391592394,0,0,0.6546061415220293,0.1593301252764191,UCP2
GO_Biological_Process_2023,Inorganic Cation Transmembrane Transport (GO:0098662),1/284,0.7874895601407149,0.7979679268570191,0,0,0.6475677817773521,0.1547072879707456,UCP2
GO_Biological_Process_2023,Protein Transport (GO:0015031),1/313,0.8188027089348027,0.8288493679401376,0,0,0.5865085070692547,0.1172501571576082,PRF1
GO_Biological_Process_2023,Proteasome-Mediated Ubiquitin-Dependent Protein Catabolic Process (GO:0043161),1/319,0.824686323652752,0.8339524621207605,0,0,0.5752659730794099,0.1108837696437637,CALR
GO_Biological_Process_2023,Intracellular Protein Transport (GO:0006886),1/325,0.8303806025719349,0.8388538740267505,0,0,0.564439829237337,0.1049130666089716,CALR
GO_Biological_Process_2023,Protein Localization (GO:0008104),1/351,0.8530113994710302,0.8608371921267277,0,0,0.5218157543391189,0.082959504078077,ACTB
GO_Biological_Process_2023,Vesicle-Mediated Transport (GO:0016192),1/411,0.8944522442390604,0.9017390242328612,0,0,0.4440847959881468,0.0495348904241964,CCL3
GO_Biological_Process_2023,Regulation Of Nucleic Acid-Templated Transcription (GO:1903506),1/452,0.9158782574702012,0.9224002796495414,0,0,0.4028638332262677,0.0354003821990496,CALR
GO_Biological_Process_2023,Negative Regulation Of Nucleic Acid-Templated Transcription (GO:1903507),1/456,0.9177220491820186,0.9233179153355676,0,0,0.3992400123241245,0.0342790320672463,CALR
GO_Biological_Process_2023,Negative Regulation Of DNA-templated Transcription (GO:0045892),3/1025,0.9198272165337644,0.9244963902217532,0,0,0.5275370422141459,0.044085972397283,DRAP1;PRDX5;CALR
GO_Biological_Process_2023,Negative Regulation Of Transcription By RNA Polymerase II (GO:0000122),2/763,0.9213848535589836,0.925122723147458,0,0,0.4743262341011082,0.0388366296896122,DRAP1;CALR
GO_Biological_Process_2023,Regulation Of Transcription By RNA Polymerase II (GO:0006357),5/2028,0.988091832102148,0.9910951507407564,0,0,0.4287825924201777,0.0051366602729731,DRAP1;CALR;LITAF;ACTB;HAVCR2
GO_Biological_Process_2023,Positive Regulation Of DNA-templated Transcription (GO:0045893),2/1243,0.99213097918006,0.9941393414860924,0,0,0.2835662049777264,0.0022402141220778,LITAF;ACTB
GO_Biological_Process_2023,Positive Regulation Of Transcription By RNA Polymerase II (GO:0045944),1/938,0.9944925572044272,0.9954981108517524,0,0,0.1890603337356247,0.0010441168262729,LITAF
GO_Biological_Process_2023,Regulation Of DNA-templated Transcription (GO:0006355),3/1922,0.9986066308296634,0.9986066308296634,0,0,0.2675947293977518,0.00037311825223099225,CALR;ACTB;HAVCR2
Reactome_2022,Immune System R-HSA-168256,50/1943,8.509705629797927e-23,5.352604841142896e-20,0,0,8.19671384592965,416.5426516629581,IFITM1;IFITM2;ITGB2;ACTG1;LAMP1;CAPZB;GNLY;RAC2;CTSD;CTSC;HAVCR2;PDIA3;CAP1;CD53;SERPINB1;FCER1G;HLA-B;CYBA;FGR;TYROBP;BIN2;PSME2;EVL;HCST;CD63;GSTP1;PSMB10;PLAC8;RAP1B;PRDX5;UBB;CCL4;CCL3;CD99;UBE2F;TRAPPC1;SH2D1B;ISG15;ARPC5;PSMB8;BST2;GZMM;ARPC2;ARPC3;IL2RB;HNRNPA2B1;KLRD1;CALR;CD247;CALM1
Reactome_2022,Innate Immune System R-HSA-168249,35/1035,4.182163523569474e-19,1.3152904281625995e-16,0,0,9.057808219178082,383.31093745564016,CD63;GSTP1;ITGB2;PSMB10;ACTG1;PLAC8;RAP1B;PRDX5;LAMP1;UBB;GNLY;RAC2;CTSD;CTSC;CAP1;CD53;SERPINB1;TRAPPC1;FCER1G;HLA-B;CYBA;ISG15;ARPC5;PSMB8;BST2;FGR;GZMM;TYROBP;BIN2;ARPC2;ARPC3;PSME2;KLRD1;CD247;CALM1
Reactome_2022,Neutrophil Degranulation R-HSA-6798695,21/468,6.829343466603759e-14,1.4318856801645879e-11,0,0,10.500269999228571,318.31529397453454,CAP1;CD53;CD63;SERPINB1;TRAPPC1;FCER1G;GSTP1;ITGB2;HLA-B;CYBA;ARPC5;PLAC8;RAP1B;BST2;FGR;PRDX5;TYROBP;LAMP1;BIN2;CTSD;CTSC
Reactome_2022,Adaptive Immune System R-HSA-1280218,23/733,6.4442459543194655e-12,1.0133576763167359e-09,0,0,7.310455675227837,188.37460452693404,PDIA3;UBE2F;IFITM1;ITGB2;HLA-B;SH2D1B;CYBA;PSMB10;PSMB8;RAP1B;TYROBP;UBB;CAPZB;PSME2;KLRD1;EVL;CALR;CD247;CALM1;CTSD;HCST;CD99;CTSC
Reactome_2022,Immunoregulatory Interactions Between A Lymphoid And A non-Lymphoid Cell R-HSA-198933,9/123,2.1960235936763675e-08,2.76259768084487e-06,0,0,15.771929824561404,278.1227227422911,IFITM1;TYROBP;ITGB2;HLA-B;SH2D1B;KLRD1;CD247;HCST;CD99
Reactome_2022,Antigen processing-Cross Presentation R-HSA-1236975,8/104,9.324702962826997e-08,9.775396939363637e-06,0,0,16.496666666666666,267.0482648954631,PDIA3;UBB;HLA-B;PSME2;CYBA;CALR;PSMB10;PSMB8
Reactome_2022,RHO GTPase Effectors R-HSA-195258,11/269,2.314999759117312e-07,2.080192640692556e-05,0,0,8.629984815791577,131.85482876753937,MYL6;ARPC2;ARPC3;RAC2;CYBA;EVL;ARPC5;PFN1;CALM1;RHOC;ACTG1
Reactome_2022,ER-Phagosome Pathway R-HSA-1236974,7/89,5.267737787600565e-07,4.141758835500944e-05,0,0,16.743540207679306,242.05289931515128,PDIA3;UBB;HLA-B;PSME2;CALR;PSMB10;PSMB8
Reactome_2022,Axon Guidance R-HSA-422475,14/519,7.894693315293365e-07,5.355663763597643e-05,0,0,5.717674320623551,80.34421551348794,CAP1;ARPC5;RHOC;PSMB10;PSMB8;ACTG1;MYL6;TYROBP;UBB;ARPC2;ARPC3;PSME2;EVL;PFN1
Reactome_2022,FCGR3A-mediated Phagocytosis R-HSA-9664422,6/60,8.514568781554282e-07,5.355663763597643e-05,0,0,21.61002178649237,302.0285144400549,FGR;ARPC2;ARPC3;ARPC5;CD247;ACTG1
Reactome_2022,Cytokine Signaling In Immune System R-HSA-1280215,16/702,1.1277416137694133e-06,6.234609014803444e-05,0,0,4.869058182279123,66.68318085996661,IFITM1;IFITM2;ITGB2;HLA-B;ISG15;PSMB10;PSMB8;RAP1B;BST2;UBB;CCL4;IL2RB;HNRNPA2B1;CCL3;PSME2;HAVCR2
Reactome_2022,"Platelet Activation, Signaling And Aggregation R-HSA-76002",10/254,1.1894325624426285e-06,6.234609014803444e-05,0,0,8.216794914687187,112.09379726394904,RAP1B;SRGN;CAP1;CD63;FCER1G;PLEK;RAC2;CTSW;PFN1;CALM1
Reactome_2022,Nervous System Development R-HSA-9675108,14/545,1.4058780676715577e-06,6.802286958195459e-05,0,0,5.430420322955484,73.1740910952901,CAP1;ARPC5;RHOC;PSMB10;PSMB8;ACTG1;MYL6;TYROBP;UBB;ARPC2;ARPC3;PSME2;EVL;PFN1
Reactome_2022,Interferon Alpha/Beta Signaling R-HSA-909733,6/72,2.521526943605811e-06,0.00011241933575839398,0,0,17.67023172905526,227.78070036583992,BST2;IFITM1;IFITM2;HLA-B;ISG15;PSMB8
Reactome_2022,Hemostasis R-HSA-109582,14/576,2.6809062581493e-06,0.00011241933575839398,0,0,5.122662224577876,65.72045562860541,SRGN;CAP1;CD63;FCER1G;ITGB2;PLEK;CTSW;RAP1B;FGR;CAPZB;RAC2;PFN1;CALM1;CD99
Reactome_2022,Signal Transduction R-HSA-162582,31/2465,4.026219705026596e-06,0.00015828076215385807,0,0,2.8876521998954208,35.87238691375578,CX3CR1;PSMB10;ACTG1;RAP1B;UBB;CAPZB;ARHGDIB;CCL4;EFHD2;RAC2;CCL3;S1PR5;CTSD;FGFBP2;AKR1C3;GZMB;CYBA;ARPC5;RHOC;PSMB8;PPP1CA;DRAP1;MYL6;ARPC2;ARPC3;IL2RB;XCL2;PSME2;EVL;PFN1;CALM1
Reactome_2022,Platelet Degranulation R-HSA-114608,7/125,5.200210499342309e-06,0.00019240778847566544,0,0,11.61419701292163,141.3077452290271,SRGN;CAP1;CD63;PLEK;CTSW;PFN1;CALM1
Reactome_2022,Response To Elevated Platelet Cytosolic Ca2+ R-HSA-76005,7/130,6.738698887312906e-06,0.00023548008889554543,0,0,11.139257828221847,132.64231324632726,SRGN;CAP1;CD63;PLEK;CTSW;PFN1;CALM1
Reactome_2022,Fcgamma Receptor (FCGR) Dependent Phagocytosis R-HSA-2029480,6/87,7.6333275666468e-06,0.0002527033178642546,0,0,14.387073347857662,169.52269378792448,FGR;ARPC2;ARPC3;ARPC5;CD247;ACTG1
Reactome_2022,PCP/CE Pathway R-HSA-4086400,6/88,8.156198338283117e-06,0.00025651243773900403,0,0,14.21090387374462,166.50535767265498,UBB;RAC2;PSME2;PFN1;PSMB10;PSMB8
Reactome_2022,Signaling By Rho GTPases R-HSA-194315,14/644,9.60271175775932e-06,0.0002792101436532935,0,0,4.553664302600473,52.610601253920464,CYBA;ARPC5;RHOC;ACTG1;MYL6;ARPC2;CAPZB;ARPC3;ARHGDIB;EFHD2;RAC2;EVL;PFN1;CALM1
Reactome_2022,Vif-mediated Degradation Of APOBEC3G R-HSA-180585,5/53,9.765696598366386e-06,0.0002792101436532935,0,0,20.068770226537215,231.52607017787537,UBB;APOBEC3G;PSME2;PSMB10;PSMB8
Reactome_2022,Beta-catenin Independent WNT Signaling R-HSA-3858494,7/142,1.2026013715034067e-05,0.0003288853315981056,0,0,10.142940960762743,114.9036823242456,UBB;RAC2;PSME2;PFN1;CALM1;PSMB10;PSMB8
Reactome_2022,"Signaling By Rho GTPases, Miro GTPases And RHOBTB3 R-HSA-9716542",14/660,1.265017686787947e-05,0.0003315400520790078,0,0,4.437191225874448,50.041929860506464,CYBA;ARPC5;RHOC;ACTG1;MYL6;ARPC2;CAPZB;ARPC3;ARHGDIB;EFHD2;RAC2;EVL;PFN1;CALM1
Reactome_2022,Regulation Of Actin Dynamics For Phagocytic Cup Formation R-HSA-2029482,5/62,2.1188610251415885e-05,0.0005331054339256237,0,0,16.89235223982286,181.79628491011584,ARPC2;ARPC3;ARPC5;CD247;ACTG1
Reactome_2022,EPHB-mediated Forward Signaling R-HSA-3928662,4/34,3.2912859038625586e-05,0.0007960513528409029,0,0,25.464102564102564,262.831481004106,ARPC2;ARPC3;ARPC5;ACTG1
Reactome_2022,Signaling By Interleukins R-HSA-449147,11/453,3.417072579762222e-05,0.0007960513528409029,0,0,4.990203853151094,51.31996129847605,RAP1B;UBB;ITGB2;CCL4;IL2RB;HNRNPA2B1;CCL3;PSME2;PSMB10;PSMB8;HAVCR2
Reactome_2022,TCR Signaling R-HSA-202403,6/116,3.95252575125018e-05,0.0008879066776915583,0,0,10.578609625668449,107.25198117132422,UBB;PSME2;EVL;CD247;PSMB10;PSMB8
Reactome_2022,RHO GTPases Activate WASPs And WAVEs R-HSA-5663213,4/36,4.145899962023739e-05,0.0008992314055561834,0,0,23.870192307692307,240.86946973511,ARPC2;ARPC3;ARPC5;ACTG1
Reactome_2022,Infectious Disease R-HSA-5663205,16/961,5.686312245024221e-05,0.0011642281978714,0,0,3.4869105129974693,34.08407443565823,APOBEC3G;HLA-B;CYBA;ISG15;ARPC5;PSMB10;PSMB8;ACTG1;FGR;UBB;ARPC2;ARPC3;PSME2;CALR;CD247;CALM1
Reactome_2022,Leishmania Infection R-HSA-9658195,8/247,5.875625321273065e-05,0.0011642281978714,0,0,6.578410041841004,64.0876138099419,FGR;ARPC2;ARPC3;CYBA;ARPC5;CD247;CALM1;ACTG1
Reactome_2022,Cellular Response To Chemical Stress R-HSA-9711123,7/182,5.922941547199591e-05,0.0011642281978714,0,0,7.808712871287128,76.01073149368163,PRDX5;UBB;GSTP1;PSME2;CYBA;PSMB10;PSMB8
Reactome_2022,Downstream Signaling Events Of B Cell Receptor (BCR) R-HSA-1168372,5/79,6.862073172581236e-05,0.0013079527350162,0,0,13.0005247966413,124.63493732409698,UBB;PSME2;CALM1;PSMB10;PSMB8
Reactome_2022,Fc Epsilon Receptor (FCERI) Signaling R-HSA-2454202,6/130,7.473862870073706e-05,0.0013431599272218,0,0,9.377609108159392,89.10147936701183,FCER1G;UBB;PSME2;CALM1;PSMB10;PSMB8
Reactome_2022,Host Interactions Of HIV Factors R-HSA-162909,6/130,7.473862870073706e-05,0.0013431599272218,0,0,9.377609108159392,89.10147936701183,UBB;APOBEC3G;PSME2;CD247;PSMB10;PSMB8
Reactome_2022,Interferon Signaling R-HSA-913531,7/200,0.00010701408354868132,0.00186977384867,0,0,7.073975273174986,64.67417341341343,BST2;IFITM1;IFITM2;UBB;HLA-B;ISG15;PSMB8
Reactome_2022,C-type Lectin Receptors (CLRs) R-HSA-5621481,6/141,0.00011706592396944551,0.0019901207074805,0,0,8.608714596949891,77.93274190124045,FCER1G;UBB;PSME2;CALM1;PSMB10;PSMB8
Reactome_2022,EPH-Ephrin Signaling R-HSA-2682334,5/91,0.0001345176880647238,0.0022219043892886,0,0,11.179724542786182,99.65399473553322,MYL6;ARPC2;ARPC3;ARPC5;ACTG1
Reactome_2022,Signaling By ROBO Receptors R-HSA-376176,7/209,0.00014062402384516318,0.0022219043892886,0,0,6.755710224487795,59.919236287807976,CAP1;UBB;PSME2;EVL;PFN1;PSMB10;PSMB8
Reactome_2022,Regulation Of Activated PAK-2p34 By Proteasome Mediated Degradation R-HSA-211733,4/49,0.000141297576425352,0.0022219043892886,0,0,16.96324786324786,150.3731265963066,UBB;PSME2;PSMB10;PSMB8
Reactome_2022,Downstream TCR Signaling R-HSA-202424,5/94,0.00015675584163447708,0.0022600266345653,0,0,10.80124359114214,94.62776288848526,UBB;PSME2;CD247;PSMB10;PSMB8
Reactome_2022,Autodegradation Of E3 Ubiquitin Ligase COP1 R-HSA-349425,4/51,0.00016528016723371363,0.0022600266345653,0,0,16.23977086743044,141.4137898458566,UBB;PSME2;PSMB10;PSMB8
Reactome_2022,GSK3B And BTRC:CUL1-mediated-degradation Of NFE2L2 R-HSA-9762114,4/51,0.00016528016723371363,0.0022600266345653,0,0,16.23977086743044,141.4137898458566,UBB;PSME2;PSMB10;PSMB8
Reactome_2022,Ubiquitin Mediated Degradation Of Phosphorylated Cdc25A R-HSA-69601,4/51,0.00016528016723371363,0.0022600266345653,0,0,16.23977086743044,141.4137898458566,UBB;PSME2;PSMB10;PSMB8
Reactome_2022,Ubiquitin-dependent Degradation Of Cyclin D R-HSA-75815,4/51,0.00016528016723371363,0.0022600266345653,0,0,16.23977086743044,141.4137898458566,UBB;PSME2;PSMB10;PSMB8
Reactome_2022,Vpu Mediated Degradation Of CD4 R-HSA-180534,4/51,0.00016528016723371363,0.0022600266345653,0,0,16.23977086743044,141.4137898458566,UBB;PSME2;PSMB10;PSMB8
Reactome_2022,Regulation Of Apoptosis R-HSA-169911,4/52,0.00017831340447074012,0.0023863644981296,0,0,15.900641025641026,137.25382223286428,UBB;PSME2;PSMB10;PSMB8
Reactome_2022,Negative Regulation Of NOTCH4 Signaling R-HSA-9604323,4/53,0.00019207249264700503,0.0024062871641048,0,0,15.575353218210362,133.2882297558841,UBB;PSME2;PSMB10;PSMB8
Reactome_2022,CLEC7A (Dectin-1) Signaling R-HSA-5607764,5/99,0.0001999409934927058,0.0024062871641048,0,0,10.224127246436687,87.08388386678153,UBB;PSME2;CALM1;PSMB10;PSMB8
Reactome_2022,AUF1 (hnRNP D0) Binds And Destabilizes mRNA R-HSA-450408,4/54,0.00020658109198991976,0.0024062871641048,0,0,15.263076923076923,129.50442256785368,UBB;PSME2;PSMB10;PSMB8
Reactome_2022,Regulation Of RUNX3 Expression And Activity R-HSA-8941858,4/54,0.00020658109198991976,0.0024062871641048,0,0,15.263076923076923,129.50442256785368,UBB;PSME2;PSMB10;PSMB8
Reactome_2022,SCF-beta-TrCP Mediated Degradation Of Emi1 R-HSA-174113,4/54,0.00020658109198991976,0.0024062871641048,0,0,15.263076923076923,129.50442256785368,UBB;PSME2;PSMB10;PSMB8
Reactome_2022,Degradation Of AXIN R-HSA-4641257,4/54,0.00020658109198991976,0.0024062871641048,0,0,15.263076923076923,129.50442256785368,UBB;PSME2;PSMB10;PSMB8
Reactome_2022,FBXL7 Down-Regulates AURKA During Mitotic Entry And In Early Mitosis R-HSA-8854050,4/54,0.00020658109198991976,0.0024062871641048,0,0,15.263076923076923,129.50442256785368,UBB;PSME2;PSMB10;PSMB8
Reactome_2022,Class I MHC Mediated Antigen Processing And Presentation R-HSA-983169,9/378,0.000211036201998066,0.0024134867464869,0,0,4.809805370780981,40.70769572360901,PDIA3;UBE2F;UBB;HLA-B;PSME2;CYBA;CALR;PSMB10;PSMB8
Reactome_2022,Degradation Of DVL R-HSA-4641258,4/55,0.0002218630470789732,0.0024482781861872,0,0,14.963046757164404,125.89084980162004,UBB;PSME2;PSMB10;PSMB8
Reactome_2022,Hh Mutants Are Degraded By ERAD R-HSA-5362768,4/55,0.0002218630470789732,0.0024482781861872,0,0,14.963046757164404,125.89084980162004,UBB;PSME2;PSMB10;PSMB8
Reactome_2022,Chemokine Receptors Bind Chemokines R-HSA-380108,4/56,0.00023794237869751185,0.0025367077322158,0,0,14.674556213017752,122.4368959135931,CX3CR1;CCL4;XCL2;CCL3
Reactome_2022,Stabilization Of P53 R-HSA-69541,4/56,0.00023794237869751185,0.0025367077322158,0,0,14.674556213017752,122.4368959135931,UBB;PSME2;PSMB10;PSMB8
Reactome_2022,Hh Mutants Abrogate Ligand Secretion R-HSA-5387390,4/58,0.0002725900873987612,0.0027752939578006,0,0,14.12962962962963,115.96952018769905,UBB;PSME2;PSMB10;PSMB8
Reactome_2022,NIK To Noncanonical NF-kB Signaling R-HSA-5676590,4/58,0.0002725900873987612,0.0027752939578006,0,0,14.12962962962963,115.96952018769905,UBB;PSME2;PSMB10;PSMB8
Reactome_2022,SCF(Skp2)-mediated Degradation Of P27/P21 R-HSA-187577,4/59,0.0002912073151269398,0.0027752939578006,0,0,13.872027972027972,112.93877061664618,UBB;PSME2;PSMB10;PSMB8
Reactome_2022,Degradation Of GLI1 By Proteasome R-HSA-5610780,4/59,0.0002912073151269398,0.0027752939578006,0,0,13.872027972027972,112.93877061664618,UBB;PSME2;PSMB10;PSMB8
Reactome_2022,Degradation Of GLI2 By Proteasome R-HSA-5610783,4/59,0.0002912073151269398,0.0027752939578006,0,0,13.872027972027972,112.93877061664618,UBB;PSME2;PSMB10;PSMB8
Reactome_2022,GLI3 Is Processed To GLI3R By Proteasome R-HSA-5610785,4/59,0.0002912073151269398,0.0027752939578006,0,0,13.872027972027972,112.93877061664618,UBB;PSME2;PSMB10;PSMB8
Reactome_2022,Role Of GTSE1 In G2/M Progression After G2 Checkpoint R-HSA-8852276,4/59,0.0002912073151269398,0.0027752939578006,0,0,13.872027972027972,112.93877061664618,UBB;PSME2;PSMB10;PSMB8
Reactome_2022,Defective CFTR Causes Cystic Fibrosis R-HSA-5678895,4/60,0.00031071960518130865,0.0028948323895161,0,0,13.623626373626374,110.03284838520246,UBB;PSME2;PSMB10;PSMB8
Reactome_2022,Signaling By B Cell Receptor (BCR) R-HSA-983705,5/109,0.000312954852920663,0.0028948323895161,0,0,9.236370425690811,74.53244427324665,UBB;PSME2;CALM1;PSMB10;PSMB8
Reactome_2022,Dectin-1 Mediated Noncanonical NF-kB Signaling R-HSA-5607761,4/61,0.00033115174101903223,0.0030187600739271,0,0,13.383940620782726,107.24463092098664,UBB;PSME2;PSMB10;PSMB8
Reactome_2022,Asymmetric Localization Of PCP Proteins R-HSA-4608870,4/62,0.00035252863570958486,0.0031240017188905,0,0,13.152519893899203,104.5675140546595,UBB;PSME2;PSMB10;PSMB8
Reactome_2022,Disease R-HSA-1643685,21/1736,0.00035262976477142547,0.0031240017188905,0,0,2.5583391977480647,20.339031673202435,SPON2;APOBEC3G;HLA-B;CYBA;ISG15;ARPC5;PSMB10;PSMB8;ACTG1;TPST2;RAP1B;FGR;BIN2;UBB;ARPC2;ARPC3;RAC2;PSME2;CALR;CD247;CALM1
Reactome_2022,Calnexin/calreticulin Cycle R-HSA-901042,3/26,0.0003636905569055385,0.0031772411151886,0,0,24.681987577639752,195.46177300147025,PDIA3;UBB;CALR
Reactome_2022,Autodegradation Of Cdh1 By Cdh1:APC/C R-HSA-174084,4/63,0.0003748753247923372,0.0032300901273202,0,0,12.928943937418511,101.99536632449482,UBB;PSME2;PSMB10;PSMB8
Reactome_2022,Oxygen-dependent Proline Hydroxylation Of Hypoxia-inducible Factor Alpha R-HSA-1234176,4/64,0.0003982169588890113,0.0033397128952158,0,0,12.712820512820512,99.52248800397832,UBB;PSME2;PSMB10;PSMB8
Reactome_2022,Hedgehog Ligand Biogenesis R-HSA-5358346,4/64,0.0003982169588890113,0.0033397128952158,0,0,12.712820512820512,99.52248800397832,UBB;PSME2;PSMB10;PSMB8
Reactome_2022,Regulation Of RAS By GAPs R-HSA-5658442,4/65,0.00042257879680403823,0.00345197484662,0,0,12.50378310214376,97.14357427042498,UBB;PSME2;PSMB10;PSMB8
Reactome_2022,p53-Dependent G1 DNA Damage Response R-HSA-69563,4/65,0.00042257879680403823,0.00345197484662,0,0,12.50378310214376,97.14357427042498,UBB;PSME2;PSMB10;PSMB8
Reactome_2022,Activation Of NF-kappaB In B Cells R-HSA-1169091,4/66,0.0004479861983152649,0.0036126066505166,0,0,12.301488833746898,94.85368206231163,UBB;PSME2;PSMB10;PSMB8
Reactome_2022,"Antigen Presentation: Folding, Assembly, Peptide Loading Of Class I MHC R-HSA-983170",3/28,0.0004546678412522693,0.0036200768626288,0,0,22.705142857142857,174.73749488132012,PDIA3;HLA-B;CALR
Reactome_2022,APC/C:Cdc20 Mediated Degradation Of Securin R-HSA-174154,4/67,0.0004744646175514341,0.0036394907858518,0,0,12.105616605616603,92.64820017750029,UBB;PSME2;PSMB10;PSMB8
Reactome_2022,Regulation Of PTEN Stability And Activity R-HSA-8948751,4/67,0.0004744646175514341,0.0036394907858518,0,0,12.105616605616603,92.64820017750029,UBB;PSME2;PSMB10;PSMB8
Reactome_2022,G1/S DNA Damage Checkpoints R-HSA-69615,4/67,0.0004744646175514341,0.0036394907858518,0,0,12.105616605616603,92.64820017750029,UBB;PSME2;PSMB10;PSMB8
Reactome_2022,Orc1 Removal From Chromatin R-HSA-68949,4/69,0.0005307367558884432,0.00402208939101,0,0,11.731952662721891,88.47352245103939,UBB;PSME2;PSMB10;PSMB8
Reactome_2022,CDK-mediated Phosphorylation And Removal Of Cdc6 R-HSA-69017,4/72,0.0006238186226694267,0.0045625803913845,0,0,11.212669683257918,82.7455879267027,UBB;PSME2;PSMB10;PSMB8
Reactome_2022,Cdc20:Phospho-APC/C Mediated Degradation Of Cyclin A R-HSA-174184,4/72,0.0006238186226694267,0.0045625803913845,0,0,11.212669683257918,82.7455879267027,UBB;PSME2;PSMB10;PSMB8
Reactome_2022,Regulation Of RUNX2 Expression And Activity R-HSA-8939902,4/72,0.0006238186226694267,0.0045625803913845,0,0,11.212669683257918,82.7455879267027,UBB;PSME2;PSMB10;PSMB8
Reactome_2022,Developmental Biology R-HSA-1266738,15/1073,0.0006438829576518808,0.0045935319319099,0,0,2.871211659247515,21.097644870996582,CAP1;ARPC5;RHOC;PSMB10;PSMB8;ACTG1;DRAP1;MYL6;TYROBP;UBB;ARPC2;ARPC3;PSME2;EVL;PFN1
Reactome_2022,APC/C:Cdh1 Mediated Degradation Of Cdc20 And APC/C:Cdh1 Targets In Late Mitosis/Early G1 R-HSA-174178,4/73,0.0006572621206230456,0.0045935319319099,0,0,11.049609810479376,80.96521648132361,UBB;PSME2;PSMB10;PSMB8
Reactome_2022,APC:Cdc20 Mediated Degradation Of Cell Cycle Proteins Before Cycle Checkpoint Satisfied R-HSA-179419,4/73,0.0006572621206230456,0.0045935319319099,0,0,11.049609810479376,80.96521648132361,UBB;PSME2;PSMB10;PSMB8
Reactome_2022,Cellular Response To Hypoxia R-HSA-1234174,4/73,0.0006572621206230456,0.0045935319319099,0,0,11.049609810479376,80.96521648132361,UBB;PSME2;PSMB10;PSMB8
Reactome_2022,RAF/MAP Kinase Cascade R-HSA-5673001,7/271,0.000675566629688319,0.0046695759348786,0,0,5.152865286528653,37.615704127913325,RAP1B;UBB;IL2RB;PSME2;CALM1;PSMB10;PSMB8
Reactome_2022,APC/C:Cdc20 Mediated Degradation Of Mitotic Proteins R-HSA-176409,4/75,0.000727928928680822,0.0049768184363069,0,0,10.73726977248104,77.5800719509095,UBB;PSME2;PSMB10;PSMB8
Reactome_2022,Activation Of APC/C And APC/C:Cdc20 Mediated Degradation Of Mitotic Proteins R-HSA-176814,4/76,0.0007652042226849085,0.0051412866032721,0,0,10.587606837606838,75.96997320286872,UBB;PSME2;PSMB10;PSMB8
Reactome_2022,MAPK1/MAPK3 Signaling R-HSA-5684996,7/277,0.0007683321791853403,0.0051412866032721,0,0,5.036817015034837,36.12046739933531,RAP1B;UBB;IL2RB;PSME2;CALM1;PSMB10;PSMB8
Reactome_2022,ABC Transporter Disorders R-HSA-5619084,4/77,0.0008038088220410492,0.0053150269593906,0,0,10.44204425711275,74.41156429115885,UBB;PSME2;PSMB10;PSMB8
Reactome_2022,Detoxification Of Reactive Oxygen Species R-HSA-3299685,3/34,0.0008111964834682084,0.0053150269593906,0,0,18.30506912442396,130.27718171989054,PRDX5;GSTP1;CYBA
Reactome_2022,FCERI Mediated NF-kB Activation R-HSA-2871837,4/78,0.0008437687943214372,0.0054156180778386,0,0,10.3004158004158,72.90255290747074,UBB;PSME2;PSMB10;PSMB8
Reactome_2022,Nuclear Events Mediated By NFE2L2 R-HSA-9759194,4/78,0.0008437687943214372,0.0054156180778386,0,0,10.3004158004158,72.90255290747074,UBB;PSME2;PSMB10;PSMB8
Reactome_2022,Gene And Protein Expression By JAK-STAT Signaling After Interleukin-12 Stimulation R-HSA-8950505,3/35,0.0008837772712211772,0.0055589590359812,0,0,17.732142857142858,124.68011329153576,RAP1B;HNRNPA2B1;PSME2
Reactome_2022,N-glycan Trimming In ER And Calnexin/Calreticulin Cycle R-HSA-532668,3/35,0.0008837772712211772,0.0055589590359812,0,0,17.732142857142858,124.68011329153576,PDIA3;UBB;CALR
Reactome_2022,Regulation Of APC/C Activators Between G1/S And Early Anaphase R-HSA-176408,4/80,0.0009278592223250576,0.0057784500083412,0,0,10.02834008097166,70.02419368247166,UBB;PSME2;PSMB10;PSMB8
Reactome_2022,Signaling By NOTCH4 R-HSA-9013694,4/81,0.0009720418912481956,0.0059942583293638,0,0,9.897602397602398,68.65087536082399,UBB;PSME2;PSMB10;PSMB8
Reactome_2022,Cyclin E Associated Events During G1/S Transition R-HSA-69202,4/82,0.0010176843483761,0.006214790826491,0,0,9.770216962524657,67.31899785340813,UBB;PSME2;PSMB10;PSMB8
Reactome_2022,Signaling By WNT R-HSA-195721,7/294,0.0010868727590319,0.0065734900522222,0,0,4.734363680270466,32.30943169617334,UBB;RAC2;PSME2;PFN1;CALM1;PSMB10;PSMB8
Reactome_2022,Cyclin A:Cdk2-associated Events At S Phase Entry R-HSA-69656,4/84,0.0011134530744346,0.0066071885265982,0,0,9.525,64.77275476866009,UBB;PSME2;PSMB10;PSMB8
Reactome_2022,Degradation Of Beta-Catenin By Destruction Complex R-HSA-195253,4/84,0.0011134530744346,0.0066071885265982,0,0,9.525,64.77275476866009,UBB;PSME2;PSMB10;PSMB8
Reactome_2022,FCGR3A-mediated IL10 Synthesis R-HSA-9664323,3/38,0.0011258180154219,0.0066181264644895,0,0,16.209795918367348,110.052282093827,FGR;CD247;CALM1
Reactome_2022,Hedgehog On State R-HSA-5632684,4/85,0.0011636315447141,0.0067157957545139,0,0,9.40693257359924,63.55520742773735,UBB;PSME2;PSMB10;PSMB8
Reactome_2022,Post-translational Protein Modification R-HSA-597592,17/1383,0.0011637865456947,0.0067157957545139,0,0,2.5336025614210094,17.117212285916334,PDIA3;UBE2F;SPON2;TRAPPC1;HLA-B;PRSS23;PSMB10;PSMB8;TPST2;LGALS1;UBB;CAPZB;PSME2;IGFBP7;CALR;CALM1;CTSC
Reactome_2022,APC/C-mediated Degradation Of Cell Cycle Proteins R-HSA-174143,4/87,0.0012687070850648,0.007254697786416,0,0,9.179332715477294,61.22391808661338,UBB;PSME2;PSMB10;PSMB8
Reactome_2022,Regulation Of mRNA Stability By Proteins That Bind AU-rich Elements R-HSA-450531,4/88,0.0013236562416172,0.0075007187024978,0,0,9.06959706959707,60.10746208334937,UBB;PSME2;PSMB10;PSMB8
Reactome_2022,Switching Of Origins To A Post-Replicative State R-HSA-69052,4/90,0.0014385073184787,0.0080072664010899,0,0,8.85778175313059,57.96664614777498,UBB;PSME2;PSMB10;PSMB8
Reactome_2022,MAPK6/MAPK4 Signaling R-HSA-5687128,4/90,0.0014385073184787,0.0080072664010899,0,0,8.85778175313059,57.96664614777498,UBB;PSME2;PSMB10;PSMB8
Reactome_2022,HIV Infection R-HSA-162906,6/229,0.0015292774600434,0.0084378554593625,0,0,5.188340807174888,33.635805418398895,UBB;APOBEC3G;PSME2;CD247;PSMB10;PSMB8
Reactome_2022,DAP12 Interactions R-HSA-2172127,3/43,0.001615054703577,0.0088336470308694,0,0,14.18,91.1545198708865,TYROBP;HLA-B;KLRD1
Reactome_2022,MAPK Family Signaling Cascades R-HSA-5683057,7/318,0.0017039226892597,0.0092393738926238,0,0,4.363662411257203,27.817572107528196,RAP1B;UBB;IL2RB;PSME2;CALM1;PSMB10;PSMB8
Reactome_2022,Interleukin-12 Signaling R-HSA-9020591,3/44,0.001726467054893,0.009280311869071,0,0,13.833449477351916,88.00395291034313,RAP1B;HNRNPA2B1;PSME2
Reactome_2022,Transcriptional Regulation By RUNX3 R-HSA-8878159,4/95,0.0017557346779323,0.009280311869071,0,0,8.368977176669484,53.10005455835685,UBB;PSME2;PSMB10;PSMB8
Reactome_2022,UCH Proteinases R-HSA-5689603,4/95,0.0017557346779323,0.009280311869071,0,0,8.368977176669484,53.10005455835685,UBB;PSME2;PSMB10;PSMB8
Reactome_2022,RUNX1 Regulates Transcription Of Genes Involved In Differentiation Of HSCs R-HSA-8939236,4/98,0.0019677410900012,0.0102290012033946,0,0,8.100654664484452,50.47411842529485,UBB;PSME2;PSMB10;PSMB8
Reactome_2022,Hedgehog Off State R-HSA-5610787,4/98,0.0019677410900012,0.0102290012033946,0,0,8.100654664484452,50.47411842529485,UBB;PSME2;PSMB10;PSMB8
Reactome_2022,TNFR2 Non-Canonical NF-kB Pathway R-HSA-5668541,4/100,0.0021185340006459,0.0107708399638069,0,0,7.931089743589744,48.83196492833459,UBB;PSME2;PSMB10;PSMB8
Reactome_2022,KEAP1-NFE2L2 Pathway R-HSA-9755511,4/100,0.0021185340006459,0.0107708399638069,0,0,7.931089743589744,48.83196492833459,UBB;PSME2;PSMB10;PSMB8
Reactome_2022,Diseases Of Signal Transduction By Growth Factor Receptors And Second Messengers R-HSA-5663202,8/424,0.0021233452392878,0.0107708399638069,0,0,3.7453846153846153,23.05195274469561,RAP1B;BIN2;UBB;RAC2;PSME2;CALM1;PSMB10;PSMB8
Reactome_2022,FCGR Activation R-HSA-2029481,2/13,0.0021675996212726,0.0109073612942439,0,0,34.101200686106345,209.18136488524144,FGR;CD247
Reactome_2022,Cross-presentation Of Soluble Exogenous Antigens (Endosomes) R-HSA-1236978,3/48,0.0022197176582495,0.0110809714844361,0,0,12.601269841269842,76.9984876358455,PSME2;PSMB10;PSMB8
Reactome_2022,ABC-family Proteins Mediated Transport R-HSA-382556,4/102,0.0022771277310649,0.0112780578176365,0,0,7.768445839874412,47.26975307044216,UBB;PSME2;PSMB10;PSMB8
Reactome_2022,Regulation Of Ornithine Decarboxylase (ODC) R-HSA-350562,3/50,0.0024958414919694,0.0122647210816313,0,0,12.063829787234043,72.30009219407567,PSME2;PSMB10;PSMB8
Reactome_2022,Metabolism Of Proteins R-HSA-392499,20/1890,0.0025590469938058,0.0124778337915028,0,0,2.190325717063685,13.0721275023175,PDIA3;UBE2F;SPON2;TRAPPC1;HLA-B;PRSS23;PSMB10;PSMB8;GZMH;TPST2;LGALS1;UBB;CAPZB;EIF3G;PSME2;IGFBP7;CALR;CALM1;CTSD;CTSC
Reactome_2022,Apoptosis R-HSA-109581,5/178,0.0028115088825371,0.0136033775931992,0,0,5.533138784443572,32.50184518540543,UBB;PSME2;GZMB;PSMB10;PSMB8
Reactome_2022,Assembly Of Pre-Replicative Complex R-HSA-68867,4/110,0.0029935134273288,0.0143734347006858,0,0,7.179245283018868,41.72080211630951,UBB;PSME2;PSMB10;PSMB8
Reactome_2022,Interleukin-12 Family Signaling R-HSA-447115,3/54,0.0031096049416537,0.0148177386992441,0,0,11.115406162464986,64.17212521604772,RAP1B;HNRNPA2B1;PSME2
Reactome_2022,Interleukin-1 Signaling R-HSA-9020702,4/114,0.0034036691490103,0.0160970518400562,0,0,6.916783216783217,39.30739611149611,UBB;PSME2;PSMB10;PSMB8
Reactome_2022,Metabolism Of Polyamines R-HSA-351202,3/58,0.0038084842269964,0.0178771386476177,0,0,10.304935064935066,57.4038881974808,PSME2;PSMB10;PSMB8
Reactome_2022,RHO GTPases Activate Formins R-HSA-5663220,4/119,0.0039681475235316,0.0182187211116891,0,0,6.61438127090301,36.57392962222792,EVL;PFN1;RHOC;ACTG1
Reactome_2022,Synthesis Of DNA R-HSA-69239,4/119,0.0039681475235316,0.0182187211116891,0,0,6.61438127090301,36.57392962222792,UBB;PSME2;PSMB10;PSMB8
Reactome_2022,Transcriptional Regulation By RUNX2 R-HSA-8878166,4/119,0.0039681475235316,0.0182187211116891,0,0,6.61438127090301,36.57392962222792,UBB;PSME2;PSMB10;PSMB8
Reactome_2022,Metabolism Of Angiotensinogen To Angiotensins R-HSA-2022377,2/18,0.0041776435065928,0.019041578011934,0,0,23.43867924528302,128.39727114514832,CTSD;GZMH
Reactome_2022,Asparagine N-linked Glycosylation R-HSA-446203,6/282,0.0042957667897609,0.0194391173435945,0,0,4.180733162830349,22.785519201533216,PDIA3;TRAPPC1;UBB;CAPZB;CALR;CTSC
Reactome_2022,Regulation Of IGF Transport And Uptake By IGFBPs R-HSA-381426,4/123,0.004462982131281,0.0200515411469696,0,0,6.390756302521009,34.58637750282606,LGALS1;IGFBP7;PRSS23;GZMH
Reactome_2022,RHO GTPases Activate ROCKs R-HSA-5627117,2/19,0.0046527421101487,0.0206096816005886,0,0,22.058823529411764,118.46246761943335,MYL6;RHOC
Reactome_2022,RHO GTPases Activate CIT R-HSA-5625900,2/19,0.0046527421101487,0.0206096816005886,0,0,22.058823529411764,118.46246761943335,MYL6;RHOC
Reactome_2022,Signaling By NOTCH R-HSA-157118,5/203,0.0049144119414687,0.0216165392390478,0,0,4.828380896342061,25.66566027065389,UBB;PSME2;GZMB;PSMB10;PSMB8
Reactome_2022,DNA Replication Pre-Initiation R-HSA-69002,4/127,0.0049978436065924,0.0217927445853513,0,0,6.181676047529706,32.75514815716124,UBB;PSME2;PSMB10;PSMB8
Reactome_2022,Semaphorin Interactions R-HSA-373755,3/64,0.0050237646500412,0.0217927445853513,0,0,9.288524590163934,49.16950802264167,MYL6;TYROBP;RHOC
Reactome_2022,Sema4D Induced Cell Migration And Growth-Cone Collapse R-HSA-416572,2/20,0.0051515748448776,0.0221941135440276,0,0,20.832285115303986,109.75391117798864,MYL6;RHOC
Reactome_2022,G1/S Transition R-HSA-69206,4/129,0.0052807291916001,0.0225957732075952,0,0,6.082153846153847,31.892935908763345,UBB;PSME2;PSMB10;PSMB8
Reactome_2022,Programmed Cell Death R-HSA-5357801,5/208,0.005440824896513,0.0231235058101806,0,0,4.708259601128701,24.54803970434353,UBB;PSME2;GZMB;PSMB10;PSMB8
Reactome_2022,RHO GTPases Activate PAKs R-HSA-5627123,2/21,0.0056738763837511,0.0238783857729289,0,0,19.73485600794439,102.06636095213236,MYL6;CALM1
Reactome_2022,Cellular Responses To Stress R-HSA-2262752,10/722,0.0056943686262946,0.0238783857729289,0,0,2.748796147672552,14.206541427226156,PRDX5;UBB;CAPZB;GSTP1;PSME2;CYBA;IGFBP7;CALR;PSMB10;PSMB8
Reactome_2022,Signaling By Hedgehog R-HSA-5358351,4/135,0.0061932794847701,0.0257984953372213,0,0,5.8018203170874925,29.498140088567904,UBB;PSME2;PSMB10;PSMB8
Reactome_2022,Intracellular Signaling By Second Messengers R-HSA-9006925,6/306,0.0063511513583877,0.0262820671343809,0,0,3.8415686274509806,19.43495347153208,UBB;RAC2;PSME2;CALM1;PSMB10;PSMB8
Reactome_2022,Cellular Responses To Stimuli R-HSA-8953897,10/736,0.0064909052062275,0.026684832514491,0,0,2.6938213301849667,13.569729715807387,PRDX5;UBB;CAPZB;GSTP1;PSME2;CYBA;IGFBP7;CALR;PSMB10;PSMB8
Reactome_2022,PTEN Regulation R-HSA-6807070,4/139,0.0068565663979071,0.0280050666511923,0,0,5.628774928774929,28.04564400860676,UBB;PSME2;PSMB10;PSMB8
Reactome_2022,RHO GTPases Activate NADPH Oxidases R-HSA-5668599,2/24,0.0073789723758302,0.0292100801593828,0,0,17.041166380789022,83.65714594713813,RAC2;CYBA
Reactome_2022,DARPP-32 Events R-HSA-180024,2/24,0.0073789723758302,0.0292100801593828,0,0,17.041166380789022,83.65714594713813,CALM1;PPP1CA
Reactome_2022,Sema4D In Semaphorin Signaling R-HSA-400685,2/24,0.0073789723758302,0.0292100801593828,0,0,17.041166380789022,83.65714594713813,MYL6;RHOC
Reactome_2022,Glycogen Metabolism R-HSA-8982491,2/24,0.0073789723758302,0.0292100801593828,0,0,17.041166380789022,83.65714594713813,UBB;CALM1
Reactome_2022,Clathrin-mediated Endocytosis R-HSA-8856828,4/142,0.0073837881483972,0.0292100801593828,0,0,5.505574136008919,27.0239370713836,UBB;ARPC2;ARPC3;ARPC5
Reactome_2022,Vesicle-mediated Transport R-HSA-5653656,9/637,0.0076130878996426,0.0299289518054701,0,0,2.788650839606253,13.6027220626782,TRAPPC1;UBB;ARPC2;CAPZB;ARPC3;ARPC5;CALR;CALM1;CTSC
Reactome_2022,Mitotic G1 Phase And G1/S Transition R-HSA-453279,4/147,0.0083207299455078,0.0325076964951828,0,0,5.311726734803658,25.437887454118304,UBB;PSME2;PSMB10;PSMB8
Reactome_2022,G2/M Checkpoints R-HSA-69481,4/148,0.0085170242451545,0.0330691867296431,0,0,5.27457264957265,25.13696898502135,UBB;PSME2;PSMB10;PSMB8
Reactome_2022,Downregulation Of TGF-beta Receptor Signaling R-HSA-2173788,2/26,0.008628277760813,0.0332956239972477,0,0,15.619496855345911,74.2349444914434,UBB;PPP1CA
Reactome_2022,Neddylation R-HSA-8951664,5/237,0.0093030075556344,0.0355766123709068,0,0,4.113659189822564,19.241301639930583,UBE2F;UBB;PSME2;PSMB10;PSMB8
Reactome_2022,Interleukin-1 Family Signaling R-HSA-446652,4/152,0.0093324976807625,0.0355766123709068,0,0,5.130977130977131,23.983483172882977,UBB;PSME2;PSMB10;PSMB8
Reactome_2022,DAP12 Signaling R-HSA-2424491,2/28,0.0099652691405644,0.0374864948887509,0,0,14.416545718432513,66.44080358013153,TYROBP;KLRD1
Reactome_2022,DNA Replication R-HSA-69306,4/155,0.0099764086727639,0.0374864948887509,0,0,5.028273051451859,23.167929521543044,UBB;PSME2;PSMB10;PSMB8
Reactome_2022,RHO GTPase Cycle R-HSA-9012999,7/441,0.0100122911626552,0.0374864948887509,0,0,3.107313957202172,14.305892689314938,CAPZB;ARHGDIB;EFHD2;RAC2;CYBA;RHOC;ACTG1
Reactome_2022,S Phase R-HSA-69242,4/161,0.0113492914749673,0.0422408540695529,0,0,4.834639882410583,21.652417994209824,UBB;PSME2;PSMB10;PSMB8
Reactome_2022,Regulation Of Expression Of SLITs And ROBOs R-HSA-9010553,4/167,0.0128384795844376,0.0466123356216669,0,0,4.655261915998112,20.275101327685,UBB;PSME2;PSMB10;PSMB8
Reactome_2022,Signaling By NOTCH2 R-HSA-1980145,2/32,0.0128943503945469,0.0466123356216669,0,0,12.491823899371068,54.35150128220099,UBB;GZMB
Reactome_2022,GPVI-mediated Activation Cascade R-HSA-114604,2/32,0.0128943503945469,0.0466123356216669,0,0,12.491823899371068,54.35150128220099,FCER1G;RAC2
Reactome_2022,Generation Of Second Messenger Molecules R-HSA-202433,2/32,0.0128943503945469,0.0466123356216669,0,0,12.491823899371068,54.35150128220099,EVL;CD247
Reactome_2022,Termination Of Translesion DNA Synthesis R-HSA-5656169,2/32,0.0128943503945469,0.0466123356216669,0,0,12.491823899371068,54.35150128220099,UBB;ISG15
Reactome_2022,Separation Of Sister Chromatids R-HSA-2467813,4/170,0.0136277116030204,0.0489818891331421,0,0,4.570435588507878,19.63299136839692,UBB;PSME2;PSMB10;PSMB8
Reactome_2022,PIP3 Activates AKT Signaling R-HSA-1257604,5/268,0.0151769079107867,0.054089442681412,0,0,3.623057329543357,15.173292441853492,UBB;RAC2;PSME2;PSMB10;PSMB8
Reactome_2022,Disorders Of Transmembrane Transporters R-HSA-5619115,4/176,0.0152973555225588,0.054089442681412,0,0,4.409660107334526,18.432711327749622,UBB;PSME2;PSMB10;PSMB8
Reactome_2022,Negative Regulators Of DDX58/IFIH1 Signaling R-HSA-936440,2/35,0.0153067103295569,0.054089442681412,0,0,11.35448827901658,47.45567458161679,UBB;ISG15
Reactome_2022,Membrane Trafficking R-HSA-199991,8/599,0.015911715902357,0.055913236327277,0,0,2.6126565143824028,10.818225762855093,TRAPPC1;UBB;ARPC2;CAPZB;ARPC3;ARPC5;CALM1;CTSC
Reactome_2022,ROS And RNS Production In Phagocytes R-HSA-1222556,2/36,0.0161506161302663,0.0564374308107641,0,0,11.019977802441732,45.46619223413336,RAC2;CYBA
Reactome_2022,G2/M Transition R-HSA-69275,4/182,0.017090918986422,0.0593933041019861,0,0,4.259723422644771,17.333700671631572,UBB;PSME2;PSMB10;PSMB8
Reactome_2022,Mitotic G2-G2/M Phases R-HSA-453274,4/184,0.0177167653966884,0.0612299199698737,0,0,4.211965811965812,16.987885376664938,UBB;PSME2;PSMB10;PSMB8
Reactome_2022,Signaling By RAF1 Mutants R-HSA-9656223,2/38,0.0178967053977828,0.061513812542106,0,0,10.40670859538784,41.86763145560088,RAP1B;CALM1
Reactome_2022,Translesion Synthesis By Y Family DNA Polymerases Bypasses Lesions On DNA Template R-HSA-110313,2/39,0.0187984284927628,0.0639473097080779,0,0,10.12493625701173,40.23631447144938,UBB;ISG15
Reactome_2022,MHC Class II Antigen Presentation R-HSA-2132295,3/104,0.0188080322670817,0.0639473097080779,0,0,5.598585572842999,22.245818826347204,CAPZB;CTSD;CTSC
Reactome_2022,Post-translational Protein Phosphorylation R-HSA-8957275,3/106,0.019772281221258,0.0668643273557598,0,0,5.4893203883495145,21.537207250948992,LGALS1;IGFBP7;PRSS23
Reactome_2022,Paradoxical Activation Of RAF Signaling By Kinase Inactive BRAF R-HSA-6802955,2/41,0.0206580947385911,0.0694863186661702,0,0,9.604741170778906,37.26301525176931,RAP1B;CALM1
Reactome_2022,Peptide Ligand-Binding Receptors R-HSA-375276,4/196,0.0217718287181655,0.0728429801262027,0,0,3.946314102564103,15.103090262130806,CX3CR1;CCL4;XCL2;CCL3
Reactome_2022,TCF Dependent Signaling In Response To WNT R-HSA-201681,4/198,0.0224983956461896,0.0747888511162035,0,0,3.905233941316416,14.817673182578272,UBB;PSME2;PSMB10;PSMB8
Reactome_2022,Smooth Muscle Contraction R-HSA-445355,2/43,0.0225912268872475,0.0747888511162035,0,0,9.13529682466636,34.62454391430666,MYL6;CALM1
Reactome_2022,TGF-beta Receptor Signaling Activates SMADs R-HSA-2173789,2/44,0.0235847892398263,0.0769654540051847,0,0,8.917340521114106,33.41464194737508,UBB;PPP1CA
Reactome_2022,Interleukin-2 Family Signaling R-HSA-451927,2/44,0.0235847892398263,0.0769654540051847,0,0,8.917340521114106,33.41464194737508,IL2RB;HAVCR2
Reactome_2022,Ub-specific Processing Proteases R-HSA-5689880,4/201,0.0236157911335463,0.0769654540051847,0,0,3.845177664974619,14.403419054426385,UBB;PSME2;PSMB10;PSMB8
Reactome_2022,Interleukin-10 Signaling R-HSA-6783783,2/45,0.024596057572296,0.0797470114070834,0,0,8.709521720052654,32.2702508415444,CCL4;CCL3
Reactome_2022,Transcriptional Regulation By RUNX1 R-HSA-8878171,4/204,0.0247664266448218,0.0798876018440665,0,0,3.786923076923077,14.005050023720187,UBB;PSME2;PSMB10;PSMB8
Reactome_2022,Antigen Processing: Ubiquitination And Proteasome Degradation R-HSA-983168,5/307,0.0255554219414508,0.0820120428631254,0,0,3.148910178100688,11.546756919511376,UBE2F;UBB;PSME2;PSMB10;PSMB8
Reactome_2022,Signaling By TGFB Family Members R-HSA-9006936,3/119,0.0266960641871404,0.0844327795621098,0,0,4.870935960591133,17.648565787544694,DRAP1;UBB;PPP1CA
Reactome_2022,Signaling By Membrane-Tethered Fusions Of PDGFRA Or PDGFRB R-HSA-9673768,1/5,0.0267124374131317,0.0844327795621098,0,0,46.467289719626166,168.3336119491956,BIN2
Reactome_2022,Fatty Acid Cycling Model R-HSA-167826,1/5,0.0267124374131317,0.0844327795621098,0,0,46.467289719626166,168.3336119491956,UCP2
Reactome_2022,G Alpha (I) Signaling Events R-HSA-418594,5/312,0.0271482405442769,0.0853812165117509,0,0,3.096834382214351,11.168556802844112,CX3CR1;CCL4;CALM1;S1PR5;PPP1CA
Reactome_2022,DNA Damage Bypass R-HSA-73893,2/48,0.0277339433103153,0.0867893051850167,0,0,8.140278917145201,29.18369950258173,UBB;ISG15
Reactome_2022,APOBEC3G Mediated Resistance To HIV-1 R-HSA-180689,1/6,0.0319694869760854,0.0980917429656473,0,0,37.17196261682243,127.98207714314653,APOBEC3G
Reactome_2022,Scavenging By Class F Receptors R-HSA-3000484,1/6,0.0319694869760854,0.0980917429656473,0,0,37.17196261682243,127.98207714314653,CALR
Reactome_2022,Virus Assembly And Release R-HSA-168268,1/6,0.0319694869760854,0.0980917429656473,0,0,37.17196261682243,127.98207714314653,CALR
Reactome_2022,Mitochondrial Uncoupling R-HSA-166187,1/6,0.0319694869760854,0.0980917429656473,0,0,37.17196261682243,127.98207714314653,UCP2
Reactome_2022,RHOD GTPase Cycle R-HSA-9013405,2/52,0.032152748417315,0.0981552876602176,0,0,7.487547169811321,25.7366265027204,CAPZB;EFHD2
Reactome_2022,Class A/1 (Rhodopsin-like Receptors) R-HSA-373076,5/327,0.0323022965749841,0.0981552876602176,0,0,2.950310559006211,10.127286032279477,CX3CR1;CCL4;XCL2;CCL3;S1PR5
Reactome_2022,Signaling By GPCR R-HSA-372790,8/689,0.0331085815270531,0.1001216239447906,0,0,2.256798825256975,7.691086374874484,CX3CR1;CCL4;XCL2;CCL3;CALM1;RHOC;S1PR5;PPP1CA
Reactome_2022,ER To Golgi Anterograde Transport R-HSA-199977,3/133,0.0354199240188885,0.1065987186979947,0,0,4.343296703296703,14.508699210350498,TRAPPC1;CAPZB;CTSC
Reactome_2022,Cell Surface Interactions At Vascular Wall R-HSA-202733,3/134,0.0360928757934035,0.108106756543099,0,0,4.309923664122137,14.316100088096077,FCER1G;ITGB2;CD99
Reactome_2022,E3 Ubiquitin Ligases Ubiquitinate Target Proteins R-HSA-8866654,2/56,0.0368279707136904,0.1083231319506528,0,0,6.93151642208246,22.88438516995348,UBB;HLA-B
Reactome_2022,Mitotic Anaphase R-HSA-68882,4/232,0.037137967280423,0.1083231319506528,0,0,3.317139001349528,10.923721714484,UBB;PSME2;PSMB10;PSMB8
Reactome_2022,Activation Of RAC1 Downstream Of NMDARs R-HSA-9619229,1/7,0.0371984046126248,0.1083231319506528,0,0,30.97507788161994,101.9541406781754,CALM1
Reactome_2022,Defective Factor VIII Causes Hemophilia A R-HSA-9662001,1/7,0.0371984046126248,0.1083231319506528,0,0,30.97507788161994,101.9541406781754,TPST2
Reactome_2022,FLT3 Signaling By CBL Mutants R-HSA-9706377,1/7,0.0371984046126248,0.1083231319506528,0,0,30.97507788161994,101.9541406781754,UBB
Reactome_2022,Modulation By Mtb Of Host Immune System R-HSA-9637628,1/7,0.0371984046126248,0.1083231319506528,0,0,30.97507788161994,101.9541406781754,UBB
Reactome_2022,Mitotic Metaphase And Anaphase R-HSA-2555396,4/233,0.0376350047605261,0.1090894838450274,0,0,3.302485723883104,10.831560985818593,UBB;PSME2;PSMB10;PSMB8
Reactome_2022,Regulated Necrosis R-HSA-5218859,2/57,0.0380353321495564,0.1097441464315184,0,0,6.805145797598628,22.247653199383475,UBB;GZMB
Reactome_2022,CREB1 Phosphorylation Thru Activation Of CaMKII/CaMKK/CaMKIV Cascasde R-HSA-442729,1/8,0.0423993391086082,0.1190588584790829,0,0,26.548731642189587,83.91051867901874,CALM1
Reactome_2022,Cross-presentation Of Particulate Exogenous Antigens (Phagosomes) R-HSA-1236973,1/8,0.0423993391086082,0.1190588584790829,0,0,26.548731642189587,83.91051867901874,CYBA
Reactome_2022,Role Of ABL In ROBO-SLIT Signaling R-HSA-428890,1/8,0.0423993391086082,0.1190588584790829,0,0,26.548731642189587,83.91051867901874,CAP1
Reactome_2022,InlA-mediated Entry Of Listeria Monocytogenes Into Host Cells R-HSA-8876493,1/8,0.0423993391086082,0.1190588584790829,0,0,26.548731642189587,83.91051867901874,UBB
Reactome_2022,Myoclonic Epilepsy Of Lafora R-HSA-3785653,1/8,0.0423993391086082,0.1190588584790829,0,0,26.548731642189587,83.91051867901874,UBB
Reactome_2022,Nef And Signal Transduction R-HSA-164944,1/8,0.0423993391086082,0.1190588584790829,0,0,26.548731642189587,83.91051867901874,CD247
Reactome_2022,RHO GTPases Activate PKNs R-HSA-5625740,2/62,0.0442937027906975,0.1232776064395962,0,0,6.236477987421384,19.43855782411988,MYL6;RHOC
Reactome_2022,Signaling By BRAF And RAF1 Fusions R-HSA-6802952,2/62,0.0442937027906975,0.1232776064395962,0,0,6.236477987421384,19.43855782411988,RAP1B;CALM1
Reactome_2022,Signaling By MET R-HSA-6806834,2/63,0.0455883528410974,0.1263219116169615,0,0,6.133931333127126,18.942211845095493,RAP1B;UBB
Reactome_2022,ATF6 (ATF6-alpha) Activates Chaperone Genes R-HSA-381183,1/9,0.0475724385673413,0.1273321866334369,0,0,23.22897196261682,70.74387376718869,CALR
Reactome_2022,Activation Of Ca-permeable Kainate Receptor R-HSA-451308,1/9,0.0475724385673413,0.1273321866334369,0,0,23.22897196261682,70.74387376718869,CALM1
Reactome_2022,PTK6 Regulates RTKs And Their Effectors AKT1 And DOK1 R-HSA-8849469,1/9,0.0475724385673413,0.1273321866334369,0,0,23.22897196261682,70.74387376718869,UBB
Reactome_2022,Prevention Of Phagosomal-Lysosomal Fusion R-HSA-9636383,1/9,0.0475724385673413,0.1273321866334369,0,0,23.22897196261682,70.74387376718869,UBB
Reactome_2022,RHO GTPases Activate Rhotekin And Rhophilins R-HSA-5666185,1/9,0.0475724385673413,0.1273321866334369,0,0,23.22897196261682,70.74387376718869,RHOC
Reactome_2022,Calcineurin Activates NFAT R-HSA-2025928,1/9,0.0475724385673413,0.1273321866334369,0,0,23.22897196261682,70.74387376718869,CALM1
Reactome_2022,Regulation Of PTEN Localization R-HSA-8948747,1/9,0.0475724385673413,0.1273321866334369,0,0,23.22897196261682,70.74387376718869,UBB
Reactome_2022,Downregulation Of ERBB4 Signaling R-HSA-1253288,1/9,0.0475724385673413,0.1273321866334369,0,0,23.22897196261682,70.74387376718869,UBB
Reactome_2022,COPII-mediated Vesicle Transport R-HSA-204005,2/66,0.0495548891099943,0.132076378178756,0,0,5.845518867924528,17.563880621505387,TRAPPC1;CTSC
Reactome_2022,GPCR Downstream Signaling R-HSA-388396,7/619,0.0504995404603275,0.1340262065381689,0,0,2.183394810069242,6.51916066622809,CX3CR1;CCL4;XCL2;CALM1;RHOC;S1PR5;PPP1CA
Reactome_2022,Activation Of AMPK Downstream Of NMDARs R-HSA-9619483,1/10,0.0527178503782264,0.1364589625016642,0,0,20.64693665628245,60.75982922373895,CALM1
Reactome_2022,CaMK IV-mediated Phosphorylation Of CREB R-HSA-111932,1/10,0.0527178503782264,0.1364589625016642,0,0,20.64693665628245,60.75982922373895,CALM1
Reactome_2022,FGFR2b Ligand Binding And Activation R-HSA-190377,1/10,0.0527178503782264,0.1364589625016642,0,0,20.64693665628245,60.75982922373895,FGFBP2
Reactome_2022,Sodium/Calcium Exchangers R-HSA-425561,1/10,0.0527178503782264,0.1364589625016642,0,0,20.64693665628245,60.75982922373895,CALM1
Reactome_2022,"Tetrahydrobiopterin (BH4) Synthesis, Recycling, Salvage And Regulation R-HSA-1474151",1/10,0.0527178503782264,0.1364589625016642,0,0,20.64693665628245,60.75982922373895,CALM1
Reactome_2022,IRAK2 Mediated Activation Of TAK1 Complex R-HSA-937042,1/10,0.0527178503782264,0.1364589625016642,0,0,20.64693665628245,60.75982922373895,UBB
Reactome_2022,Circadian Clock R-HSA-400253,2/69,0.0536414762845533,0.1382806909138691,0,0,5.582934384680372,16.332498804556064,UBB;PPP1CA
Reactome_2022,ATF6 (ATF6-alpha) Activates Chaperones R-HSA-381033,1/11,0.0578357212172233,0.1410210577328611,0,0,18.581308411214952,52.959491641957904,CALR
Reactome_2022,Pexophagy R-HSA-9664873,1/11,0.0578357212172233,0.1410210577328611,0,0,18.581308411214952,52.959491641957904,UBB
Reactome_2022,Alpha-protein Kinase 1 Signaling Pathway R-HSA-9645460,1/11,0.0578357212172233,0.1410210577328611,0,0,18.581308411214952,52.959491641957904,UBB
Reactome_2022,RHO GTPases Activate IQGAPs R-HSA-5626467,1/11,0.0578357212172233,0.1410210577328611,0,0,18.581308411214952,52.959491641957904,CALM1
Reactome_2022,CLEC7A (Dectin-1) Induces NFAT Activation R-HSA-5607763,1/11,0.0578357212172233,0.1410210577328611,0,0,18.581308411214952,52.959491641957904,CALM1
Reactome_2022,Reduction Of Cytosolic Ca++ Levels R-HSA-418359,1/11,0.0578357212172233,0.1410210577328611,0,0,18.581308411214952,52.959491641957904,CALM1
Reactome_2022,Regulation Of BACH1 Activity R-HSA-9708530,1/11,0.0578357212172233,0.1410210577328611,0,0,18.581308411214952,52.959491641957904,UBB
Reactome_2022,Endosomal/Vacuolar Pathway R-HSA-1236977,1/11,0.0578357212172233,0.1410210577328611,0,0,18.581308411214952,52.959491641957904,HLA-B
Reactome_2022,"TICAM1,TRAF6-dependent Induction Of TAK1 Complex R-HSA-9014325",1/11,0.0578357212172233,0.1410210577328611,0,0,18.581308411214952,52.959491641957904,UBB
Reactome_2022,Uptake And Function Of Anthrax Toxins R-HSA-5210891,1/11,0.0578357212172233,0.1410210577328611,0,0,18.581308411214952,52.959491641957904,CALM1
Reactome_2022,eNOS Activation R-HSA-203615,1/11,0.0578357212172233,0.1410210577328611,0,0,18.581308411214952,52.959491641957904,CALM1
Reactome_2022,Killing Mechanisms R-HSA-9664420,1/11,0.0578357212172233,0.1410210577328611,0,0,18.581308411214952,52.959491641957904,CYBA
Reactome_2022,MET Activates RAP1 And RAC1 R-HSA-8875555,1/11,0.0578357212172233,0.1410210577328611,0,0,18.581308411214952,52.959491641957904,RAP1B
Reactome_2022,Signaling By FGFR2 R-HSA-5654738,2/72,0.0578432955406648,0.1410210577328611,0,0,5.342857142857143,15.227237564150975,FGFBP2;UBB
Reactome_2022,Transport To Golgi And Subsequent Modification R-HSA-948021,3/164,0.0592732233406697,0.1436082850615325,0,0,3.50150842945874,9.893853886945095,TRAPPC1;CAPZB;CTSC
Reactome_2022,Cell Cycle Checkpoints R-HSA-69620,4/271,0.0593611353195524,0.1436082850615325,0,0,2.826995102276001,7.9837608402751234,UBB;PSME2;PSMB10;PSMB8
Reactome_2022,Anti-inflammatory Response Favoring Leishmania Infection R-HSA-9662851,3/165,0.0601425626017251,0.1449412715574142,0,0,3.4797178130511464,9.781617233112012,FGR;CD247;CALM1
Reactome_2022,ISG15 Antiviral Mechanism R-HSA-1169408,2/75,0.0621556496579174,0.1471396948956733,0,0,5.122512277074179,14.230920826249276,UBB;ISG15
Reactome_2022,Platelet Adhesion To Exposed Collagen R-HSA-75892,1/12,0.062926197022156,0.1471396948956733,0,0,16.89124893797791,46.71769326233609,FCER1G
Reactome_2022,CREB1 Phosphorylation Thru Activation Of Adenylate Cyclase R-HSA-442720,1/12,0.062926197022156,0.1471396948956733,0,0,16.89124893797791,46.71769326233609,CALM1
Reactome_2022,Disorders Of Developmental Biology R-HSA-9675151,1/12,0.062926197022156,0.1471396948956733,0,0,16.89124893797791,46.71769326233609,CALM1
Reactome_2022,TICAM1-dependent Activation Of IRF3/IRF7 R-HSA-9013973,1/12,0.062926197022156,0.1471396948956733,0,0,16.89124893797791,46.71769326233609,UBB
Reactome_2022,Interleukin-2 Signaling R-HSA-9020558,1/12,0.062926197022156,0.1471396948956733,0,0,16.89124893797791,46.71769326233609,IL2RB
Reactome_2022,Josephin Domain DUBs R-HSA-5689877,1/12,0.062926197022156,0.1471396948956733,0,0,16.89124893797791,46.71769326233609,UBB
Reactome_2022,NOTCH2 Intracellular Domain Regulates Transcription R-HSA-2197563,1/12,0.062926197022156,0.1471396948956733,0,0,16.89124893797791,46.71769326233609,GZMB
Reactome_2022,Protein Ubiquitination R-HSA-8852135,2/76,0.0636168696434223,0.1482037444656023,0,0,5.053034166241713,13.92048557267431,UBB;HLA-B
Reactome_2022,Deubiquitination R-HSA-5688426,4/279,0.0646339116371681,0.1500174554235378,0,0,2.743636363636364,7.514864057276436,UBB;PSME2;PSMB10;PSMB8
Reactome_2022,Oncogenic MAPK Signaling R-HSA-6802957,2/78,0.0665739603562216,0.1538321836290268,0,0,4.919563058589871,13.32926960927718,RAP1B;CALM1
Reactome_2022,Downregulation Of ERBB2:ERBB3 Signaling R-HSA-1358803,1/13,0.0679894229711755,0.1538321836290268,0,0,15.482866043613708,41.62418553992519,UBB
Reactome_2022,Signal Regulatory Protein Family Interactions R-HSA-391160,1/13,0.0679894229711755,0.1538321836290268,0,0,15.482866043613708,41.62418553992519,TYROBP
Reactome_2022,Suppression Of Phagosomal Maturation R-HSA-9637687,1/13,0.0679894229711755,0.1538321836290268,0,0,15.482866043613708,41.62418553992519,UBB
Reactome_2022,Glycogen Synthesis R-HSA-3322077,1/13,0.0679894229711755,0.1538321836290268,0,0,15.482866043613708,41.62418553992519,UBB
Reactome_2022,p75NTR Recruits Signaling Complexes R-HSA-209543,1/13,0.0679894229711755,0.1538321836290268,0,0,15.482866043613708,41.62418553992519,UBB
Reactome_2022,NF-kB Is Activated And Signals Survival R-HSA-209560,1/13,0.0679894229711755,0.1538321836290268,0,0,15.482866043613708,41.62418553992519,UBB
Reactome_2022,DDX58/IFIH1-mediated Induction Of Interferon-Alpha/Beta R-HSA-168928,2/81,0.0710937658008508,0.1597070667454827,0,0,4.732027704800573,12.510324877095648,UBB;ISG15
Reactome_2022,Senescence-Associated Secretory Phenotype (SASP) R-HSA-2559582,2/81,0.0710937658008508,0.1597070667454827,0,0,4.732027704800573,12.510324877095648,UBB;IGFBP7
Reactome_2022,Synthesis Of Bile Acids And Bile Salts Via 24-Hydroxycholesterol R-HSA-193775,1/14,0.0730255435103509,0.1617361509436998,0,0,14.291157440690151,37.39918712739953,AKR1C3
Reactome_2022,Glycogen Breakdown (Glycogenolysis) R-HSA-70221,1/14,0.0730255435103509,0.1617361509436998,0,0,14.291157440690151,37.39918712739953,CALM1
Reactome_2022,Interleukin-15 Signaling R-HSA-8983432,1/14,0.0730255435103509,0.1617361509436998,0,0,14.291157440690151,37.39918712739953,IL2RB
Reactome_2022,Lysosphingolipid And LPA Receptors R-HSA-419408,1/14,0.0730255435103509,0.1617361509436998,0,0,14.291157440690151,37.39918712739953,S1PR5
Reactome_2022,Platelet Homeostasis R-HSA-418346,2/83,0.0741612036311824,0.1630691952728189,0,0,4.614721639878873,12.005263541373855,FGR;CALM1
Reactome_2022,Antiviral Mechanism By IFN-stimulated Genes R-HSA-1169410,2/83,0.0741612036311824,0.1630691952728189,0,0,4.614721639878873,12.005263541373855,UBB;ISG15
Reactome_2022,Constitutive Signaling By NOTCH1 HD Domain Mutants R-HSA-2691232,1/15,0.07803470234836,0.1630691952728189,0,0,13.269692923898532,33.84570065779822,UBB
Reactome_2022,Regulation Of Innate Immune Responses To Cytosolic DNA R-HSA-3134975,1/15,0.07803470234836,0.1630691952728189,0,0,13.269692923898532,33.84570065779822,UBB
Reactome_2022,Defects Of Contact Activation System (CAS) And Kallikrein/Kinin System (KKS) R-HSA-9651496,1/15,0.07803470234836,0.1630691952728189,0,0,13.269692923898532,33.84570065779822,TPST2
Reactome_2022,Signaling By Activin R-HSA-1502540,1/15,0.07803470234836,0.1630691952728189,0,0,13.269692923898532,33.84570065779822,DRAP1
Reactome_2022,EPHA-mediated Growth Cone Collapse R-HSA-3928663,1/15,0.07803470234836,0.1630691952728189,0,0,13.269692923898532,33.84570065779822,MYL6
Reactome_2022,Synthesis Of Prostaglandins (PG) And Thromboxanes (TX) R-HSA-2162123,1/15,0.07803470234836,0.1630691952728189,0,0,13.269692923898532,33.84570065779822,AKR1C3
Reactome_2022,Synthesis Of Bile Acids And Bile Salts Via 27-Hydroxycholesterol R-HSA-193807,1/15,0.07803470234836,0.1630691952728189,0,0,13.269692923898532,33.84570065779822,AKR1C3
Reactome_2022,GRB2:SOS Provides Linkage To MAPK Signaling For Integrins R-HSA-354194,1/15,0.07803470234836,0.1630691952728189,0,0,13.269692923898532,33.84570065779822,RAP1B
Reactome_2022,Glycogen Storage Diseases R-HSA-3229121,1/15,0.07803470234836,0.1630691952728189,0,0,13.269692923898532,33.84570065779822,UBB
Reactome_2022,IRAK2 Mediated Activation Of TAK1 Complex Upon TLR7/8 Or 9 Stimulation R-HSA-975163,1/15,0.07803470234836,0.1630691952728189,0,0,13.269692923898532,33.84570065779822,UBB
Reactome_2022,InlB-mediated Entry Of Listeria Monocytogenes Into Host Cell R-HSA-8875360,1/15,0.07803470234836,0.1630691952728189,0,0,13.269692923898532,33.84570065779822,UBB
Reactome_2022,p130Cas Linkage To MAPK Signaling For Integrins R-HSA-372708,1/15,0.07803470234836,0.1630691952728189,0,0,13.269692923898532,33.84570065779822,RAP1B
Reactome_2022,Membrane Binding And Targetting Of GAG Proteins R-HSA-174490,1/15,0.07803470234836,0.1630691952728189,0,0,13.269692923898532,33.84570065779822,UBB
Reactome_2022,Metabolism Of Nitric Oxide: NOS3 Activation And Regulation R-HSA-202131,1/15,0.07803470234836,0.1630691952728189,0,0,13.269692923898532,33.84570065779822,CALM1
Reactome_2022,Negative Regulation Of FLT3 R-HSA-9706369,1/15,0.07803470234836,0.1630691952728189,0,0,13.269692923898532,33.84570065779822,UBB
Reactome_2022,Signaling By FGFR R-HSA-190236,2/86,0.0788405599840855,0.1642076563906947,0,0,4.449236298292902,11.30251818539782,FGFBP2;UBB
Reactome_2022,RAC2 GTPase Cycle R-HSA-9013404,2/87,0.0804205805055144,0.1668297753366585,0,0,4.396670366259712,11.08174240768644,RAC2;CYBA
Reactome_2022,Opioid Signaling R-HSA-111885,2/88,0.0820104649207089,0.1668297753366585,0,0,4.345326897762177,10.8672646213839,CALM1;PPP1CA
Reactome_2022,Rap1 Signaling R-HSA-392517,1/16,0.0830170424171289,0.1668297753366585,0,0,12.38442367601246,30.821231144674936,RAP1B
Reactome_2022,Spry Regulation Of FGF Signaling R-HSA-1295596,1/16,0.0830170424171289,0.1668297753366585,0,0,12.38442367601246,30.821231144674936,UBB
Reactome_2022,TGF-beta Receptor Signaling In EMT (Epithelial To Mesenchymal Transition) R-HSA-2173791,1/16,0.0830170424171289,0.1668297753366585,0,0,12.38442367601246,30.821231144674936,UBB
Reactome_2022,TRAF6-mediated Induction Of TAK1 Complex Within TLR4 Complex R-HSA-937072,1/16,0.0830170424171289,0.1668297753366585,0,0,12.38442367601246,30.821231144674936,UBB
Reactome_2022,Translesion Synthesis By REV1 R-HSA-110312,1/16,0.0830170424171289,0.1668297753366585,0,0,12.38442367601246,30.821231144674936,UBB
Reactome_2022,VLDLR Internalisation And Degradation R-HSA-8866427,1/16,0.0830170424171289,0.1668297753366585,0,0,12.38442367601246,30.821231144674936,UBB
Reactome_2022,p75NTR Signals Via NF-kB R-HSA-193639,1/16,0.0830170424171289,0.1668297753366585,0,0,12.38442367601246,30.821231144674936,UBB
Reactome_2022,MAP3K8 (TPL2)-dependent MAPK1/3 Activation R-HSA-5684264,1/16,0.0830170424171289,0.1668297753366585,0,0,12.38442367601246,30.821231144674936,UBB
Reactome_2022,NRIF Signals Cell Death From Nucleus R-HSA-205043,1/16,0.0830170424171289,0.1668297753366585,0,0,12.38442367601246,30.821231144674936,UBB
Reactome_2022,Peptide Hormone Metabolism R-HSA-2980736,2/89,0.0836100629957763,0.1674864000775264,0,0,4.295163738885274,10.658841376134038,CTSD;GZMH
Reactome_2022,Signaling By TGF-beta Receptor Complex R-HSA-170834,2/91,0.0868378058056026,0.1718473045115696,0,0,4.198219207123172,10.259243698753869,UBB;PPP1CA
Reactome_2022,PKA Activation R-HSA-163615,1/17,0.0879727059661771,0.1718473045115696,0,0,11.60981308411215,28.22030554114064,CALM1
Reactome_2022,Activation Of IRF3/IRF7 Mediated By TBK1/IKK Epsilon R-HSA-936964,1/17,0.0879727059661771,0.1718473045115696,0,0,11.60981308411215,28.22030554114064,UBB
Reactome_2022,Platelet Sensitization By LDL R-HSA-432142,1/17,0.0879727059661771,0.1718473045115696,0,0,11.60981308411215,28.22030554114064,FGR
Reactome_2022,Protein Methylation R-HSA-8876725,1/17,0.0879727059661771,0.1718473045115696,0,0,11.60981308411215,28.22030554114064,CALM1
Reactome_2022,Translesion Synthesis By POLI R-HSA-5656121,1/17,0.0879727059661771,0.1718473045115696,0,0,11.60981308411215,28.22030554114064,UBB
Reactome_2022,Translesion Synthesis By POLK R-HSA-5655862,1/17,0.0879727059661771,0.1718473045115696,0,0,11.60981308411215,28.22030554114064,UBB
Reactome_2022,Translocation Of ZAP-70 To Immunological Synapse R-HSA-202430,1/17,0.0879727059661771,0.1718473045115696,0,0,11.60981308411215,28.22030554114064,CD247
Reactome_2022,RAC3 GTPase Cycle R-HSA-9013423,2/93,0.090102633203252,0.1749214700149553,0,0,4.105535973460502,9.8812281602883,ARHGDIB;CYBA
Reactome_2022,VEGFA-VEGFR2 Pathway R-HSA-4420097,2/93,0.090102633203252,0.1749214700149553,0,0,4.105535973460502,9.8812281602883,CYBA;CALM1
Reactome_2022,Assembly Of HIV Virion R-HSA-175474,1/18,0.0929018344244166,0.1781562617468233,0,0,10.926333150082463,25.96328271398022,UBB
Reactome_2022,Regulation Of NF-kappa B Signaling R-HSA-9758274,1/18,0.0929018344244166,0.1781562617468233,0,0,10.926333150082463,25.96328271398022,UBB
Reactome_2022,Constitutive Signaling By Ligand-Responsive EGFR Cancer Variants R-HSA-1236382,1/18,0.0929018344244166,0.1781562617468233,0,0,10.926333150082463,25.96328271398022,UBB
Reactome_2022,VEGFR2 Mediated Cell Proliferation R-HSA-5218921,1/18,0.0929018344244166,0.1781562617468233,0,0,10.926333150082463,25.96328271398022,CALM1
Reactome_2022,Other Semaphorin Interactions R-HSA-416700,1/19,0.0978045685552119,0.1814721935729448,0,0,10.318795430944965,23.9889704117679,TYROBP
Reactome_2022,PKA-mediated Phosphorylation Of CREB R-HSA-111931,1/19,0.0978045685552119,0.1814721935729448,0,0,10.318795430944965,23.9889704117679,CALM1
Reactome_2022,RAS Processing R-HSA-9648002,1/19,0.0978045685552119,0.1814721935729448,0,0,10.318795430944965,23.9889704117679,CALM1
Reactome_2022,Ras Activation Upon Ca2+ Influx Thru NMDA Receptor R-HSA-442982,1/19,0.0978045685552119,0.1814721935729448,0,0,10.318795430944965,23.9889704117679,CALM1
Reactome_2022,Regulation Of TP53 Activity Thru Methylation R-HSA-6804760,1/19,0.0978045685552119,0.1814721935729448,0,0,10.318795430944965,23.9889704117679,UBB
Reactome_2022,Scavenging By Class A Receptors R-HSA-3000480,1/19,0.0978045685552119,0.1814721935729448,0,0,10.318795430944965,23.9889704117679,CALR
Reactome_2022,Signaling By PDGFR In Disease R-HSA-9671555,1/19,0.0978045685552119,0.1814721935729448,0,0,10.318795430944965,23.9889704117679,BIN2
Reactome_2022,"TICAM1, RIP1-mediated IKK Complex Recruitment R-HSA-168927",1/19,0.0978045685552119,0.1814721935729448,0,0,10.318795430944965,23.9889704117679,UBB
Reactome_2022,Translesion Synthesis By POLH R-HSA-110320,1/19,0.0978045685552119,0.1814721935729448,0,0,10.318795430944965,23.9889704117679,UBB
Reactome_2022,Listeria Monocytogenes Entry Into Host Cells R-HSA-8876384,1/19,0.0978045685552119,0.1814721935729448,0,0,10.318795430944965,23.9889704117679,UBB
Reactome_2022,Metabolism Of Cofactors R-HSA-8978934,1/19,0.0978045685552119,0.1814721935729448,0,0,10.318795430944965,23.9889704117679,CALM1
Reactome_2022,Visual Phototransduction R-HSA-2187338,2/98,0.0984194147676292,0.1820759173201142,0,0,3.890723270440252,9.020708783413909,AKR1C3;CALM1
Reactome_2022,Stimuli-sensing Channels R-HSA-2672351,2/100,0.1018050719773058,0.1866658364266269,0,0,3.81093569503273,8.70682707358352,UBB;CALM1
Reactome_2022,GPCR Ligand Binding R-HSA-500792,5/458,0.1023839783049507,0.1866658364266269,0,0,2.0830922222936623,4.7474193362444685,CX3CR1;CCL4;XCL2;CCL3;S1PR5
Reactome_2022,Phosphorylation Of CD3 And TCR Zeta Chains R-HSA-202427,1/20,0.1026810483364275,0.1866658364266269,0,0,9.775209050664044,22.249624223401657,CD247
Reactome_2022,Chaperone Mediated Autophagy R-HSA-9613829,1/20,0.1026810483364275,0.1866658364266269,0,0,9.775209050664044,22.249624223401657,UBB
Reactome_2022,Regulation Of FZD By Ubiquitination R-HSA-4641263,1/20,0.1026810483364275,0.1866658364266269,0,0,9.775209050664044,22.249624223401657,UBB
Reactome_2022,FGFR2 Ligand Binding And Activation R-HSA-190241,1/20,0.1026810483364275,0.1866658364266269,0,0,9.775209050664044,22.249624223401657,FGFBP2
Reactome_2022,Signaling By VEGF R-HSA-194138,2/102,0.1052227719094245,0.1907352263142019,0,0,3.734339622641509,8.40852118294124,CYBA;CALM1
Reactome_2022,PD-1 Signaling R-HSA-389948,1/21,0.107531413032235,0.1910657028171634,0,0,9.285981308411214,20.707480723217916,CD247
Reactome_2022,ER Quality Control Compartment (ERQC) R-HSA-901032,1/21,0.107531413032235,0.1910657028171634,0,0,9.285981308411214,20.707480723217916,UBB
Reactome_2022,"Unblocking Of NMDA Receptors, Glutamate Binding And Activation R-HSA-438066",1/21,0.107531413032235,0.1910657028171634,0,0,9.285981308411214,20.707480723217916,CALM1
Reactome_2022,Initial Triggering Of Complement R-HSA-166663,1/21,0.107531413032235,0.1910657028171634,0,0,9.285981308411214,20.707480723217916,GZMM
Reactome_2022,NOTCH2 Activation And Transmission Of Signal To Nucleus R-HSA-2979096,1/21,0.107531413032235,0.1910657028171634,0,0,9.285981308411214,20.707480723217916,UBB
Reactome_2022,Negative Regulation Of MET Activity R-HSA-6807004,1/21,0.107531413032235,0.1910657028171634,0,0,9.285981308411214,20.707480723217916,UBB
Reactome_2022,Negative Regulation Of NMDA Receptor-Mediated Neuronal Transmission R-HSA-9617324,1/21,0.107531413032235,0.1910657028171634,0,0,9.285981308411214,20.707480723217916,CALM1
Reactome_2022,PINK1-PRKN Mediated Mitophagy R-HSA-5205685,1/22,0.1123558011911236,0.196857378688626,0,0,8.84334668446818,19.332304412306986,UBB
Reactome_2022,RA Biosynthesis Pathway R-HSA-5365859,1/22,0.1123558011911236,0.196857378688626,0,0,8.84334668446818,19.332304412306986,AKR1C3
Reactome_2022,Cytosolic Sulfonation Of Small Molecules R-HSA-156584,1/22,0.1123558011911236,0.196857378688626,0,0,8.84334668446818,19.332304412306986,TPST2
Reactome_2022,Response Of Mtb To Phagocytosis R-HSA-9637690,1/22,0.1123558011911236,0.196857378688626,0,0,8.84334668446818,19.332304412306986,UBB
Reactome_2022,Signaling By NODAL R-HSA-1181150,1/22,0.1123558011911236,0.196857378688626,0,0,8.84334668446818,19.332304412306986,DRAP1
Reactome_2022,Phase II - Conjugation Of Compounds R-HSA-156580,2/107,0.1139002540395629,0.1990090549746807,0,0,3.5556154537286613,7.724333424835294,TPST2;GSTP1
Reactome_2022,RHOBTB2 GTPase Cycle R-HSA-9013418,1/23,0.1171543506290522,0.2024452927078951,0,0,8.440951571792693,18.099619949979104,ACTG1
Reactome_2022,IKK Complex Recruitment Mediated By RIP1 R-HSA-937041,1/23,0.1171543506290522,0.2024452927078951,0,0,8.440951571792693,18.099619949979104,UBB
Reactome_2022,Triglyceride Catabolism R-HSA-163560,1/23,0.1171543506290522,0.2024452927078951,0,0,8.440951571792693,18.099619949979104,PPP1CA
Reactome_2022,Long-term Potentiation R-HSA-9620244,1/23,0.1171543506290522,0.2024452927078951,0,0,8.440951571792693,18.099619949979104,CALM1
Reactome_2022,APC/C:Cdc20 Mediated Degradation Of Cyclin B R-HSA-174048,1/24,0.1219271983915178,0.2084027385550672,0,0,8.073547338480292,16.989417130025068,UBB
Reactome_2022,Aggrephagy R-HSA-9646399,1/24,0.1219271983915178,0.2084027385550672,0,0,8.073547338480292,16.989417130025068,UBB
Reactome_2022,Signaling By EGFR In Cancer R-HSA-1643713,1/24,0.1219271983915178,0.2084027385550672,0,0,8.073547338480292,16.989417130025068,UBB
Reactome_2022,Synthesis Of Bile Acids And Bile Salts Via 7Alpha-Hydroxycholesterol R-HSA-193368,1/24,0.1219271983915178,0.2084027385550672,0,0,8.073547338480292,16.989417130025068,AKR1C3
Reactome_2022,"Respiratory Electron Transport, ATP Synthesis By Chemiosmotic Coupling, Heat Production By Uncoupling Proteins R-HSA-163200",2/112,0.1227552286632157,0.2092494277213082,0,0,3.3931389365351627,7.117322406116919,UCP2;NDUFB2
Reactome_2022,Gap-filling DNA Repair Synthesis And Ligation In GG-NER R-HSA-5696397,1/25,0.1266744808885122,0.2141888399969735,0,0,7.736760124610591,15.985187983477685,UBB
Reactome_2022,Inactivation Of CSF3 (G-CSF) Signaling R-HSA-9705462,1/25,0.1266744808885122,0.2141888399969735,0,0,7.736760124610591,15.985187983477685,UBB
Reactome_2022,NOTCH3 Activation And Transmission Of Signal To Nucleus R-HSA-9013507,1/25,0.1266744808885122,0.2141888399969735,0,0,7.736760124610591,15.985187983477685,UBB
Reactome_2022,Signaling By Receptor Tyrosine Kinases R-HSA-9006934,5/496,0.1308943887980655,0.2174955103601283,0,0,1.918118363553675,3.900233736053574,RAP1B;FGFBP2;UBB;CYBA;CALM1
Reactome_2022,APC-Cdc20 Mediated Degradation Of Nek2A R-HSA-179409,1/26,0.1313963337628756,0.2174955103601283,0,0,7.426915887850467,15.07320114483968,UBB
Reactome_2022,Platelet Calcium Homeostasis R-HSA-418360,1/26,0.1313963337628756,0.2174955103601283,0,0,7.426915887850467,15.07320114483968,CALM1
Reactome_2022,Attenuation Phase R-HSA-3371568,1/26,0.1313963337628756,0.2174955103601283,0,0,7.426915887850467,15.07320114483968,UBB
Reactome_2022,Pyroptosis R-HSA-5620971,1/26,0.1313963337628756,0.2174955103601283,0,0,7.426915887850467,15.07320114483968,GZMB
Reactome_2022,Role Of Phospholipids In Phagocytosis R-HSA-2029485,1/26,0.1313963337628756,0.2174955103601283,0,0,7.426915887850467,15.07320114483968,CD247
Reactome_2022,Synthesis Of IP3 And IP4 In Cytosol R-HSA-1855204,1/26,0.1313963337628756,0.2174955103601283,0,0,7.426915887850467,15.07320114483968,CALM1
Reactome_2022,Infection With Mycobacterium Tuberculosis R-HSA-9635486,1/26,0.1313963337628756,0.2174955103601283,0,0,7.426915887850467,15.07320114483968,UBB
Reactome_2022,CREB1 Phosphorylation Thru NMDA Receptor-Mediated Activation Of RAS Signaling R-HSA-442742,1/27,0.136092891948876,0.2217679508700596,0,0,7.140905823148814,14.241948234838476,CALM1
Reactome_2022,FLT3 Signaling In Disease R-HSA-9682385,1/27,0.136092891948876,0.2217679508700596,0,0,7.140905823148814,14.241948234838476,UBB
Reactome_2022,Role Of Nef In HIV-1 Replication And Disease Pathogenesis R-HSA-164952,1/27,0.136092891948876,0.2217679508700596,0,0,7.140905823148814,14.241948234838476,CD247
Reactome_2022,VEGFR2 Mediated Vascular Permeability R-HSA-5218920,1/27,0.136092891948876,0.2217679508700596,0,0,7.140905823148814,14.241948234838476,CALM1
Reactome_2022,Integrin Signaling R-HSA-354192,1/27,0.136092891948876,0.2217679508700596,0,0,7.140905823148814,14.241948234838476,RAP1B
Reactome_2022,Interleukin Receptor SHC Signaling R-HSA-912526,1/27,0.136092891948876,0.2217679508700596,0,0,7.140905823148814,14.241948234838476,IL2RB
Reactome_2022,SARS-CoV-2 Activates/Modulates Innate And Adaptive Immune Responses R-HSA-9705671,2/121,0.1390925926626419,0.2260703896248108,0,0,3.135087997463136,6.184322968727392,HLA-B;ISG15
Reactome_2022,Paracetamol ADME R-HSA-9753281,1/28,0.1407642896836536,0.2270275338744054,0,0,6.876081689165801,13.481716715211531,GSTP1
Reactome_2022,MET Promotes Cell Motility R-HSA-8875878,1/28,0.1407642896836536,0.2270275338744054,0,0,6.876081689165801,13.481716715211531,RAP1B
Reactome_2022,Mitophagy R-HSA-5205647,1/28,0.1407642896836536,0.2270275338744054,0,0,6.876081689165801,13.481716715211531,UBB
Reactome_2022,Activation Of Kainate Receptors Upon Glutamate Binding R-HSA-451326,1/29,0.1454106605065873,0.2292313420016126,0,0,6.630173564753004,12.784256895768596,CALM1
Reactome_2022,Budding And Maturation Of HIV Virion R-HSA-162588,1/29,0.1454106605065873,0.2292313420016126,0,0,6.630173564753004,12.784256895768596,UBB
Reactome_2022,Regulation Of Necroptotic Cell Death R-HSA-5675482,1/29,0.1454106605065873,0.2292313420016126,0,0,6.630173564753004,12.784256895768596,UBB
Reactome_2022,Dectin-2 Family R-HSA-5621480,1/29,0.1454106605065873,0.2292313420016126,0,0,6.630173564753004,12.784256895768596,FCER1G
Reactome_2022,Downregulation Of ERBB2 Signaling R-HSA-8863795,1/29,0.1454106605065873,0.2292313420016126,0,0,6.630173564753004,12.784256895768596,UBB
Reactome_2022,FCERI Mediated Ca+2 Mobilization R-HSA-2871809,1/29,0.1454106605065873,0.2292313420016126,0,0,6.630173564753004,12.784256895768596,CALM1
Reactome_2022,HSF1 Activation R-HSA-3371511,1/29,0.1454106605065873,0.2292313420016126,0,0,6.630173564753004,12.784256895768596,UBB
Reactome_2022,Uptake And Actions Of Bacterial Toxins R-HSA-5339562,1/29,0.1454106605065873,0.2292313420016126,0,0,6.630173564753004,12.784256895768596,CALM1
Reactome_2022,Negative Regulation Of FGFR3 Signaling R-HSA-5654732,1/29,0.1454106605065873,0.2292313420016126,0,0,6.630173564753004,12.784256895768596,UBB
Reactome_2022,Recognition Of DNA Damage By PCNA-containing Replication Complex R-HSA-110314,1/30,0.1500321372358647,0.2332686007796001,0,0,6.401224621334193,12.142519852667972,UBB
Reactome_2022,Signaling By CSF3 (G-CSF) R-HSA-9674555,1/30,0.1500321372358647,0.2332686007796001,0,0,6.401224621334193,12.142519852667972,UBB
Reactome_2022,Endosomal Sorting Complex Required For Transport (ESCRT) R-HSA-917729,1/30,0.1500321372358647,0.2332686007796001,0,0,6.401224621334193,12.142519852667972,UBB
Reactome_2022,Synthesis Of Active Ubiquitin: Roles Of E1 And E2 Enzymes R-HSA-8866652,1/30,0.1500321372358647,0.2332686007796001,0,0,6.401224621334193,12.142519852667972,UBB
Reactome_2022,Translation Of Structural Proteins R-HSA-9683701,1/30,0.1500321372358647,0.2332686007796001,0,0,6.401224621334193,12.142519852667972,UBB
Reactome_2022,M Phase R-HSA-68886,4/380,0.1501967938247027,0.2332686007796001,0,0,1.996317512274959,3.7846364788896274,UBB;PSME2;PSMB10;PSMB8
Reactome_2022,Activated NOTCH1 Transmits Signal To Nucleus R-HSA-2122948,1/31,0.1546288520007175,0.2349312751411868,0,0,6.187538940809969,11.55044932516124,UBB
Reactome_2022,Antigen Activates B Cell Receptor Leading To Second Messenger Generation R-HSA-983695,1/31,0.1546288520007175,0.2349312751411868,0,0,6.187538940809969,11.55044932516124,CALM1
Reactome_2022,RIPK1-mediated Regulated Necrosis R-HSA-5213460,1/31,0.1546288520007175,0.2349312751411868,0,0,6.187538940809969,11.55044932516124,UBB
Reactome_2022,Regulation Of MECP2 Expression And Activity R-HSA-9022692,1/31,0.1546288520007175,0.2349312751411868,0,0,6.187538940809969,11.55044932516124,CALM1
Reactome_2022,Downregulation Of SMAD2/3:SMAD4 Transcriptional Activity R-HSA-2173795,1/31,0.1546288520007175,0.2349312751411868,0,0,6.187538940809969,11.55044932516124,UBB
Reactome_2022,EGFR Downregulation R-HSA-182971,1/31,0.1546288520007175,0.2349312751411868,0,0,6.187538940809969,11.55044932516124,UBB
Reactome_2022,Late Endosomal Microautophagy R-HSA-9615710,1/31,0.1546288520007175,0.2349312751411868,0,0,6.187538940809969,11.55044932516124,UBB
Reactome_2022,Metalloprotease DUBs R-HSA-5689901,1/31,0.1546288520007175,0.2349312751411868,0,0,6.187538940809969,11.55044932516124,UBB
Reactome_2022,Negative Regulation Of FGFR4 Signaling R-HSA-5654733,1/31,0.1546288520007175,0.2349312751411868,0,0,6.187538940809969,11.55044932516124,UBB
Reactome_2022,Phase 0 - Rapid Depolarisation R-HSA-5576892,1/32,0.1592009362234696,0.2389913815860678,0,0,5.987639433222792,11.00281511800529,CALM1
Reactome_2022,RAF Activation R-HSA-5673000,1/32,0.1592009362234696,0.2389913815860678,0,0,5.987639433222792,11.00281511800529,CALM1
Reactome_2022,Cargo Concentration In ER R-HSA-5694530,1/32,0.1592009362234696,0.2389913815860678,0,0,5.987639433222792,11.00281511800529,CTSC
Reactome_2022,Gluconeogenesis R-HSA-70263,1/32,0.1592009362234696,0.2389913815860678,0,0,5.987639433222792,11.00281511800529,TPI1
Reactome_2022,"Inactivation, Recovery And Regulation Of Phototransduction Cascade R-HSA-2514859",1/32,0.1592009362234696,0.2389913815860678,0,0,5.987639433222792,11.00281511800529,CALM1
Reactome_2022,Oncogene Induced Senescence R-HSA-2559585,1/33,0.163748520696907,0.2423478106314224,0,0,5.800233644859813,10.495078705319292,UBB
Reactome_2022,CaM Pathway R-HSA-111997,1/33,0.163748520696907,0.2423478106314224,0,0,5.800233644859813,10.495078705319292,CALM1
Reactome_2022,Diseases Of Carbohydrate Metabolism R-HSA-5663084,1/33,0.163748520696907,0.2423478106314224,0,0,5.800233644859813,10.495078705319292,UBB
Reactome_2022,Signaling By High-Kinase Activity BRAF Mutants R-HSA-6802948,1/33,0.163748520696907,0.2423478106314224,0,0,5.800233644859813,10.495078705319292,RAP1B
Reactome_2022,Phototransduction Cascade R-HSA-2514856,1/33,0.163748520696907,0.2423478106314224,0,0,5.800233644859813,10.495078705319292,CALM1
Reactome_2022,Negative Regulation Of FGFR1 Signaling R-HSA-5654726,1/33,0.163748520696907,0.2423478106314224,0,0,5.800233644859813,10.495078705319292,UBB
Reactome_2022,Signaling By Nuclear Receptors R-HSA-9006931,3/260,0.1661162640765126,0.2452749532960715,0,0,2.1828793774319064,3.918415498932441,AKR1C3;CALM1;CTSD
Reactome_2022,COPI-independent Golgi-to-ER Retrograde Traffic R-HSA-6811436,1/34,0.1682717354144774,0.2467200969130683,0,0,5.624185783064288,10.023284049176388,CAPZB
Reactome_2022,Synthesis Of Bile Acids And Bile Salts R-HSA-192105,1/34,0.1682717354144774,0.2467200969130683,0,0,5.624185783064288,10.023284049176388,AKR1C3
Reactome_2022,Negative Regulation Of FGFR2 Signaling R-HSA-5654727,1/34,0.1682717354144774,0.2467200969130683,0,0,5.624185783064288,10.023284049176388,UBB
Reactome_2022,Plasma Lipoprotein Clearance R-HSA-8964043,1/35,0.1727707097695184,0.2509763890185383,0,0,5.45849367784497,9.583968290542655,UBB
Reactome_2022,RHOBTB GTPase Cycle R-HSA-9706574,1/35,0.1727707097695184,0.2509763890185383,0,0,5.45849367784497,9.583968290542655,ACTG1
Reactome_2022,Ca-dependent Events R-HSA-111996,1/35,0.1727707097695184,0.2509763890185383,0,0,5.45849367784497,9.583968290542655,CALM1
Reactome_2022,Regulation Of TNFR1 Signaling R-HSA-5357905,1/35,0.1727707097695184,0.2509763890185383,0,0,5.45849367784497,9.583968290542655,UBB
Reactome_2022,Toll Like Receptor 4 (TLR4) Cascade R-HSA-166016,2/140,0.1749358619135741,0.2528060433169445,0,0,2.700847689362866,4.708484671366308,UBB;ITGB2
Reactome_2022,Platelet Aggregation (Plug Formation) R-HSA-76009,1/36,0.1772455725004333,0.2528060433169445,0,0,5.302269692923899,9.174088257462778,RAP1B
Reactome_2022,RHOH GTPase Cycle R-HSA-9013407,1/36,0.1772455725004333,0.2528060433169445,0,0,5.302269692923899,9.174088257462778,ARHGDIB
Reactome_2022,Regulation Of TP53 Degradation R-HSA-6804757,1/36,0.1772455725004333,0.2528060433169445,0,0,5.302269692923899,9.174088257462778,UBB
Reactome_2022,SMAD2/SMAD3:SMAD4 Heterotrimer Regulates Transcription R-HSA-2173796,1/36,0.1772455725004333,0.2528060433169445,0,0,5.302269692923899,9.174088257462778,UBB
Reactome_2022,Glutathione Conjugation R-HSA-156590,1/36,0.1772455725004333,0.2528060433169445,0,0,5.302269692923899,9.174088257462778,GSTP1
Reactome_2022,HSF1-dependent Transactivation R-HSA-3371571,1/36,0.1772455725004333,0.2528060433169445,0,0,5.302269692923899,9.174088257462778,UBB
Reactome_2022,Mitochondrial Fatty Acid Beta-Oxidation R-HSA-77289,1/36,0.1772455725004333,0.2528060433169445,0,0,5.302269692923899,9.174088257462778,DBI
Reactome_2022,Regulation Of TP53 Expression And Degradation R-HSA-6806003,1/37,0.181696451581132,0.2556757674374318,0,0,5.15472481827622,8.79095962810174,UBB
Reactome_2022,DNA Damage Recognition In GG-NER R-HSA-5696394,1/37,0.181696451581132,0.2556757674374318,0,0,5.15472481827622,8.79095962810174,UBB
Reactome_2022,Defective B3GALTL Causes PpS R-HSA-5083635,1/37,0.181696451581132,0.2556757674374318,0,0,5.15472481827622,8.79095962810174,SPON2
Reactome_2022,FLT3 Signaling R-HSA-9607240,1/37,0.181696451581132,0.2556757674374318,0,0,5.15472481827622,8.79095962810174,UBB
Reactome_2022,Triglyceride Metabolism R-HSA-8979227,1/37,0.181696451581132,0.2556757674374318,0,0,5.15472481827622,8.79095962810174,PPP1CA
Reactome_2022,MAP2K And MAPK Activation R-HSA-5674135,1/37,0.181696451581132,0.2556757674374318,0,0,5.15472481827622,8.79095962810174,RAP1B
Reactome_2022,O-glycosylation Of TSR Domain-Containing Proteins R-HSA-5173214,1/38,0.1861234743707439,0.2601592563982176,0,0,5.015155342258146,8.432206282752748,SPON2
Reactome_2022,Fanconi Anemia Pathway R-HSA-6783310,1/38,0.1861234743707439,0.2601592563982176,0,0,5.015155342258146,8.432206282752748,UBB
Reactome_2022,HSP90 Chaperone Cycle For Steroid Hormone Receptors (SHR) In Presence Of Ligand R-HSA-3371497,1/38,0.1861234743707439,0.2601592563982176,0,0,5.015155342258146,8.432206282752748,CAPZB
Reactome_2022,Ovarian Tumor Domain Proteases R-HSA-5689896,1/39,0.1905267675361332,0.2645504123183836,0,0,4.88293162813576,8.09571793130784,UBB
Reactome_2022,DAG And IP3 Signaling R-HSA-1489509,1/39,0.1905267675361332,0.2645504123183836,0,0,4.88293162813576,8.09571793130784,CALM1
Reactome_2022,Signaling By FGFR3 R-HSA-5654741,1/39,0.1905267675361332,0.2645504123183836,0,0,4.88293162813576,8.09571793130784,UBB
Reactome_2022,Collagen Degradation R-HSA-1442490,1/40,0.194906457103083,0.2694421132260202,0,0,4.757488617301702,7.779614480899461,CTSD
Reactome_2022,Signaling By FGFR4 R-HSA-5654743,1/40,0.194906457103083,0.2694421132260202,0,0,4.757488617301702,7.779614480899461,UBB
Reactome_2022,SARS-CoV-2 Infection R-HSA-9694516,3/283,0.1970680057045912,0.2718328412021664,0,0,2.001224489795918,3.2504016305510834,UBB;HLA-B;ISG15
Reactome_2022,Binding And Uptake Of Ligands By Scavenger Receptors R-HSA-2173782,1/41,0.199262668392605,0.2724700400411926,0,0,4.638317757009346,7.4822159378957585,CALR
Reactome_2022,Dual Incision In GG-NER R-HSA-5696400,1/41,0.199262668392605,0.2724700400411926,0,0,4.638317757009346,7.4822159378957585,UBB
Reactome_2022,Signaling By Retinoic Acid R-HSA-5362517,1/41,0.199262668392605,0.2724700400411926,0,0,4.638317757009346,7.4822159378957585,AKR1C3
Reactome_2022,Negative Regulation Of MAPK Pathway R-HSA-5675221,1/41,0.199262668392605,0.2724700400411926,0,0,4.638317757009346,7.4822159378957585,UBB
Reactome_2022,Metabolism Of Carbohydrates R-HSA-71387,3/285,0.1998252083212757,0.2726465423732807,0,0,1.9868287740628163,3.199414719390985,TPI1;UBB;CALM1
Reactome_2022,RHOF GTPase Cycle R-HSA-9035034,1/42,0.2035955261170663,0.2748102702309759,0,0,4.524960109414178,7.20201686650159,CAPZB
Reactome_2022,Deactivation Of Beta-Catenin Transactivating Complex R-HSA-3769402,1/42,0.2035955261170663,0.2748102702309759,0,0,4.524960109414178,7.20201686650159,UBB
Reactome_2022,Formation Of Incision Complex In GG-NER R-HSA-5696395,1/42,0.2035955261170663,0.2748102702309759,0,0,4.524960109414178,7.20201686650159,UBB
Reactome_2022,"Gamma Carboxylation, Hypusine Formation And Arylsulfatase Activation R-HSA-163841",1/42,0.2035955261170663,0.2748102702309759,0,0,4.524960109414178,7.20201686650159,TPST2
Reactome_2022,NS1 Mediated Effects On Host Pathways R-HSA-168276,1/42,0.2035955261170663,0.2748102702309759,0,0,4.524960109414178,7.20201686650159,ISG15
Reactome_2022,Retinoid Metabolism And Transport R-HSA-975634,1/43,0.2079051543056224,0.2796941355239399,0,0,4.417000445037829,6.937664630615158,AKR1C3
Reactome_2022,Influenza Infection R-HSA-168255,2/157,0.2081031087841079,0.2796941355239399,0,0,2.4025562994522214,3.771344534800844,ISG15;CALR
Reactome_2022,TNF Signaling R-HSA-75893,1/44,0.2121916763548195,0.2839756689940031,0,0,4.314062160399913,6.687940778904226,UBB
Reactome_2022,"Interleukin-3, Interleukin-5 And GM-CSF Signaling R-HSA-512988",1/44,0.2121916763548195,0.2839756689940031,0,0,4.314062160399913,6.687940778904226,IL2RB
Reactome_2022,Bile Acid And Bile Salt Metabolism R-HSA-194068,1/45,0.2164552149379061,0.2884540893981842,0,0,4.215802888700085,6.451745064117767,AKR1C3
Reactome_2022,TAK1-dependent IKK And NF-kappa-B Activation R-HSA-445989,1/45,0.2164552149379061,0.2884540893981842,0,0,4.215802888700085,6.451745064117767,UBB
Reactome_2022,Toll-like Receptor Cascades R-HSA-168898,2/162,0.2179885031843765,0.2898832315073421,0,0,2.32688679245283,3.5445767963902264,UBB;ITGB2
Reactome_2022,Citric Acid (TCA) Cycle And Respiratory Electron Transport R-HSA-1428517,2/163,0.2199708463089791,0.2919022411990461,0,0,2.312316887378413,3.501449566894726,UCP2;NDUFB2
Reactome_2022,Cellular Senescence R-HSA-2559583,2/165,0.2239401942306194,0.2959640141850636,0,0,2.283713392753791,3.417294489157284,UBB;IGFBP7
Reactome_2022,PLC Beta Mediated Events R-HSA-112043,1/47,0.2249138295396826,0.2959640141850636,0,0,4.032100772043885,6.016047289297782,CALM1
Reactome_2022,Cyclin D Associated Events In G1 R-HSA-69231,1/47,0.2249138295396826,0.2959640141850636,0,0,4.032100772043885,6.016047289297782,UBB
Reactome_2022,Metabolism Of Fat-Soluble Vitamins R-HSA-6806667,1/47,0.2249138295396826,0.2959640141850636,0,0,4.032100772043885,6.016047289297782,AKR1C3
Reactome_2022,Inositol Phosphate Metabolism R-HSA-1483249,1/48,0.2291091477632304,0.3002284457147331,0,0,3.9461125472260887,5.814820824388835,CALM1
Reactome_2022,NOTCH1 Intracellular Domain Regulates Transcription R-HSA-2122947,1/48,0.2291091477632304,0.3002284457147331,0,0,3.9461125472260887,5.814820824388835,UBB
Reactome_2022,Signaling By EGFR R-HSA-177929,1/49,0.2332819671059828,0.3031701597307091,0,0,3.863707165109034,5.623654361810044,UBB
Reactome_2022,Signaling By ERBB2 R-HSA-1227986,1/49,0.2332819671059828,0.3031701597307091,0,0,3.863707165109034,5.623654361810044,UBB
Reactome_2022,Signaling By FGFR1 R-HSA-5654736,1/49,0.2332819671059828,0.3031701597307091,0,0,3.863707165109034,5.623654361810044,UBB
Reactome_2022,Signaling By NOTCH3 R-HSA-9012852,1/49,0.2332819671059828,0.3031701597307091,0,0,3.863707165109034,5.623654361810044,UBB
Reactome_2022,"Formation Of Ternary Complex, And Subsequently, 43S Complex R-HSA-72695",1/50,0.2374324069826741,0.307294205745066,0,0,3.7846652679763495,5.441865346754643,EIF3G
Reactome_2022,Ion Homeostasis R-HSA-5578775,1/50,0.2374324069826741,0.307294205745066,0,0,3.7846652679763495,5.441865346754643,CALM1
Reactome_2022,Fatty Acid Metabolism R-HSA-8978868,2/173,0.239869127714572,0.3098104339475684,0,0,2.175990290190886,3.10657822657537,AKR1C3;DBI
Reactome_2022,Complex I Biogenesis R-HSA-6799198,1/51,0.2415605864133505,0.3100849160285663,0,0,3.708785046728972,5.26882970368819,NDUFB2
Reactome_2022,Transcriptional Activity Of SMAD2/SMAD3:SMAD4 Heterotrimer R-HSA-2173793,1/51,0.2415605864133505,0.3100849160285663,0,0,3.708785046728972,5.26882970368819,UBB
Reactome_2022,Translocation Of SLC2A4 (GLUT4) To Plasma Membrane R-HSA-1445148,1/51,0.2415605864133505,0.3100849160285663,0,0,3.708785046728972,5.26882970368819,CALM1
Reactome_2022,Ion Channel Transport R-HSA-983712,2/175,0.2438614453454538,0.3115409400636155,0,0,2.150616206783728,3.034852946449903,UBB;CALM1
Reactome_2022,SARS-CoV-1 Infection R-HSA-9678108,1/52,0.245666623643169,0.3115409400636155,0,0,3.635880520432472,5.103975813737589,UBB
Reactome_2022,Signaling By Non-Receptor Tyrosine Kinases R-HSA-9006927,1/52,0.245666623643169,0.3115409400636155,0,0,3.635880520432472,5.103975813737589,UBB
Reactome_2022,Formation Of TC-NER Pre-Incision Complex R-HSA-6781823,1/52,0.245666623643169,0.3115409400636155,0,0,3.635880520432472,5.103975813737589,UBB
Reactome_2022,G-protein Mediated Events R-HSA-112040,1/52,0.245666623643169,0.3115409400636155,0,0,3.635880520432472,5.103975813737589,CALM1
Reactome_2022,Transcriptional Activation Of Mitochondrial Biogenesis R-HSA-2151201,1/52,0.245666623643169,0.3115409400636155,0,0,3.635880520432472,5.103975813737589,CALM1
Reactome_2022,Ion Transport By P-type ATPases R-HSA-936837,1/53,0.2497506362945998,0.3155802815210053,0,0,3.565780014378145,4.946779206400968,CALM1
Reactome_2022,RAC1 GTPase Cycle R-HSA-9013149,2/178,0.2498552944315749,0.3155802815210053,0,0,2.113636363636364,2.931345946380823,ARHGDIB;CYBA
Reactome_2022,Complement Cascade R-HSA-166658,1/55,0.257853055534351,0.3243791438622135,0,0,3.433367947386639,4.653468150572839,GZMM
Reactome_2022,Intrinsic Pathway For Apoptosis R-HSA-109606,1/55,0.257853055534351,0.3243791438622135,0,0,3.433367947386639,4.653468150572839,GZMB
Reactome_2022,Metabolism Of Vitamins And Cofactors R-HSA-196854,2/186,0.2658582373412699,0.3318084488700742,0,0,2.020918785890074,2.6772971505203134,AKR1C3;CALM1
Reactome_2022,Ribosomal Scanning And Start Codon Recognition R-HSA-72702,1/57,0.2658687730214903,0.3318084488700742,0,0,3.3104138851802403,4.385478826898684,EIF3G
Reactome_2022,Signaling By ERBB4 R-HSA-1236394,1/57,0.2658687730214903,0.3318084488700742,0,0,3.3104138851802403,4.385478826898684,UBB
Reactome_2022,Translation Initiation Complex Formation R-HSA-72649,1/57,0.2658687730214903,0.3318084488700742,0,0,3.3104138851802403,4.385478826898684,EIF3G
Reactome_2022,"mRNA Activation Upon Binding Of Cap-Binding Complex And eIFs, Subsequent Binding To 43S R-HSA-72662",1/58,0.269844406237758,0.3341385549260821,0,0,3.2521724872929987,4.260052479988043,EIF3G
Reactome_2022,Constitutive Signaling By NOTCH1 HD+PEST Domain Mutants R-HSA-2894862,1/58,0.269844406237758,0.3341385549260821,0,0,3.2521724872929987,4.260052479988043,UBB
Reactome_2022,Late SARS-CoV-2 Infection Events R-HSA-9772573,1/58,0.269844406237758,0.3341385549260821,0,0,3.2521724872929987,4.260052479988043,UBB
Reactome_2022,ESR-mediated Signaling R-HSA-8939211,2/188,0.2698607089069152,0.3341385549260821,0,0,1.998985595455468,2.618369974950044,CALM1;CTSD
Reactome_2022,Arachidonic Acid Metabolism R-HSA-2142753,1/59,0.2737987080032929,0.3376850732040612,0,0,3.1959394134708345,4.139898741846775,AKR1C3
Reactome_2022,Iron Uptake And Transport R-HSA-917937,1/59,0.2737987080032929,0.3376850732040612,0,0,3.1959394134708345,4.139898741846775,UBB
Reactome_2022,Recruitment And ATM-mediated Phosphorylation Of Repair And Signal Proteins At DNA Double Strand Breaks R-HSA-5693565,1/60,0.277731791604688,0.341197845545603,0,0,3.141612545540948,4.024717976625157,UBB
Reactome_2022,Transcriptional Regulation By MECP2 R-HSA-8986944,1/60,0.277731791604688,0.341197845545603,0,0,3.141612545540948,4.024717976625157,CALM1
Reactome_2022,Post NMDA Receptor Activation Events R-HSA-438064,1/61,0.2816437699407288,0.3433215722727101,0,0,3.0890965732087228,3.914232059143511,CALM1
Reactome_2022,Ca2+ Pathway R-HSA-4086398,1/61,0.2816437699407288,0.3433215722727101,0,0,3.0890965732087228,3.914232059143511,CALM1
Reactome_2022,DNA Double Strand Break Response R-HSA-5693606,1/61,0.2816437699407288,0.3433215722727101,0,0,3.0890965732087228,3.914232059143511,UBB
Reactome_2022,Selective Autophagy R-HSA-9663891,1/61,0.2816437699407288,0.3433215722727101,0,0,3.0890965732087228,3.914232059143511,UBB
Reactome_2022,MAP Kinase Activation R-HSA-450294,1/62,0.2855347551569803,0.3464512544567714,0,0,3.038302436034932,3.808182517469033,UBB
Reactome_2022,SARS-CoV-2-host Interactions R-HSA-9705683,2/196,0.2858635946948559,0.3464512544567714,0,0,1.9157751410231472,2.399011265620926,HLA-B;ISG15
Reactome_2022,Muscle Contraction R-HSA-397014,2/196,0.2858635946948559,0.3464512544567714,0,0,1.9157751410231472,2.399011265620926,MYL6;CALM1
Reactome_2022,Peroxisomal Protein Import R-HSA-9033241,1/63,0.2894048588657844,0.3493966530260622,0,0,2.9891468194151343,3.706328856610592,UBB
Reactome_2022,Cytosolic Sensors Of Pathogen-Associated DNA R-HSA-1834949,1/63,0.2894048588657844,0.3493966530260622,0,0,2.9891468194151343,3.706328856610592,UBB
Reactome_2022,Metabolism Of RNA R-HSA-8953854,5/666,0.2913044407120764,0.3510162705132108,0,0,1.412320256157925,1.7419365549662469,UBB;HNRNPA2B1;PSME2;PSMB10;PSMB8
Reactome_2022,Gap-filling DNA Repair Synthesis And Ligation In TC-NER R-HSA-6782210,1/64,0.2932541921172858,0.3526900322022424,0,0,2.941551698561044,3.6084470514412463,UBB
Reactome_2022,Dual Incision In TC-NER R-HSA-6782135,1/65,0.2970828652850231,0.3566128287486251,0,0,2.895443925233645,3.514328187871248,UBB
Reactome_2022,Integrin Cell Surface Interactions R-HSA-216083,1/66,0.3008909882822446,0.3604960602467273,0,0,2.850754852624012,3.4237772317379465,ITGB2
Reactome_2022,Sensory Processing Of Sound By Inner Hair Cells Of Cochlea R-HSA-9662360,1/67,0.304678670379657,0.3636487356144293,0,0,2.8074199943358824,3.336611918376091,CAPZB
Reactome_2022,HDR Thru Homologous Recombination (HRR) R-HSA-5685942,1/67,0.304678670379657,0.3636487356144293,0,0,2.8074199943358824,3.336611918376091,UBB
Reactome_2022,Costimulation By CD28 Family R-HSA-388841,1/68,0.30844602025895,0.3674480051948477,0,0,2.7653787139071,3.2526617438144703,CD247
Reactome_2022,Diseases Associated With O-glycosylation Of Proteins R-HSA-3906995,1/69,0.3121931460707797,0.3691270883113796,0,0,2.724573941726223,3.1717670489627245,SPON2
Reactome_2022,Glycolysis R-HSA-70171,1/69,0.3121931460707797,0.3691270883113796,0,0,2.724573941726223,3.1717670489627245,TPI1
Reactome_2022,Interleukin-17 Signaling R-HSA-448424,1/69,0.3121931460707797,0.3691270883113796,0,0,2.724573941726223,3.1717670489627245,UBB
Reactome_2022,Metabolism R-HSA-1430728,13/2049,0.3122428907847663,0.3691270883113796,0,0,1.2001240823079309,1.3969131060938855,TPI1;GSTP1;NDUFB2;AKR1C3;DBI;PSMB10;PSMB8;PPP1CA;TPST2;UBB;UCP2;PSME2;CALM1
Reactome_2022,"Cell Cycle, Mitotic R-HSA-69278",4/523,0.3127897266613121,0.3691270883113796,0,0,1.4356751148658664,1.6685762383735805,UBB;PSME2;PSMB10;PSMB8
Reactome_2022,Metabolism Of Amino Acids And Derivatives R-HSA-71291,3/364,0.3138793737136888,0.3697193372020792,0,0,1.5457855164226355,1.7911735986876705,PSME2;PSMB10;PSMB8
Reactome_2022,"Plasma Lipoprotein Assembly, Remodeling, And Clearance R-HSA-174824",1/71,0.319627155055696,0.3757859449159492,0,0,2.646461949265688,3.0185547717675925,UBB
Reactome_2022,SARS-CoV Infections R-HSA-9679506,3/369,0.3212733846855588,0.3770167144910755,0,0,1.5242779078844653,1.7307609414819882,UBB;HLA-B;ISG15
Reactome_2022,RHOC GTPase Cycle R-HSA-9013106,1/73,0.326981551055418,0.3822888394309627,0,0,2.5726895119418485,2.8758849031958693,RHOC
Reactome_2022,Extra-nuclear Estrogen Signaling R-HSA-9009391,1/73,0.326981551055418,0.3822888394309627,0,0,2.5726895119418485,2.8758849031958693,CALM1
Reactome_2022,Biological Oxidations R-HSA-211859,2/218,0.3296299746074852,0.3829939975921484,0,0,1.7187281621243886,1.907417947436988,TPST2;GSTP1
Reactome_2022,Activation Of NMDA Receptors And Postsynaptic Events R-HSA-442755,1/74,0.3306291584936989,0.3829939975921484,0,0,2.5373191652797336,2.808198027883916,CALM1
Reactome_2022,RHOG GTPase Cycle R-HSA-9013408,1/74,0.3306291584936989,0.3829939975921484,0,0,2.5373191652797336,2.808198027883916,ARHGDIB
Reactome_2022,"Cell Death Signaling Via NRAGE, NRIF And NADE R-HSA-204998",1/74,0.3306291584936989,0.3829939975921484,0,0,2.5373191652797336,2.808198027883916,UBB
Reactome_2022,Signaling By NOTCH1 R-HSA-1980143,1/74,0.3306291584936989,0.3829939975921484,0,0,2.5373191652797336,2.808198027883916,UBB
Reactome_2022,Transport Of Small Molecules R-HSA-382551,5/706,0.3337626151261426,0.3857757164249628,0,0,1.3289614004958243,1.4583029300788914,UBB;PSME2;CALM1;PSMB10;PSMB8
Reactome_2022,Sensory Processing Of Sound R-HSA-9659379,1/75,0.3342571787783859,0.3857757164249628,0,0,2.502904773932811,2.742794645682853,CAPZB
Reactome_2022,Transcription-Coupled Nucleotide Excision Repair (TC-NER) R-HSA-6781827,1/77,0.3414548741127932,0.3933610179797562,0,0,2.4367929168716183,2.618430849086372,UBB
Reactome_2022,Constitutive Signaling By Aberrant PI3K In Cancer R-HSA-2219530,1/78,0.3450247558692239,0.39602294058712,0,0,2.405024881660396,2.559281033207697,RAC2
Reactome_2022,G Alpha (12/13) Signaling Events R-HSA-416482,1/78,0.3450247558692239,0.39602294058712,0,0,2.405024881660396,2.559281033207697,RHOC
Reactome_2022,Amyloid Fiber Formation R-HSA-977225,1/79,0.3485754639703134,0.3993697028002316,0,0,2.374071411454589,2.502035125563544,UBB
Reactome_2022,Processing Of DNA Double-Strand Break Ends R-HSA-5693607,1/80,0.352107100496036,0.4019516628167091,0,0,2.3439015734058914,2.446611075233223,UBB
Reactome_2022,COPI-mediated Anterograde Transport R-HSA-6807878,1/80,0.352107100496036,0.4019516628167091,0,0,2.3439015734058914,2.446611075233223,CAPZB
Reactome_2022,Regulation Of HSF1-mediated Heat Shock Response R-HSA-3371453,1/81,0.3556197668636824,0.4044933695429588,0,0,2.3144859813084118,2.3929312933411757,UBB
Reactome_2022,TP53 Regulates Metabolic Genes R-HSA-5628897,1/81,0.3556197668636824,0.4044933695429588,0,0,2.3144859813084118,2.3929312933411757,PRDX5
Reactome_2022,Global Genome Nucleotide Excision Repair (GG-NER) R-HSA-5696399,1/82,0.359113564028661,0.4077300212527577,0,0,2.285796700126918,2.3409223589407766,UBB
Reactome_2022,Regulation Of PLK1 Activity At G2/M Transition R-HSA-2565942,1/87,0.3763030082286555,0.4264767426591429,0,0,2.152358183003695,2.103630057572818,UBB
Reactome_2022,Antimicrobial Peptides R-HSA-6803157,1/89,0.3830501756920451,0.4294805000183535,0,0,2.1032285471537806,2.018235591117378,GNLY
Reactome_2022,RAB GEFs Exchange GTP For GDP On RABs R-HSA-8876198,1/89,0.3830501756920451,0.4294805000183535,0,0,2.1032285471537806,2.018235591117378,TRAPPC1
Reactome_2022,Glucose Metabolism R-HSA-70326,1/89,0.3830501756920451,0.4294805000183535,0,0,2.1032285471537806,2.018235591117378,TPI1
Reactome_2022,Unfolded Protein Response (UPR) R-HSA-381119,1/89,0.3830501756920451,0.4294805000183535,0,0,2.1032285471537806,2.018235591117378,CALR
Reactome_2022,Interferon Gamma Signaling R-HSA-877300,1/89,0.3830501756920451,0.4294805000183535,0,0,2.1032285471537806,2.018235591117378,HLA-B
Reactome_2022,Mitochondrial Biogenesis R-HSA-1592230,1/89,0.3830501756920451,0.4294805000183535,0,0,2.1032285471537806,2.018235591117378,CALM1
Reactome_2022,Diseases Of Metabolism R-HSA-5668914,2/247,0.386138340224166,0.4309281122002991,0,0,1.5130535232961109,1.439760574179992,SPON2;UBB
Reactome_2022,Regulation Of TP53 Activity Thru Phosphorylation R-HSA-6804756,1/90,0.3863965902718104,0.4309281122002991,0,0,2.079491756799328,1.9773699982586797,UBB
Reactome_2022,Respiratory Electron Transport R-HSA-611105,1/90,0.3863965902718104,0.4309281122002991,0,0,2.079491756799328,1.9773699982586797,NDUFB2
Reactome_2022,Oxidative Stress Induced Senescence R-HSA-2559580,1/93,0.3963283109891754,0.4412221373667103,0,0,2.011377488825681,1.8615546924618769,UBB
Reactome_2022,Drug ADME R-HSA-9748784,1/95,0.4028608068365909,0.4469126058204862,0,0,1.9683833764167824,1.7895836370126594,GSTP1
Reactome_2022,P75 NTR Receptor-Mediated Signaling R-HSA-193704,1/95,0.4028608068365909,0.4469126058204862,0,0,1.9683833764167824,1.7895836370126594,UBB
Reactome_2022,MyD88 Cascade Initiated On Plasma Membrane R-HSA-975871,1/96,0.4061007421264993,0.4497136739393804,0,0,1.9475651746187896,1.7550561801729816,UBB
Reactome_2022,Formation Of A Pool Of Free 40S Subunits R-HSA-72689,1/98,0.4125284536610831,0.4560288178432711,0,0,1.907216494845361,1.6887450303875085,EIF3G
Reactome_2022,Cellular Response To Heat Stress R-HSA-3371556,1/99,0.415716414915954,0.4587467104949738,0,0,1.887659736791913,1.6568970075325289,UBB
Reactome_2022,TRAF6 Mediated Induction Of NFkB And MAP Kinases Upon TLR7/8 Or 9 Activation R-HSA-975138,1/101,0.4220410074490178,0.4649103216907744,0,0,1.8497196261682245,1.595665806622413,UBB
Reactome_2022,MyD88 Dependent Cascade Initiated On Endosome R-HSA-975155,1/102,0.4251778207952197,0.467546939301037,0,0,1.8313130378458409,1.5662264388401703,UBB
Reactome_2022,Toll Like Receptor 3 (TLR3) Cascade R-HSA-168164,1/103,0.4282977661631979,0.4693367507258736,0,0,1.8132673630199745,1.5375357807565957,UBB
Reactome_2022,Toll Like Receptor 7/8 (TLR7/8) Cascade R-HSA-168181,1/103,0.4282977661631979,0.4693367507258736,0,0,1.8132673630199745,1.5375357807565957,UBB
Reactome_2022,Cargo Recognition For Clathrin-Mediated Endocytosis R-HSA-8856825,1/104,0.4314009334415126,0.4710958109977629,0,0,1.7955720896470375,1.509568665107465,UBB
Reactome_2022,Transport Of Inorganic Cations/Anions And Amino Acids/Oligopeptides R-HSA-425393,1/104,0.4314009334415126,0.4710958109977629,0,0,1.7955720896470375,1.509568665107465,CALM1
Reactome_2022,PI3K/AKT Signaling In Cancer R-HSA-2219528,1/105,0.4344874119222594,0.4736439897731389,0,0,1.778217109992811,1.4823009886086629,RAC2
Reactome_2022,"PI5P, PP2A And IER3 Regulate PI3K/AKT Signaling R-HSA-6811558",1/106,0.4375572906338494,0.475342894315529,0,0,1.7611927013796174,1.4557096563585978,RAC2
Reactome_2022,Toll Like Receptor 9 (TLR9) Cascade R-HSA-168138,1/106,0.4375572906338494,0.475342894315529,0,0,1.7611927013796174,1.4557096563585978,UBB
Reactome_2022,O-linked Glycosylation R-HSA-5173105,1/107,0.4406106579835205,0.4761926183361415,0,0,1.7444895080232763,1.429772532343384,SPON2
Reactome_2022,Interleukin-4 And Interleukin-13 Signaling R-HSA-6785807,1/107,0.4406106579835205,0.4761926183361415,0,0,1.7444895080232763,1.429772532343384,ITGB2
Reactome_2022,MyD88-independent TLR4 Cascade R-HSA-166166,1/107,0.4406106579835205,0.4761926183361415,0,0,1.7444895080232763,1.429772532343384,UBB
Reactome_2022,Nucleotide Excision Repair R-HSA-5696398,1/108,0.4436476018958359,0.4778327766994534,0,0,1.7280985238885491,1.404468390881233,UBB
Reactome_2022,L13a-mediated Translational Silencing Of Ceruloplasmin Expression R-HSA-156827,1/108,0.4436476018958359,0.4778327766994534,0,0,1.7280985238885491,1.404468390881233,EIF3G
Reactome_2022,Degradation Of Extracellular Matrix R-HSA-1474228,1/109,0.4466682099470877,0.4794442048749457,0,0,1.7120110764970575,1.3797768709485898,CTSD
Reactome_2022,GTP Hydrolysis And Joining Of 60S Ribosomal Subunit R-HSA-72706,1/109,0.4466682099470877,0.4794442048749457,0,0,1.7120110764970575,1.3797768709485898,EIF3G
Reactome_2022,Golgi-to-ER Retrograde Transport R-HSA-8856688,1/112,0.4556328871758929,0.4874032075401984,0,0,1.6654879178243664,1.3091865329048908,CAPZB
Reactome_2022,MyD88:MAL(TIRAP) Cascade Initiated On Plasma Membrane R-HSA-166058,1/112,0.4556328871758929,0.4874032075401984,0,0,1.6654879178243664,1.3091865329048908,UBB
Reactome_2022,Negative Regulation Of PI3K/AKT Network R-HSA-199418,1/113,0.4585890176972445,0.4897325842641202,0,0,1.6505340453938584,1.2867577551410967,RAC2
Reactome_2022,HDR Thru Homologous Recombination (HRR) Or Single Strand Annealing (SSA) R-HSA-5693567,1/114,0.4615292430820439,0.4912045582040704,0,0,1.635844843271855,1.2648513651191704,UBB
Reactome_2022,Macroautophagy R-HSA-1632852,1/114,0.4615292430820439,0.4912045582040704,0,0,1.635844843271855,1.2648513651191704,UBB
Reactome_2022,Cap-dependent Translation Initiation R-HSA-72737,1/116,0.4673623169559724,0.4960329600312446,0,0,1.6072328321820395,1.2225424297951115,EIF3G
Reactome_2022,Extracellular Matrix Organization R-HSA-1474244,2/291,0.4676431562774691,0.4960329600312446,0,0,1.2798198080564078,0.9727267385859892,ITGB2;CTSD
Reactome_2022,Cell Cycle R-HSA-1640170,4/654,0.4723596164671159,0.5001922538010368,0,0,1.138579881656805,0.8539516303770412,UBB;PSME2;PSMB10;PSMB8
Reactome_2022,Estrogen-dependent Gene Expression R-HSA-9018519,1/119,0.4759947439940393,0.5023501576715615,0,0,1.566133375574212,1.1626167102260518,CTSD
Reactome_2022,Homology Directed Repair R-HSA-5693538,1/119,0.4759947439940393,0.5023501576715615,0,0,1.566133375574212,1.1626167102260518,UBB
Reactome_2022,Cell-Cell Communication R-HSA-1500931,1/120,0.4788413030991614,0.5045078386086642,0,0,1.5528940548181889,1.1435295116982416,TYROBP
Reactome_2022,Rab Regulation Of Trafficking R-HSA-9007101,1/122,0.4844885399305053,0.5096041665824211,0,0,1.527071908550243,1.1066102218816678,TRAPPC1
Reactome_2022,Cardiac Conduction R-HSA-5576891,1/126,0.4956017605695364,0.5204232176932194,0,0,1.4779065420560749,1.0374646427112637,CALM1
Reactome_2022,DNA Repair R-HSA-73894,2/310,0.5008527415481384,0.5244133415706808,0,0,1.1997059544229356,0.8295284643781224,UBB;ISG15
Reactome_2022,Autophagy R-HSA-9612973,1/128,0.5010690274785042,0.5244133415706808,0,0,1.454485245419089,1.0050658973373907,UBB
Reactome_2022,Factors Involved In Megakaryocyte Development And Platelet Production R-HSA-983231,1/136,0.5223571291713747,0.544879990462346,0,0,1.3677397023191415,0.8882153184170569,CAPZB
Reactome_2022,Late Phase Of HIV Life Cycle R-HSA-162599,1/136,0.5223571291713747,0.544879990462346,0,0,1.3677397023191415,0.8882153184170569,UBB
Reactome_2022,Death Receptor Signaling R-HSA-73887,1/139,0.5301060080546778,0.5520474818980005,0,0,1.3378030610862792,0.8490745420950824,UBB
Reactome_2022,Diseases Of Glycosylation R-HSA-3781865,1/143,0.5402444202472914,0.561675603860407,0,0,1.2998552060023694,0.80036454073392,SPON2
Reactome_2022,RHOA GTPase Cycle R-HSA-8980692,1/147,0.5501660678196252,0.5710469581824162,0,0,1.2639866854436053,0.755276416603605,ARHGDIB
Reactome_2022,CDC42 GTPase Cycle R-HSA-9013148,1/149,0.555047043675657,0.5732751896091761,0,0,1.246779489770144,0.7339820846913534,ARHGDIB
Reactome_2022,DNA Double-Strand Break Repair R-HSA-5693532,1/149,0.555047043675657,0.5732751896091761,0,0,1.246779489770144,0.7339820846913534,UBB
Reactome_2022,HIV Life Cycle R-HSA-162587,1/149,0.555047043675657,0.5732751896091761,0,0,1.246779489770144,0.7339820846913534,UBB
Reactome_2022,Metabolism Of Steroids R-HSA-8957322,1/153,0.5646521243758188,0.5822396495612951,0,0,1.2137235612395474,0.6936981747747181,AKR1C3
Reactome_2022,Transcriptional Regulation By TP53 R-HSA-3700989,2/354,0.5725284861362123,0.5893951191156752,0,0,1.0473842195540308,0.5841186248278549,PRDX5;UBB
Reactome_2022,Regulation Of TP53 Activity R-HSA-5633007,1/157,0.5740517406883181,0.5899976223741047,0,0,1.182362808531033,0.6562536236565846,UBB
Reactome_2022,Protein Localization R-HSA-9609507,1/164,0.5900197177609761,0.6054199061527797,0,0,1.131185138466831,0.5968125129112649,UBB
Reactome_2022,mRNA Splicing - Major Pathway R-HSA-72163,1/181,0.6263722661414719,0.6403971646870279,0,0,1.0234683281412251,0.4787891384997717,HNRNPA2B1
Reactome_2022,Intra-Golgi And Retrograde Golgi-to-ER Traffic R-HSA-6811442,1/181,0.6263722661414719,0.6403971646870279,0,0,1.0234683281412251,0.4787891384997717,CAPZB
Reactome_2022,Generic Transcription Pathway R-HSA-212436,6/1190,0.6271616112038302,0.6403971646870279,0,0,0.9294515103338632,0.4336365487421461,PRDX5;UBB;PSME2;CALM1;PSMB10;PSMB8
Reactome_2022,Neurotransmitter Receptors And Postsynaptic Signal Transmission R-HSA-112314,1/182,0.6284082747307598,0.6406301536558313,0,0,1.0177621727681108,0.4728168921805746,CALM1
Reactome_2022,mRNA Splicing R-HSA-72172,1/189,0.6423558106729161,0.6537893283386154,0,0,0.9795187910121296,0.4335476591441499,HNRNPA2B1
Reactome_2022,Sensory Perception R-HSA-9709957,3/616,0.6506776004927203,0.6611893549433296,0,0,0.8985784199487299,0.386155985875968,CAPZB;AKR1C3;CALM1
Reactome_2022,G Alpha (Q) Signaling Events R-HSA-416476,1/212,0.6846317023028019,0.6945699044330038,0,0,0.8717278646410064,0.3302752375927258,XCL2
Reactome_2022,RNA Polymerase II Transcription R-HSA-73857,6/1312,0.7195076491404186,0.7287766687750779,0,0,0.8371317899288352,0.2755738413932891,PRDX5;UBB;PSME2;CALM1;PSMB10;PSMB8
Reactome_2022,Processing Of Capped Intron-Containing Pre-mRNA R-HSA-72203,1/242,0.7324150343559435,0.7406576472827788,0,0,0.7620506456741769,0.2373086208855214,HNRNPA2B1
Reactome_2022,Transmission Across Chemical Synapses R-HSA-112315,1/246,0.738218271641687,0.7453279179175298,0,0,0.7494564180812512,0.2274718171419489,CALM1
Reactome_2022,SLC-mediated Transmembrane Transport R-HSA-425407,1/247,0.7396494890977705,0.7455761676963103,0,0,0.7463718562419269,0.2250899797955591,CALM1
Reactome_2022,Metabolism Of Lipids R-HSA-556833,3/732,0.7611280503505694,0.765999269872813,0,0,0.7510484029002548,0.2050014174496254,AKR1C3;DBI;PPP1CA
Reactome_2022,Organelle Biogenesis And Maintenance R-HSA-1852241,1/275,0.7767228597062014,0.7804451737303524,0,0,0.6691452350092093,0.1690740454441258,CALM1
Reactome_2022,Translation R-HSA-72766,1/281,0.7839590769638146,0.7864597438759799,0,0,0.6546061415220293,0.1593301252764191,EIF3G
Reactome_2022,Gene Expression (Transcription) R-HSA-74160,6/1449,0.8032165011062714,0.8044955082736381,0,0,0.7520688108923403,0.1648015801080536,PRDX5;UBB;PSME2;CALM1;PSMB10;PSMB8
Reactome_2022,Neuronal System R-HSA-112316,1/386,0.8788192551611248,0.8788192551611248,0,0,0.4735283408180604,0.0611685101973997,CALM1
KEGG_2021_Human,Natural killer cell mediated cytotoxicity,13/131,2.704907385979315e-13,4.300802743707112e-11,0,0,22.931489741302407,663.6037995504147,FCER1G;ITGB2;PRF1;HLA-B;SH2D1B;GZMB;FCGR3A;TYROBP;RAC2;KLRD1;RAC1;CD247;HCST
KEGG_2021_Human,Regulation of actin cytoskeleton,12/218,2.310564112878032e-09,1.8368984697380363e-07,0,0,11.945388349514564,237.5432947033702,ARPC2;ARPC3;CFL1;ITGB2;ARPC5L;RAC2;ARPC5;RAC1;PFN1;ACTB;ACTG1;PPP1CA
KEGG_2021_Human,Viral myocarditis,7/60,3.356441718927033e-08,1.7789141110313276e-06,0,0,25.94302260414721,446.47421337739286,ITGB2;PRF1;RAC2;HLA-B;RAC1;ACTB;ACTG1
KEGG_2021_Human,Fc gamma R-mediated phagocytosis,8/97,5.3974150756531625e-08,2.145472492572132e-06,0,0,17.800449438202246,297.8862598261005,FCGR3A;ARPC2;ARPC3;CFL1;ARPC5L;RAC2;ARPC5;RAC1
KEGG_2021_Human,Phagosome,9/152,1.3745629015282897e-07,4.371110026859961e-06,0,0,12.554990464081373,198.3683453773664,FCGR3A;LAMP1;ITGB2;HLA-B;CYBA;CALR;RAC1;ACTB;ACTG1
KEGG_2021_Human,Leukocyte transendothelial migration,8/114,1.9056311676618255e-07,4.403510999244018e-06,0,0,14.932830188679246,231.05989817702425,RAP1B;ITGB2;RAC2;CYBA;RAC1;ACTB;CD99;ACTG1
KEGG_2021_Human,Bacterial invasion of epithelial cells,7/77,1.9386526411766122e-07,4.403510999244018e-06,0,0,19.625742574257423,303.33748757158065,ARPC2;ARPC3;ARPC5L;RAC1;ARPC5;ACTB;ACTG1
KEGG_2021_Human,Human immunodeficiency virus 1 infection,10/212,2.271146088553311e-07,4.513902850999706e-06,0,0,9.946453829056376,152.15897141432035,PDIA3;BST2;APOBEC3G;CFL1;HLA-B;RAC2;CALR;RAC1;CD247;CALM1
KEGG_2021_Human,Yersinia infection,8/137,7.812596862966126e-07,1.3802254457906824e-05,0,0,12.256124031007753,172.35000672742285,ARPC2;ARPC3;ARPC5L;RAC2;ARPC5;RAC1;ACTB;ACTG1
KEGG_2021_Human,Rap1 signaling pathway,9/210,2.0819036054460964e-06,3.310226732659293e-05,0,0,8.905924920850294,116.5093393667402,RAP1B;ITGB2;RAC2;EVL;RAC1;PFN1;CALM1;ACTB;ACTG1
KEGG_2021_Human,Tight junction,8/169,3.781973786356347e-06,5.46667120027872e-05,0,0,9.804223602484472,122.40832507957026,MYL6;ARPC2;ARPC3;ARPC5L;ARPC5;RAC1;ACTB;ACTG1
KEGG_2021_Human,Shigellosis,9/246,7.556300011697496e-06,0.00010012097515499184,0,0,7.539317222861527,88.9121398574911,UBB;ARPC2;ARPC3;ARPC5L;ARPC5;RAC1;PFN1;ACTB;ACTG1
KEGG_2021_Human,Chemokine signaling pathway,8/192,9.671915327669004e-06,0.00011829496439225932,0,0,8.568695652173913,98.93659521530766,RAP1B;FGR;CX3CR1;CCL4;RAC2;XCL2;CCL3;RAC1
KEGG_2021_Human,Fluid shear stress and atherosclerosis,7/139,1.0459816944520962e-05,0.00011879363529848808,0,0,10.375037503750375,118.98061469191528,GSTP1;RAC2;CYBA;RAC1;CALM1;ACTB;ACTG1
KEGG_2021_Human,Apoptosis,7/142,1.2026013715034067e-05,0.00012747574537936112,0,0,10.142940960762743,114.9036823242456,PRF1;GZMB;CTSW;CTSD;ACTB;CTSC;ACTG1
KEGG_2021_Human,Human cytomegalovirus infection,8/225,3.036893375858686e-05,0.00030179127922595696,0,0,7.253456221198157,75.45110723757917,PDIA3;CCL4;HLA-B;RAC2;CCL3;CALR;RAC1;CALM1
KEGG_2021_Human,Salmonella infection,8/249,6.217596274559265e-05,0.0005702181592368286,0,0,6.523153526970955,63.18027800551844,ARPC2;ARPC3;ARPC5L;ARPC5;RAC1;PFN1;ACTB;ACTG1
KEGG_2021_Human,Antigen processing and presentation,5/78,6.455299915888626e-05,0.0005702181592368286,0,0,13.179279159462697,127.15400135881764,PDIA3;HLA-B;PSME2;KLRD1;CALR
KEGG_2021_Human,Lysosome,6/128,6.856775459406805e-05,0.0005738038410766748,0,0,9.532304725168755,91.3927653739689,CD63;LAMP1;CTSW;LITAF;CTSD;CTSC
KEGG_2021_Human,Neutrophil extracellular trap formation,7/189,7.512451044555451e-05,0.0005818079038291407,0,0,7.505712109672506,71.27697188330356,FCGR3A;ITGB2;RAC2;CYBA;RAC1;ACTB;ACTG1
KEGG_2021_Human,Graft-versus-host disease,4/42,7.684255333592425e-05,0.0005818079038291407,0,0,20.09514170040486,190.3763887008998,PRF1;HLA-B;GZMB;KLRD1
KEGG_2021_Human,Pathogenic Escherichia coli infection,7/197,9.739123726001684e-05,0.0007038730329246673,0,0,7.18676393955185,66.3825165856093,ARPC2;ARPC3;ARPC5L;ARPC5;RAC1;ACTB;ACTG1
KEGG_2021_Human,Viral protein interaction with cytokine and cytokine receptor,5/100,0.00020956816622055144,0.001448753844742,0,0,10.11599386816556,85.6871365517506,CX3CR1;CCL4;IL2RB;XCL2;CCL3
KEGG_2021_Human,Tuberculosis,6/180,0.0004379362367660419,0.0027911924206991,0,0,6.665990534144693,51.55101941387839,FCGR3A;FCER1G;LAMP1;ITGB2;CALM1;CTSD
KEGG_2021_Human,Endocytosis,7/252,0.00043886673281433536,0.0027911924206991,0,0,5.557850070721358,42.969488290496976,ARPC2;CAPZB;ARPC3;IL2RB;ARPC5L;HLA-B;ARPC5
KEGG_2021_Human,Sphingolipid signaling pathway,5/119,0.0004688340071652297,0.0028671002745873,0,0,8.421904275251235,64.55610096812183,FCER1G;RAC2;RAC1;S1PR5;CTSD
KEGG_2021_Human,Platelet activation,5/124,0.0005657913582508232,0.0033318824430326,0,0,8.066003100269233,60.31180538474486,RAP1B;FCER1G;ACTB;ACTG1;PPP1CA
KEGG_2021_Human,Adherens junction,4/71,0.0005916004740956021,0.0033594455493285,0,0,11.380597014925373,84.58832473334105,RAC2;RAC1;ACTB;ACTG1
KEGG_2021_Human,Focal adhesion,6/201,0.0007820961159489081,0.004223350414022,0,0,5.941779788838613,42.50471729047228,RAP1B;RAC2;RAC1;ACTB;ACTG1;PPP1CA
KEGG_2021_Human,Epstein-Barr virus infection,6/202,0.0008025527490479011,0.004223350414022,0,0,5.911164465786315,42.13308365553024,PDIA3;HLA-B;ISG15;CALR;RAC1;CD247
KEGG_2021_Human,Diabetic cardiomyopathy,6/203,0.0008234205209728442,0.004223350414022,0,0,5.880859958196477,41.76612339752972,RAC2;NDUFB2;CYBA;RAC1;CTSD;PPP1CA
KEGG_2021_Human,Allograft rejection,3/38,0.0011258180154219,0.0055939082641276,0,0,16.209795918367348,110.052282093827,PRF1;HLA-B;GZMB
KEGG_2021_Human,Oxytocin signaling pathway,5/154,0.0014953750894655,0.0072049890674251,0,0,6.432201733237767,41.843904982581385,MYL6;CALM1;ACTB;ACTG1;PPP1CA
KEGG_2021_Human,Type I diabetes mellitus,3/43,0.001615054703577,0.0075527558196693,0,0,14.18,91.1545198708865,PRF1;HLA-B;GZMB
KEGG_2021_Human,Proteasome,3/46,0.0019634351668341,0.0089196054721895,0,0,13.188704318936876,82.20598143404139,PSME2;PSMB10;PSMB8
KEGG_2021_Human,Autoimmune thyroid disease,3/53,0.0029483252184116,0.0130217697146516,0,0,11.338285714285714,66.06272571746393,PRF1;HLA-B;GZMB
KEGG_2021_Human,Neurotrophin signaling pathway,4/119,0.0039681475235316,0.0170523096281495,0,0,6.61438127090301,36.57392962222792,RAP1B;ARHGDIB;RAC1;CALM1
KEGG_2021_Human,Osteoclast differentiation,4/127,0.0049978436065924,0.0208755699443219,0,0,6.181676047529706,32.75514815716124,FCGR3A;TYROBP;CYBA;RAC1
KEGG_2021_Human,Proteoglycans in cancer,5/205,0.0051204228165318,0.0208755699443219,0,0,4.779611650485437,25.210148935688903,CD63;RAC1;ACTB;ACTG1;PPP1CA
KEGG_2021_Human,Long-term potentiation,3/67,0.0057092965142713,0.0226944536442288,0,0,8.851785714285715,45.72531065988315,RAP1B;CALM1;PPP1CA
KEGG_2021_Human,Fc epsilon RI signaling pathway,3/68,0.005949632253918,0.0230729641066578,0,0,8.715164835164835,44.66021611996363,FCER1G;RAC2;RAC1
KEGG_2021_Human,Lipid and atherosclerosis,5/215,0.0062432002743459,0.023532942738255,0,0,4.549699491447064,23.095468294087848,RAP1B;CCL3;CYBA;RAC1;CALM1
KEGG_2021_Human,cAMP signaling pathway,5/216,0.0063642549543708,0.023532942738255,0,0,4.527906869737266,22.89788814488548,RAP1B;RAC2;RAC1;CALM1;PPP1CA
KEGG_2021_Human,Gastric acid secretion,3/76,0.0080905809528728,0.0285867193668175,0,0,7.756947162426615,37.36563909093556,CALM1;ACTB;ACTG1
KEGG_2021_Human,Pertussis,3/76,0.0080905809528728,0.0285867193668175,0,0,7.756947162426615,37.36563909093556,ITGB2;CFL1;CALM1
KEGG_2021_Human,Leishmaniasis,3/77,0.0083859915142161,0.0289863619730514,0,0,7.651737451737452,36.58443080378016,FCGR3A;ITGB2;CYBA
KEGG_2021_Human,B cell receptor signaling pathway,3/81,0.0096307019420511,0.032580459761407,0,0,7.257875457875458,33.69685811295652,IFITM1;RAC2;RAC1
KEGG_2021_Human,Hippo signaling pathway,4/163,0.0118325992193216,0.039195484914003,0,0,4.7733430091920654,21.17883085213656,ITGB2;ACTB;ACTG1;PPP1CA
KEGG_2021_Human,Amyotrophic lateral sclerosis,6/364,0.0141424658962238,0.0458908587244814,0,0,3.20966151823858,13.66857865805415,HNRNPA2B1;NDUFB2;RAC1;PFN1;ACTB;ACTG1
KEGG_2021_Human,Chagas disease,3/102,0.0178706459040879,0.0568286539749997,0,0,5.712265512265512,22.98955982261788,CCL3;CALR;CD247
KEGG_2021_Human,Toll-like receptor signaling pathway,3/104,0.0188080322670817,0.0586368064797254,0,0,5.598585572842999,22.245818826347204,CCL4;CCL3;RAC1
KEGG_2021_Human,Kaposi sarcoma-associated herpesvirus infection,4/193,0.0207093574481267,0.0633228429663876,0,0,4.00956450956451,15.545761746894575,UBB;HLA-B;RAC1;CALM1
KEGG_2021_Human,Cytokine-cytokine receptor interaction,5/295,0.0219819965877583,0.065945989763275,0,0,3.281218613993974,12.5261554093164,CX3CR1;CCL4;IL2RB;XCL2;CCL3
KEGG_2021_Human,Vibrio cholerae infection,2/50,0.029910476921657,0.0880697376026568,0,0,7.800314465408805,27.37556602865933,ACTB;ACTG1
KEGG_2021_Human,Human T-cell leukemia virus 1 infection,4/219,0.0310244452151342,0.0896888507128425,0,0,3.520035778175313,12.22501325818723,ITGB2;IL2RB;HLA-B;CALR
KEGG_2021_Human,Vascular smooth muscle contraction,3/133,0.0354199240188885,0.1005672842679157,0,0,4.343296703296703,14.508699210350498,MYL6;CALM1;PPP1CA
KEGG_2021_Human,Ras signaling pathway,4/232,0.037137967280423,0.1035953824138117,0,0,3.317139001349528,10.923721714484,RAP1B;RAC2;RAC1;CALM1
KEGG_2021_Human,VEGF signaling pathway,2/59,0.0404949454372152,0.1110120055951244,0,0,6.565706719629262,21.053451487686853,RAC2;RAC1
KEGG_2021_Human,Cell adhesion molecules,3/148,0.0461992826610125,0.124503151577983,0,0,3.891034482758621,11.964117838753928,ITGB2;HLA-B;CD99
KEGG_2021_Human,Cellular senescence,3/156,0.0525375793094178,0.1375644311168385,0,0,3.686087768440709,10.860049719321408,HLA-B;CALM1;PPP1CA
KEGG_2021_Human,Amphetamine addiction,2/69,0.0536414762845533,0.1375644311168385,0,0,5.582934384680372,16.332498804556064,CALM1;PPP1CA
KEGG_2021_Human,Renal cell carcinoma,2/69,0.0536414762845533,0.1375644311168385,0,0,5.582934384680372,16.332498804556064,RAP1B;RAC1
KEGG_2021_Human,Prion disease,4/273,0.0606568366898085,0.1530863021218977,0,0,2.805690591935945,7.863012207970257,RAC2;NDUFB2;CYBA;RAC1
KEGG_2021_Human,Hepatocellular carcinoma,3/168,0.0627865344886899,0.1556166503585253,0,0,3.415930735930736,9.455346311795576,GSTP1;ACTB;ACTG1
KEGG_2021_Human,Pancreatic cancer,2/76,0.0636168696434223,0.1556166503585253,0,0,5.053034166241713,13.92048557267431,RAC2;RAC1
KEGG_2021_Human,Arrhythmogenic right ventricular cardiomyopathy,2/77,0.0650896949679921,0.1568069924228901,0,0,4.985408805031447,13.620082203899694,ACTB;ACTG1
KEGG_2021_Human,Axon guidance,3/182,0.0758203703764164,0.1799319237291076,0,0,3.1465283320031925,8.116118314724712,CFL1;RAC2;RAC1
KEGG_2021_Human,Colorectal cancer,2/86,0.0788405599840855,0.1843477799627883,0,0,4.449236298292902,11.30251818539782,RAC2;RAC1
KEGG_2021_Human,Hypertrophic cardiomyopathy,2/90,0.0852192258283789,0.1963747377784384,0,0,4.246140651801029,10.45624116136443,ACTB;ACTG1
KEGG_2021_Human,Th1 and Th2 cell differentiation,2/92,0.088465656614138,0.2009434200235422,0,0,4.151362683438155,10.067639281322675,IL2RB;CD247
KEGG_2021_Human,Rheumatoid arthritis,2/93,0.090102633203252,0.2017791363284095,0,0,4.105535973460502,9.8812281602883,ITGB2;CCL3
KEGG_2021_Human,Staphylococcus aureus infection,2/95,0.0934033899048444,0.2062658193731982,0,0,4.016839115439237,9.523233200001384,FCGR3A;ITGB2
KEGG_2021_Human,Dilated cardiomyopathy,2/96,0.0950668862278845,0.2070634919210087,0,0,3.973906061822561,9.351294686512288,ACTB;ACTG1
KEGG_2021_Human,Choline metabolism in cancer,2/98,0.0984194147676292,0.2086491593073741,0,0,3.890723270440252,9.020708783413909,RAC2;RAC1
KEGG_2021_Human,Inflammatory mediator regulation of TRP channels,2/98,0.0984194147676292,0.2086491593073741,0,0,3.890723270440252,9.020708783413909,CALM1;PPP1CA
KEGG_2021_Human,Pancreatic secretion,2/102,0.1052227719094245,0.2201371149157698,0,0,3.734339622641509,8.40852118294124,RAP1B;RAC1
KEGG_2021_Human,C-type lectin receptor signaling pathway,2/104,0.1086714477507235,0.2243994830177277,0,0,3.6607473177950425,8.124758470422266,FCER1G;CALM1
KEGG_2021_Human,Th17 cell differentiation,2/107,0.1139002540395629,0.2321812870806475,0,0,3.5556154537286613,7.724333424835294,IL2RB;CD247
KEGG_2021_Human,Thermogenesis,3/232,0.1307137447593803,0.2600672906220112,0,0,2.453275109170306,4.991790491647429,NDUFB2;ACTB;ACTG1
KEGG_2021_Human,Folate biosynthesis,1/26,0.1313963337628756,0.2600672906220112,0,0,7.426915887850467,15.07320114483968,AKR1C3
KEGG_2021_Human,Herpes simplex virus 1 infection,5/498,0.1324871103168736,0.2600672906220112,0,0,1.910140018511589,3.860908560333783,PDIA3;BST2;HLA-B;CALR;PPP1CA
KEGG_2021_Human,Thyroid hormone signaling pathway,2/121,0.1390925926626419,0.2696568922855533,0,0,3.135087997463136,6.184322968727392,ACTB;ACTG1
KEGG_2021_Human,Phototransduction,1/28,0.1407642896836536,0.2696568922855533,0,0,6.876081689165801,13.481716715211531,CALM1
KEGG_2021_Human,Parkinson disease,3/249,0.1518758524678274,0.285883575210629,0,0,2.2817653890824623,4.300424636856541,UBB;NDUFB2;CALM1
KEGG_2021_Human,Oocyte meiosis,2/129,0.153987273719298,0.285883575210629,0,0,2.9364136086762738,5.493693108545875,CALM1;PPP1CA
KEGG_2021_Human,Asthma,1/31,0.1546288520007175,0.285883575210629,0,0,6.187538940809969,11.55044932516124,FCER1G
KEGG_2021_Human,Dopaminergic synapse,2/132,0.1596512205959085,0.2890907723800525,0,0,2.868214804063861,5.262496447606224,CALM1;PPP1CA
KEGG_2021_Human,Pathways in cancer,5/531,0.1599999243361297,0.2890907723800525,0,0,1.7872568201114845,3.2752945646865554,GSTP1;IL2RB;RAC2;RAC1;CALM1
KEGG_2021_Human,Fructose and mannose metabolism,1/33,0.163748520696907,0.2923789964860363,0,0,5.800233644859813,10.495078705319292,TPI1
KEGG_2021_Human,Autophagy,2/137,0.1691752684070147,0.2923789964860363,0,0,2.7612858141160026,4.906307888681078,LAMP1;CTSD
KEGG_2021_Human,Estrogen signaling pathway,2/137,0.1691752684070147,0.2923789964860363,0,0,2.7612858141160026,4.906307888681078,CALM1;CTSD
KEGG_2021_Human,Insulin signaling pathway,2/137,0.1691752684070147,0.2923789964860363,0,0,2.7612858141160026,4.906307888681078,CALM1;PPP1CA
KEGG_2021_Human,Ubiquitin mediated proteolysis,2/140,0.1749358619135741,0.2990838929490138,0,0,2.700847689362866,4.708484671366308,UBE2F;UBB
KEGG_2021_Human,Adrenergic signaling in cardiomyocytes,2/150,0.1943514873016309,0.3287434732016949,0,0,2.517083120856706,4.123201060206366,CALM1;PPP1CA
KEGG_2021_Human,Non-alcoholic fatty liver disease,2/155,0.2041626757368232,0.3417038467595253,0,0,2.434208903687261,3.867564026830468,NDUFB2;RAC1
KEGG_2021_Human,Vasopressin-regulated water reabsorption,1/44,0.2121916763548195,0.3480714235649976,0,0,4.314062160399913,6.687940778904226,ARHGDIB
KEGG_2021_Human,MAPK signaling pathway,3/294,0.2123454596591494,0.3480714235649976,0,0,1.924496809032892,2.9820863324834423,RAP1B;RAC2;RAC1
KEGG_2021_Human,Wnt signaling pathway,2/166,0.2259270517246139,0.3660457334027692,0,0,2.269673262770364,3.376236828057308,RAC2;RAC1
KEGG_2021_Human,cGMP-PKG signaling pathway,2/167,0.227915267967762,0.3660457334027692,0,0,2.2558033161806748,3.335839875086389,CALM1;PPP1CA
KEGG_2021_Human,Protein processing in endoplasmic reticulum,2/171,0.2358802948975113,0.3708039654869892,0,0,2.201964943619516,3.1805860459668467,PDIA3;CALR
KEGG_2021_Human,Malaria,1/50,0.2374324069826741,0.3708039654869892,0,0,3.7846652679763495,5.441865346754643,ITGB2
KEGG_2021_Human,Influenza A,2/172,0.2378742420105213,0.3708039654869892,0,0,2.188901220865705,3.143290915049888,ACTB;ACTG1
KEGG_2021_Human,Ovarian steroidogenesis,1/51,0.2415605864133505,0.3728944974730363,0,0,3.708785046728972,5.26882970368819,AKR1C3
KEGG_2021_Human,Pathways of neurodegeneration,4/475,0.2549816152393355,0.389827661760138,0,0,1.5859056018291686,2.167241238842025,UBB;NDUFB2;RAC1;CALM1
KEGG_2021_Human,Alcoholism,2/186,0.2658582373412699,0.3950760272001586,0,0,2.020918785890074,2.6772971505203134,CALM1;PPP1CA
KEGG_2021_Human,Glutathione metabolism,1/57,0.2658687730214903,0.3950760272001586,0,0,3.3104138851802403,4.385478826898684,GSTP1
KEGG_2021_Human,Legionellosis,1/57,0.2658687730214903,0.3950760272001586,0,0,3.3104138851802403,4.385478826898684,ITGB2
KEGG_2021_Human,Transcriptional misregulation in cancer,2/192,0.2778644471574215,0.4071032674597807,0,0,1.9565044687189672,2.505542439490176,IL2RB;GZMB
KEGG_2021_Human,Steroid hormone biosynthesis,1/61,0.2816437699407288,0.4071032674597807,0,0,3.0890965732087228,3.914232059143511,AKR1C3
KEGG_2021_Human,Arachidonic acid metabolism,1/61,0.2816437699407288,0.4071032674597807,0,0,3.0890965732087228,3.914232059143511,AKR1C3
KEGG_2021_Human,Cytosolic DNA-sensing pathway,1/63,0.2894048588657844,0.4145529059428804,0,0,2.9891468194151343,3.706328856610592,CCL4
KEGG_2021_Human,Viral carcinogenesis,2/203,0.2998407666538006,0.4256668026603063,0,0,1.8483995118745893,2.226404093753404,HLA-B;RAC1
KEGG_2021_Human,Glycolysis / Gluconeogenesis,1/67,0.304678670379657,0.428707155666951,0,0,2.8074199943358824,3.336611918376091,TPI1
KEGG_2021_Human,Mitophagy,1/68,0.30844602025895,0.4293273905432119,0,0,2.7653787139071,3.2526617438144703,UBB
KEGG_2021_Human,Renin secretion,1/69,0.3121931460707797,0.4293273905432119,0,0,2.724573941726223,3.1717670489627245,CALM1
KEGG_2021_Human,Epithelial cell signaling in Helicobacter pylori infection,1/70,0.3159201553053823,0.4293273905432119,0,0,2.684951916565082,3.093778188645756,RAC1
KEGG_2021_Human,RIG-I-like receptor signaling pathway,1/70,0.3159201553053823,0.4293273905432119,0,0,2.684951916565082,3.093778188645756,ISG15
KEGG_2021_Human,Inositol phosphate metabolism,1/73,0.326981551055418,0.4405937848967073,0,0,2.5726895119418485,2.8758849031958693,TPI1
KEGG_2021_Human,PPAR signaling pathway,1/74,0.3306291584936989,0.4417650100882195,0,0,2.5373191652797336,2.808198027883916,DBI
KEGG_2021_Human,Glioma,1/75,0.3342571787783859,0.4428907618813613,0,0,2.502904773932811,2.742794645682853,CALM1
KEGG_2021_Human,Metabolism of xenobiotics by cytochrome P450,1/76,0.3378657160890881,0.4439723046129339,0,0,2.469408099688473,2.679571402703941,GSTP1
KEGG_2021_Human,Peroxisome,1/82,0.359113564028661,0.4680250547586648,0,0,2.285796700126918,2.3409223589407766,PRDX5
KEGG_2021_Human,Complement and coagulation cascades,1/85,0.369482741955968,0.477624032284544,0,0,2.2038273253226524,2.194243422787277,ITGB2
KEGG_2021_Human,PD-L1 expression and PD-1 checkpoint pathway in cancer,1/89,0.3830501756920451,0.4911691768954448,0,0,2.1032285471537806,2.018235591117378,CD247
KEGG_2021_Human,Salivary secretion,1/93,0.3963283109891754,0.5001285829149118,0,0,2.011377488825681,1.8615546924618769,CALM1
KEGG_2021_Human,GnRH signaling pathway,1/93,0.3963283109891754,0.5001285829149118,0,0,2.011377488825681,1.8615546924618769,CALM1
KEGG_2021_Human,Circadian entrainment,1/97,0.409323260133277,0.5006769957459891,0,0,1.9271806853582556,1.721454278323343,CALM1
KEGG_2021_Human,Phosphatidylinositol signaling system,1/97,0.409323260133277,0.5006769957459891,0,0,1.9271806853582556,1.721454278323343,CALM1
KEGG_2021_Human,Prostate cancer,1/97,0.409323260133277,0.5006769957459891,0,0,1.9271806853582556,1.721454278323343,GSTP1
KEGG_2021_Human,Aldosterone synthesis and secretion,1/98,0.4125284536610831,0.5006769957459891,0,0,1.907216494845361,1.6887450303875085,CALM1
KEGG_2021_Human,mRNA surveillance pathway,1/98,0.4125284536610831,0.5006769957459891,0,0,1.907216494845361,1.6887450303875085,PPP1CA
KEGG_2021_Human,Hematopoietic cell lineage,1/99,0.415716414915954,0.5006769957459891,0,0,1.887659736791913,1.6568970075325289,CD7
KEGG_2021_Human,AGE-RAGE signaling pathway in diabetic complications,1/100,0.4188872357630098,0.5006769957459891,0,0,1.8684980647597471,1.6258801725332537,RAC1
KEGG_2021_Human,Melanogenesis,1/101,0.4220410074490178,0.5006769957459891,0,0,1.8497196261682245,1.595665806622413,CALM1
KEGG_2021_Human,Amoebiasis,1/102,0.4251778207952197,0.5006769957459891,0,0,1.8313130378458409,1.5662264388401703,ITGB2
KEGG_2021_Human,T cell receptor signaling pathway,1/104,0.4314009334415126,0.5006769957459891,0,0,1.7955720896470375,1.509568665107465,CD247
KEGG_2021_Human,NF-kappa B signaling pathway,1/104,0.4314009334415126,0.5006769957459891,0,0,1.7955720896470375,1.509568665107465,CCL4
KEGG_2021_Human,Glucagon signaling pathway,1/107,0.4406106579835205,0.5038569192959851,0,0,1.7444895080232763,1.429772532343384,CALM1
KEGG_2021_Human,Drug metabolism,1/108,0.4436476018958359,0.5038569192959851,0,0,1.7280985238885491,1.404468390881233,GSTP1
KEGG_2021_Human,Insulin resistance,1/108,0.4436476018958359,0.5038569192959851,0,0,1.7280985238885491,1.404468390881233,PPP1CA
KEGG_2021_Human,Oxidative phosphorylation,1/133,0.5144816679482259,0.580160178750127,0,0,1.3990370999716797,0.929793558327736,NDUFB2
KEGG_2021_Human,Systemic lupus erythematosus,1/135,0.5197461406106328,0.5819692701203565,0,0,1.3780164597572884,0.9017943352398484,FCGR3A
KEGG_2021_Human,Apelin signaling pathway,1/137,0.52495405329796,0.58369017114948,0,0,1.3576140736668498,0.8749069741445356,CALM1
KEGG_2021_Human,Measles,1/139,0.5301060080546778,0.5853253838937068,0,0,1.3378030610862792,0.8490745420950824,IL2RB
KEGG_2021_Human,Human papillomavirus infection,2/331,0.5359989186193416,0.5877505383481055,0,0,1.121924643000516,0.6996581635668861,HLA-B;ISG15
KEGG_2021_Human,Neuroactive ligand-receptor interaction,2/341,0.5521374311844726,0.5936857494676824,0,0,1.088272944843324,0.6463887418949689,GZMA;S1PR5
KEGG_2021_Human,Phospholipase D signaling pathway,1/148,0.5526131504479056,0.5936857494676824,0,0,1.2553245597304343,0.7445293174812077,FCER1G
KEGG_2021_Human,Retrograde endocannabinoid signaling,1/148,0.5526131504479056,0.5936857494676824,0,0,1.2553245597304343,0.7445293174812077,NDUFB2
KEGG_2021_Human,Cushing syndrome,1/155,0.569377341250394,0.6068801953043851,0,0,1.1978395436339362,0.6746374840803024,RAP1B
KEGG_2021_Human,PI3K-Akt signaling pathway,2/354,0.5725284861362123,0.6068801953043851,0,0,1.0473842195540308,0.5841186248278549,IL2RB;RAC1
KEGG_2021_Human,JAK-STAT signaling pathway,1/162,0.5855189525065707,0.616539824162548,0,0,1.1453532245893074,0.6130580178947658,IL2RB
KEGG_2021_Human,Alzheimer disease,2/369,0.5952205025425809,0.6226319730544102,0,0,1.0038044316487584,0.5207971775516694,NDUFB2;CALM1
KEGG_2021_Human,NOD-like receptor signaling pathway,1/181,0.6263722661414719,0.6509358844215297,0,0,1.0234683281412251,0.4787891384997717,CYBA
KEGG_2021_Human,RNA transport,1/186,0.6364429687380203,0.6571067014892548,0,0,0.9955544329376104,0.4498516903473498,EIF3G
KEGG_2021_Human,Coronavirus disease,1/232,0.717343350971881,0.7358554374485747,0,0,0.7954444309584496,0.2642471819456968,ISG15
KEGG_2021_Human,Chemical carcinogenesis,1/239,0.7279791302449767,0.7387583588651648,0,0,0.7717741302128328,0.2450250878027363,GSTP1
KEGG_2021_Human,Calcium signaling pathway,1/240,0.7294658008920181,0.7387583588651648,0,0,0.7685058460094631,0.2424196299802849,CALM1
KEGG_2021_Human,Huntington disease,1/306,0.8116908634565949,0.8168281474025227,0,0,0.6001838516929676,0.1252197908332283,NDUFB2
KEGG_2021_Human,Olfactory transduction,1/440,0.9100976939633748,0.9100976939633748,0,0,0.4141315223639112,0.0390125681456758,CALM1
